dataset_size,model,operating_point,validation_review_volume,validation_f1,accuracy,balanced_accuracy,precision,recall,f1,roc_auc,pr_auc,average_precision,mcc,false_positive_rate,false_negative_rate,true_positive,false_positive,true_negative,false_negative,brier_score,expected_business_cost,cost_per_transaction,threshold,review_volume,selection_scope
100000,FullHybrid,minimum_simulated_cost,0.7373333333333333,0.1192389006342494,0.2322,0.5715557073214816,0.05499300238742076,0.9461756373937678,0.10394460437252004,0.7642597321881921,0.2234922085285506,0.2234922085285506,0.07722681296721655,0.8030642227508046,0.053824362606232294,668,11479,2815,38,0.04040172050471395,267580,17.838666666666665,0.0154938170702711,0.8098,threshold validation block only; test review rate may shift
100000,FullHybrid,maximum_validation_f1,0.0626666666666666,0.3284457478005865,0.9056666666666666,0.6872685938472967,0.2352501867064974,0.4461756373937677,0.3080684596577017,0.7642597321881921,0.2234922085285506,0.2234922085285506,0.27819072760117536,0.07163844969917448,0.5538243626062322,315,1024,13270,391,0.04040172050471395,411480,27.432,0.1072467596001125,0.08926666666666666,threshold validation block only; test review rate may shift
100000,FullHybrid,validation_review_budget_5pct,0.05,0.297029702970297,0.9204666666666667,0.674837022289112,0.2696310312204352,0.40368271954674223,0.3233125354509359,0.7642597321881921,0.2234922085285506,0.2234922085285506,0.28935236007325,0.05400867496851826,0.5963172804532578,285,772,13522,421,0.04040172050471395,436440,29.096,0.1329856303996812,0.07046666666666666,threshold validation block only; test review rate may shift
100000,HistGradientBoosting,minimum_simulated_cost,0.925,0.1031420765027322,0.0934,0.5148856014786212,0.04846956643552567,0.9801699716713881,0.09237135420142828,0.7600159895928916,0.23267617547075012,0.23267617547075012,0.02943662358418024,0.9503987687141457,0.019830028328611898,692,13585,709,14,0.04039427575478269,285700,19.046666666666667,0.0113626132029289,0.9518,threshold validation block only; test review rate may shift
100000,HistGradientBoosting,maximum_validation_f1,0.0466666666666666,0.3344709897610921,0.9212,0.6651232653333021,0.265748031496063,0.38243626062322944,0.313588850174216,0.7600159895928916,0.23267617547075012,0.23267617547075012,0.2783267457097387,0.05218972995662516,0.6175637393767706,270,746,13548,436,0.04039427575478269,450920,30.061333333333334,0.115,0.06773333333333334,threshold validation block only; test review rate may shift
100000,HistGradientBoosting,validation_review_budget_5pct,0.0466666666666666,0.3344709897610921,0.9212,0.6651232653333021,0.265748031496063,0.38243626062322944,0.313588850174216,0.7600159895928916,0.23267617547075012,0.23267617547075012,0.2783267457097387,0.05218972995662516,0.6175637393767706,270,746,13548,436,0.04039427575478269,450920,30.061333333333334,0.115,0.06773333333333334,threshold validation block only; test review rate may shift
100000,Hybrid_AddAnomaly,minimum_simulated_cost,0.75,0.1181856013316687,0.22133333333333333,0.5665272498891153,0.05433723196881091,0.9475920679886686,0.10278076509448456,0.7653041689078124,0.22953353420918352,0.22953353420918352,0.07347335482552757,0.814537568210438,0.05240793201133145,669,11643,2651,37,0.04036328897081156,269860,17.990666666666666,0.0153279129368661,0.8208,threshold validation block only; test review rate may shift
100000,Hybrid_AddAnomaly,maximum_validation_f1,0.0626666666666666,0.3343108504398827,0.9072,0.6880731272179417,0.2393617021276596,0.4461756373937677,0.3115727002967359,0.7653041689078124,0.22953353420918352,0.22953353420918352,0.28157980484633016,0.07002938295788443,0.5538243626062322,315,1001,13293,391,0.04036328897081156,411020,27.401333333333334,0.1083512074061189,0.08773333333333333,threshold validation block only; test review rate may shift
100000,Hybrid_AddAnomaly,validation_review_budget_5pct,0.0493333333333333,0.318936877076412,0.9214666666666667,0.6753617179656196,0.27351247600767753,0.40368271954674223,0.32608695652173914,0.7653041689078124,0.22953353420918352,0.22953353420918352,0.2921450754896841,0.052959283615503006,0.5963172804532578,285,757,13537,421,0.04036328897081156,436140,29.076,0.135,0.06946666666666666,threshold validation block only; test review rate may shift
100000,Hybrid_AddDeviceRecipient,minimum_simulated_cost,0.75,0.1181856013316687,0.2218,0.5660988722858022,0.05429570023571487,0.9461756373937678,0.10269813206241833,0.7651652409874228,0.23033027383567123,0.23033027383567123,0.07290499758037579,0.8139778928221632,0.053824362606232294,668,11635,2659,38,0.04036484343992998,270700,18.046666666666667,0.0153706906728375,0.8202,threshold validation block only; test review rate may shift
100000,Hybrid_AddDeviceRecipient,maximum_validation_f1,0.0666666666666666,0.3286118980169971,0.9045333333333333,0.6880204099186211,0.23308823529411765,0.4490084985835694,0.3068731848983543,0.7651652409874228,0.23033027383567123,0.23033027383567123,0.27735601633196755,0.07296767874632713,0.5509915014164306,317,1043,13251,389,0.04036484343992998,409860,27.324,0.105,0.09066666666666667,threshold validation block only; test review rate may shift
100000,Hybrid_AddDeviceRecipient,validation_review_budget_5pct,0.0496666666666666,0.3178807947019867,0.9212,0.6745485635328676,0.2720306513409962,0.40226628895184136,0.32457142857142857,0.7651652409874228,0.23033027383567123,0.23033027383567123,0.2905325423258669,0.053169161886106056,0.5977337110481586,284,760,13534,422,0.04036484343992998,437200,29.14666666666667,0.135,0.0696,threshold validation block only; test review rate may shift
100000,Hybrid_RulesSupervised,minimum_simulated_cost,0.7123333333333334,0.1222707423580786,0.2514,0.5755707440392788,0.05565408326999409,0.93342776203966,0.10504503068462581,0.7655968886487764,0.23031344209926805,0.23031344209926805,0.07850438752860443,0.7822862739611025,0.06657223796033994,659,11182,3112,47,0.04036210789857596,270640,18.042666666666666,0.0162130655296537,0.7894,threshold validation block only; test review rate may shift
100000,Hybrid_RulesSupervised,maximum_validation_f1,0.0583333333333333,0.3353658536585365,0.9109333333333334,0.683299635220071,0.24596774193548387,0.43201133144475923,0.31346351490236385,0.7655968886487764,0.23031344209926805,0.23031344209926805,0.28193615734855065,0.06541206100461733,0.5679886685552408,305,935,13359,401,0.04036210789857596,419700,27.98,0.115,0.08266666666666667,threshold validation block only; test review rate may shift
100000,Hybrid_RulesSupervised,validation_review_budget_5pct,0.05,0.3168316831683168,0.9178,0.6741110694041083,0.2602365787079163,0.40509915014164305,0.31689750692520774,0.7655968886487764,0.23031344209926805,0.23031344209926805,0.28301779965803436,0.05687701133342661,0.5949008498583569,286,813,13481,420,0.04036210789857596,436260,29.084,0.1287623028734562,0.07326666666666666,threshold validation block only; test review rate may shift
100000,Hybrid_WithoutAnomaly,minimum_simulated_cost,0.75,0.1181856013316687,0.22166666666666668,0.568721855205001,0.054576463899943146,0.9518413597733711,0.10323373530993164,0.7645765314474546,0.22336521333496034,0.22336521333496034,0.07590813778776137,0.8143976493633692,0.04815864022662889,672,11641,2653,34,0.04040127317069967,266820,17.788,0.0153036769520216,0.8208666666666666,threshold validation block only; test review rate may shift
100000,Hybrid_WithoutAnomaly,maximum_validation_f1,0.0626666666666666,0.3284457478005865,0.9064666666666666,0.6849954080457697,0.2357846853677028,0.4405099150141643,0.3071604938271605,0.7645765314474546,0.22336521333496034,0.22336521333496034,0.2766870699675046,0.07051909892262488,0.5594900849858357,311,1008,13286,395,0.04040127317069967,415160,27.677333333333333,0.1084936551051808,0.08793333333333334,threshold validation block only; test review rate may shift
100000,Hybrid_WithoutAnomaly,validation_review_budget_5pct,0.0496666666666666,0.2980132450331126,0.9213333333333333,0.6732720517850355,0.27167630057803466,0.39943342776203966,0.32339449541284404,0.7645765314474546,0.22336521333496034,0.22336521333496034,0.28917800653562875,0.05288932419196866,0.6005665722379604,282,756,13538,424,0.04040127317069967,439120,29.27466666666667,0.135,0.0692,threshold validation block only; test review rate may shift
100000,Hybrid_WithoutGraph,minimum_simulated_cost,0.6623333333333333,0.1280373831775701,0.2890666666666667,0.5906216320879498,0.05789380216657787,0.9235127478753541,0.1089572192513369,0.7652577935392373,0.22258724993023912,0.22258724993023912,0.08873883127061998,0.7422694836994543,0.0764872521246459,652,10610,3684,54,0.040384162654555175,266200,17.746666666666666,0.0174431244298186,0.7508,threshold validation block only; test review rate may shift
100000,Hybrid_WithoutGraph,maximum_validation_f1,0.0653333333333333,0.332378223495702,0.9052,0.6897166782076594,0.23559822747415066,0.4518413597733711,0.30970873786407765,0.7652577935392373,0.22258724993023912,0.22258724993023912,0.28041596209762726,0.07240800335805234,0.5481586402266289,319,1035,13259,387,0.040384162654555175,407700,27.18,0.105,0.09026666666666666,threshold validation block only; test review rate may shift
100000,Hybrid_WithoutGraph,validation_review_budget_5pct,0.05,0.3102310231023102,0.9202666666666667,0.6747320831538105,0.2688679245283019,0.40368271954674223,0.32276330690826727,0.7652577935392373,0.22258724993023912,0.22258724993023912,0.2888002535311696,0.05421855323912131,0.5963172804532578,285,775,13519,421,0.040384162654555175,436500,29.1,0.1324270646106285,0.07066666666666667,threshold validation block only; test review rate may shift
100000,Hybrid_WithoutSequence,minimum_simulated_cost,0.825,0.1118721461187214,0.16053333333333333,0.5447242865427004,0.05160706201901313,0.9688385269121813,0.09799426934097422,0.7641335872219609,0.23002052943969162,0.23002052943969162,0.05906865112415339,0.8793899538267804,0.031161473087818695,684,12570,1724,22,0.040389423829565584,273400,18.226666666666667,0.0133728773866664,0.8836,threshold validation block only; test review rate may shift
100000,Hybrid_WithoutSequence,maximum_validation_f1,0.0626666666666666,0.3284457478005865,0.9056666666666666,0.6872685938472967,0.2352501867064974,0.4461756373937677,0.3080684596577017,0.7641335872219609,0.23002052943969162,0.23002052943969162,0.27819072760117536,0.07163844969917448,0.5538243626062322,315,1024,13270,391,0.040389423829565584,411480,27.432,0.1080761383194637,0.08926666666666666,threshold validation block only; test review rate may shift
100000,Hybrid_WithoutSequence,validation_review_budget_5pct,0.049,0.3066666666666667,0.921,0.6737703888118829,0.2708133971291866,0.40084985835694054,0.32324386065105654,0.7641335872219609,0.23002052943969162,0.23002052943969162,0.289109220190689,0.05330908073317476,0.5991501416430595,283,762,13532,423,0.040389423829565584,438240,29.216,0.135,0.06966666666666667,threshold validation block only; test review rate may shift
100000,IsolationForest,minimum_simulated_cost,0.9996666666666668,0.0970812182741116,0.04713333333333333,0.5000349797117671,0.04706980465364358,1.0,0.08990767271569564,0.5650433371873775,0.0634161188397381,0.0634161188397381,0.0018146560003051194,0.9999300405764656,0.0,706,14293,1,0,0.04478438420807799,285860,19.057333333333332,0.005,0.9999333333333333,threshold validation block only; test review rate may shift
100000,IsolationForest,maximum_validation_f1,0.15,0.1492537313432835,0.8171333333333334,0.5384837275966342,0.06898011002962336,0.23087818696883852,0.10622352557836429,0.5650433371873775,0.0634161188397381,0.0634161188397381,0.04474376376683026,0.15391073177557016,0.7691218130311614,163,2200,12094,543,0.04478438420807799,587000,39.13333333333333,0.0587416875026519,0.15753333333333333,threshold validation block only; test review rate may shift
100000,IsolationForest,validation_review_budget_5pct,0.05,0.1254125412541254,0.9148,0.5284645670383699,0.1005586592178771,0.10198300283286119,0.10126582278481013,0.5650433371873775,0.0634161188397381,0.0634161188397381,0.05654997086368281,0.04505386875612145,0.8980169971671388,72,644,13650,634,0.04478438420807799,646880,43.12533333333333,0.0786074799474362,0.047733333333333336,threshold validation block only; test review rate may shift
100000,LightGBM,minimum_simulated_cost,0.725,0.1211340206185567,0.2386,0.5728940528940807,0.05520963055209631,0.9419263456090652,0.10430554466316368,0.7657667334815496,0.23170946923901536,0.23170946923901536,0.0776281413321956,0.7961382398209039,0.05807365439093484,665,11380,2914,41,0.04022663286781751,268600,17.906666666666666,0.0195355751050681,0.803,threshold validation block only; test review rate may shift
100000,LightGBM,maximum_validation_f1,0.0543333333333333,0.3291139240506329,0.9143333333333333,0.677678009077681,0.2519280205655527,0.4164305949008499,0.3139348638547784,0.7657667334815496,0.23170946923901536,0.23170946923901536,0.280963107601012,0.061074576745487615,0.5835694050991501,294,873,13421,412,0.04022663286781751,429460,28.630666666666666,0.105,0.0778,threshold validation block only; test review rate may shift
100000,LightGBM,validation_review_budget_5pct,0.05,0.3168316831683168,0.9188,0.6753090006662992,0.26427255985267034,0.4065155807365439,0.3203125,0.7657667334815496,0.23170946923901536,0.23170946923901536,0.28653160800001265,0.05589757940394571,0.5934844192634561,287,799,13495,419,0.04022663286781751,434980,28.998666666666665,0.1114178937796993,0.0724,threshold validation block only; test review rate may shift
100000,LogisticRegression,minimum_simulated_cost,0.5623333333333334,0.1423913043478261,0.4182666666666667,0.6308096544797219,0.06611123133520883,0.8654390934844193,0.12283876156011259,0.7531692312509736,0.20492318316838484,0.20492318316838484,0.11392793384026184,0.6038197845249755,0.13456090651558072,611,8631,5663,95,0.041321081155530924,267620,17.841333333333335,0.0265772506827488,0.6161333333333333,threshold validation block only; test review rate may shift
100000,LogisticRegression,maximum_validation_f1,0.0393333333333333,0.3173431734317343,0.9259333333333334,0.6379844590987086,0.2637106184364061,0.32011331444759206,0.2891874600127959,0.7531692312509736,0.20492318316838484,0.20492318316838484,0.25181304744719163,0.0441443962501749,0.6798866855524079,226,631,13663,480,0.041321081155530924,492620,32.84133333333333,0.105,0.057133333333333335,threshold validation block only; test review rate may shift
100000,LogisticRegression,validation_review_budget_5pct,0.05,0.297029702970297,0.9167333333333333,0.6499881485169197,0.24019138755980862,0.3555240793201133,0.2866933181039406,0.7531692312509736,0.20492318316838484,0.20492318316838484,0.24954169091786382,0.05554778228627396,0.6444759206798867,251,794,13500,455,0.041321081155530924,470880,31.392,0.0930601775646209,0.06966666666666667,threshold validation block only; test review rate may shift
100000,RandomForest,minimum_simulated_cost,0.925,0.1024590163934426,0.1096,0.5260786137807777,0.04956558894744338,0.9858356940509915,0.09438567941415785,0.7528451486806208,0.21079386476206166,0.21079386476206166,0.04517482707099432,0.9336784664894361,0.014164305949008499,696,13346,948,10,0.0410452990492153,276920,18.461333333333332,0.016468738692556,0.9361333333333334,threshold validation block only; test review rate may shift
100000,RandomForest,maximum_validation_f1,0.038,0.299625468164794,0.9364666666666667,0.6313930130156238,0.3137254901960784,0.29461756373937675,0.30387143900657415,0.7528451486806208,0.21079386476206166,0.21079386476206166,0.2707669169448982,0.031831537708129284,0.7053824362606232,208,455,13839,498,0.0410452990492153,507100,33.806666666666665,0.135,0.0442,threshold validation block only; test review rate may shift
100000,RandomForest,validation_review_budget_5pct,0.05,0.2838283828382838,0.9268,0.6478644935512474,0.27522935779816515,0.33994334277620397,0.3041825095057034,0.7528451486806208,0.21079386476206166,0.21079386476206166,0.26765450009845093,0.04421435567370925,0.660056657223796,240,632,13662,466,0.0410452990492153,478640,31.909333333333333,0.1134795005914442,0.058133333333333335,threshold validation block only; test review rate may shift
100000,RulesOnly,minimum_simulated_cost,1.0,0.0970504281636536,0.047066666666666666,0.5,0.047066666666666666,1.0,0.08990194830001273,0.6011831268176073,0.08502910504154823,0.08502910504154823,0.0,1.0,0.0,706,14294,0,0,0.0440978719353482,285880,19.058666666666667,0.005,1.0,threshold validation block only; test review rate may shift
100000,RulesOnly,maximum_validation_f1,0.0686666666666666,0.1782729805013927,0.8943333333333333,0.5803367049943894,0.13647642679900746,0.23371104815864022,0.17232375979112272,0.6011831268176073,0.08502910504154823,0.08502910504154823,0.12500063539861112,0.07303763816986147,0.7662889518413598,165,1044,13250,541,0.0440978719353482,561880,37.458666666666666,0.055,0.0806,threshold validation block only; test review rate may shift
100000,RulesOnly,validation_review_budget_5pct,0.046,0.1718213058419244,0.9173333333333333,0.5641288109553683,0.1576923076923077,0.17422096317280453,0.1655450874831763,0.6011831268176073,0.08502910504154823,0.08502910504154823,0.12233911177688905,0.045963341262068004,0.8257790368271954,123,657,13637,583,0.0440978719353482,596140,39.742666666666665,0.085,0.052,threshold validation block only; test review rate may shift
100000,WithoutGraphFeatures,minimum_simulated_cost,0.9373333333333334,0.1011804384485666,0.07773333333333333,0.5127244894844842,0.04824501032346869,0.9929178470254958,0.09201890259910737,0.7607905969778322,0.22579569140344638,0.22579569140344638,0.030936264064376134,0.9674688680565272,0.007082152974504249,701,13829,465,5,0.040251607016906506,281580,18.772,0.0114416700352659,0.9686666666666667,threshold validation block only; test review rate may shift
100000,WithoutGraphFeatures,maximum_validation_f1,0.056,0.3302180685358255,0.9168,0.6850313786842158,0.26393728222996515,0.42917847025495753,0.3268608414239482,0.7607905969778322,0.22579569140344638,0.22579569140344638,0.2947999696017349,0.05911571288652581,0.5708215297450425,303,845,13449,403,0.040251607016906506,419900,27.993333333333332,0.105,0.07653333333333333,threshold validation block only; test review rate may shift
100000,WithoutGraphFeatures,validation_review_budget_5pct,0.05,0.33003300330033,0.9222666666666667,0.6744350033354591,0.27582846003898637,0.40084985835694054,0.32678983833718245,0.7607905969778322,0.22579569140344638,0.22579569140344638,0.2926906324654614,0.05197985168602211,0.5991501416430595,283,743,13551,423,0.040251607016906506,437860,29.190666666666665,0.1171170031399035,0.0684,threshold validation block only; test review rate may shift
100000,WithoutSequenceFeatures,minimum_simulated_cost,0.7,0.1225033288948069,0.2770666666666667,0.5823055772128086,0.05675061210213361,0.9192634560906515,0.10690166364684565,0.7619195597431676,0.2307250133572162,0.2307250133572162,0.08190918015891221,0.7546523016650343,0.08073654390934844,649,10787,3507,57,0.040328032560510825,272740,18.182666666666666,0.020347088753703,0.7624,threshold validation block only; test review rate may shift
100000,WithoutSequenceFeatures,maximum_validation_f1,0.0406666666666666,0.3272727272727272,0.9336666666666666,0.6521406394489496,0.3125810635538262,0.3413597733711048,0.3263371699390657,0.7619195597431676,0.2307250133572162,0.2307250133572162,0.2918368262123572,0.03707849447320554,0.6586402266288952,241,530,13764,465,0.040328032560510825,475600,31.706666666666667,0.145,0.0514,threshold validation block only; test review rate may shift
100000,WithoutSequenceFeatures,validation_review_budget_5pct,0.05,0.3234323432343234,0.9243333333333333,0.6694602541290924,0.2804503582395087,0.3881019830028329,0.3256090314913844,0.7619195597431676,0.2307250133572162,0.2307250133572162,0.2908769712953886,0.0491814747446481,0.6118980169971672,274,703,13591,432,0.040328032560510825,446060,29.737333333333332,0.1164392429280185,0.06513333333333333,threshold validation block only; test review rate may shift
100000,XGBoost,minimum_simulated_cost,0.8373333333333334,0.1095684803001876,0.151,0.5457813080311437,0.05165859112933284,0.9815864022662889,0.09815168897386871,0.7631768475134281,0.22971177288899677,0.22971177288899677,0.06307938640750199,0.8900237862040017,0.018413597733711047,693,12722,1572,13,0.04042601576929995,267440,17.829333333333334,0.0172937936848029,0.8943333333333333,threshold validation block only; test review rate may shift
100000,XGBoost,maximum_validation_f1,0.0523333333333333,0.3225806451612903,0.9178,0.6794969540895742,0.26367713004484306,0.4164305949008499,0.3228995057660626,0.7631768475134281,0.22971177288899677,0.22971177288899677,0.2898384127582487,0.057436686721701415,0.5835694050991501,294,821,13473,412,0.04042601576929995,428420,28.561333333333334,0.095,0.07433333333333333,threshold validation block only; test review rate may shift
100000,XGBoost,validation_review_budget_5pct,0.05,0.3168316831683168,0.9218,0.674190145353089,0.2739593417231365,0.40084985835694054,0.32547441058079357,0.7631768475134281,0.22971177288899677,0.22971177288899677,0.29136077879028016,0.05246956765076256,0.5991501416430595,283,750,13544,423,0.04042601576929995,438000,29.2,0.100595460832119,0.06886666666666667,threshold validation block only; test review rate may shift
200000,FullHybrid,minimum_simulated_cost,0.4,0.1410159211523881,0.6264666666666666,0.6901974694893791,0.09275507646026573,0.7607950651130911,0.16535081185758976,0.7709093220606197,0.22980159968097205,0.22980159968097205,0.16709764609723227,0.38040012613433305,0.23920493488690883,1110,10857,17684,349,0.04140318904150078,566140,18.871333333333332,0.0259768437029027,0.3989,threshold validation block only; test review rate may shift
200000,FullHybrid,maximum_validation_f1,0.036,0.2819383259911894,0.9405333333333333,0.6289317108326948,0.3590633130962706,0.2837559972583962,0.3169984686064318,0.7709093220606197,0.22980159968097205,0.22980159968097205,0.28852735797070983,0.02589257559300655,0.7162440027416038,414,739,27802,1045,0.04140318904150078,1059780,35.326,0.245,0.03843333333333333,threshold validation block only; test review rate may shift
200000,FullHybrid,validation_review_budget_5pct,0.05,0.275092936802974,0.9337333333333333,0.6523479959892721,0.3263296126066973,0.3406442769019877,0.3333333333333333,0.7709093220606197,0.22980159968097205,0.22980159968097205,0.2985601985716978,0.035948284923443465,0.6593557230980124,497,1026,27515,962,0.04140318904150078,982520,32.75066666666667,0.2048729855926823,0.05076666666666667,threshold validation block only; test review rate may shift
200000,HistGradientBoosting,minimum_simulated_cost,0.4385,0.1331474381317532,0.583,0.6712553221476966,0.08439262880782249,0.7690198766278272,0.15209434729564864,0.7584231181533898,0.21101021153210672,0.21101021153210672,0.14830947605244224,0.42650923233243404,0.23098012337217272,1122,12173,16368,337,0.04165847979233236,580460,19.348666666666666,0.0394736842105263,0.44316666666666665,threshold validation block only; test review rate may shift
200000,HistGradientBoosting,maximum_validation_f1,0.0748333333333333,0.2707423580786026,0.9118,0.6811432654186579,0.2556607657472211,0.42563399588759426,0.3194444444444444,0.7584231181533898,0.21101021153210672,0.21101021153210672,0.2856764301669774,0.06334746505027855,0.5743660041124058,621,1808,26733,838,0.04165847979233236,874160,29.138666666666666,0.135,0.08096666666666667,threshold validation block only; test review rate may shift
200000,HistGradientBoosting,validation_review_budget_5pct,0.0476666666666666,0.2442748091603053,0.934,0.6463096906224319,0.32362897765741366,0.3276216586703221,0.32561307901907355,0.7584231181533898,0.21101021153210672,0.21101021153210672,0.29092261172672,0.03500227742545811,0.6723783413296779,478,999,27542,981,0.04165847979233236,1000980,33.366,0.315,0.04923333333333333,threshold validation block only; test review rate may shift
200000,Hybrid_AddAnomaly,minimum_simulated_cost,0.4375,0.1327279077890324,0.5909666666666666,0.6816207358849512,0.08713914770123721,0.7820424948594928,0.1568061568061568,0.770588799072383,0.23482418727356624,0.23482418727356624,0.15754370866412776,0.41880102308959044,0.21795750514050719,1141,11953,16588,318,0.04128770516425871,557060,18.568666666666665,0.023865898914691,0.43646666666666667,threshold validation block only; test review rate may shift
200000,Hybrid_AddAnomaly,maximum_validation_f1,0.0385,0.2729211087420042,0.94,0.6341795032957529,0.35827098919368244,0.295407813570939,0.32381667918858004,0.770588799072383,0.23482418727356624,0.23482418727356624,0.294219855193224,0.027048806979433095,0.704592186429061,431,772,27769,1028,0.04128770516425871,1043440,34.781333333333336,0.245,0.0401,threshold validation block only; test review rate may shift
200000,Hybrid_AddAnomaly,validation_review_budget_5pct,0.05,0.2676579925650557,0.9330666666666667,0.6519976228418701,0.322099805573558,0.3406442769019877,0.33111259160559625,0.770588799072383,0.23482418727356624,0.23482418727356624,0.29604075988347717,0.03664903121824743,0.6593557230980124,497,1046,27495,962,0.04128770516425871,982920,32.764,0.2103452533312557,0.05143333333333333,threshold validation block only; test review rate may shift
200000,Hybrid_AddDeviceRecipient,minimum_simulated_cost,0.45,0.1300204220558203,0.5782666666666667,0.6781979456510492,0.08529084846239347,0.7888965044551063,0.15393874548615755,0.7708345165531381,0.23352685324274694,0.23352685324274694,0.15409931868571966,0.432500613153008,0.21110349554489377,1151,12344,16197,308,0.041304472154740306,554880,18.496,0.0230413098411494,0.4498333333333333,threshold validation block only; test review rate may shift
200000,Hybrid_AddDeviceRecipient,maximum_validation_f1,0.0395,0.2821052631578947,0.9396,0.6391721885658809,0.35846030473135526,0.30637422892392047,0.3303769401330377,0.7708345165531381,0.23352685324274694,0.23352685324274694,0.2999645152950607,0.02802985179215865,0.6936257710760795,447,800,27741,1012,0.041304472154740306,1028000,34.266666666666666,0.235,0.04156666666666667,threshold validation block only; test review rate may shift
200000,Hybrid_AddDeviceRecipient,validation_review_budget_5pct,0.05,0.275092936802974,0.9341333333333334,0.6502819471208393,0.3273213092852371,0.33584647018505825,0.33152909336941816,0.7708345165531381,0.23352685324274694,0.23352685324274694,0.29692233087455233,0.0352825759433797,0.6641535298149417,490,1007,27534,969,0.041304472154740306,989140,32.971333333333334,0.2092472089856846,0.0499,threshold validation block only; test review rate may shift
200000,Hybrid_RulesSupervised,minimum_simulated_cost,0.4125,0.1378547733136748,0.6134333333333334,0.6849735835697232,0.09015200517464424,0.7642220699108979,0.16127865769870542,0.7707918666072994,0.23602021995767436,0.23602021995767436,0.16165956949563612,0.3942749027714516,0.2357779300891021,1115,11253,17288,344,0.04125134146632061,569060,18.968666666666667,0.0253937094811676,0.41226666666666667,threshold validation block only; test review rate may shift
200000,Hybrid_RulesSupervised,maximum_validation_f1,0.0596666666666666,0.2751677852348993,0.9261666666666667,0.6665814428212516,0.29699248120300753,0.37902673063742287,0.333032219211081,0.7707918666072994,0.23602021995767436,0.23602021995767436,0.29701774925402125,0.04586384499491959,0.6209732693625771,553,1309,27232,906,0.04125134146632061,932180,31.072666666666667,0.185,0.062066666666666666,threshold validation block only; test review rate may shift
200000,Hybrid_RulesSupervised,validation_review_budget_5pct,0.05,0.2676579925650557,0.9332,0.6520676974713505,0.32293697205977906,0.3406442769019877,0.3315543695797198,0.7707918666072994,0.23602021995767436,0.23602021995767436,0.2965410472497912,0.03650888195928664,0.6593557230980124,497,1042,27499,962,0.04125134146632061,982840,32.76133333333333,0.2096069344064772,0.0513,threshold validation block only; test review rate may shift
200000,Hybrid_WithoutAnomaly,minimum_simulated_cost,0.3875,0.1443620756925478,0.6397666666666667,0.6919845046214794,0.09483356449375867,0.7498286497601097,0.16837245094267025,0.7710774723538416,0.23081494917053821,0.23081494917053821,0.1697727144295298,0.36585964051715075,0.25017135023989034,1094,10442,18099,365,0.04137060369362859,573840,19.128,0.02695032388704,0.38453333333333334,threshold validation block only; test review rate may shift
200000,Hybrid_WithoutAnomaly,maximum_validation_f1,0.0396666666666666,0.2815126050420168,0.9393333333333334,0.6335039483259404,0.3521703521703522,0.29472241261137766,0.3208955223880597,0.7710774723538416,0.23081494917053821,0.23081494917053821,0.2906636097820863,0.027714515959496863,0.7052775873886223,430,791,27750,1029,0.04137060369362859,1044820,34.827333333333335,0.235,0.0407,threshold validation block only; test review rate may shift
200000,Hybrid_WithoutAnomaly,validation_review_budget_5pct,0.05,0.2713754646840148,0.9340333333333334,0.6508797547935501,0.3271276595744681,0.33721727210418095,0.33209584880188997,0.7710774723538416,0.23081494917053821,0.23081494917053821,0.2974454533199496,0.03545776251708069,0.662782727895819,492,1012,27529,967,0.04137060369362859,987240,32.908,0.2056877523672654,0.050133333333333335,threshold validation block only; test review rate may shift
200000,Hybrid_WithoutGraph,minimum_simulated_cost,0.3875,0.1420210690596956,0.6373,0.6913384876209132,0.09436886516273463,0.7511994516792323,0.16767383156123308,0.770549319054951,0.23073434191763473,0.23073434191763473,0.16898962123001166,0.3685224764374058,0.24880054832076764,1096,10518,18023,363,0.04136197246680822,573360,19.112,0.0268954602877827,0.38713333333333333,threshold validation block only; test review rate may shift
200000,Hybrid_WithoutGraph,maximum_validation_f1,0.0375,0.285097192224622,0.9403666666666667,0.6327462994147712,0.3604060913705584,0.29198080877313226,0.32260507383566833,0.770549319054951,0.23073434191763473,0.23073434191763473,0.29354453583677964,0.026488209943589924,0.7080191912268677,426,756,27785,1033,0.04136197246680822,1048120,34.937333333333335,0.2439037682963282,0.0394,threshold validation block only; test review rate may shift
200000,Hybrid_WithoutGraph,validation_review_budget_5pct,0.0481666666666666,0.2808349146110057,0.9358666666666666,0.6485914627247998,0.3372988103568929,0.3303632625085675,0.3337950138504155,0.770549319054951,0.23073434191763473,0.23073434191763473,0.30012851354368775,0.0331803370589678,0.6696367374914325,482,947,27594,977,0.04136197246680822,995940,33.198,0.215,0.04763333333333333,threshold validation block only; test review rate may shift
200000,Hybrid_WithoutSequence,minimum_simulated_cost,0.4,0.1410159211523881,0.6259,0.6915255614261402,0.09296314824078707,0.7642220699108979,0.1657622835055378,0.7712041974462914,0.23248274745623856,0.23248274745623856,0.16820090698879292,0.3811709470586174,0.2357779300891021,1115,10879,17662,344,0.041346145906015395,561580,18.719333333333335,0.0259980724665112,0.3998,threshold validation block only; test review rate may shift
200000,Hybrid_WithoutSequence,maximum_validation_f1,0.0465,0.2785299806576402,0.9358333333333333,0.6459724894881452,0.3352192362093352,0.32488005483207677,0.32996867386007656,0.7712041974462914,0.23248274745623856,0.23248274745623856,0.29632060365499496,0.032935075855786415,0.6751199451679233,474,940,27601,985,0.041346145906015395,1003800,33.46,0.215,0.04713333333333333,threshold validation block only; test review rate may shift
200000,Hybrid_WithoutSequence,validation_review_budget_5pct,0.0495,0.2728971962616822,0.9341,0.6518903375755221,0.3282493368700265,0.339273474982865,0.33367037411526795,0.7712041974462914,0.23248274745623856,0.23248274745623856,0.2990613180978027,0.03549279983182089,0.660726525017135,495,1013,27528,964,0.041346145906015395,984260,32.80866666666667,0.205,0.05026666666666667,threshold validation block only; test review rate may shift
200000,IsolationForest,minimum_simulated_cost,0.9996666666666668,0.0763309813983322,0.0493,0.5000251913249913,0.04863566615518047,0.9993145990404386,0.09275694245634125,0.5982896339090508,0.07854878978735924,0.07854878978735924,0.0004003414677662065,0.9992642163904558,0.0006854009595613434,1458,28520,21,1,0.045984322518991545,571400,19.046666666666667,0.015,0.9992666666666666,threshold validation block only; test review rate may shift
200000,IsolationForest,maximum_validation_f1,0.1125,0.1248630887185104,0.8661,0.5504655484135841,0.09319338422391857,0.2008224811514736,0.12730827721051488,0.5982896339090508,0.07854878978735924,0.07854878978735924,0.0708802594735956,0.09989138432430539,0.7991775188485264,293,2851,25690,1166,0.045984322518991545,1223020,40.76733333333333,0.0774829269355473,0.1048,threshold validation block only; test review rate may shift
200000,IsolationForest,validation_review_budget_5pct,0.05,0.0892193308550185,0.9153666666666667,0.5314830325139317,0.11151079136690648,0.10623714873200822,0.10881010881010882,0.5982896339090508,0.07854878978735924,0.07854878978735924,0.06443212625227475,0.04327108370414491,0.8937628512679918,155,1235,27306,1304,0.045984322518991545,1328700,44.29,0.0891690610301024,0.04633333333333333,threshold validation block only; test review rate may shift
200000,LightGBM,minimum_simulated_cost,0.4,0.1410159211523881,0.6272,0.6912332435963424,0.09306218093564315,0.7621658670322139,0.1658711217183771,0.7710207498470449,0.2400637085912118,0.2400637085912118,0.16805026903927428,0.3796993798395291,0.23783413296778616,1112,10837,17704,347,0.04122590243056992,563740,18.791333333333334,0.0373406519062385,0.3983,threshold validation block only; test review rate may shift
200000,LightGBM,maximum_validation_f1,0.05,0.2602230483271375,0.9342666666666667,0.6526282945071937,0.3297942932979429,0.3406442769019877,0.3351314902225219,0.7710207498470449,0.2400637085912118,0.2400637085912118,0.30060871736790395,0.03538768788760029,0.6593557230980124,497,1010,27531,962,0.04122590243056992,982200,32.74,0.2051668105856975,0.05023333333333333,threshold validation block only; test review rate may shift
200000,LightGBM,validation_review_budget_5pct,0.05,0.2602230483271375,0.9342666666666667,0.6526282945071937,0.3297942932979429,0.3406442769019877,0.3351314902225219,0.7710207498470449,0.2400637085912118,0.2400637085912118,0.30060871736790395,0.03538768788760029,0.6593557230980124,497,1010,27531,962,0.04122590243056992,982200,32.74,0.2051668105856975,0.05023333333333333,threshold validation block only; test review rate may shift
200000,LogisticRegression,minimum_simulated_cost,0.8425,0.086529378424334,0.18673333333333333,0.5507926153828124,0.05411499436302142,0.95407813570939,0.10242071959384887,0.7579174665432669,0.20474737868337844,0.20474737868337844,0.06249746129123867,0.8524929049437651,0.04592186429061001,1392,24331,4210,67,0.04220061851671738,553620,18.454,0.0236762799322605,0.8574333333333334,threshold validation block only; test review rate may shift
200000,LogisticRegression,maximum_validation_f1,0.0673333333333333,0.2585669781931464,0.9184333333333333,0.6625171143113886,0.2640878701050621,0.37902673063742287,0.3112862369828314,0.7579174665432669,0.20474737868337844,0.20474737868337844,0.2743811064464854,0.053992502014645595,0.6209732693625771,553,1541,27000,906,0.04220061851671738,936820,31.227333333333334,0.205,0.0698,threshold validation block only; test review rate may shift
200000,LogisticRegression,validation_review_budget_5pct,0.0335,0.2505694760820045,0.9413,0.608848185140341,0.34960159362549803,0.24057573680603153,0.2850182704019488,0.7579174665432669,0.20474737868337844,0.20474737868337844,0.260361955511168,0.022879366525349498,0.7594242631939685,351,653,27888,1108,0.04220061851671738,1121060,37.36866666666667,0.265,0.033466666666666665,threshold validation block only; test review rate may shift
200000,RandomForest,minimum_simulated_cost,0.725,0.094158674803836,0.3055333333333333,0.5846131098777154,0.059318564345175816,0.8937628512679918,0.11125330603190854,0.7547074817682888,0.22177594651524027,0.22177594651524027,0.08225844020045636,0.7245366315125609,0.10623714873200822,1304,20679,7862,155,0.04183985322517074,568580,18.952666666666666,0.0239524966450102,0.7327666666666667,threshold validation block only; test review rate may shift
200000,RandomForest,maximum_validation_f1,0.0546666666666666,0.2508833922261483,0.9316333333333333,0.6375866840337118,0.3029294274300932,0.31185743660041126,0.3073286052009456,0.7547074817682888,0.22177594651524027,0.22177594651524027,0.27141039736108236,0.03668406853298763,0.6881425633995888,455,1047,27494,1004,0.04183985322517074,1024940,34.16466666666667,0.175,0.05006666666666667,threshold validation block only; test review rate may shift
200000,RandomForest,validation_review_budget_5pct,0.05,0.2453531598513011,0.9341333333333334,0.6336976741779001,0.3146953405017921,0.3008910212474297,0.3076384022424667,0.7547074817682888,0.22177594651524027,0.22177594651524027,0.2731542781387455,0.03349567289162959,0.6991089787525703,439,956,27585,1020,0.04183985322517074,1039120,34.63733333333333,0.1842022601210571,0.0465,threshold validation block only; test review rate may shift
200000,RulesOnly,minimum_simulated_cost,1.0,0.0763065084963129,0.048633333333333334,0.5,0.048633333333333334,1.0,0.09275565021138625,0.6162751232735928,0.08881555209706475,0.08881555209706475,0.0,1.0,0.0,1459,28541,0,0,0.0459416043639792,570820,19.027333333333335,0.005,1.0,threshold validation block only; test review rate may shift
200000,RulesOnly,maximum_validation_f1,0.0765,0.1951219512195122,0.8945666666666666,0.5712797546110391,0.13370593293207222,0.2131596984235778,0.164332892998679,0.6162751232735928,0.08881555209706475,0.08881555209706475,0.11466149680633468,0.0706001892014996,0.7868403015764222,311,2015,26526,1148,0.0459416043639792,1188300,39.61,0.0797283574938774,0.07753333333333333,threshold validation block only; test review rate may shift
200000,RulesOnly,validation_review_budget_5pct,0.0435,0.1723446893787575,0.9205666666666666,0.5459224886704478,0.14624808575803983,0.13091158327621658,0.13815551537070525,0.6162751232735928,0.08881555209706475,0.08881555209706475,0.0968167532799632,0.039066605935321116,0.8690884167237835,191,1115,27426,1268,0.0459416043639792,1290300,43.01,0.0815815776586532,0.043533333333333334,threshold validation block only; test review rate may shift
200000,WithoutGraphFeatures,minimum_simulated_cost,0.4125,0.1378547733136748,0.6144666666666667,0.6845411164809645,0.09017922309626146,0.7621658670322139,0.16127628716461204,0.770506765167549,0.23918442296658923,0.23918442296658923,0.16135418866281415,0.39308363407028485,0.23783413296778616,1112,11219,17322,347,0.04128381294470951,571380,19.046,0.0365788169232661,0.4110333333333333,threshold validation block only; test review rate may shift
200000,WithoutGraphFeatures,maximum_validation_f1,0.0625,0.267536704730832,0.9244333333333333,0.670548199974165,0.29218106995884774,0.38930774503084303,0.33382309726711723,0.770506765167549,0.23918442296658923,0.23918442296658923,0.29804261673207405,0.048211345082512874,0.6106922549691569,568,1376,27165,891,0.04128381294470951,918520,30.617333333333335,0.1746250635078801,0.0648,threshold validation block only; test review rate may shift
200000,WithoutGraphFeatures,validation_review_budget_5pct,0.05,0.2565055762081784,0.9339333333333333,0.6531034715783138,0.32807363576594345,0.3420150788211104,0.33489932885906043,0.770506765167549,0.23918442296658923,0.23918442296658923,0.3002273810909654,0.035808135664482675,0.6579849211788896,499,1022,27519,960,0.04128381294470951,980440,32.681333333333335,0.2089512767076702,0.0507,threshold validation block only; test review rate may shift
200000,WithoutSequenceFeatures,minimum_simulated_cost,0.3625,0.1500207210940737,0.6642666666666667,0.6967311722282381,0.09943261091991443,0.7326936257710761,0.1751023751023751,0.7716070425146715,0.23347950408508555,0.23347950408508555,0.1764968248574314,0.33923128131460006,0.2673063742289239,1069,9682,18859,390,0.041375384601060994,583640,19.454666666666668,0.0407189469856766,0.35836666666666667,threshold validation block only; test review rate may shift
200000,WithoutSequenceFeatures,maximum_validation_f1,0.0348333333333333,0.2729306487695749,0.9419666666666666,0.6222058311841658,0.3674812030075188,0.26799177518848527,0.3099484740388426,0.7716070425146715,0.23347950408508555,0.23347950408508555,0.28424582976113016,0.023580112820153463,0.7320082248115147,391,673,27868,1068,0.041375384601060994,1081460,36.04866666666667,0.255,0.03546666666666667,threshold validation block only; test review rate may shift
200000,WithoutSequenceFeatures,validation_review_budget_5pct,0.05,0.2602230483271375,0.9340666666666667,0.6495965461612779,0.32642140468227426,0.33447566826593556,0.33039945836154366,0.7716070425146715,0.23347950408508555,0.23347950408508555,0.2957553995315849,0.0352825759433797,0.6655243317340644,488,1007,27534,971,0.041375384601060994,991140,33.038,0.205068976531771,0.049833333333333334,threshold validation block only; test review rate may shift
200000,XGBoost,minimum_simulated_cost,0.5375,0.1149292520935605,0.48246666666666665,0.6489861428260714,0.07370143645069398,0.8334475668265936,0.1354271076957345,0.7681753068388636,0.22930122331997344,0.22930122331997344,0.1288327660196526,0.5354752811744508,0.16655243317340646,1216,15283,13258,243,0.041752599729219776,548660,18.288666666666668,0.0294581741327419,0.5499666666666667,threshold validation block only; test review rate may shift
200000,XGBoost,maximum_validation_f1,0.0545,0.2867256637168142,0.9275333333333333,0.6591701622131614,0.2981366459627329,0.3618917066483893,0.3269349845201238,0.7681753068388636,0.22930122331997344,0.22930122331997344,0.2905339347122882,0.043551382222066504,0.6381082933516107,528,1243,27298,931,0.041752599729219776,955860,31.862,0.155,0.059033333333333333,threshold validation block only; test review rate may shift
200000,XGBoost,validation_review_budget_5pct,0.0463333333333333,0.2829457364341085,0.9328,0.6469797462467508,0.31689677843524,0.3303632625085675,0.32348993288590605,0.7681753068388636,0.22930122331997344,0.22930122331997344,0.28821909675970403,0.03640377001506605,0.6696367374914325,482,1039,27502,977,0.041752599729219776,997780,33.25933333333333,0.175,0.0507,threshold validation block only; test review rate may shift
300000,FullHybrid,minimum_simulated_cost,0.6374444444444445,0.1405144694533762,0.3861777777777778,0.6242736187523821,0.06247218704001643,0.8863525983487129,0.11671783064722435,0.7756243901028279,0.2140791538619835,0.2140791538619835,0.10882666163425893,0.6378053608439487,0.11364740165128703,1825,27388,15553,234,0.039471302521602795,781760,17.372444444444444,0.0177051759134195,0.6491777777777777,threshold validation block only; test review rate may shift
300000,FullHybrid,maximum_validation_f1,0.059,0.4043392504930966,0.9305111111111111,0.6551788549700195,0.28792692613185067,0.352112676056338,0.316801398295827,0.7756243901028279,0.2140791538619835,0.2140791538619835,0.2821606510576209,0.04175496611629911,0.647887323943662,725,1793,41148,1334,0.039471302521602795,1369860,30.441333333333333,0.205,0.05595555555555556,threshold validation block only; test review rate may shift
300000,FullHybrid,validation_review_budget_5pct,0.05,0.4008574490889603,0.9358222222222222,0.6431654266486859,0.30729893072989306,0.32102962603205437,0.3140142517814727,0.7756243901028279,0.2140791538619835,0.2140791538619835,0.2804412196166878,0.03469877273468247,0.6789703739679456,661,1490,41451,1398,0.039471302521602795,1427800,31.72888888888889,0.2261499765300658,0.0478,threshold validation block only; test review rate may shift
300000,HistGradientBoosting,minimum_simulated_cost,0.6624444444444444,0.1384018619084562,0.3866222222222222,0.6235817266423556,0.062395065958540344,0.8844099077221952,0.11656638074510306,0.7725134769609846,0.2056786422277259,0.2056786422277259,0.10817678191696813,0.637246454437484,0.11559009227780476,1821,27364,15577,238,0.03962111449655321,785280,17.450666666666667,0.0204394959553172,0.6485555555555556,threshold validation block only; test review rate may shift
300000,HistGradientBoosting,maximum_validation_f1,0.0543333333333333,0.3786008230452675,0.9319555555555555,0.6439137002634119,0.286504895700298,0.32685769791160757,0.30535390199637025,0.7725134769609846,0.2056786422277259,0.2056786422277259,0.2703897774115075,0.03903029738478377,0.6731423020883924,673,1676,41265,1386,0.03962111449655321,1419520,31.544888888888888,0.165,0.0522,threshold validation block only; test review rate may shift
300000,HistGradientBoosting,validation_review_budget_5pct,0.0497777777777777,0.3780880773361976,0.9343333333333333,0.6359118980006213,0.29278445883441256,0.3074307916464303,0.2999289267945984,0.7725134769609846,0.2056786422277259,0.2056786422277259,0.26558851173113385,0.035606995645187586,0.6925692083535697,633,1529,41412,1426,0.03962111449655321,1456580,32.36844444444444,0.175,0.048044444444444445,threshold validation block only; test review rate may shift
300000,Hybrid_AddAnomaly,minimum_simulated_cost,0.625,0.1427635887360838,0.4022222222222222,0.6289814234987412,0.06356512878175621,0.878581835842642,0.11855298512353366,0.7756398964303992,0.2082444546508486,0.2082444546508486,0.1117971450085199,0.6206189888451596,0.12141816415735794,1809,26650,16291,250,0.03957362748782736,783000,17.4,0.0183772141738143,0.6324222222222222,threshold validation block only; test review rate may shift
300000,Hybrid_AddAnomaly,maximum_validation_f1,0.0625555555555555,0.4034416826003824,0.9281111111111111,0.6583139720075613,0.27927927927927926,0.36134045653229724,0.315053991107347,0.7756398964303992,0.2082444546508486,0.2082444546508486,0.2803441317146843,0.04471251251717473,0.6386595434677028,744,1920,41021,1315,0.03957362748782736,1353400,30.075555555555557,0.1997156886436273,0.0592,threshold validation block only; test review rate may shift
300000,Hybrid_AddAnomaly,validation_review_budget_5pct,0.05,0.3965702036441586,0.9357333333333333,0.6398821568869602,0.304184297132111,0.31423020883924235,0.30912565695174393,0.7756398964303992,0.2082444546508486,0.2082444546508486,0.2754741706531413,0.03446589506532219,0.6857697911607576,647,1480,41461,1412,0.03957362748782736,1441600,32.035555555555554,0.2291727354319709,0.047266666666666665,threshold validation block only; test review rate may shift
300000,Hybrid_AddDeviceRecipient,minimum_simulated_cost,0.6374444444444445,0.1405144694533762,0.38822222222222225,0.6251136635865928,0.06263951371956454,0.8858669256920836,0.11700558085829751,0.7760513965879678,0.21127134127460787,0.21127134127460787,0.10941373313931842,0.6356395985188981,0.11413307430791647,1824,27295,15646,235,0.03945500568689526,780900,17.35333333333333,0.0178885763129299,0.6470888888888889,threshold validation block only; test review rate may shift
300000,Hybrid_AddDeviceRecipient,maximum_validation_f1,0.0533333333333333,0.4091381100726895,0.9336222222222222,0.6510291875343739,0.3006872852233677,0.33997085964060225,0.31912468657396853,0.7760513965879678,0.21127134127460787,0.21127134127460787,0.2849654085057423,0.03791248457185441,0.6600291403593977,700,1628,41313,1359,0.03945500568689526,1391560,30.923555555555556,0.215,0.05173333333333333,threshold validation block only; test review rate may shift
300000,Hybrid_AddDeviceRecipient,validation_review_budget_5pct,0.05,0.405144694533762,0.9367111111111112,0.6452495291013335,0.3143529411764706,0.3244293346284604,0.3193116634799235,0.7760513965879678,0.21127134127460787,0.21127134127460787,0.28617220203226656,0.03393027642579353,0.6755706653715395,668,1457,41484,1391,0.03945500568689526,1420140,31.558666666666667,0.2283671705014903,0.04722222222222222,threshold validation block only; test review rate may shift
300000,Hybrid_RulesSupervised,minimum_simulated_cost,0.5874444444444444,0.1483535528596187,0.43795555555555554,0.6426185543286806,0.06666169284142201,0.8678970373967946,0.12381348299036929,0.7751961847331349,0.21007937050073117,0.21007937050073117,0.12144901836294497,0.5826599287394332,0.13210296260320545,1787,25020,17921,272,0.039577729455899595,772400,17.164444444444445,0.0195038549567896,0.5957111111111111,threshold validation block only; test review rate may shift
300000,Hybrid_RulesSupervised,maximum_validation_f1,0.0598888888888888,0.4031311154598825,0.9292222222222222,0.6554282795082614,0.2821207430340557,0.35405536668285575,0.31402110704286024,0.7751961847331349,0.21007937050073117,0.21007937050073117,0.2791985611187164,0.04319880766633288,0.6459446333171442,729,1855,41086,1330,0.039577729455899595,1367100,30.38,0.205,0.05742222222222222,threshold validation block only; test review rate may shift
300000,Hybrid_RulesSupervised,validation_review_budget_5pct,0.05,0.3965702036441586,0.9354222222222223,0.642031066966875,0.3040259139287367,0.3190869354055367,0.3113744075829384,0.7751961847331349,0.21007937050073117,0.21007937050073117,0.27760708756345515,0.03502480147178687,0.6809130645944633,657,1504,41437,1402,0.039577729455899595,1432080,31.824,0.229950768736262,0.04802222222222222,threshold validation block only; test review rate may shift
300000,Hybrid_WithoutAnomaly,minimum_simulated_cost,0.55,0.1553469538008466,0.47004444444444443,0.6515717789317054,0.06930223364301245,0.8513841670713939,0.12817138261314615,0.7753145123764981,0.21524340366104777,0.21524340366104777,0.12767534270228084,0.548240609207983,0.1486158329286061,1753,23542,19399,306,0.03946099325838053,776840,17.26311111111111,0.0203246065075657,0.5621111111111111,threshold validation block only; test review rate may shift
300000,Hybrid_WithoutAnomaly,maximum_validation_f1,0.0546666666666666,0.4082051282051281,0.9327111111111112,0.6498582109776452,0.2949640287769784,0.33851384167071397,0.3152419719583899,0.7753145123764981,0.21524340366104777,0.21524340366104777,0.28076929339819434,0.03879741971542349,0.661486158329286,697,1666,41275,1362,0.03946099325838053,1395320,31.00711111111111,0.215,0.05251111111111111,threshold validation block only; test review rate may shift
300000,Hybrid_WithoutAnomaly,validation_review_budget_5pct,0.05,0.3965702036441586,0.9354,0.6434065777524871,0.3049678012879485,0.32200097134531325,0.3132530120481928,0.7753145123764981,0.21524340366104777,0.21524340366104777,0.2794986996475948,0.035187815840339066,0.6779990286546868,663,1511,41430,1396,0.03946099325838053,1426220,31.69377777777778,0.2265797586313502,0.04831111111111111,threshold validation block only; test review rate may shift
300000,Hybrid_WithoutGraph,minimum_simulated_cost,0.6374444444444445,0.1405144694533762,0.38624444444444445,0.6243085504027862,0.062478603218076,0.8863525983487129,0.11672902875051969,0.7756277718620868,0.2140348612435554,0.2140348612435554,0.1088524991595288,0.6377354975431406,0.11364740165128703,1825,27385,15556,234,0.03947199988298078,781700,17.371111111111112,0.0177033390438758,0.6491111111111111,threshold validation block only; test review rate may shift
300000,Hybrid_WithoutGraph,maximum_validation_f1,0.059,0.4043392504930966,0.9305111111111111,0.6551788549700195,0.28792692613185067,0.352112676056338,0.316801398295827,0.7756277718620868,0.2140348612435554,0.2140348612435554,0.2821606510576209,0.04175496611629911,0.647887323943662,725,1793,41148,1334,0.03947199988298078,1369860,30.441333333333333,0.205,0.05595555555555556,threshold validation block only; test review rate may shift
300000,Hybrid_WithoutGraph,validation_review_budget_5pct,0.05,0.4008574490889603,0.9358444444444445,0.643177070532154,0.3074418604651163,0.32102962603205437,0.31408885721073887,0.7756277718620868,0.2140348612435554,0.2140348612435554,0.2805259715742162,0.034675484967746445,0.6789703739679456,661,1489,41452,1398,0.03947199988298078,1427780,31.728444444444445,0.2263426184919463,0.04777777777777778,threshold validation block only; test review rate may shift
300000,Hybrid_WithoutSequence,minimum_simulated_cost,0.6374444444444445,0.1405144694533762,0.38808888888888887,0.6250438002857847,0.06262660944206008,0.8858669256920836,0.11698306824012314,0.7760544729709724,0.2113347934651815,0.2113347934651815,0.10936203327186383,0.6357793251205142,0.11413307430791647,1824,27301,15640,235,0.03945347199346857,781020,17.356,0.0179016968952721,0.6472222222222223,threshold validation block only; test review rate may shift
300000,Hybrid_WithoutSequence,maximum_validation_f1,0.0532222222222222,0.4095634095634096,0.9336666666666666,0.6510524753013099,0.3009458297506449,0.33997085964060225,0.31927023945267957,0.7760544729709724,0.2113347934651815,0.2113347934651815,0.2851251723378892,0.03786590903798235,0.6600291403593977,700,1626,41315,1359,0.03945347199346857,1391520,30.922666666666668,0.215,0.05168888888888889,threshold validation block only; test review rate may shift
300000,Hybrid_WithoutSequence,validation_review_budget_5pct,0.05,0.405144694533762,0.9367777777777778,0.6450532683068908,0.314622641509434,0.323943661971831,0.3192151232352237,0.7760544729709724,0.2113347934651815,0.2113347934651815,0.2861056575802068,0.03383712535804942,0.676056338028169,667,1453,41488,1392,0.03945347199346857,1421060,31.57911111111111,0.2285484467524654,0.04711111111111111,threshold validation block only; test review rate may shift
300000,IsolationForest,minimum_simulated_cost,0.9874444444444443,0.1026680896478121,0.058222222222222224,0.501908369728622,0.04592445775805761,0.9902865468674114,0.08777820827414008,0.5840317128037218,0.06813470759908677,0.06813470759908677,0.006947570055069057,0.9864698074101674,0.009713453132588635,2039,42360,581,20,0.0434332375745157,867200,19.27111111111111,0.0182757183907375,0.9866444444444444,threshold validation block only; test review rate may shift
300000,IsolationForest,maximum_validation_f1,0.1375555555555555,0.1406159209761766,0.8392222222222222,0.5428430895711872,0.07350032959789057,0.21661000485672657,0.10975759812969116,0.5840317128037218,0.06813470759908677,0.06813470759908677,0.05242022544462691,0.13092382571435224,0.7833899951432735,446,5622,37319,1613,0.0434332375745157,1725440,38.343111111111114,0.0646123797454056,0.13484444444444443,threshold validation block only; test review rate may shift
300000,IsolationForest,validation_review_budget_5pct,0.05,0.1221864951768488,0.9149333333333334,0.5307266929010506,0.10031631269769543,0.10781932977173385,0.10393258426966293,0.5840317128037218,0.06813470759908677,0.06813470759908677,0.05938317859632359,0.04636594396963275,0.8921806702282662,222,1991,40950,1837,0.0434332375745157,1876820,41.70711111111111,0.0801463922629846,0.04917777777777778,threshold validation block only; test review rate may shift
300000,LightGBM,minimum_simulated_cost,0.65,0.1389546818253592,0.3771111111111111,0.6232219934149795,0.062084780629278656,0.8941233608547838,0.11610746720484359,0.77503356622269,0.20978647963671349,0.20978647963671349,0.10862665615379427,0.6476793740248248,0.10587663914521613,1841,27812,15129,218,0.039525884546955804,774240,17.205333333333332,0.0196565411367202,0.6589555555555555,threshold validation block only; test review rate may shift
300000,LightGBM,maximum_validation_f1,0.052,0.4016824395373291,0.9347777777777778,0.6442365112396162,0.30198915009041594,0.3244293346284604,0.3128073050807773,0.77503356622269,0.20978647963671349,0.20978647963671349,0.2788148495066661,0.03595631214922801,0.6755706653715395,668,1544,41397,1391,0.039525884546955804,1421880,31.597333333333335,0.175,0.049155555555555557,threshold validation block only; test review rate may shift
300000,LightGBM,validation_review_budget_5pct,0.05,0.3987138263665595,0.9358666666666666,0.6420327521913884,0.3066853669939224,0.3186012627489072,0.31252977608384946,0.77503356622269,0.20978647963671349,0.20978647963671349,0.27896274410814365,0.03453575836613027,0.6813987372510928,656,1483,41458,1403,0.039525884546955804,1432660,31.83688888888889,0.1798503658669209,0.04753333333333333,threshold validation block only; test review rate may shift
300000,LogisticRegression,minimum_simulated_cost,0.5998888888888889,0.1465487929275756,0.42948888888888886,0.6273161898195723,0.06422086070716763,0.8450704225352113,0.11937021918841971,0.7547332329746319,0.186611401677427,0.186611401677427,0.1087031240790085,0.5904380428960667,0.15492957746478872,1740,25354,17587,319,0.04006781091790143,826080,18.357333333333333,0.0285540707409381,0.6020888888888889,threshold validation block only; test review rate may shift
300000,LogisticRegression,maximum_validation_f1,0.0784444444444444,0.368376787216148,0.9106666666666666,0.660039568392965,0.22325712672876094,0.3841670713938805,0.282399143163156,0.7547332329746319,0.186611401677427,0.186611401677427,0.2483345269615287,0.06408793460795044,0.6158329286061195,791,2752,40189,1268,0.04006781091790143,1323040,29.40088888888889,0.135,0.07873333333333334,threshold validation block only; test review rate may shift
300000,LogisticRegression,validation_review_budget_5pct,0.0396666666666666,0.3595238095238096,0.9385111111111111,0.6103578547110038,0.2958477508650519,0.2491500728508985,0.27049828631689954,0.7547332329746319,0.186611401677427,0.186611401677427,0.23960704098349686,0.028434363428890802,0.7508499271491015,513,1221,41720,1546,0.04006781091790143,1570420,34.89822222222222,0.205,0.038533333333333336,threshold validation block only; test review rate may shift
300000,RandomForest,minimum_simulated_cost,0.775,0.1222847948511665,0.25622222222222224,0.5774498931573313,0.05439069371542063,0.9310344827586207,0.10277718207162771,0.7636673489413097,0.1946737884249329,0.1946737884249329,0.07855117298270337,0.7761346964439579,0.06896551724137931,1917,33328,9613,142,0.040069935802549986,808560,17.968,0.0196180718699616,0.7832222222222223,threshold validation block only; test review rate may shift
300000,RandomForest,maximum_validation_f1,0.0624444444444444,0.3483253588516746,0.9238888888888889,0.6556392492589451,0.26035087719298244,0.36036911121903836,0.3023018944795274,0.7636673489413097,0.1946737884249329,0.1946737884249329,0.2670497364772953,0.04909061270114809,0.6396308887809616,742,2108,40833,1317,0.040069935802549986,1359160,30.203555555555557,0.135,0.06333333333333334,threshold validation block only; test review rate may shift
300000,RandomForest,validation_review_budget_5pct,0.05,0.345123258306538,0.9336222222222222,0.6350769088399515,0.28812785388127854,0.30645944633317146,0.2970110614262179,0.7636673489413097,0.1946737884249329,0.1946737884249329,0.26234977019102756,0.03630562865326844,0.6935405536668285,631,1559,41382,1428,0.040069935802549986,1459180,32.42622222222222,0.1563153848103066,0.048666666666666664,threshold validation block only; test review rate may shift
300000,RulesOnly,minimum_simulated_cost,1.0,0.1018664979436887,0.045755555555555556,0.5,0.045755555555555556,1.0,0.08750717184810557,0.6022681210523685,0.07808761646837276,0.07808761646837276,0.0,1.0,0.0,2059,42941,0,0,0.043015133457486636,858820,19.084888888888887,0.005,1.0,threshold validation block only; test review rate may shift
300000,RulesOnly,maximum_validation_f1,0.0785555555555555,0.2252100840336134,0.8956,0.5684533503671454,0.12267657992565056,0.2083535696940262,0.15442764578833693,0.6022681210523685,0.07808761646837276,0.07808761646837276,0.10685661035835342,0.07144686895973545,0.7916464303059738,429,3068,39873,1630,0.043015133457486636,1691360,37.58577777777778,0.065,0.0777111111111111,threshold validation block only; test review rate may shift
300000,RulesOnly,validation_review_budget_5pct,0.0388888888888888,0.1800720288115246,0.9265777777777777,0.5326666238310493,0.12341197822141561,0.09907722195240408,0.10991379310344827,0.6022681210523685,0.07808761646837276,0.07808761646837276,0.07257424855249957,0.033743974290305304,0.9009227780475959,204,1449,41492,1855,0.043015133457486636,1883980,41.86622222222222,0.0885826870799064,0.03673333333333333,threshold validation block only; test review rate may shift
300000,WithoutGraphFeatures,minimum_simulated_cost,0.6124444444444445,0.1451209341117598,0.42393333333333333,0.6387391505330642,0.0656036114751711,0.875182127246236,0.1220577776272564,0.7759972997500586,0.211309621983342,0.211309621983342,0.11889511921782335,0.5977038261801076,0.12481787275376396,1802,25666,17275,257,0.03951302751580314,770320,17.118222222222222,0.0208673045734114,0.6104,threshold validation block only; test review rate may shift
300000,WithoutGraphFeatures,maximum_validation_f1,0.0651111111111111,0.402245088868101,0.9253555555555556,0.6601068246853813,0.26917613636363635,0.36813987372510926,0.310974358974359,0.7759972997500586,0.211309621983342,0.211309621983342,0.27625737831300645,0.04792622435434666,0.6318601262748907,758,2058,40883,1301,0.03951302751580314,1342160,29.825777777777777,0.145,0.06257777777777777,threshold validation block only; test review rate may shift
300000,WithoutGraphFeatures,validation_review_budget_5pct,0.05,0.3837084673097535,0.9358,0.6396858960925175,0.30442978322337416,0.31374453618261294,0.3090169815833533,0.7759972997500586,0.211309621983342,0.211309621983342,0.27539550939865187,0.03437274399757807,0.6862554638173871,646,1476,41465,1413,0.03951302751580314,1442520,32.056,0.1773627608486284,0.047155555555555555,threshold validation block only; test review rate may shift
300000,WithoutSequenceFeatures,minimum_simulated_cost,0.725,0.1295662100456621,0.30648888888888887,0.5938470824335714,0.05696568076116363,0.9101505585235551,0.10722050577869321,0.7695539965104994,0.2073637281005157,0.2073637281005157,0.08844847666019129,0.7224563936564122,0.08984944147644487,1874,31023,11918,185,0.03963368730634805,805460,17.89911111111111,0.0182440623329574,0.7310444444444445,threshold validation block only; test review rate may shift
300000,WithoutSequenceFeatures,maximum_validation_f1,0.0625555555555555,0.3881453154875716,0.9262666666666667,0.6568851447900227,0.27050674444039374,0.36036911121903836,0.30903790087463556,0.7695539965104994,0.2073637281005157,0.2073637281005157,0.27403992141014855,0.04659882163899304,0.6396308887809616,742,2001,40940,1317,0.03963368730634805,1357020,30.156,0.1491035241960236,0.060955555555555554,threshold validation block only; test review rate may shift
300000,WithoutSequenceFeatures,validation_review_budget_5pct,0.0495555555555555,0.3789020452099031,0.9348,0.6412426533400771,0.2997711670480549,0.3181155900922778,0.30867106503298775,0.7695539965104994,0.2073637281005157,0.2073637281005157,0.27462269110873405,0.03563028341212361,0.6818844099077221,655,1530,41411,1404,0.03963368730634805,1434600,31.88,0.175,0.04855555555555555,threshold validation block only; test review rate may shift
300000,XGBoost,minimum_simulated_cost,0.5305555555555556,0.1601369341955116,0.48475555555555555,0.6541937960009034,0.07039733214038797,0.8406993686255464,0.12991594115881117,0.7737890279194086,0.2076137026340818,0.2076137026340818,0.1294370395523277,0.5323117766237395,0.1593006313744536,1731,22858,20083,328,0.0398316234873949,785160,17.448,0.025,0.5464222222222223,threshold validation block only; test review rate may shift
300000,XGBoost,maximum_validation_f1,0.0625555555555555,0.3881453154875716,0.9277555555555556,0.6548909756442192,0.27526395173454,0.35454103933948516,0.3099129696455105,0.7737890279194086,0.2076137026340818,0.2076137026340818,0.2748635486818073,0.04475908805104679,0.6454589606605148,730,1922,41019,1329,0.0398316234873949,1367440,30.387555555555554,0.1292669717222452,0.05893333333333333,threshold validation block only; test review rate may shift
300000,XGBoost,validation_review_budget_5pct,0.05,0.3837084673097535,0.9346444444444445,0.6330694105861665,0.292177191328935,0.30111704711024767,0.29657976560631427,0.7737890279194086,0.2076137026340818,0.2076137026340818,0.26235088250773464,0.03497822593791481,0.6988829528897523,620,1502,41439,1439,0.0398316234873949,1469040,32.64533333333333,0.155069949477911,0.047155555555555555,threshold validation block only; test review rate may shift
400000,FullHybrid,minimum_simulated_cost,0.7125,0.1115257958287596,0.3380666666666667,0.6076924072970483,0.06485345727022669,0.9074319840743198,0.12105519408666401,0.7747605548165348,0.23565719556807926,0.23565719556807926,0.1029455029999831,0.6920471694802233,0.09256801592568016,2735,39437,17549,279,0.04252520364046903,1067740,17.795666666666666,0.0142925444763516,0.7028666666666666,threshold validation block only; test review rate may shift
400000,FullHybrid,maximum_validation_f1,0.0545,0.3294892915980231,0.9267,0.6621009907764165,0.3078845086063298,0.3679495686794957,0.3352478839177751,0.7747605548165348,0.23565719556807926,0.23565719556807926,0.2981039083639094,0.04374758712666269,0.6320504313205043,1109,2493,54493,1905,0.04252520364046903,1954860,32.581,0.195,0.060033333333333334,threshold validation block only; test review rate may shift
400000,FullHybrid,validation_review_budget_5pct,0.05,0.3258620689655172,0.92935,0.6545403205122547,0.31601081405827575,0.3490378234903782,0.33170424089547534,0.7747605548165348,0.23565719556807926,0.23565719556807926,0.29491046200374105,0.03995718246586881,0.6509621765096217,1052,2277,54709,1962,0.04252520364046903,2007540,33.459,0.2084174873757684,0.055483333333333336,threshold validation block only; test review rate may shift
400000,HistGradientBoosting,minimum_simulated_cost,0.6,0.1244845360824742,0.45941666666666664,0.6448663883288626,0.07423808283407138,0.8510285335102853,0.13656329029681885,0.7734260089399948,0.2336532196401065,0.2336532196401065,0.1280523838294839,0.5612957568525603,0.14897146648971465,2565,31986,25000,449,0.042563745277581375,1088720,18.145333333333333,0.022240042134965,0.57585,threshold validation block only; test review rate may shift
400000,HistGradientBoosting,maximum_validation_f1,0.0535833333333333,0.3275145469659185,0.9295,0.656504708277573,0.3181818181818182,0.35301924353019243,0.334696445423089,0.7734260089399948,0.2336532196401065,0.2336532196401065,0.2980279701158918,0.0400098269750465,0.6469807564698076,1064,2280,54706,1950,0.042563745277581375,1995600,33.26,0.165,0.055733333333333336,threshold validation block only; test review rate may shift
400000,HistGradientBoosting,validation_review_budget_5pct,0.04975,0.3267070008643042,0.93195,0.6507241699966075,0.3279691020276794,0.33808891838088917,0.3329521320045744,0.7734260089399948,0.2336532196401065,0.2336532196401065,0.29714509341689693,0.036640578387674164,0.6619110816191108,1019,2088,54898,1995,0.042563745277581375,2036760,33.946,0.175,0.051783333333333334,threshold validation block only; test review rate may shift
400000,Hybrid_AddAnomaly,minimum_simulated_cost,0.7429166666666667,0.1089182058047493,0.30543333333333333,0.5955405384728658,0.0626103090917319,0.918049104180491,0.11722589391628538,0.7741358190143025,0.22450297951140405,0.22450297951140405,0.09475033338196746,0.7269680272347594,0.08195089581950896,2767,41427,15559,247,0.04247506833108488,1075540,17.925666666666668,0.0195583596214511,0.7365666666666667,threshold validation block only; test review rate may shift
400000,Hybrid_AddAnomaly,maximum_validation_f1,0.0458333333333333,0.3333333333333333,0.9326166666666666,0.64699005455443,0.32935323383084575,0.3294625082946251,0.32940786200033173,0.7741358190143025,0.22450297951140405,0.22450297951140405,0.29393393115797906,0.03548239918576492,0.6705374917053749,993,2022,54964,2021,0.04247506833108488,2061440,34.35733333333334,0.215,0.05025,threshold validation block only; test review rate may shift
400000,Hybrid_AddAnomaly,validation_review_budget_5pct,0.0458333333333333,0.3333333333333333,0.9326166666666666,0.64699005455443,0.32935323383084575,0.3294625082946251,0.32940786200033173,0.7741358190143025,0.22450297951140405,0.22450297951140405,0.29393393115797906,0.03548239918576492,0.6705374917053749,993,2022,54964,2021,0.04247506833108488,2061440,34.35733333333334,0.215,0.05025,threshold validation block only; test review rate may shift
400000,Hybrid_AddDeviceRecipient,minimum_simulated_cost,0.7695,0.1055748417398407,0.27885,0.5878306097883015,0.06119601473762236,0.931320504313205,0.11484565186261073,0.7738714989800286,0.22253709824134182,0.22253709824134182,0.0904243759569782,0.7556592847366019,0.06867949568679496,2807,43062,13924,207,0.04259969989511064,1068240,17.804,0.0183374083129584,0.7644833333333333,threshold validation block only; test review rate may shift
400000,Hybrid_AddDeviceRecipient,maximum_validation_f1,0.0466666666666666,0.3339285714285714,0.9316666666666666,0.6475897606348139,0.32404406999351915,0.33178500331785005,0.32786885245901637,0.7738714989800286,0.22253709824134182,0.22253709824134182,0.2919002179715239,0.03660548204822237,0.66821499668215,1000,2086,54900,2014,0.04259969989511064,2055720,34.262,0.235,0.05143333333333333,threshold validation block only; test review rate may shift
400000,Hybrid_AddDeviceRecipient,validation_review_budget_5pct,0.0466666666666666,0.3339285714285714,0.9316666666666666,0.6475897606348139,0.32404406999351915,0.33178500331785005,0.32786885245901637,0.7738714989800286,0.22253709824134182,0.22253709824134182,0.2919002179715239,0.03660548204822237,0.66821499668215,1000,2086,54900,2014,0.04259969989511064,2055720,34.262,0.235,0.05143333333333333,threshold validation block only; test review rate may shift
400000,Hybrid_RulesSupervised,minimum_simulated_cost,0.7106666666666667,0.1120158450704225,0.33498333333333336,0.6041837805958511,0.0643233411286703,0.9034505640345056,0.12009614748494939,0.7745083595544754,0.224637952503299,0.224637952503299,0.09985386778089608,0.6950830028428034,0.09654943596549435,2723,39610,17376,291,0.0425030108150566,1083200,18.053333333333335,0.0210608424336973,0.70555,threshold validation block only; test review rate may shift
400000,Hybrid_RulesSupervised,maximum_validation_f1,0.0500833333333333,0.334194659776055,0.9301,0.6547780359142914,0.3202315661182206,0.3487060384870604,0.3338627700127065,0.7745083595544754,0.224637952503299,0.224637952503299,0.29734818732595086,0.039149966658477524,0.6512939615129396,1051,2231,54755,1963,0.0425030108150566,2007620,33.46033333333333,0.235,0.0547,threshold validation block only; test review rate may shift
400000,Hybrid_RulesSupervised,validation_review_budget_5pct,0.03975,0.3124397299903568,0.9363166666666667,0.6346401254655709,0.34546150900038297,0.29927007299270075,0.3207111111111111,0.7745083595544754,0.224637952503299,0.224637952503299,0.28829854439185265,0.02998982206155898,0.7007299270072993,902,1709,55277,2112,0.0425030108150566,2146180,35.769666666666666,0.245,0.04351666666666667,threshold validation block only; test review rate may shift
400000,Hybrid_WithoutAnomaly,minimum_simulated_cost,0.6625,0.1165687426556991,0.38125,0.621627429836374,0.06787605462514885,0.8888520238885202,0.1261210366499541,0.7748315160284192,0.23597305110573438,0.23597305110573438,0.11199125798359832,0.6455971642157723,0.11114797611147977,2679,36790,20196,335,0.04251615479378118,1070800,17.846666666666668,0.0152400010061222,0.6578166666666667,threshold validation block only; test review rate may shift
400000,Hybrid_WithoutAnomaly,maximum_validation_f1,0.0533333333333333,0.3316666666666666,0.9270666666666667,0.6604085996418496,0.3084926884139483,0.36396814863968147,0.3339421613394216,0.7748315160284192,0.23597305110573438,0.23597305110573438,0.29677245289114923,0.04315094935598217,0.6360318513603185,1097,2459,54527,1917,0.04251615479378118,1966180,32.769666666666666,0.195,0.05926666666666667,threshold validation block only; test review rate may shift
400000,Hybrid_WithoutAnomaly,validation_review_budget_5pct,0.05,0.3275862068965517,0.9294833333333333,0.656338815775914,0.3179778641938379,0.3526874585268746,0.33443448167374545,0.7748315160284192,0.23597305110573438,0.23597305110573438,0.29775396183374053,0.0400098269750465,0.6473125414731254,1063,2280,54706,1951,0.04251615479378118,1996600,33.276666666666664,0.206685837818882,0.055716666666666664,threshold validation block only; test review rate may shift
400000,Hybrid_WithoutGraph,minimum_simulated_cost,0.7580833333333333,0.106865486175831,0.2911166666666667,0.5914602047451043,0.06184446858992838,0.9253483742534837,0.1159402215709505,0.7740046851633615,0.2207448488698407,0.2207448488698407,0.09247135021405771,0.7424279647632752,0.07465162574651625,2789,42308,14678,225,0.04259167797819574,1071160,17.852666666666668,0.0183006535947712,0.7516166666666667,threshold validation block only; test review rate may shift
400000,Hybrid_WithoutGraph,maximum_validation_f1,0.04725,0.3354037267080745,0.9309166666666666,0.6495517030679208,0.3211009174311927,0.3367617783676178,0.3287449392712551,0.7740046851633615,0.2207448488698407,0.2207448488698407,0.29244325384651887,0.037658372231776226,0.6632382216323822,1015,2146,54840,1999,0.04259167797819574,2041920,34.032,0.225,0.05268333333333333,threshold validation block only; test review rate may shift
400000,Hybrid_WithoutGraph,validation_review_budget_5pct,0.04725,0.3354037267080745,0.9309166666666666,0.6495517030679208,0.3211009174311927,0.3367617783676178,0.3287449392712551,0.7740046851633615,0.2207448488698407,0.2207448488698407,0.29244325384651887,0.037658372231776226,0.6632382216323822,1015,2146,54840,1999,0.04259167797819574,2041920,34.032,0.225,0.05268333333333333,threshold validation block only; test review rate may shift
400000,Hybrid_WithoutSequence,minimum_simulated_cost,0.7648333333333334,0.1061819675498048,0.28131666666666666,0.58865781909763,0.06133654161653724,0.9303251493032515,0.11508547271645221,0.7734477840411145,0.2223753453651701,0.2223753453651701,0.0909354595658116,0.7530095111079914,0.0696748506967485,2804,42911,14075,210,0.04256054399340886,1068220,17.80366666666667,0.0196078431372549,0.7619166666666667,threshold validation block only; test review rate may shift
400000,Hybrid_WithoutSequence,maximum_validation_f1,0.0491666666666666,0.328695652173913,0.9298166666666666,0.6529005738868656,0.31736344217271895,0.34505640345056404,0.33063106024479416,0.7734477840411145,0.2223753453651701,0.2223753453651701,0.29395239656534417,0.039255255676832905,0.654943596549436,1040,2237,54749,1974,0.04256054399340886,2018740,33.64566666666666,0.195,0.05461666666666667,threshold validation block only; test review rate may shift
400000,Hybrid_WithoutSequence,validation_review_budget_5pct,0.0491666666666666,0.328695652173913,0.9298166666666666,0.6529005738868656,0.31736344217271895,0.34505640345056404,0.33063106024479416,0.7734477840411145,0.2223753453651701,0.2223753453651701,0.29395239656534417,0.039255255676832905,0.654943596549436,1040,2237,54749,1974,0.04256054399340886,2018740,33.64566666666666,0.195,0.05461666666666667,threshold validation block only; test review rate may shift
400000,IsolationForest,minimum_simulated_cost,0.9875,0.0899274778404512,0.06263333333333333,0.5030713139685224,0.05053029791258529,0.9927007299270073,0.09616558994632468,0.5825999452105851,0.07487958267070972,0.07487958267070972,0.011785335422776336,0.9865581019899624,0.0072992700729927005,2992,56220,766,22,0.04744615183353817,1146400,19.106666666666666,0.0257623166955331,0.9868666666666667,threshold validation block only; test review rate may shift
400000,IsolationForest,maximum_validation_f1,0.225,0.1196319018404908,0.7576166666666667,0.5550192819102637,0.0735370274469187,0.3297942932979429,0.12025890750710785,0.5825999452105851,0.07487958267070972,0.07487958267070972,0.05753251941793647,0.2197557294774155,0.670205706702057,994,12523,44463,2020,0.04744615183353817,2270460,37.841,0.0623176607279187,0.22528333333333334,threshold validation block only; test review rate may shift
400000,IsolationForest,validation_review_budget_5pct,0.05,0.0982758620689655,0.9103666666666667,0.5293788383419055,0.10626249167221852,0.10583941605839416,0.10605053191489362,0.5825999452105851,0.07487958267070972,0.07487958267070972,0.058868798709199,0.04708173937458323,0.8941605839416058,319,2683,54303,2695,0.04744615183353817,2748660,45.811,0.0804826080965243,0.05003333333333333,threshold validation block only; test review rate may shift
400000,LightGBM,minimum_simulated_cost,0.6875,0.114188422247446,0.3602,0.614945076324757,0.06636755908600568,0.8981420039814201,0.12360166202456509,0.7748374605145804,0.23500288081292633,0.23500288081292633,0.10762758245830856,0.6682518513319061,0.10185799601857996,2707,38081,18905,307,0.042539380290233506,1068620,17.810333333333332,0.0192187267627967,0.6798,threshold validation block only; test review rate may shift
400000,LightGBM,maximum_validation_f1,0.05725,0.3352044907778668,0.9251833333333334,0.6657018647241755,0.30328087489997335,0.37723954877239546,0.33624131302676324,0.7748374605145804,0.23500288081292633,0.23500288081292633,0.2990819877228728,0.0458358193240445,0.6227604512276045,1137,2612,54374,1877,0.042539380290233506,1929240,32.154,0.155,0.062483333333333335,threshold validation block only; test review rate may shift
400000,LightGBM,validation_review_budget_5pct,0.05,0.3310344827586207,0.9300333333333334,0.6538002290740638,0.31918142944410505,0.3467153284671533,0.3323791348600509,0.7748374605145804,0.23500288081292633,0.23500288081292633,0.2958096046382684,0.039114870319025725,0.6532846715328468,1045,2229,54757,1969,0.042539380290233506,2013580,33.559666666666665,0.172143710983199,0.054566666666666666,threshold validation block only; test review rate may shift
400000,LogisticRegression,minimum_simulated_cost,0.8125,0.1037827352085354,0.22168333333333334,0.5597780381267349,0.05717181956411556,0.935633709356337,0.10775903246145321,0.7567668426506273,0.21865529521153135,0.21865529521153135,0.06828257264330409,0.8160776331028674,0.06436629064366291,2820,46505,10481,194,0.043875880473161974,1124100,18.735,0.0208905678009614,0.8220833333333334,threshold validation block only; test review rate may shift
400000,LogisticRegression,maximum_validation_f1,0.05725,0.3175621491579791,0.9226666666666666,0.6544785176517237,0.2845786963434022,0.35633709356337095,0.3164407778432528,0.7567668426506273,0.21865529521153135,0.21865529521153135,0.27796125116149545,0.04738005825992349,0.643662906436629,1074,2700,54286,1940,0.043875880473161974,1994000,33.233333333333334,0.115,0.0629,threshold validation block only; test review rate may shift
400000,LogisticRegression,validation_review_budget_5pct,0.05,0.3155172413793103,0.9278833333333333,0.6452838065373325,0.30160169235418555,0.33112143331121435,0.31567294006009805,0.7567668426506273,0.21865529521153135,0.21865529521153135,0.27803372239570034,0.040553820236549326,0.6688785666887856,998,2311,54675,2016,0.043875880473161974,2062220,34.370333333333335,0.1256519772112375,0.05515,threshold validation block only; test review rate may shift
400000,RandomForest,minimum_simulated_cost,0.6625,0.117273795534665,0.36161666666666664,0.6128627420357801,0.06612240883271449,0.8921698739216988,0.12311989194386576,0.7628539528131463,0.2161259252212998,0.2161259252212998,0.10550319471079128,0.6664443898501387,0.10783012607830127,2689,37978,19008,325,0.04333960870811987,1084560,18.076,0.020970793714412,0.6777833333333333,threshold validation block only; test review rate may shift
400000,RandomForest,maximum_validation_f1,0.0691666666666666,0.2892086330935252,0.91475,0.656909800847254,0.25755827371336254,0.37027206370272064,0.3037974683544304,0.7628539528131463,0.2161259252212998,0.2161259252212998,0.2648149654657859,0.056452462008212544,0.6297279362972794,1116,3217,53769,1898,0.04333960870811987,1962340,32.705666666666666,0.135,0.07221666666666667,threshold validation block only; test review rate may shift
400000,RandomForest,validation_review_budget_5pct,0.05,0.2724137931034482,0.9287,0.6362866316878584,0.2987261146496815,0.3112143331121433,0.30484237894052646,0.7628539528131463,0.2161259252212998,0.2161259252212998,0.2673441669796631,0.03864106973642649,0.6887856668878567,938,2202,54784,2076,0.04333960870811987,2120040,35.334,0.1716872918939486,0.052333333333333336,threshold validation block only; test review rate may shift
400000,RulesOnly,minimum_simulated_cost,1.0,0.089171974522293,0.05023333333333333,0.5,0.05023333333333333,1.0,0.09566128161995748,0.612549634712781,0.08625798946514424,0.08625798946514424,0.0,1.0,0.0,3014,56986,0,0,0.04688898095731271,1139720,18.995333333333335,0.005,1.0,threshold validation block only; test review rate may shift
400000,RulesOnly,maximum_validation_f1,0.0654166666666666,0.1531598513011152,0.8993666666666666,0.5711948226215401,0.1457357075913777,0.20637027206370273,0.17083218895907717,0.612549634712781,0.08625798946514424,0.08625798946514424,0.12099560606400352,0.06398062682062261,0.7936297279362973,622,3646,53340,2392,0.04688898095731271,2464920,41.082,0.065,0.07113333333333334,threshold validation block only; test review rate may shift
400000,RulesOnly,validation_review_budget_5pct,0.0444166666666666,0.1463860933211345,0.9177333333333333,0.5547822069523776,0.16090331686661963,0.1512939615129396,0.15595075239398085,0.612549634712781,0.08625798946514424,0.08625798946514424,0.11281228744629967,0.04172954760818447,0.8487060384870604,456,2378,54608,2558,0.04688898095731271,2605560,43.426,0.1386138647794723,0.047233333333333336,threshold validation block only; test review rate may shift
400000,WithoutGraphFeatures,minimum_simulated_cost,0.6375,0.1193666260657734,0.4064833333333333,0.6262698813950998,0.06933544721891928,0.8706038487060385,0.12844171418781664,0.7749099762590848,0.23609820832335587,0.23609820832335587,0.11429976752831601,0.618064085915839,0.1293961512939615,2624,35221,21765,390,0.042512416898465896,1094420,18.240333333333332,0.0207320455905363,0.63075,threshold validation block only; test review rate may shift
400000,WithoutGraphFeatures,maximum_validation_f1,0.0568333333333333,0.3317230273752013,0.92535,0.6631185924872733,0.30229419703103916,0.37159920371599203,0.3333829438904599,0.7749099762590848,0.23609820832335587,0.23609820832335587,0.2960466519990795,0.04536201874144527,0.6284007962840079,1120,2585,54401,1894,0.042512416898465896,1945700,32.428333333333335,0.155,0.06175,threshold validation block only; test review rate may shift
400000,WithoutGraphFeatures,validation_review_budget_5pct,0.05,0.3241379310344827,0.9293666666666667,0.6572201076826493,0.317965496728138,0.3546781685467817,0.33531994981179425,0.7749099762590848,0.23609820832335587,0.23609820832335587,0.29863519332241495,0.04023795318148317,0.6453218314532183,1069,2293,54693,1945,0.042512416898465896,1990860,33.181,0.1689329583994432,0.05603333333333333,threshold validation block only; test review rate may shift
400000,WithoutSequenceFeatures,minimum_simulated_cost,0.775,0.1056795131845841,0.27563333333333334,0.5834661983242209,0.060615277657078304,0.9256801592568016,0.11378002528445007,0.7696810699916726,0.23135983825381162,0.23135983825381162,0.08626924530013838,0.75874776260836,0.0743198407431984,2790,43238,13748,224,0.04265060511085875,1088760,18.146,0.0172134612590142,0.7671333333333333,threshold validation block only; test review rate may shift
400000,WithoutSequenceFeatures,maximum_validation_f1,0.0614166666666666,0.3269082498072475,0.9228166666666666,0.6672840761759643,0.29411764705882354,0.38321167883211676,0.3328050713153724,0.7696810699916726,0.23135983825381162,0.23135983825381162,0.2954833145952038,0.04864352648018812,0.6167883211678832,1155,2772,54214,1859,0.04265060511085875,1914440,31.907333333333334,0.145,0.06545,threshold validation block only; test review rate may shift
400000,WithoutSequenceFeatures,validation_review_budget_5pct,0.05,0.3155172413793103,0.9306,0.6517417717074644,0.32087227414330216,0.3417385534173855,0.3309768637532134,0.7696810699916726,0.23135983825381162,0.23135983825381162,0.29457942253088415,0.03825501000245674,0.6582614465826144,1030,2180,54806,1984,0.04265060511085875,2027600,33.79333333333334,0.17111660399584,0.0535,threshold validation block only; test review rate may shift
400000,XGBoost,minimum_simulated_cost,0.7468333333333333,0.1088006721277042,0.29396666666666665,0.5906037970047289,0.0617872416250891,0.920371599203716,0.11580045919432269,0.7709362561046263,0.22479311220450424,0.22479311220450424,0.09119736531120104,0.7391640051942583,0.07962840079628401,2774,42122,14864,240,0.0425615352402574,1082440,18.040666666666667,0.0180831830948591,0.7482666666666666,threshold validation block only; test review rate may shift
400000,XGBoost,maximum_validation_f1,0.0573333333333333,0.3317307692307692,0.9246,0.6609954560836849,0.29747854077253216,0.3679495686794957,0.3289824977751409,0.7709362561046263,0.22479311220450424,0.22479311220450424,0.291350117738844,0.04595865651212579,0.6320504313205043,1109,2619,54367,1905,0.0425615352402574,1957380,32.623,0.1944444477558136,0.06213333333333333,threshold validation block only; test review rate may shift
400000,XGBoost,validation_review_budget_5pct,0.0468333333333333,0.3315508021390374,0.9317166666666666,0.6463591355550349,0.32344310401043364,0.3291307232913072,0.3262621279394836,0.7709362561046263,0.22479311220450424,0.22479311220450424,0.2903130910218482,0.036412452181237495,0.6708692767086928,992,2075,54911,2022,0.0425615352402574,2063500,34.391666666666666,0.195,0.051116666666666664,threshold validation block only; test review rate may shift
500000,FullHybrid,minimum_simulated_cost,0.6451333333333333,0.125492457000096,0.37496,0.6209008324665461,0.06549138641526123,0.8933369893062791,0.122036183840881,0.7782013043504443,0.23175980757288353,0.23175980757288353,0.11005083703359429,0.6515353243731868,0.10666301069372086,3258,46489,24864,389,0.040876455408424696,1318780,17.583733333333335,0.019873532068654,0.6632933333333333,threshold validation block only; test review rate may shift
500000,FullHybrid,maximum_validation_f1,0.0491333333333333,0.3544648943421949,0.9342,0.6606138603663789,0.3347022587268994,0.35755415409925967,0.34575102744266206,0.7782013043504443,0.23175980757288353,0.23175980757288353,0.3113368492712016,0.03632643336650176,0.6424458459007404,1304,2592,68761,2343,0.040876455408424696,2394840,31.9312,0.235,0.05194666666666667,threshold validation block only; test review rate may shift
500000,FullHybrid,validation_review_budget_5pct,0.0491333333333333,0.3544648943421949,0.9342,0.6606138603663789,0.3347022587268994,0.35755415409925967,0.34575102744266206,0.7782013043504443,0.23175980757288353,0.23175980757288353,0.3113368492712016,0.03632643336650176,0.6424458459007404,1304,2592,68761,2343,0.040876455408424696,2394840,31.9312,0.235,0.05194666666666667,threshold validation block only; test review rate may shift
500000,HistGradientBoosting,minimum_simulated_cost,0.7216,0.1163233512203566,0.29286666666666666,0.5919361667369605,0.05999429813620327,0.9232245681381958,0.11266710167478124,0.7766453356787758,0.21680201645865838,0.21680201645865838,0.09112673863548355,0.7393522346642748,0.07677543186180422,3367,52755,18598,280,0.04116407875847068,1335100,17.801333333333332,0.015,0.7482933333333334,threshold validation block only; test review rate may shift
500000,HistGradientBoosting,maximum_validation_f1,0.0409333333333333,0.3482142857142857,0.93876,0.637512447862737,0.3504111321948134,0.3038113517959967,0.3254516081656631,0.7766453356787758,0.21680201645865838,0.21680201645865838,0.2943662124169519,0.028786456070522614,0.6961886482040033,1108,2054,69299,2539,0.04116407875847068,2580080,34.401066666666665,0.255,0.04216,threshold validation block only; test review rate may shift
500000,HistGradientBoosting,validation_review_budget_5pct,0.0409333333333333,0.3482142857142857,0.93876,0.637512447862737,0.3504111321948134,0.3038113517959967,0.3254516081656631,0.7766453356787758,0.21680201645865838,0.21680201645865838,0.2943662124169519,0.028786456070522614,0.6961886482040033,1108,2054,69299,2539,0.04116407875847068,2580080,34.401066666666665,0.255,0.04216,threshold validation block only; test review rate may shift
500000,Hybrid_AddAnomaly,minimum_simulated_cost,0.65,0.1255725190839694,0.37076,0.6183032223908634,0.0650271695700815,0.8925143953934741,0.12122227808502319,0.7783265059115846,0.2391828706082752,0.2391828706082752,0.10801633820632792,0.6559079506117472,0.10748560460652591,3255,46801,24552,392,0.04093789980675625,1328020,17.706933333333332,0.0191892285485541,0.6674133333333333,threshold validation block only; test review rate may shift
500000,Hybrid_AddAnomaly,maximum_validation_f1,0.0434666666666666,0.3560057887120116,0.9371066666666666,0.6473110374192402,0.34492753623188405,0.32629558541266795,0.33535296604198955,0.7783265059115846,0.2391828706082752,0.2391828706082752,0.3024996785481777,0.03167351057418749,0.6737044145873321,1190,2260,69093,2457,0.04093789980675625,2502200,33.36266666666667,0.225,0.046,threshold validation block only; test review rate may shift
500000,Hybrid_AddAnomaly,validation_review_budget_5pct,0.05,0.35,0.9337333333333333,0.6588075020223604,0.33068850780650116,0.35426377844803947,0.3420704262642309,0.7783265059115846,0.2391828706082752,0.2391828706082752,0.30742549745560277,0.036648774403318714,0.6457362215519605,1292,2615,68738,2355,0.04093789980675625,2407300,32.09733333333333,0.2061306428663776,0.05209333333333333,threshold validation block only; test review rate may shift
500000,Hybrid_AddDeviceRecipient,minimum_simulated_cost,0.633,0.1275305623471882,0.38694666666666666,0.6239482082215729,0.0662527152752162,0.8864820400329038,0.12329106683191915,0.7784043867740283,0.23244268258004636,0.23244268258004636,0.11183455568105347,0.638585623589758,0.11351795996709624,3233,45565,25788,414,0.04091639421526777,1325300,17.670666666666666,0.02,0.65064,threshold validation block only; test review rate may shift
500000,Hybrid_AddDeviceRecipient,maximum_validation_f1,0.0470666666666666,0.3537604456824512,0.93536,0.6545888352179869,0.338009171837065,0.3435700575815739,0.34076692956214305,0.7784043867740283,0.23244268258004636,0.23244268258004636,0.30679436810147687,0.03439238714560004,0.6564299424184261,1253,2454,68899,2394,0.04091639421526777,2443080,32.5744,0.245,0.04942666666666667,threshold validation block only; test review rate may shift
500000,Hybrid_AddDeviceRecipient,validation_review_budget_5pct,0.0470666666666666,0.3537604456824512,0.93536,0.6545888352179869,0.338009171837065,0.3435700575815739,0.34076692956214305,0.7784043867740283,0.23244268258004636,0.23244268258004636,0.30679436810147687,0.03439238714560004,0.6564299424184261,1253,2454,68899,2394,0.04091639421526777,2443080,32.5744,0.245,0.04942666666666667,threshold validation block only; test review rate may shift
500000,Hybrid_RulesSupervised,minimum_simulated_cost,0.625,0.1284512617516081,0.3965066666666667,0.6272813335165035,0.06700655498907501,0.8829174664107485,0.12455997833739507,0.7783895591862486,0.23878385519042195,0.23878385519042195,0.11411962294221956,0.6283547993777416,0.11708253358925144,3220,44835,26518,427,0.0409506290160351,1323700,17.649333333333335,0.0197907857852026,0.6407333333333334,threshold validation block only; test review rate may shift
500000,Hybrid_RulesSupervised,maximum_validation_f1,0.0435333333333333,0.3557483731019523,0.9371866666666666,0.647483173473927,0.3456181079512478,0.326569783383603,0.3358240518821373,0.7783895591862486,0.23878385519042195,0.23878385519042195,0.303020405611468,0.031603436435749026,0.673430216616397,1191,2255,69098,2456,0.0409506290160351,2501100,33.348,0.225,0.04594666666666666,threshold validation block only; test review rate may shift
500000,Hybrid_RulesSupervised,validation_review_budget_5pct,0.05,0.3472972972972973,0.93336,0.6586112944347327,0.3283354510800508,0.35426377844803947,0.34080717488789236,0.7783895591862486,0.23878385519042195,0.23878385519042195,0.3060115770051544,0.03704118957857413,0.6457362215519605,1292,2643,68710,2355,0.0409506290160351,2407860,32.1048,0.2058637503282973,0.05246666666666667,threshold validation block only; test review rate may shift
500000,Hybrid_WithoutAnomaly,minimum_simulated_cost,0.5616666666666666,0.1371927908246859,0.45888,0.646142217314287,0.07212195630516878,0.853578283520702,0.13300576799829097,0.7780146731134056,0.22745485307899044,0.22745485307899044,0.1271914178371466,0.5612938488921279,0.14642171647929805,3113,40050,31303,534,0.040889472995012624,1335000,17.8,0.025,0.5755066666666667,threshold validation block only; test review rate may shift
500000,Hybrid_WithoutAnomaly,maximum_validation_f1,0.0422666666666666,0.3548387096774193,0.9384133333333333,0.6456561156867113,0.353437876960193,0.3213600219358377,0.336636507252621,0.7780146731134056,0.22745485307899044,0.22745485307899044,0.30479956559203114,0.030047790562415036,0.6786399780641623,1172,2144,69209,2475,0.040889472995012624,2517880,33.571733333333334,0.255,0.044213333333333334,threshold validation block only; test review rate may shift
500000,Hybrid_WithoutAnomaly,validation_review_budget_5pct,0.0497333333333333,0.3536585365853658,0.9339066666666667,0.660980063548309,0.33316352521650533,0.35865094598299974,0.3454377393371187,0.7780146731134056,0.22745485307899044,0.22745485307899044,0.31091778419200267,0.036690818886381794,0.6413490540170003,1308,2618,68735,2339,0.040889472995012624,2391360,31.8848,0.205,0.052346666666666666,threshold validation block only; test review rate may shift
500000,Hybrid_WithoutGraph,minimum_simulated_cost,0.6608,0.1238489005825972,0.3598266666666667,0.6158094323295006,0.0644071790441032,0.8993693446668495,0.12020596265552562,0.7775905795087441,0.22826185105323188,0.22826185105323188,0.10670972923810969,0.6677504800078483,0.10063065533315053,3280,47646,23707,367,0.04091966393805367,1319920,17.598933333333335,0.02,0.6790133333333334,threshold validation block only; test review rate may shift
500000,Hybrid_WithoutGraph,maximum_validation_f1,0.0409333333333333,0.3526785714285714,0.9394133333333333,0.64227892457629,0.35900660169757936,0.3131340828077872,0.3345049794961921,0.7775905795087441,0.22826185105323188,0.22826185105323188,0.3036987878539774,0.02857623365520721,0.6868659171922128,1142,2039,69314,2505,0.04091966393805367,2545780,33.943733333333334,0.285,0.04241333333333333,threshold validation block only; test review rate may shift
500000,Hybrid_WithoutGraph,validation_review_budget_5pct,0.0493333333333333,0.3510204081632653,0.9340666666666667,0.658852595796833,0.3327319587628866,0.3539895804771045,0.34303175235817723,0.7775905795087441,0.22826185105323188,0.22826185105323188,0.30852231063722013,0.03628438888343868,0.6460104195228955,1291,2589,68764,2356,0.04091966393805367,2407780,32.10373333333333,0.205,0.05173333333333333,threshold validation block only; test review rate may shift
500000,Hybrid_WithoutSequence,minimum_simulated_cost,0.6,0.1317574511819116,0.4207066666666667,0.6349262183497626,0.0689094926562974,0.872223745544283,0.12772792065690938,0.7790847476707132,0.24213326950866076,0.24213326950866076,0.11930962133129779,0.6023713088447578,0.12777625445571703,3181,42981,28372,466,0.04088505167855539,1325620,17.674933333333332,0.0205323799728034,0.6154933333333333,threshold validation block only; test review rate may shift
500000,Hybrid_WithoutSequence,maximum_validation_f1,0.0464666666666666,0.3531885073580939,0.9358666666666666,0.6540745675143111,0.3409898824172819,0.3419248697559638,0.3414567360350493,0.7790847476707132,0.24213326950866076,0.24213326950866076,0.30774909852065946,0.03377573472734153,0.6580751302440362,1247,2410,68943,2400,0.04088505167855539,2448200,32.64266666666666,0.215,0.04876,threshold validation block only; test review rate may shift
500000,Hybrid_WithoutSequence,validation_review_budget_5pct,0.0496666666666666,0.3511864406779661,0.9337866666666667,0.661047088395338,0.33248666497332996,0.35892514395393477,0.34520042194092826,0.7790847476707132,0.24213326950866076,0.24213326950866076,0.31063643780851746,0.036830967163258725,0.6410748560460653,1309,2628,68725,2338,0.04088505167855539,2390560,31.874133333333333,0.205,0.052493333333333336,threshold validation block only; test review rate may shift
500000,IsolationForest,minimum_simulated_cost,0.9989333333333332,0.0929107801960035,0.05089333333333333,0.5010611687818303,0.04872507617469397,0.999725802029065,0.0929213125199108,0.5896310580663441,0.07068470511126117,0.07068470511126117,0.009543159203116592,0.9976034644654044,0.00027419797093501506,3646,71182,171,1,0.045956533210375246,1424640,18.9952,0.005,0.9977066666666666,threshold validation block only; test review rate may shift
500000,IsolationForest,maximum_validation_f1,0.1222,0.1342177136168552,0.8536266666666666,0.5532222726961824,0.08994294663832643,0.22045516863175213,0.12776100429048148,0.5896310580663441,0.07068470511126117,0.07068470511126117,0.07066109635282793,0.11401062323938727,0.7795448313682479,804,8135,63218,2843,0.045956533210375246,3005700,40.076,0.065,0.11918666666666666,threshold validation block only; test review rate may shift
500000,IsolationForest,validation_review_budget_5pct,0.0446,0.1072194424588992,0.9163466666666666,0.5325874199086895,0.1149223101729698,0.10748560460652591,0.11107962595636157,0.5896310580663441,0.07068470511126117,0.07068470511126117,0.06728061694839424,0.042310764789146915,0.8925143953934741,392,3019,68334,3255,0.045956533210375246,3315380,44.20506666666667,0.085,0.04548,threshold validation block only; test review rate may shift
500000,LightGBM,minimum_simulated_cost,0.6854,0.1202433929706656,0.33554666666666666,0.607862319869931,0.06279699361996176,0.909514669591445,0.11748246794644755,0.7808781960027721,0.2304554808015027,0.2304554808015027,0.10167155430107189,0.693790029851583,0.09048533040855497,3317,49504,21849,330,0.040844418510708615,1320080,17.601066666666668,0.0212947189097103,0.70428,threshold validation block only; test review rate may shift
500000,LightGBM,maximum_validation_f1,0.0515333333333333,0.3579507651363939,0.9332266666666666,0.6654360735923482,0.33201678597877066,0.36879627090759526,0.34944141335411794,0.7808781960027721,0.2304554808015027,0.2304554808015027,0.3148327836707411,0.03792412372289883,0.6312037290924047,1345,2706,68647,2302,0.040844418510708615,2356120,31.414933333333334,0.215,0.05401333333333333,threshold validation block only; test review rate may shift
500000,LightGBM,validation_review_budget_5pct,0.0422,0.3506969919295671,0.93856,0.6487253033863378,0.3566099671739779,0.327666575267343,0.34152615032866535,0.7808781960027721,0.2304554808015027,0.2304554808015027,0.30966817811007097,0.03021596849466736,0.672333424732657,1195,2156,69197,2452,0.040844418510708615,2495120,33.26826666666667,0.265,0.04468,threshold validation block only; test review rate may shift
500000,LogisticRegression,minimum_simulated_cost,0.6614666666666666,0.1220428088621855,0.39068,0.6170640572274411,0.065416890579141,0.8678365780093227,0.12166291875684715,0.7629966996445002,0.21967088590957282,0.21967088590957282,0.1052441461585896,0.6337084635544405,0.13216342199067727,3165,45217,26136,482,0.04150706503490966,1386340,18.484533333333335,0.0222057737410068,0.6450933333333333,threshold validation block only; test review rate may shift
500000,LogisticRegression,maximum_validation_f1,0.0499333333333333,0.3448275862068966,0.9342933333333333,0.6477838466725434,0.32646979138444865,0.3304085549766932,0.3284273644044699,0.7629966996445002,0.21967088590957282,0.21967088590957282,0.29389132510611066,0.03484086163160624,0.6695914450233068,1205,2486,68867,2442,0.04150706503490966,2491720,33.22293333333333,0.2513966560363769,0.04921333333333333,threshold validation block only; test review rate may shift
500000,LogisticRegression,validation_review_budget_5pct,0.0499333333333333,0.3448275862068966,0.9342933333333333,0.6477838466725434,0.32646979138444865,0.3304085549766932,0.3284273644044699,0.7629966996445002,0.21967088590957282,0.21967088590957282,0.29389132510611066,0.03484086163160624,0.6695914450233068,1205,2486,68867,2442,0.04150706503490966,2491720,33.22293333333333,0.2513966560363769,0.04921333333333333,threshold validation block only; test review rate may shift
500000,RandomForest,minimum_simulated_cost,0.4125333333333333,0.1705695287655391,0.6062,0.6863609433905833,0.08962652970642318,0.7751576638332877,0.16067521100343857,0.7747104190552222,0.22666331491094746,0.22666331491094746,0.16239752825306952,0.40243577705212114,0.22484233616671237,2827,28715,42638,820,0.041461057036058215,1394300,18.590666666666667,0.0294604712249883,0.42056,threshold validation block only; test review rate may shift
500000,RandomForest,maximum_validation_f1,0.0527333333333333,0.3261012491781722,0.9314133333333333,0.6530350070067029,0.31338818249813016,0.34466684946531395,0.3282841472969444,0.7747104190552222,0.22666331491094746,0.22666331491094746,0.2925990580032631,0.03859683545190812,0.655333150534686,1257,2754,68599,2390,0.041461057036058215,2445080,32.60106666666667,0.155,0.05348,threshold validation block only; test review rate may shift
500000,RandomForest,validation_review_budget_5pct,0.05,0.3256756756756757,0.9333333333333333,0.6483200454487758,0.32098438740407514,0.33260213874417327,0.32669000807971993,0.7747104190552222,0.22666331491094746,0.22666331491094746,0.29168316674902733,0.03596204784662173,0.6673978612558267,1213,2566,68787,2434,0.041461057036058215,2485320,33.1376,0.1622378409702074,0.05038666666666667,threshold validation block only; test review rate may shift
500000,RulesOnly,minimum_simulated_cost,1.0,0.0928162746344564,0.048626666666666665,0.5,0.048626666666666665,1.0,0.09274352486426692,0.6173692073315296,0.09243059648451771,0.09243059648451771,0.0,1.0,0.0,3647,71353,0,0,0.04541610241258254,1427060,19.027466666666665,0.005,1.0,threshold validation block only; test review rate may shift
500000,RulesOnly,maximum_validation_f1,0.0690666666666666,0.189127972819932,0.90028,0.5789120378804152,0.14895566141443753,0.22292295037016727,0.1785831960461285,0.6173692073315296,0.09243059648451771,0.09243059648451771,0.13067933059624892,0.06509887460933668,0.7770770496298327,813,4645,66708,2834,0.04541610241258254,2926900,39.025333333333336,0.065,0.07277333333333333,threshold validation block only; test review rate may shift
500000,RulesOnly,validation_review_budget_5pct,0.0447333333333333,0.1855817273376159,0.9180933333333333,0.5614750790213204,0.16361185983827492,0.16643816835755415,0.1650129128720946,0.6173692073315296,0.09243059648451771,0.09243059648451771,0.12195562313502042,0.04348801031491318,0.8335618316424458,607,3103,68250,3040,0.04541610241258254,3102060,41.3608,0.1136890947818756,0.049466666666666666,threshold validation block only; test review rate may shift
500000,WithoutGraphFeatures,minimum_simulated_cost,0.6642666666666667,0.1239947634187395,0.36752,0.6167305123984324,0.06473032345281406,0.8927885933644091,0.12070883072588419,0.7781214482696206,0.23192613025172318,0.23192613025172318,0.10684652286987835,0.6593275685675445,0.1072114066355909,3256,47045,24308,391,0.040969204155661264,1331900,17.758666666666667,0.0195068102329969,0.67068,threshold validation block only; test review rate may shift
500000,WithoutGraphFeatures,maximum_validation_f1,0.0459333333333333,0.346723044397463,0.9369066666666667,0.6518892227900344,0.34662143059089623,0.3361667123663285,0.3413140311804009,0.7781214482696206,0.23192613025172318,0.23192613025172318,0.30822850803381513,0.03238826678625986,0.6638332876336716,1226,2311,69042,2421,0.040969204155661264,2467220,32.89626666666667,0.255,0.04716,threshold validation block only; test review rate may shift
500000,WithoutGraphFeatures,validation_review_budget_5pct,0.0459333333333333,0.346723044397463,0.9369066666666667,0.6518892227900344,0.34662143059089623,0.3361667123663285,0.3413140311804009,0.7781214482696206,0.23192613025172318,0.23192613025172318,0.30822850803381513,0.03238826678625986,0.6638332876336716,1226,2311,69042,2421,0.040969204155661264,2467220,32.89626666666667,0.255,0.04716,threshold validation block only; test review rate may shift
500000,WithoutSequenceFeatures,minimum_simulated_cost,0.6929333333333333,0.1197411003236245,0.32409333333333334,0.6036642333807979,0.06202055559693156,0.9133534411845352,0.1161537790951094,0.7753629251456293,0.22820869748610242,0.22820869748610242,0.0989020326882256,0.7060249744229394,0.08664655881546476,3331,50377,20976,316,0.04099980325252451,1323540,17.6472,0.0236775800585746,0.7161066666666667,threshold validation block only; test review rate may shift
500000,WithoutSequenceFeatures,maximum_validation_f1,0.0558,0.3509891512444161,0.93064,0.6649872763080076,0.3174454097205917,0.37071565670414036,0.34201871995952443,0.7753629251456293,0.22820869748610242,0.22820869748610242,0.3066655785966953,0.040741104088125236,0.6292843432958596,1352,2907,68446,2295,0.04099980325252451,2353140,31.3752,0.2022471874952316,0.056786666666666666,threshold validation block only; test review rate may shift
500000,WithoutSequenceFeatures,validation_review_budget_5pct,0.0457333333333333,0.3432203389830508,0.9364266666666666,0.6509864980335375,0.3426887454392366,0.3347957225116534,0.3386962552011096,0.7753629251456293,0.22820869748610242,0.22820869748610242,0.305332190295127,0.032822726444578364,0.6652042774883465,1221,2342,69011,2426,0.04099980325252451,2472840,32.9712,0.205,0.04750666666666667,threshold validation block only; test review rate may shift
500000,XGBoost,minimum_simulated_cost,0.5176,0.144101718860372,0.5024,0.6592575482288284,0.07642959571309971,0.8330134357005758,0.14001290441515346,0.7778157294256095,0.23371336982420238,0.23371336982420238,0.1372635406642206,0.514498339242919,0.16698656429942418,3038,36711,34642,609,0.04096734724574281,1343220,17.9096,0.023726450279355,0.5299866666666667,threshold validation block only; test review rate may shift
500000,XGBoost,maximum_validation_f1,0.0424666666666666,0.359912216532553,0.93776,0.6453127524083628,0.34829123328380385,0.3213600219358377,0.3342840844266971,0.7778157294256095,0.23371336982420238,0.23371336982420238,0.3019621842082729,0.03073451711911202,0.6786399780641623,1172,2193,69160,2475,0.04096734724574281,2518860,33.5848,0.225,0.044866666666666666,threshold validation block only; test review rate may shift
500000,XGBoost,validation_review_budget_5pct,0.0424666666666666,0.359912216532553,0.93776,0.6453127524083628,0.34829123328380385,0.3213600219358377,0.3342840844266971,0.7778157294256095,0.23371336982420238,0.23371336982420238,0.3019621842082729,0.03073451711911202,0.6786399780641623,1172,2193,69160,2475,0.04096734724574281,2518860,33.5848,0.225,0.044866666666666666,threshold validation block only; test review rate may shift
