accuracy,balanced_accuracy,precision,recall,f1,roc_auc,pr_auc,average_precision,mcc,false_positive_rate,false_negative_rate,true_positive,false_positive,true_negative,false_negative,brier_score,expected_business_cost,cost_per_transaction,threshold,review_volume,model
0.05366666666666667,0.5,0.05366666666666667,1.0,0.1018664979436887,0.7978262206557534,0.2743213309925572,0.2743213309925572,0.0,1.0,0.0,483,8517,0,0,0.043901652097702026,170340,18.926666666666666,0.0,1.0,LogisticRegression
0.05733333333333333,0.5019373018668545,0.053864168618266976,1.0,0.10222222222222221,0.7978262206557534,0.2743213309925572,0.2743213309925572,0.014446532761928421,0.9961253962662909,0.0,483,8484,33,0,0.043901652097702026,169680,18.85333333333333,0.005,0.9963333333333333,LogisticRegression
0.057444444444444444,0.501996007984032,0.053870176221280396,1.0,0.10223304053338979,0.7978262206557534,0.2743213309925572,0.2743213309925572,0.014664603768181602,0.9960079840319361,0.0,483,8483,34,0,0.043901652097702026,169660,18.851111111111113,0.014492752961814404,0.9962222222222222,LogisticRegression
0.06633333333333333,0.5047395162178384,0.054154469714028375,0.9958592132505176,0.10272290443139348,0.7978262206557534,0.2743213309925572,0.2743213309925572,0.018779520980306216,0.9863801808148409,0.004140786749482402,481,8401,116,2,0.043901652097702026,170020,18.891111111111112,0.014492753893136978,0.9868888888888889,LogisticRegression
0.17222222222222222,0.5489685590455917,0.05932953826691967,0.9710144927536232,0.11182641869337147,0.7978262206557534,0.2743213309925572,0.2743213309925572,0.06751592351899999,0.8730773746624398,0.028985507246376812,469,7436,1081,14,0.043901652097702026,162720,18.08,0.014492754824459553,0.8783333333333333,LogisticRegression
0.182,0.5541346973572038,0.059997441473711145,0.9710144927536232,0.1130120481927711,0.7978262206557534,0.2743213309925572,0.2743213309925572,0.07221213236546177,0.8627450980392157,0.028985507246376812,469,7348,1169,14,0.043901652097702026,160960,17.884444444444444,0.015,0.8685555555555555,LogisticRegression
0.18688888888888888,0.5547647853726234,0.06011069635731754,0.9668737060041408,0.11318468250121183,0.7978262206557534,0.2743213309925572,0.2743213309925572,0.07183509781302098,0.857344135258894,0.033126293995859216,467,7302,1215,16,0.043901652097702026,162040,18.004444444444445,0.017779704183340073,0.8632222222222222,LogisticRegression
0.20422222222222222,0.5609934679417198,0.06099645063757066,0.9606625258799172,0.11470951792336216,0.7978262206557534,0.2743213309925572,0.2743213309925572,0.07600601189847764,0.8386755899964776,0.039337474120082816,464,7143,1374,19,0.043901652097702026,161860,17.984444444444446,0.017779706045985222,0.8452222222222222,LogisticRegression
0.4108888888888889,0.6408921287859064,0.07631440126604537,0.8985507246376812,0.1406807131280389,0.7978262206557534,0.2743213309925572,0.2743213309925572,0.13166831678047894,0.6167664670658682,0.10144927536231885,434,5253,3264,49,0.043901652097702026,154060,17.11777777777778,0.01777970790863037,0.6318888888888889,LogisticRegression
0.4298888888888889,0.6499543842530503,0.07852738483859267,0.8964803312629399,0.144405536101384,0.7978262206557534,0.2743213309925572,0.2743213309925572,0.13874232891405053,0.5965715627568393,0.10351966873706005,433,5081,3436,50,0.043901652097702026,151620,16.846666666666668,0.025,0.6126666666666667,LogisticRegression
0.43,0.6500130903702277,0.07854162887719934,0.8964803312629399,0.14442961974649765,0.7978262206557534,0.2743213309925572,0.2743213309925572,0.13878932789436071,0.5964541505224844,0.10351966873706005,433,5080,3437,50,0.043901652097702026,151600,16.844444444444445,0.028554068878293037,0.6125555555555555,LogisticRegression
0.44222222222222224,0.6545177821193564,0.07982959807371735,0.8923395445134575,0.14654879292757567,0.7978262206557534,0.2743213309925572,0.2743213309925572,0.14215335893967165,0.5833039802747446,0.10766045548654245,431,4968,3549,52,0.043901652097702026,151360,16.817777777777778,0.028554070740938187,0.5998888888888889,LogisticRegression
0.5944444444444444,0.7007679926956463,0.10002525890376357,0.8198757763975155,0.1782980639351643,0.7978262206557534,0.2743213309925572,0.2743213309925572,0.1823015083316334,0.41833979100622287,0.18012422360248448,396,3563,4954,87,0.043901652097702026,158260,17.584444444444443,0.028554072603583336,0.4398888888888889,LogisticRegression
0.6072222222222222,0.7016602527498893,0.10177453027139875,0.8074534161490683,0.18076477404403246,0.7978262206557534,0.2743213309925572,0.2743213309925572,0.1838201808902128,0.40413291064928963,0.19254658385093168,390,3442,5075,93,0.043901652097702026,161840,17.982222222222223,0.02857142873108387,0.42577777777777776,LogisticRegression
0.6087777777777778,0.7015056478201799,0.1019392033542977,0.8053830227743272,0.18097231914398695,0.7978262206557534,0.2743213309925572,0.2743213309925572,0.18377965347617006,0.40237172713396735,0.19461697722567287,389,3427,5090,94,0.043901652097702026,162540,18.06,0.030739042907953262,0.424,LogisticRegression
0.6477777777777778,0.7103936081071325,0.1095611740773031,0.7805383022774327,0.19215086646279306,0.7978262206557534,0.2743213309925572,0.2743213309925572,0.19513660861035356,0.3597510860631678,0.2194616977225673,377,3064,5453,106,0.043901652097702026,167280,18.586666666666666,0.03073904477059841,0.38233333333333336,LogisticRegression
0.7351111111111112,0.7350538236643265,0.13596323247797779,0.7349896480331263,0.22947640594699417,0.7978262206557534,0.2743213309925572,0.2743213309925572,0.2334502401449521,0.26488200070447343,0.2650103519668737,355,2256,6261,128,0.043901652097702026,173120,19.235555555555557,0.03073904663324356,0.2901111111111111,LogisticRegression
0.7704444444444445,0.7332160669526858,0.14837849844513548,0.6915113871635611,0.24433065106071686,0.7978262206557534,0.2743213309925572,0.2743213309925572,0.24271571150880547,0.2250792532581895,0.3084886128364389,334,1917,6600,149,0.043901652097702026,187340,20.815555555555555,0.034999999999999996,0.2501111111111111,LogisticRegression
0.7705555555555555,0.7332747730698632,0.14844444444444443,0.6915113871635611,0.24442005122575922,0.7978262206557534,0.2743213309925572,0.2743213309925572,0.2428127651953361,0.22496184102383468,0.3084886128364389,334,1916,6601,149,0.043901652097702026,187320,20.813333333333333,0.038346340879797935,0.25,LogisticRegression
0.771,0.7335095975385728,0.14870881567230632,0.6915113871635611,0.24477830707218762,0.7978262206557534,0.2743213309925572,0.2743213309925572,0.2432014813250053,0.2244921920864154,0.3084886128364389,334,1912,6605,149,0.043901652097702026,187240,20.804444444444446,0.03999999910593033,0.24955555555555556,LogisticRegression
0.7852222222222223,0.7283296031247699,0.1534416826003824,0.6645962732919255,0.2493203883495146,0.7978262206557534,0.2743213309925572,0.2743213309925572,0.2436419697261715,0.20793706704238582,0.33540372670807456,321,1771,6746,162,0.043901652097702026,197420,21.935555555555556,0.045,0.23244444444444445,LogisticRegression
0.79,0.7279244944528189,0.15565345080763582,0.6583850931677019,0.25178147268408546,0.7978262206557534,0.2743213309925572,0.2743213309925572,0.24524078626972284,0.20253610426206411,0.3416149068322981,318,1725,6792,165,0.043901652097702026,199500,22.166666666666668,0.0476190485060215,0.227,LogisticRegression
0.8132222222222222,0.7284761861005793,0.16906077348066298,0.6335403726708074,0.26689925861317054,0.7978262206557534,0.2743213309925572,0.2743213309925572,0.2569118240633569,0.17658800046964893,0.36645962732919257,306,1504,7013,177,0.043901652097702026,207080,23.00888888888889,0.0476190522313118,0.2011111111111111,LogisticRegression
0.8188888888888889,0.7285407263660475,0.1728465487735311,0.6273291925465838,0.2710196779964222,0.7978262206557534,0.2743213309925572,0.2743213309925572,0.2601000282179639,0.17024773981448868,0.37267080745341613,303,1450,7067,180,0.043901652097702026,209000,23.22222222222222,0.055,0.19477777777777777,LogisticRegression
0.8188888888888889,0.7285407263660475,0.1728465487735311,0.6273291925465838,0.2710196779964222,0.7978262206557534,0.2743213309925572,0.2743213309925572,0.2601000282179639,0.17024773981448868,0.37267080745341613,303,1450,7067,180,0.043901652097702026,209000,23.22222222222222,0.05590061843395233,0.19477777777777777,LogisticRegression
0.8282222222222222,0.7237071345070181,0.17768344451182536,0.6066252587991718,0.274859287054409,0.7978262206557534,0.2743213309925572,0.2743213309925572,0.26064126835957274,0.15921098978513562,0.39337474120082816,293,1356,7161,190,0.043901652097702026,217120,24.124444444444446,0.05590062215924263,0.18322222222222223,LogisticRegression
0.8525555555555555,0.721916415615973,0.19857142857142857,0.5755693581780539,0.29527349973446626,0.7978262206557534,0.2743213309925572,0.2743213309925572,0.2759723042493847,0.1317365269461078,0.4244306418219462,278,1122,7395,205,0.043901652097702026,227440,25.27111111111111,0.05590062588453293,0.15555555555555556,LogisticRegression
0.8621111111111112,0.7230591794124575,0.20980091883614088,0.567287784679089,0.30631637786472893,0.7978262206557534,0.2743213309925572,0.2743213309925572,0.2854429396976117,0.121169425854174,0.432712215320911,274,1032,7485,209,0.043901652097702026,229640,25.515555555555554,0.065,0.1451111111111111,LogisticRegression
0.8627777777777778,0.723411416115522,0.21076923076923076,0.567287784679089,0.3073471676948963,0.7978262206557534,0.2743213309925572,0.2743213309925572,0.28644101720258597,0.12046495244804509,0.432712215320911,274,1026,7491,209,0.043901652097702026,229520,25.502222222222223,0.06611569970846176,0.14444444444444443,LogisticRegression
0.874,0.7225052999590881,0.22531645569620254,0.5527950310559007,0.32014388489208634,0.7978262206557534,0.2743213309925572,0.2743213309925572,0.29659483131665787,0.10778443113772455,0.4472049689440994,267,918,7599,216,0.043901652097702026,234360,26.04,0.07500000000000001,0.13166666666666665,LogisticRegression
0.8741111111111111,0.7225640060762655,0.22550675675675674,0.5527950310559007,0.3203359328134373,0.7978262206557534,0.2743213309925572,0.2743213309925572,0.29677935592632765,0.10766701890336973,0.4472049689440994,267,917,7600,216,0.043901652097702026,234340,26.037777777777777,0.085,0.13155555555555556,LogisticRegression
0.877,0.7231138745526848,0.2301038062283737,0.5507246376811594,0.32458816351433806,0.7978262206557534,0.2743213309925572,0.2743213309925572,0.3005562429509819,0.10449688857578959,0.4492753623188406,266,890,7627,217,0.043901652097702026,234800,26.08888888888889,0.08571428805589676,0.12844444444444444,LogisticRegression
0.8986666666666666,0.7130787748580296,0.26608505997818976,0.505175983436853,0.3485714285714286,0.7978262206557534,0.2743213309925572,0.2743213309925572,0.3174798149379394,0.0790184337207937,0.494824016563147,244,673,7844,239,0.043901652097702026,252460,28.051111111111112,0.095,0.10188888888888889,LogisticRegression
0.8992222222222223,0.7133723054439167,0.2675438596491228,0.505175983436853,0.3498207885304659,0.7978262206557534,0.2743213309925572,0.2743213309925572,0.31868890494451363,0.0784313725490196,0.494824016563147,244,668,7849,239,0.043901652097702026,252360,28.04,0.095238097012043,0.10133333333333333,LogisticRegression
0.9013333333333333,0.7086287782491284,0.27014755959137343,0.4927536231884058,0.3489736070381232,0.7978262206557534,0.2743213309925572,0.2743213309925572,0.3164330771481575,0.07549606669014912,0.5072463768115942,238,643,7874,245,0.043901652097702026,257860,28.65111111111111,0.10500000000000001,0.09788888888888889,LogisticRegression
0.9065555555555556,0.703576041194921,0.28117359413202936,0.47619047619047616,0.35357417371252886,0.7978262206557534,0.2743213309925572,0.2743213309925572,0.31920314372919584,0.06903839380063402,0.5238095238095238,230,588,7929,253,0.043901652097702026,264760,29.41777777777778,0.115,0.0908888888888889,LogisticRegression
0.9076666666666666,0.7041631023666952,0.28465346534653463,0.47619047619047616,0.3563129357087529,0.7978262206557534,0.2743213309925572,0.2743213309925572,0.321901862053454,0.06786427145708583,0.5238095238095238,230,578,7939,253,0.043901652097702026,264560,29.395555555555557,0.11764705926179886,0.08977777777777778,LogisticRegression
0.911,0.7010418330310515,0.29296875,0.4658385093167702,0.3597122302158273,0.7978262206557534,0.2743213309925572,0.2743213309925572,0.3243396390978486,0.06375484325466714,0.5341614906832298,225,543,7974,258,0.043901652097702026,268860,29.873333333333335,0.125,0.08533333333333333,LogisticRegression
0.9165555555555556,0.6981181954687629,0.3101983002832861,0.453416149068323,0.368376787216148,0.7978262206557534,0.2743213309925572,0.2743213309925572,0.33211376975882956,0.05717975813079723,0.546583850931677,219,487,8030,264,0.043901652097702026,273740,30.415555555555557,0.135,0.07844444444444444,LogisticRegression
0.917,0.6924940765163133,0.30869565217391304,0.4409937888198758,0.3631713554987212,0.7978262206557534,0.2743213309925572,0.2743213309925572,0.32609128879563215,0.05600563578724903,0.5590062111801242,213,477,8040,270,0.043901652097702026,279540,31.06,0.14500000000000002,0.07666666666666666,LogisticRegression
0.917,0.6924940765163133,0.30869565217391304,0.4409937888198758,0.3631713554987212,0.7978262206557534,0.2743213309925572,0.2743213309925572,0.32609128879563215,0.05600563578724903,0.5590062111801242,213,477,8040,270,0.043901652097702026,279540,31.06,0.155,0.07666666666666666,LogisticRegression
0.9176666666666666,0.6908933320789914,0.31029411764705883,0.43685300207039335,0.36285468615649186,0.7978262206557534,0.2743213309925572,0.2743213309925572,0.3255528666543159,0.055066337912410473,0.5631469979296067,211,469,8048,272,0.043901652097702026,281380,31.264444444444443,0.1550387591123581,0.07555555555555556,LogisticRegression
0.9253333333333333,0.6724847710497893,0.3327433628318584,0.38923395445134573,0.35877862595419846,0.7978262206557534,0.2743213309925572,0.2743213309925572,0.32050209586456274,0.044264412351767056,0.6107660455486542,188,377,8140,295,0.043901652097702026,302540,33.61555555555555,0.1550387740135193,0.06277777777777778,LogisticRegression
0.932,0.6574538172467633,0.3618843683083512,0.3498964803312629,0.35578947368421054,0.7978262206557534,0.2743213309925572,0.2743213309925572,0.31995637337330435,0.034988845837736295,0.650103519668737,169,298,8219,314,0.043901652097702026,319960,35.55111111111111,0.165,0.05188888888888889,LogisticRegression
0.9321111111111111,0.6575125233639407,0.3626609442060086,0.3498964803312629,0.3561643835616438,0.7978262206557534,0.2743213309925572,0.2743213309925572,0.32040013916650123,0.03487143360338147,0.650103519668737,169,297,8220,314,0.043901652097702026,319940,35.54888888888889,0.17500000000000002,0.05177777777777778,LogisticRegression
0.9322222222222222,0.6575712294811181,0.3634408602150538,0.3498964803312629,0.3565400843881857,0.7978262206557534,0.2743213309925572,0.2743213309925572,0.32084521682221906,0.03475402136902665,0.650103519668737,169,296,8221,314,0.043901652097702026,319920,35.54666666666667,0.185,0.051666666666666666,LogisticRegression
0.9322222222222222,0.6575712294811181,0.3634408602150538,0.3498964803312629,0.3565400843881857,0.7978262206557534,0.2743213309925572,0.2743213309925572,0.32084521682221906,0.03475402136902665,0.650103519668737,169,296,8221,314,0.043901652097702026,319920,35.54666666666667,0.195,0.051666666666666666,LogisticRegression
0.9333333333333333,0.6562053095125059,0.37028824833702884,0.34575569358178054,0.3576017130620985,0.7978262206557534,0.2743213309925572,0.2743213309925572,0.32269835156215065,0.033345074556768814,0.6542443064182195,167,284,8233,316,0.043901652097702026,321680,35.742222222222225,0.20000000298023224,0.05011111111111111,LogisticRegression
0.9402222222222222,0.6442212396544142,0.42296918767507,0.31262939958592134,0.3595238095238096,0.7978262206557534,0.2743213309925572,0.2743213309925572,0.33305023492096086,0.024186920277092874,0.6873706004140787,151,206,8311,332,0.043901652097702026,336120,37.346666666666664,0.20500000000000002,0.03966666666666667,LogisticRegression
0.9402222222222222,0.6442212396544142,0.42296918767507,0.31262939958592134,0.3595238095238096,0.7978262206557534,0.2743213309925572,0.2743213309925572,0.33305023492096086,0.024186920277092874,0.6873706004140787,151,206,8311,332,0.043901652097702026,336120,37.346666666666664,0.215,0.03966666666666667,LogisticRegression
0.9402222222222222,0.6442212396544142,0.42296918767507,0.31262939958592134,0.3595238095238096,0.7978262206557534,0.2743213309925572,0.2743213309925572,0.33305023492096086,0.024186920277092874,0.6873706004140787,151,206,8311,332,0.043901652097702026,336120,37.346666666666664,0.225,0.03966666666666667,LogisticRegression
0.9402222222222222,0.6442212396544142,0.42296918767507,0.31262939958592134,0.3595238095238096,0.7978262206557534,0.2743213309925572,0.2743213309925572,0.33305023492096086,0.024186920277092874,0.6873706004140787,151,206,8311,332,0.043901652097702026,336120,37.346666666666664,0.23500000000000001,0.03966666666666667,LogisticRegression
0.9402222222222222,0.6442212396544142,0.42296918767507,0.31262939958592134,0.3595238095238096,0.7978262206557534,0.2743213309925572,0.2743213309925572,0.33305023492096086,0.024186920277092874,0.6873706004140787,151,206,8311,332,0.043901652097702026,336120,37.346666666666664,0.245,0.03966666666666667,LogisticRegression
0.9402222222222222,0.6442212396544142,0.42296918767507,0.31262939958592134,0.3595238095238096,0.7978262206557534,0.2743213309925572,0.2743213309925572,0.33305023492096086,0.024186920277092874,0.6873706004140787,151,206,8311,332,0.043901652097702026,336120,37.346666666666664,0.255,0.03966666666666667,LogisticRegression
0.9402222222222222,0.6442212396544142,0.42296918767507,0.31262939958592134,0.3595238095238096,0.7978262206557534,0.2743213309925572,0.2743213309925572,0.33305023492096086,0.024186920277092874,0.6873706004140787,151,206,8311,332,0.043901652097702026,336120,37.346666666666664,0.265,0.03966666666666667,LogisticRegression
0.9406666666666667,0.6415265924125443,0.4265129682997118,0.3064182194616977,0.35662650602409635,0.7978262206557534,0.2743213309925572,0.2743213309925572,0.3313117554098921,0.023365034636609133,0.6935817805383023,148,199,8318,335,0.043901652097702026,338980,37.66444444444444,0.275,0.03855555555555556,LogisticRegression
0.9406666666666667,0.639573611272158,0.42565597667638483,0.3022774327122153,0.35351089588377727,0.7978262206557534,0.2743213309925572,0.2743213309925572,0.3285635870982001,0.023130210167899495,0.6977225672877847,146,197,8320,337,0.043901652097702026,340940,37.882222222222225,0.2846153974533081,0.03811111111111111,LogisticRegression
0.9452222222222222,0.6048739204090905,0.4778761061946903,0.2236024844720497,0.304654442877292,0.7978262206557534,0.2743213309925572,0.2743213309925572,0.30210739299896683,0.013854643653868733,0.7763975155279503,108,118,8399,375,0.043901652097702026,377360,41.92888888888889,0.28500000000000003,0.025111111111111112,LogisticRegression
0.9452222222222222,0.6048739204090905,0.4778761061946903,0.2236024844720497,0.304654442877292,0.7978262206557534,0.2743213309925572,0.2743213309925572,0.30210739299896683,0.013854643653868733,0.7763975155279503,108,118,8399,375,0.043901652097702026,377360,41.92888888888889,0.295,0.025111111111111112,LogisticRegression
0.9453333333333334,0.6049326265262679,0.48,0.2236024844720497,0.3050847457627119,0.7978262206557534,0.2743213309925572,0.2743213309925572,0.3029302244864591,0.013737231419513914,0.7763975155279503,108,117,8400,375,0.043901652097702026,377340,41.92666666666667,0.3014779523015973,0.025,LogisticRegression
0.9453333333333334,0.6049326265262679,0.48,0.2236024844720497,0.3050847457627119,0.7978262206557534,0.2743213309925572,0.2743213309925572,0.3029302244864591,0.013737231419513914,0.7763975155279503,108,117,8400,375,0.043901652097702026,377340,41.92666666666667,0.305,0.025,LogisticRegression
0.9453333333333334,0.6049326265262679,0.48,0.2236024844720497,0.3050847457627119,0.7978262206557534,0.2743213309925572,0.2743213309925572,0.3029302244864591,0.013737231419513914,0.7763975155279503,108,117,8400,375,0.043901652097702026,377340,41.92666666666667,0.315,0.025,LogisticRegression
0.9453333333333334,0.6049326265262679,0.48,0.2236024844720497,0.3050847457627119,0.7978262206557534,0.2743213309925572,0.2743213309925572,0.3029302244864591,0.013737231419513914,0.7763975155279503,108,117,8400,375,0.043901652097702026,377340,41.92666666666667,0.325,0.025,LogisticRegression
0.9453333333333334,0.6049326265262679,0.48,0.2236024844720497,0.3050847457627119,0.7978262206557534,0.2743213309925572,0.2743213309925572,0.3029302244864591,0.013737231419513914,0.7763975155279503,108,117,8400,375,0.043901652097702026,377340,41.92666666666667,0.335,0.025,LogisticRegression
0.9453333333333334,0.6049326265262679,0.48,0.2236024844720497,0.3050847457627119,0.7978262206557534,0.2743213309925572,0.2743213309925572,0.3029302244864591,0.013737231419513914,0.7763975155279503,108,117,8400,375,0.043901652097702026,377340,41.92666666666667,0.34500000000000003,0.025,LogisticRegression
0.9453333333333334,0.6049326265262679,0.48,0.2236024844720497,0.3050847457627119,0.7978262206557534,0.2743213309925572,0.2743213309925572,0.3029302244864591,0.013737231419513914,0.7763975155279503,108,117,8400,375,0.043901652097702026,377340,41.92666666666667,0.35500000000000004,0.025,LogisticRegression
0.9453333333333334,0.6049326265262679,0.48,0.2236024844720497,0.3050847457627119,0.7978262206557534,0.2743213309925572,0.2743213309925572,0.3029302244864591,0.013737231419513914,0.7763975155279503,108,117,8400,375,0.043901652097702026,377340,41.92666666666667,0.365,0.025,LogisticRegression
0.9457777777777778,0.592473073582466,0.48717948717948717,0.19668737060041408,0.28023598820059,0.7978262206557534,0.2743213309925572,0.2743213309925572,0.2862728697343574,0.011741223435481977,0.8033126293995859,95,100,8417,388,0.043901652097702026,390000,43.333333333333336,0.3651685416698456,0.021666666666666667,LogisticRegression
0.9466666666666667,0.508964533483271,0.6,0.018633540372670808,0.03614457831325301,0.7978262206557534,0.2743213309925572,0.2743213309925572,0.09905351879344312,0.0007044734061289186,0.9813664596273292,9,6,8511,474,0.043901652097702026,474120,52.68,0.375,0.0016666666666666668,LogisticRegression
0.9466666666666667,0.508964533483271,0.6,0.018633540372670808,0.03614457831325301,0.7978262206557534,0.2743213309925572,0.2743213309925572,0.09905351879344312,0.0007044734061289186,0.9813664596273292,9,6,8511,474,0.043901652097702026,474120,52.68,0.385,0.0016666666666666668,LogisticRegression
0.9466666666666667,0.508964533483271,0.6,0.018633540372670808,0.03614457831325301,0.7978262206557534,0.2743213309925572,0.2743213309925572,0.09905351879344312,0.0007044734061289186,0.9813664596273292,9,6,8511,474,0.043901652097702026,474120,52.68,0.395,0.0016666666666666668,LogisticRegression
0.9464444444444444,0.502988177827757,0.6,0.006211180124223602,0.012295081967213113,0.7978262206557534,0.2743213309925572,0.2743213309925572,0.05715677780787492,0.00023482446870963955,0.9937888198757764,3,2,8515,480,0.043901652097702026,480040,53.33777777777778,0.40000003576278687,0.0005555555555555556,LogisticRegression
0.9463333333333334,0.5,0.0,0.0,0.0,0.7978262206557534,0.2743213309925572,0.2743213309925572,0.0,0.0,1.0,0,0,8517,483,0.043901652097702026,483000,53.666666666666664,0.405,0.0,LogisticRegression
0.9463333333333334,0.5,0.0,0.0,0.0,0.7978262206557534,0.2743213309925572,0.2743213309925572,0.0,0.0,1.0,0,0,8517,483,0.043901652097702026,483000,53.666666666666664,0.41500000000000004,0.0,LogisticRegression
0.9463333333333334,0.5,0.0,0.0,0.0,0.7978262206557534,0.2743213309925572,0.2743213309925572,0.0,0.0,1.0,0,0,8517,483,0.043901652097702026,483000,53.666666666666664,0.425,0.0,LogisticRegression
0.9463333333333334,0.5,0.0,0.0,0.0,0.7978262206557534,0.2743213309925572,0.2743213309925572,0.0,0.0,1.0,0,0,8517,483,0.043901652097702026,483000,53.666666666666664,0.435,0.0,LogisticRegression
0.9463333333333334,0.5,0.0,0.0,0.0,0.7978262206557534,0.2743213309925572,0.2743213309925572,0.0,0.0,1.0,0,0,8517,483,0.043901652097702026,483000,53.666666666666664,0.445,0.0,LogisticRegression
0.9463333333333334,0.5,0.0,0.0,0.0,0.7978262206557534,0.2743213309925572,0.2743213309925572,0.0,0.0,1.0,0,0,8517,483,0.043901652097702026,483000,53.666666666666664,0.455,0.0,LogisticRegression
0.9463333333333334,0.5,0.0,0.0,0.0,0.7978262206557534,0.2743213309925572,0.2743213309925572,0.0,0.0,1.0,0,0,8517,483,0.043901652097702026,483000,53.666666666666664,0.465,0.0,LogisticRegression
0.9463333333333334,0.5,0.0,0.0,0.0,0.7978262206557534,0.2743213309925572,0.2743213309925572,0.0,0.0,1.0,0,0,8517,483,0.043901652097702026,483000,53.666666666666664,0.47500000000000003,0.0,LogisticRegression
0.9463333333333334,0.5,0.0,0.0,0.0,0.7978262206557534,0.2743213309925572,0.2743213309925572,0.0,0.0,1.0,0,0,8517,483,0.043901652097702026,483000,53.666666666666664,0.485,0.0,LogisticRegression
0.9463333333333334,0.5,0.0,0.0,0.0,0.7978262206557534,0.2743213309925572,0.2743213309925572,0.0,0.0,1.0,0,0,8517,483,0.043901652097702026,483000,53.666666666666664,0.495,0.0,LogisticRegression
0.9463333333333334,0.5,0.0,0.0,0.0,0.7978262206557534,0.2743213309925572,0.2743213309925572,0.0,0.0,1.0,0,0,8517,483,0.043901652097702026,483000,53.666666666666664,0.505,0.0,LogisticRegression
0.9463333333333334,0.5,0.0,0.0,0.0,0.7978262206557534,0.2743213309925572,0.2743213309925572,0.0,0.0,1.0,0,0,8517,483,0.043901652097702026,483000,53.666666666666664,0.515,0.0,LogisticRegression
0.9463333333333334,0.5,0.0,0.0,0.0,0.7978262206557534,0.2743213309925572,0.2743213309925572,0.0,0.0,1.0,0,0,8517,483,0.043901652097702026,483000,53.666666666666664,0.525,0.0,LogisticRegression
0.9463333333333334,0.5,0.0,0.0,0.0,0.7978262206557534,0.2743213309925572,0.2743213309925572,0.0,0.0,1.0,0,0,8517,483,0.043901652097702026,483000,53.666666666666664,0.535,0.0,LogisticRegression
0.9463333333333334,0.5,0.0,0.0,0.0,0.7978262206557534,0.2743213309925572,0.2743213309925572,0.0,0.0,1.0,0,0,8517,483,0.043901652097702026,483000,53.666666666666664,0.545,0.0,LogisticRegression
0.9463333333333334,0.5,0.0,0.0,0.0,0.7978262206557534,0.2743213309925572,0.2743213309925572,0.0,0.0,1.0,0,0,8517,483,0.043901652097702026,483000,53.666666666666664,0.555,0.0,LogisticRegression
0.9463333333333334,0.5,0.0,0.0,0.0,0.7978262206557534,0.2743213309925572,0.2743213309925572,0.0,0.0,1.0,0,0,8517,483,0.043901652097702026,483000,53.666666666666664,0.5650000000000001,0.0,LogisticRegression
0.9463333333333334,0.5,0.0,0.0,0.0,0.7978262206557534,0.2743213309925572,0.2743213309925572,0.0,0.0,1.0,0,0,8517,483,0.043901652097702026,483000,53.666666666666664,0.5750000000000001,0.0,LogisticRegression
0.9463333333333334,0.5,0.0,0.0,0.0,0.7978262206557534,0.2743213309925572,0.2743213309925572,0.0,0.0,1.0,0,0,8517,483,0.043901652097702026,483000,53.666666666666664,0.585,0.0,LogisticRegression
0.9463333333333334,0.5,0.0,0.0,0.0,0.7978262206557534,0.2743213309925572,0.2743213309925572,0.0,0.0,1.0,0,0,8517,483,0.043901652097702026,483000,53.666666666666664,0.595,0.0,LogisticRegression
0.9463333333333334,0.5,0.0,0.0,0.0,0.7978262206557534,0.2743213309925572,0.2743213309925572,0.0,0.0,1.0,0,0,8517,483,0.043901652097702026,483000,53.666666666666664,0.605,0.0,LogisticRegression
0.9463333333333334,0.5,0.0,0.0,0.0,0.7978262206557534,0.2743213309925572,0.2743213309925572,0.0,0.0,1.0,0,0,8517,483,0.043901652097702026,483000,53.666666666666664,0.615,0.0,LogisticRegression
0.9463333333333334,0.5,0.0,0.0,0.0,0.7978262206557534,0.2743213309925572,0.2743213309925572,0.0,0.0,1.0,0,0,8517,483,0.043901652097702026,483000,53.666666666666664,0.625,0.0,LogisticRegression
0.9463333333333334,0.5,0.0,0.0,0.0,0.7978262206557534,0.2743213309925572,0.2743213309925572,0.0,0.0,1.0,0,0,8517,483,0.043901652097702026,483000,53.666666666666664,0.635,0.0,LogisticRegression
0.9463333333333334,0.5,0.0,0.0,0.0,0.7978262206557534,0.2743213309925572,0.2743213309925572,0.0,0.0,1.0,0,0,8517,483,0.043901652097702026,483000,53.666666666666664,0.645,0.0,LogisticRegression
0.9463333333333334,0.5,0.0,0.0,0.0,0.7978262206557534,0.2743213309925572,0.2743213309925572,0.0,0.0,1.0,0,0,8517,483,0.043901652097702026,483000,53.666666666666664,0.655,0.0,LogisticRegression
0.9463333333333334,0.5,0.0,0.0,0.0,0.7978262206557534,0.2743213309925572,0.2743213309925572,0.0,0.0,1.0,0,0,8517,483,0.043901652097702026,483000,53.666666666666664,0.665,0.0,LogisticRegression
0.9463333333333334,0.5,0.0,0.0,0.0,0.7978262206557534,0.2743213309925572,0.2743213309925572,0.0,0.0,1.0,0,0,8517,483,0.043901652097702026,483000,53.666666666666664,0.675,0.0,LogisticRegression
0.9463333333333334,0.5,0.0,0.0,0.0,0.7978262206557534,0.2743213309925572,0.2743213309925572,0.0,0.0,1.0,0,0,8517,483,0.043901652097702026,483000,53.666666666666664,0.685,0.0,LogisticRegression
0.9463333333333334,0.5,0.0,0.0,0.0,0.7978262206557534,0.2743213309925572,0.2743213309925572,0.0,0.0,1.0,0,0,8517,483,0.043901652097702026,483000,53.666666666666664,0.6950000000000001,0.0,LogisticRegression
0.9463333333333334,0.5,0.0,0.0,0.0,0.7978262206557534,0.2743213309925572,0.2743213309925572,0.0,0.0,1.0,0,0,8517,483,0.043901652097702026,483000,53.666666666666664,0.7050000000000001,0.0,LogisticRegression
0.9463333333333334,0.5,0.0,0.0,0.0,0.7978262206557534,0.2743213309925572,0.2743213309925572,0.0,0.0,1.0,0,0,8517,483,0.043901652097702026,483000,53.666666666666664,0.715,0.0,LogisticRegression
0.9463333333333334,0.5,0.0,0.0,0.0,0.7978262206557534,0.2743213309925572,0.2743213309925572,0.0,0.0,1.0,0,0,8517,483,0.043901652097702026,483000,53.666666666666664,0.725,0.0,LogisticRegression
0.9463333333333334,0.5,0.0,0.0,0.0,0.7978262206557534,0.2743213309925572,0.2743213309925572,0.0,0.0,1.0,0,0,8517,483,0.043901652097702026,483000,53.666666666666664,0.735,0.0,LogisticRegression
0.9463333333333334,0.5,0.0,0.0,0.0,0.7978262206557534,0.2743213309925572,0.2743213309925572,0.0,0.0,1.0,0,0,8517,483,0.043901652097702026,483000,53.666666666666664,0.745,0.0,LogisticRegression
0.9463333333333334,0.5,0.0,0.0,0.0,0.7978262206557534,0.2743213309925572,0.2743213309925572,0.0,0.0,1.0,0,0,8517,483,0.043901652097702026,483000,53.666666666666664,0.755,0.0,LogisticRegression
0.9463333333333334,0.5,0.0,0.0,0.0,0.7978262206557534,0.2743213309925572,0.2743213309925572,0.0,0.0,1.0,0,0,8517,483,0.043901652097702026,483000,53.666666666666664,0.765,0.0,LogisticRegression
0.9463333333333334,0.5,0.0,0.0,0.0,0.7978262206557534,0.2743213309925572,0.2743213309925572,0.0,0.0,1.0,0,0,8517,483,0.043901652097702026,483000,53.666666666666664,0.775,0.0,LogisticRegression
0.9463333333333334,0.5,0.0,0.0,0.0,0.7978262206557534,0.2743213309925572,0.2743213309925572,0.0,0.0,1.0,0,0,8517,483,0.043901652097702026,483000,53.666666666666664,0.785,0.0,LogisticRegression
0.9463333333333334,0.5,0.0,0.0,0.0,0.7978262206557534,0.2743213309925572,0.2743213309925572,0.0,0.0,1.0,0,0,8517,483,0.043901652097702026,483000,53.666666666666664,0.795,0.0,LogisticRegression
0.9463333333333334,0.5,0.0,0.0,0.0,0.7978262206557534,0.2743213309925572,0.2743213309925572,0.0,0.0,1.0,0,0,8517,483,0.043901652097702026,483000,53.666666666666664,0.805,0.0,LogisticRegression
0.9463333333333334,0.5,0.0,0.0,0.0,0.7978262206557534,0.2743213309925572,0.2743213309925572,0.0,0.0,1.0,0,0,8517,483,0.043901652097702026,483000,53.666666666666664,0.8150000000000001,0.0,LogisticRegression
0.9463333333333334,0.5,0.0,0.0,0.0,0.7978262206557534,0.2743213309925572,0.2743213309925572,0.0,0.0,1.0,0,0,8517,483,0.043901652097702026,483000,53.666666666666664,0.8250000000000001,0.0,LogisticRegression
0.9463333333333334,0.5,0.0,0.0,0.0,0.7978262206557534,0.2743213309925572,0.2743213309925572,0.0,0.0,1.0,0,0,8517,483,0.043901652097702026,483000,53.666666666666664,0.8350000000000001,0.0,LogisticRegression
0.9463333333333334,0.5,0.0,0.0,0.0,0.7978262206557534,0.2743213309925572,0.2743213309925572,0.0,0.0,1.0,0,0,8517,483,0.043901652097702026,483000,53.666666666666664,0.845,0.0,LogisticRegression
0.9463333333333334,0.5,0.0,0.0,0.0,0.7978262206557534,0.2743213309925572,0.2743213309925572,0.0,0.0,1.0,0,0,8517,483,0.043901652097702026,483000,53.666666666666664,0.855,0.0,LogisticRegression
0.9463333333333334,0.5,0.0,0.0,0.0,0.7978262206557534,0.2743213309925572,0.2743213309925572,0.0,0.0,1.0,0,0,8517,483,0.043901652097702026,483000,53.666666666666664,0.865,0.0,LogisticRegression
0.9463333333333334,0.5,0.0,0.0,0.0,0.7978262206557534,0.2743213309925572,0.2743213309925572,0.0,0.0,1.0,0,0,8517,483,0.043901652097702026,483000,53.666666666666664,0.875,0.0,LogisticRegression
0.9463333333333334,0.5,0.0,0.0,0.0,0.7978262206557534,0.2743213309925572,0.2743213309925572,0.0,0.0,1.0,0,0,8517,483,0.043901652097702026,483000,53.666666666666664,0.885,0.0,LogisticRegression
0.9463333333333334,0.5,0.0,0.0,0.0,0.7978262206557534,0.2743213309925572,0.2743213309925572,0.0,0.0,1.0,0,0,8517,483,0.043901652097702026,483000,53.666666666666664,0.895,0.0,LogisticRegression
0.9463333333333334,0.5,0.0,0.0,0.0,0.7978262206557534,0.2743213309925572,0.2743213309925572,0.0,0.0,1.0,0,0,8517,483,0.043901652097702026,483000,53.666666666666664,0.905,0.0,LogisticRegression
0.9463333333333334,0.5,0.0,0.0,0.0,0.7978262206557534,0.2743213309925572,0.2743213309925572,0.0,0.0,1.0,0,0,8517,483,0.043901652097702026,483000,53.666666666666664,0.915,0.0,LogisticRegression
0.9463333333333334,0.5,0.0,0.0,0.0,0.7978262206557534,0.2743213309925572,0.2743213309925572,0.0,0.0,1.0,0,0,8517,483,0.043901652097702026,483000,53.666666666666664,0.925,0.0,LogisticRegression
0.9463333333333334,0.5,0.0,0.0,0.0,0.7978262206557534,0.2743213309925572,0.2743213309925572,0.0,0.0,1.0,0,0,8517,483,0.043901652097702026,483000,53.666666666666664,0.935,0.0,LogisticRegression
0.9463333333333334,0.5,0.0,0.0,0.0,0.7978262206557534,0.2743213309925572,0.2743213309925572,0.0,0.0,1.0,0,0,8517,483,0.043901652097702026,483000,53.666666666666664,0.9450000000000001,0.0,LogisticRegression
0.9463333333333334,0.5,0.0,0.0,0.0,0.7978262206557534,0.2743213309925572,0.2743213309925572,0.0,0.0,1.0,0,0,8517,483,0.043901652097702026,483000,53.666666666666664,0.9550000000000001,0.0,LogisticRegression
0.9463333333333334,0.5,0.0,0.0,0.0,0.7978262206557534,0.2743213309925572,0.2743213309925572,0.0,0.0,1.0,0,0,8517,483,0.043901652097702026,483000,53.666666666666664,0.965,0.0,LogisticRegression
0.9463333333333334,0.5,0.0,0.0,0.0,0.7978262206557534,0.2743213309925572,0.2743213309925572,0.0,0.0,1.0,0,0,8517,483,0.043901652097702026,483000,53.666666666666664,0.975,0.0,LogisticRegression
0.9463333333333334,0.5,0.0,0.0,0.0,0.7978262206557534,0.2743213309925572,0.2743213309925572,0.0,0.0,1.0,0,0,8517,483,0.043901652097702026,483000,53.666666666666664,0.985,0.0,LogisticRegression
0.9463333333333334,0.5,0.0,0.0,0.0,0.7978262206557534,0.2743213309925572,0.2743213309925572,0.0,0.0,1.0,0,0,8517,483,0.043901652097702026,483000,53.666666666666664,0.995,0.0,LogisticRegression
0.9463333333333334,0.5,0.0,0.0,0.0,0.7978262206557534,0.2743213309925572,0.2743213309925572,0.0,0.0,1.0,0,0,8517,483,0.043901652097702026,483000,53.666666666666664,1.000001,0.0,LogisticRegression
0.05366666666666667,0.5,0.05366666666666667,1.0,0.1018664979436887,0.7878596722035165,0.26364754075129576,0.26364754075129576,0.0,1.0,0.0,483,8517,0,0,0.044788712281451,170340,18.926666666666666,0.005,1.0,RandomForest
0.05366666666666667,0.5,0.05366666666666667,1.0,0.1018664979436887,0.7878596722035165,0.26364754075129576,0.26364754075129576,0.0,1.0,0.0,483,8517,0,0,0.044788712281451,170340,18.926666666666666,0.008173676735814229,1.0,RandomForest
0.066,0.5055398884364993,0.054236525261618096,0.9979296066252588,0.10288153681963713,0.7878596722035165,0.26364754075129576,0.26364754075129576,0.022424929776826103,0.9868498297522602,0.002070393374741201,482,8405,112,1,0.044788712281451,169100,18.788888888888888,0.011957362997572623,0.9874444444444445,RandomForest
0.07844444444444444,0.5121149735603692,0.05492877492877493,0.9979296066252588,0.10412616115791748,0.7878596722035165,0.26364754075129576,0.26364754075129576,0.03497474314503554,0.9736996595045204,0.002070393374741201,482,8293,224,1,0.044788712281451,166860,18.54,0.013152204866442302,0.975,RandomForest
0.09055555555555556,0.5165609591923205,0.055414453936735164,0.9937888198757764,0.10497539639147073,0.7878596722035165,0.26364754075129576,0.26364754075129576,0.03926132316285276,0.9606669014911354,0.006211180124223602,480,8182,335,3,0.044788712281451,166640,18.515555555555554,0.013945171628800162,0.9624444444444444,RandomForest
0.10255555555555555,0.5209482387070944,0.05590643274853801,0.989648033126294,0.1058341636222739,0.7878596722035165,0.26364754075129576,0.26364754075129576,0.043321659493188606,0.9477515557121052,0.010351966873706004,478,8072,445,5,0.044788712281451,166440,18.493333333333332,0.014645904031125064,0.95,RandomForest
0.11166666666666666,0.5247856497454488,0.05634301913536499,0.9875776397515528,0.10660408984244048,0.7878596722035165,0.26364754075129576,0.26364754075129576,0.04728652855332479,0.9380063402606552,0.012422360248447204,477,7989,528,6,0.044788712281451,165780,18.42,0.015,0.9406666666666667,RandomForest
0.11466666666666667,0.5253942243390457,0.056418158113073366,0.9855072463768116,0.10672645739910314,0.7878596722035165,0.26364754075129576,0.26364754075129576,0.047264341833222666,0.9347187976987202,0.014492753623188406,476,7961,556,7,0.044788712281451,166220,18.468888888888888,0.015142185713646433,0.9374444444444444,RandomForest
0.12688888888888888,0.5308754066583676,0.057057057057057055,0.9834368530020704,0.10785649409627611,0.7878596722035165,0.26364754075129576,0.26364754075129576,0.05283425203001678,0.9216860396853352,0.016563146997929608,475,7850,667,8,0.044788712281451,165000,18.333333333333332,0.015643241285430855,0.925,RandomForest
0.13944444444444445,0.5375091978994149,0.05784218217243059,0.9834368530020704,0.10925819436457734,0.7878596722035165,0.26364754075129576,0.26364754075129576,0.05981320620819017,0.9084184572032405,0.016563146997929608,475,7737,780,8,0.044788712281451,162740,18.08222222222222,0.01600747039849663,0.9124444444444444,RandomForest
0.15122222222222223,0.5408025746096408,0.058271604938271604,0.9772256728778468,0.10998485378072935,0.7878596722035165,0.26364754075129576,0.26364754075129576,0.06130144164698752,0.8956205236585653,0.022774327122153208,472,7628,889,11,0.044788712281451,163560,18.173333333333332,0.016401376801157174,0.9,RandomForest
0.16377777777777777,0.5474363658506881,0.05909603105045699,0.9772256728778468,0.11145218417945692,0.7878596722035165,0.26364754075129576,0.26364754075129576,0.06764905428268515,0.8823529411764706,0.022774327122153208,472,7515,1002,11,0.044788712281451,161300,17.92222222222222,0.0167058469744671,0.8874444444444445,RandomForest
0.17622222222222222,0.554011450974558,0.059936507936507934,0.9772256728778468,0.11294568078487675,0.7878596722035165,0.26364754075129576,0.26364754075129576,0.07360904557069516,0.8692027709287308,0.022774327122153208,472,7403,1114,11,0.044788712281451,159060,17.673333333333332,0.01702963561257067,0.875,RandomForest
0.18811111111111112,0.5573635338019612,0.06042257150219016,0.9710144927536232,0.11376591873862948,0.7878596722035165,0.26364754075129576,0.26364754075129576,0.07506468054848213,0.8562874251497006,0.028985507246376812,469,7293,1224,14,0.044788712281451,159860,17.76222222222222,0.017342176576177905,0.8624444444444445,RandomForest
0.20033333333333334,0.5628447161212832,0.0611764705882353,0.968944099378882,0.1150866838804869,0.7878596722035165,0.26364754075129576,0.26364754075129576,0.0793264559128903,0.8432546671363156,0.031055900621118012,468,7182,1335,15,0.044788712281451,158640,17.626666666666665,0.017659790463213747,0.85,RandomForest
0.21244444444444444,0.5672907017532345,0.06182831365264694,0.9648033126293996,0.11620947630922693,0.7878596722035165,0.26364754075129576,0.26364754075129576,0.08220164741942589,0.8302219091229306,0.035196687370600416,466,7071,1446,17,0.044788712281451,158420,17.602222222222224,0.017971705365731505,0.8374444444444444,RandomForest
0.2242222222222222,0.5705840784634604,0.062356902356902354,0.9585921325051759,0.1170966110268083,0.7878596722035165,0.26364754075129576,0.26364754075129576,0.08372692195980656,0.8174239755782553,0.041407867494824016,463,6962,1555,20,0.044788712281451,159240,17.69333333333333,0.018373129566056776,0.825,RandomForest
0.23655555555555555,0.5761239668999597,0.06318380743982495,0.9565217391304348,0.1185375240538807,0.7878596722035165,0.26364754075129576,0.26364754075129576,0.08789496224007462,0.8042738053305154,0.043478260869565216,462,6850,1667,21,0.044788712281451,158000,17.555555555555557,0.01865729539217177,0.8124444444444444,RandomForest
0.24855555555555556,0.5805112464147335,0.06388888888888888,0.9523809523809523,0.11974489131849536,0.7878596722035165,0.26364754075129576,0.26364754075129576,0.09071955975639975,0.7913584595514853,0.047619047619047616,460,6740,1777,23,0.044788712281451,157800,17.533333333333335,0.018977785886329413,0.8,RandomForest
0.26066666666666666,0.5849572320466848,0.06462537039650064,0.94824016563147,0.12100396301188905,0.7878596722035165,0.26364754075129576,0.26364754075129576,0.09359626916176156,0.7783257015381003,0.051759834368530024,458,6629,1888,25,0.044788712281451,157580,17.50888888888889,0.01930187615386417,0.7874444444444444,RandomForest
0.27266666666666667,0.5893445115614587,0.06537634408602151,0.9440993788819876,0.12228479485116654,0.7878596722035165,0.26364754075129576,0.26364754075129576,0.09643399168225558,0.7654103557590701,0.055900621118012424,456,6519,1998,27,0.044788712281451,157380,17.486666666666668,0.019618071869961607,0.775,RandomForest
0.28455555555555556,0.592696594388862,0.06601573885164674,0.937888198757764,0.12334921715452687,0.7878596722035165,0.26364754075129576,0.26364754075129576,0.0981706024380919,0.7524950099800399,0.062111801242236024,453,6409,2108,30,0.044788712281451,158180,17.575555555555557,0.019948349831575778,0.7624444444444445,RandomForest
0.2961111111111111,0.5948960682945399,0.06651851851851852,0.9296066252587992,0.12415318678280104,0.7878596722035165,0.26364754075129576,0.26364754075129576,0.09877611901850132,0.7398144886697194,0.07039337474120083,449,6301,2216,34,0.044788712281451,160020,17.78,0.020226109983463494,0.75,RandomForest
0.308,0.5982481511219432,0.06719903570890462,0.9233954451345756,0.12528089887640448,0.7878596722035165,0.26364754075129576,0.26364754075129576,0.10063603127074207,0.7268991428906892,0.07660455486542443,446,6191,2326,37,0.044788712281451,160820,17.86888888888889,0.02050102910698517,0.7374444444444445,RandomForest
0.32,0.602635430636717,0.06804597701149426,0.9192546583850931,0.1267123287671233,0.7878596722035165,0.26364754075129576,0.26364754075129576,0.10360156929314711,0.713983797111659,0.08074534161490683,444,6081,2436,39,0.044788712281451,160620,17.846666666666668,0.020762727156868693,0.725,RandomForest
0.3318888888888889,0.6059875134641204,0.06877729257641921,0.9130434782608695,0.12791878172588833,0.7878596722035165,0.26364754075129576,0.26364754075129576,0.10554136221032352,0.7010684513326289,0.08695652173913043,441,5971,2546,42,0.044788712281451,161420,17.935555555555556,0.021044338549621837,0.7124444444444444,RandomForest
0.3436666666666667,0.6092808901743463,0.06952380952380953,0.906832298136646,0.12914639540026537,0.7878596722035165,0.26364754075129576,0.26364754075129576,0.10748279512090443,0.6882705177879535,0.09316770186335403,438,5862,2655,45,0.044788712281451,162240,18.026666666666667,0.021313081319966606,0.7,RandomForest
0.35555555555555557,0.6126329730017496,0.07030871181509617,0.9006211180124224,0.13043478260869565,0.7878596722035165,0.26364754075129576,0.26364754075129576,0.10951850537513605,0.6753551720089234,0.09937888198757763,435,5752,2765,48,0.044788712281451,163040,18.115555555555556,0.021595336075773856,0.6874444444444444,RandomForest
0.3671111111111111,0.6148324469074273,0.07094650205761317,0.8923395445134575,0.1314425129612687,0.7878596722035165,0.26364754075129576,0.26364754075129576,0.11050334572310327,0.6626746506986028,0.10766045548654245,431,5644,2873,52,0.044788712281451,164880,18.32,0.02186726263097753,0.675,RandomForest
0.37966666666666665,0.6214662381484747,0.07229117745722911,0.8923395445134575,0.13374709076803723,0.7878596722035165,0.26364754075129576,0.26364754075129576,0.11577441507584404,0.6494070682165082,0.10766045548654245,431,5531,2986,52,0.044788712281451,162620,18.06888888888889,0.022140536402445305,0.6624444444444444,RandomForest
0.39166666666666666,0.6258535176632486,0.07333333333333333,0.8881987577639752,0.13548081477972526,0.7878596722035165,0.26364754075129576,0.26364754075129576,0.11892660835779724,0.636491722437478,0.11180124223602485,429,5421,3096,54,0.044788712281451,162420,18.046666666666667,0.022445526253785108,0.65,RandomForest
0.4037777777777778,0.6302995032951999,0.07442914415199582,0.8840579710144928,0.13729903536977492,0.7878596722035165,0.26364754075129576,0.26364754075129576,0.12216271693740405,0.623458964424093,0.11594202898550725,427,5310,3207,56,0.044788712281451,162200,18.022222222222222,0.02271177237132584,0.6374444444444445,RandomForest
0.416,0.6357806856145218,0.07573333333333333,0.8819875776397516,0.13948919449901767,0.7878596722035165,0.26364754075129576,0.26364754075129576,0.1264115422837037,0.610426206410708,0.11801242236024845,426,5199,3318,57,0.044788712281451,160980,17.886666666666667,0.022964286586434873,0.625,RandomForest
0.4281111111111111,0.640226671246473,0.07692307692307693,0.8778467908902692,0.1414512093411176,0.7878596722035165,0.26364754075129576,0.26364754075129576,0.1297282820172767,0.597393448397323,0.12215320910973085,424,5088,3429,59,0.044788712281451,160760,17.862222222222222,0.023276522353837127,0.6124444444444445,RandomForest
0.4401111111111111,0.644613950761247,0.07814814814814815,0.8737060041407867,0.14346421893591704,0.7878596722035165,0.26364754075129576,0.26364754075129576,0.13304818220339093,0.5844781026182928,0.12629399585921325,422,4978,3539,61,0.044788712281451,160560,17.84,0.02350021478096591,0.6,RandomForest
0.4517777777777778,0.6468721307841022,0.07906184982031397,0.865424430641822,0.14488734835355285,0.7878596722035165,0.26364754075129576,0.26364754075129576,0.13446806344899662,0.5716801690736175,0.13457556935817805,418,4869,3648,65,0.044788712281451,162380,18.04222222222222,0.023763961563087178,0.5874444444444444,RandomForest
0.4637777777777778,0.6512594102988761,0.08038647342995169,0.8612836438923396,0.14704842700600917,0.7878596722035165,0.26364754075129576,0.26364754075129576,0.13791083588898026,0.5587648232945873,0.13871635610766045,416,4759,3758,67,0.044788712281451,162180,18.02,0.02401814796941138,0.575,RandomForest
0.4761111111111111,0.6567992987353755,0.08198340576847096,0.8592132505175983,0.1496844003606853,0.7878596722035165,0.26364754075129576,0.26364754075129576,0.1424597160504183,0.5456146530468475,0.14078674948240166,415,4647,3870,68,0.044788712281451,160940,17.88222222222222,0.02428339534153368,0.5624444444444444,RandomForest
0.48788888888888887,0.6600926754456014,0.08323232323232323,0.8530020703933747,0.15166574636480765,0.7878596722035165,0.26364754075129576,0.26364754075129576,0.14504014863174597,0.5328167195021721,0.14699792960662525,412,4538,3979,71,0.044788712281451,161760,17.973333333333333,0.024549865044628073,0.55,RandomForest
0.49977777777777777,0.6634447582730045,0.08455654331197023,0.8467908902691511,0.1537593984962406,0.7878596722035165,0.26364754075129576,0.26364754075129576,0.1477497084922151,0.5199013737231419,0.15320910973084886,409,4428,4089,74,0.044788712281451,162560,18.06222222222222,0.024782094815098892,0.5374444444444444,RandomForest
0.5088888888888888,0.6653291881709726,0.08549168245946515,0.8405797101449275,0.15519877675840976,0.7878596722035165,0.26364754075129576,0.26364754075129576,0.1492621801068185,0.5099213338029823,0.15942028985507245,406,4343,4174,77,0.044788712281451,163860,18.206666666666667,0.025,0.5276666666666666,RandomForest
0.5115555555555555,0.6667381349832304,0.08592592592592592,0.8405797101449275,0.15591397849462363,0.7878596722035165,0.26364754075129576,0.26364754075129576,0.15049180743331125,0.5071034401784666,0.15942028985507245,406,4319,4198,77,0.044788712281451,163380,18.153333333333332,0.025082544114743914,0.525,RandomForest
0.5236666666666666,0.6711841206151817,0.08759757155247182,0.8364389233954451,0.15858684985279686,0.7878596722035165,0.26364754075129576,0.26364754075129576,0.15435915841383857,0.4940706821650816,0.16356107660455488,404,4208,4309,79,0.044788712281451,163160,18.128888888888888,0.025354151085752695,0.5124444444444445,RandomForest
0.5358888888888889,0.6766653029345036,0.08955555555555555,0.8343685300207039,0.16174994982942004,0.7878596722035165,0.26364754075129576,0.26364754075129576,0.15925227065933217,0.4810379241516966,0.16563146997929606,403,4097,4420,80,0.044788712281451,161940,17.993333333333332,0.025663435942877157,0.5,RandomForest
0.5481111111111111,0.6821464852538256,0.09161349134001823,0.8322981366459627,0.1650585095462944,0.7878596722035165,0.26364754075129576,0.26364754075129576,0.16424407866091323,0.4680051661383116,0.16770186335403728,402,3986,4531,81,0.044788712281451,160720,17.857777777777777,0.025975936729908708,0.4875555555555556,RandomForest
0.5595555555555556,0.6833107624721328,0.09286549707602339,0.8219461697722568,0.16687683900798653,0.7878596722035165,0.26364754075129576,0.26364754075129576,0.1654496613458234,0.45532464482799107,0.17805383022774326,397,3878,4639,86,0.044788712281451,163560,18.173333333333332,0.026264089661890783,0.475,RandomForest
0.5715555555555556,0.6876980419869068,0.09488349747778045,0.8178053830227743,0.17003874300473526,0.7878596722035165,0.26364754075129576,0.26364754075129576,0.16967403103746667,0.4424092990489609,0.18219461697722567,395,3768,4749,88,0.044788712281451,163360,18.15111111111111,0.026609681902790904,0.46255555555555555,RandomForest
0.5838888888888889,0.693237930423406,0.09728395061728395,0.8157349896480331,0.17383631149349218,0.7878596722035165,0.26364754075129576,0.26364754075129576,0.17506895972530187,0.4292591288012211,0.18426501035196688,394,3656,4861,89,0.044788712281451,162120,18.013333333333332,0.026942560410714106,0.45,RandomForest
0.595,0.6932495987199878,0.09852717115286948,0.8033126293995859,0.17552589911784666,0.7878596722035165,0.26364754075129576,0.26364754075129576,0.17557656942693745,0.4168134319596102,0.19668737060041408,388,3550,4967,95,0.044788712281451,166000,18.444444444444443,0.027285369416144952,0.43755555555555553,RandomForest
0.6071111111111112,0.6976955843519392,0.10091503267973856,0.7991718426501035,0.17920148560817084,0.7878596722035165,0.26364754075129576,0.26364754075129576,0.18024903862618666,0.4037806739462252,0.20082815734989648,386,3439,5078,97,0.044788712281451,165780,18.42,0.027708430288623315,0.425,RandomForest
0.6193333333333333,0.703176766671261,0.10368973875572314,0.7971014492753623,0.18350810295519543,0.7878596722035165,0.26364754075129576,0.26364754075129576,0.1860174983930333,0.3907479159328402,0.2028985507246377,385,3328,5189,98,0.044788712281451,164560,18.284444444444443,0.028078734673511296,0.41255555555555556,RandomForest
0.6314444444444445,0.7076227523032124,0.1063888888888889,0.7929606625258799,0.18760715160421262,0.7878596722035165,0.26364754075129576,0.26364754075129576,0.19101773814072312,0.3777151579194552,0.2070393374741201,383,3217,5300,100,0.044788712281451,164340,18.26,0.02851227412522339,0.4,RandomForest
0.643,0.7098222262088902,0.10865825688073394,0.7846790890269151,0.19088390833543187,0.7878596722035165,0.26364754075129576,0.26364754075129576,0.19411340719395678,0.36503463660913466,0.2153209109730849,379,3109,5408,104,0.044788712281451,166180,18.464444444444446,0.028946003514310193,0.38755555555555554,RandomForest
0.6548888888888889,0.7131743090362934,0.11140740740740741,0.7784679089026915,0.19491964748574392,0.7878596722035165,0.26364754075129576,0.26364754075129576,0.1984648483588057,0.3521192908301045,0.22153209109730848,376,2999,5518,107,0.044788712281451,166980,18.553333333333335,0.029530547596019432,0.375,RandomForest
0.6664444444444444,0.7153737829419714,0.11400551639595465,0.7701863354037267,0.198611852642819,0.7878596722035165,0.26364754075129576,0.26364754075129576,0.20192438049184191,0.33943876951978397,0.22981366459627328,372,2891,5626,111,0.044788712281451,168820,18.75777777777778,0.03015250768651794,0.3625555555555556,RandomForest
0.6781111111111111,0.7176319629648267,0.11682539682539683,0.7619047619047619,0.20258739333883843,0.7878596722035165,0.26364754075129576,0.26364754075129576,0.20565361784253594,0.3266408359751086,0.23809523809523808,368,2782,5735,115,0.044788712281451,170640,18.96,0.0308333247545002,0.35,RandomForest
0.6898888888888889,0.7209253396750526,0.12014483212639894,0.7556935817805382,0.2073274637886964,0.7878596722035165,0.26364754075129576,0.26364754075129576,0.2105729325793939,0.3138429024304332,0.2443064182194617,365,2673,5844,118,0.044788712281451,171460,19.051111111111112,0.03151530844730373,0.33755555555555555,RandomForest
0.7015555555555556,0.7231835196979077,0.12341880341880342,0.7474120082815735,0.2118544600938967,0.7878596722035165,0.26364754075129576,0.26364754075129576,0.21476966050160654,0.3010449688857579,0.2525879917184265,361,2564,5953,122,0.044788712281451,173280,19.253333333333334,0.03234618848462786,0.325,RandomForest
0.7126666666666667,0.7231951879944896,0.12619978670458584,0.7349896480331263,0.2154126213592233,0.7878596722035165,0.26364754075129576,0.26364754075129576,0.21702351225070948,0.288599272044147,0.2650103519668737,355,2458,6059,128,0.044788712281451,177160,19.684444444444445,0.033211793441909214,0.31255555555555553,RandomForest
0.7241111111111111,0.7243594652127969,0.12962962962962962,0.7246376811594203,0.21991831605403706,0.7878596722035165,0.26364754075129576,0.26364754075129576,0.22066788067364862,0.2759187507338265,0.2753623188405797,350,2350,6167,133,0.044788712281451,180000,20.0,0.034299985818753174,0.3,RandomForest
0.7307777777777777,0.7269053416732483,0.13229719484457922,0.722567287784679,0.2236462672220442,0.7878596722035165,0.26364754075129576,0.26364754075129576,0.22467635863606983,0.26875660443818244,0.2774327122153209,349,2289,6228,134,0.044788712281451,179780,19.975555555555555,0.034999999999999996,0.2931111111111111,RandomForest
0.7352222222222222,0.7243711335093788,0.13292117465224113,0.7122153209109731,0.22403126017583855,0.7878596722035165,0.26364754075129576,0.26364754075129576,0.2234266499635419,0.2634730538922156,0.28778467908902694,344,2244,6273,139,0.044788712281451,183880,20.43111111111111,0.03557641896082928,0.28755555555555556,RandomForest
0.7466666666666667,0.725535410727686,0.13696969696969696,0.7018633540372671,0.22920892494929004,0.7878596722035165,0.26364754075129576,0.26364754075129576,0.22765844443394198,0.25079253258189504,0.2981366459627329,339,2136,6381,144,0.044788712281451,186720,20.746666666666666,0.03720596085992187,0.275,RandomForest
0.7577777777777778,0.7255470790242678,0.14092255607278883,0.6894409937888198,0.23401264933239635,0.7878596722035165,0.26364754075129576,0.26364754075129576,0.2310289062797564,0.23834683574028415,0.3105590062111801,333,2030,6487,150,0.044788712281451,190600,21.177777777777777,0.03939109857406691,0.26255555555555554,RandomForest
0.7685555555555555,0.723429647828931,0.14444444444444443,0.6728778467908902,0.23783388218075374,0.7878596722035165,0.26364754075129576,0.26364754075129576,0.23256509866892097,0.22601855113302807,0.32712215320910976,325,1925,6592,158,0.044788712281451,196500,21.833333333333332,0.04281234096499206,0.25,RandomForest
0.7746666666666666,0.7247055031333023,0.1474212688270196,0.6687370600414079,0.2415856394913986,0.7878596722035165,0.26364754075129576,0.26364754075129576,0.23599224807206673,0.21932605377480333,0.33126293995859213,323,1868,6649,160,0.044788712281451,197360,21.92888888888889,0.045,0.24344444444444444,RandomForest
0.7794444444444445,0.722347413320965,0.14873713751169318,0.6583850931677019,0.24265547500953835,0.7878596722035165,0.26364754075129576,0.26364754075129576,0.23547768567097752,0.213690266525772,0.3416149068322981,318,1820,6697,165,0.044788712281451,201400,22.377777777777776,0.04730024373901515,0.23755555555555555,RandomForest
0.7915555555555556,0.7267933989529163,0.15604938271604937,0.6542443064182195,0.25199362041467305,0.7878596722035165,0.26364754075129576,0.26364754075129576,0.24478943771684897,0.20065750851238698,0.34575569358178054,316,1709,6808,167,0.044788712281451,201180,22.35333333333333,0.05076467882503511,0.225,RandomForest
0.8016666666666666,0.7253002216247082,0.1609375,0.639751552795031,0.2571785268414482,0.7878596722035165,0.26364754075129576,0.26364754075129576,0.2478798703917382,0.18915110954561465,0.36024844720496896,309,1611,6906,174,0.044788712281451,206220,22.913333333333334,0.055,0.21333333333333335,RandomForest
0.8022222222222222,0.7246172616404021,0.16100365917407214,0.6376811594202898,0.2570951585976628,0.7878596722035165,0.26364754075129576,0.26364754075129576,0.24745789348834193,0.18844663613948573,0.36231884057971014,308,1605,6912,175,0.044788712281451,207100,23.011111111111113,0.05521650819991429,0.21255555555555555,RandomForest
0.8127777777777778,0.7214059276405174,0.1661111111111111,0.6190476190476191,0.2619360490582567,0.7878596722035165,0.26364754075129576,0.26364754075129576,0.24947878933009932,0.17623576376658448,0.38095238095238093,299,1501,7016,184,0.044788712281451,214020,23.78,0.05985603844236966,0.2,RandomForest
0.823,0.7170419847189071,0.1712085308056872,0.598343685300207,0.26623675725472135,0.7878596722035165,0.26364754075129576,0.26364754075129576,0.2506030338178461,0.16425971586239285,0.40165631469979296,289,1399,7118,194,0.044788712281451,221980,24.664444444444445,0.06353884697369468,0.18755555555555556,RandomForest
0.8264444444444444,0.7188618743514068,0.1744115872057936,0.598343685300207,0.2700934579439252,0.7878596722035165,0.26364754075129576,0.26364754075129576,0.25451828053581654,0.16061993659739346,0.40165631469979296,289,1368,7149,194,0.044788712281451,221360,24.595555555555556,0.065,0.18411111111111111,RandomForest
0.8346666666666667,0.7193001647417624,0.18095238095238095,0.5900621118012422,0.2769679300291545,0.7878596722035165,0.26364754075129576,0.26364754075129576,0.26013412909557876,0.1514617823177175,0.40993788819875776,285,1290,7227,198,0.044788712281451,223800,24.866666666666667,0.06793081140275407,0.175,RandomForest
0.8444444444444444,0.7127484162110561,0.18660287081339713,0.5652173913043478,0.28057553956834536,0.7878596722035165,0.26364754075129576,0.26364754075129576,0.2598913348021652,0.13972055888223553,0.43478260869565216,273,1190,7327,210,0.044788712281451,233800,25.977777777777778,0.07277148311981378,0.16255555555555556,RandomForest
0.8497777777777777,0.7106838569846059,0.19074733096085408,0.5548654244306418,0.2838983050847458,0.7878596722035165,0.26364754075129576,0.26364754075129576,0.2616231038932619,0.13349771046143008,0.4451345755693582,268,1137,7380,215,0.044788712281451,237740,26.415555555555557,0.07500000000000001,0.15611111111111112,RandomForest
0.8547777777777777,0.7084431794066234,0.1948148148148148,0.5445134575569358,0.28696126568466995,0.7878596722035165,0.26364754075129576,0.26364754075129576,0.2631097680452784,0.1276270987436891,0.4554865424430642,263,1087,7430,220,0.044788712281451,241740,26.86,0.07784762424318109,0.15,RandomForest
0.8652222222222222,0.7051731392895612,0.20516962843295639,0.525879917184265,0.2951772225450319,0.7878596722035165,0.26364754075129576,0.26364754075129576,0.2684851357148007,0.11553363860514265,0.474120082815735,254,984,7533,229,0.044788712281451,248680,27.63111111111111,0.0835021764117654,0.13755555555555554,RandomForest
0.8678888888888889,0.7046291049614326,0.20826446280991737,0.5217391304347826,0.2976963969285292,0.7878596722035165,0.26364754075129576,0.26364754075129576,0.2703664977442624,0.11248092051191734,0.4782608695652174,252,958,7559,231,0.044788712281451,250160,27.795555555555556,0.085,0.13444444444444445,RandomForest
0.8757777777777778,0.7019618052896764,0.21777777777777776,0.5072463768115942,0.30472636815920395,0.7878596722035165,0.26364754075129576,0.26364754075129576,0.27524192483016896,0.1033227662322414,0.4927536231884058,245,880,7637,238,0.044788712281451,255600,28.4,0.08951789802081626,0.125,RandomForest
0.8836666666666667,0.6963650339073406,0.22727272727272727,0.4865424430641822,0.3098220171390903,0.7878596722035165,0.26364754075129576,0.26364754075129576,0.27754321908971485,0.09381237524950099,0.5134575569358178,235,799,7718,248,0.044788712281451,263980,29.33111111111111,0.095,0.11488888888888889,RandomForest
0.8853333333333333,0.6943161539544221,0.22902270483711748,0.4803312629399586,0.31016042780748665,0.7878596722035165,0.26364754075129576,0.26364754075129576,0.2771144840277563,0.09169895503111425,0.5196687370600414,232,781,7736,251,0.044788712281451,266620,29.624444444444446,0.09657823292290943,0.11255555555555556,RandomForest
0.8956666666666667,0.6900109171499893,0.24666666666666667,0.45962732919254656,0.3210412147505423,0.7878596722035165,0.26364754075129576,0.26364754075129576,0.28547078858127967,0.07960549489256781,0.5403726708074534,222,678,7839,261,0.044788712281451,274560,30.506666666666668,0.10388461861382565,0.1,RandomForest
0.8968888888888888,0.6896801938687477,0.2491544532130778,0.4575569358178054,0.3226277372262774,0.7878596722035165,0.26364754075129576,0.26364754075129576,0.2868245504764823,0.07819654808030997,0.5424430641821946,221,666,7851,262,0.044788712281451,275320,30.59111111111111,0.10500000000000001,0.09855555555555555,RandomForest
0.9054444444444445,0.6834591686192831,0.26649746192893403,0.43478260869565216,0.3304484657749803,0.7878596722035165,0.26364754075129576,0.26364754075129576,0.2925490732388997,0.06786427145708583,0.5652173913043478,210,578,7939,273,0.044788712281451,284560,31.61777777777778,0.11242561827386145,0.08755555555555555,RandomForest
0.9078888888888889,0.6827977220567998,0.27296587926509186,0.4306418219461698,0.334136546184739,0.7878596722035165,0.26364754075129576,0.26364754075129576,0.2959574553777661,0.06504637783257015,0.5693581780538303,208,554,7963,275,0.044788712281451,286080,31.786666666666665,0.115,0.08466666666666667,RandomForest
0.9148888888888889,0.6747783205966584,0.2903703703703704,0.4057971014492754,0.33851468048359246,0.7878596722035165,0.26364754075129576,0.26364754075129576,0.29908211224431996,0.05624046025595867,0.5942028985507246,196,479,8038,287,0.044788712281451,296580,32.95333333333333,0.12378200614180973,0.075,RandomForest
0.9158888888888889,0.6743301850810619,0.2936746987951807,0.40372670807453415,0.3400174367916303,0.7878596722035165,0.26364754075129576,0.26364754075129576,0.30057757978206856,0.055066337912410473,0.5962732919254659,195,469,8048,288,0.044788712281451,297380,33.04222222222222,0.125,0.07377777777777778,RandomForest
0.9242222222222222,0.6660387664568561,0.32326820603907636,0.37681159420289856,0.34799235181644356,0.7878596722035165,0.26364754075129576,0.26364754075129576,0.30903535034606167,0.04473406128918633,0.6231884057971014,182,381,8136,301,0.044788712281451,308620,34.291111111111114,0.13494856765817104,0.06255555555555556,RandomForest
0.9243333333333333,0.6660974725740335,0.3238434163701068,0.37681159420289856,0.34832535885167465,0.7878596722035165,0.26364754075129576,0.26364754075129576,0.30940119760961726,0.044616649054831516,0.6231884057971014,182,380,8137,301,0.044788712281451,308600,34.28888888888889,0.135,0.06244444444444444,RandomForest
0.9278888888888889,0.6562581814813924,0.3359683794466403,0.35196687370600416,0.3437815975733064,0.7878596722035165,0.26364754075129576,0.26364754075129576,0.3057442256709597,0.039450510743219445,0.6480331262939959,170,336,8181,313,0.044788712281451,319720,35.52444444444444,0.14500000000000002,0.05622222222222222,RandomForest
0.9314444444444444,0.650324852669524,0.3537117903930131,0.33540372670807456,0.3443145589798087,0.7878596722035165,0.26364754075129576,0.26364754075129576,0.3082940542305053,0.03475402136902665,0.6645962732919255,162,296,8221,321,0.044788712281451,326920,36.324444444444445,0.155,0.050888888888888886,RandomForest
0.9321111111111111,0.6497005988023952,0.35777777777777775,0.3333333333333333,0.34512325830653806,0.7878596722035165,0.26364754075129576,0.26364754075129576,0.30958585387168985,0.033932135728542916,0.6666666666666666,161,289,8228,322,0.044788712281451,327780,36.42,0.15631538481030666,0.05,RandomForest
0.935,0.6443915238576555,0.375609756097561,0.3188405797101449,0.34490481522956323,0.7878596722035165,0.26364754075129576,0.26364754075129576,0.3121045314224315,0.030057531994833863,0.6811594202898551,154,256,8261,329,0.044788712281451,334120,37.12444444444444,0.165,0.04555555555555556,RandomForest
0.9375555555555556,0.6379298399911904,0.3935309973045822,0.3022774327122153,0.3419203747072599,0.7878596722035165,0.26364754075129576,0.26364754075129576,0.312707233756912,0.02641775272983445,0.6977225672877847,146,225,8292,337,0.044788712281451,341500,37.94444444444444,0.17500000000000002,0.04122222222222222,RandomForest
0.9394444444444444,0.6311159194216609,0.40828402366863903,0.2857142857142857,0.33617539585870887,0.7878596722035165,0.26364754075129576,0.26364754075129576,0.31083854651338505,0.023482446870963954,0.7142857142857143,138,200,8317,345,0.044788712281451,349000,38.77777777777778,0.18354893504008382,0.03755555555555556,RandomForest
0.9395555555555556,0.6301981349686451,0.408955223880597,0.2836438923395445,0.33496332518337407,0.7878596722035165,0.26364754075129576,0.26364754075129576,0.30998805617949043,0.023247622402254316,0.7163561076604554,137,198,8319,346,0.044788712281451,349960,38.88444444444445,0.185,0.03722222222222222,RandomForest
0.9408888888888889,0.6279731366641944,0.4227129337539432,0.2774327122153209,0.335,0.7878596722035165,0.26364754075129576,0.26364754075129576,0.3128968332789887,0.021486438886932017,0.722567287784679,134,183,8334,349,0.044788712281451,352660,39.184444444444445,0.195,0.035222222222222224,RandomForest
0.941,0.6192434276496331,0.41946308724832215,0.2587991718426501,0.32010243277848915,0.7878596722035165,0.26364754075129576,0.26364754075129576,0.3003749174592267,0.02031231654338382,0.7412008281573499,125,173,8344,358,0.044788712281451,361460,40.16222222222222,0.20500000000000002,0.03311111111111111,RandomForest
0.9425555555555556,0.6151828604391509,0.43795620437956206,0.2484472049689441,0.31704095112285335,0.7878596722035165,0.26364754075129576,0.26364754075129576,0.30217035755738986,0.018081484090642246,0.7515527950310559,120,154,8363,363,0.044788712281451,366080,40.675555555555555,0.215,0.030444444444444444,RandomForest
0.9437777777777778,0.6109461748771364,0.45454545454545453,0.23809523809523808,0.31249999999999994,0.7878596722035165,0.26364754075129576,0.26364754075129576,0.3025306596564988,0.01620288834096513,0.7619047619047619,115,138,8379,368,0.044788712281451,370760,41.19555555555556,0.225,0.02811111111111111,RandomForest
0.9442222222222222,0.6033690747843006,0.4592274678111588,0.22153209109730848,0.2988826815642458,0.7878596722035165,0.26364754075129576,0.26364754075129576,0.29338239526268095,0.014793941528707291,0.7784679089026915,107,126,8391,376,0.044788712281451,378520,42.05777777777778,0.23500000000000001,0.02588888888888889,RandomForest
0.9448888888888889,0.6027448209171719,0.4711111111111111,0.2194616977225673,0.2994350282485876,0.7878596722035165,0.26364754075129576,0.26364754075129576,0.29661424378306667,0.013972055888223553,0.7805383022774327,106,119,8398,377,0.044788712281451,379380,42.153333333333336,0.24017072644520682,0.025,RandomForest
0.945,0.6028035270343493,0.4732142857142857,0.2194616977225673,0.29985855728429983,0.7878596722035165,0.26364754075129576,0.26364754075129576,0.29742850154395284,0.013854643653868733,0.7805383022774327,106,118,8399,377,0.044788712281451,379360,42.15111111111111,0.245,0.024888888888888887,RandomForest
0.9455555555555556,0.6011440764798499,0.48372093023255813,0.2153209109730849,0.2979942693409742,0.7878596722035165,0.26364754075129576,0.26364754075129576,0.2985363544114154,0.013032758013384995,0.7846790890269151,104,111,8406,379,0.044788712281451,381220,42.35777777777778,0.255,0.02388888888888889,RandomForest
0.9451111111111111,0.5911443463092084,0.4723618090452261,0.19461697722567287,0.2756598240469208,0.7878596722035165,0.26364754075129576,0.26364754075129576,0.2793727678058951,0.012328284607256075,0.8053830227743272,94,105,8412,389,0.044788712281451,391100,43.455555555555556,0.265,0.022111111111111113,RandomForest
0.9451111111111111,0.5852854028880492,0.47058823529411764,0.18219461697722567,0.2626865671641791,0.7878596722035165,0.26364754075129576,0.26364754075129576,0.2694876713933615,0.011623811201127158,0.8178053830227743,88,99,8418,395,0.044788712281451,396980,44.10888888888889,0.275,0.020777777777777777,RandomForest
0.9454444444444444,0.5796025778184223,0.47674418604651164,0.16977225672877846,0.250381679389313,0.7878596722035165,0.26364754075129576,0.26364754075129576,0.2620466613976315,0.010567101091933779,0.8302277432712215,82,90,8427,401,0.044788712281451,402800,44.75555555555555,0.28500000000000003,0.01911111111111111,RandomForest
0.945,0.5715558287881671,0.4625,0.15320910973084886,0.23017107309486778,0.7878596722035165,0.26364754075129576,0.26364754075129576,0.24406515339334867,0.0100974521545145,0.8467908902691511,74,86,8431,409,0.044788712281451,410720,45.635555555555555,0.295,0.017777777777777778,RandomForest
0.9452222222222222,0.566790788171556,0.46621621621621623,0.14285714285714285,0.21870047543581617,0.7878596722035165,0.26364754075129576,0.26364754075129576,0.23670743140290967,0.009275566514030761,0.8571428571428571,69,79,8438,414,0.044788712281451,415580,46.175555555555555,0.305,0.016444444444444446,RandomForest
0.9453333333333334,0.5629435320079608,0.4676258992805755,0.13457556935817805,0.2090032154340836,0.7878596722035165,0.26364754075129576,0.26364754075129576,0.2300642961862851,0.008688505342256663,0.865424430641822,65,74,8443,418,0.044788712281451,419480,46.60888888888889,0.315,0.015444444444444445,RandomForest
0.9451111111111111,0.5589201574928331,0.45864661654135336,0.12629399585921325,0.19805194805194803,0.7878596722035165,0.26364754075129576,0.26364754075129576,0.2200881242105521,0.008453680873547023,0.8737060041407867,61,72,8445,422,0.044788712281451,423440,47.04888888888889,0.325,0.014777777777777779,RandomForest
0.9458888888888889,0.5573781191726886,0.48360655737704916,0.12215320910973085,0.19504132231404958,0.7878596722035165,0.26364754075129576,0.26364754075129576,0.22364320485199543,0.007396970764353646,0.8778467908902692,59,63,8454,424,0.044788712281451,425260,47.25111111111111,0.335,0.013555555555555555,RandomForest
0.9458888888888889,0.5534721568919159,0.4824561403508772,0.11387163561076605,0.18425460636515914,0.7878596722035165,0.26364754075129576,0.26364754075129576,0.21551078409912539,0.006927321826934367,0.8861283643892339,55,59,8458,428,0.044788712281451,429180,47.68666666666667,0.34500000000000003,0.012666666666666666,RandomForest
0.946,0.5535308630090933,0.48672566371681414,0.11387163561076605,0.18456375838926173,0.7878596722035165,0.26364754075129576,0.26364754075129576,0.21668772893743893,0.0068099095925795465,0.8861283643892339,55,58,8459,428,0.044788712281451,429160,47.684444444444445,0.3452337881445877,0.012555555555555556,RandomForest
0.9467777777777778,0.5500358435485624,0.5204081632653061,0.10559006211180125,0.1755593803786575,0.7878596722035165,0.26364754075129576,0.26364754075129576,0.2173057798529786,0.005518375014676529,0.8944099378881988,51,47,8470,432,0.044788712281451,432940,48.10444444444445,0.35500000000000004,0.010888888888888889,RandomForest
0.9464444444444444,0.5449772723460642,0.5054945054945055,0.09523809523809523,0.1602787456445993,0.7878596722035165,0.26364754075129576,0.26364754075129576,0.2026305032665778,0.0052835505459668895,0.9047619047619048,46,45,8472,437,0.044788712281451,437900,48.65555555555556,0.365,0.01011111111111111,RandomForest
0.9463333333333334,0.541012603948114,0.5,0.08695652173913043,0.14814814814814817,0.7878596722035165,0.26364754075129576,0.26364754075129576,0.19223814002647233,0.004931313842902431,0.9130434782608695,42,42,8475,441,0.044788712281451,441840,49.093333333333334,0.375,0.009333333333333334,RandomForest
0.9465555555555556,0.5391770350420825,0.5128205128205128,0.08281573498964803,0.14260249554367202,0.7878596722035165,0.26364754075129576,0.26364754075129576,0.19050221906409553,0.004461664905483152,0.917184265010352,40,38,8479,443,0.044788712281451,443760,49.306666666666665,0.385,0.008666666666666666,RandomForest
0.9462222222222222,0.5331419732693911,0.4927536231884058,0.07039337474120083,0.12318840579710146,0.7878596722035165,0.26364754075129576,0.26364754075129576,0.17125791695632211,0.004109428202418692,0.9296066252587992,34,35,8482,449,0.044788712281451,449700,49.96666666666667,0.395,0.007666666666666666,RandomForest
0.946,0.5281421081840703,0.47540983606557374,0.060041407867494824,0.10661764705882353,0.7878596722035165,0.26364754075129576,0.26364754075129576,0.15459453123808647,0.003757191499354233,0.9399585921325052,29,32,8485,454,0.044788712281451,454640,50.51555555555556,0.405,0.0067777777777777775,RandomForest
0.9457777777777778,0.5241187336689427,0.45454545454545453,0.051759834368530024,0.0929368029739777,0.7878596722035165,0.26364754075129576,0.26364754075129576,0.13948575879544034,0.003522367030644593,0.94824016563147,25,30,8487,458,0.044788712281451,458600,50.955555555555556,0.41500000000000004,0.006111111111111111,RandomForest
0.946,0.5232596553331044,0.47058823529411764,0.049689440993788817,0.0898876404494382,0.7878596722035165,0.26364754075129576,0.26364754075129576,0.13966185868540387,0.0031701303275801338,0.9503105590062112,24,27,8490,459,0.044788712281451,459540,51.06,0.425,0.005666666666666667,RandomForest
0.9462222222222222,0.5214240864270727,0.4888888888888889,0.045548654244306416,0.08333333333333334,0.7878596722035165,0.26364754075129576,0.26364754075129576,0.13690211082185888,0.002700481390160855,0.9544513457556936,22,23,8494,461,0.044788712281451,461460,51.27333333333333,0.435,0.005,RandomForest
0.9464444444444444,0.5176355363806548,0.5142857142857142,0.037267080745341616,0.0694980694980695,0.7878596722035165,0.26364754075129576,0.26364754075129576,0.12771043633442145,0.001996007984031936,0.9627329192546584,18,17,8500,465,0.044788712281451,465340,51.70444444444445,0.445,0.0038888888888888888,RandomForest
0.9461111111111111,0.5135534557483499,0.4666666666666667,0.028985507246376812,0.05458089668615984,0.7878596722035165,0.26364754075129576,0.26364754075129576,0.10598394423806765,0.0018785957496771164,0.9710144927536232,14,16,8501,469,0.044788712281451,469320,52.14666666666667,0.455,0.0033333333333333335,RandomForest
0.9462222222222222,0.5116591807251408,0.48,0.024844720496894408,0.04724409448818897,0.7878596722035165,0.26364754075129576,0.26364754075129576,0.09984531372274533,0.001526359046612657,0.9751552795031055,12,13,8504,471,0.044788712281451,471260,52.36222222222222,0.465,0.002777777777777778,RandomForest
0.9461111111111111,0.5086710028973839,0.45,0.018633540372670808,0.03578528827037774,0.7878596722035165,0.26364754075129576,0.26364754075129576,0.08299712520173465,0.0012915345779030175,0.9813664596273292,9,11,8506,474,0.044788712281451,474220,52.69111111111111,0.47500000000000003,0.0022222222222222222,RandomForest
0.946,0.5076358062100134,0.42105263157894735,0.016563146997929608,0.03187250996015936,0.7878596722035165,0.26364754075129576,0.26364754075129576,0.07498296921453629,0.0012915345779030175,0.9834368530020704,8,11,8506,475,0.044788712281451,475220,52.80222222222222,0.485,0.002111111111111111,RandomForest
0.946,0.5047063344994337,0.38461538461538464,0.010351966873706004,0.020161290322580648,0.7878596722035165,0.26364754075129576,0.26364754075129576,0.0558535303349741,0.0009392978748385582,0.989648033126294,5,8,8509,478,0.044788712281451,478160,53.12888888888889,0.495,0.0014444444444444444,RandomForest
0.946,0.5037298439292406,0.36363636363636365,0.008281573498964804,0.016194331983805668,0.7878596722035165,0.26364754075129576,0.26364754075129576,0.04811555631924755,0.0008218856404837384,0.9917184265010351,4,7,8510,479,0.044788712281451,479140,53.23777777777778,0.505,0.0012222222222222222,RandomForest
0.9461111111111111,0.503788550046418,0.4,0.008281573498964804,0.016227180527383367,0.7878596722035165,0.26364754075129576,0.26364754075129576,0.05125545196250754,0.0007044734061289186,0.9917184265010351,4,6,8511,479,0.044788712281451,479120,53.23555555555556,0.515,0.0011111111111111111,RandomForest
0.9462222222222222,0.5038472561635954,0.4444444444444444,0.008281573498964804,0.016260162601626018,0.7878596722035165,0.26364754075129576,0.26364754075129576,0.0548621388808884,0.0005870611717740989,0.9917184265010351,4,5,8512,479,0.044788712281451,479100,53.233333333333334,0.525,0.001,RandomForest
0.9463333333333334,0.5039059622807728,0.5,0.008281573498964804,0.016293279022403257,0.7878596722035165,0.26364754075129576,0.26364754075129576,0.05907473567805806,0.0004696489374192791,0.9917184265010351,4,4,8513,479,0.044788712281451,479080,53.23111111111111,0.535,0.0008888888888888889,RandomForest
0.9461111111111111,0.5018355689060315,0.3333333333333333,0.004140786749482402,0.0081799591002045,0.7878596722035165,0.26364754075129576,0.26364754075129576,0.032052765787631256,0.0004696489374192791,0.9958592132505176,2,4,8513,481,0.044788712281451,481080,53.45333333333333,0.545,0.0006666666666666666,RandomForest
0.9462222222222222,0.5009177844530158,0.3333333333333333,0.002070393374741201,0.00411522633744856,0.7878596722035165,0.26364754075129576,0.26364754075129576,0.022660949014922393,0.00023482446870963955,0.9979296066252588,1,2,8515,482,0.044788712281451,482040,53.56,0.555,0.0003333333333333333,RandomForest
0.9462222222222222,0.5009177844530158,0.3333333333333333,0.002070393374741201,0.00411522633744856,0.7878596722035165,0.26364754075129576,0.26364754075129576,0.022660949014922393,0.00023482446870963955,0.9979296066252588,1,2,8515,482,0.044788712281451,482040,53.56,0.5650000000000001,0.0003333333333333333,RandomForest
0.9463333333333334,0.5009764905701932,0.5,0.002070393374741201,0.004123711340206186,0.7878596722035165,0.26364754075129576,0.26364754075129576,0.029527518219067836,0.00011741223435481978,0.9979296066252588,1,1,8516,482,0.044788712281451,482020,53.55777777777778,0.5750000000000001,0.00022222222222222223,RandomForest
0.9463333333333334,0.5009764905701932,0.5,0.002070393374741201,0.004123711340206186,0.7878596722035165,0.26364754075129576,0.26364754075129576,0.029527518219067836,0.00011741223435481978,0.9979296066252588,1,1,8516,482,0.044788712281451,482020,53.55777777777778,0.585,0.00022222222222222223,RandomForest
0.9463333333333334,0.5009764905701932,0.5,0.002070393374741201,0.004123711340206186,0.7878596722035165,0.26364754075129576,0.26364754075129576,0.029527518219067836,0.00011741223435481978,0.9979296066252588,1,1,8516,482,0.044788712281451,482020,53.55777777777778,0.595,0.00022222222222222223,RandomForest
0.9463333333333334,0.5009764905701932,0.5,0.002070393374741201,0.004123711340206186,0.7878596722035165,0.26364754075129576,0.26364754075129576,0.029527518219067836,0.00011741223435481978,0.9979296066252588,1,1,8516,482,0.044788712281451,482020,53.55777777777778,0.605,0.00022222222222222223,RandomForest
0.9463333333333334,0.5009764905701932,0.5,0.002070393374741201,0.004123711340206186,0.7878596722035165,0.26364754075129576,0.26364754075129576,0.029527518219067836,0.00011741223435481978,0.9979296066252588,1,1,8516,482,0.044788712281451,482020,53.55777777777778,0.615,0.00022222222222222223,RandomForest
0.9463333333333334,0.5009764905701932,0.5,0.002070393374741201,0.004123711340206186,0.7878596722035165,0.26364754075129576,0.26364754075129576,0.029527518219067836,0.00011741223435481978,0.9979296066252588,1,1,8516,482,0.044788712281451,482020,53.55777777777778,0.625,0.00022222222222222223,RandomForest
0.9463333333333334,0.5009764905701932,0.5,0.002070393374741201,0.004123711340206186,0.7878596722035165,0.26364754075129576,0.26364754075129576,0.029527518219067836,0.00011741223435481978,0.9979296066252588,1,1,8516,482,0.044788712281451,482020,53.55777777777778,0.635,0.00022222222222222223,RandomForest
0.9464444444444444,0.5010351966873706,1.0,0.002070393374741201,0.004132231404958678,0.7878596722035165,0.26364754075129576,0.26364754075129576,0.04426623979796273,0.0,0.9979296066252588,1,0,8517,482,0.044788712281451,482000,53.55555555555556,0.645,0.00011111111111111112,RandomForest
0.9464444444444444,0.5010351966873706,1.0,0.002070393374741201,0.004132231404958678,0.7878596722035165,0.26364754075129576,0.26364754075129576,0.04426623979796273,0.0,0.9979296066252588,1,0,8517,482,0.044788712281451,482000,53.55555555555556,0.655,0.00011111111111111112,RandomForest
0.9464444444444444,0.5010351966873706,1.0,0.002070393374741201,0.004132231404958678,0.7878596722035165,0.26364754075129576,0.26364754075129576,0.04426623979796273,0.0,0.9979296066252588,1,0,8517,482,0.044788712281451,482000,53.55555555555556,0.665,0.00011111111111111112,RandomForest
0.9464444444444444,0.5010351966873706,1.0,0.002070393374741201,0.004132231404958678,0.7878596722035165,0.26364754075129576,0.26364754075129576,0.04426623979796273,0.0,0.9979296066252588,1,0,8517,482,0.044788712281451,482000,53.55555555555556,0.6706271889222352,0.00011111111111111112,RandomForest
0.9463333333333334,0.5,0.0,0.0,0.0,0.7878596722035165,0.26364754075129576,0.26364754075129576,0.0,0.0,1.0,0,0,8517,483,0.044788712281451,483000,53.666666666666664,0.675,0.0,RandomForest
0.9463333333333334,0.5,0.0,0.0,0.0,0.7878596722035165,0.26364754075129576,0.26364754075129576,0.0,0.0,1.0,0,0,8517,483,0.044788712281451,483000,53.666666666666664,0.685,0.0,RandomForest
0.9463333333333334,0.5,0.0,0.0,0.0,0.7878596722035165,0.26364754075129576,0.26364754075129576,0.0,0.0,1.0,0,0,8517,483,0.044788712281451,483000,53.666666666666664,0.6950000000000001,0.0,RandomForest
0.9463333333333334,0.5,0.0,0.0,0.0,0.7878596722035165,0.26364754075129576,0.26364754075129576,0.0,0.0,1.0,0,0,8517,483,0.044788712281451,483000,53.666666666666664,0.7050000000000001,0.0,RandomForest
0.9463333333333334,0.5,0.0,0.0,0.0,0.7878596722035165,0.26364754075129576,0.26364754075129576,0.0,0.0,1.0,0,0,8517,483,0.044788712281451,483000,53.666666666666664,0.715,0.0,RandomForest
0.9463333333333334,0.5,0.0,0.0,0.0,0.7878596722035165,0.26364754075129576,0.26364754075129576,0.0,0.0,1.0,0,0,8517,483,0.044788712281451,483000,53.666666666666664,0.725,0.0,RandomForest
0.9463333333333334,0.5,0.0,0.0,0.0,0.7878596722035165,0.26364754075129576,0.26364754075129576,0.0,0.0,1.0,0,0,8517,483,0.044788712281451,483000,53.666666666666664,0.735,0.0,RandomForest
0.9463333333333334,0.5,0.0,0.0,0.0,0.7878596722035165,0.26364754075129576,0.26364754075129576,0.0,0.0,1.0,0,0,8517,483,0.044788712281451,483000,53.666666666666664,0.745,0.0,RandomForest
0.9463333333333334,0.5,0.0,0.0,0.0,0.7878596722035165,0.26364754075129576,0.26364754075129576,0.0,0.0,1.0,0,0,8517,483,0.044788712281451,483000,53.666666666666664,0.755,0.0,RandomForest
0.9463333333333334,0.5,0.0,0.0,0.0,0.7878596722035165,0.26364754075129576,0.26364754075129576,0.0,0.0,1.0,0,0,8517,483,0.044788712281451,483000,53.666666666666664,0.765,0.0,RandomForest
0.9463333333333334,0.5,0.0,0.0,0.0,0.7878596722035165,0.26364754075129576,0.26364754075129576,0.0,0.0,1.0,0,0,8517,483,0.044788712281451,483000,53.666666666666664,0.775,0.0,RandomForest
0.9463333333333334,0.5,0.0,0.0,0.0,0.7878596722035165,0.26364754075129576,0.26364754075129576,0.0,0.0,1.0,0,0,8517,483,0.044788712281451,483000,53.666666666666664,0.785,0.0,RandomForest
0.9463333333333334,0.5,0.0,0.0,0.0,0.7878596722035165,0.26364754075129576,0.26364754075129576,0.0,0.0,1.0,0,0,8517,483,0.044788712281451,483000,53.666666666666664,0.795,0.0,RandomForest
0.9463333333333334,0.5,0.0,0.0,0.0,0.7878596722035165,0.26364754075129576,0.26364754075129576,0.0,0.0,1.0,0,0,8517,483,0.044788712281451,483000,53.666666666666664,0.805,0.0,RandomForest
0.9463333333333334,0.5,0.0,0.0,0.0,0.7878596722035165,0.26364754075129576,0.26364754075129576,0.0,0.0,1.0,0,0,8517,483,0.044788712281451,483000,53.666666666666664,0.8150000000000001,0.0,RandomForest
0.9463333333333334,0.5,0.0,0.0,0.0,0.7878596722035165,0.26364754075129576,0.26364754075129576,0.0,0.0,1.0,0,0,8517,483,0.044788712281451,483000,53.666666666666664,0.8250000000000001,0.0,RandomForest
0.9463333333333334,0.5,0.0,0.0,0.0,0.7878596722035165,0.26364754075129576,0.26364754075129576,0.0,0.0,1.0,0,0,8517,483,0.044788712281451,483000,53.666666666666664,0.8350000000000001,0.0,RandomForest
0.9463333333333334,0.5,0.0,0.0,0.0,0.7878596722035165,0.26364754075129576,0.26364754075129576,0.0,0.0,1.0,0,0,8517,483,0.044788712281451,483000,53.666666666666664,0.845,0.0,RandomForest
0.9463333333333334,0.5,0.0,0.0,0.0,0.7878596722035165,0.26364754075129576,0.26364754075129576,0.0,0.0,1.0,0,0,8517,483,0.044788712281451,483000,53.666666666666664,0.855,0.0,RandomForest
0.9463333333333334,0.5,0.0,0.0,0.0,0.7878596722035165,0.26364754075129576,0.26364754075129576,0.0,0.0,1.0,0,0,8517,483,0.044788712281451,483000,53.666666666666664,0.865,0.0,RandomForest
0.9463333333333334,0.5,0.0,0.0,0.0,0.7878596722035165,0.26364754075129576,0.26364754075129576,0.0,0.0,1.0,0,0,8517,483,0.044788712281451,483000,53.666666666666664,0.875,0.0,RandomForest
0.9463333333333334,0.5,0.0,0.0,0.0,0.7878596722035165,0.26364754075129576,0.26364754075129576,0.0,0.0,1.0,0,0,8517,483,0.044788712281451,483000,53.666666666666664,0.885,0.0,RandomForest
0.9463333333333334,0.5,0.0,0.0,0.0,0.7878596722035165,0.26364754075129576,0.26364754075129576,0.0,0.0,1.0,0,0,8517,483,0.044788712281451,483000,53.666666666666664,0.895,0.0,RandomForest
0.9463333333333334,0.5,0.0,0.0,0.0,0.7878596722035165,0.26364754075129576,0.26364754075129576,0.0,0.0,1.0,0,0,8517,483,0.044788712281451,483000,53.666666666666664,0.905,0.0,RandomForest
0.9463333333333334,0.5,0.0,0.0,0.0,0.7878596722035165,0.26364754075129576,0.26364754075129576,0.0,0.0,1.0,0,0,8517,483,0.044788712281451,483000,53.666666666666664,0.915,0.0,RandomForest
0.9463333333333334,0.5,0.0,0.0,0.0,0.7878596722035165,0.26364754075129576,0.26364754075129576,0.0,0.0,1.0,0,0,8517,483,0.044788712281451,483000,53.666666666666664,0.925,0.0,RandomForest
0.9463333333333334,0.5,0.0,0.0,0.0,0.7878596722035165,0.26364754075129576,0.26364754075129576,0.0,0.0,1.0,0,0,8517,483,0.044788712281451,483000,53.666666666666664,0.935,0.0,RandomForest
0.9463333333333334,0.5,0.0,0.0,0.0,0.7878596722035165,0.26364754075129576,0.26364754075129576,0.0,0.0,1.0,0,0,8517,483,0.044788712281451,483000,53.666666666666664,0.9450000000000001,0.0,RandomForest
0.9463333333333334,0.5,0.0,0.0,0.0,0.7878596722035165,0.26364754075129576,0.26364754075129576,0.0,0.0,1.0,0,0,8517,483,0.044788712281451,483000,53.666666666666664,0.9550000000000001,0.0,RandomForest
0.9463333333333334,0.5,0.0,0.0,0.0,0.7878596722035165,0.26364754075129576,0.26364754075129576,0.0,0.0,1.0,0,0,8517,483,0.044788712281451,483000,53.666666666666664,0.965,0.0,RandomForest
0.9463333333333334,0.5,0.0,0.0,0.0,0.7878596722035165,0.26364754075129576,0.26364754075129576,0.0,0.0,1.0,0,0,8517,483,0.044788712281451,483000,53.666666666666664,0.975,0.0,RandomForest
0.9463333333333334,0.5,0.0,0.0,0.0,0.7878596722035165,0.26364754075129576,0.26364754075129576,0.0,0.0,1.0,0,0,8517,483,0.044788712281451,483000,53.666666666666664,0.985,0.0,RandomForest
0.9463333333333334,0.5,0.0,0.0,0.0,0.7878596722035165,0.26364754075129576,0.26364754075129576,0.0,0.0,1.0,0,0,8517,483,0.044788712281451,483000,53.666666666666664,0.995,0.0,RandomForest
0.9463333333333334,0.5,0.0,0.0,0.0,0.7878596722035165,0.26364754075129576,0.26364754075129576,0.0,0.0,1.0,0,0,8517,483,0.044788712281451,483000,53.666666666666664,1.000001,0.0,RandomForest
0.05366666666666667,0.5,0.05366666666666667,1.0,0.1018664979436887,0.8009123635568957,0.2908551137223229,0.2908551137223229,0.0,1.0,0.0,483,8517,0,0,0.043756064374764946,170340,18.926666666666666,0.0022368041757496976,1.0,HistGradientBoosting
0.05566666666666667,0.5010567101091934,0.05377421509686039,1.0,0.10206022187004755,0.8009123635568957,0.2908551137223229,0.2908551137223229,0.010660558775860815,0.9978865797816132,0.0,483,8499,18,0,0.043756064374764946,169980,18.886666666666667,0.005,0.998,HistGradientBoosting
0.066,0.5055398884364993,0.054236525261618096,0.9979296066252588,0.10288153681963713,0.8009123635568957,0.2908551137223229,0.2908551137223229,0.022424929776826103,0.9868498297522602,0.002070393374741201,482,8405,112,1,0.043756064374764946,169100,18.788888888888888,0.0077023835914026475,0.9874444444444445,HistGradientBoosting
0.07822222222222222,0.5110210707558213,0.054814814814814816,0.9958592132505176,0.1039101317779218,0.8009123635568957,0.2908551137223229,0.2908551137223229,0.03181675279333933,0.9738170717388752,0.004140786749482402,481,8294,223,2,0.043756064374764946,167880,18.653333333333332,0.008873305332274803,0.975,HistGradientBoosting
0.09077777777777778,0.5176548619968685,0.05552990071577003,0.9958592132505176,0.10519409513395298,0.8009123635568957,0.2908551137223229,0.2908551137223229,0.04185465553082489,0.9605494892567805,0.004140786749482402,481,8181,336,2,0.043756064374764946,165620,18.40222222222222,0.009730443190194777,0.9624444444444444,HistGradientBoosting
0.10322222222222223,0.5242299471207384,0.05625730994152047,0.9958592132505176,0.10649839477471493,0.8009123635568957,0.2908551137223229,0.2908551137223229,0.05010834244251319,0.9473993190090407,0.004140786749482402,481,8069,448,2,0.043756064374764946,163380,18.153333333333332,0.010466068278003558,0.95,HistGradientBoosting
0.11555555555555555,0.5297698355572378,0.05689226028209079,0.9937888198757764,0.10762331838565022,0.8009123635568957,0.2908551137223229,0.2908551137223229,0.055408334797320595,0.9342491487613009,0.006211180124223602,480,7957,560,3,0.043756064374764946,162140,18.015555555555554,0.01112313423704928,0.9374444444444444,HistGradientBoosting
0.12711111111111112,0.5319693094629157,0.05717717717717718,0.9855072463768116,0.10808356039963671,0.8009123635568957,0.2908551137223229,0.2908551137223229,0.054706147584667505,0.9215686274509803,0.014492753623188406,476,7849,668,7,0.043756064374764946,163980,18.22,0.011690156610311779,0.925,HistGradientBoosting
0.13944444444444445,0.5375091978994149,0.05784218217243059,0.9834368530020704,0.10925819436457734,0.8009123635568957,0.2908551137223229,0.2908551137223229,0.05981320620819017,0.9084184572032405,0.016563146997929608,475,7737,780,8,0.043756064374764946,162740,18.08222222222222,0.012206669878509224,0.9124444444444444,HistGradientBoosting
0.15144444444444444,0.5418964774141888,0.058395061728395065,0.979296066252588,0.11021787253873937,0.8009123635568957,0.2908551137223229,0.2908551137223229,0.06294491193242954,0.8955031114242104,0.020703933747412008,473,7627,890,10,0.043756064374764946,162540,18.06,0.012724834825736579,0.9,HistGradientBoosting
0.16355555555555557,0.5463424630461401,0.05897082759484162,0.9751552795031055,0.11121605667060214,0.8009123635568957,0.2908551137223229,0.2908551137223229,0.06608903827223067,0.8824703534108254,0.024844720496894408,471,7516,1001,12,0.043756064374764946,162320,18.035555555555554,0.013185194917565165,0.8874444444444445,HistGradientBoosting
0.17555555555555555,0.550729742560914,0.059555555555555556,0.9710144927536232,0.11222780569514239,0.8009123635568957,0.2908551137223229,0.2908551137223229,0.06913659723222254,0.8695550076317953,0.028985507246376812,469,7406,1111,14,0.043756064374764946,162120,18.013333333333332,0.013748444191648232,0.875,HistGradientBoosting
0.18811111111111112,0.5573635338019612,0.06042257150219016,0.9710144927536232,0.11376591873862948,0.8009123635568957,0.2908551137223229,0.2908551137223229,0.07506468054848213,0.8562874251497006,0.028985507246376812,469,7293,1224,14,0.043756064374764946,159860,17.76222222222222,0.01424140859796315,0.8624444444444445,HistGradientBoosting
0.20055555555555554,0.5639386189258312,0.06130718954248366,0.9710144927536232,0.11533259559818025,0.8009123635568957,0.2908551137223229,0.2908551137223229,0.08070724713852807,0.8431372549019608,0.028985507246376812,469,7181,1336,14,0.043756064374764946,157620,17.513333333333332,0.014667702848854824,0.85,HistGradientBoosting
0.21,0.5679521483157178,0.06188020626735422,0.968944099378882,0.116331096196868,0.8009123635568957,0.2908551137223229,0.2908551137223229,0.08361316093998043,0.8330398027474463,0.031055900621118012,468,7095,1422,15,0.043756064374764946,156900,17.433333333333334,0.015,0.8403333333333334,HistGradientBoosting
0.21244444444444444,0.5672907017532345,0.06182831365264694,0.9648033126293996,0.11620947630922693,0.8009123635568957,0.2908551137223229,0.2908551137223229,0.08220164741942589,0.8302219091229306,0.035196687370600416,466,7071,1446,17,0.043756064374764946,158420,17.602222222222224,0.01510630118809833,0.8374444444444444,HistGradientBoosting
0.22466666666666665,0.5727718840725564,0.06262626262626263,0.9627329192546584,0.11760242792109256,0.8009123635568957,0.2908551137223229,0.2908551137223229,0.08632209970362079,0.8171891511095456,0.037267080745341616,465,6960,1557,18,0.043756064374764946,157200,17.466666666666665,0.015548322678853924,0.825,HistGradientBoosting
0.23722222222222222,0.5794056753136038,0.06359409190371991,0.9627329192546584,0.11930724823604874,0.8009123635568957,0.2908551137223229,0.2908551137223229,0.09168411891236478,0.803921568627451,0.037267080745341616,465,6847,1670,18,0.043756064374764946,154940,17.215555555555557,0.015926645334463065,0.8124444444444444,HistGradientBoosting
0.24922222222222223,0.5837929548283776,0.06430555555555556,0.9585921325051759,0.12052583626187689,0.8009123635568957,0.2908551137223229,0.2908551137223229,0.09441736789864431,0.7910062228484208,0.041407867494824016,463,6737,1780,20,0.043756064374764946,154740,17.19333333333333,0.0163099847507826,0.8,HistGradientBoosting
0.2617777777777778,0.5904267460694249,0.06533088754056723,0.9585921325051759,0.12232496697490092,0.8009123635568957,0.2908551137223229,0.2908551137223229,0.0996219610813747,0.7777386403663261,0.041407867494824016,463,6624,1893,20,0.043756064374764946,152480,16.942222222222224,0.016701110805398517,0.7874444444444444,HistGradientBoosting
0.2742222222222222,0.5970018311932948,0.06637992831541219,0.9585921325051759,0.12416197371949585,0.8009123635568957,0.2908551137223229,0.2908551137223229,0.10469891903794325,0.7645884701185863,0.041407867494824016,463,6512,2005,20,0.043756064374764946,150240,16.69333333333333,0.017117796621936562,0.775,HistGradientBoosting
0.28655555555555556,0.6025417196297942,0.06732730982220927,0.9565217391304348,0.12579986385296119,0.8009123635568957,0.2908551137223229,0.2908551137223229,0.10859711144150033,0.7514382998708465,0.043478260869565216,462,6400,2117,21,0.043756064374764946,149000,16.555555555555557,0.017524463636497463,0.7624444444444445,HistGradientBoosting
0.2985555555555556,0.606928999144568,0.06814814814814815,0.9523809523809523,0.12719480160376057,0.8009123635568957,0.2908551137223229,0.2908551137223229,0.1113010447730087,0.7385229540918163,0.047619047619047616,460,6290,2227,23,0.043756064374764946,148800,16.533333333333335,0.017857029790044242,0.75,HistGradientBoosting
0.3108888888888889,0.6124688875810673,0.06915775199638391,0.9503105590062112,0.12893258426966292,0.8009123635568957,0.2908551137223229,0.2908551137223229,0.11520239677127071,0.7253727838440766,0.049689440993788817,459,6178,2339,24,0.043756064374764946,147560,16.395555555555557,0.01825617336330376,0.7374444444444445,HistGradientBoosting
0.32222222222222224,0.6135744586821972,0.06957854406130268,0.9399585921325052,0.1295662100456621,0.8009123635568957,0.2908551137223229,0.2908551137223229,0.11464356975071675,0.7128096747681109,0.060041407867494824,454,6071,2446,29,0.043756064374764946,150420,16.713333333333335,0.01867357818523909,0.725,HistGradientBoosting
0.33411111111111114,0.6169265415096005,0.07033686837180286,0.9337474120082816,0.13081943437273386,0.8009123635568957,0.2908551137223229,0.2908551137223229,0.11643434274588199,0.6998943289890807,0.06625258799171843,451,5961,2556,32,0.043756064374764946,151220,16.802222222222223,0.019011515089062597,0.7124444444444444,HistGradientBoosting
0.3463333333333333,0.6224077238289223,0.07142857142857142,0.9316770186335404,0.13268465280849182,0.8009123635568957,0.2908551137223229,0.2908551137223229,0.12039364138167373,0.6868615709756957,0.06832298136645963,450,5850,2667,33,0.043756064374764946,150000,16.666666666666668,0.019343914902028515,0.7,HistGradientBoosting
0.3586666666666667,0.6279476122654217,0.07257152093098432,0.9296066252587992,0.13463268365817088,0.8009123635568957,0.2908551137223229,0.2908551137223229,0.12440967230269905,0.6737114007279559,0.07039337474120083,449,5738,2779,34,0.043756064374764946,148760,16.52888888888889,0.019738148103121474,0.6874444444444444,HistGradientBoosting
0.3708888888888889,0.6334287945847435,0.0737448559670782,0.927536231884058,0.13662702043305885,0.8009123635568957,0.2908551137223229,0.2908551137223229,0.12839862438271515,0.6606786427145709,0.07246376811594203,448,5627,2890,35,0.043756064374764946,147540,16.393333333333334,0.020035292700866285,0.675,HistGradientBoosting
0.383,0.6378747802166949,0.07480711170748071,0.9233954451345756,0.1384018619084562,0.8009123635568957,0.2908551137223229,0.2908551137223229,0.13141406432449762,0.6476458847011859,0.07660455486542443,446,5516,3001,37,0.043756064374764946,147320,16.36888888888889,0.020439495955317213,0.6624444444444444,HistGradientBoosting
0.3947777777777778,0.6411681569269208,0.07572649572649573,0.917184265010352,0.13990210011053217,0.8009123635568957,0.2908551137223229,0.2908551137223229,0.13339833818838534,0.6348479511565105,0.08281573498964803,443,5407,3110,40,0.043756064374764946,148140,16.46,0.02082171715566426,0.65,HistGradientBoosting
0.4066666666666667,0.644520239754324,0.0766951368310964,0.9109730848861284,0.1414790996784566,0.8009123635568957,0.2908551137223229,0.2908551137223229,0.13549541398354392,0.6219326053774803,0.08902691511387163,440,5297,3220,43,0.043756064374764946,148940,16.54888888888889,0.02119201265619393,0.6374444444444445,HistGradientBoosting
0.41844444444444445,0.6478136164645499,0.07768888888888889,0.9047619047619048,0.14309102815979044,0.8009123635568957,0.2908551137223229,0.2908551137223229,0.13761417644379023,0.609134671832805,0.09523809523809523,437,5188,3329,46,0.043756064374764946,149760,16.64,0.02158216337304929,0.625,HistGradientBoosting
0.4305555555555556,0.6522596020965012,0.07891872278664731,0.9006211180124224,0.1451209341117598,0.8009123635568957,0.2908551137223229,0.2908551137223229,0.14086034008391285,0.59610191381942,0.09937888198757763,435,5077,3440,48,0.043756064374764946,149540,16.615555555555556,0.021957258823846935,0.6124444444444445,HistGradientBoosting
0.44255555555555554,0.656646881611275,0.08018518518518518,0.8964803312629399,0.14720380758116608,0.8009123635568957,0.2908551137223229,0.2908551137223229,0.14411875712197866,0.5831865680403898,0.10351966873706005,433,4967,3550,50,0.043756064374764946,149340,16.593333333333334,0.022441017412475065,0.6,HistGradientBoosting
0.45444444444444443,0.6599989644386783,0.0813315679969737,0.8902691511387164,0.14904679376083188,0.8009123635568957,0.2908551137223229,0.2908551137223229,0.14648627201807274,0.5702712222613596,0.10973084886128365,430,4857,3660,53,0.043756064374764946,150140,16.682222222222222,0.02286111493523918,0.5874444444444444,HistGradientBoosting
0.466,0.6621984383443562,0.08231884057971015,0.8819875776397516,0.1505832449628844,0.8009123635568957,0.2908551137223229,0.2908551137223229,0.1478844996668852,0.5575907009510391,0.11801242236024845,426,4749,3768,57,0.043756064374764946,151980,16.886666666666667,0.023234666335917697,0.575,HistGradientBoosting
0.47744444444444445,0.6633627155626635,0.08316870802054524,0.8716356107660456,0.15184851217312897,0.8009123635568957,0.2908551137223229,0.2908551137223229,0.1484228964031187,0.5449101796407185,0.12836438923395446,421,4641,3876,62,0.043756064374764946,154820,17.202222222222222,0.02365815509496468,0.5624444444444444,HistGradientBoosting
0.489,0.6655621894683413,0.08424242424242424,0.8633540372670807,0.15350635008282718,0.8009123635568957,0.2908551137223229,0.2908551137223229,0.14999539798711822,0.532229658330398,0.13664596273291926,417,4533,3984,66,0.043756064374764946,156660,17.406666666666666,0.024142382614310773,0.55,HistGradientBoosting
0.5011111111111111,0.6700081751002926,0.0857969816001654,0.8592132505175983,0.156015037593985,0.8009123635568957,0.2908551137223229,0.2908551137223229,0.15368286250211569,0.519196900317013,0.14078674948240166,415,4422,4095,68,0.043756064374764946,156440,17.38222222222222,0.02455061470842483,0.5374444444444444,HistGradientBoosting
0.5101111111111111,0.6718338988810832,0.08673684210526315,0.8530020703933747,0.1574622587425951,0.8009123635568957,0.2908551137223229,0.2908551137223229,0.15513666785531852,0.5093342726312081,0.14699792960662525,412,4338,4179,71,0.043756064374764946,157760,17.52888888888889,0.025,0.5277777777777778,HistGradientBoosting
0.5128888888888888,0.6733015518105185,0.0871957671957672,0.8530020703933747,0.15821812596006146,0.8009123635568957,0.2908551137223229,0.2908551137223229,0.15641570997292,0.5063989667723376,0.14699792960662525,412,4313,4204,71,0.043756064374764946,157260,17.473333333333333,0.02512090129056287,0.525,HistGradientBoosting
0.5243333333333333,0.6744658290288258,0.08824804856895056,0.8426501035196687,0.15976447497546617,0.8009123635568957,0.2908551137223229,0.2908551137223229,0.15731832160648332,0.49371844546201715,0.15734989648033126,407,4205,4312,76,0.043756064374764946,160100,17.788888888888888,0.02564668591384634,0.5124444444444445,HistGradientBoosting
0.5367777777777778,0.6810409141526956,0.09044444444444444,0.8426501035196687,0.16335540838852095,0.8009123635568957,0.2908551137223229,0.2908551137223229,0.16319659934439304,0.4805682752142773,0.15734989648033126,407,4093,4424,76,0.043756064374764946,157860,17.54,0.02615607447123898,0.5,HistGradientBoosting
0.5487777777777778,0.6854281936674695,0.0922971741112124,0.8385093167701864,0.16629028946828164,0.8009123635568957,0.2908551137223229,0.2908551137223229,0.16720324185355798,0.46765292943524717,0.16149068322981366,405,3983,4534,78,0.043756064374764946,157660,17.517777777777777,0.026759443317154498,0.4875555555555556,HistGradientBoosting
0.5606666666666666,0.688780276494873,0.09403508771929825,0.8322981366459627,0.16897856242118536,0.8009123635568957,0.2908551137223229,0.2908551137223229,0.17038624679549738,0.45473758365621697,0.16770186335403728,402,3873,4644,81,0.043756064374764946,158460,17.606666666666666,0.02730209622787062,0.475,HistGradientBoosting
0.572,0.6898858475960028,0.09536392024981984,0.8219461697722568,0.1708996986655187,0.8009123635568957,0.2908551137223229,0.2908551137223229,0.17165174904076685,0.4421744745802513,0.17805383022774326,397,3766,4751,86,0.043756064374764946,161320,17.924444444444443,0.027836376929234446,0.46255555555555555,HistGradientBoosting
0.5834444444444444,0.69105012481431,0.09679012345679013,0.8115942028985508,0.1729538936686521,0.8009123635568957,0.2908551137223229,0.2908551137223229,0.17308685998315296,0.42949395326993073,0.18840579710144928,392,3658,4859,91,0.043756064374764946,164160,18.24,0.02849018810207685,0.45,HistGradientBoosting
0.5945555555555555,0.6910617931108918,0.09801929913661757,0.7991718426501035,0.17462112644198147,0.8009123635568957,0.2908551137223229,0.2908551137223229,0.17358884264270397,0.41704825642831983,0.20082815734989648,386,3552,4965,97,0.043756064374764946,168040,18.67111111111111,0.02910238011072202,0.43755555555555553,HistGradientBoosting
0.606,0.6922260703291991,0.0996078431372549,0.7888198757763976,0.17688022284122562,0.8009123635568957,0.2908551137223229,0.2908551137223229,0.1752622067372342,0.4043677351179993,0.2111801242236025,381,3444,5073,102,0.043756064374764946,170880,18.986666666666668,0.029796327562476726,0.425,HistGradientBoosting
0.6175555555555555,0.694425544234877,0.10153514678157824,0.7805383022774327,0.17969494756911344,0.8009123635568957,0.2908551137223229,0.2908551137223229,0.17800535934698256,0.39168721380767874,0.2194616977225673,377,3336,5181,106,0.043756064374764946,172720,19.191111111111113,0.03041832786579436,0.41255555555555556,HistGradientBoosting
0.6296666666666667,0.6988715298668282,0.10416666666666667,0.7763975155279503,0.18368846436443792,0.8009123635568957,0.2908551137223229,0.2908551137223229,0.18296641092720478,0.37865445579429374,0.2236024844720497,375,3225,5292,108,0.043756064374764946,172500,19.166666666666668,0.031206615761077333,0.4,HistGradientBoosting
0.6412222222222222,0.7010710037725061,0.10636467889908256,0.7681159420289855,0.1868546965499874,0.8009123635568957,0.2908551137223229,0.2908551137223229,0.18601736496367594,0.36597393448397325,0.2318840579710145,371,3117,5400,112,0.043756064374764946,174340,19.371111111111112,0.0319557825731914,0.38755555555555554,HistGradientBoosting
0.6531111111111111,0.7044230865999094,0.10903703703703704,0.7619047619047619,0.19077242094349403,0.8009123635568957,0.2908551137223229,0.2908551137223229,0.19031747806056096,0.35305858870494305,0.23809523809523808,368,3007,5510,115,0.043756064374764946,175140,19.46,0.03288563022225016,0.375,HistGradientBoosting
0.6644444444444444,0.7055286577010393,0.11124731841863315,0.7515527950310559,0.19380672717565403,0.8009123635568957,0.2908551137223229,0.2908551137223229,0.19269405176759122,0.34049547962897736,0.2484472049689441,363,2900,5617,120,0.043756064374764946,178000,19.77777777777778,0.03359956874963226,0.3625555555555556,HistGradientBoosting
0.6765555555555556,0.7099746433329905,0.11460317460317461,0.7474120082815735,0.1987338287916323,0.8009123635568957,0.2908551137223229,0.2908551137223229,0.1984177529272419,0.32746272161559237,0.2525879917184265,361,2789,5728,122,0.043756064374764946,177780,19.753333333333334,0.034596617826085446,0.35,HistGradientBoosting
0.6817777777777778,0.7127338308403288,0.1163390267483081,0.7474120082815735,0.20133853876185165,0.8009123635568957,0.2908551137223229,0.2908551137223229,0.2017330217162974,0.3219443466009158,0.2525879917184265,361,2742,5775,122,0.043756064374764946,176840,19.648888888888887,0.034999999999999996,0.3447777777777778,HistGradientBoosting
0.689,0.7165497284568605,0.11882817643186307,0.7474120082815735,0.20505538199375178,0.8009123635568957,0.2908551137223229,0.2908551137223229,0.20640235944641963,0.3143125513678525,0.2525879917184265,361,2677,5840,122,0.043756064374764946,175540,19.504444444444445,0.03559444326346716,0.33755555555555555,HistGradientBoosting
0.7006666666666667,0.7188079084797158,0.12205128205128205,0.7391304347826086,0.20950704225352113,0.8009123635568957,0.2908551137223229,0.2908551137223229,0.2105590066993449,0.3015146178231772,0.2608695652173913,357,2568,5949,126,0.043756064374764946,177360,19.706666666666667,0.03674493022021551,0.325,HistGradientBoosting
0.7126666666666667,0.7231951879944896,0.12619978670458584,0.7349896480331263,0.2154126213592233,0.8009123635568957,0.2908551137223229,0.2908551137223229,0.21702351225070948,0.288599272044147,0.2650103519668737,355,2458,6059,128,0.043756064374764946,177160,19.684444444444445,0.03790044080571658,0.31255555555555553,HistGradientBoosting
0.7238888888888889,0.7232655624082489,0.12925925925925927,0.722567287784679,0.21928997800816838,0.8009123635568957,0.2908551137223229,0.2908551137223229,0.21959197681858453,0.2760361629681813,0.2774327122153209,349,2351,6166,134,0.043756064374764946,181020,20.113333333333333,0.03903333339541428,0.3,HistGradientBoosting
0.7347777777777778,0.7221833279002827,0.1321483771251932,0.7080745341614907,0.22272875284923477,0.8009123635568957,0.2908551137223229,0.2908551137223229,0.2212480538564302,0.2637078783609252,0.2919254658385093,342,2246,6271,141,0.043756064374764946,185920,20.657777777777778,0.040150898202748135,0.28755555555555556,HistGradientBoosting
0.7471111111111111,0.727723216336782,0.13777777777777778,0.7060041407867494,0.23056118999323866,0.8009123635568957,0.2908551137223229,0.2908551137223229,0.2298668445254559,0.2505577081131854,0.2939958592132505,341,2134,6383,142,0.043756064374764946,184680,20.52,0.04159203240214912,0.275,HistGradientBoosting
0.758,0.7266409818288159,0.14134574693186627,0.6915113871635611,0.23471539002108222,0.8009123635568957,0.2908551137223229,0.2908551137223229,0.2321493959336432,0.23822942350592932,0.3084886128364389,334,2029,6488,149,0.043756064374764946,189580,21.064444444444444,0.043167856669361696,0.26255555555555554,HistGradientBoosting
0.7701111111111111,0.7310869674607672,0.14755555555555555,0.6873706004140787,0.24295645810464692,0.8009123635568957,0.2908551137223229,0.2908551137223229,0.24053550596724385,0.22519666549254433,0.31262939958592134,332,1918,6599,151,0.043756064374764946,189360,21.04,0.04494705669814234,0.25,HistGradientBoosting
0.7703333333333333,0.731204379695122,0.14768683274021352,0.6873706004140787,0.2431343830098865,0.8009123635568957,0.2908551137223229,0.2908551137223229,0.24072908829688908,0.22496184102383468,0.31262939958592134,332,1916,6601,151,0.043756064374764946,189320,21.035555555555554,0.045,0.24977777777777777,HistGradientBoosting
0.7807777777777778,0.728910830148253,0.15154349859681945,0.6708074534161491,0.24723388019839757,0.8009123635568957,0.2908551137223229,0.2908551137223229,0.2424286916732498,0.21298579311964308,0.32919254658385094,324,1814,6703,159,0.043756064374764946,195280,21.697777777777777,0.04677602855996103,0.23755555555555555,HistGradientBoosting
0.7926666666666666,0.7322629129756564,0.15851851851851853,0.6645962732919255,0.25598086124401914,0.8009123635568957,0.2908551137223229,0.2908551137223229,0.2506929572566259,0.20007044734061288,0.33540372670807456,321,1704,6813,162,0.043756064374764946,196080,21.786666666666665,0.04859637410524014,0.225,HistGradientBoosting
0.8037777777777778,0.7322745812722382,0.16466283324621014,0.6521739130434783,0.2629382303839733,0.8009123635568957,0.2908551137223229,0.2908551137223229,0.25589386217580035,0.18762475049900199,0.34782608695652173,315,1598,6919,168,0.043756064374764946,199960,22.217777777777776,0.050686000586094036,0.21255555555555555,HistGradientBoosting
0.8161111111111111,0.7378144697087374,0.17444444444444446,0.650103519668737,0.27507665352606225,0.8009123635568957,0.2908551137223229,0.2908551137223229,0.26796783004132213,0.17447458025126217,0.3498964803312629,314,1486,7031,169,0.043756064374764946,198720,22.08,0.0538636375610131,0.2,HistGradientBoosting
0.8203333333333334,0.7371158304508993,0.17710706150341685,0.6438923395445134,0.27780259044216166,0.8009123635568957,0.2908551137223229,0.2908551137223229,0.269684482187368,0.16966067864271456,0.35610766045548653,311,1445,7072,172,0.043756064374764946,200900,22.322222222222223,0.055,0.19511111111111112,HistGradientBoosting
0.8267777777777777,0.7356383323962232,0.18127962085308058,0.6335403726708074,0.28189774297558734,0.8009123635568957,0.2908551137223229,0.2908551137223229,0.27207492162749036,0.16226370787836092,0.36645962732919257,306,1382,7135,177,0.043756064374764946,204640,22.73777777777778,0.056706205886166566,0.18755555555555556,HistGradientBoosting
0.8377777777777777,0.7346148040054346,0.18984126984126984,0.6190476190476191,0.2905733722060253,0.8009123635568957,0.2908551137223229,0.2908551137223229,0.27830037330227836,0.14981801103675002,0.38095238095238093,299,1276,7241,184,0.043756064374764946,209520,23.28,0.06010467383046592,0.175,HistGradientBoosting
0.8473333333333334,0.7269691526701803,0.19548872180451127,0.5921325051759835,0.29393627954779034,0.8009123635568957,0.2908551137223229,0.2908551137223229,0.2772632440556054,0.13819419983562287,0.4078674948240166,286,1177,7340,197,0.043756064374764946,220540,24.504444444444445,0.06419680553282088,0.16255555555555556,HistGradientBoosting
0.8493333333333334,0.7270493722091804,0.19750519750519752,0.5900621118012422,0.2959501557632399,0.8009123635568957,0.2908551137223229,0.2908551137223229,0.2789069352071756,0.13596336738288128,0.40993788819875776,285,1158,7359,198,0.043756064374764946,221160,24.573333333333334,0.065,0.16033333333333333,HistGradientBoosting
0.8587777777777778,0.7281334298884875,0.20814814814814814,0.5817805383022774,0.30660120021822146,0.8009123635568957,0.2908551137223229,0.2908551137223229,0.28796401010675843,0.12551367852530235,0.41821946169772256,281,1069,7448,202,0.043756064374764946,223380,24.82,0.07012487567983264,0.15,HistGradientBoosting
0.8684444444444445,0.7312878809425358,0.221604447974583,0.577639751552795,0.3203214695752009,0.8009123635568957,0.2908551137223229,0.2908551137223229,0.30053036790539567,0.11506398966772338,0.422360248447205,279,980,7537,204,0.043756064374764946,223600,24.844444444444445,0.07500000000000001,0.1398888888888889,HistGradientBoosting
0.8705555555555555,0.7314268065987135,0.2245557350565428,0.5755693581780539,0.3230679837303893,0.8009123635568957,0.2908551137223229,0.2908551137223229,0.302840117341129,0.11271574498062698,0.4244306418219462,278,960,7557,205,0.043756064374764946,224200,24.91111111111111,0.07601509880169033,0.13755555555555554,HistGradientBoosting
0.8815555555555555,0.7304032782079246,0.2408888888888889,0.5610766045548654,0.33706467661691547,0.8009123635568957,0.2908551137223229,0.2908551137223229,0.31400314376359834,0.10027004813901609,0.4389233954451346,271,854,7663,212,0.043756064374764946,229080,25.453333333333333,0.08371110484166255,0.125,HistGradientBoosting
0.8822222222222222,0.7297790243407959,0.24171888988361684,0.5590062111801242,0.33749999999999997,0.8009123635568957,0.2908551137223229,0.2908551137223229,0.314112280515365,0.09944816249853235,0.4409937888198758,270,847,7670,213,0.043756064374764946,229940,25.54888888888889,0.085,0.12411111111111112,HistGradientBoosting
0.8922222222222222,0.7282271408954104,0.2596248766041461,0.5445134575569358,0.3516042780748664,0.8009123635568957,0.2908551137223229,0.2908551137223229,0.32547498035184536,0.08805917576611483,0.4554865424430642,263,750,7767,220,0.043756064374764946,235000,26.11111111111111,0.09109437779717545,0.11255555555555556,HistGradientBoosting
0.8956666666666667,0.724188087106751,0.2649484536082474,0.5320910973084886,0.3537508602890571,0.8009123635568957,0.2908551137223229,0.2908551137223229,0.3258485376108106,0.0837149230949865,0.46790890269151136,257,713,7804,226,0.043756064374764946,240260,26.695555555555554,0.095,0.10777777777777778,HistGradientBoosting
0.9014444444444445,0.7184523900682377,0.27555555555555555,0.5134575569358178,0.3586406362979031,0.8009123635568957,0.2908551137223229,0.2908551137223229,0.3282010160027723,0.0765527767993425,0.4865424430641822,248,652,7865,235,0.043756064374764946,248040,27.56,0.10282476493105816,0.1,HistGradientBoosting
0.9026666666666666,0.7142157045062232,0.2764505119453925,0.5031055900621118,0.3568281938325991,0.8009123635568957,0.2908551137223229,0.2908551137223229,0.325236290002608,0.07467418104966538,0.4968944099378882,243,636,7881,240,0.043756064374764946,252720,28.08,0.10500000000000001,0.09766666666666667,HistGradientBoosting
0.9105555555555556,0.7086189331238875,0.2956852791878173,0.4824016563146998,0.3666404405979544,0.8009123635568957,0.2908551137223229,0.2908551137223229,0.33266953079970696,0.06516379006692498,0.5175983436853002,233,555,7962,250,0.043756064374764946,261100,29.011111111111113,0.11388272308560045,0.08755555555555555,HistGradientBoosting
0.9111111111111111,0.7089124637097745,0.29757343550446996,0.4824016563146998,0.368088467614534,0.8009123635568957,0.2908551137223229,0.2908551137223229,0.33409787310543104,0.06457672889515087,0.5175983436853002,233,550,7967,250,0.043756064374764946,261000,29.0,0.115,0.087,HistGradientBoosting
0.9158888888888889,0.6987424493358916,0.3081232492997199,0.4554865424430642,0.36758563074352546,0.8009123635568957,0.2908551137223229,0.2908551137223229,0.33144841926266133,0.05800164377128097,0.5445134575569358,220,494,8023,263,0.043756064374764946,272880,30.32,0.125,0.07933333333333334,HistGradientBoosting
0.9188888888888889,0.6944685710785226,0.31703703703703706,0.44306418219461696,0.3696027633851468,0.8009123635568957,0.2908551137223229,0.2908551137223229,0.33277623222803304,0.05412704003757191,0.556935817805383,214,461,8056,269,0.043756064374764946,278220,30.913333333333334,0.12895173713958435,0.075,HistGradientBoosting
0.9214444444444444,0.6909363589226369,0.32554517133956384,0.432712215320911,0.37155555555555553,0.8009123635568957,0.2908551137223229,0.2908551137223229,0.33436193024658384,0.050839497475636965,0.567287784679089,209,433,8084,274,0.043756064374764946,282660,31.406666666666666,0.135,0.07133333333333333,HistGradientBoosting
0.9256666666666666,0.6843787762436399,0.3412969283276451,0.4140786749482402,0.37418147801683815,0.8009123635568957,0.2908551137223229,0.2908551137223229,0.3368276621597566,0.045321122460960435,0.5859213250517599,200,386,8131,283,0.043756064374764946,290720,32.30222222222222,0.14500000000000002,0.0651111111111111,HistGradientBoosting
0.9273333333333333,0.6813534057205283,0.3481349911190053,0.4057971014492754,0.3747609942638624,0.8009123635568957,0.2908551137223229,0.2908551137223229,0.3375393257204044,0.04309029000821886,0.5942028985507246,196,367,8150,287,0.043756064374764946,294340,32.70444444444445,0.15167295893434266,0.06255555555555556,HistGradientBoosting
0.9287777777777778,0.6772341323928687,0.3537037037037037,0.39544513457556935,0.3734115347018573,0.8009123635568957,0.2908551137223229,0.2908551137223229,0.3363660744682231,0.0409768697898321,0.6045548654244306,191,349,8168,292,0.043756064374764946,298980,33.22,0.155,0.06,HistGradientBoosting
0.9328888888888889,0.6725708247370805,0.37627811860940696,0.38095238095238093,0.3786008230452675,0.8009123635568957,0.2908551137223229,0.2908551137223229,0.34313856798327863,0.03581073147822003,0.6190476190476191,184,305,8212,299,0.043756064374764946,305100,33.9,0.165,0.05433333333333333,HistGradientBoosting
0.9354444444444444,0.6661091408706153,0.39111111111111113,0.36438923395445133,0.37727759914255093,0.8009123635568957,0.2908551137223229,0.2908551137223229,0.3435192686183128,0.03217095221322062,0.6356107660455487,176,274,8243,307,0.043756064374764946,312480,34.72,0.17416662339881603,0.05,HistGradientBoosting
0.9356666666666666,0.6662265531049703,0.39285714285714285,0.36438923395445133,0.3780880773361976,0.8009123635568957,0.2908551137223229,0.2908551137223229,0.34448826397296106,0.031936127744510975,0.6356107660455487,176,272,8245,307,0.043756064374764946,312440,34.715555555555554,0.17500000000000002,0.049777777777777775,HistGradientBoosting
0.9374444444444444,0.6622833981288427,0.4052132701421801,0.35403726708074534,0.37790055248618787,0.8009123635568957,0.2908551137223229,0.2908551137223229,0.34599652042461215,0.02947047082305976,0.6459627329192547,171,251,8266,312,0.043756064374764946,317020,35.224444444444444,0.185,0.04688888888888889,HistGradientBoosting
0.9384444444444444,0.6540233380517008,0.41012658227848103,0.33540372670807456,0.36902050113895213,0.8009123635568957,0.2908551137223229,0.2908551137223229,0.3388905283153476,0.027357050604673007,0.6645962732919255,162,233,8284,321,0.043756064374764946,325660,36.184444444444445,0.195,0.04388888888888889,HistGradientBoosting
0.9395555555555556,0.6487514558023157,0.41823056300268097,0.32298136645962733,0.3644859813084112,0.8009123635568957,0.2908551137223229,0.2908551137223229,0.3363750648644343,0.02547845485499589,0.6770186335403726,156,217,8300,327,0.043756064374764946,331340,36.815555555555555,0.20500000000000002,0.041444444444444443,HistGradientBoosting
0.9415555555555556,0.6459022036307364,0.43804034582132567,0.3146997929606625,0.36626506024096384,0.8009123635568957,0.2908551137223229,0.2908551137223229,0.34155499951672846,0.022895385699189856,0.6853002070393375,152,195,8322,331,0.043756064374764946,334900,37.21111111111111,0.215,0.03855555555555556,HistGradientBoosting
0.9418888888888889,0.643148850271689,0.4408284023668639,0.3084886128364389,0.3629719853836784,0.8009123635568957,0.2908551137223229,0.2908551137223229,0.3393652025610785,0.022190912293060937,0.6915113871635611,149,189,8328,334,0.043756064374764946,337780,37.53111111111111,0.220071813179993,0.03755555555555556,HistGradientBoosting
0.9426666666666667,0.6416068119515446,0.44954128440366975,0.30434782608695654,0.362962962962963,0.8009123635568957,0.2908551137223229,0.2908551137223229,0.3410927438044423,0.021134202183867558,0.6956521739130435,147,180,8337,336,0.043756064374764946,339600,37.733333333333334,0.225,0.036333333333333336,HistGradientBoosting
0.9426666666666667,0.633794887389999,0.44694533762057875,0.28778467908902694,0.35012594458438284,0.8009123635568957,0.2908551137223229,0.2908551137223229,0.33015760837261676,0.020194904309029,0.7122153209109731,139,172,8345,344,0.043756064374764946,347440,38.60444444444445,0.23500000000000001,0.034555555555555555,HistGradientBoosting
0.943,0.6261590811799856,0.4486301369863014,0.2712215320910973,0.33806451612903227,0.8009123635568957,0.2908551137223229,0.2908551137223229,0.3209332884215253,0.018903369731125982,0.7287784679089027,131,161,8356,352,0.043756064374764946,355220,39.46888888888889,0.245,0.03244444444444444,HistGradientBoosting
0.9435555555555556,0.6205936683447135,0.45454545454545453,0.2587991718426501,0.32981530343007914,0.8009123635568957,0.2908551137223229,0.2908551137223229,0.31580741740608825,0.017611835153222965,0.7412008281573499,125,150,8367,358,0.043756064374764946,361000,40.111111111111114,0.255,0.030555555555555555,HistGradientBoosting
0.9432222222222222,0.613582116001829,0.44696969696969696,0.2443064182194617,0.31593038821954483,0.8009123635568957,0.2908551137223229,0.2908551137223229,0.3033881150866952,0.017142186215803688,0.7556935817805382,118,146,8371,365,0.043756064374764946,367920,40.88,0.265,0.029333333333333333,HistGradientBoosting
0.9442222222222222,0.6111809993458461,0.46184738955823296,0.23809523809523808,0.314207650273224,0.8009123635568957,0.2908551137223229,0.2908551137223229,0.30552654050892736,0.01573323940354585,0.7619047619047619,115,134,8383,368,0.043756064374764946,370680,41.18666666666667,0.275,0.027666666666666666,HistGradientBoosting
0.9445555555555556,0.604521683706026,0.46551724137931033,0.2236024844720497,0.30209790209790205,0.8009123635568957,0.2908551137223229,0.2908551137223229,0.29727543184132477,0.014559117059997653,0.7763975155279503,108,124,8393,375,0.043756064374764946,377480,41.94222222222222,0.28500000000000003,0.025777777777777778,HistGradientBoosting
0.9444444444444444,0.6005570153080758,0.4622222222222222,0.2153209109730849,0.2937853107344633,0.8009123635568957,0.2908551137223229,0.2908551137223229,0.29029826307967427,0.014206880356933193,0.7846790890269151,104,121,8396,379,0.043756064374764946,381420,42.38,0.2894184631401758,0.025,HistGradientBoosting
0.9446666666666667,0.5948154841212716,0.46445497630331756,0.2028985507246377,0.2824207492795389,0.8009123635568957,0.2908551137223229,0.2908551137223229,0.2824328390573588,0.013267582482094635,0.7971014492753623,98,113,8404,385,0.043756064374764946,387260,43.028888888888886,0.295,0.023444444444444445,HistGradientBoosting
0.945,0.591085640192031,0.47,0.19461697722567287,0.2752562225475842,0.8009123635568957,0.2908551137223229,0.2908551137223229,0.2785097900186978,0.012445696841610896,0.8053830227743272,94,106,8411,389,0.043756064374764946,391120,43.45777777777778,0.305,0.022222222222222223,HistGradientBoosting
0.9444444444444444,0.5820036944744053,0.45454545454545453,0.17598343685300208,0.2537313432835821,0.8009123635568957,0.2908551137223229,0.2908551137223229,0.25911801927662326,0.011976047904191617,0.8240165631469979,85,102,8415,398,0.043756064374764946,400040,44.44888888888889,0.315,0.020777777777777777,HistGradientBoosting
0.9447777777777778,0.5743678882643919,0.4583333333333333,0.15942028985507245,0.23655913978494622,0.8009123635568957,0.2908551137223229,0.2908551137223229,0.24765560593863833,0.0106845133262886,0.8405797101449275,77,91,8426,406,0.043756064374764946,407820,45.31333333333333,0.325,0.018666666666666668,HistGradientBoosting
0.945,0.5676498665073945,0.4605263157894737,0.14492753623188406,0.22047244094488191,0.8009123635568957,0.2908551137223229,0.2908551137223229,0.2366298223376259,0.009627803217095221,0.855072463768116,70,82,8435,413,0.043756064374764946,414640,46.07111111111111,0.335,0.016888888888888887,HistGradientBoosting
0.9458888888888889,0.5651900437342341,0.4855072463768116,0.13871635610766045,0.21578099838969403,0.8009123635568957,0.2908551137223229,0.2908551137223229,0.2391237655317599,0.008336268639192203,0.8612836438923396,67,71,8446,416,0.043756064374764946,417420,46.38,0.34500000000000003,0.015333333333333332,HistGradientBoosting
0.9458888888888889,0.5564016286024954,0.48333333333333334,0.12008281573498965,0.1923714759535655,0.8009123635568957,0.2908551137223229,0.2908551137223229,0.2216365713867914,0.007279558529998826,0.8799171842650103,58,62,8455,425,0.043756064374764946,426240,47.36,0.35500000000000004,0.013333333333333334,HistGradientBoosting
0.9457777777777778,0.5524369602045452,0.4778761061946903,0.11180124223602485,0.18120805369127516,0.8009123635568957,0.2908551137223229,0.2908551137223229,0.21225971673902663,0.006927321826934367,0.8881987577639752,54,59,8458,429,0.043756064374764946,430180,47.797777777777775,0.3637891178237709,0.012555555555555556,HistGradientBoosting
0.9455555555555556,0.550366566829804,0.46846846846846846,0.10766045548654245,0.1750841750841751,0.8009123635568957,0.2908551137223229,0.2908551137223229,0.20568437005320908,0.006927321826934367,0.8923395445134575,52,59,8458,431,0.043756064374764946,432180,48.02,0.365,0.012333333333333333,HistGradientBoosting
0.9461111111111111,0.5477306257051116,0.49,0.10144927536231885,0.16809605488850773,0.8009123635568957,0.2908551137223229,0.2908551137223229,0.20523385792029503,0.005988023952095809,0.8985507246376812,49,51,8466,434,0.043756064374764946,435020,48.33555555555556,0.375,0.011111111111111112,HistGradientBoosting
0.9468888888888889,0.5442356062445807,0.5294117647058824,0.09316770186335403,0.15845070422535212,0.8009123635568957,0.2908551137223229,0.2908551137223229,0.20613357324950746,0.004696489374192791,0.906832298136646,45,40,8477,438,0.043756064374764946,438800,48.75555555555555,0.385,0.009444444444444445,HistGradientBoosting
0.9467777777777778,0.538317956706244,0.527027027027027,0.08074534161490683,0.14003590664272889,0.8009123635568957,0.2908551137223229,0.2908551137223229,0.19125153342422982,0.004109428202418692,0.9192546583850931,39,35,8482,444,0.043756064374764946,444700,49.41111111111111,0.395,0.008222222222222223,HistGradientBoosting
0.9468888888888889,0.5354471911128419,0.5373134328358209,0.07453416149068323,0.13090909090909092,0.8009123635568957,0.2908551137223229,0.2908551137223229,0.18586287173375923,0.003639779264999413,0.9254658385093167,36,31,8486,447,0.043756064374764946,447620,49.73555555555556,0.405,0.0074444444444444445,HistGradientBoosting
0.9468888888888889,0.530564738261876,0.543859649122807,0.06418219461697723,0.11481481481481481,0.8009123635568957,0.2908551137223229,0.2908551137223229,0.17365549190566232,0.003052718093225314,0.9358178053830227,31,26,8491,452,0.043756064374764946,452520,50.28,0.41500000000000004,0.006333333333333333,HistGradientBoosting
0.9472222222222222,0.529764366043215,0.5769230769230769,0.062111801242236024,0.11214953271028036,0.8009123635568957,0.2908551137223229,0.2908551137223229,0.1770022805593051,0.002583069155806035,0.937888198757764,30,22,8495,453,0.043756064374764946,453440,50.382222222222225,0.425,0.0057777777777777775,HistGradientBoosting
0.9463333333333334,0.520506301974057,0.5,0.043478260869565216,0.08,0.8009123635568957,0.2908551137223229,0.2908551137223229,0.1356138541727144,0.0024656569214512153,0.9565217391304348,21,21,8496,462,0.043756064374764946,462420,51.38,0.435,0.004666666666666667,HistGradientBoosting
0.9461111111111111,0.5174594180291227,0.47368421052631576,0.037267080745341616,0.0690978886756238,0.8009123635568957,0.2908551137223229,0.2908551137223229,0.12136190361580558,0.0023482446870963956,0.9627329192546584,18,20,8497,465,0.043756064374764946,465400,51.71111111111111,0.445,0.004222222222222222,HistGradientBoosting
0.9463333333333334,0.5156238491230911,0.5,0.033126293995859216,0.06213592233009709,0.8009123635568957,0.2908551137223229,0.2908551137223229,0.1183074604679545,0.0018785957496771164,0.9668737060041408,16,16,8501,467,0.043756064374764946,467320,51.92444444444445,0.455,0.0035555555555555557,HistGradientBoosting
0.9464444444444444,0.5137295740998821,0.5185185185185185,0.028985507246376812,0.054901960784313725,0.8009123635568957,0.2908551137223229,0.2908551137223229,0.11314965498934336,0.001526359046612657,0.9710144927536232,14,13,8504,469,0.043756064374764946,469260,52.14,0.465,0.003,HistGradientBoosting
0.9468888888888889,0.5120114174282053,0.631578947368421,0.024844720496894408,0.04780876494023903,0.8009123635568957,0.2908551137223229,0.2908551137223229,0.1179511001812731,0.0008218856404837384,0.9751552795031055,12,7,8510,471,0.043756064374764946,471140,52.34888888888889,0.47500000000000003,0.002111111111111111,HistGradientBoosting
0.9467777777777778,0.5099997301706416,0.625,0.020703933747412008,0.04008016032064128,0.8009123635568957,0.2908551137223229,0.2908551137223229,0.10698928939311592,0.0007044734061289186,0.979296066252588,10,6,8511,473,0.043756064374764946,473120,52.568888888888885,0.485,0.0017777777777777779,HistGradientBoosting
0.9465555555555556,0.5079293367959004,0.5714285714285714,0.016563146997929608,0.03219315895372234,0.8009123635568957,0.2908551137223229,0.2908551137223229,0.09068522282411445,0.0007044734061289186,0.9834368530020704,8,6,8511,475,0.043756064374764946,475120,52.791111111111114,0.495,0.0015555555555555555,HistGradientBoosting
0.9463333333333334,0.504882452850966,0.5,0.010351966873706004,0.02028397565922921,0.8009123635568957,0.2908551137223229,0.2908551137223229,0.06605490873705254,0.0005870611717740989,0.989648033126294,5,5,8512,478,0.043756064374764946,478100,53.12222222222222,0.505,0.0011111111111111111,HistGradientBoosting
0.9464444444444444,0.5049411589681434,0.5555555555555556,0.010351966873706004,0.020325203252032523,0.8009123635568957,0.2908551137223229,0.2908551137223229,0.07046126850297779,0.0004696489374192791,0.989648033126294,5,4,8513,478,0.043756064374764946,478080,53.12,0.515,0.001,HistGradientBoosting
0.9464444444444444,0.5039646683979502,0.5714285714285714,0.008281573498964804,0.0163265306122449,0.8009123635568957,0.2908551137223229,0.2908551137223229,0.06409917457933488,0.0003522367030644593,0.9917184265010351,4,3,8514,479,0.043756064374764946,479060,53.22888888888889,0.525,0.0007777777777777777,HistGradientBoosting
0.9466666666666667,0.504082080632305,0.8,0.008281573498964804,0.01639344262295082,0.8009123635568957,0.2908551137223229,0.2908551137223229,0.07808055247823792,0.00011741223435481978,0.9917184265010351,4,1,8516,479,0.043756064374764946,479020,53.224444444444444,0.535,0.0005555555555555556,HistGradientBoosting
0.9465555555555556,0.5030468839449344,0.75,0.006211180124223602,0.012320328542094456,0.8009123635568957,0.2908551137223229,0.2908551137223229,0.06515504933756468,0.00011741223435481978,0.9937888198757764,3,1,8516,480,0.043756064374764946,480020,53.33555555555556,0.545,0.00044444444444444447,HistGradientBoosting
0.9465555555555556,0.5030468839449344,0.75,0.006211180124223602,0.012320328542094456,0.8009123635568957,0.2908551137223229,0.2908551137223229,0.06515504933756468,0.00011741223435481978,0.9937888198757764,3,1,8516,480,0.043756064374764946,480020,53.33555555555556,0.555,0.00044444444444444447,HistGradientBoosting
0.9466666666666667,0.5031055900621118,1.0,0.006211180124223602,0.01234567901234568,0.8009123635568957,0.2908551137223229,0.2908551137223229,0.07667989779900439,0.0,0.9937888198757764,3,0,8517,480,0.043756064374764946,480000,53.333333333333336,0.5650000000000001,0.0003333333333333333,HistGradientBoosting
0.9466666666666667,0.5031055900621118,1.0,0.006211180124223602,0.01234567901234568,0.8009123635568957,0.2908551137223229,0.2908551137223229,0.07667989779900439,0.0,0.9937888198757764,3,0,8517,480,0.043756064374764946,480000,53.333333333333336,0.5750000000000001,0.0003333333333333333,HistGradientBoosting
0.9464444444444444,0.5010351966873706,1.0,0.002070393374741201,0.004132231404958678,0.8009123635568957,0.2908551137223229,0.2908551137223229,0.04426623979796273,0.0,0.9979296066252588,1,0,8517,482,0.043756064374764946,482000,53.55555555555556,0.582561153582403,0.00011111111111111112,HistGradientBoosting
0.9463333333333334,0.5,0.0,0.0,0.0,0.8009123635568957,0.2908551137223229,0.2908551137223229,0.0,0.0,1.0,0,0,8517,483,0.043756064374764946,483000,53.666666666666664,0.585,0.0,HistGradientBoosting
0.9463333333333334,0.5,0.0,0.0,0.0,0.8009123635568957,0.2908551137223229,0.2908551137223229,0.0,0.0,1.0,0,0,8517,483,0.043756064374764946,483000,53.666666666666664,0.595,0.0,HistGradientBoosting
0.9463333333333334,0.5,0.0,0.0,0.0,0.8009123635568957,0.2908551137223229,0.2908551137223229,0.0,0.0,1.0,0,0,8517,483,0.043756064374764946,483000,53.666666666666664,0.605,0.0,HistGradientBoosting
0.9463333333333334,0.5,0.0,0.0,0.0,0.8009123635568957,0.2908551137223229,0.2908551137223229,0.0,0.0,1.0,0,0,8517,483,0.043756064374764946,483000,53.666666666666664,0.615,0.0,HistGradientBoosting
0.9463333333333334,0.5,0.0,0.0,0.0,0.8009123635568957,0.2908551137223229,0.2908551137223229,0.0,0.0,1.0,0,0,8517,483,0.043756064374764946,483000,53.666666666666664,0.625,0.0,HistGradientBoosting
0.9463333333333334,0.5,0.0,0.0,0.0,0.8009123635568957,0.2908551137223229,0.2908551137223229,0.0,0.0,1.0,0,0,8517,483,0.043756064374764946,483000,53.666666666666664,0.635,0.0,HistGradientBoosting
0.9463333333333334,0.5,0.0,0.0,0.0,0.8009123635568957,0.2908551137223229,0.2908551137223229,0.0,0.0,1.0,0,0,8517,483,0.043756064374764946,483000,53.666666666666664,0.645,0.0,HistGradientBoosting
0.9463333333333334,0.5,0.0,0.0,0.0,0.8009123635568957,0.2908551137223229,0.2908551137223229,0.0,0.0,1.0,0,0,8517,483,0.043756064374764946,483000,53.666666666666664,0.655,0.0,HistGradientBoosting
0.9463333333333334,0.5,0.0,0.0,0.0,0.8009123635568957,0.2908551137223229,0.2908551137223229,0.0,0.0,1.0,0,0,8517,483,0.043756064374764946,483000,53.666666666666664,0.665,0.0,HistGradientBoosting
0.9463333333333334,0.5,0.0,0.0,0.0,0.8009123635568957,0.2908551137223229,0.2908551137223229,0.0,0.0,1.0,0,0,8517,483,0.043756064374764946,483000,53.666666666666664,0.675,0.0,HistGradientBoosting
0.9463333333333334,0.5,0.0,0.0,0.0,0.8009123635568957,0.2908551137223229,0.2908551137223229,0.0,0.0,1.0,0,0,8517,483,0.043756064374764946,483000,53.666666666666664,0.685,0.0,HistGradientBoosting
0.9463333333333334,0.5,0.0,0.0,0.0,0.8009123635568957,0.2908551137223229,0.2908551137223229,0.0,0.0,1.0,0,0,8517,483,0.043756064374764946,483000,53.666666666666664,0.6950000000000001,0.0,HistGradientBoosting
0.9463333333333334,0.5,0.0,0.0,0.0,0.8009123635568957,0.2908551137223229,0.2908551137223229,0.0,0.0,1.0,0,0,8517,483,0.043756064374764946,483000,53.666666666666664,0.7050000000000001,0.0,HistGradientBoosting
0.9463333333333334,0.5,0.0,0.0,0.0,0.8009123635568957,0.2908551137223229,0.2908551137223229,0.0,0.0,1.0,0,0,8517,483,0.043756064374764946,483000,53.666666666666664,0.715,0.0,HistGradientBoosting
0.9463333333333334,0.5,0.0,0.0,0.0,0.8009123635568957,0.2908551137223229,0.2908551137223229,0.0,0.0,1.0,0,0,8517,483,0.043756064374764946,483000,53.666666666666664,0.725,0.0,HistGradientBoosting
0.9463333333333334,0.5,0.0,0.0,0.0,0.8009123635568957,0.2908551137223229,0.2908551137223229,0.0,0.0,1.0,0,0,8517,483,0.043756064374764946,483000,53.666666666666664,0.735,0.0,HistGradientBoosting
0.9463333333333334,0.5,0.0,0.0,0.0,0.8009123635568957,0.2908551137223229,0.2908551137223229,0.0,0.0,1.0,0,0,8517,483,0.043756064374764946,483000,53.666666666666664,0.745,0.0,HistGradientBoosting
0.9463333333333334,0.5,0.0,0.0,0.0,0.8009123635568957,0.2908551137223229,0.2908551137223229,0.0,0.0,1.0,0,0,8517,483,0.043756064374764946,483000,53.666666666666664,0.755,0.0,HistGradientBoosting
0.9463333333333334,0.5,0.0,0.0,0.0,0.8009123635568957,0.2908551137223229,0.2908551137223229,0.0,0.0,1.0,0,0,8517,483,0.043756064374764946,483000,53.666666666666664,0.765,0.0,HistGradientBoosting
0.9463333333333334,0.5,0.0,0.0,0.0,0.8009123635568957,0.2908551137223229,0.2908551137223229,0.0,0.0,1.0,0,0,8517,483,0.043756064374764946,483000,53.666666666666664,0.775,0.0,HistGradientBoosting
0.9463333333333334,0.5,0.0,0.0,0.0,0.8009123635568957,0.2908551137223229,0.2908551137223229,0.0,0.0,1.0,0,0,8517,483,0.043756064374764946,483000,53.666666666666664,0.785,0.0,HistGradientBoosting
0.9463333333333334,0.5,0.0,0.0,0.0,0.8009123635568957,0.2908551137223229,0.2908551137223229,0.0,0.0,1.0,0,0,8517,483,0.043756064374764946,483000,53.666666666666664,0.795,0.0,HistGradientBoosting
0.9463333333333334,0.5,0.0,0.0,0.0,0.8009123635568957,0.2908551137223229,0.2908551137223229,0.0,0.0,1.0,0,0,8517,483,0.043756064374764946,483000,53.666666666666664,0.805,0.0,HistGradientBoosting
0.9463333333333334,0.5,0.0,0.0,0.0,0.8009123635568957,0.2908551137223229,0.2908551137223229,0.0,0.0,1.0,0,0,8517,483,0.043756064374764946,483000,53.666666666666664,0.8150000000000001,0.0,HistGradientBoosting
0.9463333333333334,0.5,0.0,0.0,0.0,0.8009123635568957,0.2908551137223229,0.2908551137223229,0.0,0.0,1.0,0,0,8517,483,0.043756064374764946,483000,53.666666666666664,0.8250000000000001,0.0,HistGradientBoosting
0.9463333333333334,0.5,0.0,0.0,0.0,0.8009123635568957,0.2908551137223229,0.2908551137223229,0.0,0.0,1.0,0,0,8517,483,0.043756064374764946,483000,53.666666666666664,0.8350000000000001,0.0,HistGradientBoosting
0.9463333333333334,0.5,0.0,0.0,0.0,0.8009123635568957,0.2908551137223229,0.2908551137223229,0.0,0.0,1.0,0,0,8517,483,0.043756064374764946,483000,53.666666666666664,0.845,0.0,HistGradientBoosting
0.9463333333333334,0.5,0.0,0.0,0.0,0.8009123635568957,0.2908551137223229,0.2908551137223229,0.0,0.0,1.0,0,0,8517,483,0.043756064374764946,483000,53.666666666666664,0.855,0.0,HistGradientBoosting
0.9463333333333334,0.5,0.0,0.0,0.0,0.8009123635568957,0.2908551137223229,0.2908551137223229,0.0,0.0,1.0,0,0,8517,483,0.043756064374764946,483000,53.666666666666664,0.865,0.0,HistGradientBoosting
0.9463333333333334,0.5,0.0,0.0,0.0,0.8009123635568957,0.2908551137223229,0.2908551137223229,0.0,0.0,1.0,0,0,8517,483,0.043756064374764946,483000,53.666666666666664,0.875,0.0,HistGradientBoosting
0.9463333333333334,0.5,0.0,0.0,0.0,0.8009123635568957,0.2908551137223229,0.2908551137223229,0.0,0.0,1.0,0,0,8517,483,0.043756064374764946,483000,53.666666666666664,0.885,0.0,HistGradientBoosting
0.9463333333333334,0.5,0.0,0.0,0.0,0.8009123635568957,0.2908551137223229,0.2908551137223229,0.0,0.0,1.0,0,0,8517,483,0.043756064374764946,483000,53.666666666666664,0.895,0.0,HistGradientBoosting
0.9463333333333334,0.5,0.0,0.0,0.0,0.8009123635568957,0.2908551137223229,0.2908551137223229,0.0,0.0,1.0,0,0,8517,483,0.043756064374764946,483000,53.666666666666664,0.905,0.0,HistGradientBoosting
0.9463333333333334,0.5,0.0,0.0,0.0,0.8009123635568957,0.2908551137223229,0.2908551137223229,0.0,0.0,1.0,0,0,8517,483,0.043756064374764946,483000,53.666666666666664,0.915,0.0,HistGradientBoosting
0.9463333333333334,0.5,0.0,0.0,0.0,0.8009123635568957,0.2908551137223229,0.2908551137223229,0.0,0.0,1.0,0,0,8517,483,0.043756064374764946,483000,53.666666666666664,0.925,0.0,HistGradientBoosting
0.9463333333333334,0.5,0.0,0.0,0.0,0.8009123635568957,0.2908551137223229,0.2908551137223229,0.0,0.0,1.0,0,0,8517,483,0.043756064374764946,483000,53.666666666666664,0.935,0.0,HistGradientBoosting
0.9463333333333334,0.5,0.0,0.0,0.0,0.8009123635568957,0.2908551137223229,0.2908551137223229,0.0,0.0,1.0,0,0,8517,483,0.043756064374764946,483000,53.666666666666664,0.9450000000000001,0.0,HistGradientBoosting
0.9463333333333334,0.5,0.0,0.0,0.0,0.8009123635568957,0.2908551137223229,0.2908551137223229,0.0,0.0,1.0,0,0,8517,483,0.043756064374764946,483000,53.666666666666664,0.9550000000000001,0.0,HistGradientBoosting
0.9463333333333334,0.5,0.0,0.0,0.0,0.8009123635568957,0.2908551137223229,0.2908551137223229,0.0,0.0,1.0,0,0,8517,483,0.043756064374764946,483000,53.666666666666664,0.965,0.0,HistGradientBoosting
0.9463333333333334,0.5,0.0,0.0,0.0,0.8009123635568957,0.2908551137223229,0.2908551137223229,0.0,0.0,1.0,0,0,8517,483,0.043756064374764946,483000,53.666666666666664,0.975,0.0,HistGradientBoosting
0.9463333333333334,0.5,0.0,0.0,0.0,0.8009123635568957,0.2908551137223229,0.2908551137223229,0.0,0.0,1.0,0,0,8517,483,0.043756064374764946,483000,53.666666666666664,0.985,0.0,HistGradientBoosting
0.9463333333333334,0.5,0.0,0.0,0.0,0.8009123635568957,0.2908551137223229,0.2908551137223229,0.0,0.0,1.0,0,0,8517,483,0.043756064374764946,483000,53.666666666666664,0.995,0.0,HistGradientBoosting
0.9463333333333334,0.5,0.0,0.0,0.0,0.8009123635568957,0.2908551137223229,0.2908551137223229,0.0,0.0,1.0,0,0,8517,483,0.043756064374764946,483000,53.666666666666664,1.000001,0.0,HistGradientBoosting
0.05366666666666667,0.5,0.05366666666666667,1.0,0.1018664979436887,0.8016015223237606,0.30403091388459724,0.30403091388459724,0.0,1.0,0.0,483,8517,0,0,0.04338253661990166,170340,18.926666666666666,0.005,1.0,XGBoost
0.05366666666666667,0.5,0.05366666666666667,1.0,0.1018664979436887,0.8016015223237606,0.30403091388459724,0.30403091388459724,0.0,1.0,0.0,483,8517,0,0,0.04338253661990166,170340,18.926666666666666,0.007906569167971611,1.0,XGBoost
0.06577777777777778,0.5044459856319513,0.054124001350286936,0.9958592132505176,0.10266808964781217,0.8016015223237606,0.30403091388459724,0.30403091388459724,0.017996917578413787,0.986967241986615,0.004140786749482402,481,8406,111,2,0.04338253661990166,170120,18.90222222222222,0.011506284843198955,0.9874444444444445,XGBoost
0.078,0.5099271679512732,0.0547008547008547,0.9937888198757764,0.10369410239792613,0.8016015223237606,0.30403091388459724,0.30403091388459724,0.02865876244164312,0.97393448397323,0.006211180124223602,480,8295,222,3,0.04338253661990166,168900,18.766666666666666,0.012613411783240736,0.975,XGBoost
0.09033333333333333,0.5154670563877725,0.0552990071577003,0.9917184265010351,0.10475669764898851,0.8016015223237606,0.30403091388459724,0.30403091388459724,0.03666799079488063,0.9607843137254902,0.008281573498964804,479,8183,334,4,0.04338253661990166,167660,18.628888888888888,0.01331779946340248,0.9624444444444444,XGBoost
0.10233333333333333,0.5198543359025464,0.05578947368421053,0.9875776397515528,0.10561275323812687,0.8016015223237606,0.30403091388459724,0.30403091388459724,0.04105943184341375,0.94786896794646,0.012422360248447204,477,8073,444,6,0.04338253661990166,167460,18.606666666666666,0.013937732577323914,0.95,XGBoost
0.11466666666666667,0.5253942243390457,0.056418158113073366,0.9855072463768116,0.10672645739910314,0.8016015223237606,0.30403091388459724,0.30403091388459724,0.047264341833222666,0.9347187976987202,0.014492753623188406,476,7961,556,7,0.04338253661990166,166220,18.468888888888888,0.014486275322269648,0.9374444444444444,XGBoost
0.12688888888888888,0.5308754066583676,0.057057057057057055,0.9834368530020704,0.10785649409627611,0.8016015223237606,0.30403091388459724,0.30403091388459724,0.05283425203001678,0.9216860396853352,0.016563146997929608,475,7850,667,8,0.04338253661990166,165000,18.333333333333332,0.01494530774652958,0.925,XGBoost
0.1282222222222222,0.5315798800644965,0.05713942018525202,0.9834368530020704,0.10800363801728058,0.8016015223237606,0.30403091388459724,0.30403091388459724,0.053604358392789535,0.9202770928730774,0.016563146997929608,475,7838,679,8,0.04338253661990166,164760,18.30666666666667,0.015,0.9236666666666666,XGBoost
0.13922222222222222,0.5364152950948669,0.05772040915733073,0.9813664596273292,0.10902817711328348,0.8016015223237606,0.30403091388459724,0.30403091388459724,0.05806883848815507,0.9085358694375953,0.018633540372670808,474,7738,779,9,0.04338253661990166,163760,18.195555555555554,0.015428046544548124,0.9124444444444444,XGBoost
0.15166666666666667,0.5429903802187368,0.05851851851851852,0.9813664596273292,0.11045089129674938,0.8016015223237606,0.30403091388459724,0.30403091388459724,0.06458838221787157,0.8953856991898556,0.018633540372670808,474,7626,891,9,0.04338253661990166,161520,17.946666666666665,0.015879283472895623,0.9,XGBoost
0.16377777777777777,0.5474363658506881,0.05909603105045699,0.9772256728778468,0.11145218417945692,0.8016015223237606,0.30403091388459724,0.30403091388459724,0.06764905428268515,0.8823529411764706,0.022774327122153208,472,7515,1002,11,0.04338253661990166,161300,17.92222222222222,0.016331416694447397,0.8874444444444445,XGBoost
0.17622222222222222,0.554011450974558,0.059936507936507934,0.9772256728778468,0.11294568078487675,0.8016015223237606,0.30403091388459724,0.30403091388459724,0.07360904557069516,0.8692027709287308,0.022774327122153208,472,7403,1114,11,0.04338253661990166,159060,17.673333333333332,0.016788936220109463,0.875,XGBoost
0.18855555555555556,0.5595513394110573,0.06068023705230611,0.9751552795031055,0.11425106124924198,0.8016015223237606,0.30403091388459724,0.30403091388459724,0.07792759568400948,0.856052600680991,0.024844720496894408,471,7291,1226,12,0.04338253661990166,157820,17.535555555555554,0.017198658594861627,0.8624444444444445,XGBoost
0.201,0.5661264245349272,0.06156862745098039,0.9751552795031055,0.11582441903356697,0.8016015223237606,0.30403091388459724,0.30403091388459724,0.08346882958980363,0.8429024304332512,0.024844720496894408,471,7179,1338,12,0.04338253661990166,155580,17.286666666666665,0.017578182462602853,0.85,XGBoost
0.21333333333333335,0.5716663129714266,0.06235902879129627,0.9730848861283644,0.11720698254364091,0.8016015223237606,0.30403091388459724,0.30403091388459724,0.08754685026663825,0.8297522601855113,0.026915113871635612,470,7067,1450,13,0.04338253661990166,154340,17.148888888888887,0.017872465611435472,0.8374444444444444,XGBoost
0.22511111111111112,0.5749596896816525,0.0628956228956229,0.9668737060041408,0.11810824481537681,0.8016015223237606,0.30403091388459724,0.30403091388459724,0.08891727744743502,0.816954326640836,0.033126293995859216,467,6958,1559,16,0.04338253661990166,155160,17.24,0.01824705097824335,0.825,XGBoost
0.23766666666666666,0.5815934809226997,0.06386761487964988,0.9668737060041408,0.11982039769082743,0.8016015223237606,0.30403091388459724,0.30403091388459724,0.09421022336055822,0.8036867441587413,0.033126293995859216,467,6845,1672,16,0.04338253661990166,152900,16.988888888888887,0.01853311317972839,0.8124444444444444,XGBoost
0.24922222222222223,0.5837929548283776,0.06430555555555556,0.9585921325051759,0.12052583626187689,0.8016015223237606,0.30403091388459724,0.30403091388459724,0.09441736789864431,0.7910062228484208,0.041407867494824016,463,6737,1780,20,0.04338253661990166,154740,17.19333333333333,0.01883022263646126,0.8,XGBoost
0.2608888888888889,0.5860511348512328,0.06476647382531396,0.9503105590062112,0.12126816380449143,0.8016015223237606,0.30403091388459724,0.30403091388459724,0.09480140754568418,0.7782082893037454,0.049689440993788817,459,6628,1889,24,0.04338253661990166,156560,17.395555555555557,0.019039759133011102,0.7874444444444444,XGBoost
0.2728888888888889,0.5904384143660067,0.06551971326164875,0.9461697722567288,0.12255296326092788,0.8016015223237606,0.30403091388459724,0.30403091388459724,0.09761469559021096,0.7652929435247153,0.053830227743271224,457,6518,1999,26,0.04338253661990166,156360,17.373333333333335,0.01930660461075604,0.775,XGBoost
0.285,0.5948843999979581,0.06630719906732731,0.9420289855072463,0.1238938053097345,0.8016015223237606,0.30403091388459724,0.30403091388459724,0.10048760443884934,0.7522601855113302,0.057971014492753624,455,6407,2110,28,0.04338253661990166,156140,17.34888888888889,0.019562144996598363,0.7624444444444445,XGBoost
0.29655555555555557,0.5970838739036359,0.06681481481481481,0.9337474120082816,0.12470620765933914,0.8016015223237606,0.30403091388459724,0.30403091388459724,0.10105337824659358,0.7395796642010097,0.06625258799171843,451,6299,2218,32,0.04338253661990166,157980,17.553333333333335,0.019812970887869596,0.75,XGBoost
0.3088888888888889,0.6026237623401351,0.06780171764351364,0.9316770186335404,0.12640449438202248,0.8016015223237606,0.30403091388459724,0.30403091388459724,0.10511798988628934,0.72642949395327,0.06832298136645963,450,6187,2330,33,0.04338253661990166,156740,17.415555555555557,0.02005445214454085,0.7374444444444445,XGBoost
0.3208888888888889,0.6070110418549091,0.06865900383141763,0.927536231884058,0.1278538812785388,0.8016015223237606,0.30403091388459724,0.30403091388459724,0.10801836947617496,0.7135141481742397,0.07246376811594203,448,6077,2440,35,0.04338253661990166,156540,17.393333333333334,0.0202693872153759,0.725,XGBoost
0.33344444444444443,0.6136448330959564,0.06986899563318777,0.927536231884058,0.12994923857868018,0.8016015223237606,0.30403091388459724,0.30403091388459724,0.11316644858521445,0.7002465656921452,0.07246376811594203,448,5964,2553,35,0.04338253661990166,154280,17.142222222222223,0.02047858464065939,0.7124444444444444,XGBoost
0.34544444444444444,0.6180321126107303,0.0707936507936508,0.9233954451345756,0.13150523367241632,0.8016015223237606,0.30403091388459724,0.30403091388459724,0.11609002596141729,0.687331219913115,0.07660455486542443,446,5854,2663,37,0.04338253661990166,154080,17.12,0.020681342110037804,0.7,XGBoost
0.35733333333333334,0.6213841954381336,0.07160174559560369,0.917184265010352,0.1328335832083958,0.8016015223237606,0.30403091388459724,0.30403091388459724,0.11802774361945775,0.6744158741340848,0.08281573498964803,443,5744,2773,40,0.04338253661990166,154880,17.20888888888889,0.020962039940059185,0.6874444444444444,XGBoost
0.36933333333333335,0.6257714749529075,0.0725925925925926,0.9130434782608695,0.1344922232387923,0.8016015223237606,0.30403091388459724,0.30403091388459724,0.12102998022875731,0.6615005283550546,0.08695652173913043,441,5634,2883,42,0.04338253661990166,154680,17.186666666666667,0.021209838753566145,0.675,XGBoost
0.381,0.6280296549757628,0.07329755115732975,0.9047619047619048,0.1356089992242048,0.8016015223237606,0.30403091388459724,0.30403091388459724,0.12203027477530548,0.6487025948103793,0.09523809523809523,437,5525,2992,46,0.04338253661990166,156500,17.38888888888889,0.021446624957025054,0.6624444444444444,XGBoost
0.3932222222222222,0.6335108372950846,0.07452991452991453,0.9026915113871635,0.1376914574451287,0.8016015223237606,0.30403091388459724,0.30403091388459724,0.1261624732730913,0.6356698367969943,0.09730848861283643,436,5414,3103,47,0.04338253661990166,155280,17.253333333333334,0.02172976089641452,0.65,XGBoost
0.4053333333333333,0.6379568229270359,0.0756492940561269,0.8985507246376812,0.13954983922829584,0.8016015223237606,0.30403091388459724,0.30403091388459724,0.12934186150071011,0.6226370787836093,0.10144927536231885,434,5303,3214,49,0.04338253661990166,155060,17.22888888888889,0.021973784570582213,0.6374444444444445,XGBoost
0.41755555555555557,0.6434380052463579,0.07697777777777778,0.8964803312629399,0.141781270464964,0.8016015223237606,0.30403091388459724,0.30403091388459724,0.13354049129466786,0.6096043207702243,0.10351966873706005,433,5192,3325,50,0.04338253661990166,153840,17.093333333333334,0.022263130405917764,0.625,XGBoost
0.42966666666666664,0.6478839908783092,0.07819303338171263,0.8923395445134575,0.1437864887406172,0.8016015223237606,0.30403091388459724,0.30403091388459724,0.13681231896877244,0.5965715627568393,0.10766045548654245,431,5081,3436,52,0.04338253661990166,153620,17.06888888888889,0.022567669255658986,0.6124444444444445,XGBoost
0.4418888888888889,0.6533651731976311,0.07962962962962963,0.8902691511387164,0.14618391976882544,0.8016015223237606,0.30403091388459724,0.30403091388459724,0.1410995094169093,0.5835388047434543,0.10973084886128365,430,4970,3547,53,0.04338253661990166,152400,16.933333333333334,0.022888849675655364,0.6,XGBoost
0.45422222222222225,0.6589050616341303,0.0811424248155854,0.8881987577639752,0.14870017331022528,0.8016015223237606,0.30403091388459724,0.30403091388459724,0.14548475463731642,0.5703886344957144,0.11180124223602485,429,4858,3659,54,0.04338253661990166,151160,16.795555555555556,0.02317812042310834,0.5874444444444444,XGBoost
0.4662222222222222,0.6632923411489042,0.08251207729468599,0.8840579710144928,0.15093672675857192,0.8016015223237606,0.30403091388459724,0.30403091388459724,0.14888186604467568,0.5574732887166842,0.11594202898550725,427,4748,3769,56,0.04338253661990166,150960,16.773333333333333,0.023501266539096833,0.575,XGBoost
0.47855555555555557,0.6688322295854036,0.0841564598972738,0.8819875776397516,0.15365193868349863,0.8016015223237606,0.30403091388459724,0.30403091388459724,0.1533922133637024,0.5443231184689444,0.11801242236024845,426,4636,3881,57,0.04338253661990166,149720,16.635555555555555,0.023805386619642377,0.5624444444444444,XGBoost
0.4905555555555556,0.6732195091001775,0.08565656565656565,0.8778467908902692,0.15608319528805448,0.8016015223237606,0.30403091388459724,0.30403091388459724,0.1569327470846394,0.5314077726899142,0.12215320910973085,424,4526,3991,59,0.04338253661990166,149520,16.613333333333333,0.024263548757880928,0.55,XGBoost
0.5026666666666667,0.6776654947321287,0.08724415960305974,0.8737060041407867,0.15864661654135337,0.8016015223237606,0.30403091388459724,0.30403091388459724,0.1606048755136664,0.5183750146765292,0.12629399585921325,422,4415,4102,61,0.04338253661990166,149300,16.58888888888889,0.024685260630212723,0.5374444444444444,XGBoost
0.5093333333333333,0.6802113711925801,0.0881675392670157,0.8716356107660456,0.1601369341955116,0.8016015223237606,0.30403091388459724,0.30403091388459724,0.16275301071988824,0.5112128683808853,0.12836438923395446,421,4354,4163,62,0.04338253661990166,149080,16.564444444444444,0.025,0.5305555555555556,XGBoost
0.5146666666666667,0.6820527742469026,0.08888888888888889,0.8695652173913043,0.16129032258064516,0.8016015223237606,0.30403091388459724,0.30403091388459724,0.16431424669239839,0.5054596688974992,0.13043478260869565,420,4305,4212,63,0.04338253661990166,149100,16.566666666666666,0.025198116432875395,0.525,XGBoost
0.5263333333333333,0.6843109542697579,0.09019947961838681,0.8612836438923396,0.16329735034347398,0.8016015223237606,0.30403091388459724,0.30403091388459724,0.1661958111844176,0.49266173535282376,0.13871635610766045,416,4196,4321,67,0.04338253661990166,150920,16.76888888888889,0.025574640580452983,0.5124444444444445,XGBoost
0.5378888888888889,0.6865104281754357,0.09155555555555556,0.8530020703933747,0.16536223158739713,0.8016015223237606,0.30403091388459724,0.30403091388459724,0.1681270102007191,0.4799812140425032,0.14699792960662525,412,4088,4429,71,0.04338253661990166,152760,16.973333333333333,0.02602075319737196,0.5,XGBoost
0.5496666666666666,0.6898038048856616,0.09320875113947129,0.8467908902691511,0.16793266269759805,0.8016015223237606,0.30403091388459724,0.30403091388459724,0.1711487927770843,0.46718328049782787,0.15320910973084886,409,3979,4538,74,0.04338253661990166,153580,17.064444444444444,0.026542016700841487,0.4875555555555556,XGBoost
0.5617777777777778,0.6942497905176129,0.0952046783625731,0.8426501035196687,0.1710802858343842,0.8016015223237606,0.30403091388459724,0.30403091388459724,0.17532283224517137,0.4541505224844429,0.15734989648033126,407,3868,4649,76,0.04338253661990166,153360,17.04,0.027188115334138275,0.475,XGBoost
0.5735555555555556,0.6975431672278388,0.09704539995195773,0.8364389233954451,0.1739130434782609,0.8016015223237606,0.30403091388459724,0.30403091388459724,0.17857376205231756,0.44135258893976753,0.16356107660455488,404,3759,4758,79,0.04338253661990166,154180,17.13111111111111,0.02780216645915061,0.46255555555555555,XGBoost
0.5854444444444444,0.7008952500552421,0.09901234567901235,0.8302277432712215,0.17692477388043237,0.8016015223237606,0.30403091388459724,0.30403091388459724,0.182006308822823,0.42843724316073734,0.16977225672877846,401,3649,4868,82,0.04338253661990166,154980,17.22,0.028523996192961934,0.45,XGBoost
0.5978888888888889,0.7074703351791121,0.10182833925850686,0.8302277432712215,0.18140692151097035,0.8016015223237606,0.30403091388459724,0.30403091388459724,0.18849679352445503,0.41528707291299755,0.16977225672877846,401,3537,4980,82,0.04338253661990166,152740,16.97111111111111,0.02913973794784397,0.43755555555555553,XGBoost
0.6097777777777778,0.7108224180065152,0.10405228758169935,0.8240165631469979,0.18477251624883936,0.8016015223237606,0.30403091388459724,0.30403091388459724,0.19221743515967255,0.40237172713396735,0.17598343685300208,398,3427,5090,85,0.04338253661990166,153540,17.06,0.02979976455681026,0.425,XGBoost
0.6206666666666667,0.7097401834985491,0.10530568273633181,0.8095238095238095,0.18636796949475692,0.8016015223237606,0.30403091388459724,0.30403091388459724,0.19202660267757135,0.3900434425267113,0.19047619047619047,391,3322,5195,92,0.04338253661990166,158440,17.604444444444443,0.030522482609376313,0.41255555555555556,XGBoost
0.6323333333333333,0.7119983635214044,0.1075,0.8012422360248447,0.18956649522409993,0.8016015223237606,0.30403091388459724,0.30403091388459724,0.1950434017474823,0.3772455089820359,0.19875776397515527,387,3213,5304,96,0.04338253661990166,160260,17.80666666666667,0.03130483999848366,0.4,XGBoost
0.6441111111111111,0.7152917402316302,0.11009174311926606,0.7950310559006211,0.19340216570133467,0.8016015223237606,0.30403091388459724,0.30403091388459724,0.1991734335878823,0.36444757543736056,0.20496894409937888,384,3104,5413,99,0.04338253661990166,161080,17.897777777777776,0.032071352424100044,0.38755555555555554,XGBoost
0.656,0.7186438230590335,0.11288888888888889,0.7888198757763976,0.19751166407465007,0.8016015223237606,0.30403091388459724,0.30403091388459724,0.20355695479520866,0.3515322296583304,0.2111801242236025,381,2994,5523,102,0.04338253661990166,161880,17.986666666666668,0.03296376205980778,0.375,XGBoost
0.6675555555555556,0.7208432969647114,0.11553784860557768,0.7805383022774327,0.201281366791244,0.8016015223237606,0.30403091388459724,0.30403091388459724,0.20705234089420338,0.3388517083480099,0.2194616977225673,377,2886,5631,106,0.04338253661990166,163720,18.191111111111113,0.03374634133651853,0.3625555555555556,XGBoost
0.6787777777777778,0.7209136713784707,0.11777777777777777,0.7681159420289855,0.20423892100192678,0.8016015223237606,0.30403091388459724,0.30403091388459724,0.2087547028062334,0.3262885992720441,0.2318840579710145,371,2779,5738,112,0.04338253661990166,167580,18.62,0.034591554664075375,0.35,XGBoost
0.6835555555555556,0.7205085627065198,0.11867139632376653,0.7619047619047619,0.20535714285714285,0.8016015223237606,0.30403091388459724,0.30403091388459724,0.20913766841646503,0.3208876364917224,0.23809523809523808,368,2733,5784,115,0.04338253661990166,169660,18.851111111111113,0.034999999999999996,0.34455555555555556,XGBoost
0.6892222222222222,0.7176436312614085,0.11915734035549704,0.7494824016563147,0.20562340244248792,0.8016015223237606,0.30403091388459724,0.30403091388459724,0.2074450027296632,0.3141951391334977,0.2505175983436853,362,2676,5841,121,0.04338253661990166,174520,19.391111111111112,0.03543845275416971,0.33755555555555555,XGBoost
0.7004444444444444,0.7177140056751677,0.12170940170940171,0.7370600414078675,0.20892018779342725,0.8016015223237606,0.30403091388459724,0.30403091388459724,0.2095063432487795,0.301632030057532,0.2629399585921325,356,2569,5948,127,0.04338253661990166,178380,19.82,0.03647805182263255,0.325,XGBoost
0.7117777777777777,0.7188195767762977,0.12477781727692855,0.7267080745341615,0.21298543689320387,0.8016015223237606,0.30403091388459724,0.30403091388459724,0.21276889312854863,0.2890689209815663,0.2732919254658385,351,2462,6055,132,0.04338253661990166,181240,20.137777777777778,0.037411710480228066,0.31255555555555553,XGBoost
0.7234444444444444,0.7210777567991529,0.12851851851851853,0.7184265010351967,0.21803330191643108,0.8016015223237606,0.30403091388459724,0.30403091388459724,0.2174401691084563,0.27627098743689094,0.2815734989648033,347,2353,6164,136,0.04338253661990166,183060,20.34,0.038508901745080946,0.3,XGBoost
0.735,0.7232772307048307,0.13253477588871715,0.7101449275362319,0.2233800065125366,0.8016015223237606,0.30403091388459724,0.30403091388459724,0.22233735190998605,0.2635904661265704,0.2898550724637681,343,2245,6272,140,0.04338253661990166,184900,20.544444444444444,0.03982656029984355,0.28755555555555556,XGBoost
0.7457777777777778,0.721159799509494,0.13535353535353536,0.6935817805383023,0.22650439486139287,0.8016015223237606,0.30403091388459724,0.30403091388459724,0.2232416442509141,0.2512621815193143,0.3064182194616977,335,2140,6377,148,0.04338253661990166,190800,21.2,0.04148257588967683,0.275,XGBoost
0.7568888888888889,0.7211714678060759,0.13922979263647906,0.6811594202898551,0.23120168657765286,0.8016015223237606,0.30403091388459724,0.30403091388459724,0.2265469476642091,0.23881648467770342,0.3188405797101449,329,2034,6483,154,0.04338253661990166,194680,21.63111111111111,0.0431818983051926,0.26255555555555554,XGBoost
0.7671111111111111,0.723642958875818,0.14392935982339955,0.6749482401656315,0.23726346433770015,0.8016015223237606,0.30403091388459724,0.30403091388459724,0.23227325763044415,0.22766232241399553,0.3250517598343685,326,1939,6578,157,0.04338253661990166,195780,21.753333333333334,0.045,0.25166666666666665,XGBoost
0.7683333333333333,0.7223357450243831,0.144,0.6708074534161491,0.23710208562019758,0.8016015223237606,0.30403091388459724,0.30403091388459724,0.23142646905487485,0.22613596336738287,0.32919254658385094,324,1926,6591,159,0.04338253661990166,197520,21.946666666666665,0.0452311635017395,0.25,XGBoost
0.7803333333333333,0.7267230245391569,0.15060804490177737,0.6666666666666666,0.2457077451354445,0.8016015223237606,0.30403091388459724,0.30403091388459724,0.24011168967249236,0.2132206175883527,0.3333333333333333,322,1816,6701,161,0.04338253661990166,197320,21.924444444444443,0.04741909895092249,0.23755555555555555,XGBoost
0.7913333333333333,0.7256994961483683,0.15555555555555556,0.6521739130434783,0.25119617224880386,0.8016015223237606,0.30403091388459724,0.30403091388459724,0.24360873380889358,0.2007749207467418,0.34782608695652173,315,1710,6807,168,0.04338253661990166,202200,22.466666666666665,0.04981323964893818,0.225,XGBoost
0.8022222222222222,0.7246172616404021,0.16100365917407214,0.6376811594202898,0.2570951585976628,0.8016015223237606,0.30403091388459724,0.30403091388459724,0.24745789348834193,0.18844663613948573,0.36231884057971014,308,1605,6912,175,0.04338253661990166,207100,23.011111111111113,0.05314447395503524,0.21255555555555555,XGBoost
0.8098888888888889,0.7267150025852569,0.16630434782608697,0.6335403726708074,0.26345243219974174,0.8016015223237606,0.30403091388459724,0.30403091388459724,0.25337380999508213,0.18011036750029352,0.36645962732919257,306,1534,6983,177,0.04338253661990166,207680,23.075555555555557,0.055,0.20444444444444446,XGBoost
0.8141111111111111,0.7279693444678054,0.16944444444444445,0.6314699792960663,0.2671922908453789,0.8016015223237606,0.30403091388459724,0.30403091388459724,0.25687440561458846,0.17553129036045556,0.36853002070393376,305,1495,7022,178,0.04338253661990166,207900,23.1,0.056184915453195594,0.2,XGBoost
0.8247777777777778,0.7257932071552913,0.1759478672985782,0.6149068322981367,0.27360663288807,0.8016015223237606,0.30403091388459724,0.30403091388459724,0.26070745161061987,0.1633204179875543,0.38509316770186336,297,1391,7126,186,0.04338253661990166,213820,23.75777777777778,0.059103906620293856,0.18755555555555556,XGBoost
0.8355555555555556,0.7236757759599544,0.18349206349206348,0.598343685300207,0.28085519922254615,0.8016015223237606,0.30403091388459724,0.30403091388459724,0.26532448458320723,0.15099213338029824,0.40165631469979296,289,1286,7231,194,0.04338253661990166,219720,24.413333333333334,0.06286205891519785,0.175,XGBoost
0.8422222222222222,0.7232921807098263,0.18911745189117452,0.5900621118012422,0.28643216080402006,0.8016015223237606,0.30403091388459724,0.30403091388459724,0.2695478718635038,0.14347775038158977,0.40993788819875776,285,1222,7295,198,0.04338253661990166,222440,24.715555555555557,0.065,0.16744444444444445,XGBoost
0.8466666666666667,0.7236874442565362,0.19343814080656185,0.5859213250517599,0.2908530318602261,0.8016015223237606,0.30403091388459724,0.30403091388459724,0.2732543419201961,0.13854643653868734,0.4140786749482402,283,1180,7337,200,0.04338253661990166,223600,24.844444444444445,0.06618505194783211,0.16255555555555556,XGBoost
0.8581111111111112,0.7248517214748436,0.20592592592592593,0.5755693581780539,0.30332787779596293,0.8016015223237606,0.30403091388459724,0.30403091388459724,0.2838216364298451,0.1258659152283668,0.4244306418219462,278,1072,7445,205,0.04338253661990166,226440,25.16,0.07004309445619583,0.15,XGBoost
0.8687777777777778,0.7226755841623294,0.21809369951534732,0.5590062111801242,0.31377106333527016,0.8016015223237606,0.30403091388459724,0.30403091388459724,0.2913884567990196,0.11365504285546554,0.4409937888198758,270,968,7549,213,0.04338253661990166,232360,25.817777777777778,0.07439128886908293,0.13755555555555554,XGBoost
0.8703333333333333,0.723497469802813,0.22058823529411764,0.5590062111801242,0.3163444639718805,0.8016015223237606,0.30403091388459724,0.30403091388459724,0.2938668925963599,0.11201127157449806,0.4409937888198758,270,954,7563,213,0.04338253661990166,232080,25.786666666666665,0.07500000000000001,0.136,XGBoost
0.8802222222222222,0.7238398613806366,0.23555555555555555,0.5486542443064182,0.32960199004975127,0.8016015223237606,0.30403091388459724,0.30403091388459724,0.3050582470866531,0.10097452154514501,0.45134575569358176,265,860,7657,218,0.04338253661990166,235200,26.133333333333333,0.07868206594139338,0.125,XGBoost
0.8904444444444445,0.7224053901696059,0.25318940137389595,0.5341614906832298,0.3435419440745673,0.8016015223237606,0.30403091388459724,0.30403091388459724,0.316356269572274,0.08935071034401784,0.4658385093167702,258,761,7756,225,0.04338253661990166,240220,26.691111111111113,0.085,0.11322222222222222,XGBoost
0.8906666666666667,0.7205698212635745,0.2527147087857848,0.5300207039337475,0.34224598930481276,0.8016015223237606,0.30403091388459724,0.30403091388459724,0.31455486827866397,0.08888106140659857,0.4699792960662526,256,757,7760,227,0.04338253661990166,242140,26.904444444444444,0.08537552375346423,0.11255555555555556,XGBoost
0.9014444444444445,0.7184523900682377,0.27555555555555555,0.5134575569358178,0.3586406362979031,0.8016015223237606,0.30403091388459724,0.30403091388459724,0.3282010160027723,0.0765527767993425,0.4865424430641822,248,652,7865,235,0.04338253661990166,248040,27.56,0.09213031828403474,0.1,XGBoost
0.9047777777777778,0.7182605924431735,0.2840646651270208,0.5093167701863354,0.3647146034099333,0.8016015223237606,0.30403091388459724,0.30403091388459724,0.33358858741580244,0.07279558529998825,0.4906832298136646,246,620,7897,237,0.04338253661990166,249400,27.711111111111112,0.095,0.09622222222222222,XGBoost
0.9118888888888889,0.7151823499511755,0.3032994923857868,0.494824016563147,0.37608182533438234,0.8016015223237606,0.30403091388459724,0.30403091388459724,0.34313573711991757,0.06445931666079606,0.505175983436853,239,549,7968,244,0.04338253661990166,254980,28.33111111111111,0.10114258471876418,0.08755555555555555,XGBoost
0.9153333333333333,0.7091903150221297,0.3117408906882591,0.4782608695652174,0.37745098039215685,0.8016015223237606,0.30403091388459724,0.30403091388459724,0.3430169820249503,0.059880239520958084,0.5217391304347826,231,510,8007,252,0.04338253661990166,262200,29.133333333333333,0.10500000000000001,0.08233333333333333,XGBoost
0.92,0.6999380851012625,0.3244444444444444,0.453416149068323,0.37823834196891193,0.8016015223237606,0.30403091388459724,0.30403091388459724,0.3421357100012867,0.05353997886579782,0.546583850931677,219,456,8061,264,0.04338253661990166,273120,30.346666666666668,0.11088351830840114,0.075,XGBoost
0.9231111111111111,0.6976758941014574,0.3364632237871675,0.4451345755693582,0.38324420677361853,0.8016015223237606,0.30403091388459724,0.30403091388459724,0.34691338426803775,0.049782787366443586,0.5548654244306418,215,424,8093,268,0.04338253661990166,276480,30.72,0.115,0.071,XGBoost
0.9273333333333333,0.6911183114224602,0.35334476843910806,0.42650103519668736,0.38649155722326456,0.8016015223237606,0.30403091388459724,0.30403091388459724,0.34997437236385337,0.044264412351767056,0.5734989648033126,206,377,8140,277,0.04338253661990166,284540,31.615555555555556,0.125,0.06477777777777778,XGBoost
0.9288888888888889,0.6890107253523643,0.3605683836589698,0.42028985507246375,0.38814531548757164,0.8016015223237606,0.30403091388459724,0.30403091388459724,0.3517913134075758,0.042268404367735116,0.5797101449275363,203,360,8157,280,0.04338253661990166,287200,31.91111111111111,0.12926697172224522,0.06255555555555556,XGBoost
0.9308888888888889,0.681279020329819,0.3681214421252372,0.40165631469979296,0.3841584158415841,0.8016015223237606,0.30403091388459724,0.30403091388459724,0.3479930090617168,0.039098274040154986,0.598343685300207,194,333,8184,289,0.04338253661990166,295660,32.85111111111111,0.135,0.058555555555555555,XGBoost
0.9335555555555556,0.6758525331507245,0.3824130879345603,0.38716356107660455,0.3847736625514403,0.8016015223237606,0.30403091388459724,0.30403091388459724,0.3496638930335131,0.03545849477515557,0.6128364389233955,187,302,8215,296,0.04338253661990166,302040,33.56,0.14500000000000002,0.05433333333333333,XGBoost
0.9358888888888889,0.6692734370499045,0.39601769911504425,0.37060041407867494,0.38288770053475935,0.8016015223237606,0.30403091388459724,0.30403091388459724,0.34932866408310886,0.0320535399788658,0.629399585921325,179,273,8244,304,0.04338253661990166,309460,34.38444444444445,0.155,0.050222222222222224,XGBoost
0.9361111111111111,0.6693908492842594,0.3977777777777778,0.37060041407867494,0.3837084673097535,0.8016015223237606,0.30403091388459724,0.30403091388459724,0.3503059515676374,0.03181871551015616,0.629399585921325,179,271,8246,304,0.04338253661990166,309420,34.38,0.15506994947791106,0.05,XGBoost
0.9375555555555556,0.661365613675827,0.40572792362768495,0.35196687370600416,0.37694013303769397,0.8016015223237606,0.30403091388459724,0.30403091388459724,0.3452088460996765,0.029235646354350123,0.6480331262939959,170,249,8268,313,0.04338253661990166,317980,35.33111111111111,0.165,0.04655555555555556,XGBoost
0.94,0.6607041671133436,0.42748091603053434,0.34782608695652173,0.3835616438356164,0.8016015223237606,0.30403091388459724,0.30403091388459724,0.35444744187760735,0.02641775272983445,0.6521739130434783,168,225,8292,315,0.04338253661990166,319500,35.5,0.17500000000000002,0.043666666666666666,XGBoost
0.9413333333333334,0.653596715957927,0.4383561643835616,0.33126293995859213,0.37735849056603776,0.8016015223237606,0.30403091388459724,0.30403091388459724,0.3509548202265818,0.024069508042738053,0.6687370600414079,160,205,8312,323,0.04338253661990166,327100,36.34444444444444,0.185,0.04055555555555555,XGBoost
0.9423333333333334,0.6472896370211714,0.4473684210526316,0.3167701863354037,0.3709090909090909,0.8016015223237606,0.30403091388459724,0.30403091388459724,0.34721400381483636,0.022190912293060937,0.6832298136645962,153,189,8328,330,0.04338253661990166,333780,37.086666666666666,0.195,0.038,XGBoost
0.9425555555555556,0.646430558685333,0.44970414201183434,0.3146997929606625,0.3702801461632156,0.8016015223237606,0.30403091388459724,0.30403091388459724,0.34714519966499485,0.021838675589996477,0.6853002070393375,152,186,8331,331,0.04338253661990166,334720,37.19111111111111,0.19705660715699258,0.03755555555555556,XGBoost
0.9433333333333334,0.6439120297949954,0.4584615384615385,0.3084886128364389,0.3688118811881188,0.8016015223237606,0.30403091388459724,0.30403091388459724,0.3476702750302126,0.02066455324644828,0.6915113871635611,149,176,8341,334,0.04338253661990166,337520,37.50222222222222,0.20500000000000002,0.03611111111111111,XGBoost
0.9436666666666667,0.6382292047253684,0.4612903225806452,0.29606625258799174,0.36065573770491804,0.8016015223237606,0.30403091388459724,0.30403091388459724,0.3416299669315737,0.0196078431372549,0.7039337474120083,143,167,8350,340,0.04338253661990166,343340,38.14888888888889,0.215,0.034444444444444444,XGBoost
0.9437777777777778,0.6324289674213867,0.4612794612794613,0.2836438923395445,0.3512820512820512,0.8016015223237606,0.30403091388459724,0.30403091388459724,0.33413130046897466,0.018785957496771165,0.7163561076604554,137,160,8357,346,0.04338253661990166,349200,38.8,0.225,0.033,XGBoost
0.9447777777777778,0.6329573224759834,0.4756944444444444,0.2836438923395445,0.3553826199740596,0.8016015223237606,0.30403091388459724,0.30403091388459724,0.3404896915461911,0.017729247387577786,0.7163561076604554,137,151,8366,346,0.04338253661990166,349020,38.78,0.23500000000000001,0.032,XGBoost
0.9456666666666667,0.6275680279922435,0.48880597014925375,0.2712215320910973,0.3488681757656457,0.8016015223237606,0.30403091388459724,0.30403091388459724,0.33827076546853124,0.01608547610661031,0.7287784679089027,131,137,8380,352,0.04338253661990166,354740,39.41555555555556,0.245,0.029777777777777778,XGBoost
0.9461111111111111,0.6248733807503736,0.49612403100775193,0.2650103519668737,0.3454790823211876,0.8016015223237606,0.30403091388459724,0.30403091388459724,0.33728847385903366,0.01526359046612657,0.7349896480331263,128,130,8387,355,0.04338253661990166,357600,39.733333333333334,0.255,0.028666666666666667,XGBoost
0.9463333333333334,0.6191318495635693,0.5,0.2525879917184265,0.3356258596973865,0.8016015223237606,0.30403091388459724,0.30403091388459724,0.33061836926879523,0.014324292591288012,0.7474120082815735,122,122,8395,361,0.04338253661990166,363440,40.382222222222225,0.265,0.02711111111111111,XGBoost
0.9472222222222222,0.616672026790409,0.5173913043478261,0.2463768115942029,0.33380084151472655,0.8016015223237606,0.30403091388459724,0.30403091388459724,0.3332344650572319,0.013032758013384995,0.7536231884057971,119,111,8406,364,0.04338253661990166,366220,40.69111111111111,0.275,0.025555555555555557,XGBoost
0.9471111111111111,0.6136838489626519,0.5155555555555555,0.2401656314699793,0.327683615819209,0.8016015223237606,0.30403091388459724,0.30403091388459724,0.32819414730002877,0.012797933544675354,0.7598343685300207,116,109,8408,367,0.04338253661990166,369180,41.02,0.27951575219631236,0.025,XGBoost
0.9468888888888889,0.6096604744475244,0.5114155251141552,0.2318840579710145,0.3190883190883191,0.8016015223237606,0.30403091388459724,0.30403091388459724,0.32077680631676647,0.012563109075965716,0.7681159420289855,112,107,8410,371,0.04338253661990166,373140,41.46,0.28500000000000003,0.024333333333333332,XGBoost
0.9468888888888889,0.6038015310263652,0.5120772946859904,0.2194616977225673,0.3072463768115942,0.8016015223237606,0.30403091388459724,0.30403091388459724,0.3121022751402566,0.011858635669836796,0.7805383022774327,106,101,8416,377,0.04338253661990166,379020,42.11333333333334,0.295,0.023,XGBoost
0.9464444444444444,0.5977077631364964,0.5025125628140703,0.2070393374741201,0.2932551319648094,0.8016015223237606,0.30403091388459724,0.30403091388459724,0.29949074549243865,0.011623811201127158,0.7929606625258799,100,99,8418,383,0.04338253661990166,384980,42.775555555555556,0.305,0.022111111111111113,XGBoost
0.9471111111111111,0.5970835092693677,0.518324607329843,0.20496894409937888,0.2937685459940653,0.8016015223237606,0.30403091388459724,0.30403091388459724,0.3036074068021429,0.01080192556064342,0.7950310559006211,99,92,8425,384,0.04338253661990166,385840,42.87111111111111,0.315,0.021222222222222222,XGBoost
0.9464444444444444,0.5879428574345645,0.5027932960893855,0.18633540372670807,0.2719033232628399,0.8016015223237606,0.30403091388459724,0.30403091388459724,0.28389780238247037,0.01044968885757896,0.8136645962732919,90,89,8428,393,0.04338253661990166,394780,43.864444444444445,0.325,0.01988888888888889,XGBoost
0.9465555555555556,0.583119110700776,0.5059523809523809,0.17598343685300208,0.261136712749616,0.8016015223237606,0.30403091388459724,0.30403091388459724,0.27679841671042443,0.00974521545145004,0.8240165631469979,85,83,8434,398,0.04338253661990166,399660,44.406666666666666,0.335,0.018666666666666668,XGBoost
0.9461111111111111,0.5770253428109072,0.49375,0.16356107660455488,0.24572317262830484,0.8016015223237606,0.30403091388459724,0.30403091388459724,0.26272076540364336,0.009510390982740402,0.8364389233954451,79,81,8436,404,0.04338253661990166,405620,45.068888888888885,0.34500000000000003,0.017777777777777778,XGBoost
0.9466666666666667,0.570483439405442,0.5106382978723404,0.14906832298136646,0.23076923076923078,0.8016015223237606,0.30403091388459724,0.30403091388459724,0.2558185693471178,0.008101444170482565,0.8509316770186336,72,69,8448,411,0.04338253661990166,412380,45.82,0.35500000000000004,0.015666666666666666,XGBoost
0.947,0.5677300860463946,0.5227272727272727,0.14285714285714285,0.22439024390243906,0.8016015223237606,0.30403091388459724,0.30403091388459724,0.2539385902083556,0.007396970764353646,0.8571428571428571,69,63,8454,414,0.04338253661990166,415260,46.14,0.365,0.014666666666666666,XGBoost
0.9474444444444444,0.5660119293747179,0.5403225806451613,0.13871635610766045,0.22075782537067545,0.8016015223237606,0.30403091388459724,0.30403091388459724,0.25524063808117126,0.006692497358224727,0.8612836438923396,67,57,8460,416,0.04338253661990166,417140,46.34888888888889,0.375,0.013777777777777778,XGBoost
0.9478888888888889,0.5652702632732343,0.559322033898305,0.13664596273291926,0.21963394342762063,0.8016015223237606,0.30403091388459724,0.30403091388459724,0.25862223530672207,0.006105436186450628,0.8633540372670807,66,52,8465,417,0.04338253661990166,418040,46.44888888888889,0.385,0.013111111111111112,XGBoost
0.9478888888888889,0.5633172821328479,0.5614035087719298,0.13250517598343686,0.21440536013400335,0.8016015223237606,0.30403091388459724,0.30403091388459724,0.255189951418223,0.005870611717740989,0.8674948240165632,64,50,8467,419,0.04338253661990166,420000,46.666666666666664,0.395,0.012666666666666666,XGBoost
0.948,0.5633759882500253,0.5663716814159292,0.13250517598343686,0.21476510067114096,0.8016015223237606,0.30403091388459724,0.30403091388459724,0.2565398387231498,0.005753199483386168,0.8674948240165632,64,49,8468,419,0.04338253661990166,419980,46.66444444444444,0.3987218838185089,0.012555555555555556,XGBoost
0.9474444444444444,0.5572235142429791,0.5471698113207547,0.12008281573498965,0.1969439728353141,0.8016015223237606,0.30403091388459724,0.30403091388459724,0.23906715588809785,0.005635787249031349,0.8799171842650103,58,48,8469,425,0.04338253661990166,425960,47.32888888888889,0.405,0.011777777777777778,XGBoost
0.9475555555555556,0.5533762580793838,0.5567010309278351,0.11180124223602485,0.18620689655172415,0.8016015223237606,0.30403091388459724,0.30403091388459724,0.232991971004354,0.00504872607725725,0.8881987577639752,54,43,8474,429,0.04338253661990166,429860,47.76222222222222,0.41500000000000004,0.010777777777777778,XGBoost
0.9475555555555556,0.5494702957986111,0.5617977528089888,0.10351966873706005,0.17482517482517482,0.8016015223237606,0.30403091388459724,0.30403091388459724,0.22533734170751346,0.004579077139837971,0.8964803312629399,50,39,8478,433,0.04338253661990166,433780,48.19777777777778,0.425,0.009888888888888888,XGBoost
0.9474444444444444,0.5445291368304677,0.5625,0.09316770186335403,0.15985790408525755,0.8016015223237606,0.30403091388459724,0.30403091388459724,0.21382758975961239,0.004109428202418692,0.906832298136646,45,35,8482,438,0.04338253661990166,438700,48.74444444444445,0.435,0.008888888888888889,XGBoost
0.9468888888888889,0.5393531533936147,0.5333333333333333,0.08281573498964803,0.14336917562724016,0.8016015223237606,0.30403091388459724,0.30403091388459724,0.19511545857189797,0.004109428202418692,0.917184265010352,40,35,8482,443,0.04338253661990166,443700,49.3,0.445,0.008333333333333333,XGBoost
0.9472222222222222,0.5356233094643741,0.5625,0.07453416149068323,0.1316270566727605,0.8016015223237606,0.30403091388459724,0.30403091388459724,0.19108191333411087,0.0032875425619349535,0.9254658385093167,36,28,8489,447,0.04338253661990166,447560,49.72888888888889,0.455,0.0071111111111111115,XGBoost
0.9472222222222222,0.534646818894181,0.5645161290322581,0.07246376811594203,0.12844036697247707,0.8016015223237606,0.30403091388459724,0.30403091388459724,0.18879662685226353,0.0031701303275801338,0.927536231884058,35,27,8490,448,0.04338253661990166,448540,49.83777777777778,0.465,0.006888888888888889,XGBoost
0.9475555555555556,0.53384644667552,0.5964912280701754,0.07039337474120083,0.12592592592592594,0.8016015223237606,0.30403091388459724,0.30403091388459724,0.19230072563806225,0.002700481390160855,0.9296066252587992,34,23,8494,449,0.04338253661990166,449460,49.94,0.47500000000000003,0.006333333333333333,XGBoost
0.9472222222222222,0.529764366043215,0.5769230769230769,0.062111801242236024,0.11214953271028036,0.8016015223237606,0.30403091388459724,0.30403091388459724,0.1770022805593051,0.002583069155806035,0.937888198757764,30,22,8495,453,0.04338253661990166,453440,50.382222222222225,0.485,0.0057777777777777775,XGBoost
0.9467777777777778,0.5246470887235394,0.5434782608695652,0.051759834368530024,0.0945179584120983,0.8016015223237606,0.30403091388459724,0.30403091388459724,0.15578478965623163,0.0024656569214512153,0.94824016563147,25,21,8496,458,0.04338253661990166,458420,50.93555555555555,0.495,0.005111111111111111,XGBoost
0.9466666666666667,0.5216589108957824,0.5365853658536586,0.045548654244306416,0.08396946564885496,0.8016015223237606,0.30403091388459724,0.30403091388459724,0.1449645469591505,0.002230832452741576,0.9544513457556936,22,19,8498,461,0.04338253661990166,461380,51.26444444444444,0.505,0.004555555555555556,XGBoost
0.947,0.5208585386771215,0.5833333333333334,0.043478260869565216,0.08092485549132948,0.8016015223237606,0.30403091388459724,0.30403091388459724,0.14894591248059155,0.0017611835153222965,0.9565217391304348,21,15,8502,462,0.04338253661990166,462300,51.36666666666667,0.515,0.004,XGBoost
0.9471111111111111,0.5199407542241057,0.6060606060606061,0.041407867494824016,0.07751937984496123,0.8016015223237606,0.30403091388459724,0.30403091388459724,0.14869895297413507,0.001526359046612657,0.9585921325051759,20,13,8504,463,0.04338253661990166,463260,51.473333333333336,0.525,0.0036666666666666666,XGBoost
0.9473333333333334,0.5190816758882673,0.6551724137931034,0.039337474120082816,0.07421875,0.8016015223237606,0.30403091388459724,0.30403091388459724,0.15175533656802492,0.0011741223435481978,0.9606625258799172,19,10,8507,464,0.04338253661990166,464200,51.577777777777776,0.535,0.0032222222222222222,XGBoost
0.9472222222222222,0.5180464792008967,0.6428571428571429,0.037267080745341616,0.07045009784735812,0.8016015223237606,0.30403091388459724,0.30403091388459724,0.1460547621614282,0.0011741223435481978,0.9627329192546584,18,10,8507,465,0.04338253661990166,465200,51.68888888888889,0.545,0.003111111111111111,XGBoost
0.9471111111111111,0.5170112825135261,0.6296296296296297,0.035196687370600416,0.06666666666666667,0.8016015223237606,0.30403091388459724,0.30403091388459724,0.14019522625601774,0.0011741223435481978,0.9648033126293996,17,10,8507,466,0.04338253661990166,466200,51.8,0.555,0.003,XGBoost
0.947,0.5159760858261555,0.6153846153846154,0.033126293995859216,0.06286836935166995,0.8016015223237606,0.30403091388459724,0.30403091388459724,0.13416448349486576,0.0011741223435481978,0.9668737060041408,16,10,8507,467,0.04338253661990166,467200,51.91111111111111,0.5650000000000001,0.0028888888888888888,XGBoost
0.9471111111111111,0.5160347919433329,0.64,0.033126293995859216,0.06299212598425197,0.8016015223237606,0.30403091388459724,0.30403091388459724,0.13731658079617592,0.0010567101091933778,0.9668737060041408,16,9,8508,467,0.04338253661990166,467180,51.90888888888889,0.5750000000000001,0.002777777777777778,XGBoost
0.947,0.5149995952559623,0.625,0.031055900621118012,0.05917159763313609,0.8016015223237606,0.30403091388459724,0.30403091388459724,0.13109296378100277,0.0010567101091933778,0.968944099378882,15,9,8508,468,0.04338253661990166,468180,52.02,0.585,0.0026666666666666666,XGBoost
0.947,0.5140231046857691,0.6363636363636364,0.028985507246376812,0.055445544554455446,0.8016015223237606,0.30403091388459724,0.30403091388459724,0.1279940908492654,0.0009392978748385582,0.9710144927536232,14,8,8509,469,0.04338253661990166,469160,52.12888888888889,0.595,0.0024444444444444444,XGBoost
0.9467777777777778,0.5119527113110279,0.6,0.024844720496894408,0.04771371769383697,0.8016015223237606,0.30403091388459724,0.30403091388459724,0.11440898923939706,0.0009392978748385582,0.9751552795031055,12,8,8509,471,0.04338253661990166,471160,52.35111111111111,0.605,0.0022222222222222222,XGBoost
0.9465555555555556,0.5089058273660936,0.5625,0.018633540372670808,0.036072144288577156,0.8016015223237606,0.30403091388459724,0.30403091388459724,0.09528538521504751,0.0008218856404837384,0.9813664596273292,9,7,8510,474,0.04338253661990166,474140,52.68222222222222,0.615,0.0017777777777777779,XGBoost
0.9464444444444444,0.507870630678723,0.5333333333333333,0.016563146997929608,0.032128514056224904,0.8016015223237606,0.30403091388459724,0.30403091388459724,0.08696645121645188,0.0008218856404837384,0.9834368530020704,8,7,8510,475,0.04338253661990166,475140,52.79333333333334,0.625,0.0016666666666666668,XGBoost
0.9465555555555556,0.5079293367959004,0.5714285714285714,0.016563146997929608,0.03219315895372234,0.8016015223237606,0.30403091388459724,0.30403091388459724,0.09068522282411445,0.0007044734061289186,0.9834368530020704,8,6,8511,475,0.04338253661990166,475120,52.791111111111114,0.635,0.0015555555555555555,XGBoost
0.9464444444444444,0.5059176495383365,0.5454545454545454,0.012422360248447204,0.0242914979757085,0.8016015223237606,0.30403091388459724,0.30403091388459724,0.07633858280428864,0.0005870611717740989,0.9875776397515528,6,5,8512,477,0.04338253661990166,477100,53.01111111111111,0.645,0.0012222222222222222,XGBoost
0.9465555555555556,0.5049998650853208,0.625,0.010351966873706004,0.020366598778004074,0.8016015223237606,0.30403091388459724,0.30403091388459724,0.0756191911517487,0.0003522367030644593,0.989648033126294,5,3,8514,478,0.04338253661990166,478060,53.117777777777775,0.655,0.0008888888888888889,XGBoost
0.9464444444444444,0.5039646683979502,0.5714285714285714,0.008281573498964804,0.0163265306122449,0.8016015223237606,0.30403091388459724,0.30403091388459724,0.06409917457933488,0.0003522367030644593,0.9917184265010351,4,3,8514,479,0.04338253661990166,479060,53.22888888888889,0.665,0.0007777777777777777,XGBoost
0.9465555555555556,0.5040233745151276,0.6666666666666666,0.008281573498964804,0.016359918200409,0.8016015223237606,0.30403091388459724,0.30403091388459724,0.07025630069541582,0.00023482446870963955,0.9917184265010351,4,2,8515,479,0.04338253661990166,479040,53.22666666666667,0.675,0.0006666666666666666,XGBoost
0.9466666666666667,0.504082080632305,0.8,0.008281573498964804,0.01639344262295082,0.8016015223237606,0.30403091388459724,0.30403091388459724,0.07808055247823792,0.00011741223435481978,0.9917184265010351,4,1,8516,479,0.04338253661990166,479020,53.224444444444444,0.685,0.0005555555555555556,XGBoost
0.9466666666666667,0.504082080632305,0.8,0.008281573498964804,0.01639344262295082,0.8016015223237606,0.30403091388459724,0.30403091388459724,0.07808055247823792,0.00011741223435481978,0.9917184265010351,4,1,8516,479,0.04338253661990166,479020,53.224444444444444,0.6950000000000001,0.0005555555555555556,XGBoost
0.9465555555555556,0.5030468839449344,0.75,0.006211180124223602,0.012320328542094456,0.8016015223237606,0.30403091388459724,0.30403091388459724,0.06515504933756468,0.00011741223435481978,0.9937888198757764,3,1,8516,480,0.04338253661990166,480020,53.33555555555556,0.7050000000000001,0.00044444444444444447,XGBoost
0.9465555555555556,0.5030468839449344,0.75,0.006211180124223602,0.012320328542094456,0.8016015223237606,0.30403091388459724,0.30403091388459724,0.06515504933756468,0.00011741223435481978,0.9937888198757764,3,1,8516,480,0.04338253661990166,480020,53.33555555555556,0.715,0.00044444444444444447,XGBoost
0.9464444444444444,0.5020116872575638,0.6666666666666666,0.004140786749482402,0.00823045267489712,0.8016015223237606,0.30403091388459724,0.30403091388459724,0.049670423406963385,0.00011741223435481978,0.9958592132505176,2,1,8516,481,0.04338253661990166,481020,53.446666666666665,0.725,0.0003333333333333333,XGBoost
0.9464444444444444,0.5020116872575638,0.6666666666666666,0.004140786749482402,0.00823045267489712,0.8016015223237606,0.30403091388459724,0.30403091388459724,0.049670423406963385,0.00011741223435481978,0.9958592132505176,2,1,8516,481,0.04338253661990166,481020,53.446666666666665,0.735,0.0003333333333333333,XGBoost
0.9464444444444444,0.5020116872575638,0.6666666666666666,0.004140786749482402,0.00823045267489712,0.8016015223237606,0.30403091388459724,0.30403091388459724,0.049670423406963385,0.00011741223435481978,0.9958592132505176,2,1,8516,481,0.04338253661990166,481020,53.446666666666665,0.745,0.0003333333333333333,XGBoost
0.9464444444444444,0.5020116872575638,0.6666666666666666,0.004140786749482402,0.00823045267489712,0.8016015223237606,0.30403091388459724,0.30403091388459724,0.049670423406963385,0.00011741223435481978,0.9958592132505176,2,1,8516,481,0.04338253661990166,481020,53.446666666666665,0.755,0.0003333333333333333,XGBoost
0.9462222222222222,0.4999412938828226,0.0,0.0,0.0,0.8016015223237606,0.30403091388459724,0.30403091388459724,-0.002510343292522719,0.00011741223435481978,1.0,0,1,8516,483,0.04338253661990166,483020,53.66888888888889,0.7619078159332275,0.00011111111111111112,XGBoost
0.9463333333333334,0.5,0.0,0.0,0.0,0.8016015223237606,0.30403091388459724,0.30403091388459724,0.0,0.0,1.0,0,0,8517,483,0.04338253661990166,483000,53.666666666666664,0.765,0.0,XGBoost
0.9463333333333334,0.5,0.0,0.0,0.0,0.8016015223237606,0.30403091388459724,0.30403091388459724,0.0,0.0,1.0,0,0,8517,483,0.04338253661990166,483000,53.666666666666664,0.775,0.0,XGBoost
0.9463333333333334,0.5,0.0,0.0,0.0,0.8016015223237606,0.30403091388459724,0.30403091388459724,0.0,0.0,1.0,0,0,8517,483,0.04338253661990166,483000,53.666666666666664,0.785,0.0,XGBoost
0.9463333333333334,0.5,0.0,0.0,0.0,0.8016015223237606,0.30403091388459724,0.30403091388459724,0.0,0.0,1.0,0,0,8517,483,0.04338253661990166,483000,53.666666666666664,0.795,0.0,XGBoost
0.9463333333333334,0.5,0.0,0.0,0.0,0.8016015223237606,0.30403091388459724,0.30403091388459724,0.0,0.0,1.0,0,0,8517,483,0.04338253661990166,483000,53.666666666666664,0.805,0.0,XGBoost
0.9463333333333334,0.5,0.0,0.0,0.0,0.8016015223237606,0.30403091388459724,0.30403091388459724,0.0,0.0,1.0,0,0,8517,483,0.04338253661990166,483000,53.666666666666664,0.8150000000000001,0.0,XGBoost
0.9463333333333334,0.5,0.0,0.0,0.0,0.8016015223237606,0.30403091388459724,0.30403091388459724,0.0,0.0,1.0,0,0,8517,483,0.04338253661990166,483000,53.666666666666664,0.8250000000000001,0.0,XGBoost
0.9463333333333334,0.5,0.0,0.0,0.0,0.8016015223237606,0.30403091388459724,0.30403091388459724,0.0,0.0,1.0,0,0,8517,483,0.04338253661990166,483000,53.666666666666664,0.8350000000000001,0.0,XGBoost
0.9463333333333334,0.5,0.0,0.0,0.0,0.8016015223237606,0.30403091388459724,0.30403091388459724,0.0,0.0,1.0,0,0,8517,483,0.04338253661990166,483000,53.666666666666664,0.845,0.0,XGBoost
0.9463333333333334,0.5,0.0,0.0,0.0,0.8016015223237606,0.30403091388459724,0.30403091388459724,0.0,0.0,1.0,0,0,8517,483,0.04338253661990166,483000,53.666666666666664,0.855,0.0,XGBoost
0.9463333333333334,0.5,0.0,0.0,0.0,0.8016015223237606,0.30403091388459724,0.30403091388459724,0.0,0.0,1.0,0,0,8517,483,0.04338253661990166,483000,53.666666666666664,0.865,0.0,XGBoost
0.9463333333333334,0.5,0.0,0.0,0.0,0.8016015223237606,0.30403091388459724,0.30403091388459724,0.0,0.0,1.0,0,0,8517,483,0.04338253661990166,483000,53.666666666666664,0.875,0.0,XGBoost
0.9463333333333334,0.5,0.0,0.0,0.0,0.8016015223237606,0.30403091388459724,0.30403091388459724,0.0,0.0,1.0,0,0,8517,483,0.04338253661990166,483000,53.666666666666664,0.885,0.0,XGBoost
0.9463333333333334,0.5,0.0,0.0,0.0,0.8016015223237606,0.30403091388459724,0.30403091388459724,0.0,0.0,1.0,0,0,8517,483,0.04338253661990166,483000,53.666666666666664,0.895,0.0,XGBoost
0.9463333333333334,0.5,0.0,0.0,0.0,0.8016015223237606,0.30403091388459724,0.30403091388459724,0.0,0.0,1.0,0,0,8517,483,0.04338253661990166,483000,53.666666666666664,0.905,0.0,XGBoost
0.9463333333333334,0.5,0.0,0.0,0.0,0.8016015223237606,0.30403091388459724,0.30403091388459724,0.0,0.0,1.0,0,0,8517,483,0.04338253661990166,483000,53.666666666666664,0.915,0.0,XGBoost
0.9463333333333334,0.5,0.0,0.0,0.0,0.8016015223237606,0.30403091388459724,0.30403091388459724,0.0,0.0,1.0,0,0,8517,483,0.04338253661990166,483000,53.666666666666664,0.925,0.0,XGBoost
0.9463333333333334,0.5,0.0,0.0,0.0,0.8016015223237606,0.30403091388459724,0.30403091388459724,0.0,0.0,1.0,0,0,8517,483,0.04338253661990166,483000,53.666666666666664,0.935,0.0,XGBoost
0.9463333333333334,0.5,0.0,0.0,0.0,0.8016015223237606,0.30403091388459724,0.30403091388459724,0.0,0.0,1.0,0,0,8517,483,0.04338253661990166,483000,53.666666666666664,0.9450000000000001,0.0,XGBoost
0.9463333333333334,0.5,0.0,0.0,0.0,0.8016015223237606,0.30403091388459724,0.30403091388459724,0.0,0.0,1.0,0,0,8517,483,0.04338253661990166,483000,53.666666666666664,0.9550000000000001,0.0,XGBoost
0.9463333333333334,0.5,0.0,0.0,0.0,0.8016015223237606,0.30403091388459724,0.30403091388459724,0.0,0.0,1.0,0,0,8517,483,0.04338253661990166,483000,53.666666666666664,0.965,0.0,XGBoost
0.9463333333333334,0.5,0.0,0.0,0.0,0.8016015223237606,0.30403091388459724,0.30403091388459724,0.0,0.0,1.0,0,0,8517,483,0.04338253661990166,483000,53.666666666666664,0.975,0.0,XGBoost
0.9463333333333334,0.5,0.0,0.0,0.0,0.8016015223237606,0.30403091388459724,0.30403091388459724,0.0,0.0,1.0,0,0,8517,483,0.04338253661990166,483000,53.666666666666664,0.985,0.0,XGBoost
0.9463333333333334,0.5,0.0,0.0,0.0,0.8016015223237606,0.30403091388459724,0.30403091388459724,0.0,0.0,1.0,0,0,8517,483,0.04338253661990166,483000,53.666666666666664,0.995,0.0,XGBoost
0.9463333333333334,0.5,0.0,0.0,0.0,0.8016015223237606,0.30403091388459724,0.30403091388459724,0.0,0.0,1.0,0,0,8517,483,0.04338253661990166,483000,53.666666666666664,1.000001,0.0,XGBoost
0.05366666666666667,0.5,0.05366666666666667,1.0,0.1018664979436887,0.8002032714500362,0.302469955577721,0.302469955577721,0.0,1.0,0.0,483,8517,0,0,0.04326500011865041,170340,18.926666666666666,0.003831866214877214,1.0,LightGBM
0.054,0.5001761183515322,0.05368456152050684,1.0,0.10189873417721519,0.8002032714500362,0.302469955577721,0.302469955577721,0.0043485253771186,0.9996477632969355,0.0,483,8514,3,0,0.04326500011865041,170280,18.92,0.005,0.9996666666666667,LightGBM
0.06577777777777778,0.5044459856319513,0.054124001350286936,0.9958592132505176,0.10266808964781217,0.8002032714500362,0.302469955577721,0.302469955577721,0.017996917578413787,0.986967241986615,0.004140786749482402,481,8406,111,2,0.04326500011865041,170120,18.90222222222222,0.009302368653564265,0.9874444444444445,LightGBM
0.07777777777777778,0.5088332651467251,0.054586894586894585,0.9917184265010351,0.10347807301793042,0.8002032714500362,0.302469955577721,0.302469955577721,0.02550077208994691,0.9740518962075848,0.008281573498964804,479,8296,221,4,0.04326500011865041,169920,18.88,0.010298991391208446,0.975,LightGBM
0.09011111111111111,0.5143731535832246,0.05518356037866543,0.989648033126294,0.10453799890650628,0.8002032714500362,0.302469955577721,0.302469955577721,0.034074658426908495,0.960901725959845,0.010351966873706004,478,8184,333,5,0.04326500011865041,168680,18.74222222222222,0.010911498766649954,0.9624444444444444,LightGBM
0.10211111111111111,0.5187604330979984,0.05567251461988304,0.9855072463768116,0.10539134285397986,0.8002032714500362,0.302469955577721,0.302469955577721,0.038797204193638885,0.9479863801808148,0.014492753623188406,476,8074,443,7,0.04326500011865041,168480,18.72,0.01151438336938122,0.95,LightGBM
0.11444444444444445,0.5243003215344977,0.05629963257081901,0.9834368530020704,0.10650224215246637,0.8002032714500362,0.302469955577721,0.302469955577721,0.045228343592198184,0.934836209933075,0.016563146997929608,475,7962,555,8,0.04326500011865041,167240,18.58222222222222,0.011973495913583291,0.9374444444444444,LightGBM
0.12666666666666668,0.5297815038538196,0.05693693693693694,0.9813664596273292,0.10762942779291552,0.8002032714500362,0.302469955577721,0.302469955577721,0.050962356475366045,0.92180345191969,0.018633540372670808,474,7851,666,9,0.04326500011865041,166020,18.446666666666665,0.012440303258721336,0.925,LightGBM
0.13922222222222222,0.5364152950948669,0.05772040915733073,0.9813664596273292,0.10902817711328348,0.8002032714500362,0.302469955577721,0.302469955577721,0.05806883848815507,0.9085358694375953,0.018633540372670808,474,7738,779,9,0.04326500011865041,163760,18.195555555555554,0.01296263879092693,0.9124444444444444,LightGBM
0.15122222222222223,0.5408025746096408,0.058271604938271604,0.9772256728778468,0.10998485378072935,0.8002032714500362,0.302469955577721,0.302469955577721,0.06130144164698752,0.8956205236585653,0.022774327122153208,472,7628,889,11,0.04326500011865041,163560,18.173333333333332,0.013379373250061553,0.9,LightGBM
0.16355555555555557,0.5463424630461401,0.05897082759484162,0.9751552795031055,0.11121605667060214,0.8002032714500362,0.302469955577721,0.302469955577721,0.06608903827223067,0.8824703534108254,0.024844720496894408,471,7516,1001,12,0.04326500011865041,162320,18.035555555555554,0.013789461642500627,0.8874444444444445,LightGBM
0.17577777777777778,0.551823645365462,0.059682539682539684,0.9730848861283644,0.11246709739172052,0.8002032714500362,0.302469955577721,0.302469955577721,0.07062741334504674,0.8694375953974404,0.026915113871635612,470,7405,1112,13,0.04326500011865041,161100,17.9,0.014221367634333239,0.875,LightGBM
0.18788888888888888,0.5562696309974133,0.06029373872713218,0.968944099378882,0.11352334748332321,0.8002032714500362,0.302469955577721,0.302469955577721,0.07363322298071845,0.8564048373840554,0.031055900621118012,468,7294,1223,15,0.04326500011865041,160880,17.875555555555554,0.014613368063659326,0.8624444444444445,LightGBM
0.2001111111111111,0.5617508133167352,0.06104575163398693,0.9668737060041408,0.11484077216279356,0.8002032714500362,0.302469955577721,0.302469955577721,0.07794566468725252,0.8433720793706704,0.033126293995859216,467,7183,1334,16,0.04326500011865041,159660,17.74,0.01497093153858795,0.85,LightGBM
0.20166666666666666,0.562572698957219,0.061157674174960715,0.9668737060041408,0.11503879788151251,0.8002032714500362,0.302469955577721,0.302469955577721,0.07864871431205672,0.8417283080897029,0.033126293995859216,467,7169,1348,16,0.04326500011865041,159380,17.70888888888889,0.015,0.8484444444444444,LightGBM
0.212,0.5651028961441384,0.061562956083322275,0.9606625258799172,0.11571072319201994,0.8002032714500362,0.302469955577721,0.302469955577721,0.07952904599581971,0.8304567335916403,0.039337474120082816,464,7073,1444,19,0.04326500011865041,160460,17.82888888888889,0.0153050237093715,0.8374444444444444,LightGBM
0.22444444444444445,0.5716779812680084,0.062491582491582494,0.9606625258799172,0.11734951947395043,0.8002032714500362,0.302469955577721,0.302469955577721,0.08502451083171367,0.8173065633439004,0.039337474120082816,464,6961,1556,19,0.04326500011865041,158220,17.58,0.015648125635607493,0.825,LightGBM
0.237,0.5783117725090556,0.06345733041575492,0.9606625258799172,0.11905067350865939,0.8002032714500362,0.302469955577721,0.302469955577721,0.09042106668826806,0.8040389808618058,0.039337474120082816,464,6848,1669,19,0.04326500011865041,155960,17.32888888888889,0.016003814135279806,0.8124444444444444,LightGBM
0.24922222222222223,0.5837929548283776,0.06430555555555556,0.9585921325051759,0.12052583626187689,0.8002032714500362,0.302469955577721,0.302469955577721,0.09441736789864431,0.7910062228484208,0.041407867494824016,463,6737,1780,20,0.04326500011865041,154740,17.19333333333333,0.016349668403914046,0.8,LightGBM
0.26155555555555554,0.5893328432648769,0.06518978411175391,0.9565217391304348,0.12206076618229854,0.8002032714500362,0.302469955577721,0.302469955577721,0.09841682269745207,0.777856052600681,0.043478260869565216,462,6625,1892,21,0.04326500011865041,153500,17.055555555555557,0.01662148935360692,0.7874444444444444,LightGBM
0.27311111111111114,0.5915323171705548,0.06566308243727599,0.94824016563147,0.1228211316706892,0.8002032714500362,0.302469955577721,0.302469955577721,0.09879539949816635,0.7651755312903604,0.051759834368530024,458,6517,2000,25,0.04326500011865041,155340,17.26,0.01688028652990629,0.775,LightGBM
0.285,0.5948843999979581,0.06630719906732731,0.9420289855072463,0.1238938053097345,0.8002032714500362,0.302469955577721,0.302469955577721,0.10048760443884934,0.7522601855113302,0.057971014492753624,455,6407,2110,28,0.04326500011865041,156140,17.34888888888889,0.017161039890667962,0.7624444444444445,LightGBM
0.29744444444444446,0.6014594851218279,0.0674074074074074,0.9420289855072463,0.1258122494124153,0.8002032714500362,0.302469955577721,0.302469955577721,0.10560789670277808,0.7391100152635904,0.057971014492753624,455,6295,2222,28,0.04326500011865041,153900,17.1,0.017448673479431274,0.75,LightGBM
0.30866666666666664,0.6015298595355872,0.06765104715986138,0.9296066252587992,0.12612359550561797,0.8002032714500362,0.302469955577721,0.302469955577721,0.10399750023240252,0.7265469061876247,0.07039337474120083,449,6188,2329,34,0.04326500011865041,157760,17.52888888888889,0.017711670364498177,0.7374444444444445,LightGBM
0.3208888888888889,0.6070110418549091,0.06865900383141763,0.927536231884058,0.1278538812785388,0.8002032714500362,0.302469955577721,0.302469955577721,0.10801836947617496,0.7135141481742397,0.07246376811594203,448,6077,2440,35,0.04326500011865041,156540,17.393333333333334,0.018012531415857493,0.725,LightGBM
0.3332222222222222,0.6125509302914084,0.06971303805364941,0.9254658385093167,0.12965917331399565,0.8002032714500362,0.302469955577721,0.302469955577721,0.1120771505316586,0.7003639779265,0.07453416149068323,447,5965,2552,36,0.04326500011865041,155300,17.255555555555556,0.018263325578377943,0.7124444444444444,LightGBM
0.3452222222222222,0.6169382098061823,0.07063492063492063,0.9213250517598344,0.13121037888839748,0.8002032714500362,0.302469955577721,0.302469955577721,0.11501412210635319,0.6874486321474698,0.07867494824016563,445,5855,2662,38,0.04326500011865041,155100,17.233333333333334,0.01852074928833858,0.7,LightGBM
0.35755555555555557,0.6224780982426816,0.07176337481816712,0.9192546583850931,0.1331334332833583,0.8002032714500362,0.302469955577721,0.302469955577721,0.11909139839999797,0.67429846189973,0.08074534161490683,444,5743,2774,39,0.04326500011865041,153860,17.095555555555556,0.01878323786123194,0.6874444444444444,LightGBM
0.37,0.6290531833665515,0.07308641975308643,0.9192546583850931,0.13540713632204943,0.8002032714500362,0.302469955577721,0.302469955577721,0.12418797058045353,0.6611482916519902,0.08074534161490683,444,5631,2886,39,0.04326500011865041,151620,16.846666666666668,0.019080721233042386,0.675,LightGBM
0.3821111111111111,0.6334991689985028,0.07413619590741362,0.9151138716356108,0.13716058960434446,0.8002032714500362,0.302469955577721,0.302469955577721,0.12724349119152334,0.6481155336386052,0.08488612836438923,442,5520,2997,41,0.04326500011865041,151400,16.822222222222223,0.019362049163497725,0.6624444444444444,LightGBM
0.39411111111111113,0.6378864485132767,0.07521367521367521,0.9109730848861284,0.13895468182535922,0.8002032714500362,0.302469955577721,0.302469955577721,0.13029725322468788,0.635200187859575,0.08902691511387163,440,5410,3107,43,0.04326500011865041,151200,16.8,0.01965654113672029,0.65,LightGBM
0.406,0.64123853134068,0.07617221544361165,0.9047619047619048,0.1405144694533762,0.8002032714500362,0.302469955577721,0.302469955577721,0.132418637742127,0.6222848420805448,0.09523809523809523,437,5300,3217,46,0.04326500011865041,152000,16.88888888888889,0.019946892513434702,0.6374444444444445,LightGBM
0.418,0.6456258108554539,0.07733333333333334,0.9006211180124224,0.14243614931237722,0.8002032714500362,0.302469955577721,0.302469955577721,0.13557733386922904,0.6093694963015146,0.09937888198757763,435,5190,3327,48,0.04326500011865041,151800,16.866666666666667,0.020251008687741198,0.625,LightGBM
0.42966666666666664,0.6478839908783092,0.07819303338171263,0.8923395445134575,0.1437864887406172,0.8002032714500362,0.302469955577721,0.302469955577721,0.13681231896877244,0.5965715627568393,0.10766045548654245,431,5081,3436,52,0.04326500011865041,153620,17.06888888888889,0.020563961730557287,0.6124444444444445,LightGBM
0.4414444444444444,0.6511773675885351,0.07925925925925927,0.8861283643892339,0.14550399456059834,0.8002032714500362,0.302469955577721,0.302469955577721,0.1390866776135297,0.5837736292121639,0.11387163561076605,428,4972,3545,55,0.04326500011865041,154440,17.16,0.02091908940037827,0.6,LightGBM
0.454,0.6578111588295823,0.08095328163419709,0.8861283643892339,0.1483535528596187,0.8002032714500362,0.302469955577721,0.302469955577721,0.14448323725656007,0.5705060467300693,0.11387163561076605,428,4859,3658,55,0.04326500011865041,152180,16.90888888888889,0.021301921835024034,0.5874444444444444,LightGBM
0.466,0.6621984383443562,0.08231884057971015,0.8819875776397516,0.1505832449628844,0.8002032714500362,0.302469955577721,0.302469955577721,0.1478844996668852,0.5575907009510391,0.11801242236024845,426,4749,3768,57,0.04326500011865041,151980,16.886666666666667,0.021692404682222045,0.575,LightGBM
0.47788888888888886,0.6655505211717595,0.08356380877123666,0.8757763975155279,0.15256988277727682,0.8002032714500362,0.302469955577721,0.302469955577721,0.15041062318735218,0.5446753551720089,0.12422360248447205,423,4639,3878,60,0.04326500011865041,152780,16.975555555555555,0.022065404725793568,0.5624444444444444,LightGBM
0.4898888888888889,0.6699378006865334,0.08505050505050506,0.8716356107660456,0.15497883305724278,0.8002032714500362,0.302469955577721,0.302469955577721,0.15395959747141605,0.5317600093929787,0.12836438923395446,421,4529,3988,62,0.04326500011865041,152580,16.953333333333333,0.022529154818161572,0.55,LightGBM
0.5017777777777778,0.6732898835139367,0.08641720074426297,0.865424430641822,0.15714285714285714,0.8002032714500362,0.302469955577721,0.302469955577721,0.156649439507066,0.5188446636139485,0.13457556935817805,418,4419,4098,65,0.04326500011865041,153380,17.04222222222222,0.02293354138253822,0.5374444444444444,LightGBM
0.5131111111111111,0.6743954546150666,0.0874074074074074,0.855072463768116,0.1586021505376344,0.8002032714500362,0.302469955577721,0.302469955577721,0.1574030270628548,0.5062815545379828,0.14492753623188406,413,4312,4205,70,0.04326500011865041,156240,17.36,0.023426127102346612,0.525,LightGBM
0.5252222222222223,0.6788414402470179,0.0891153512575889,0.8509316770186336,0.16133464180569185,0.8002032714500362,0.302469955577721,0.302469955577721,0.16126387253000965,0.49324879652459785,0.14906832298136646,411,4201,4316,72,0.04326500011865041,156020,17.335555555555555,0.02400181221638472,0.5124444444444445,LightGBM
0.5372222222222223,0.6832287197617917,0.0908888888888889,0.8467908902691511,0.16415813766807147,0.8002032714500362,0.302469955577721,0.302469955577721,0.16516876368692346,0.4803334507455677,0.15320910973084886,409,4091,4426,74,0.04326500011865041,155820,17.313333333333333,0.024518633621764888,0.5,LightGBM
0.5456666666666666,0.6847609129566953,0.09189678587596198,0.8405797101449275,0.16568047337278108,0.8002032714500362,0.302469955577721,0.302469955577721,0.1665775944046773,0.47105788423153694,0.15942028985507245,406,4012,4505,77,0.04326500011865041,157240,17.47111111111111,0.025,0.4908888888888889,LightGBM
0.549,0.6865220964720176,0.09252506836827712,0.8405797101449275,0.16670088277561076,0.8002032714500362,0.302469955577721,0.302469955577721,0.16818962958443956,0.4675355172008923,0.15942028985507245,406,3982,4535,77,0.04326500011865041,156640,17.404444444444444,0.0251382968683249,0.4875555555555556,LightGBM
0.5608888888888889,0.6898741792994209,0.09426900584795321,0.8343685300207039,0.16939890710382513,0.8002032714500362,0.302469955577721,0.302469955577721,0.17137356388543218,0.4546201714218622,0.16563146997929606,403,3872,4645,80,0.04326500011865041,157440,17.493333333333332,0.0257328538904376,0.475,LightGBM
0.5717777777777778,0.6887919447914548,0.09512370886380014,0.8198757763975155,0.17046922083512697,0.8002032714500362,0.302469955577721,0.302469955577721,0.17066289003911675,0.44229188681460607,0.18012422360248448,396,3767,4750,87,0.04326500011865041,162340,18.037777777777777,0.02645832951255942,0.46255555555555555,LightGBM
0.5838888888888889,0.693237930423406,0.09728395061728395,0.8157349896480331,0.17383631149349218,0.8002032714500362,0.302469955577721,0.302469955577721,0.17506895972530187,0.4292591288012211,0.18426501035196688,394,3656,4861,89,0.04326500011865041,162120,18.013333333333332,0.027133252680568754,0.45,LightGBM
0.5958888888888889,0.6976252099381799,0.09954291518537328,0.8115942028985508,0.17733544446957702,0.8002032714500362,0.302469955577721,0.302469955577721,0.1795520229954044,0.41634378302219094,0.18840579710144928,392,3546,4971,91,0.04326500011865041,161920,17.99111111111111,0.027773967187593063,0.43755555555555553,LightGBM
0.608,0.7020711955701312,0.10196078431372549,0.8074534161490683,0.18105849582172703,0.8002032714500362,0.302469955577721,0.302469955577721,0.18423850413734863,0.4033110250088059,0.19254658385093168,390,3435,5082,93,0.04326500011865041,161700,17.966666666666665,0.02854237497611488,0.425,LightGBM
0.6195555555555555,0.7042706694758091,0.10395906275249124,0.7991718426501035,0.1839847473784557,0.8002032714500362,0.302469955577721,0.302469955577721,0.18701901577378965,0.3906305036984854,0.20082815734989648,386,3327,5190,97,0.04326500011865041,163540,18.17111111111111,0.029387490078360032,0.41255555555555556,LightGBM
0.6307777777777778,0.7043410438895683,0.10555555555555556,0.7867494824016563,0.1861376438892971,0.8002032714500362,0.302469955577721,0.302469955577721,0.18799849043565375,0.37806739462251965,0.21325051759834368,380,3220,5297,103,0.04326500011865041,167400,18.6,0.03014338868047611,0.4,LightGBM
0.6427777777777778,0.7087283234043422,0.10837155963302753,0.782608695652174,0.19038025686225132,0.8002032714500362,0.302469955577721,0.302469955577721,0.19310140191517167,0.3651520488434895,0.21739130434782608,378,3110,5407,105,0.04326500011865041,167200,18.57777777777778,0.031080125942683445,0.38755555555555554,LightGBM
0.6544444444444445,0.7109865034271975,0.11081481481481481,0.7743271221532091,0.19388284085018145,0.8002032714500362,0.302469955577721,0.302469955577721,0.19642800578424452,0.35235411529881416,0.22567287784679088,374,3001,5516,109,0.04326500011865041,169020,18.78,0.03176342602337613,0.375,LightGBM
0.6662222222222223,0.7142798801374233,0.11369904995403003,0.7681159420289855,0.198077949813134,0.8002032714500362,0.302469955577721,0.302469955577721,0.2008987884113696,0.33955618175413876,0.2318840579710145,371,2892,5625,112,0.04326500011865041,169840,18.871111111111112,0.032552494670915214,0.3625555555555556,LightGBM
0.6783333333333333,0.7187258657693747,0.11714285714285715,0.7639751552795031,0.2031379025598679,0.8002032714500362,0.302469955577721,0.302469955577721,0.2066873128304351,0.32652342374075377,0.2360248447204969,369,2781,5736,114,0.04326500011865041,169620,18.846666666666668,0.03333364457285224,0.35,LightGBM
0.6903333333333334,0.7231131452841486,0.12080315997366689,0.7598343685300207,0.2084635046861687,0.8002032714500362,0.302469955577721,0.302469955577721,0.21265821914588107,0.31360807796172363,0.2401656314699793,367,2671,5846,116,0.04326500011865041,169420,18.824444444444445,0.03421841919812838,0.33755555555555555,LightGBM
0.6994444444444444,0.7230445940417303,0.12287847929395791,0.7494824016563147,0.21114027413240014,0.8002032714500362,0.302469955577721,0.302469955577721,0.21424022055188502,0.3033932135728543,0.2505175983436853,362,2584,5933,121,0.04326500011865041,172680,19.186666666666667,0.034999999999999996,0.3273333333333333,LightGBM
0.7017777777777777,0.7242774225024559,0.12376068376068376,0.7494824016563147,0.21244131455399062,0.8002032714500362,0.302469955577721,0.302469955577721,0.21582232395217193,0.3009275566514031,0.2505175983436853,362,2563,5954,121,0.04326500011865041,172260,19.14,0.035228474865992856,0.325,LightGBM
0.7131111111111111,0.7253829936035856,0.1269107714184145,0.7391304347826086,0.216626213592233,0.8002032714500362,0.302469955577721,0.302469955577721,0.2191508218117899,0.2883644475754374,0.2608695652173913,357,2456,6061,126,0.04326500011865041,175120,19.45777777777778,0.03637410266938167,0.31255555555555553,LightGBM
0.7241111111111111,0.7243594652127969,0.12962962962962962,0.7246376811594203,0.21991831605403706,0.8002032714500362,0.302469955577721,0.302469955577721,0.22066788067364862,0.2759187507338265,0.2753623188405797,350,2350,6167,133,0.04326500011865041,180000,20.0,0.03749739715721132,0.3,LightGBM
0.7354444444444445,0.7254650363139268,0.13330757341576507,0.7142857142857143,0.22468251383914034,0.8002032714500362,0.302469955577721,0.302469955577721,0.22451594801709773,0.26335564165786074,0.2857142857142857,345,2243,6274,138,0.04326500011865041,182860,20.317777777777778,0.03870177949230357,0.28755555555555556,LightGBM
0.746,0.722253702314042,0.13575757575757577,0.6956521739130435,0.22718052738336716,0.8002032714500362,0.302469955577721,0.302469955577721,0.2243458442966711,0.2511447692849595,0.30434782608695654,336,2139,6378,147,0.04326500011865041,189780,21.086666666666666,0.03990796235410939,0.275,LightGBM
0.758,0.7266409818288159,0.14134574693186627,0.6915113871635611,0.23471539002108222,0.8002032714500362,0.302469955577721,0.302469955577721,0.2321493959336432,0.23822942350592932,0.3084886128364389,334,2029,6488,149,0.04326500011865041,189580,21.064444444444444,0.04116578540458151,0.26255555555555554,LightGBM
0.7687777777777778,0.7245235506334791,0.1448888888888889,0.6749482401656315,0.23856567874130996,0.8002032714500362,0.302469955577721,0.302469955577721,0.23370372828296712,0.22590113889867325,0.3250517598343685,326,1924,6593,157,0.04326500011865041,195480,21.72,0.04314641674346315,0.25,LightGBM
0.7768888888888889,0.7249031349066573,0.14845550945136007,0.6666666666666666,0.24283559577677222,0.8002032714500362,0.302469955577721,0.302469955577721,0.23701207641136549,0.21686039685335212,0.3333333333333333,322,1847,6670,161,0.04326500011865041,197940,21.993333333333332,0.045,0.241,LightGBM
0.7798888888888889,0.7245352189300609,0.14967259120673526,0.6625258799171843,0.2441816100724914,0.8002032714500362,0.302469955577721,0.302469955577721,0.23779468767173492,0.21345544205706235,0.33747412008281574,320,1818,6699,163,0.04326500011865041,199360,22.15111111111111,0.04586704240726981,0.23755555555555555,LightGBM
0.7917777777777778,0.7278873017574643,0.15654320987654322,0.6563146997929606,0.25279106858054223,0.8002032714500362,0.302469955577721,0.302469955577721,0.24597014162480435,0.20054009627803218,0.34368530020703936,317,1708,6809,166,0.04326500011865041,200160,22.24,0.04846483558832285,0.225,LightGBM
0.8033333333333333,0.7300867756631422,0.163617354939885,0.6480331262939959,0.26126878130217024,0.8002032714500362,0.302469955577721,0.302469955577721,0.25348358540795507,0.18785957496771163,0.35196687370600416,313,1600,6917,170,0.04326500011865041,202000,22.444444444444443,0.05118710682237027,0.21255555555555555,LightGBM
0.815,0.7323449556859973,0.17166666666666666,0.639751552795031,0.2706964520367937,0.8002032714500362,0.302469955577721,0.302469955577721,0.2618048164709145,0.1750616414230363,0.36024844720496896,309,1491,7026,174,0.04326500011865041,203820,22.64666666666667,0.05396664136075695,0.2,LightGBM
0.8182222222222222,0.7320944519437559,0.17374080362195812,0.6356107660455487,0.2728888888888889,0.8002032714500362,0.302469955577721,0.302469955577721,0.26335049344077294,0.17142186215803687,0.36438923395445133,307,1460,7057,176,0.04326500011865041,205200,22.8,0.055,0.19633333333333333,LightGBM
0.8261111111111111,0.7323566239825792,0.17950236966824645,0.6273291925465838,0.27913403961308153,0.8002032714500362,0.302469955577721,0.302469955577721,0.2682857649552002,0.1626159445814254,0.37267080745341613,303,1385,7132,180,0.04326500011865041,207700,23.07777777777778,0.05737132305470786,0.18755555555555556,LightGBM
0.8366666666666667,0.7291452899826945,0.18666666666666668,0.6086956521739131,0.28571428571428575,0.8002032714500362,0.302469955577721,0.302469955577721,0.2718124289427428,0.15040507220852412,0.391304347826087,294,1281,7236,189,0.04326500011865041,214620,23.846666666666668,0.06082911421198605,0.175,LightGBM
0.847,0.7297225060292276,0.19633152173913043,0.598343685300207,0.29565217391304344,0.8002032714500362,0.302469955577721,0.302469955577721,0.27993468963999096,0.13889867324175179,0.40165631469979296,289,1183,7334,194,0.04326500011865041,217660,24.184444444444445,0.065,0.16355555555555557,LightGBM
0.848,0.7302508610838243,0.1975393028024607,0.598343685300207,0.2970195272353546,0.8002032714500362,0.302469955577721,0.302469955577721,0.28127214619101465,0.13784196313255842,0.40165631469979296,289,1174,7343,194,0.04326500011865041,217480,24.164444444444445,0.06538672741697332,0.16255555555555556,LightGBM
0.8585555555555555,0.7270395270839396,0.2074074074074074,0.5797101449275363,0.3055100927441353,0.8002032714500362,0.302469955577721,0.302469955577721,0.28658321888112065,0.12563109075965714,0.42028985507246375,280,1070,7447,203,0.04326500011865041,224400,24.933333333333334,0.07029461694947788,0.15,LightGBM
0.8654444444444445,0.7228673817873934,0.2138364779874214,0.5631469979296067,0.30997150997151,0.8002032714500362,0.302469955577721,0.302469955577721,0.2883475617370719,0.11741223435481977,0.43685300207039335,272,1000,7517,211,0.04326500011865041,231000,25.666666666666668,0.07500000000000001,0.14133333333333334,LightGBM
0.869,0.7237694869668774,0.21890145395799676,0.5610766045548654,0.31493317838466006,0.8002032714500362,0.302469955577721,0.302469955577721,0.29281991436678323,0.11353763062111072,0.4389233954451346,271,967,7550,212,0.04326500011865041,231340,25.704444444444444,0.07665493097916619,0.13755555555555554,LightGBM
0.8802222222222222,0.7238398613806366,0.23555555555555555,0.5486542443064182,0.32960199004975127,0.8002032714500362,0.302469955577721,0.302469955577721,0.3050582470866531,0.10097452154514501,0.45134575569358176,265,860,7657,218,0.04326500011865041,235200,26.133333333333333,0.08468756646341159,0.125,LightGBM
0.8804444444444445,0.7239572736149914,0.23597506678539626,0.5486542443064182,0.3300124533001245,0.8002032714500362,0.302469955577721,0.302469955577721,0.3054511437630923,0.10073969707643536,0.45134575569358176,265,858,7659,218,0.04326500011865041,235160,26.128888888888888,0.085,0.12477777777777778,LightGBM
0.8904444444444445,0.7194759184590265,0.25172754195459035,0.5279503105590062,0.34090909090909094,0.8002032714500362,0.302469955577721,0.302469955577721,0.3129948522682095,0.08899847364095338,0.4720496894409938,255,758,7759,228,0.04326500011865041,243160,27.017777777777777,0.09346966613455708,0.11255555555555556,LightGBM
0.8928888888888888,0.7207674530369295,0.25731584258324924,0.5279503105590062,0.34599728629579374,0.8002032714500362,0.302469955577721,0.302469955577721,0.31787469601672724,0.08641540448514735,0.4720496894409938,255,736,7781,228,0.04326500011865041,242720,26.968888888888888,0.095,0.11011111111111112,LightGBM
0.9007777777777778,0.7151706816545936,0.2722222222222222,0.5072463768115942,0.3543022415039769,0.8002032714500362,0.302469955577721,0.302469955577721,0.32327060514644623,0.07690501350240696,0.4927536231884058,245,655,7862,238,0.04326500011865041,251100,27.9,0.10276088491020084,0.1,LightGBM
0.9027777777777778,0.7123214294830142,0.2757437070938215,0.4989648033126294,0.35519528371407516,0.8002032714500362,0.302469955577721,0.302469955577721,0.3231815718072582,0.07432194434660092,0.5010351966873706,241,633,7884,242,0.04326500011865041,254660,28.295555555555556,0.10500000000000001,0.0971111111111111,LightGBM
0.9103333333333333,0.7075250303193394,0.29441624365482233,0.4803312629399586,0.3650668764752164,0.8002032714500362,0.302469955577721,0.302469955577721,0.33092516307967185,0.06528120230127979,0.5196687370600414,232,556,7961,251,0.04326500011865041,262120,29.124444444444446,0.11389445457341316,0.08755555555555555,LightGBM
0.9108888888888889,0.7078185609052264,0.2962962962962963,0.4803312629399586,0.3665086887835703,0.8002032714500362,0.302469955577721,0.302469955577721,0.332348477239365,0.0646941411295057,0.5196687370600414,232,551,7966,251,0.04326500011865041,262020,29.113333333333333,0.115,0.087,LightGBM
0.9192222222222223,0.7102685385531458,0.32670454545454547,0.47619047619047616,0.3875315922493681,0.8002032714500362,0.302469955577721,0.302469955577721,0.35293967350579764,0.055653399084184575,0.5238095238095238,230,474,8043,253,0.04326500011865041,262480,29.164444444444445,0.125,0.07822222222222222,LightGBM
0.9217777777777778,0.7086893075376467,0.3362962962962963,0.4699792960662526,0.39205526770293614,0.8002032714500362,0.302469955577721,0.302469955577721,0.3571108744384925,0.052600680990959256,0.5300207039337475,227,448,8069,256,0.04326500011865041,264960,29.44,0.13025105975730464,0.075,LightGBM
0.9232222222222223,0.704570034209987,0.34049079754601225,0.45962732919254656,0.3911894273127753,0.8002032714500362,0.302469955577721,0.302469955577721,0.3556918255281072,0.050487260772572505,0.5403726708074534,222,430,8087,261,0.04326500011865041,269600,29.955555555555556,0.135,0.07244444444444445,LightGBM
0.927,0.7007070987728599,0.3564356435643564,0.4472049689440994,0.396694214876033,0.8002032714500362,0.302469955577721,0.302469955577721,0.36098472348491867,0.04579077139837971,0.5527950310559007,216,390,8127,267,0.04326500011865041,274800,30.533333333333335,0.14500000000000002,0.06733333333333333,LightGBM
0.9291111111111111,0.6901046281569123,0.3623445825932504,0.422360248447205,0.3900573613766731,0.8002032714500362,0.302469955577721,0.302469955577721,0.35382731164860026,0.0421509921333803,0.577639751552795,204,359,8158,279,0.04326500011865041,286180,31.797777777777778,0.15171548904739546,0.06255555555555556,LightGBM
0.9314444444444444,0.691337456617638,0.3763837638376384,0.422360248447205,0.3980487804878049,0.8002032714500362,0.302469955577721,0.302469955577721,0.3625044963371107,0.03968533521192908,0.577639751552795,204,338,8179,279,0.04326500011865041,285760,31.75111111111111,0.155,0.060222222222222226,LightGBM
0.9336666666666666,0.6846996543996406,0.38735177865612647,0.4057971014492754,0.39635995955510617,0.8002032714500362,0.302469955577721,0.302469955577721,0.3613945348700777,0.036397792649994126,0.5942028985507246,196,310,8207,287,0.04326500011865041,293200,32.577777777777776,0.165,0.05622222222222222,LightGBM
0.9367777777777778,0.6814609728296421,0.4081196581196581,0.39544513457556935,0.40168243953732913,0.8002032714500362,0.302469955577721,0.302469955577721,0.36836789263985187,0.03252318891628508,0.6045548654244306,191,277,8240,292,0.04326500011865041,297540,33.06,0.17500000000000002,0.052,LightGBM
0.9376666666666666,0.6770481689160954,0.41333333333333333,0.38509316770186336,0.3987138263665595,0.8002032714500362,0.302469955577721,0.302469955577721,0.36614154511606145,0.03099682986967242,0.6149068322981367,186,264,8253,297,0.04326500011865041,302280,33.586666666666666,0.17985036586692096,0.05,LightGBM
0.9381111111111111,0.6704475593934528,0.41435185185185186,0.37060041407867494,0.3912568306010929,0.8002032714500362,0.302469955577721,0.302469955577721,0.3593817915666341,0.029705295291769403,0.629399585921325,179,253,8264,304,0.04326500011865041,309060,34.34,0.185,0.048,LightGBM
0.9401111111111111,0.6627158543709074,0.4292929292929293,0.35196687370600416,0.3868031854379977,0.8002032714500362,0.302469955577721,0.302469955577721,0.3575847274949277,0.02653516496418927,0.6480331262939959,170,226,8291,313,0.04326500011865041,317520,35.28,0.195,0.044,LightGBM
0.941,0.659279541027554,0.4368421052631579,0.34368530020703936,0.3847045191193511,0.8002032714500362,0.302469955577721,0.302469955577721,0.3569944373389883,0.02512621815193143,0.6563146997929606,166,214,8303,317,0.04326500011865041,321280,35.69777777777778,0.20500000000000002,0.042222222222222223,LightGBM
0.9421111111111111,0.6549841493483621,0.44722222222222224,0.3333333333333333,0.3819691577698695,0.8002032714500362,0.302469955577721,0.302469955577721,0.35647251237852545,0.023365034636609133,0.6666666666666666,161,199,8318,322,0.04326500011865041,325980,36.22,0.215,0.04,LightGBM
0.9434444444444444,0.6517826604737182,0.46176470588235297,0.3250517598343685,0.38153098420413123,0.8002032714500362,0.302469955577721,0.302469955577721,0.3588150421074658,0.021486438886932017,0.6749482401656315,157,183,8334,326,0.04326500011865041,329660,36.62888888888889,0.225,0.03777777777777778,LightGBM
0.9432222222222222,0.649712267098977,0.45857988165680474,0.32091097308488614,0.37758830694275275,0.8002032714500362,0.302469955577721,0.302469955577721,0.35492519676891127,0.021486438886932017,0.6790890269151139,155,183,8334,328,0.04326500011865041,331660,36.85111111111111,0.2253639578400458,0.03755555555555556,LightGBM
0.9442222222222222,0.6453581693026078,0.4702194357366771,0.3105590062111801,0.3740648379052369,0.8002032714500362,0.302469955577721,0.302469955577721,0.35432851956075045,0.01984266760596454,0.6894409937888198,150,169,8348,333,0.04326500011865041,336380,37.37555555555556,0.23500000000000001,0.035444444444444445,LightGBM
0.9444444444444444,0.6405931286859966,0.4723127035830619,0.3002070393374741,0.3670886075949367,0.8002032714500362,0.302469955577721,0.302469955577721,0.34910571039038685,0.019020781965480803,0.6997929606625258,145,162,8355,338,0.04326500011865041,341240,37.91555555555556,0.245,0.03411111111111111,LightGBM
0.9445555555555556,0.6318634196714353,0.4722222222222222,0.2815734989648033,0.3527885862516213,0.8002032714500362,0.302469955577721,0.302469955577721,0.33768832174146035,0.017846659621932607,0.7184265010351967,136,152,8365,347,0.04326500011865041,350040,38.89333333333333,0.255,0.032,LightGBM
0.945,0.627215791289179,0.4781021897810219,0.2712215320910973,0.34610303830911493,0.8002032714500362,0.302469955577721,0.302469955577721,0.33373751089560005,0.016789949512739228,0.7287784679089027,131,143,8374,352,0.04326500011865041,354860,39.42888888888889,0.265,0.030444444444444444,LightGBM
0.9453333333333334,0.6215329662195521,0.4826254826254826,0.2587991718426501,0.3369272237196766,0.8002032714500362,0.302469955577721,0.302469955577721,0.32765027759150855,0.01573323940354585,0.7412008281573499,125,134,8383,358,0.04326500011865041,360680,40.07555555555555,0.275,0.028777777777777777,LightGBM
0.9456666666666667,0.6119441788691524,0.4872881355932203,0.23809523809523808,0.3198887343532684,0.8002032714500362,0.302469955577721,0.302469955577721,0.31574844018393367,0.014206880356933193,0.7619047619047619,115,121,8396,368,0.04326500011865041,370420,41.15777777777778,0.28500000000000003,0.026222222222222223,LightGBM
0.9462222222222222,0.60930823774446,0.49777777777777776,0.2318840579710145,0.3163841807909604,0.8002032714500362,0.302469955577721,0.302469955577721,0.3155621858932439,0.013267582482094635,0.7681159420289855,112,113,8404,371,0.04326500011865041,373260,41.473333333333336,0.29331713073620685,0.025,LightGBM
0.9461111111111111,0.6082730410570893,0.4955357142857143,0.22981366459627328,0.31400282885431396,0.8002032714500362,0.302469955577721,0.302469955577721,0.3132527578402729,0.013267582482094635,0.7701863354037267,111,113,8404,372,0.04326500011865041,374260,41.58444444444444,0.295,0.024888888888888887,LightGBM
0.947,0.6077661994243154,0.514018691588785,0.2277432712215321,0.31563845050215206,0.8002032714500362,0.302469955577721,0.302469955577721,0.31880635171668237,0.012210872372901256,0.772256728778468,110,104,8413,373,0.04326500011865041,375080,41.675555555555555,0.305,0.023777777777777776,LightGBM
0.947,0.6009307654329631,0.515,0.21325051759834368,0.30161054172767204,0.8002032714500362,0.302469955577721,0.302469955577721,0.30861292985258426,0.011388986732417518,0.7867494824016563,103,97,8420,380,0.04326500011865041,381940,42.437777777777775,0.315,0.022222222222222223,LightGBM
0.9467777777777778,0.5930014286370627,0.510752688172043,0.19668737060041408,0.28400597907324365,0.8002032714500362,0.302469955577721,0.302469955577721,0.29464122363848577,0.0106845133262886,0.8033126293995859,95,91,8426,388,0.04326500011865041,389820,43.31333333333333,0.325,0.020666666666666667,LightGBM
0.9466666666666667,0.5870837790987262,0.5085714285714286,0.18426501035196688,0.270516717325228,0.8002032714500362,0.302469955577721,0.302469955577721,0.2842547762640198,0.0100974521545145,0.8157349896480331,89,86,8431,394,0.04326500011865041,395720,43.96888888888889,0.335,0.019444444444444445,LightGBM
0.9461111111111111,0.5789783239512937,0.49390243902439024,0.16770186335403728,0.250386398763524,0.8002032714500362,0.302469955577721,0.302469955577721,0.2661368548062832,0.00974521545145004,0.8322981366459627,81,83,8434,402,0.04326500011865041,403660,44.85111111111111,0.34500000000000003,0.018222222222222223,LightGBM
0.9463333333333334,0.5742132833346825,0.5,0.15734989648033126,0.23937007874015748,0.8002032714500362,0.302469955577721,0.302469955577721,0.259587741369132,0.008923329810966303,0.8426501035196687,76,76,8441,407,0.04326500011865041,408520,45.39111111111111,0.35500000000000004,0.016888888888888887,LightGBM
0.9463333333333334,0.5683543399135234,0.5,0.14492753623188406,0.22471910112359553,0.8002032714500362,0.302469955577721,0.302469955577721,0.24896144707416112,0.008218856404837384,0.855072463768116,70,70,8447,413,0.04326500011865041,414400,46.044444444444444,0.365,0.015555555555555555,LightGBM
0.9462222222222222,0.5604837092348004,0.496,0.12836438923395446,0.20394736842105268,0.8002032714500362,0.302469955577721,0.302469955577721,0.23294109584329228,0.007396970764353646,0.8716356107660456,62,63,8454,421,0.04326500011865041,422260,46.91777777777778,0.375,0.013888888888888888,LightGBM
0.9461111111111111,0.5545660596964639,0.49122807017543857,0.11594202898550725,0.18760469011725295,0.8002032714500362,0.302469955577721,0.302469955577721,0.219919580467914,0.0068099095925795465,0.8840579710144928,56,58,8459,427,0.04326500011865041,428160,47.57333333333333,0.385,0.012666666666666666,LightGBM
0.946,0.5535308630090933,0.48672566371681414,0.11387163561076605,0.18456375838926173,0.8002032714500362,0.302469955577721,0.302469955577721,0.21668772893743893,0.0068099095925795465,0.8861283643892339,55,58,8459,428,0.04326500011865041,429160,47.684444444444445,0.3866419953504609,0.012555555555555556,LightGBM
0.9461111111111111,0.5496836068454979,0.49038461538461536,0.10559006211180125,0.1737649063032368,0.8002032714500362,0.302469955577721,0.302469955577721,0.2095298704035741,0.006222848420805448,0.8944099378881988,51,53,8464,432,0.04326500011865041,433060,48.117777777777775,0.395,0.011555555555555555,LightGBM
0.9465555555555556,0.5469889596036279,0.5106382978723404,0.09937888198757763,0.1663778162911612,0.8002032714500362,0.302469955577721,0.302469955577721,0.2083231058507258,0.00540096278032171,0.9006211180124224,48,46,8471,435,0.04326500011865041,435920,48.43555555555555,0.405,0.010444444444444444,LightGBM
0.9465555555555556,0.5362475633315029,0.5138888888888888,0.07660455486542443,0.13333333333333333,0.8002032714500362,0.302469955577721,0.302469955577721,0.18339283450316926,0.004109428202418692,0.9233954451345756,37,35,8482,446,0.04326500011865041,446700,49.63333333333333,0.41500000000000004,0.008,LightGBM
0.9468888888888889,0.5344707005426488,0.5384615384615384,0.07246376811594203,0.12773722627737227,0.8002032714500362,0.302469955577721,0.302469955577721,0.1834818192245754,0.003522367030644593,0.927536231884058,35,30,8487,448,0.04326500011865041,448600,49.84444444444444,0.425,0.007222222222222222,LightGBM
0.9467777777777778,0.5295295415745054,0.5357142857142857,0.062111801242236024,0.11131725417439704,0.8002032714500362,0.302469955577721,0.302469955577721,0.16925584712567626,0.003052718093225314,0.937888198757764,30,26,8491,453,0.04326500011865041,453520,50.39111111111111,0.435,0.006222222222222222,LightGBM
0.9464444444444444,0.5254474609422004,0.5098039215686274,0.053830227743271224,0.09737827715355807,0.8002032714500362,0.302469955577721,0.302469955577721,0.15279846769498898,0.0029353058588704943,0.9461697722567288,26,25,8492,457,0.04326500011865041,457500,50.833333333333336,0.445,0.005666666666666667,LightGBM
0.9462222222222222,0.5224005769972659,0.48936170212765956,0.047619047619047616,0.08679245283018867,0.8002032714500362,0.302469955577721,0.302469955577721,0.14007894704260465,0.0028178936245156746,0.9523809523809523,23,24,8493,460,0.04326500011865041,460480,51.16444444444444,0.455,0.005222222222222222,LightGBM
0.9467777777777778,0.5217176170129598,0.55,0.045548654244306416,0.0841300191204589,0.8002032714500362,0.302469955577721,0.302469955577721,0.14715501059142805,0.0021134202183867557,0.9544513457556936,22,18,8499,461,0.04326500011865041,461360,51.26222222222222,0.465,0.0044444444444444444,LightGBM
0.9468888888888889,0.5198233419897509,0.5714285714285714,0.041407867494824016,0.07722007722007722,0.8002032714500362,0.302469955577721,0.302469955577721,0.14355376556023616,0.0017611835153222965,0.9585921325051759,20,15,8502,463,0.04326500011865041,463300,51.477777777777774,0.47500000000000003,0.0038888888888888888,LightGBM
0.947,0.5169525763963487,0.6071428571428571,0.035196687370600416,0.06653620352250489,0.8002032714500362,0.302469955577721,0.302469955577721,0.1372015275682761,0.0012915345779030175,0.9648033126293996,17,11,8506,466,0.04326500011865041,466220,51.80222222222222,0.485,0.003111111111111111,LightGBM
0.9472222222222222,0.5160934980605103,0.6666666666666666,0.033126293995859216,0.0631163708086785,0.8002032714500362,0.302469955577721,0.302469955577721,0.14065341913259283,0.0009392978748385582,0.9668737060041408,16,8,8509,467,0.04326500011865041,467160,51.906666666666666,0.495,0.0026666666666666666,LightGBM
0.947,0.513046614115576,0.65,0.026915113871635612,0.05168986083499007,0.8002032714500362,0.302469955577721,0.302469955577721,0.12487961058528452,0.0008218856404837384,0.9730848861283644,13,7,8510,470,0.04326500011865041,470140,52.23777777777778,0.505,0.0022222222222222222,LightGBM
0.9471111111111111,0.5131053202327533,0.6842105263157895,0.026915113871635612,0.05179282868525897,0.8002032714500362,0.302469955577721,0.302469955577721,0.1286931329229573,0.0007044734061289186,0.9730848861283644,13,6,8511,470,0.04326500011865041,470120,52.23555555555556,0.515,0.002111111111111111,LightGBM
0.9472222222222222,0.5121875357797375,0.75,0.024844720496894408,0.04809619238476954,0.8002032714500362,0.302469955577721,0.302469955577721,0.1303970977492527,0.0004696489374192791,0.9751552795031055,12,4,8513,471,0.04326500011865041,471080,52.34222222222222,0.525,0.0017777777777777779,LightGBM
0.9468888888888889,0.5090819457176258,0.6923076923076923,0.018633540372670808,0.036290322580645164,0.8002032714500362,0.302469955577721,0.302469955577721,0.10778212443272643,0.0004696489374192791,0.9813664596273292,9,4,8513,474,0.04326500011865041,474080,52.675555555555555,0.535,0.0014444444444444444,LightGBM
0.9465555555555556,0.5059763556555139,0.6,0.012422360248447204,0.024340770791075047,0.8002032714500362,0.302469955577721,0.302469955577721,0.08085436551159755,0.0004696489374192791,0.9875776397515528,6,4,8513,477,0.04326500011865041,477080,53.00888888888889,0.545,0.0011111111111111111,LightGBM
0.9465555555555556,0.5059763556555139,0.6,0.012422360248447204,0.024340770791075047,0.8002032714500362,0.302469955577721,0.302469955577721,0.08085436551159755,0.0004696489374192791,0.9875776397515528,6,4,8513,477,0.04326500011865041,477080,53.00888888888889,0.555,0.0011111111111111111,LightGBM
0.9465555555555556,0.5049998650853208,0.625,0.010351966873706004,0.020366598778004074,0.8002032714500362,0.302469955577721,0.302469955577721,0.0756191911517487,0.0003522367030644593,0.989648033126294,5,3,8514,478,0.04326500011865041,478060,53.117777777777775,0.5650000000000001,0.0008888888888888889,LightGBM
0.9465555555555556,0.5049998650853208,0.625,0.010351966873706004,0.020366598778004074,0.8002032714500362,0.302469955577721,0.302469955577721,0.0756191911517487,0.0003522367030644593,0.989648033126294,5,3,8514,478,0.04326500011865041,478060,53.117777777777775,0.5750000000000001,0.0008888888888888889,LightGBM
0.9465555555555556,0.5040233745151276,0.6666666666666666,0.008281573498964804,0.016359918200409,0.8002032714500362,0.302469955577721,0.302469955577721,0.07025630069541582,0.00023482446870963955,0.9917184265010351,4,2,8515,479,0.04326500011865041,479040,53.22666666666667,0.585,0.0006666666666666666,LightGBM
0.9465555555555556,0.5040233745151276,0.6666666666666666,0.008281573498964804,0.016359918200409,0.8002032714500362,0.302469955577721,0.302469955577721,0.07025630069541582,0.00023482446870963955,0.9917184265010351,4,2,8515,479,0.04326500011865041,479040,53.22666666666667,0.595,0.0006666666666666666,LightGBM
0.9464444444444444,0.502988177827757,0.6,0.006211180124223602,0.012295081967213113,0.8002032714500362,0.302469955577721,0.302469955577721,0.05715677780787492,0.00023482446870963955,0.9937888198757764,3,2,8515,480,0.04326500011865041,480040,53.33777777777778,0.605,0.0005555555555555556,LightGBM
0.9463333333333334,0.5009764905701932,0.5,0.002070393374741201,0.004123711340206186,0.8002032714500362,0.302469955577721,0.302469955577721,0.029527518219067836,0.00011741223435481978,0.9979296066252588,1,1,8516,482,0.04326500011865041,482020,53.55777777777778,0.615,0.00022222222222222223,LightGBM
0.9463333333333334,0.5009764905701932,0.5,0.002070393374741201,0.004123711340206186,0.8002032714500362,0.302469955577721,0.302469955577721,0.029527518219067836,0.00011741223435481978,0.9979296066252588,1,1,8516,482,0.04326500011865041,482020,53.55777777777778,0.625,0.00022222222222222223,LightGBM
0.9463333333333334,0.5009764905701932,0.5,0.002070393374741201,0.004123711340206186,0.8002032714500362,0.302469955577721,0.302469955577721,0.029527518219067836,0.00011741223435481978,0.9979296066252588,1,1,8516,482,0.04326500011865041,482020,53.55777777777778,0.635,0.00022222222222222223,LightGBM
0.9463333333333334,0.5009764905701932,0.5,0.002070393374741201,0.004123711340206186,0.8002032714500362,0.302469955577721,0.302469955577721,0.029527518219067836,0.00011741223435481978,0.9979296066252588,1,1,8516,482,0.04326500011865041,482020,53.55777777777778,0.645,0.00022222222222222223,LightGBM
0.9463333333333334,0.5009764905701932,0.5,0.002070393374741201,0.004123711340206186,0.8002032714500362,0.302469955577721,0.302469955577721,0.029527518219067836,0.00011741223435481978,0.9979296066252588,1,1,8516,482,0.04326500011865041,482020,53.55777777777778,0.655,0.00022222222222222223,LightGBM
0.9463333333333334,0.5009764905701932,0.5,0.002070393374741201,0.004123711340206186,0.8002032714500362,0.302469955577721,0.302469955577721,0.029527518219067836,0.00011741223435481978,0.9979296066252588,1,1,8516,482,0.04326500011865041,482020,53.55777777777778,0.665,0.00022222222222222223,LightGBM
0.9463333333333334,0.5009764905701932,0.5,0.002070393374741201,0.004123711340206186,0.8002032714500362,0.302469955577721,0.302469955577721,0.029527518219067836,0.00011741223435481978,0.9979296066252588,1,1,8516,482,0.04326500011865041,482020,53.55777777777778,0.675,0.00022222222222222223,LightGBM
0.9463333333333334,0.5009764905701932,0.5,0.002070393374741201,0.004123711340206186,0.8002032714500362,0.302469955577721,0.302469955577721,0.029527518219067836,0.00011741223435481978,0.9979296066252588,1,1,8516,482,0.04326500011865041,482020,53.55777777777778,0.685,0.00022222222222222223,LightGBM
0.9464444444444444,0.5010351966873706,1.0,0.002070393374741201,0.004132231404958678,0.8002032714500362,0.302469955577721,0.302469955577721,0.04426623979796273,0.0,0.9979296066252588,1,0,8517,482,0.04326500011865041,482000,53.55555555555556,0.6907059433732272,0.00011111111111111112,LightGBM
0.9463333333333334,0.5,0.0,0.0,0.0,0.8002032714500362,0.302469955577721,0.302469955577721,0.0,0.0,1.0,0,0,8517,483,0.04326500011865041,483000,53.666666666666664,0.6950000000000001,0.0,LightGBM
0.9463333333333334,0.5,0.0,0.0,0.0,0.8002032714500362,0.302469955577721,0.302469955577721,0.0,0.0,1.0,0,0,8517,483,0.04326500011865041,483000,53.666666666666664,0.7050000000000001,0.0,LightGBM
0.9463333333333334,0.5,0.0,0.0,0.0,0.8002032714500362,0.302469955577721,0.302469955577721,0.0,0.0,1.0,0,0,8517,483,0.04326500011865041,483000,53.666666666666664,0.715,0.0,LightGBM
0.9463333333333334,0.5,0.0,0.0,0.0,0.8002032714500362,0.302469955577721,0.302469955577721,0.0,0.0,1.0,0,0,8517,483,0.04326500011865041,483000,53.666666666666664,0.725,0.0,LightGBM
0.9463333333333334,0.5,0.0,0.0,0.0,0.8002032714500362,0.302469955577721,0.302469955577721,0.0,0.0,1.0,0,0,8517,483,0.04326500011865041,483000,53.666666666666664,0.735,0.0,LightGBM
0.9463333333333334,0.5,0.0,0.0,0.0,0.8002032714500362,0.302469955577721,0.302469955577721,0.0,0.0,1.0,0,0,8517,483,0.04326500011865041,483000,53.666666666666664,0.745,0.0,LightGBM
0.9463333333333334,0.5,0.0,0.0,0.0,0.8002032714500362,0.302469955577721,0.302469955577721,0.0,0.0,1.0,0,0,8517,483,0.04326500011865041,483000,53.666666666666664,0.755,0.0,LightGBM
0.9463333333333334,0.5,0.0,0.0,0.0,0.8002032714500362,0.302469955577721,0.302469955577721,0.0,0.0,1.0,0,0,8517,483,0.04326500011865041,483000,53.666666666666664,0.765,0.0,LightGBM
0.9463333333333334,0.5,0.0,0.0,0.0,0.8002032714500362,0.302469955577721,0.302469955577721,0.0,0.0,1.0,0,0,8517,483,0.04326500011865041,483000,53.666666666666664,0.775,0.0,LightGBM
0.9463333333333334,0.5,0.0,0.0,0.0,0.8002032714500362,0.302469955577721,0.302469955577721,0.0,0.0,1.0,0,0,8517,483,0.04326500011865041,483000,53.666666666666664,0.785,0.0,LightGBM
0.9463333333333334,0.5,0.0,0.0,0.0,0.8002032714500362,0.302469955577721,0.302469955577721,0.0,0.0,1.0,0,0,8517,483,0.04326500011865041,483000,53.666666666666664,0.795,0.0,LightGBM
0.9463333333333334,0.5,0.0,0.0,0.0,0.8002032714500362,0.302469955577721,0.302469955577721,0.0,0.0,1.0,0,0,8517,483,0.04326500011865041,483000,53.666666666666664,0.805,0.0,LightGBM
0.9463333333333334,0.5,0.0,0.0,0.0,0.8002032714500362,0.302469955577721,0.302469955577721,0.0,0.0,1.0,0,0,8517,483,0.04326500011865041,483000,53.666666666666664,0.8150000000000001,0.0,LightGBM
0.9463333333333334,0.5,0.0,0.0,0.0,0.8002032714500362,0.302469955577721,0.302469955577721,0.0,0.0,1.0,0,0,8517,483,0.04326500011865041,483000,53.666666666666664,0.8250000000000001,0.0,LightGBM
0.9463333333333334,0.5,0.0,0.0,0.0,0.8002032714500362,0.302469955577721,0.302469955577721,0.0,0.0,1.0,0,0,8517,483,0.04326500011865041,483000,53.666666666666664,0.8350000000000001,0.0,LightGBM
0.9463333333333334,0.5,0.0,0.0,0.0,0.8002032714500362,0.302469955577721,0.302469955577721,0.0,0.0,1.0,0,0,8517,483,0.04326500011865041,483000,53.666666666666664,0.845,0.0,LightGBM
0.9463333333333334,0.5,0.0,0.0,0.0,0.8002032714500362,0.302469955577721,0.302469955577721,0.0,0.0,1.0,0,0,8517,483,0.04326500011865041,483000,53.666666666666664,0.855,0.0,LightGBM
0.9463333333333334,0.5,0.0,0.0,0.0,0.8002032714500362,0.302469955577721,0.302469955577721,0.0,0.0,1.0,0,0,8517,483,0.04326500011865041,483000,53.666666666666664,0.865,0.0,LightGBM
0.9463333333333334,0.5,0.0,0.0,0.0,0.8002032714500362,0.302469955577721,0.302469955577721,0.0,0.0,1.0,0,0,8517,483,0.04326500011865041,483000,53.666666666666664,0.875,0.0,LightGBM
0.9463333333333334,0.5,0.0,0.0,0.0,0.8002032714500362,0.302469955577721,0.302469955577721,0.0,0.0,1.0,0,0,8517,483,0.04326500011865041,483000,53.666666666666664,0.885,0.0,LightGBM
0.9463333333333334,0.5,0.0,0.0,0.0,0.8002032714500362,0.302469955577721,0.302469955577721,0.0,0.0,1.0,0,0,8517,483,0.04326500011865041,483000,53.666666666666664,0.895,0.0,LightGBM
0.9463333333333334,0.5,0.0,0.0,0.0,0.8002032714500362,0.302469955577721,0.302469955577721,0.0,0.0,1.0,0,0,8517,483,0.04326500011865041,483000,53.666666666666664,0.905,0.0,LightGBM
0.9463333333333334,0.5,0.0,0.0,0.0,0.8002032714500362,0.302469955577721,0.302469955577721,0.0,0.0,1.0,0,0,8517,483,0.04326500011865041,483000,53.666666666666664,0.915,0.0,LightGBM
0.9463333333333334,0.5,0.0,0.0,0.0,0.8002032714500362,0.302469955577721,0.302469955577721,0.0,0.0,1.0,0,0,8517,483,0.04326500011865041,483000,53.666666666666664,0.925,0.0,LightGBM
0.9463333333333334,0.5,0.0,0.0,0.0,0.8002032714500362,0.302469955577721,0.302469955577721,0.0,0.0,1.0,0,0,8517,483,0.04326500011865041,483000,53.666666666666664,0.935,0.0,LightGBM
0.9463333333333334,0.5,0.0,0.0,0.0,0.8002032714500362,0.302469955577721,0.302469955577721,0.0,0.0,1.0,0,0,8517,483,0.04326500011865041,483000,53.666666666666664,0.9450000000000001,0.0,LightGBM
0.9463333333333334,0.5,0.0,0.0,0.0,0.8002032714500362,0.302469955577721,0.302469955577721,0.0,0.0,1.0,0,0,8517,483,0.04326500011865041,483000,53.666666666666664,0.9550000000000001,0.0,LightGBM
0.9463333333333334,0.5,0.0,0.0,0.0,0.8002032714500362,0.302469955577721,0.302469955577721,0.0,0.0,1.0,0,0,8517,483,0.04326500011865041,483000,53.666666666666664,0.965,0.0,LightGBM
0.9463333333333334,0.5,0.0,0.0,0.0,0.8002032714500362,0.302469955577721,0.302469955577721,0.0,0.0,1.0,0,0,8517,483,0.04326500011865041,483000,53.666666666666664,0.975,0.0,LightGBM
0.9463333333333334,0.5,0.0,0.0,0.0,0.8002032714500362,0.302469955577721,0.302469955577721,0.0,0.0,1.0,0,0,8517,483,0.04326500011865041,483000,53.666666666666664,0.985,0.0,LightGBM
0.9463333333333334,0.5,0.0,0.0,0.0,0.8002032714500362,0.302469955577721,0.302469955577721,0.0,0.0,1.0,0,0,8517,483,0.04326500011865041,483000,53.666666666666664,0.995,0.0,LightGBM
0.9463333333333334,0.5,0.0,0.0,0.0,0.8002032714500362,0.302469955577721,0.302469955577721,0.0,0.0,1.0,0,0,8517,483,0.04326500011865041,483000,53.666666666666664,1.000001,0.0,LightGBM
0.05366666666666667,0.5,0.05366666666666667,1.0,0.1018664979436887,0.656586716957025,0.13444671513184595,0.13444671513184595,0.0,1.0,0.0,483,8517,0,0,0.04882675036787987,170340,18.926666666666666,0.005,1.0,RulesOnly
0.05366666666666667,0.5,0.05366666666666667,1.0,0.1018664979436887,0.656586716957025,0.13444671513184595,0.13444671513184595,0.0,1.0,0.0,483,8517,0,0,0.04882675036787987,170340,18.926666666666666,0.015,1.0,RulesOnly
0.05366666666666667,0.5,0.05366666666666667,1.0,0.1018664979436887,0.656586716957025,0.13444671513184595,0.13444671513184595,0.0,1.0,0.0,483,8517,0,0,0.04882675036787987,170340,18.926666666666666,0.025,1.0,RulesOnly
0.05366666666666667,0.5,0.05366666666666667,1.0,0.1018664979436887,0.656586716957025,0.13444671513184595,0.13444671513184595,0.0,1.0,0.0,483,8517,0,0,0.04882675036787987,170340,18.926666666666666,0.034999999999999996,1.0,RulesOnly
0.05366666666666667,0.5,0.05366666666666667,1.0,0.1018664979436887,0.656586716957025,0.13444671513184595,0.13444671513184595,0.0,1.0,0.0,483,8517,0,0,0.04882675036787987,170340,18.926666666666666,0.03573296219110489,1.0,RulesOnly
0.6462222222222223,0.6294994957108071,0.08963840777879065,0.6107660455486542,0.15633280339162695,0.656586716957025,0.13444671513184595,0.13444671513184595,0.12119117585525996,0.35176705412704,0.38923395445134573,295,2996,5521,188,0.04882675036787987,247920,27.546666666666667,0.045,0.36566666666666664,RulesOnly
0.6462222222222223,0.6294994957108071,0.08963840777879065,0.6107660455486542,0.15633280339162695,0.656586716957025,0.13444671513184595,0.13444671513184595,0.12119117585525996,0.35176705412704,0.38923395445134573,295,2996,5521,188,0.04882675036787987,247920,27.546666666666667,0.04716981202363968,0.36566666666666664,RulesOnly
0.668,0.6331939701160338,0.0932120818447548,0.5942028985507246,0.16114542391914655,0.656586716957025,0.13444671513184595,0.13444671513184595,0.12654036237214875,0.3278149583186568,0.4057971014492754,287,2792,5725,196,0.04882675036787987,251840,27.982222222222223,0.05090311914682388,0.3421111111111111,RulesOnly
0.7263333333333334,0.6161666436947077,0.09690553745928339,0.4927536231884058,0.16195985028921403,0.656586716957025,0.13444671513184595,0.13444671513184595,0.11754184407365553,0.26042033579899027,0.5072463768115942,238,2218,6299,245,0.04882675036787987,289360,32.15111111111111,0.055,0.2728888888888889,RulesOnly
0.728,0.6053293486100506,0.09350434422838229,0.46790890269151136,0.15586206896551721,0.656586716957025,0.13444671513184595,0.13444671513184595,0.10711394885928381,0.25725020547141014,0.5320910973084886,226,2191,6326,257,0.04882675036787987,300820,33.42444444444445,0.05796286091208458,0.26855555555555555,RulesOnly
0.8975555555555556,0.6050777509650046,0.18953323903818953,0.2774327122153209,0.22521008403361342,0.656586716957025,0.13444671513184595,0.13444671513184595,0.17603219884662025,0.06727721028531172,0.722567287784679,134,573,7944,349,0.04882675036787987,360460,40.05111111111111,0.065,0.07855555555555556,RulesOnly
0.8975555555555556,0.6050777509650046,0.18953323903818953,0.2774327122153209,0.22521008403361342,0.656586716957025,0.13444671513184595,0.13444671513184595,0.17603219884662025,0.06727721028531172,0.722567287784679,134,573,7944,349,0.04882675036787987,360460,40.05111111111111,0.07500000000000001,0.07855555555555556,RulesOnly
0.8975555555555556,0.6050777509650046,0.18953323903818953,0.2774327122153209,0.22521008403361342,0.656586716957025,0.13444671513184595,0.13444671513184595,0.17603219884662025,0.06727721028531172,0.722567287784679,134,573,7944,349,0.04882675036787987,360460,40.05111111111111,0.085,0.07855555555555556,RulesOnly
0.8975555555555556,0.6050777509650046,0.18953323903818953,0.2774327122153209,0.22521008403361342,0.656586716957025,0.13444671513184595,0.13444671513184595,0.17603219884662025,0.06727721028531172,0.722567287784679,134,573,7944,349,0.04882675036787987,360460,40.05111111111111,0.08858267217874527,0.07855555555555556,RulesOnly
0.9027777777777778,0.5951425610598314,0.19085173501577288,0.2505175983436853,0.2166517457475381,0.656586716957025,0.13444671513184595,0.13444671513184595,0.1675784477217646,0.060232476224022544,0.7494824016563147,121,513,8004,362,0.04882675036787987,372260,41.36222222222222,0.08858267962932587,0.07044444444444445,RulesOnly
0.9241111111111111,0.5614955693290073,0.21428571428571427,0.15527950310559005,0.1800720288115246,0.656586716957025,0.13444671513184595,0.13444671513184595,0.1433668143941852,0.032288364447575435,0.84472049689441,75,275,8242,408,0.04882675036787987,413500,45.94444444444444,0.08858268707990646,0.03888888888888889,RulesOnly
0.9397777777777778,0.5541492827279311,0.3333333333333333,0.12215320910973085,0.17878787878787877,0.656586716957025,0.13444671513184595,0.13444671513184595,0.17577002727452853,0.013854643653868733,0.8778467908902692,59,118,8399,424,0.04882675036787987,426360,47.373333333333335,0.095,0.019666666666666666,RulesOnly
0.9397777777777778,0.5541492827279311,0.3333333333333333,0.12215320910973085,0.17878787878787877,0.656586716957025,0.13444671513184595,0.13444671513184595,0.17577002727452853,0.013854643653868733,0.8778467908902692,59,118,8399,424,0.04882675036787987,426360,47.373333333333335,0.10500000000000001,0.019666666666666666,RulesOnly
0.9397777777777778,0.5541492827279311,0.3333333333333333,0.12215320910973085,0.17878787878787877,0.656586716957025,0.13444671513184595,0.13444671513184595,0.17577002727452853,0.013854643653868733,0.8778467908902692,59,118,8399,424,0.04882675036787987,426360,47.373333333333335,0.115,0.019666666666666666,RulesOnly
0.9397777777777778,0.5541492827279311,0.3333333333333333,0.12215320910973085,0.17878787878787877,0.656586716957025,0.13444671513184595,0.13444671513184595,0.17577002727452853,0.013854643653868733,0.8778467908902692,59,118,8399,424,0.04882675036787987,426360,47.373333333333335,0.125,0.019666666666666666,RulesOnly
0.9397777777777778,0.5541492827279311,0.3333333333333333,0.12215320910973085,0.17878787878787877,0.656586716957025,0.13444671513184595,0.13444671513184595,0.17577002727452853,0.013854643653868733,0.8778467908902692,59,118,8399,424,0.04882675036787987,426360,47.373333333333335,0.13333334028720856,0.019666666666666666,RulesOnly
0.9444444444444444,0.5390381093859048,0.41414141414141414,0.08488612836438923,0.140893470790378,0.656586716957025,0.13444671513184595,0.13444671513184595,0.16869362218344328,0.0068099095925795465,0.9151138716356108,41,58,8459,442,0.04882675036787987,443160,49.24,0.135,0.011,RulesOnly
0.9444444444444444,0.5390381093859048,0.41414141414141414,0.08488612836438923,0.140893470790378,0.656586716957025,0.13444671513184595,0.13444671513184595,0.16869362218344328,0.0068099095925795465,0.9151138716356108,41,58,8459,442,0.04882675036787987,443160,49.24,0.14500000000000002,0.011,RulesOnly
0.9444444444444444,0.5390381093859048,0.41414141414141414,0.08488612836438923,0.140893470790378,0.656586716957025,0.13444671513184595,0.13444671513184595,0.16869362218344328,0.0068099095925795465,0.9151138716356108,41,58,8459,442,0.04882675036787987,443160,49.24,0.155,0.011,RulesOnly
0.9444444444444444,0.5390381093859048,0.41414141414141414,0.08488612836438923,0.140893470790378,0.656586716957025,0.13444671513184595,0.13444671513184595,0.16869362218344328,0.0068099095925795465,0.9151138716356108,41,58,8459,442,0.04882675036787987,443160,49.24,0.165,0.011,RulesOnly
0.9444444444444444,0.5390381093859048,0.41414141414141414,0.08488612836438923,0.140893470790378,0.656586716957025,0.13444671513184595,0.13444671513184595,0.16869362218344328,0.0068099095925795465,0.9151138716356108,41,58,8459,442,0.04882675036787987,443160,49.24,0.17500000000000002,0.011,RulesOnly
0.9442222222222222,0.5350147348707772,0.3978494623655914,0.07660455486542443,0.1284722222222222,0.656586716957025,0.13444671513184595,0.13444671513184595,0.15605961331171014,0.006575085123869907,0.9233954451345756,37,56,8461,446,0.04882675036787987,447120,49.68,0.185,0.010333333333333333,RulesOnly
0.9442222222222222,0.5350147348707772,0.3978494623655914,0.07660455486542443,0.1284722222222222,0.656586716957025,0.13444671513184595,0.13444671513184595,0.15605961331171014,0.006575085123869907,0.9233954451345756,37,56,8461,446,0.04882675036787987,447120,49.68,0.195,0.010333333333333333,RulesOnly
0.9442222222222222,0.5350147348707772,0.3978494623655914,0.07660455486542443,0.1284722222222222,0.656586716957025,0.13444671513184595,0.13444671513184595,0.15605961331171014,0.006575085123869907,0.9233954451345756,37,56,8461,446,0.04882675036787987,447120,49.68,0.20500000000000002,0.010333333333333333,RulesOnly
0.9442222222222222,0.5350147348707772,0.3978494623655914,0.07660455486542443,0.1284722222222222,0.656586716957025,0.13444671513184595,0.13444671513184595,0.15605961331171014,0.006575085123869907,0.9233954451345756,37,56,8461,446,0.04882675036787987,447120,49.68,0.215,0.010333333333333333,RulesOnly
0.9445555555555556,0.5332378720819231,0.4069767441860465,0.07246376811594203,0.12302284710017576,0.656586716957025,0.13444671513184595,0.13444671513184595,0.15399072236650752,0.005988023952095809,0.927536231884058,35,51,8466,448,0.04882675036787987,449020,49.89111111111111,0.225,0.009555555555555555,RulesOnly
0.9445555555555556,0.5332378720819231,0.4069767441860465,0.07246376811594203,0.12302284710017576,0.656586716957025,0.13444671513184595,0.13444671513184595,0.15399072236650752,0.005988023952095809,0.927536231884058,35,51,8466,448,0.04882675036787987,449020,49.89111111111111,0.23500000000000001,0.009555555555555555,RulesOnly
0.9445555555555556,0.5332378720819231,0.4069767441860465,0.07246376811594203,0.12302284710017576,0.656586716957025,0.13444671513184595,0.13444671513184595,0.15399072236650752,0.005988023952095809,0.927536231884058,35,51,8466,448,0.04882675036787987,449020,49.89111111111111,0.245,0.009555555555555555,RulesOnly
0.9465555555555556,0.5137882802170595,0.5384615384615384,0.028985507246376812,0.05500982318271119,0.656586716957025,0.13444671513184595,0.13444671513184595,0.11579165971778094,0.0014089468122578373,0.9710144927536232,14,12,8505,469,0.04882675036787987,469240,52.13777777777778,0.255,0.0028888888888888888,RulesOnly
0.9465555555555556,0.5137882802170595,0.5384615384615384,0.028985507246376812,0.05500982318271119,0.656586716957025,0.13444671513184595,0.13444671513184595,0.11579165971778094,0.0014089468122578373,0.9710144927536232,14,12,8505,469,0.04882675036787987,469240,52.13777777777778,0.265,0.0028888888888888888,RulesOnly
0.9465555555555556,0.5137882802170595,0.5384615384615384,0.028985507246376812,0.05500982318271119,0.656586716957025,0.13444671513184595,0.13444671513184595,0.11579165971778094,0.0014089468122578373,0.9710144927536232,14,12,8505,469,0.04882675036787987,469240,52.13777777777778,0.275,0.0028888888888888888,RulesOnly
0.9465555555555556,0.5137882802170595,0.5384615384615384,0.028985507246376812,0.05500982318271119,0.656586716957025,0.13444671513184595,0.13444671513184595,0.11579165971778094,0.0014089468122578373,0.9710144927536232,14,12,8505,469,0.04882675036787987,469240,52.13777777777778,0.28500000000000003,0.0028888888888888888,RulesOnly
0.9464444444444444,0.5010351966873706,1.0,0.002070393374741201,0.004132231404958678,0.656586716957025,0.13444671513184595,0.13444671513184595,0.04426623979796273,0.0,0.9979296066252588,1,0,8517,482,0.04882675036787987,482000,53.55555555555556,0.295,0.00011111111111111112,RulesOnly
0.9464444444444444,0.5010351966873706,1.0,0.002070393374741201,0.004132231404958678,0.656586716957025,0.13444671513184595,0.13444671513184595,0.04426623979796273,0.0,0.9979296066252588,1,0,8517,482,0.04882675036787987,482000,53.55555555555556,0.305,0.00011111111111111112,RulesOnly
0.9464444444444444,0.5010351966873706,1.0,0.002070393374741201,0.004132231404958678,0.656586716957025,0.13444671513184595,0.13444671513184595,0.04426623979796273,0.0,0.9979296066252588,1,0,8517,482,0.04882675036787987,482000,53.55555555555556,0.315,0.00011111111111111112,RulesOnly
0.9464444444444444,0.5010351966873706,1.0,0.002070393374741201,0.004132231404958678,0.656586716957025,0.13444671513184595,0.13444671513184595,0.04426623979796273,0.0,0.9979296066252588,1,0,8517,482,0.04882675036787987,482000,53.55555555555556,0.325,0.00011111111111111112,RulesOnly
0.9464444444444444,0.5010351966873706,1.0,0.002070393374741201,0.004132231404958678,0.656586716957025,0.13444671513184595,0.13444671513184595,0.04426623979796273,0.0,0.9979296066252588,1,0,8517,482,0.04882675036787987,482000,53.55555555555556,0.335,0.00011111111111111112,RulesOnly
0.9464444444444444,0.5010351966873706,1.0,0.002070393374741201,0.004132231404958678,0.656586716957025,0.13444671513184595,0.13444671513184595,0.04426623979796273,0.0,0.9979296066252588,1,0,8517,482,0.04882675036787987,482000,53.55555555555556,0.34500000000000003,0.00011111111111111112,RulesOnly
0.9464444444444444,0.5010351966873706,1.0,0.002070393374741201,0.004132231404958678,0.656586716957025,0.13444671513184595,0.13444671513184595,0.04426623979796273,0.0,0.9979296066252588,1,0,8517,482,0.04882675036787987,482000,53.55555555555556,0.35500000000000004,0.00011111111111111112,RulesOnly
0.9464444444444444,0.5010351966873706,1.0,0.002070393374741201,0.004132231404958678,0.656586716957025,0.13444671513184595,0.13444671513184595,0.04426623979796273,0.0,0.9979296066252588,1,0,8517,482,0.04882675036787987,482000,53.55555555555556,0.365,0.00011111111111111112,RulesOnly
0.9464444444444444,0.5010351966873706,1.0,0.002070393374741201,0.004132231404958678,0.656586716957025,0.13444671513184595,0.13444671513184595,0.04426623979796273,0.0,0.9979296066252588,1,0,8517,482,0.04882675036787987,482000,53.55555555555556,0.375,0.00011111111111111112,RulesOnly
0.9464444444444444,0.5010351966873706,1.0,0.002070393374741201,0.004132231404958678,0.656586716957025,0.13444671513184595,0.13444671513184595,0.04426623979796273,0.0,0.9979296066252588,1,0,8517,482,0.04882675036787987,482000,53.55555555555556,0.385,0.00011111111111111112,RulesOnly
0.9464444444444444,0.5010351966873706,1.0,0.002070393374741201,0.004132231404958678,0.656586716957025,0.13444671513184595,0.13444671513184595,0.04426623979796273,0.0,0.9979296066252588,1,0,8517,482,0.04882675036787987,482000,53.55555555555556,0.395,0.00011111111111111112,RulesOnly
0.9464444444444444,0.5010351966873706,1.0,0.002070393374741201,0.004132231404958678,0.656586716957025,0.13444671513184595,0.13444671513184595,0.04426623979796273,0.0,0.9979296066252588,1,0,8517,482,0.04882675036787987,482000,53.55555555555556,0.405,0.00011111111111111112,RulesOnly
0.9464444444444444,0.5010351966873706,1.0,0.002070393374741201,0.004132231404958678,0.656586716957025,0.13444671513184595,0.13444671513184595,0.04426623979796273,0.0,0.9979296066252588,1,0,8517,482,0.04882675036787987,482000,53.55555555555556,0.41500000000000004,0.00011111111111111112,RulesOnly
0.9464444444444444,0.5010351966873706,1.0,0.002070393374741201,0.004132231404958678,0.656586716957025,0.13444671513184595,0.13444671513184595,0.04426623979796273,0.0,0.9979296066252588,1,0,8517,482,0.04882675036787987,482000,53.55555555555556,0.425,0.00011111111111111112,RulesOnly
0.9464444444444444,0.5010351966873706,1.0,0.002070393374741201,0.004132231404958678,0.656586716957025,0.13444671513184595,0.13444671513184595,0.04426623979796273,0.0,0.9979296066252588,1,0,8517,482,0.04882675036787987,482000,53.55555555555556,0.435,0.00011111111111111112,RulesOnly
0.9464444444444444,0.5010351966873706,1.0,0.002070393374741201,0.004132231404958678,0.656586716957025,0.13444671513184595,0.13444671513184595,0.04426623979796273,0.0,0.9979296066252588,1,0,8517,482,0.04882675036787987,482000,53.55555555555556,0.445,0.00011111111111111112,RulesOnly
0.9464444444444444,0.5010351966873706,1.0,0.002070393374741201,0.004132231404958678,0.656586716957025,0.13444671513184595,0.13444671513184595,0.04426623979796273,0.0,0.9979296066252588,1,0,8517,482,0.04882675036787987,482000,53.55555555555556,0.455,0.00011111111111111112,RulesOnly
0.9464444444444444,0.5010351966873706,1.0,0.002070393374741201,0.004132231404958678,0.656586716957025,0.13444671513184595,0.13444671513184595,0.04426623979796273,0.0,0.9979296066252588,1,0,8517,482,0.04882675036787987,482000,53.55555555555556,0.465,0.00011111111111111112,RulesOnly
0.9464444444444444,0.5010351966873706,1.0,0.002070393374741201,0.004132231404958678,0.656586716957025,0.13444671513184595,0.13444671513184595,0.04426623979796273,0.0,0.9979296066252588,1,0,8517,482,0.04882675036787987,482000,53.55555555555556,0.47500000000000003,0.00011111111111111112,RulesOnly
0.9464444444444444,0.5010351966873706,1.0,0.002070393374741201,0.004132231404958678,0.656586716957025,0.13444671513184595,0.13444671513184595,0.04426623979796273,0.0,0.9979296066252588,1,0,8517,482,0.04882675036787987,482000,53.55555555555556,0.485,0.00011111111111111112,RulesOnly
0.9464444444444444,0.5010351966873706,1.0,0.002070393374741201,0.004132231404958678,0.656586716957025,0.13444671513184595,0.13444671513184595,0.04426623979796273,0.0,0.9979296066252588,1,0,8517,482,0.04882675036787987,482000,53.55555555555556,0.495,0.00011111111111111112,RulesOnly
0.9464444444444444,0.5010351966873706,1.0,0.002070393374741201,0.004132231404958678,0.656586716957025,0.13444671513184595,0.13444671513184595,0.04426623979796273,0.0,0.9979296066252588,1,0,8517,482,0.04882675036787987,482000,53.55555555555556,0.505,0.00011111111111111112,RulesOnly
0.9464444444444444,0.5010351966873706,1.0,0.002070393374741201,0.004132231404958678,0.656586716957025,0.13444671513184595,0.13444671513184595,0.04426623979796273,0.0,0.9979296066252588,1,0,8517,482,0.04882675036787987,482000,53.55555555555556,0.515,0.00011111111111111112,RulesOnly
0.9464444444444444,0.5010351966873706,1.0,0.002070393374741201,0.004132231404958678,0.656586716957025,0.13444671513184595,0.13444671513184595,0.04426623979796273,0.0,0.9979296066252588,1,0,8517,482,0.04882675036787987,482000,53.55555555555556,0.525,0.00011111111111111112,RulesOnly
0.9464444444444444,0.5010351966873706,1.0,0.002070393374741201,0.004132231404958678,0.656586716957025,0.13444671513184595,0.13444671513184595,0.04426623979796273,0.0,0.9979296066252588,1,0,8517,482,0.04882675036787987,482000,53.55555555555556,0.535,0.00011111111111111112,RulesOnly
0.9464444444444444,0.5010351966873706,1.0,0.002070393374741201,0.004132231404958678,0.656586716957025,0.13444671513184595,0.13444671513184595,0.04426623979796273,0.0,0.9979296066252588,1,0,8517,482,0.04882675036787987,482000,53.55555555555556,0.545,0.00011111111111111112,RulesOnly
0.9464444444444444,0.5010351966873706,1.0,0.002070393374741201,0.004132231404958678,0.656586716957025,0.13444671513184595,0.13444671513184595,0.04426623979796273,0.0,0.9979296066252588,1,0,8517,482,0.04882675036787987,482000,53.55555555555556,0.555,0.00011111111111111112,RulesOnly
0.9464444444444444,0.5010351966873706,1.0,0.002070393374741201,0.004132231404958678,0.656586716957025,0.13444671513184595,0.13444671513184595,0.04426623979796273,0.0,0.9979296066252588,1,0,8517,482,0.04882675036787987,482000,53.55555555555556,0.5650000000000001,0.00011111111111111112,RulesOnly
0.9464444444444444,0.5010351966873706,1.0,0.002070393374741201,0.004132231404958678,0.656586716957025,0.13444671513184595,0.13444671513184595,0.04426623979796273,0.0,0.9979296066252588,1,0,8517,482,0.04882675036787987,482000,53.55555555555556,0.5750000000000001,0.00011111111111111112,RulesOnly
0.9464444444444444,0.5010351966873706,1.0,0.002070393374741201,0.004132231404958678,0.656586716957025,0.13444671513184595,0.13444671513184595,0.04426623979796273,0.0,0.9979296066252588,1,0,8517,482,0.04882675036787987,482000,53.55555555555556,0.585,0.00011111111111111112,RulesOnly
0.9464444444444444,0.5010351966873706,1.0,0.002070393374741201,0.004132231404958678,0.656586716957025,0.13444671513184595,0.13444671513184595,0.04426623979796273,0.0,0.9979296066252588,1,0,8517,482,0.04882675036787987,482000,53.55555555555556,0.595,0.00011111111111111112,RulesOnly
0.9464444444444444,0.5010351966873706,1.0,0.002070393374741201,0.004132231404958678,0.656586716957025,0.13444671513184595,0.13444671513184595,0.04426623979796273,0.0,0.9979296066252588,1,0,8517,482,0.04882675036787987,482000,53.55555555555556,0.605,0.00011111111111111112,RulesOnly
0.9464444444444444,0.5010351966873706,1.0,0.002070393374741201,0.004132231404958678,0.656586716957025,0.13444671513184595,0.13444671513184595,0.04426623979796273,0.0,0.9979296066252588,1,0,8517,482,0.04882675036787987,482000,53.55555555555556,0.615,0.00011111111111111112,RulesOnly
0.9464444444444444,0.5010351966873706,1.0,0.002070393374741201,0.004132231404958678,0.656586716957025,0.13444671513184595,0.13444671513184595,0.04426623979796273,0.0,0.9979296066252588,1,0,8517,482,0.04882675036787987,482000,53.55555555555556,0.625,0.00011111111111111112,RulesOnly
0.9464444444444444,0.5010351966873706,1.0,0.002070393374741201,0.004132231404958678,0.656586716957025,0.13444671513184595,0.13444671513184595,0.04426623979796273,0.0,0.9979296066252588,1,0,8517,482,0.04882675036787987,482000,53.55555555555556,0.635,0.00011111111111111112,RulesOnly
0.9464444444444444,0.5010351966873706,1.0,0.002070393374741201,0.004132231404958678,0.656586716957025,0.13444671513184595,0.13444671513184595,0.04426623979796273,0.0,0.9979296066252588,1,0,8517,482,0.04882675036787987,482000,53.55555555555556,0.645,0.00011111111111111112,RulesOnly
0.9464444444444444,0.5010351966873706,1.0,0.002070393374741201,0.004132231404958678,0.656586716957025,0.13444671513184595,0.13444671513184595,0.04426623979796273,0.0,0.9979296066252588,1,0,8517,482,0.04882675036787987,482000,53.55555555555556,0.655,0.00011111111111111112,RulesOnly
0.9464444444444444,0.5010351966873706,1.0,0.002070393374741201,0.004132231404958678,0.656586716957025,0.13444671513184595,0.13444671513184595,0.04426623979796273,0.0,0.9979296066252588,1,0,8517,482,0.04882675036787987,482000,53.55555555555556,0.665,0.00011111111111111112,RulesOnly
0.9464444444444444,0.5010351966873706,1.0,0.002070393374741201,0.004132231404958678,0.656586716957025,0.13444671513184595,0.13444671513184595,0.04426623979796273,0.0,0.9979296066252588,1,0,8517,482,0.04882675036787987,482000,53.55555555555556,0.675,0.00011111111111111112,RulesOnly
0.9464444444444444,0.5010351966873706,1.0,0.002070393374741201,0.004132231404958678,0.656586716957025,0.13444671513184595,0.13444671513184595,0.04426623979796273,0.0,0.9979296066252588,1,0,8517,482,0.04882675036787987,482000,53.55555555555556,0.685,0.00011111111111111112,RulesOnly
0.9464444444444444,0.5010351966873706,1.0,0.002070393374741201,0.004132231404958678,0.656586716957025,0.13444671513184595,0.13444671513184595,0.04426623979796273,0.0,0.9979296066252588,1,0,8517,482,0.04882675036787987,482000,53.55555555555556,0.6950000000000001,0.00011111111111111112,RulesOnly
0.9464444444444444,0.5010351966873706,1.0,0.002070393374741201,0.004132231404958678,0.656586716957025,0.13444671513184595,0.13444671513184595,0.04426623979796273,0.0,0.9979296066252588,1,0,8517,482,0.04882675036787987,482000,53.55555555555556,0.7050000000000001,0.00011111111111111112,RulesOnly
0.9464444444444444,0.5010351966873706,1.0,0.002070393374741201,0.004132231404958678,0.656586716957025,0.13444671513184595,0.13444671513184595,0.04426623979796273,0.0,0.9979296066252588,1,0,8517,482,0.04882675036787987,482000,53.55555555555556,0.715,0.00011111111111111112,RulesOnly
0.9464444444444444,0.5010351966873706,1.0,0.002070393374741201,0.004132231404958678,0.656586716957025,0.13444671513184595,0.13444671513184595,0.04426623979796273,0.0,0.9979296066252588,1,0,8517,482,0.04882675036787987,482000,53.55555555555556,0.725,0.00011111111111111112,RulesOnly
0.9464444444444444,0.5010351966873706,1.0,0.002070393374741201,0.004132231404958678,0.656586716957025,0.13444671513184595,0.13444671513184595,0.04426623979796273,0.0,0.9979296066252588,1,0,8517,482,0.04882675036787987,482000,53.55555555555556,0.735,0.00011111111111111112,RulesOnly
0.9464444444444444,0.5010351966873706,1.0,0.002070393374741201,0.004132231404958678,0.656586716957025,0.13444671513184595,0.13444671513184595,0.04426623979796273,0.0,0.9979296066252588,1,0,8517,482,0.04882675036787987,482000,53.55555555555556,0.745,0.00011111111111111112,RulesOnly
0.9464444444444444,0.5010351966873706,1.0,0.002070393374741201,0.004132231404958678,0.656586716957025,0.13444671513184595,0.13444671513184595,0.04426623979796273,0.0,0.9979296066252588,1,0,8517,482,0.04882675036787987,482000,53.55555555555556,0.755,0.00011111111111111112,RulesOnly
0.9464444444444444,0.5010351966873706,1.0,0.002070393374741201,0.004132231404958678,0.656586716957025,0.13444671513184595,0.13444671513184595,0.04426623979796273,0.0,0.9979296066252588,1,0,8517,482,0.04882675036787987,482000,53.55555555555556,0.765,0.00011111111111111112,RulesOnly
0.9464444444444444,0.5010351966873706,1.0,0.002070393374741201,0.004132231404958678,0.656586716957025,0.13444671513184595,0.13444671513184595,0.04426623979796273,0.0,0.9979296066252588,1,0,8517,482,0.04882675036787987,482000,53.55555555555556,0.775,0.00011111111111111112,RulesOnly
0.9464444444444444,0.5010351966873706,1.0,0.002070393374741201,0.004132231404958678,0.656586716957025,0.13444671513184595,0.13444671513184595,0.04426623979796273,0.0,0.9979296066252588,1,0,8517,482,0.04882675036787987,482000,53.55555555555556,0.785,0.00011111111111111112,RulesOnly
0.9464444444444444,0.5010351966873706,1.0,0.002070393374741201,0.004132231404958678,0.656586716957025,0.13444671513184595,0.13444671513184595,0.04426623979796273,0.0,0.9979296066252588,1,0,8517,482,0.04882675036787987,482000,53.55555555555556,0.795,0.00011111111111111112,RulesOnly
0.9464444444444444,0.5010351966873706,1.0,0.002070393374741201,0.004132231404958678,0.656586716957025,0.13444671513184595,0.13444671513184595,0.04426623979796273,0.0,0.9979296066252588,1,0,8517,482,0.04882675036787987,482000,53.55555555555556,0.805,0.00011111111111111112,RulesOnly
0.9464444444444444,0.5010351966873706,1.0,0.002070393374741201,0.004132231404958678,0.656586716957025,0.13444671513184595,0.13444671513184595,0.04426623979796273,0.0,0.9979296066252588,1,0,8517,482,0.04882675036787987,482000,53.55555555555556,0.8150000000000001,0.00011111111111111112,RulesOnly
0.9464444444444444,0.5010351966873706,1.0,0.002070393374741201,0.004132231404958678,0.656586716957025,0.13444671513184595,0.13444671513184595,0.04426623979796273,0.0,0.9979296066252588,1,0,8517,482,0.04882675036787987,482000,53.55555555555556,0.8250000000000001,0.00011111111111111112,RulesOnly
0.9464444444444444,0.5010351966873706,1.0,0.002070393374741201,0.004132231404958678,0.656586716957025,0.13444671513184595,0.13444671513184595,0.04426623979796273,0.0,0.9979296066252588,1,0,8517,482,0.04882675036787987,482000,53.55555555555556,0.8350000000000001,0.00011111111111111112,RulesOnly
0.9464444444444444,0.5010351966873706,1.0,0.002070393374741201,0.004132231404958678,0.656586716957025,0.13444671513184595,0.13444671513184595,0.04426623979796273,0.0,0.9979296066252588,1,0,8517,482,0.04882675036787987,482000,53.55555555555556,0.845,0.00011111111111111112,RulesOnly
0.9464444444444444,0.5010351966873706,1.0,0.002070393374741201,0.004132231404958678,0.656586716957025,0.13444671513184595,0.13444671513184595,0.04426623979796273,0.0,0.9979296066252588,1,0,8517,482,0.04882675036787987,482000,53.55555555555556,0.855,0.00011111111111111112,RulesOnly
0.9464444444444444,0.5010351966873706,1.0,0.002070393374741201,0.004132231404958678,0.656586716957025,0.13444671513184595,0.13444671513184595,0.04426623979796273,0.0,0.9979296066252588,1,0,8517,482,0.04882675036787987,482000,53.55555555555556,0.865,0.00011111111111111112,RulesOnly
0.9464444444444444,0.5010351966873706,1.0,0.002070393374741201,0.004132231404958678,0.656586716957025,0.13444671513184595,0.13444671513184595,0.04426623979796273,0.0,0.9979296066252588,1,0,8517,482,0.04882675036787987,482000,53.55555555555556,0.875,0.00011111111111111112,RulesOnly
0.9464444444444444,0.5010351966873706,1.0,0.002070393374741201,0.004132231404958678,0.656586716957025,0.13444671513184595,0.13444671513184595,0.04426623979796273,0.0,0.9979296066252588,1,0,8517,482,0.04882675036787987,482000,53.55555555555556,0.885,0.00011111111111111112,RulesOnly
0.9464444444444444,0.5010351966873706,1.0,0.002070393374741201,0.004132231404958678,0.656586716957025,0.13444671513184595,0.13444671513184595,0.04426623979796273,0.0,0.9979296066252588,1,0,8517,482,0.04882675036787987,482000,53.55555555555556,0.895,0.00011111111111111112,RulesOnly
0.9464444444444444,0.5010351966873706,1.0,0.002070393374741201,0.004132231404958678,0.656586716957025,0.13444671513184595,0.13444671513184595,0.04426623979796273,0.0,0.9979296066252588,1,0,8517,482,0.04882675036787987,482000,53.55555555555556,0.905,0.00011111111111111112,RulesOnly
0.9464444444444444,0.5010351966873706,1.0,0.002070393374741201,0.004132231404958678,0.656586716957025,0.13444671513184595,0.13444671513184595,0.04426623979796273,0.0,0.9979296066252588,1,0,8517,482,0.04882675036787987,482000,53.55555555555556,0.915,0.00011111111111111112,RulesOnly
0.9464444444444444,0.5010351966873706,1.0,0.002070393374741201,0.004132231404958678,0.656586716957025,0.13444671513184595,0.13444671513184595,0.04426623979796273,0.0,0.9979296066252588,1,0,8517,482,0.04882675036787987,482000,53.55555555555556,0.925,0.00011111111111111112,RulesOnly
0.9464444444444444,0.5010351966873706,1.0,0.002070393374741201,0.004132231404958678,0.656586716957025,0.13444671513184595,0.13444671513184595,0.04426623979796273,0.0,0.9979296066252588,1,0,8517,482,0.04882675036787987,482000,53.55555555555556,0.935,0.00011111111111111112,RulesOnly
0.9464444444444444,0.5010351966873706,1.0,0.002070393374741201,0.004132231404958678,0.656586716957025,0.13444671513184595,0.13444671513184595,0.04426623979796273,0.0,0.9979296066252588,1,0,8517,482,0.04882675036787987,482000,53.55555555555556,0.9450000000000001,0.00011111111111111112,RulesOnly
0.9464444444444444,0.5010351966873706,1.0,0.002070393374741201,0.004132231404958678,0.656586716957025,0.13444671513184595,0.13444671513184595,0.04426623979796273,0.0,0.9979296066252588,1,0,8517,482,0.04882675036787987,482000,53.55555555555556,0.9550000000000001,0.00011111111111111112,RulesOnly
0.9464444444444444,0.5010351966873706,1.0,0.002070393374741201,0.004132231404958678,0.656586716957025,0.13444671513184595,0.13444671513184595,0.04426623979796273,0.0,0.9979296066252588,1,0,8517,482,0.04882675036787987,482000,53.55555555555556,0.965,0.00011111111111111112,RulesOnly
0.9464444444444444,0.5010351966873706,1.0,0.002070393374741201,0.004132231404958678,0.656586716957025,0.13444671513184595,0.13444671513184595,0.04426623979796273,0.0,0.9979296066252588,1,0,8517,482,0.04882675036787987,482000,53.55555555555556,0.975,0.00011111111111111112,RulesOnly
0.9464444444444444,0.5010351966873706,1.0,0.002070393374741201,0.004132231404958678,0.656586716957025,0.13444671513184595,0.13444671513184595,0.04426623979796273,0.0,0.9979296066252588,1,0,8517,482,0.04882675036787987,482000,53.55555555555556,0.985,0.00011111111111111112,RulesOnly
0.9464444444444444,0.5010351966873706,1.0,0.002070393374741201,0.004132231404958678,0.656586716957025,0.13444671513184595,0.13444671513184595,0.04426623979796273,0.0,0.9979296066252588,1,0,8517,482,0.04882675036787987,482000,53.55555555555556,0.995,0.00011111111111111112,RulesOnly
0.9464444444444444,0.5010351966873706,1.0,0.002070393374741201,0.004132231404958678,0.656586716957025,0.13444671513184595,0.13444671513184595,0.04426623979796273,0.0,0.9979296066252588,1,0,8517,482,0.04882675036787987,482000,53.55555555555556,1.0,0.00011111111111111112,RulesOnly
0.9463333333333334,0.5,0.0,0.0,0.0,0.656586716957025,0.13444671513184595,0.13444671513184595,0.0,0.0,1.0,0,0,8517,483,0.04882675036787987,483000,53.666666666666664,1.000001,0.0,RulesOnly
0.05366666666666667,0.5,0.05366666666666667,1.0,0.1018664979436887,0.5892394968922221,0.07911964190704257,0.07911964190704257,0.0,1.0,0.0,483,8517,0,0,0.05049868765211451,170340,18.926666666666666,0.005,1.0,IsolationForest
0.05366666666666667,0.5,0.05366666666666667,1.0,0.1018664979436887,0.5892394968922221,0.07911964190704257,0.07911964190704257,0.0,1.0,0.0,483,8517,0,0,0.05049868765211451,170340,18.926666666666666,0.008506407551651102,1.0,IsolationForest
0.058333333333333334,0.501489166351258,0.053818669048682446,0.9979296066252588,0.10212946286682911,0.5892394968922221,0.07911964190704257,0.07911964190704257,0.00962291652415949,0.9949512739227427,0.002070393374741201,482,8474,43,1,0.05049868765211451,170480,18.942222222222224,0.015,0.9951111111111111,IsolationForest
0.06577777777777778,0.5044459856319513,0.054124001350286936,0.9958592132505176,0.10266808964781217,0.5892394968922221,0.07911964190704257,0.07911964190704257,0.017996917578413787,0.986967241986615,0.004140786749482402,481,8406,111,2,0.05049868765211451,170120,18.90222222222222,0.018275718390737567,0.9874444444444445,IsolationForest
0.07666666666666666,0.5033637511239851,0.054017094017094015,0.9813664596273292,0.10239792611795204,0.5892394968922221,0.07911964190704257,0.07911964190704257,0.00971082033146585,0.9746389573793589,0.018633540372670808,474,8301,216,9,0.05049868765211451,175020,19.446666666666665,0.02108074747479485,0.975,IsolationForest
0.08833333333333333,0.5056219311468404,0.05425998614638652,0.9730848861283644,0.10278840896664845,0.5892394968922221,0.07911964190704257,0.07911964190704257,0.013327999483131443,0.9618410238346836,0.026915113871635612,470,8192,325,13,0.05049868765211451,176840,19.648888888888887,0.02294540855331385,0.9624444444444444,IsolationForest
0.10011111111111111,0.5089153078570663,0.05461988304093567,0.9668737060041408,0.1033986493966567,0.5892394968922221,0.07911964190704257,0.07911964190704257,0.018437155345665125,0.9490430902900082,0.033126293995859216,467,8083,434,16,0.05049868765211451,177660,19.74,0.024407418609727165,0.95,IsolationForest
0.10577777777777778,0.5119093198331142,0.054947640898929284,0.9668737060041408,0.10398574927633042,0.5892394968922221,0.07911964190704257,0.07911964190704257,0.023411598407621893,0.9430550663379124,0.033126293995859216,467,8032,485,16,0.05049868765211451,176640,19.626666666666665,0.025,0.9443333333333334,IsolationForest
0.11244444444444444,0.5144551962935656,0.05523290269052981,0.9648033126293996,0.10448430493273543,0.5892394968922221,0.07911964190704257,0.07911964190704257,0.026904359422977846,0.9358929200422684,0.035196687370600416,466,7971,546,17,0.05049868765211451,176420,19.602222222222224,0.025581728219669957,0.9374444444444444,IsolationForest
0.12422222222222222,0.5177485730037914,0.055615615615615614,0.9585921325051759,0.10513169845594914,0.5892394968922221,0.07911964190704257,0.07911964190704257,0.03037150537420805,0.923094986497593,0.041407867494824016,463,7862,655,20,0.05049868765211451,177240,19.69333333333333,0.02666682212861582,0.925,IsolationForest
0.13633333333333333,0.5221945586357427,0.05613735996103263,0.9544513457556936,0.10603795284646349,0.5892394968922221,0.07911964190704257,0.07911964190704257,0.035392058127698786,0.910062228484208,0.045548654244306416,461,7751,766,22,0.05049868765211451,177020,19.66888888888889,0.027719314400521184,0.9124444444444444,IsolationForest
0.1481111111111111,0.5254879353459686,0.05654320987654321,0.94824016563147,0.10672259116858908,0.5892394968922221,0.07911964190704257,0.07911964190704257,0.03829285765079917,0.8972642949395327,0.051759834368530024,458,7642,875,25,0.05049868765211451,177840,19.76,0.02867441908517787,0.9,IsolationForest
0.16,0.5288400181733719,0.05696757230499562,0.9420289855072463,0.10743801652892562,0.5892394968922221,0.07911964190704257,0.07911964190704257,0.04112878210495889,0.8843489491605026,0.057971014492753624,455,7532,985,28,0.05049868765211451,178640,19.84888888888889,0.02962698048970101,0.8874444444444445,IsolationForest
0.1708888888888889,0.5277577836654057,0.05688888888888889,0.927536231884058,0.10720268006700168,0.5892394968922221,0.07911964190704257,0.07911964190704257,0.03782945886291422,0.8720206645532464,0.07246376811594203,448,7427,1090,35,0.05049868765211451,183540,20.393333333333334,0.030672620633264328,0.875,IsolationForest
0.18188888888888888,0.526734255274617,0.056815253800566866,0.9130434782608695,0.10697392359005457,0.5892394968922221,0.07911964190704257,0.07911964190704257,0.03498386865109913,0.8595749677116356,0.08695652173913043,441,7321,1196,42,0.05049868765211451,188420,20.935555555555556,0.03146168025748091,0.8624444444444445,IsolationForest
0.1932222222222222,0.5278398263757469,0.056993464052287585,0.9026915113871635,0.10721750891429978,0.5892394968922221,0.07911964190704257,0.07911964190704257,0.03514113669248143,0.8470118586356699,0.09730848861283643,436,7214,1303,47,0.05049868765211451,191280,21.253333333333334,0.03218283579624893,0.85,IsolationForest
0.20444444444444446,0.5279102007895061,0.05705187740480297,0.8902691511387164,0.10723192019950123,0.5892394968922221,0.07911964190704257,0.07911964190704257,0.034094821794514646,0.8344487495597042,0.10973084886128365,430,7107,1410,53,0.05049868765211451,195140,21.682222222222222,0.03274124064042228,0.8374444444444444,IsolationForest
0.2157777777777778,0.529015771890636,0.05723905723905724,0.8799171842650103,0.1074860900354072,0.5892394968922221,0.07911964190704257,0.07911964190704257,0.03441854482733621,0.8218856404837384,0.12008281573498965,425,7000,1517,58,0.05049868765211451,198000,22.0,0.033375139327481186,0.825,IsolationForest
0.22722222222222221,0.5301800491089432,0.057439824945295405,0.8695652173913043,0.1077613855035279,0.5892394968922221,0.07911964190704257,0.07911964190704257,0.034846768828012416,0.8092051191734179,0.13043478260869565,420,6892,1625,63,0.05049868765211451,200840,22.315555555555555,0.033904668551584506,0.8124444444444444,IsolationForest
0.23877777777777778,0.5323795230146211,0.057777777777777775,0.8612836438923396,0.10829103214890017,0.5892394968922221,0.07911964190704257,0.07911964190704257,0.03648504033681294,0.7965245978630974,0.13871635610766045,416,6784,1733,67,0.05049868765211451,202680,22.52,0.03434356437370344,0.8,IsolationForest
0.24911111111111112,0.5280742862101883,0.057287992098207986,0.8405797101449275,0.1072655217965654,0.5892394968922221,0.07911964190704257,0.07911964190704257,0.030929073197784946,0.7844311377245509,0.15942028985507245,406,6681,1836,77,0.05049868765211451,210620,23.40222222222222,0.034857612849290585,0.7874444444444444,IsolationForest
0.2518888888888889,0.5285654485694304,0.05736543909348442,0.8385093167701864,0.10738432984223782,0.5892394968922221,0.07911964190704257,0.07911964190704257,0.03131011894261384,0.7813784196313256,0.16149068322981366,405,6655,1862,78,0.05049868765211451,211100,23.455555555555556,0.034999999999999996,0.7844444444444445,IsolationForest
0.26022222222222224,0.5280859545067702,0.05734767025089606,0.8281573498964804,0.10726736390453205,0.5892394968922221,0.07911964190704257,0.07911964190704257,0.030314572836754358,0.77198544088294,0.17184265010351968,400,6575,1942,83,0.05049868765211451,214500,23.833333333333332,0.03526584962831578,0.775,IsolationForest
0.2723333333333333,0.5325319401387214,0.05800058292043136,0.8240165631469979,0.10837304288631723,0.5892394968922221,0.07911964190704257,0.07911964190704257,0.034453047417262676,0.758952682869555,0.17598343685300208,398,6464,2053,85,0.05049868765211451,214280,23.808888888888887,0.035673716580214634,0.7624444444444445,IsolationForest
0.28344444444444444,0.5325436084353034,0.05807407407407408,0.8115942028985508,0.10839209180146551,0.5892394968922221,0.07911964190704257,0.07911964190704257,0.033874231017872215,0.7465069860279441,0.18840579710144928,392,6358,2159,91,0.05049868765211451,218160,24.24,0.03609524610264239,0.75,IsolationForest
0.2946666666666667,0.5326139828490626,0.05815880668976947,0.7991718426501035,0.10842696629213483,0.5892394968922221,0.07911964190704257,0.07911964190704257,0.03340665203753292,0.7339438769519784,0.20082815734989648,386,6251,2266,97,0.05049868765211451,222020,24.66888888888889,0.03643627605008256,0.7374444444444445,IsolationForest
0.3055555555555556,0.5315317483410964,0.058084291187739466,0.7846790890269151,0.108162100456621,0.5892394968922221,0.07911964190704257,0.07911964190704257,0.03182856631894448,0.7216155923447223,0.2153209109730849,379,6146,2371,104,0.05049868765211451,226920,25.213333333333335,0.036970383470746396,0.725,IsolationForest
0.3181111111111111,0.5381655395821436,0.05910792264504055,0.7846790890269151,0.10993473531544597,0.5892394968922221,0.07911964190704257,0.07911964190704257,0.03800488288986109,0.7083480098626277,0.2153209109730849,379,6033,2484,104,0.05049868765211451,224660,24.962222222222223,0.03741009286273628,0.7124444444444444,IsolationForest
0.32966666666666666,0.5403650134878216,0.05952380952380952,0.7763975155279503,0.11057054400707651,0.5892394968922221,0.07911964190704257,0.07911964190704257,0.0397008522518656,0.6956674885523072,0.2236024844720497,375,5925,2592,108,0.05049868765211451,226500,25.166666666666668,0.03780809608603686,0.7,IsolationForest
0.3397777777777778,0.5349658738788408,0.05883303701309197,0.7536231884057971,0.10914542728635683,0.5892394968922221,0.07911964190704257,0.07911964190704257,0.0339990159567809,0.6836914406481155,0.2463768115942029,364,5823,2694,119,0.05049868765211451,235460,26.162222222222223,0.03825611404225961,0.6874444444444444,IsolationForest
0.35,0.5306019309572306,0.058271604938271604,0.7329192546583851,0.10795974382433668,0.5892394968922221,0.07911964190704257,0.07911964190704257,0.029448260029567176,0.6717153927439239,0.2670807453416149,354,5721,2796,129,0.05049868765211451,243420,27.046666666666667,0.03871897121620176,0.675,IsolationForest
0.3612222222222222,0.5306723053709899,0.05836967460583697,0.7204968944099379,0.10799069045771915,0.5892394968922221,0.07911964190704257,0.07911964190704257,0.02923502256662759,0.6591522836679582,0.2795031055900621,348,5614,2903,135,0.05049868765211451,247280,27.475555555555555,0.03918763260727317,0.6624444444444444,IsolationForest
0.373,0.5339656820812158,0.05897435897435897,0.7142857142857143,0.10895310279488395,0.5892394968922221,0.07911964190704257,0.07911964190704257,0.03209622937426861,0.6463543501232828,0.2857142857142857,345,5505,3012,138,0.05049868765211451,248100,27.566666666666666,0.03958967807088719,0.65,IsolationForest
0.38555555555555554,0.540599473322263,0.060135959560746036,0.7142857142857143,0.11093247588424437,0.5892394968922221,0.07911964190704257,0.07911964190704257,0.03806416633867567,0.6330867676411882,0.2857142857142857,345,5392,3125,138,0.05049868765211451,245840,27.315555555555555,0.04009604914264306,0.6374444444444445,IsolationForest
0.3977777777777778,0.5460806556415849,0.06115555555555555,0.7122153209109731,0.11263916175507531,0.5892394968922221,0.07911964190704257,0.07911964190704257,0.04290099672669501,0.6200540096278032,0.28778467908902694,344,5281,3236,139,0.05049868765211451,244620,27.18,0.04052272012449556,0.625,IsolationForest
0.409,0.5461510300553442,0.06132075471698113,0.6997929606625258,0.11276063386155129,0.5892394968922221,0.07911964190704257,0.07911964190704257,0.04269582804175771,0.6074909005518375,0.3002070393374741,338,5174,3343,145,0.05049868765211451,248480,27.608888888888888,0.04096544417583796,0.6124444444444445,IsolationForest
0.4212222222222222,0.5516322123746661,0.062407407407407404,0.6977225672877847,0.11456739758626551,0.5892394968922221,0.07911964190704257,0.07911964190704257,0.04750283055975833,0.5944581425384525,0.3022774327122153,337,5063,3454,146,0.05049868765211451,247260,27.473333333333333,0.04145905370066785,0.6,IsolationForest
0.43244444444444446,0.5517025867884253,0.06260639303953093,0.6853002070393375,0.11473136915077989,0.5892394968922221,0.07911964190704257,0.07911964190704257,0.04733605132319474,0.5818950334624868,0.3146997929606625,331,4956,3561,152,0.05049868765211451,251120,27.90222222222222,0.04184808249142775,0.5874444444444444,IsolationForest
0.44355555555555554,0.5517142550850072,0.06280193236714976,0.6728778467908902,0.11488158359844468,0.5892394968922221,0.07911964190704257,0.07911964190704257,0.047150495510045506,0.5694493366208759,0.32712215320910976,325,4850,3667,158,0.05049868765211451,255000,28.333333333333332,0.04230643232911159,0.575,IsolationForest
0.4547777777777778,0.5517846294987664,0.0630185697352825,0.660455486542443,0.115058611361587,0.5892394968922221,0.07911964190704257,0.07911964190704257,0.04704883040721157,0.5568862275449101,0.33954451345755693,319,4743,3774,164,0.05049868765211451,258860,28.76222222222222,0.042773639012971834,0.5624444444444444,IsolationForest
0.4663333333333333,0.5539841034044444,0.06363636363636363,0.6521739130434783,0.11595803423522914,0.5892394968922221,0.07911964190704257,0.07911964190704257,0.04890831113752418,0.5442057062345896,0.34782608695652173,315,4635,3882,168,0.05049868765211451,260700,28.966666666666665,0.04324164202952664,0.55,IsolationForest
0.47755555555555557,0.5540544778182035,0.06388257184205086,0.639751552795031,0.1161654135338346,0.5892394968922221,0.07911964190704257,0.07911964190704257,0.04886380832720521,0.5316425971586239,0.36024844720496896,309,4528,3989,174,0.05049868765211451,264560,29.395555555555557,0.043650878998349796,0.5374444444444444,IsolationForest
0.49,0.5606295629420734,0.0653968253968254,0.639751552795031,0.1186635944700461,0.5892394968922221,0.07911964190704257,0.07911964190704257,0.05472204970963605,0.5184924269108842,0.36024844720496896,309,4416,4101,174,0.05049868765211451,262320,29.14666666666667,0.04403407979242911,0.525,IsolationForest
0.5018888888888889,0.5639816457694767,0.0663486556808326,0.6335403726708074,0.12011776251226691,0.5892394968922221,0.07911964190704257,0.07911964190704257,0.05769316078744329,0.505577081131854,0.36645962732919257,306,4306,4211,177,0.05049868765211451,263120,29.235555555555557,0.044417047060545195,0.5124444444444445,IsolationForest
0.513,0.5639933140660586,0.06666666666666667,0.6211180124223602,0.12040939193257075,0.5892394968922221,0.07911964190704257,0.07911964190704257,0.05768580701901506,0.49313138429024306,0.37888198757763975,300,4200,4317,183,0.05049868765211451,267000,29.666666666666668,0.044882508768889474,0.5,IsolationForest
0.5155555555555555,0.5643670641909458,0.06681564245810055,0.6190476190476191,0.12061315046389672,0.5892394968922221,0.07911964190704257,0.07911964190704257,0.058023613860579755,0.4903134906657274,0.38095238095238093,299,4176,4341,184,0.05049868765211451,267520,29.724444444444444,0.045,0.49722222222222223,IsolationForest
0.5244444444444445,0.566134081854559,0.06744133059922533,0.6128364389233955,0.12151067323481116,0.5892394968922221,0.07911964190704257,0.07911964190704257,0.05963371448974711,0.4805682752142773,0.38716356107660455,296,4093,4424,187,0.05049868765211451,268860,29.873333333333335,0.04541705159574188,0.4876666666666667,IsolationForest
0.536,0.5673570651900437,0.06807017543859649,0.6024844720496895,0.12232030264817148,0.5892394968922221,0.07911964190704257,0.07911964190704257,0.06079404981273505,0.46777034166960196,0.39751552795031053,291,3984,4533,192,0.05049868765211451,271680,30.186666666666667,0.04601052954532921,0.475,IsolationForest
0.5468888888888889,0.5662748306820775,0.06822003362959404,0.587991718426501,0.1222557038312527,0.5892394968922221,0.07911964190704257,0.07911964190704257,0.059910681854305675,0.4554420570623459,0.41200828157349895,284,3879,4638,199,0.05049868765211451,276580,30.73111111111111,0.0464707314343574,0.46255555555555555,IsolationForest
0.5587777777777778,0.5696269135094808,0.06938271604938272,0.5817805383022774,0.12397970439002869,0.5892394968922221,0.07911964190704257,0.07911964190704257,0.06308032429388884,0.4425267112833157,0.41821946169772256,281,3769,4748,202,0.05049868765211451,277380,30.82,0.0469707011347461,0.45,IsolationForest
0.5698888888888889,0.5696385818060627,0.06983240223463687,0.5693581780538303,0.12440624293146348,0.5892394968922221,0.07911964190704257,0.07911964190704257,0.0632700061177462,0.4300810144417048,0.4306418219461698,275,3663,4854,208,0.05049868765211451,281260,31.25111111111111,0.04751642756390938,0.43755555555555553,IsolationForest
0.5811111111111111,0.569708956219822,0.07032679738562092,0.556935817805383,0.12488393686165276,0.5892394968922221,0.07911964190704257,0.07911964190704257,0.06355717242469909,0.41751790536573913,0.44306418219461696,269,3556,4961,214,0.05049868765211451,285120,31.68,0.047997456330219436,0.425,IsolationForest
0.5915555555555555,0.5664389161027598,0.07002423915970914,0.5383022774327122,0.12392755004766444,0.5892394968922221,0.07911964190704257,0.07911964190704257,0.06082782579849036,0.4054244452271927,0.4616977225672878,260,3453,5064,223,0.05049868765211451,292060,32.45111111111111,0.04854823169849398,0.41255555555555556,IsolationForest
0.6034444444444444,0.569790998930163,0.07138888888888889,0.5320910973084886,0.12588782757776146,0.5892394968922221,0.07911964190704257,0.07911964190704257,0.06420933452780893,0.3925090994481625,0.46790890269151136,257,3343,5174,226,0.05049868765211451,292860,32.54,0.049084892732733164,0.4,IsolationForest
0.6145555555555555,0.5698026672267449,0.07196100917431193,0.5196687370600414,0.12641651976832033,0.5892394968922221,0.07911964190704257,0.07911964190704257,0.06457673150946339,0.3800634026065516,0.4803312629399586,251,3237,5280,232,0.05049868765211451,296740,32.971111111111114,0.04958028202382989,0.38755555555555554,IsolationForest
0.6251111111111111,0.5665913332268602,0.0717037037037037,0.5010351966873706,0.12545360290305857,0.5892394968922221,0.07911964190704257,0.07911964190704257,0.06199639586320614,0.36785253023365033,0.4989648033126294,242,3133,5384,241,0.05049868765211451,303660,33.74,0.050121002587480576,0.375,IsolationForest
0.6362222222222222,0.566603001523442,0.07232608029420778,0.4886128364389234,0.12600106780565937,0.5892394968922221,0.07911964190704257,0.07911964190704257,0.06244385754760947,0.35540683339203943,0.5113871635610766,236,3027,5490,247,0.05049868765211451,307540,34.17111111111111,0.050733966861126426,0.3625555555555556,IsolationForest
0.6474444444444445,0.5666733759372012,0.07301587301587302,0.47619047619047616,0.12661712083677404,0.5892394968922221,0.07911964190704257,0.07911964190704257,0.06300370951245321,0.34284372431607374,0.5238095238095238,230,2920,5597,253,0.05049868765211451,311400,34.6,0.05120293283637948,0.35,IsolationForest
0.6585555555555556,0.5666850442337831,0.07373271889400922,0.463768115942029,0.12723658051689862,0.5892394968922221,0.07911964190704257,0.07911964190704257,0.0635602296420503,0.33039802747446284,0.5362318840579711,224,2814,5703,259,0.05049868765211451,315280,35.03111111111111,0.05174980227530702,0.33755555555555555,IsolationForest
0.6695555555555556,0.5656615158429943,0.07418803418803419,0.4492753623188406,0.12734741784037557,0.5892394968922221,0.07911964190704257,0.07911964190704257,0.06318612362018837,0.31795233063285194,0.5507246376811594,217,2708,5809,266,0.05049868765211451,320160,35.57333333333333,0.05227257542256853,0.325,IsolationForest
0.6791111111111111,0.5580158645077401,0.07252044081052257,0.422360248447205,0.12378640776699029,0.5892394968922221,0.07911964190704257,0.07911964190704257,0.05641164038913725,0.3063285194317248,0.577639751552795,204,2609,5908,279,0.05049868765211451,331180,36.797777777777775,0.05276401960515077,0.31255555555555553,IsolationForest
0.6903333333333334,0.5580862389214993,0.07333333333333333,0.40993788819875776,0.1244109330819981,0.5892394968922221,0.07911964190704257,0.07911964190704257,0.057130494703904154,0.2937654103557591,0.5900621118012422,198,2502,6015,285,0.05049868765211451,335040,37.22666666666667,0.05322160860711849,0.3,IsolationForest
0.7016666666666667,0.5591918100226292,0.07457496136012365,0.3995859213250518,0.12569195701725822,0.5892394968922221,0.07911964190704257,0.07911964190704257,0.058942643876609184,0.28120230127979334,0.6004140786749482,193,2395,6122,290,0.05049868765211451,337900,37.544444444444444,0.05389218304271205,0.28755555555555556,IsolationForest
0.7128888888888889,0.5592621844363885,0.07555555555555556,0.38716356107660455,0.12643678160919541,0.5892394968922221,0.07911964190704257,0.07911964190704257,0.0598200374788835,0.26863919220382765,0.6128364389233955,187,2288,6229,296,0.05049868765211451,341760,37.973333333333336,0.05461811889788971,0.275,IsolationForest
0.7206666666666667,0.5594656503580344,0.07634543178973717,0.37888198757763975,0.12708333333333333,0.5892394968922221,0.07911964190704257,0.07911964190704257,0.060632907187168,0.25995068686157097,0.6211180124223602,183,2214,6303,300,0.05049868765211451,344280,38.25333333333333,0.055,0.2663333333333333,IsolationForest
0.7242222222222222,0.5603677555375184,0.07702073635209479,0.37681159420289856,0.12789880534082923,0.5892394968922221,0.07911964190704257,0.07911964190704257,0.0618349685428467,0.2560760831278619,0.6231884057971014,182,2181,6336,301,0.05049868765211451,344620,38.291111111111114,0.05523952920310125,0.26255555555555554,IsolationForest
0.7356666666666667,0.5615320327558255,0.07866666666666666,0.36645962732919257,0.12952799121844127,0.5892394968922221,0.07911964190704257,0.07911964190704257,0.06404791579009451,0.24339556181754138,0.6335403726708074,177,2073,6444,306,0.05049868765211451,347460,38.60666666666667,0.05597295008639702,0.25,IsolationForest
0.747,0.5626376038569554,0.08044901777362021,0.35610766045548653,0.13124761541396415,0.5892394968922221,0.07911964190704257,0.07911964190704257,0.06633653961568538,0.23083245274157568,0.6438923395445134,172,1966,6551,311,0.05049868765211451,350320,38.92444444444445,0.05671957551347572,0.23755555555555555,IsolationForest
0.7586666666666667,0.5648957838798108,0.08296296296296296,0.34782608695652173,0.1339712918660287,0.5892394968922221,0.07911964190704257,0.07911964190704257,0.07004525933945287,0.2180345191969003,0.6521739130434783,168,1857,6660,315,0.05049868765211451,352140,39.126666666666665,0.05754706491186196,0.225,IsolationForest
0.7695555555555555,0.5638135493718446,0.08416100365917407,0.3333333333333333,0.13439065108514192,0.5892394968922221,0.07911964190704257,0.07911964190704257,0.07030255105171573,0.20570623458964424,0.6666666666666666,161,1752,6765,322,0.05049868765211451,357040,39.67111111111111,0.05831674325642159,0.21255555555555555,IsolationForest
0.7805555555555556,0.5627900209810558,0.08555555555555555,0.3188405797101449,0.13491020586946997,0.5892394968922221,0.07911964190704257,0.07911964190704257,0.07075139578827916,0.19326053774803334,0.6811594202898551,154,1646,6871,329,0.05049868765211451,361920,40.21333333333333,0.05919532749835914,0.2,IsolationForest
0.791,0.5595199808639936,0.08590047393364929,0.3002070393374741,0.13357899585444497,0.5892394968922221,0.07911964190704257,0.07911964190704257,0.06872351354791856,0.18116707760948692,0.6997929606625258,145,1543,6974,338,0.05049868765211451,368860,40.98444444444444,0.06019539813960107,0.18755555555555556,IsolationForest
0.8018888888888889,0.5584377463560275,0.08756345177664974,0.2857142857142857,0.13404565322972317,0.5892394968922221,0.07911964190704257,0.07911964190704257,0.0693015990519927,0.16883879300223084,0.7142857142857143,138,1438,7079,345,0.05049868765211451,373760,41.528888888888886,0.061170549226281776,0.1751111111111111,IsolationForest
0.8138888888888889,0.5628250258708014,0.09289617486338798,0.2815734989648033,0.1397021058038007,0.5892394968922221,0.07911964190704257,0.07911964190704257,0.07672529687133713,0.15592344722320065,0.7184265010351967,136,1328,7189,347,0.05049868765211451,373560,41.50666666666667,0.06212875355292043,0.16266666666666665,IsolationForest
0.8247777777777778,0.560766300792642,0.09481481481481481,0.2650103519668737,0.13966175668303327,0.5892394968922221,0.07911964190704257,0.07911964190704257,0.07670295258417852,0.14347775038158977,0.7349896480331263,128,1222,7295,355,0.05049868765211451,379440,42.16,0.06343501323447376,0.15,IsolationForest
0.8356666666666667,0.5596840662846758,0.09773828756058159,0.2505175983436853,0.14061592097617664,0.5892394968922221,0.07911964190704257,0.07911964190704257,0.07810127920223148,0.13114946577433367,0.7494824016563147,121,1117,7400,362,0.05049868765211451,384340,42.70444444444445,0.06461237974540568,0.13755555555555554,IsolationForest
0.8394444444444444,0.5587506025581281,0.09849749582637729,0.2443064182194617,0.1403926234384295,0.5892394968922221,0.07911964190704257,0.07911964190704257,0.07795210151061306,0.12680521310320536,0.7556935817805382,118,1080,7437,365,0.05049868765211451,386600,42.955555555555556,0.065,0.13311111111111112,IsolationForest
0.8451111111111111,0.551003218262051,0.0951111111111111,0.22153209109730848,0.13308457711442787,0.5892394968922221,0.07911964190704257,0.07911964190704257,0.06950930126042859,0.11952565457320653,0.7784679089026915,107,1018,7499,376,0.05049868765211451,396360,44.04,0.0659369525811719,0.125,IsolationForest
0.8557777777777777,0.5488270809495368,0.09772951628825272,0.20496894409937888,0.1323529411764706,0.5892394968922221,0.07911964190704257,0.07911964190704257,0.06963235463730963,0.10731478220030527,0.7950310559006211,99,914,7603,384,0.05049868765211451,402280,44.69777777777778,0.06766985100174042,0.11255555555555556,IsolationForest
0.8665555555555555,0.5467096497542,0.10111111111111111,0.18840579710144928,0.13159797541576285,0.5892394968922221,0.07911964190704257,0.07911964190704257,0.07017618118837445,0.0949864975930492,0.8115942028985508,91,809,7708,392,0.05049868765211451,408180,45.35333333333333,0.06962223429342349,0.1,IsolationForest
0.877,0.5434396096371379,0.10406091370558376,0.16977225672877846,0.12903225806451613,0.5892394968922221,0.07911964190704257,0.07911964190704257,0.06927000507440711,0.08289303745450276,0.8302277432712215,82,706,7811,401,0.05049868765211451,415120,46.12444444444444,0.07177381987545235,0.08755555555555555,IsolationForest
0.8875555555555555,0.5402282756372531,0.10814814814814815,0.15113871635610765,0.1260794473229706,0.5892394968922221,0.07911964190704257,0.07911964190704257,0.06883895902228049,0.07068216508160151,0.8488612836438924,73,602,7915,410,0.05049868765211451,422040,46.89333333333333,0.07400551948626838,0.075,IsolationForest
0.8915555555555555,0.5384357335748671,0.10935023771790808,0.14285714285714285,0.12387791741472173,0.5892394968922221,0.07911964190704257,0.07911964190704257,0.06784699160609432,0.06598567570740871,0.8571428571428571,69,562,7955,414,0.05049868765211451,425240,47.24888888888889,0.07500000000000001,0.07011111111111111,IsolationForest
0.8977777777777778,0.5358643327156428,0.11190053285968028,0.13043478260869565,0.12045889101338432,0.5892394968922221,0.07911964190704257,0.07911964190704257,0.06675155966414832,0.05870611717740989,0.8695652173913043,63,500,8017,420,0.05049868765211451,430000,47.77777777777778,0.07665199183689948,0.06255555555555556,IsolationForest
0.909,0.5359347071294022,0.12666666666666668,0.11801242236024845,0.12218649517684889,0.5892394968922221,0.07911964190704257,0.07911964190704257,0.07431417829510421,0.04614300810144417,0.8819875776397516,57,393,8124,426,0.05049868765211451,433860,48.20666666666666,0.08014639226298469,0.05,IsolationForest
0.9181111111111111,0.5261012501850519,0.1242603550295858,0.08695652173913043,0.10231425091352009,0.5892394968922221,0.07911964190704257,0.07911964190704257,0.06187863918806038,0.03475402136902665,0.9130434782608695,42,296,8221,441,0.05049868765211451,446920,49.65777777777778,0.08479255117293186,0.03755555555555556,IsolationForest
0.9187777777777778,0.5264534868881163,0.12650602409638553,0.08695652173913043,0.10306748466257667,0.5892394968922221,0.07911964190704257,0.07911964190704257,0.06325594044043914,0.03404954796289773,0.9130434782608695,42,290,8227,441,0.05049868765211451,446800,49.644444444444446,0.085,0.03688888888888889,IsolationForest
0.9275555555555556,0.517420402162427,0.12444444444444444,0.057971014492753624,0.0790960451977401,0.5892394968922221,0.07911964190704257,0.07911964190704257,0.05029099635076217,0.023130210167899495,0.9420289855072463,28,197,8320,455,0.05049868765211451,458940,50.99333333333333,0.09241522316004723,0.025,IsolationForest
0.9303333333333333,0.5130291116707032,0.11702127659574468,0.045548654244306416,0.06557377049180328,0.5892394968922221,0.07911964190704257,0.07911964190704257,0.04106251278909127,0.01949043090290008,0.9544513457556936,22,166,8351,461,0.05049868765211451,464320,51.59111111111111,0.095,0.020888888888888887,IsolationForest
0.9366666666666666,0.5075869452180768,0.11504424778761062,0.026915113871635612,0.0436241610738255,0.5892394968922221,0.07911964190704257,0.07911964190704257,0.030711216604121683,0.011741223435481977,0.9730848861283644,13,100,8417,470,0.05049868765211451,472000,52.44444444444444,0.10407628460309991,0.012555555555555556,IsolationForest
0.9373333333333334,0.5079391819211413,0.12149532710280374,0.026915113871635612,0.0440677966101695,0.5892394968922221,0.07911964190704257,0.07911964190704257,0.033014642836696105,0.011036750029353058,0.9730848861283644,13,94,8423,470,0.05049868765211451,471880,52.431111111111115,0.10500000000000001,0.011888888888888888,IsolationForest
0.941,0.5040175403668367,0.11290322580645161,0.014492753623188406,0.025688073394495414,0.5892394968922221,0.07911964190704257,0.07911964190704257,0.02189228603694289,0.006457672889515088,0.9855072463768116,7,55,8462,476,0.05049868765211451,477100,53.01111111111111,0.115,0.006888888888888889,IsolationForest
0.9427777777777778,0.5030038571012888,0.11904761904761904,0.010351966873706004,0.019047619047619046,0.5892394968922221,0.07911964190704257,0.07911964190704257,0.019865338928746066,0.0043442526711283316,0.989648033126294,5,37,8480,478,0.05049868765211451,478740,53.193333333333335,0.125,0.004666666666666667,IsolationForest
0.9433333333333334,0.5003679159765964,0.06451612903225806,0.004140786749482402,0.007782101167315176,0.5892394968922221,0.07911964190704257,0.07911964190704257,0.0028303664850982397,0.0034049547962897732,0.9958592132505176,2,29,8488,481,0.05049868765211451,481580,53.50888888888889,0.135,0.0034444444444444444,IsolationForest
0.9444444444444444,0.49997848657817723,0.05263157894736842,0.002070393374741201,0.00398406374501992,0.5892394968922221,0.07911964190704257,0.07911964190704257,-0.00021125997725312265,0.0021134202183867557,0.9979296066252588,1,18,8499,482,0.05049868765211451,482360,53.595555555555556,0.14500000000000002,0.002111111111111111,IsolationForest
0.9451111111111111,0.4993542327110485,0.0,0.0,0.0,0.5892394968922221,0.07911964190704257,0.07911964190704257,-0.008330496650834627,0.0012915345779030175,1.0,0,11,8506,483,0.05049868765211451,483220,53.69111111111111,0.155,0.0012222222222222222,IsolationForest
0.9453333333333334,0.4994716449454033,0.0,0.0,0.0,0.5892394968922221,0.07911964190704257,0.07911964190704257,-0.007534379607469177,0.0010567101091933778,1.0,0,9,8508,483,0.05049868765211451,483180,53.68666666666667,0.165,0.001,IsolationForest
0.9458888888888889,0.49976517553129035,0.0,0.0,0.0,0.5892394968922221,0.07911964190704257,0.07911964190704257,-0.005021523668428871,0.0004696489374192791,1.0,0,4,8513,483,0.05049868765211451,483080,53.675555555555555,0.17500000000000002,0.00044444444444444447,IsolationForest
0.9458888888888889,0.49976517553129035,0.0,0.0,0.0,0.5892394968922221,0.07911964190704257,0.07911964190704257,-0.005021523668428871,0.0004696489374192791,1.0,0,4,8513,483,0.05049868765211451,483080,53.675555555555555,0.185,0.00044444444444444447,IsolationForest
0.946,0.49982388164846775,0.0,0.0,0.0,0.5892394968922221,0.07911964190704257,0.07911964190704257,-0.0043485253771186,0.0003522367030644593,1.0,0,3,8514,483,0.05049868765211451,483060,53.67333333333333,0.195,0.0003333333333333333,IsolationForest
0.9462222222222222,0.4999412938828226,0.0,0.0,0.0,0.5892394968922221,0.07911964190704257,0.07911964190704257,-0.002510343292522719,0.00011741223435481978,1.0,0,1,8516,483,0.05049868765211451,483020,53.66888888888889,0.20500000000000002,0.00011111111111111112,IsolationForest
0.9462222222222222,0.4999412938828226,0.0,0.0,0.0,0.5892394968922221,0.07911964190704257,0.07911964190704257,-0.002510343292522719,0.00011741223435481978,1.0,0,1,8516,483,0.05049868765211451,483020,53.66888888888889,0.215,0.00011111111111111112,IsolationForest
0.9462222222222222,0.4999412938828226,0.0,0.0,0.0,0.5892394968922221,0.07911964190704257,0.07911964190704257,-0.002510343292522719,0.00011741223435481978,1.0,0,1,8516,483,0.05049868765211451,483020,53.66888888888889,0.21600122446006043,0.00011111111111111112,IsolationForest
0.9463333333333334,0.5,0.0,0.0,0.0,0.5892394968922221,0.07911964190704257,0.07911964190704257,0.0,0.0,1.0,0,0,8517,483,0.05049868765211451,483000,53.666666666666664,0.225,0.0,IsolationForest
0.9463333333333334,0.5,0.0,0.0,0.0,0.5892394968922221,0.07911964190704257,0.07911964190704257,0.0,0.0,1.0,0,0,8517,483,0.05049868765211451,483000,53.666666666666664,0.23500000000000001,0.0,IsolationForest
0.9463333333333334,0.5,0.0,0.0,0.0,0.5892394968922221,0.07911964190704257,0.07911964190704257,0.0,0.0,1.0,0,0,8517,483,0.05049868765211451,483000,53.666666666666664,0.245,0.0,IsolationForest
0.9463333333333334,0.5,0.0,0.0,0.0,0.5892394968922221,0.07911964190704257,0.07911964190704257,0.0,0.0,1.0,0,0,8517,483,0.05049868765211451,483000,53.666666666666664,0.255,0.0,IsolationForest
0.9463333333333334,0.5,0.0,0.0,0.0,0.5892394968922221,0.07911964190704257,0.07911964190704257,0.0,0.0,1.0,0,0,8517,483,0.05049868765211451,483000,53.666666666666664,0.265,0.0,IsolationForest
0.9463333333333334,0.5,0.0,0.0,0.0,0.5892394968922221,0.07911964190704257,0.07911964190704257,0.0,0.0,1.0,0,0,8517,483,0.05049868765211451,483000,53.666666666666664,0.275,0.0,IsolationForest
0.9463333333333334,0.5,0.0,0.0,0.0,0.5892394968922221,0.07911964190704257,0.07911964190704257,0.0,0.0,1.0,0,0,8517,483,0.05049868765211451,483000,53.666666666666664,0.28500000000000003,0.0,IsolationForest
0.9463333333333334,0.5,0.0,0.0,0.0,0.5892394968922221,0.07911964190704257,0.07911964190704257,0.0,0.0,1.0,0,0,8517,483,0.05049868765211451,483000,53.666666666666664,0.295,0.0,IsolationForest
0.9463333333333334,0.5,0.0,0.0,0.0,0.5892394968922221,0.07911964190704257,0.07911964190704257,0.0,0.0,1.0,0,0,8517,483,0.05049868765211451,483000,53.666666666666664,0.305,0.0,IsolationForest
0.9463333333333334,0.5,0.0,0.0,0.0,0.5892394968922221,0.07911964190704257,0.07911964190704257,0.0,0.0,1.0,0,0,8517,483,0.05049868765211451,483000,53.666666666666664,0.315,0.0,IsolationForest
0.9463333333333334,0.5,0.0,0.0,0.0,0.5892394968922221,0.07911964190704257,0.07911964190704257,0.0,0.0,1.0,0,0,8517,483,0.05049868765211451,483000,53.666666666666664,0.325,0.0,IsolationForest
0.9463333333333334,0.5,0.0,0.0,0.0,0.5892394968922221,0.07911964190704257,0.07911964190704257,0.0,0.0,1.0,0,0,8517,483,0.05049868765211451,483000,53.666666666666664,0.335,0.0,IsolationForest
0.9463333333333334,0.5,0.0,0.0,0.0,0.5892394968922221,0.07911964190704257,0.07911964190704257,0.0,0.0,1.0,0,0,8517,483,0.05049868765211451,483000,53.666666666666664,0.34500000000000003,0.0,IsolationForest
0.9463333333333334,0.5,0.0,0.0,0.0,0.5892394968922221,0.07911964190704257,0.07911964190704257,0.0,0.0,1.0,0,0,8517,483,0.05049868765211451,483000,53.666666666666664,0.35500000000000004,0.0,IsolationForest
0.9463333333333334,0.5,0.0,0.0,0.0,0.5892394968922221,0.07911964190704257,0.07911964190704257,0.0,0.0,1.0,0,0,8517,483,0.05049868765211451,483000,53.666666666666664,0.365,0.0,IsolationForest
0.9463333333333334,0.5,0.0,0.0,0.0,0.5892394968922221,0.07911964190704257,0.07911964190704257,0.0,0.0,1.0,0,0,8517,483,0.05049868765211451,483000,53.666666666666664,0.375,0.0,IsolationForest
0.9463333333333334,0.5,0.0,0.0,0.0,0.5892394968922221,0.07911964190704257,0.07911964190704257,0.0,0.0,1.0,0,0,8517,483,0.05049868765211451,483000,53.666666666666664,0.385,0.0,IsolationForest
0.9463333333333334,0.5,0.0,0.0,0.0,0.5892394968922221,0.07911964190704257,0.07911964190704257,0.0,0.0,1.0,0,0,8517,483,0.05049868765211451,483000,53.666666666666664,0.395,0.0,IsolationForest
0.9463333333333334,0.5,0.0,0.0,0.0,0.5892394968922221,0.07911964190704257,0.07911964190704257,0.0,0.0,1.0,0,0,8517,483,0.05049868765211451,483000,53.666666666666664,0.405,0.0,IsolationForest
0.9463333333333334,0.5,0.0,0.0,0.0,0.5892394968922221,0.07911964190704257,0.07911964190704257,0.0,0.0,1.0,0,0,8517,483,0.05049868765211451,483000,53.666666666666664,0.41500000000000004,0.0,IsolationForest
0.9463333333333334,0.5,0.0,0.0,0.0,0.5892394968922221,0.07911964190704257,0.07911964190704257,0.0,0.0,1.0,0,0,8517,483,0.05049868765211451,483000,53.666666666666664,0.425,0.0,IsolationForest
0.9463333333333334,0.5,0.0,0.0,0.0,0.5892394968922221,0.07911964190704257,0.07911964190704257,0.0,0.0,1.0,0,0,8517,483,0.05049868765211451,483000,53.666666666666664,0.435,0.0,IsolationForest
0.9463333333333334,0.5,0.0,0.0,0.0,0.5892394968922221,0.07911964190704257,0.07911964190704257,0.0,0.0,1.0,0,0,8517,483,0.05049868765211451,483000,53.666666666666664,0.445,0.0,IsolationForest
0.9463333333333334,0.5,0.0,0.0,0.0,0.5892394968922221,0.07911964190704257,0.07911964190704257,0.0,0.0,1.0,0,0,8517,483,0.05049868765211451,483000,53.666666666666664,0.455,0.0,IsolationForest
0.9463333333333334,0.5,0.0,0.0,0.0,0.5892394968922221,0.07911964190704257,0.07911964190704257,0.0,0.0,1.0,0,0,8517,483,0.05049868765211451,483000,53.666666666666664,0.465,0.0,IsolationForest
0.9463333333333334,0.5,0.0,0.0,0.0,0.5892394968922221,0.07911964190704257,0.07911964190704257,0.0,0.0,1.0,0,0,8517,483,0.05049868765211451,483000,53.666666666666664,0.47500000000000003,0.0,IsolationForest
0.9463333333333334,0.5,0.0,0.0,0.0,0.5892394968922221,0.07911964190704257,0.07911964190704257,0.0,0.0,1.0,0,0,8517,483,0.05049868765211451,483000,53.666666666666664,0.485,0.0,IsolationForest
0.9463333333333334,0.5,0.0,0.0,0.0,0.5892394968922221,0.07911964190704257,0.07911964190704257,0.0,0.0,1.0,0,0,8517,483,0.05049868765211451,483000,53.666666666666664,0.495,0.0,IsolationForest
0.9463333333333334,0.5,0.0,0.0,0.0,0.5892394968922221,0.07911964190704257,0.07911964190704257,0.0,0.0,1.0,0,0,8517,483,0.05049868765211451,483000,53.666666666666664,0.505,0.0,IsolationForest
0.9463333333333334,0.5,0.0,0.0,0.0,0.5892394968922221,0.07911964190704257,0.07911964190704257,0.0,0.0,1.0,0,0,8517,483,0.05049868765211451,483000,53.666666666666664,0.515,0.0,IsolationForest
0.9463333333333334,0.5,0.0,0.0,0.0,0.5892394968922221,0.07911964190704257,0.07911964190704257,0.0,0.0,1.0,0,0,8517,483,0.05049868765211451,483000,53.666666666666664,0.525,0.0,IsolationForest
0.9463333333333334,0.5,0.0,0.0,0.0,0.5892394968922221,0.07911964190704257,0.07911964190704257,0.0,0.0,1.0,0,0,8517,483,0.05049868765211451,483000,53.666666666666664,0.535,0.0,IsolationForest
0.9463333333333334,0.5,0.0,0.0,0.0,0.5892394968922221,0.07911964190704257,0.07911964190704257,0.0,0.0,1.0,0,0,8517,483,0.05049868765211451,483000,53.666666666666664,0.545,0.0,IsolationForest
0.9463333333333334,0.5,0.0,0.0,0.0,0.5892394968922221,0.07911964190704257,0.07911964190704257,0.0,0.0,1.0,0,0,8517,483,0.05049868765211451,483000,53.666666666666664,0.555,0.0,IsolationForest
0.9463333333333334,0.5,0.0,0.0,0.0,0.5892394968922221,0.07911964190704257,0.07911964190704257,0.0,0.0,1.0,0,0,8517,483,0.05049868765211451,483000,53.666666666666664,0.5650000000000001,0.0,IsolationForest
0.9463333333333334,0.5,0.0,0.0,0.0,0.5892394968922221,0.07911964190704257,0.07911964190704257,0.0,0.0,1.0,0,0,8517,483,0.05049868765211451,483000,53.666666666666664,0.5750000000000001,0.0,IsolationForest
0.9463333333333334,0.5,0.0,0.0,0.0,0.5892394968922221,0.07911964190704257,0.07911964190704257,0.0,0.0,1.0,0,0,8517,483,0.05049868765211451,483000,53.666666666666664,0.585,0.0,IsolationForest
0.9463333333333334,0.5,0.0,0.0,0.0,0.5892394968922221,0.07911964190704257,0.07911964190704257,0.0,0.0,1.0,0,0,8517,483,0.05049868765211451,483000,53.666666666666664,0.595,0.0,IsolationForest
0.9463333333333334,0.5,0.0,0.0,0.0,0.5892394968922221,0.07911964190704257,0.07911964190704257,0.0,0.0,1.0,0,0,8517,483,0.05049868765211451,483000,53.666666666666664,0.605,0.0,IsolationForest
0.9463333333333334,0.5,0.0,0.0,0.0,0.5892394968922221,0.07911964190704257,0.07911964190704257,0.0,0.0,1.0,0,0,8517,483,0.05049868765211451,483000,53.666666666666664,0.615,0.0,IsolationForest
0.9463333333333334,0.5,0.0,0.0,0.0,0.5892394968922221,0.07911964190704257,0.07911964190704257,0.0,0.0,1.0,0,0,8517,483,0.05049868765211451,483000,53.666666666666664,0.625,0.0,IsolationForest
0.9463333333333334,0.5,0.0,0.0,0.0,0.5892394968922221,0.07911964190704257,0.07911964190704257,0.0,0.0,1.0,0,0,8517,483,0.05049868765211451,483000,53.666666666666664,0.635,0.0,IsolationForest
0.9463333333333334,0.5,0.0,0.0,0.0,0.5892394968922221,0.07911964190704257,0.07911964190704257,0.0,0.0,1.0,0,0,8517,483,0.05049868765211451,483000,53.666666666666664,0.645,0.0,IsolationForest
0.9463333333333334,0.5,0.0,0.0,0.0,0.5892394968922221,0.07911964190704257,0.07911964190704257,0.0,0.0,1.0,0,0,8517,483,0.05049868765211451,483000,53.666666666666664,0.655,0.0,IsolationForest
0.9463333333333334,0.5,0.0,0.0,0.0,0.5892394968922221,0.07911964190704257,0.07911964190704257,0.0,0.0,1.0,0,0,8517,483,0.05049868765211451,483000,53.666666666666664,0.665,0.0,IsolationForest
0.9463333333333334,0.5,0.0,0.0,0.0,0.5892394968922221,0.07911964190704257,0.07911964190704257,0.0,0.0,1.0,0,0,8517,483,0.05049868765211451,483000,53.666666666666664,0.675,0.0,IsolationForest
0.9463333333333334,0.5,0.0,0.0,0.0,0.5892394968922221,0.07911964190704257,0.07911964190704257,0.0,0.0,1.0,0,0,8517,483,0.05049868765211451,483000,53.666666666666664,0.685,0.0,IsolationForest
0.9463333333333334,0.5,0.0,0.0,0.0,0.5892394968922221,0.07911964190704257,0.07911964190704257,0.0,0.0,1.0,0,0,8517,483,0.05049868765211451,483000,53.666666666666664,0.6950000000000001,0.0,IsolationForest
0.9463333333333334,0.5,0.0,0.0,0.0,0.5892394968922221,0.07911964190704257,0.07911964190704257,0.0,0.0,1.0,0,0,8517,483,0.05049868765211451,483000,53.666666666666664,0.7050000000000001,0.0,IsolationForest
0.9463333333333334,0.5,0.0,0.0,0.0,0.5892394968922221,0.07911964190704257,0.07911964190704257,0.0,0.0,1.0,0,0,8517,483,0.05049868765211451,483000,53.666666666666664,0.715,0.0,IsolationForest
0.9463333333333334,0.5,0.0,0.0,0.0,0.5892394968922221,0.07911964190704257,0.07911964190704257,0.0,0.0,1.0,0,0,8517,483,0.05049868765211451,483000,53.666666666666664,0.725,0.0,IsolationForest
0.9463333333333334,0.5,0.0,0.0,0.0,0.5892394968922221,0.07911964190704257,0.07911964190704257,0.0,0.0,1.0,0,0,8517,483,0.05049868765211451,483000,53.666666666666664,0.735,0.0,IsolationForest
0.9463333333333334,0.5,0.0,0.0,0.0,0.5892394968922221,0.07911964190704257,0.07911964190704257,0.0,0.0,1.0,0,0,8517,483,0.05049868765211451,483000,53.666666666666664,0.745,0.0,IsolationForest
0.9463333333333334,0.5,0.0,0.0,0.0,0.5892394968922221,0.07911964190704257,0.07911964190704257,0.0,0.0,1.0,0,0,8517,483,0.05049868765211451,483000,53.666666666666664,0.755,0.0,IsolationForest
0.9463333333333334,0.5,0.0,0.0,0.0,0.5892394968922221,0.07911964190704257,0.07911964190704257,0.0,0.0,1.0,0,0,8517,483,0.05049868765211451,483000,53.666666666666664,0.765,0.0,IsolationForest
0.9463333333333334,0.5,0.0,0.0,0.0,0.5892394968922221,0.07911964190704257,0.07911964190704257,0.0,0.0,1.0,0,0,8517,483,0.05049868765211451,483000,53.666666666666664,0.775,0.0,IsolationForest
0.9463333333333334,0.5,0.0,0.0,0.0,0.5892394968922221,0.07911964190704257,0.07911964190704257,0.0,0.0,1.0,0,0,8517,483,0.05049868765211451,483000,53.666666666666664,0.785,0.0,IsolationForest
0.9463333333333334,0.5,0.0,0.0,0.0,0.5892394968922221,0.07911964190704257,0.07911964190704257,0.0,0.0,1.0,0,0,8517,483,0.05049868765211451,483000,53.666666666666664,0.795,0.0,IsolationForest
0.9463333333333334,0.5,0.0,0.0,0.0,0.5892394968922221,0.07911964190704257,0.07911964190704257,0.0,0.0,1.0,0,0,8517,483,0.05049868765211451,483000,53.666666666666664,0.805,0.0,IsolationForest
0.9463333333333334,0.5,0.0,0.0,0.0,0.5892394968922221,0.07911964190704257,0.07911964190704257,0.0,0.0,1.0,0,0,8517,483,0.05049868765211451,483000,53.666666666666664,0.8150000000000001,0.0,IsolationForest
0.9463333333333334,0.5,0.0,0.0,0.0,0.5892394968922221,0.07911964190704257,0.07911964190704257,0.0,0.0,1.0,0,0,8517,483,0.05049868765211451,483000,53.666666666666664,0.8250000000000001,0.0,IsolationForest
0.9463333333333334,0.5,0.0,0.0,0.0,0.5892394968922221,0.07911964190704257,0.07911964190704257,0.0,0.0,1.0,0,0,8517,483,0.05049868765211451,483000,53.666666666666664,0.8350000000000001,0.0,IsolationForest
0.9463333333333334,0.5,0.0,0.0,0.0,0.5892394968922221,0.07911964190704257,0.07911964190704257,0.0,0.0,1.0,0,0,8517,483,0.05049868765211451,483000,53.666666666666664,0.845,0.0,IsolationForest
0.9463333333333334,0.5,0.0,0.0,0.0,0.5892394968922221,0.07911964190704257,0.07911964190704257,0.0,0.0,1.0,0,0,8517,483,0.05049868765211451,483000,53.666666666666664,0.855,0.0,IsolationForest
0.9463333333333334,0.5,0.0,0.0,0.0,0.5892394968922221,0.07911964190704257,0.07911964190704257,0.0,0.0,1.0,0,0,8517,483,0.05049868765211451,483000,53.666666666666664,0.865,0.0,IsolationForest
0.9463333333333334,0.5,0.0,0.0,0.0,0.5892394968922221,0.07911964190704257,0.07911964190704257,0.0,0.0,1.0,0,0,8517,483,0.05049868765211451,483000,53.666666666666664,0.875,0.0,IsolationForest
0.9463333333333334,0.5,0.0,0.0,0.0,0.5892394968922221,0.07911964190704257,0.07911964190704257,0.0,0.0,1.0,0,0,8517,483,0.05049868765211451,483000,53.666666666666664,0.885,0.0,IsolationForest
0.9463333333333334,0.5,0.0,0.0,0.0,0.5892394968922221,0.07911964190704257,0.07911964190704257,0.0,0.0,1.0,0,0,8517,483,0.05049868765211451,483000,53.666666666666664,0.895,0.0,IsolationForest
0.9463333333333334,0.5,0.0,0.0,0.0,0.5892394968922221,0.07911964190704257,0.07911964190704257,0.0,0.0,1.0,0,0,8517,483,0.05049868765211451,483000,53.666666666666664,0.905,0.0,IsolationForest
0.9463333333333334,0.5,0.0,0.0,0.0,0.5892394968922221,0.07911964190704257,0.07911964190704257,0.0,0.0,1.0,0,0,8517,483,0.05049868765211451,483000,53.666666666666664,0.915,0.0,IsolationForest
0.9463333333333334,0.5,0.0,0.0,0.0,0.5892394968922221,0.07911964190704257,0.07911964190704257,0.0,0.0,1.0,0,0,8517,483,0.05049868765211451,483000,53.666666666666664,0.925,0.0,IsolationForest
0.9463333333333334,0.5,0.0,0.0,0.0,0.5892394968922221,0.07911964190704257,0.07911964190704257,0.0,0.0,1.0,0,0,8517,483,0.05049868765211451,483000,53.666666666666664,0.935,0.0,IsolationForest
0.9463333333333334,0.5,0.0,0.0,0.0,0.5892394968922221,0.07911964190704257,0.07911964190704257,0.0,0.0,1.0,0,0,8517,483,0.05049868765211451,483000,53.666666666666664,0.9450000000000001,0.0,IsolationForest
0.9463333333333334,0.5,0.0,0.0,0.0,0.5892394968922221,0.07911964190704257,0.07911964190704257,0.0,0.0,1.0,0,0,8517,483,0.05049868765211451,483000,53.666666666666664,0.9550000000000001,0.0,IsolationForest
0.9463333333333334,0.5,0.0,0.0,0.0,0.5892394968922221,0.07911964190704257,0.07911964190704257,0.0,0.0,1.0,0,0,8517,483,0.05049868765211451,483000,53.666666666666664,0.965,0.0,IsolationForest
0.9463333333333334,0.5,0.0,0.0,0.0,0.5892394968922221,0.07911964190704257,0.07911964190704257,0.0,0.0,1.0,0,0,8517,483,0.05049868765211451,483000,53.666666666666664,0.975,0.0,IsolationForest
0.9463333333333334,0.5,0.0,0.0,0.0,0.5892394968922221,0.07911964190704257,0.07911964190704257,0.0,0.0,1.0,0,0,8517,483,0.05049868765211451,483000,53.666666666666664,0.985,0.0,IsolationForest
0.9463333333333334,0.5,0.0,0.0,0.0,0.5892394968922221,0.07911964190704257,0.07911964190704257,0.0,0.0,1.0,0,0,8517,483,0.05049868765211451,483000,53.666666666666664,0.995,0.0,IsolationForest
0.9463333333333334,0.5,0.0,0.0,0.0,0.5892394968922221,0.07911964190704257,0.07911964190704257,0.0,0.0,1.0,0,0,8517,483,0.05049868765211451,483000,53.666666666666664,1.000001,0.0,IsolationForest
0.05366666666666667,0.5,0.05366666666666667,1.0,0.1018664979436887,0.8005350886340824,0.30723252700641995,0.30723252700641995,0.0,1.0,0.0,483,8517,0,0,0.043251906272485395,170340,18.926666666666666,0.005,1.0,Hybrid_RulesSupervised
0.05366666666666667,0.5,0.05366666666666667,1.0,0.1018664979436887,0.8005350886340824,0.30723252700641995,0.30723252700641995,0.0,1.0,0.0,483,8517,0,0,0.043251906272485395,170340,18.926666666666666,0.00623476708623971,1.0,Hybrid_RulesSupervised
0.06577777777777778,0.5044459856319513,0.054124001350286936,0.9958592132505176,0.10266808964781217,0.8005350886340824,0.30723252700641995,0.30723252700641995,0.017996917578413787,0.986967241986615,0.004140786749482402,481,8406,111,2,0.043251906272485395,170120,18.90222222222222,0.009296325408336565,0.9874444444444445,Hybrid_RulesSupervised
0.07777777777777778,0.5088332651467251,0.054586894586894585,0.9917184265010351,0.10347807301793042,0.8005350886340824,0.30723252700641995,0.30723252700641995,0.02550077208994691,0.9740518962075848,0.008281573498964804,479,8296,221,4,0.043251906272485395,169920,18.88,0.009969625802270168,0.975,Hybrid_RulesSupervised
0.08966666666666667,0.5121853479741285,0.05495266682059571,0.9855072463768116,0.10410060142154184,0.8005350886340824,0.30723252700641995,0.30723252700641995,0.02888799369096423,0.9611365504285546,0.014492753623188406,476,8186,331,7,0.043251906272485395,170720,18.968888888888888,0.01051998852850453,0.9624444444444444,Hybrid_RulesSupervised
0.10188888888888889,0.5176665302934503,0.05555555555555555,0.9834368530020704,0.10516993246983285,0.8005350886340824,0.30723252700641995,0.30723252700641995,0.03653497654386402,0.9481037924151696,0.016563146997929608,475,8075,442,8,0.043251906272485395,169500,18.833333333333332,0.01089327985822544,0.95,Hybrid_RulesSupervised
0.11422222222222222,0.5232064187299497,0.05618110702856466,0.9813664596273292,0.10627802690582962,0.8005350886340824,0.30723252700641995,0.30723252700641995,0.0431923453511737,0.9349536221674298,0.018633540372670808,474,7963,554,9,0.043251906272485395,168260,18.695555555555554,0.01125513432308282,0.9374444444444444,Hybrid_RulesSupervised
0.12666666666666668,0.5297815038538196,0.05693693693693694,0.9813664596273292,0.10762942779291552,0.8005350886340824,0.30723252700641995,0.30723252700641995,0.050962356475366045,0.92180345191969,0.018633540372670808,474,7851,666,9,0.043251906272485395,166020,18.446666666666665,0.01159248817151897,0.925,Hybrid_RulesSupervised
0.139,0.5353213922903189,0.05759863614223088,0.979296066252588,0.10879815986198965,0.8005350886340824,0.30723252700641995,0.30723252700641995,0.05632447076811997,0.9086532816719503,0.020703933747412008,473,7739,778,10,0.043251906272485395,164780,18.308888888888887,0.011959251073382969,0.9124444444444444,Hybrid_RulesSupervised
0.15144444444444444,0.5418964774141888,0.058395061728395065,0.979296066252588,0.11021787253873937,0.8005350886340824,0.30723252700641995,0.30723252700641995,0.06294491193242954,0.8955031114242104,0.020703933747412008,473,7627,890,10,0.043251906272485395,162540,18.06,0.012299909686443919,0.9,Hybrid_RulesSupervised
0.16355555555555557,0.5463424630461401,0.05897082759484162,0.9751552795031055,0.11121605667060214,0.8005350886340824,0.30723252700641995,0.30723252700641995,0.06608903827223067,0.8824703534108254,0.024844720496894408,471,7516,1001,12,0.043251906272485395,162320,18.035555555555554,0.012658920535074366,0.8874444444444445,Hybrid_RulesSupervised
0.17577777777777778,0.551823645365462,0.059682539682539684,0.9730848861283644,0.11246709739172052,0.8005350886340824,0.30723252700641995,0.30723252700641995,0.07062741334504674,0.8694375953974404,0.026915113871635612,470,7405,1112,13,0.043251906272485395,161100,17.9,0.013005928203545417,0.875,Hybrid_RulesSupervised
0.18811111111111112,0.5573635338019612,0.06042257150219016,0.9710144927536232,0.11376591873862948,0.8005350886340824,0.30723252700641995,0.30723252700641995,0.07506468054848213,0.8562874251497006,0.028985507246376812,469,7293,1224,14,0.043251906272485395,159860,17.76222222222222,0.013316616829220529,0.8624444444444445,Hybrid_RulesSupervised
0.2001111111111111,0.5617508133167352,0.06104575163398693,0.9668737060041408,0.11484077216279356,0.8005350886340824,0.30723252700641995,0.30723252700641995,0.07794566468725252,0.8433720793706704,0.033126293995859216,467,7183,1334,16,0.043251906272485395,159660,17.74,0.013582978126544949,0.85,Hybrid_RulesSupervised
0.21222222222222223,0.5661967989486865,0.06169563486798461,0.9627329192546584,0.11596009975062344,0.8005350886340824,0.30723252700641995,0.30723252700641995,0.0808653467076228,0.8303393213572854,0.037267080745341616,465,7072,1445,18,0.043251906272485395,159440,17.715555555555557,0.01388045763365329,0.8374444444444444,Hybrid_RulesSupervised
0.22466666666666665,0.5727718840725564,0.06262626262626263,0.9627329192546584,0.11760242792109256,0.8005350886340824,0.30723252700641995,0.30723252700641995,0.08632209970362079,0.8171891511095456,0.037267080745341616,465,6960,1557,18,0.043251906272485395,157200,17.466666666666665,0.014199066000751336,0.825,Hybrid_RulesSupervised
0.23677777777777778,0.5772178697045076,0.06332056892778994,0.9585921325051759,0.11879409878127005,0.8005350886340824,0.30723252700641995,0.30723252700641995,0.08915801446417135,0.8041563930961606,0.041407867494824016,463,6849,1668,20,0.043251906272485395,156980,17.442222222222224,0.014531759250756383,0.8124444444444444,Hybrid_RulesSupervised
0.249,0.5826990520238295,0.06416666666666666,0.9565217391304348,0.1202655212807497,0.8005350886340824,0.30723252700641995,0.30723252700641995,0.0931847651845628,0.7911236350827756,0.043478260869565216,462,6738,1779,21,0.043251906272485395,155760,17.30666666666667,0.01478903422719533,0.8,Hybrid_RulesSupervised
0.261,0.5870863315386035,0.06489841986455983,0.9523809523809523,0.12151631224408929,0.8005350886340824,0.30723252700641995,0.30723252700641995,0.09596018637434699,0.7782082893037454,0.047619047619047616,460,6628,1889,23,0.043251906272485395,155560,17.284444444444443,0.015,0.7875555555555556,Hybrid_RulesSupervised
0.2611111111111111,0.5871450376557809,0.06490757725412727,0.9523809523809523,0.12153236459709378,0.8005350886340824,0.30723252700641995,0.30723252700641995,0.0960065459296068,0.7780908770693906,0.047619047619047616,460,6627,1890,23,0.043251906272485395,155540,17.282222222222224,0.015002729534049113,0.7874444444444444,Hybrid_RulesSupervised
0.27311111111111114,0.5915323171705548,0.06566308243727599,0.94824016563147,0.1228211316706892,0.8005350886340824,0.30723252700641995,0.30723252700641995,0.09879539949816635,0.7651755312903604,0.051759834368530024,458,6517,2000,25,0.043251906272485395,155340,17.26,0.01526929956591543,0.775,Hybrid_RulesSupervised
0.28544444444444445,0.5970722056070541,0.06659865928300787,0.9461697722567288,0.12443839346494213,0.8005350886340824,0.30723252700641995,0.30723252700641995,0.10280460643960676,0.7520253610426206,0.053830227743271224,457,6405,2112,26,0.043251906272485395,154100,17.122222222222224,0.015549526642339224,0.7624444444444445,Hybrid_RulesSupervised
0.2961111111111111,0.5948960682945399,0.06651851851851852,0.9296066252587992,0.12415318678280104,0.8005350886340824,0.30723252700641995,0.30723252700641995,0.09877611901850132,0.7398144886697194,0.07039337474120083,449,6301,2216,34,0.043251906272485395,160020,17.78,0.01577051655662039,0.75,Hybrid_RulesSupervised
0.30844444444444447,0.6004359567310392,0.06750037667620913,0.927536231884058,0.1258426966292135,0.8005350886340824,0.30723252700641995,0.30723252700641995,0.10287701057851571,0.7266643184219795,0.07246376811594203,448,6189,2328,35,0.043251906272485395,158780,17.642222222222223,0.01603453254363012,0.7374444444444445,Hybrid_RulesSupervised
0.32066666666666666,0.605917139050361,0.06850574712643678,0.9254658385093167,0.12756849315068494,0.8005350886340824,0.30723252700641995,0.30723252700641995,0.106914169430418,0.7136315604085945,0.07453416149068323,447,6078,2439,36,0.043251906272485395,157560,17.506666666666668,0.016257340400727117,0.725,Hybrid_RulesSupervised
0.333,0.6114570274868605,0.06955708047411104,0.9233954451345756,0.1293691080493111,0.8005350886340824,0.30723252700641995,0.30723252700641995,0.11098785247810276,0.7004813901608548,0.07660455486542443,446,5966,2551,37,0.043251906272485395,156320,17.36888888888889,0.01650326402838719,0.7124444444444444,Hybrid_RulesSupervised
0.34544444444444444,0.6180321126107303,0.0707936507936508,0.9233954451345756,0.13150523367241632,0.8005350886340824,0.30723252700641995,0.30723252700641995,0.11609002596141729,0.687331219913115,0.07660455486542443,446,5854,2663,37,0.043251906272485395,154080,17.12,0.016761181829745456,0.7,Hybrid_RulesSupervised
0.35777777777777775,0.6235720010472297,0.07192500404073056,0.9213250517598344,0.13343328335832083,0.8005350886340824,0.30723252700641995,0.30723252700641995,0.1201550531805382,0.6741810496653752,0.07867494824016563,445,5742,2775,38,0.043251906272485395,152840,16.982222222222223,0.01705410810151083,0.6874444444444444,Hybrid_RulesSupervised
0.3695555555555556,0.6268653777574555,0.07275720164609054,0.9151138716356108,0.13479719426654468,0.8005350886340824,0.30723252700641995,0.30723252700641995,0.12208264367932271,0.6613831161206998,0.08488612836438923,442,5633,2884,41,0.043251906272485395,153660,17.073333333333334,0.01730833790993768,0.675,Hybrid_RulesSupervised
0.38166666666666665,0.6313113633894067,0.07380073800738007,0.9109730848861284,0.1365399534522886,0.8005350886340824,0.30723252700641995,0.30723252700641995,0.12515820462503618,0.6483503581073148,0.08902691511387163,440,5522,2995,43,0.043251906272485395,153440,17.04888888888889,0.01755133350870812,0.6624444444444444,Hybrid_RulesSupervised
0.3938888888888889,0.6367925457087287,0.07504273504273504,0.9089026915113871,0.13863887573030156,0.8005350886340824,0.30723252700641995,0.30723252700641995,0.12926355823678876,0.6353176000939298,0.09109730848861283,439,5411,3106,44,0.043251906272485395,152220,16.913333333333334,0.017827751683464267,0.65,Hybrid_RulesSupervised
0.4057777777777778,0.640144628536132,0.07599790831445007,0.9026915113871635,0.14019292604501607,0.8005350886340824,0.30723252700641995,0.30723252700641995,0.13139304566165472,0.6224022543148996,0.09730848861283643,436,5301,3216,47,0.043251906272485395,153020,17.002222222222223,0.01811054121138752,0.6374444444444445,Hybrid_RulesSupervised
0.4177777777777778,0.6445319080509059,0.07715555555555556,0.8985507246376812,0.1421087098886706,0.8005350886340824,0.30723252700641995,0.30723252700641995,0.13455891258194844,0.6094869085358694,0.10144927536231885,434,5191,3326,49,0.043251906272485395,152820,16.98,0.018396624414488704,0.625,Hybrid_RulesSupervised
0.4298888888888889,0.6489778936828572,0.0783744557329463,0.8944099378881988,0.14412010008340284,0.8005350886340824,0.30723252700641995,0.30723252700641995,0.13782432424755756,0.5964541505224844,0.10559006211180125,432,5080,3437,51,0.043251906272485395,152600,16.955555555555556,0.018727623437371832,0.6124444444444445,Hybrid_RulesSupervised
0.4418888888888889,0.6533651731976311,0.07962962962962963,0.8902691511387164,0.14618391976882544,0.8005350886340824,0.30723252700641995,0.30723252700641995,0.1410995094169093,0.5835388047434543,0.10973084886128365,430,4970,3547,53,0.043251906272485395,152400,16.933333333333334,0.019093980153071146,0.6,Hybrid_RulesSupervised
0.454,0.6578111588295823,0.08095328163419709,0.8861283643892339,0.1483535528596187,0.8005350886340824,0.30723252700641995,0.30723252700641995,0.14448323725656007,0.5705060467300693,0.11387163561076605,428,4859,3658,55,0.043251906272485395,152180,16.90888888888889,0.019503854956789676,0.5874444444444444,Hybrid_RulesSupervised
0.4657777777777778,0.6611045355398082,0.0821256038647343,0.8799171842650103,0.15022976316719688,0.8005350886340824,0.30723252700641995,0.30723252700641995,0.1468871332890947,0.5577081131853939,0.12008281573498965,425,4750,3767,58,0.043251906272485395,153000,17.0,0.01991750208929725,0.575,Hybrid_RulesSupervised
0.47788888888888886,0.6655505211717595,0.08356380877123666,0.8757763975155279,0.15256988277727682,0.8005350886340824,0.30723252700641995,0.30723252700641995,0.15041062318735218,0.5446753551720089,0.12422360248447205,423,4639,3878,60,0.043251906272485395,152780,16.975555555555555,0.020340695510374363,0.5624444444444444,Hybrid_RulesSupervised
0.4898888888888889,0.6699378006865334,0.08505050505050506,0.8716356107660456,0.15497883305724278,0.8005350886340824,0.30723252700641995,0.30723252700641995,0.15395959747141605,0.5317600093929787,0.12836438923395446,421,4529,3988,62,0.043251906272485395,152580,16.953333333333333,0.0207693986264189,0.55,Hybrid_RulesSupervised
0.5008888888888889,0.6689142722957446,0.0855902418854662,0.8571428571428571,0.15563909774436088,0.8005350886340824,0.30723252700641995,0.30723252700641995,0.1526940035004656,0.5193143125513678,0.14285714285714285,414,4423,4094,69,0.043251906272485395,157460,17.495555555555555,0.021192001026974893,0.5374444444444444,Hybrid_RulesSupervised
0.5128888888888888,0.6733015518105185,0.0871957671957672,0.8530020703933747,0.15821812596006146,0.8005350886340824,0.30723252700641995,0.30723252700641995,0.15641570997292,0.5063989667723376,0.14699792960662525,412,4313,4204,71,0.043251906272485395,157260,17.473333333333333,0.021748999123396014,0.525,Hybrid_RulesSupervised
0.5252222222222223,0.6788414402470179,0.0891153512575889,0.8509316770186336,0.16133464180569185,0.8005350886340824,0.30723252700641995,0.30723252700641995,0.16126387253000965,0.49324879652459785,0.14906832298136646,411,4201,4316,72,0.043251906272485395,156020,17.335555555555555,0.022307525437091184,0.5124444444444445,Hybrid_RulesSupervised
0.537,0.6821348169572438,0.09066666666666667,0.84472049689441,0.16375677302829622,0.8005350886340824,0.30723252700641995,0.30723252700641995,0.16418268151565826,0.4804508629799225,0.15527950310559005,408,4092,4425,75,0.043251906272485395,156840,17.426666666666666,0.02297876923983029,0.5,Hybrid_RulesSupervised
0.5492222222222222,0.6876159992765656,0.09275296262534184,0.8426501035196687,0.16711147608293986,0.8005350886340824,0.30723252700641995,0.30723252700641995,0.16917601731532114,0.4674181049665375,0.15734989648033126,407,3981,4536,76,0.043251906272485395,155620,17.29111111111111,0.02360326477560552,0.4875555555555556,Hybrid_RulesSupervised
0.5611111111111111,0.6909680821039689,0.09450292397660819,0.8364389233954451,0.1698192517864649,0.8005350886340824,0.30723252700641995,0.30723252700641995,0.17236088097536698,0.4545027591875073,0.16356107660455488,404,3871,4646,79,0.043251906272485395,156420,17.38,0.02426375405858661,0.475,Hybrid_RulesSupervised
0.5724444444444444,0.6920736532050988,0.09584434302185924,0.8260869565217391,0.1717606543263022,0.8005350886340824,0.30723252700641995,0.30723252700641995,0.17362946704406707,0.4419396501115416,0.17391304347826086,399,3764,4753,84,0.043251906272485395,159280,17.697777777777777,0.024902835502852733,0.46255555555555555,Hybrid_RulesSupervised
0.5745555555555556,0.6931890694314695,0.09628378378378379,0.8260869565217391,0.1724659606656581,0.8005350886340824,0.30723252700641995,0.30723252700641995,0.17469489852241568,0.43970881765880004,0.17391304347826086,399,3745,4772,84,0.043251906272485395,158900,17.655555555555555,0.025,0.46044444444444443,Hybrid_RulesSupervised
0.5843333333333334,0.695425736032502,0.09777777777777778,0.8198757763975155,0.17471872931833224,0.8005350886340824,0.30723252700641995,0.30723252700641995,0.17705105946745076,0.42902430433251143,0.18012422360248448,396,3654,4863,87,0.043251906272485395,160080,17.786666666666665,0.02568699816349607,0.45,Hybrid_RulesSupervised
0.5963333333333334,0.6998130155472759,0.10005078720162519,0.8157349896480331,0.1782402171454422,0.8005350886340824,0.30723252700641995,0.30723252700641995,0.18153974977963785,0.4161089585534813,0.18426501035196688,394,3544,4973,89,0.043251906272485395,159880,17.764444444444443,0.02650499291954302,0.43755555555555553,Hybrid_RulesSupervised
0.6086666666666667,0.7053529039837751,0.1027450980392157,0.8136645962732919,0.18245125348189417,0.8005350886340824,0.30723252700641995,0.30723252700641995,0.18723060327072008,0.40295878830574144,0.18633540372670807,393,3432,5085,90,0.043251906272485395,158640,17.626666666666665,0.02746535397322099,0.425,Hybrid_RulesSupervised
0.6197777777777778,0.705364572280357,0.10422838674925936,0.8012422360248447,0.18446139180171592,0.8005350886340824,0.30723252700641995,0.30723252700641995,0.18802053315454598,0.39051309146413055,0.19875776397515527,387,3326,5191,96,0.043251906272485395,162520,18.057777777777776,0.028274925169936363,0.41255555555555556,Hybrid_RulesSupervised
0.6314444444444445,0.7076227523032124,0.1063888888888889,0.7929606625258799,0.18760715160421262,0.8005350886340824,0.30723252700641995,0.30723252700641995,0.19101773814072312,0.3777151579194552,0.2070393374741201,383,3217,5300,100,0.043251906272485395,164340,18.26,0.029213348965741733,0.4,Hybrid_RulesSupervised
0.643,0.7098222262088902,0.10865825688073394,0.7846790890269151,0.19088390833543187,0.8005350886340824,0.30723252700641995,0.30723252700641995,0.19411340719395678,0.36503463660913466,0.2153209109730849,379,3109,5408,104,0.043251906272485395,166180,18.464444444444446,0.030237589013076514,0.38755555555555554,Hybrid_RulesSupervised
0.6544444444444445,0.7109865034271975,0.11081481481481481,0.7743271221532091,0.19388284085018145,0.8005350886340824,0.30723252700641995,0.30723252700641995,0.19642800578424452,0.35235411529881416,0.22567287784679088,374,3001,5516,109,0.043251906272485395,169020,18.78,0.03106370973547412,0.375,Hybrid_RulesSupervised
0.6664444444444444,0.7153737829419714,0.11400551639595465,0.7701863354037267,0.198611852642819,0.8005350886340824,0.30723252700641995,0.30723252700641995,0.20192438049184191,0.33943876951978397,0.22981366459627328,372,2891,5626,111,0.043251906272485395,168820,18.75777777777778,0.03202212835958099,0.3625555555555556,Hybrid_RulesSupervised
0.6787777777777778,0.7209136713784707,0.11777777777777777,0.7681159420289855,0.20423892100192678,0.8005350886340824,0.30723252700641995,0.30723252700641995,0.2087547028062334,0.3262885992720441,0.2318840579710145,371,2779,5738,112,0.043251906272485395,167580,18.62,0.033119311202124066,0.35,Hybrid_RulesSupervised
0.6894444444444444,0.7187375340659565,0.119486504279131,0.7515527950310559,0.20619142289122408,0.8005350886340824,0.30723252700641995,0.30723252700641995,0.20848764601290679,0.3140777268991429,0.2484472049689441,363,2675,5842,120,0.043251906272485395,173500,19.27777777777778,0.033935856612380126,0.33755555555555555,Hybrid_RulesSupervised
0.6986666666666667,0.7216571606512951,0.12233141308031176,0.7474120082815735,0.2102504368083867,0.8005350886340824,0.30723252700641995,0.30723252700641995,0.21281500883503207,0.3040976869789832,0.2525879917184265,361,2590,5927,122,0.043251906272485395,173800,19.31111111111111,0.034999999999999996,0.3278888888888889,Hybrid_RulesSupervised
0.7015555555555556,0.7231835196979077,0.12341880341880342,0.7474120082815735,0.2118544600938967,0.8005350886340824,0.30723252700641995,0.30723252700641995,0.21476966050160654,0.3010449688857579,0.2525879917184265,361,2564,5953,122,0.043251906272485395,173280,19.253333333333334,0.035382497063159254,0.325,Hybrid_RulesSupervised
0.7128888888888889,0.7242890907990377,0.1265552790615002,0.7370600414078675,0.21601941747572817,0.8005350886340824,0.30723252700641995,0.30723252700641995,0.2180871670312497,0.2884818598097922,0.2629399585921325,356,2457,6060,127,0.043251906272485395,176140,19.57111111111111,0.0368292837168909,0.31255555555555553,Hybrid_RulesSupervised
0.7241111111111111,0.7243594652127969,0.12962962962962962,0.7246376811594203,0.21991831605403706,0.8005350886340824,0.30723252700641995,0.30723252700641995,0.22066788067364862,0.2759187507338265,0.2753623188405797,350,2350,6167,133,0.043251906272485395,180000,20.0,0.038312705469659966,0.3,Hybrid_RulesSupervised
0.7354444444444445,0.7254650363139268,0.13330757341576507,0.7142857142857143,0.22468251383914034,0.8005350886340824,0.30723252700641995,0.30723252700641995,0.22451594801709773,0.26335564165786074,0.2857142857142857,345,2243,6274,138,0.043251906272485395,182860,20.317777777777778,0.03978639783967749,0.28755555555555556,Hybrid_RulesSupervised
0.7464444444444445,0.724441507923138,0.13656565656565656,0.6997929606625258,0.22853279242731572,0.8005350886340824,0.30723252700641995,0.30723252700641995,0.226554244388185,0.25090994481624984,0.3002070393374741,338,2137,6380,145,0.043251906272485395,187740,20.86,0.04127909762830734,0.275,Hybrid_RulesSupervised
0.7577777777777778,0.7255470790242678,0.14092255607278883,0.6894409937888198,0.23401264933239635,0.8005350886340824,0.30723252700641995,0.30723252700641995,0.2310289062797564,0.23834683574028415,0.3105590062111801,333,2030,6487,150,0.043251906272485395,190600,21.177777777777777,0.04338848146339826,0.26255555555555554,Hybrid_RulesSupervised
0.7656666666666667,0.7267857416332844,0.14435695538057744,0.6832298136645962,0.23835319609967498,0.8005350886340824,0.30723252700641995,0.30723252700641995,0.23481933266753421,0.22965833039802747,0.3167701863354037,330,1956,6561,153,0.043251906272485395,192120,21.346666666666668,0.045,0.254,Hybrid_RulesSupervised
0.769,0.7256174534380271,0.14533333333333334,0.6770186335403726,0.2392974753018661,0.8005350886340824,0.30723252700641995,0.30723252700641995,0.23484235789701324,0.22578372666431842,0.32298136645962733,327,1923,6594,156,0.043251906272485395,194460,21.606666666666666,0.04613341371118151,0.25,Hybrid_RulesSupervised
0.7801111111111111,0.7256291217346089,0.15014031805425632,0.6645962732919255,0.24494467760396796,0.8005350886340824,0.30723252700641995,0.30723252700641995,0.23895318867211365,0.21333802982270753,0.33540372670807456,321,1817,6700,162,0.043251906272485395,198340,22.037777777777777,0.04960061140436085,0.23755555555555555,Hybrid_RulesSupervised
0.7922222222222223,0.7300751073665602,0.15753086419753087,0.660455486542443,0.2543859649122807,0.8005350886340824,0.30723252700641995,0.30723252700641995,0.24833154944071512,0.20030527180932253,0.33954451345755693,319,1706,6811,164,0.043251906272485395,198120,22.013333333333332,0.05346269286471409,0.225,Hybrid_RulesSupervised
0.7967777777777778,0.7305290770304477,0.1601010101010101,0.6563146997929606,0.2574096630125863,0.8005350886340824,0.30723252700641995,0.30723252700641995,0.25082536041299724,0.19525654573206527,0.34368530020703936,317,1663,6854,166,0.043251906272485395,199260,22.14,0.055,0.22,Hybrid_RulesSupervised
0.8035555555555556,0.7311806784676901,0.16414009409304756,0.650103519668737,0.2621035058430718,0.8005350886340824,0.30723252700641995,0.30723252700641995,0.2546887237918777,0.1877421627333568,0.3498964803312629,314,1599,6918,169,0.043251906272485395,200980,22.33111111111111,0.05759279697584976,0.21255555555555555,Hybrid_RulesSupervised
0.8154444444444444,0.7345327612950934,0.17277777777777778,0.6438923395445134,0.2724485326325011,0.8005350886340824,0.30723252700641995,0.30723252700641995,0.26427002189907756,0.17482681695432664,0.35610766045548653,311,1489,7028,172,0.043251906272485395,201780,22.42,0.061674969607619874,0.2,Hybrid_RulesSupervised
0.8232222222222222,0.7337597366465461,0.17790697674418604,0.6335403726708074,0.27780299591466184,0.8005350886340824,0.30723252700641995,0.30723252700641995,0.26797031135861044,0.16602089937771516,0.36645962732919257,306,1414,7103,177,0.043251906272485395,205280,22.808888888888887,0.065,0.19111111111111112,Hybrid_RulesSupervised
0.8256666666666667,0.7301688183734831,0.1783175355450237,0.6231884057971014,0.27729157070474436,0.8005350886340824,0.30723252700641995,0.30723252700641995,0.2657596605070067,0.162850769050135,0.37681159420289856,301,1387,7130,182,0.043251906272485395,209740,23.304444444444446,0.06620631378081432,0.18755555555555556,Hybrid_RulesSupervised
0.8362222222222222,0.7269574843735984,0.1853968253968254,0.6045548654244306,0.28377065111758987,0.8005350886340824,0.30723252700641995,0.30723252700641995,0.2692172511989286,0.15063989667723376,0.39544513457556935,292,1283,7234,191,0.043251906272485395,216660,24.073333333333334,0.07226669294395223,0.175,Hybrid_RulesSupervised
0.8411111111111111,0.7275875723890182,0.1899148657498363,0.6004140786749482,0.2885572139303483,0.8005350886340824,0.30723252700641995,0.30723252700641995,0.2732929435806083,0.14523893389691206,0.3995859213250518,290,1237,7280,193,0.043251906272485395,217740,24.19333333333333,0.07500000000000001,0.16966666666666666,Hybrid_RulesSupervised
0.8477777777777777,0.7291569582792763,0.19685577580314423,0.5962732919254659,0.29599177800616655,0.8005350886340824,0.30723252700641995,0.30723252700641995,0.2799358454792115,0.13795937536691324,0.40372670807453415,288,1175,7342,195,0.043251906272485395,218500,24.27777777777778,0.07844419710288904,0.16255555555555556,Hybrid_RulesSupervised
0.8565555555555555,0.7269593075449393,0.20510948905109488,0.5817805383022774,0.303291958985429,0.8005350886340824,0.30723252700641995,0.30723252700641995,0.28475563684567146,0.12786192321239873,0.41821946169772256,281,1089,7428,202,0.043251906272485395,223780,24.864444444444445,0.085,0.15222222222222223,Hybrid_RulesSupervised
0.8583333333333333,0.7259456242793916,0.20666666666666667,0.577639751552795,0.3044189852700491,0.8005350886340824,0.30723252700641995,0.30723252700641995,0.28520242765548287,0.12574850299401197,0.422360248447205,279,1071,7446,204,0.043251906272485395,225420,25.046666666666667,0.08724469930818586,0.15,Hybrid_RulesSupervised
0.8672222222222222,0.723806679662232,0.21656050955414013,0.5631469979296067,0.31282346175963205,0.8005350886340824,0.30723252700641995,0.30723252700641995,0.29110015521885285,0.11553363860514265,0.43685300207039335,272,984,7533,211,0.043251906272485395,230680,25.63111111111111,0.095,0.13955555555555554,Hybrid_RulesSupervised
0.8685555555555555,0.7215816813577813,0.2172859450726979,0.556935817805383,0.3126089482858803,0.8005350886340824,0.30723252700641995,0.30723252700641995,0.2899569992312559,0.11377245508982035,0.44306418219461696,269,969,7548,214,0.043251906272485395,233380,25.93111111111111,0.09717360874657868,0.13755555555555554,Hybrid_RulesSupervised
0.8777777777777778,0.7235248173729267,0.23150565709312446,0.5507246376811594,0.32598039215686275,0.8005350886340824,0.30723252700641995,0.30723252700641995,0.30189097522974323,0.10367500293530586,0.4492753623188406,266,883,7634,217,0.043251906272485395,234660,26.073333333333334,0.10500000000000001,0.12766666666666668,Hybrid_RulesSupervised
0.8804444444444445,0.7249337641851846,0.23644444444444446,0.5507246376811594,0.33084577114427866,0.8005350886340824,0.30723252700641995,0.30723252700641995,0.3065490631994773,0.10085710931079019,0.4492753623188406,266,859,7658,217,0.043251906272485395,234180,26.02,0.10726900647405913,0.125,Hybrid_RulesSupervised
0.8862222222222222,0.7211510482870576,0.24457034938621341,0.5362318840579711,0.33592736705577175,0.8005350886340824,0.30723252700641995,0.30723252700641995,0.30935013431906067,0.09392978748385582,0.463768115942029,259,800,7717,224,0.043251906272485395,240000,26.666666666666668,0.115,0.11766666666666667,Hybrid_RulesSupervised
0.8906666666666667,0.7205698212635745,0.2527147087857848,0.5300207039337475,0.34224598930481276,0.8005350886340824,0.30723252700641995,0.30723252700641995,0.31455486827866397,0.08888106140659857,0.4699792960662526,256,757,7760,227,0.043251906272485395,242140,26.904444444444444,0.12156247693204907,0.11255555555555556,Hybrid_RulesSupervised
0.8933333333333333,0.7219787680758323,0.25884732052578363,0.5300207039337475,0.34782608695652173,0.8005350886340824,0.30723252700641995,0.30723252700641995,0.31990189288041426,0.0860631677820829,0.4699792960662526,256,733,7784,227,0.043251906272485395,241660,26.851111111111113,0.125,0.10988888888888888,Hybrid_RulesSupervised
0.9,0.715736229404545,0.2706270627062706,0.5093167701863354,0.35344827586206895,0.8005350886340824,0.30723252700641995,0.30723252700641995,0.32269105462265874,0.07784431137724551,0.4906832298136646,246,663,7854,237,0.043251906272485395,250260,27.80666666666667,0.135,0.101,Hybrid_RulesSupervised
0.901,0.7162645844591415,0.2733333333333333,0.5093167701863354,0.3557483731019523,0.8005350886340824,0.30723252700641995,0.30723252700641995,0.32491407543188827,0.07678760126805213,0.4906832298136646,246,654,7863,237,0.043251906272485395,250080,27.786666666666665,0.1363755078739391,0.1,Hybrid_RulesSupervised
0.9066666666666666,0.7124231624438372,0.28622754491017965,0.494824016563147,0.3626707132018209,0.8005350886340824,0.30723252700641995,0.30723252700641995,0.33001024495772163,0.06997769167547259,0.505175983436853,239,596,7921,244,0.043251906272485395,255920,28.435555555555556,0.14500000000000002,0.09277777777777778,Hybrid_RulesSupervised
0.9103333333333333,0.7075250303193394,0.29441624365482233,0.4803312629399586,0.3650668764752164,0.8005350886340824,0.30723252700641995,0.30723252700641995,0.33092516307967185,0.06528120230127979,0.5196687370600414,232,556,7961,251,0.043251906272485395,262120,29.124444444444446,0.15205252455633636,0.08755555555555555,Hybrid_RulesSupervised
0.9117777777777778,0.7082882098426457,0.29935483870967744,0.4803312629399586,0.36883942766295713,0.8005350886340824,0.30723252700641995,0.30723252700641995,0.3346514934693311,0.06375484325466714,0.5196687370600414,232,543,7974,251,0.043251906272485395,261860,29.095555555555556,0.155,0.08611111111111111,Hybrid_RulesSupervised
0.9177777777777778,0.7085288684596462,0.3202797202797203,0.474120082815735,0.3823038397328881,0.8005350886340824,0.30723252700641995,0.30723252700641995,0.34754720001899075,0.05706234589644241,0.525879917184265,229,486,8031,254,0.043251906272485395,263720,29.302222222222223,0.165,0.07944444444444444,Hybrid_RulesSupervised
0.9215555555555556,0.7075954047330987,0.3348148148148148,0.46790890269151136,0.39032815198618304,0.8005350886340824,0.30723252700641995,0.30723252700641995,0.35523897888384176,0.05271809322531408,0.5320910973084886,226,449,8068,257,0.043251906272485395,265980,29.553333333333335,0.17384074164025387,0.075,Hybrid_RulesSupervised
0.9222222222222223,0.7079476414361631,0.33781763826606875,0.46790890269151136,0.3923611111111111,0.8005350886340824,0.30723252700641995,0.30723252700641995,0.35730513480405246,0.05201361981918516,0.5320910973084886,226,443,8074,257,0.043251906272485395,265860,29.54,0.17500000000000002,0.07433333333333333,Hybrid_RulesSupervised
0.9261111111111111,0.7041434121162133,0.3536977491961415,0.4554865424430642,0.3981900452488688,0.8005350886340824,0.30723252700641995,0.30723252700641995,0.362757903862353,0.04719971821063755,0.5445134575569358,220,402,8115,263,0.043251906272485395,271040,30.115555555555556,0.185,0.06911111111111111,Hybrid_RulesSupervised
0.9292222222222222,0.6989517494058285,0.36724137931034484,0.4409937888198758,0.4007525870178739,0.8005350886340824,0.30723252700641995,0.30723252700641995,0.3651948163424211,0.04309029000821886,0.5590062111801242,213,367,8150,270,0.043251906272485395,277340,30.815555555555555,0.195,0.06444444444444444,Hybrid_RulesSupervised
0.9304444444444444,0.6966680449842004,0.37300177619893427,0.43478260869565216,0.401529636711281,0.8005350886340824,0.30723252700641995,0.30723252700641995,0.36604330109474714,0.04144651872725138,0.5652173913043478,210,353,8164,273,0.043251906272485395,280060,31.11777777777778,0.19868192588924216,0.06255555555555556,Hybrid_RulesSupervised
0.9322222222222222,0.6937013805782661,0.3821892393320965,0.42650103519668736,0.40313111545988256,0.8005350886340824,0.30723252700641995,0.30723252700641995,0.367937768978478,0.039098274040154986,0.5734989648033126,206,333,8184,277,0.043251906272485395,283660,31.517777777777777,0.20500000000000002,0.05988888888888889,Hybrid_RulesSupervised
0.9343333333333333,0.6840754005325118,0.39156626506024095,0.40372670807453415,0.39755351681957185,0.8005350886340824,0.30723252700641995,0.30723252700641995,0.36288366331326993,0.03557590700951039,0.5962732919254659,195,303,8214,288,0.043251906272485395,294060,32.67333333333333,0.215,0.05533333333333333,Hybrid_RulesSupervised
0.9361111111111111,0.6781792644159981,0.4017094017094017,0.38923395445134573,0.3953732912723449,0.8005350886340824,0.30723252700641995,0.30723252700641995,0.36170598625997463,0.03287542561934954,0.6107660455486542,188,280,8237,295,0.043251906272485395,300600,33.4,0.225,0.052,Hybrid_RulesSupervised
0.9374444444444444,0.6759542661115474,0.4111111111111111,0.3830227743271222,0.3965702036441586,0.8005350886340824,0.30723252700641995,0.30723252700641995,0.36387931746628654,0.03111424210402724,0.6169772256728778,185,265,8252,298,0.043251906272485395,303300,33.7,0.22995076873626205,0.05,Hybrid_RulesSupervised
0.9381111111111111,0.6724005405338391,0.4151376146788991,0.3747412008281574,0.39390642002176285,0.8005350886340824,0.30723252700641995,0.30723252700641995,0.36191279209892807,0.029940119760479042,0.6252587991718427,181,255,8262,302,0.043251906272485395,307100,34.12222222222222,0.23500000000000001,0.04844444444444444,Hybrid_RulesSupervised
0.9407777777777778,0.6659975627845515,0.43686868686868685,0.3581780538302277,0.39362912400455063,0.8005350886340824,0.30723252700641995,0.30723252700641995,0.36479661728494023,0.02618292826112481,0.6418219461697723,173,223,8294,310,0.043251906272485395,314460,34.94,0.245,0.044,Hybrid_RulesSupervised
0.9421111111111111,0.6618195833397145,0.44919786096256686,0.34782608695652173,0.3920653442240374,0.8005350886340824,0.30723252700641995,0.30723252700641995,0.3654579680873501,0.024186920277092874,0.6521739130434783,168,206,8311,315,0.043251906272485395,319120,35.45777777777778,0.255,0.041555555555555554,Hybrid_RulesSupervised
0.9432222222222222,0.6565477010903294,0.4602272727272727,0.33540372670807456,0.3880239520958084,0.8005350886340824,0.30723252700641995,0.30723252700641995,0.36396900952176536,0.022308324527415758,0.6645962732919255,162,190,8327,321,0.043251906272485395,324800,36.08888888888889,0.265,0.03911111111111111,Hybrid_RulesSupervised
0.9438888888888889,0.6529939755126211,0.46745562130177515,0.32712215320910976,0.38489646772228997,0.8005350886340824,0.30723252700641995,0.30723252700641995,0.3627051938728277,0.021134202183867558,0.6728778467908902,158,180,8337,325,0.043251906272485395,328600,36.51111111111111,0.272755193967107,0.03755555555555556,Hybrid_RulesSupervised
0.944,0.6510997004894121,0.46846846846846846,0.32298136645962733,0.38235294117647056,0.8005350886340824,0.30723252700641995,0.30723252700641995,0.3607895691653612,0.020781965480803098,0.6770186335403726,156,177,8340,327,0.043251906272485395,330540,36.72666666666667,0.275,0.037,Hybrid_RulesSupervised
0.9448888888888889,0.6457104060056722,0.4792332268370607,0.3105590062111801,0.37688442211055273,0.8005350886340824,0.30723252700641995,0.30723252700641995,0.3584514763421388,0.019138194199835624,0.6894409937888198,150,163,8354,333,0.043251906272485395,336260,37.36222222222222,0.28500000000000003,0.034777777777777776,Hybrid_RulesSupervised
0.9446666666666667,0.632898616358806,0.4740484429065744,0.2836438923395445,0.35492227979274615,0.8005350886340824,0.30723252700641995,0.30723252700641995,0.3397695193611653,0.017846659621932607,0.7163561076604554,137,152,8365,346,0.043251906272485395,349040,38.782222222222224,0.295,0.03211111111111111,Hybrid_RulesSupervised
0.9457777777777778,0.6266502435392277,0.49056603773584906,0.2691511387163561,0.34759358288770054,0.8005350886340824,0.30723252700641995,0.30723252700641995,0.3376746996752711,0.01585065163790067,0.7308488612836439,130,135,8382,353,0.043251906272485395,355700,39.522222222222226,0.305,0.029444444444444443,Hybrid_RulesSupervised
0.9464444444444444,0.6182140651105534,0.5020746887966805,0.2505175983436853,0.33425414364640876,0.8005350886340824,0.30723252700641995,0.30723252700641995,0.3300503914576825,0.014089468122578372,0.7494824016563147,121,120,8397,362,0.043251906272485395,364400,40.48888888888889,0.315,0.02677777777777778,Hybrid_RulesSupervised
0.9464444444444444,0.6113786311192011,0.5022026431718062,0.2360248447204969,0.3211267605633803,0.8005350886340824,0.30723252700641995,0.30723252700641995,0.32015608997943446,0.013267582482094635,0.7639751552795031,114,113,8404,369,0.043251906272485395,371260,41.25111111111111,0.325,0.025222222222222222,Hybrid_RulesSupervised
0.9464444444444444,0.610402140549008,0.5022222222222222,0.23395445134575568,0.3192090395480226,0.8005350886340824,0.30723252700641995,0.30723252700641995,0.31872017624494015,0.013150170247739814,0.7660455486542443,113,112,8405,370,0.043251906272485395,372240,41.36,0.32595028120459013,0.025,Hybrid_RulesSupervised
0.9471111111111111,0.6019659621203337,0.5174129353233831,0.2153209109730849,0.30409356725146197,0.8005350886340824,0.30723252700641995,0.30723252700641995,0.3110193565628373,0.011388986732417518,0.7846790890269151,104,97,8420,379,0.043251906272485395,380940,42.32666666666667,0.335,0.022333333333333334,Hybrid_RulesSupervised
0.9466666666666667,0.5880602696689193,0.5084745762711864,0.18633540372670807,0.2727272727272727,0.8005350886340824,0.30723252700641995,0.30723252700641995,0.28584600241665464,0.010214864388869321,0.8136645962732919,90,87,8430,393,0.043251906272485395,394740,43.86,0.34500000000000003,0.019666666666666666,Hybrid_RulesSupervised
0.9456666666666667,0.5709315749210384,0.48026315789473684,0.15113871635610765,0.22992125984251968,0.8005350886340824,0.30723252700641995,0.30723252700641995,0.24810878185337895,0.009275566514030761,0.8488612836438924,73,79,8438,410,0.043251906272485395,411580,45.73111111111111,0.35500000000000004,0.016888888888888887,Hybrid_RulesSupervised
0.9461111111111111,0.560425003117623,0.49206349206349204,0.12836438923395446,0.20361247947454847,0.8005350886340824,0.30723252700641995,0.30723252700641995,0.2318027486521156,0.007514382998708466,0.8716356107660456,62,64,8453,421,0.043251906272485395,422280,46.92,0.365,0.014,Hybrid_RulesSupervised
0.9466666666666667,0.5568125714227373,0.5132743362831859,0.12008281573498965,0.19463087248322147,0.8005350886340824,0.30723252700641995,0.30723252700641995,0.22997176553267587,0.006457672889515088,0.8799171842650103,58,55,8462,425,0.043251906272485395,426100,47.34444444444444,0.3697789110316436,0.012555555555555556,Hybrid_RulesSupervised
0.9466666666666667,0.5509536280015781,0.5148514851485149,0.10766045548654245,0.1780821917808219,0.8005350886340824,0.30723252700641995,0.30723252700641995,0.21801717429114648,0.005753199483386168,0.8923395445134575,52,49,8468,431,0.043251906272485395,431980,47.99777777777778,0.375,0.011222222222222222,Hybrid_RulesSupervised
0.9473333333333334,0.5386114872921312,0.5652173913043478,0.08074534161490683,0.14130434782608695,0.8005350886340824,0.30723252700641995,0.30723252700641995,0.19952109762706874,0.003522367030644593,0.9192546583850931,39,30,8487,444,0.043251906272485395,444600,49.4,0.385,0.007666666666666666,Hybrid_RulesSupervised
0.9471111111111111,0.5306821504962308,0.5636363636363636,0.06418219461697723,0.11524163568773234,0.8005350886340824,0.30723252700641995,0.30723252700641995,0.1774439364100435,0.0028178936245156746,0.9358178053830227,31,24,8493,452,0.043251906272485395,452480,50.275555555555556,0.395,0.006111111111111111,Hybrid_RulesSupervised
0.9468888888888889,0.5237293042705237,0.5581395348837209,0.049689440993788817,0.09125475285171103,0.8005350886340824,0.30723252700641995,0.30723252700641995,0.15510163463012272,0.002230832452741576,0.9503105590062112,24,19,8498,459,0.043251906272485395,459380,51.04222222222222,0.405,0.0047777777777777775,Hybrid_RulesSupervised
0.947,0.5208585386771215,0.5833333333333334,0.043478260869565216,0.08092485549132948,0.8005350886340824,0.30723252700641995,0.30723252700641995,0.14894591248059155,0.0017611835153222965,0.9565217391304348,21,15,8502,462,0.043251906272485395,462300,51.36666666666667,0.41500000000000004,0.004,Hybrid_RulesSupervised
0.9471111111111111,0.5150583013731397,0.6521739130434783,0.031055900621118012,0.059288537549407126,0.8005350886340824,0.30723252700641995,0.30723252700641995,0.1344291147853875,0.0009392978748385582,0.968944099378882,15,8,8509,468,0.043251906272485395,468160,52.01777777777778,0.425,0.0025555555555555557,Hybrid_RulesSupervised
0.947,0.5091406518348032,0.75,0.018633540372670808,0.03636363636363636,0.8005350886340824,0.30723252700641995,0.30723252700641995,0.11290206799647085,0.0003522367030644593,0.9813664596273292,9,3,8514,474,0.043251906272485395,474060,52.67333333333333,0.435,0.0013333333333333333,Hybrid_RulesSupervised
0.9466666666666667,0.504082080632305,0.8,0.008281573498964804,0.01639344262295082,0.8005350886340824,0.30723252700641995,0.30723252700641995,0.07808055247823792,0.00011741223435481978,0.9917184265010351,4,1,8516,479,0.043251906272485395,479020,53.224444444444444,0.445,0.0005555555555555556,Hybrid_RulesSupervised
0.9464444444444444,0.5020116872575638,0.6666666666666666,0.004140786749482402,0.00823045267489712,0.8005350886340824,0.30723252700641995,0.30723252700641995,0.049670423406963385,0.00011741223435481978,0.9958592132505176,2,1,8516,481,0.043251906272485395,481020,53.446666666666665,0.455,0.0003333333333333333,Hybrid_RulesSupervised
0.9464444444444444,0.5020116872575638,0.6666666666666666,0.004140786749482402,0.00823045267489712,0.8005350886340824,0.30723252700641995,0.30723252700641995,0.049670423406963385,0.00011741223435481978,0.9958592132505176,2,1,8516,481,0.043251906272485395,481020,53.446666666666665,0.465,0.0003333333333333333,Hybrid_RulesSupervised
0.9462222222222222,0.4999412938828226,0.0,0.0,0.0,0.8005350886340824,0.30723252700641995,0.30723252700641995,-0.002510343292522719,0.00011741223435481978,1.0,0,1,8516,483,0.043251906272485395,483020,53.66888888888889,0.47500000000000003,0.00011111111111111112,Hybrid_RulesSupervised
0.9462222222222222,0.4999412938828226,0.0,0.0,0.0,0.8005350886340824,0.30723252700641995,0.30723252700641995,-0.002510343292522719,0.00011741223435481978,1.0,0,1,8516,483,0.043251906272485395,483020,53.66888888888889,0.47987377679916454,0.00011111111111111112,Hybrid_RulesSupervised
0.9463333333333334,0.5,0.0,0.0,0.0,0.8005350886340824,0.30723252700641995,0.30723252700641995,0.0,0.0,1.0,0,0,8517,483,0.043251906272485395,483000,53.666666666666664,0.485,0.0,Hybrid_RulesSupervised
0.9463333333333334,0.5,0.0,0.0,0.0,0.8005350886340824,0.30723252700641995,0.30723252700641995,0.0,0.0,1.0,0,0,8517,483,0.043251906272485395,483000,53.666666666666664,0.495,0.0,Hybrid_RulesSupervised
0.9463333333333334,0.5,0.0,0.0,0.0,0.8005350886340824,0.30723252700641995,0.30723252700641995,0.0,0.0,1.0,0,0,8517,483,0.043251906272485395,483000,53.666666666666664,0.505,0.0,Hybrid_RulesSupervised
0.9463333333333334,0.5,0.0,0.0,0.0,0.8005350886340824,0.30723252700641995,0.30723252700641995,0.0,0.0,1.0,0,0,8517,483,0.043251906272485395,483000,53.666666666666664,0.515,0.0,Hybrid_RulesSupervised
0.9463333333333334,0.5,0.0,0.0,0.0,0.8005350886340824,0.30723252700641995,0.30723252700641995,0.0,0.0,1.0,0,0,8517,483,0.043251906272485395,483000,53.666666666666664,0.525,0.0,Hybrid_RulesSupervised
0.9463333333333334,0.5,0.0,0.0,0.0,0.8005350886340824,0.30723252700641995,0.30723252700641995,0.0,0.0,1.0,0,0,8517,483,0.043251906272485395,483000,53.666666666666664,0.535,0.0,Hybrid_RulesSupervised
0.9463333333333334,0.5,0.0,0.0,0.0,0.8005350886340824,0.30723252700641995,0.30723252700641995,0.0,0.0,1.0,0,0,8517,483,0.043251906272485395,483000,53.666666666666664,0.545,0.0,Hybrid_RulesSupervised
0.9463333333333334,0.5,0.0,0.0,0.0,0.8005350886340824,0.30723252700641995,0.30723252700641995,0.0,0.0,1.0,0,0,8517,483,0.043251906272485395,483000,53.666666666666664,0.555,0.0,Hybrid_RulesSupervised
0.9463333333333334,0.5,0.0,0.0,0.0,0.8005350886340824,0.30723252700641995,0.30723252700641995,0.0,0.0,1.0,0,0,8517,483,0.043251906272485395,483000,53.666666666666664,0.5650000000000001,0.0,Hybrid_RulesSupervised
0.9463333333333334,0.5,0.0,0.0,0.0,0.8005350886340824,0.30723252700641995,0.30723252700641995,0.0,0.0,1.0,0,0,8517,483,0.043251906272485395,483000,53.666666666666664,0.5750000000000001,0.0,Hybrid_RulesSupervised
0.9463333333333334,0.5,0.0,0.0,0.0,0.8005350886340824,0.30723252700641995,0.30723252700641995,0.0,0.0,1.0,0,0,8517,483,0.043251906272485395,483000,53.666666666666664,0.585,0.0,Hybrid_RulesSupervised
0.9463333333333334,0.5,0.0,0.0,0.0,0.8005350886340824,0.30723252700641995,0.30723252700641995,0.0,0.0,1.0,0,0,8517,483,0.043251906272485395,483000,53.666666666666664,0.595,0.0,Hybrid_RulesSupervised
0.9463333333333334,0.5,0.0,0.0,0.0,0.8005350886340824,0.30723252700641995,0.30723252700641995,0.0,0.0,1.0,0,0,8517,483,0.043251906272485395,483000,53.666666666666664,0.605,0.0,Hybrid_RulesSupervised
0.9463333333333334,0.5,0.0,0.0,0.0,0.8005350886340824,0.30723252700641995,0.30723252700641995,0.0,0.0,1.0,0,0,8517,483,0.043251906272485395,483000,53.666666666666664,0.615,0.0,Hybrid_RulesSupervised
0.9463333333333334,0.5,0.0,0.0,0.0,0.8005350886340824,0.30723252700641995,0.30723252700641995,0.0,0.0,1.0,0,0,8517,483,0.043251906272485395,483000,53.666666666666664,0.625,0.0,Hybrid_RulesSupervised
0.9463333333333334,0.5,0.0,0.0,0.0,0.8005350886340824,0.30723252700641995,0.30723252700641995,0.0,0.0,1.0,0,0,8517,483,0.043251906272485395,483000,53.666666666666664,0.635,0.0,Hybrid_RulesSupervised
0.9463333333333334,0.5,0.0,0.0,0.0,0.8005350886340824,0.30723252700641995,0.30723252700641995,0.0,0.0,1.0,0,0,8517,483,0.043251906272485395,483000,53.666666666666664,0.645,0.0,Hybrid_RulesSupervised
0.9463333333333334,0.5,0.0,0.0,0.0,0.8005350886340824,0.30723252700641995,0.30723252700641995,0.0,0.0,1.0,0,0,8517,483,0.043251906272485395,483000,53.666666666666664,0.655,0.0,Hybrid_RulesSupervised
0.9463333333333334,0.5,0.0,0.0,0.0,0.8005350886340824,0.30723252700641995,0.30723252700641995,0.0,0.0,1.0,0,0,8517,483,0.043251906272485395,483000,53.666666666666664,0.665,0.0,Hybrid_RulesSupervised
0.9463333333333334,0.5,0.0,0.0,0.0,0.8005350886340824,0.30723252700641995,0.30723252700641995,0.0,0.0,1.0,0,0,8517,483,0.043251906272485395,483000,53.666666666666664,0.675,0.0,Hybrid_RulesSupervised
0.9463333333333334,0.5,0.0,0.0,0.0,0.8005350886340824,0.30723252700641995,0.30723252700641995,0.0,0.0,1.0,0,0,8517,483,0.043251906272485395,483000,53.666666666666664,0.685,0.0,Hybrid_RulesSupervised
0.9463333333333334,0.5,0.0,0.0,0.0,0.8005350886340824,0.30723252700641995,0.30723252700641995,0.0,0.0,1.0,0,0,8517,483,0.043251906272485395,483000,53.666666666666664,0.6950000000000001,0.0,Hybrid_RulesSupervised
0.9463333333333334,0.5,0.0,0.0,0.0,0.8005350886340824,0.30723252700641995,0.30723252700641995,0.0,0.0,1.0,0,0,8517,483,0.043251906272485395,483000,53.666666666666664,0.7050000000000001,0.0,Hybrid_RulesSupervised
0.9463333333333334,0.5,0.0,0.0,0.0,0.8005350886340824,0.30723252700641995,0.30723252700641995,0.0,0.0,1.0,0,0,8517,483,0.043251906272485395,483000,53.666666666666664,0.715,0.0,Hybrid_RulesSupervised
0.9463333333333334,0.5,0.0,0.0,0.0,0.8005350886340824,0.30723252700641995,0.30723252700641995,0.0,0.0,1.0,0,0,8517,483,0.043251906272485395,483000,53.666666666666664,0.725,0.0,Hybrid_RulesSupervised
0.9463333333333334,0.5,0.0,0.0,0.0,0.8005350886340824,0.30723252700641995,0.30723252700641995,0.0,0.0,1.0,0,0,8517,483,0.043251906272485395,483000,53.666666666666664,0.735,0.0,Hybrid_RulesSupervised
0.9463333333333334,0.5,0.0,0.0,0.0,0.8005350886340824,0.30723252700641995,0.30723252700641995,0.0,0.0,1.0,0,0,8517,483,0.043251906272485395,483000,53.666666666666664,0.745,0.0,Hybrid_RulesSupervised
0.9463333333333334,0.5,0.0,0.0,0.0,0.8005350886340824,0.30723252700641995,0.30723252700641995,0.0,0.0,1.0,0,0,8517,483,0.043251906272485395,483000,53.666666666666664,0.755,0.0,Hybrid_RulesSupervised
0.9463333333333334,0.5,0.0,0.0,0.0,0.8005350886340824,0.30723252700641995,0.30723252700641995,0.0,0.0,1.0,0,0,8517,483,0.043251906272485395,483000,53.666666666666664,0.765,0.0,Hybrid_RulesSupervised
0.9463333333333334,0.5,0.0,0.0,0.0,0.8005350886340824,0.30723252700641995,0.30723252700641995,0.0,0.0,1.0,0,0,8517,483,0.043251906272485395,483000,53.666666666666664,0.775,0.0,Hybrid_RulesSupervised
0.9463333333333334,0.5,0.0,0.0,0.0,0.8005350886340824,0.30723252700641995,0.30723252700641995,0.0,0.0,1.0,0,0,8517,483,0.043251906272485395,483000,53.666666666666664,0.785,0.0,Hybrid_RulesSupervised
0.9463333333333334,0.5,0.0,0.0,0.0,0.8005350886340824,0.30723252700641995,0.30723252700641995,0.0,0.0,1.0,0,0,8517,483,0.043251906272485395,483000,53.666666666666664,0.795,0.0,Hybrid_RulesSupervised
0.9463333333333334,0.5,0.0,0.0,0.0,0.8005350886340824,0.30723252700641995,0.30723252700641995,0.0,0.0,1.0,0,0,8517,483,0.043251906272485395,483000,53.666666666666664,0.805,0.0,Hybrid_RulesSupervised
0.9463333333333334,0.5,0.0,0.0,0.0,0.8005350886340824,0.30723252700641995,0.30723252700641995,0.0,0.0,1.0,0,0,8517,483,0.043251906272485395,483000,53.666666666666664,0.8150000000000001,0.0,Hybrid_RulesSupervised
0.9463333333333334,0.5,0.0,0.0,0.0,0.8005350886340824,0.30723252700641995,0.30723252700641995,0.0,0.0,1.0,0,0,8517,483,0.043251906272485395,483000,53.666666666666664,0.8250000000000001,0.0,Hybrid_RulesSupervised
0.9463333333333334,0.5,0.0,0.0,0.0,0.8005350886340824,0.30723252700641995,0.30723252700641995,0.0,0.0,1.0,0,0,8517,483,0.043251906272485395,483000,53.666666666666664,0.8350000000000001,0.0,Hybrid_RulesSupervised
0.9463333333333334,0.5,0.0,0.0,0.0,0.8005350886340824,0.30723252700641995,0.30723252700641995,0.0,0.0,1.0,0,0,8517,483,0.043251906272485395,483000,53.666666666666664,0.845,0.0,Hybrid_RulesSupervised
0.9463333333333334,0.5,0.0,0.0,0.0,0.8005350886340824,0.30723252700641995,0.30723252700641995,0.0,0.0,1.0,0,0,8517,483,0.043251906272485395,483000,53.666666666666664,0.855,0.0,Hybrid_RulesSupervised
0.9463333333333334,0.5,0.0,0.0,0.0,0.8005350886340824,0.30723252700641995,0.30723252700641995,0.0,0.0,1.0,0,0,8517,483,0.043251906272485395,483000,53.666666666666664,0.865,0.0,Hybrid_RulesSupervised
0.9463333333333334,0.5,0.0,0.0,0.0,0.8005350886340824,0.30723252700641995,0.30723252700641995,0.0,0.0,1.0,0,0,8517,483,0.043251906272485395,483000,53.666666666666664,0.875,0.0,Hybrid_RulesSupervised
0.9463333333333334,0.5,0.0,0.0,0.0,0.8005350886340824,0.30723252700641995,0.30723252700641995,0.0,0.0,1.0,0,0,8517,483,0.043251906272485395,483000,53.666666666666664,0.885,0.0,Hybrid_RulesSupervised
0.9463333333333334,0.5,0.0,0.0,0.0,0.8005350886340824,0.30723252700641995,0.30723252700641995,0.0,0.0,1.0,0,0,8517,483,0.043251906272485395,483000,53.666666666666664,0.895,0.0,Hybrid_RulesSupervised
0.9463333333333334,0.5,0.0,0.0,0.0,0.8005350886340824,0.30723252700641995,0.30723252700641995,0.0,0.0,1.0,0,0,8517,483,0.043251906272485395,483000,53.666666666666664,0.905,0.0,Hybrid_RulesSupervised
0.9463333333333334,0.5,0.0,0.0,0.0,0.8005350886340824,0.30723252700641995,0.30723252700641995,0.0,0.0,1.0,0,0,8517,483,0.043251906272485395,483000,53.666666666666664,0.915,0.0,Hybrid_RulesSupervised
0.9463333333333334,0.5,0.0,0.0,0.0,0.8005350886340824,0.30723252700641995,0.30723252700641995,0.0,0.0,1.0,0,0,8517,483,0.043251906272485395,483000,53.666666666666664,0.925,0.0,Hybrid_RulesSupervised
0.9463333333333334,0.5,0.0,0.0,0.0,0.8005350886340824,0.30723252700641995,0.30723252700641995,0.0,0.0,1.0,0,0,8517,483,0.043251906272485395,483000,53.666666666666664,0.935,0.0,Hybrid_RulesSupervised
0.9463333333333334,0.5,0.0,0.0,0.0,0.8005350886340824,0.30723252700641995,0.30723252700641995,0.0,0.0,1.0,0,0,8517,483,0.043251906272485395,483000,53.666666666666664,0.9450000000000001,0.0,Hybrid_RulesSupervised
0.9463333333333334,0.5,0.0,0.0,0.0,0.8005350886340824,0.30723252700641995,0.30723252700641995,0.0,0.0,1.0,0,0,8517,483,0.043251906272485395,483000,53.666666666666664,0.9550000000000001,0.0,Hybrid_RulesSupervised
0.9463333333333334,0.5,0.0,0.0,0.0,0.8005350886340824,0.30723252700641995,0.30723252700641995,0.0,0.0,1.0,0,0,8517,483,0.043251906272485395,483000,53.666666666666664,0.965,0.0,Hybrid_RulesSupervised
0.9463333333333334,0.5,0.0,0.0,0.0,0.8005350886340824,0.30723252700641995,0.30723252700641995,0.0,0.0,1.0,0,0,8517,483,0.043251906272485395,483000,53.666666666666664,0.975,0.0,Hybrid_RulesSupervised
0.9463333333333334,0.5,0.0,0.0,0.0,0.8005350886340824,0.30723252700641995,0.30723252700641995,0.0,0.0,1.0,0,0,8517,483,0.043251906272485395,483000,53.666666666666664,0.985,0.0,Hybrid_RulesSupervised
0.9463333333333334,0.5,0.0,0.0,0.0,0.8005350886340824,0.30723252700641995,0.30723252700641995,0.0,0.0,1.0,0,0,8517,483,0.043251906272485395,483000,53.666666666666664,0.995,0.0,Hybrid_RulesSupervised
0.9463333333333334,0.5,0.0,0.0,0.0,0.8005350886340824,0.30723252700641995,0.30723252700641995,0.0,0.0,1.0,0,0,8517,483,0.043251906272485395,483000,53.666666666666664,1.000001,0.0,Hybrid_RulesSupervised
0.05366666666666667,0.5,0.05366666666666667,1.0,0.1018664979436887,0.8006026675184523,0.3048563852641411,0.3048563852641411,0.0,1.0,0.0,483,8517,0,0,0.043257905873945006,170340,18.926666666666666,0.005,1.0,Hybrid_AddAnomaly
0.05366666666666667,0.5,0.05366666666666667,1.0,0.1018664979436887,0.8006026675184523,0.3048563852641411,0.3048563852641411,0.0,1.0,0.0,483,8517,0,0,0.043257905873945006,170340,18.926666666666666,0.006244709790480236,1.0,Hybrid_AddAnomaly
0.06577777777777778,0.5044459856319513,0.054124001350286936,0.9958592132505176,0.10266808964781217,0.8006026675184523,0.3048563852641411,0.3048563852641411,0.017996917578413787,0.986967241986615,0.004140786749482402,481,8406,111,2,0.043257905873945006,170120,18.90222222222222,0.009018752964121309,0.9874444444444445,Hybrid_AddAnomaly
0.07777777777777778,0.5088332651467251,0.054586894586894585,0.9917184265010351,0.10347807301793042,0.8006026675184523,0.3048563852641411,0.3048563852641411,0.02550077208994691,0.9740518962075848,0.008281573498964804,479,8296,221,4,0.043257905873945006,169920,18.88,0.009667723372009175,0.975,Hybrid_AddAnomaly
0.0898888888888889,0.5132792507786764,0.05506811359963057,0.9875776397515528,0.10431930016402406,0.8006026675184523,0.3048563852641411,0.3048563852641411,0.03148132605893637,0.9610191381941998,0.012422360248447204,477,8185,332,6,0.043257905873945006,169700,18.855555555555554,0.010138001830436649,0.9624444444444444,Hybrid_AddAnomaly
0.10188888888888889,0.5176665302934503,0.05555555555555555,0.9834368530020704,0.10516993246983285,0.8006026675184523,0.3048563852641411,0.3048563852641411,0.03653497654386402,0.9481037924151696,0.016563146997929608,475,8075,442,8,0.043257905873945006,169500,18.833333333333332,0.01055916110958512,0.95,Hybrid_AddAnomaly
0.11422222222222222,0.5232064187299497,0.05618110702856466,0.9813664596273292,0.10627802690582962,0.8006026675184523,0.3048563852641411,0.3048563852641411,0.0431923453511737,0.9349536221674298,0.018633540372670808,474,7963,554,9,0.043257905873945006,168260,18.695555555555554,0.010933612283025269,0.9374444444444444,Hybrid_AddAnomaly
0.12666666666666668,0.5297815038538196,0.05693693693693694,0.9813664596273292,0.10762942779291552,0.8006026675184523,0.3048563852641411,0.3048563852641411,0.050962356475366045,0.92180345191969,0.018633540372670808,474,7851,666,9,0.043257905873945006,166020,18.446666666666665,0.011302351456777725,0.925,Hybrid_AddAnomaly
0.13922222222222222,0.5364152950948669,0.05772040915733073,0.9813664596273292,0.10902817711328348,0.8006026675184523,0.3048563852641411,0.3048563852641411,0.05806883848815507,0.9085358694375953,0.018633540372670808,474,7738,779,9,0.043257905873945006,163760,18.195555555555554,0.011650084767023389,0.9124444444444444,Hybrid_AddAnomaly
0.15166666666666667,0.5429903802187368,0.05851851851851852,0.9813664596273292,0.11045089129674938,0.8006026675184523,0.3048563852641411,0.3048563852641411,0.06458838221787157,0.8953856991898556,0.018633540372670808,474,7626,891,9,0.043257905873945006,161520,17.946666666666665,0.011995746743184483,0.9,Hybrid_AddAnomaly
0.164,0.5485302686552361,0.05922123450607237,0.979296066252588,0.1116883116883117,0.8006026675184523,0.3048563852641411,0.3048563852641411,0.06920907029313965,0.8822355289421158,0.020703933747412008,473,7514,1003,10,0.043257905873945006,160280,17.808888888888887,0.012298378221667006,0.8874444444444445,Hybrid_AddAnomaly
0.176,0.5529175481700099,0.05980952380952381,0.9751552795031055,0.11270638908829865,0.8006026675184523,0.3048563852641411,0.3048563852641411,0.07211822945787096,0.8693201831630856,0.024844720496894408,471,7404,1113,12,0.043257905873945006,160080,17.786666666666665,0.01260238943300275,0.875,Hybrid_AddAnomaly
0.18833333333333332,0.5584574366065094,0.06055140427724813,0.9730848861283644,0.11400848999393573,0.8006026675184523,0.3048563852641411,0.3048563852641411,0.0764961381162458,0.8561700129153458,0.026915113871635612,470,7292,1225,13,0.043257905873945006,158840,17.648888888888887,0.012930467726464943,0.8624444444444445,Hybrid_AddAnomaly
0.2001111111111111,0.5617508133167352,0.06104575163398693,0.9668737060041408,0.11484077216279356,0.8006026675184523,0.3048563852641411,0.3048563852641411,0.07794566468725252,0.8433720793706704,0.033126293995859216,467,7183,1334,16,0.043257905873945006,159660,17.74,0.013279998951161984,0.85,Hybrid_AddAnomaly
0.21266666666666667,0.5683846045577825,0.06196099243730927,0.9668737060041408,0.11645885286783042,0.8006026675184523,0.3048563852641411,0.3048563852641411,0.08353794813122897,0.8301044968885758,0.033126293995859216,467,7070,1447,16,0.043257905873945006,157400,17.488888888888887,0.013586553680095169,0.8374444444444444,Hybrid_AddAnomaly
0.2248888888888889,0.5738657868771044,0.06276094276094277,0.9648033126293996,0.11785533636823471,0.8006026675184523,0.3048563852641411,0.3048563852641411,0.0876196885755279,0.8170717388751908,0.035196687370600416,466,6959,1558,17,0.043257905873945006,156180,17.35333333333333,0.013871990104185262,0.825,Hybrid_AddAnomaly
0.23722222222222222,0.5794056753136038,0.06359409190371991,0.9627329192546584,0.11930724823604874,0.8006026675184523,0.3048563852641411,0.3048563852641411,0.09168411891236478,0.803921568627451,0.037267080745341616,465,6847,1670,18,0.043257905873945006,154940,17.215555555555557,0.014167585831654655,0.8124444444444444,Hybrid_AddAnomaly
0.24922222222222223,0.5837929548283776,0.06430555555555556,0.9585921325051759,0.12052583626187689,0.8006026675184523,0.3048563852641411,0.3048563852641411,0.09441736789864431,0.7910062228484208,0.041407867494824016,463,6737,1780,20,0.043257905873945006,154740,17.19333333333333,0.01444147965312153,0.8,Hybrid_AddAnomaly
0.2613333333333333,0.5882389404603289,0.06504868068294059,0.9544513457556936,0.12179656538969616,0.8006026675184523,0.3048563852641411,0.3048563852641411,0.09721168431352945,0.7779734648350358,0.045548654244306416,461,6626,1891,22,0.043257905873945006,154520,17.16888888888889,0.014709522035429905,0.7874444444444444,Hybrid_AddAnomaly
0.27155555555555555,0.5877809598194914,0.06515824144350565,0.9420289855072463,0.12188588266809536,0.8006026675184523,0.3048563852641411,0.3048563852641411,0.09487968622127269,0.7664670658682635,0.057971014492753624,455,6528,1989,28,0.043257905873945006,158560,17.61777777777778,0.015,0.7758888888888889,Hybrid_AddAnomaly
0.27244444444444443,0.5882506087569107,0.06523297491039426,0.9420289855072463,0.12201662644140518,0.8006026675184523,0.3048563852641411,0.3048563852641411,0.09525328777430021,0.7655277679934249,0.057971014492753624,455,6520,1997,28,0.043257905873945006,158400,17.6,0.015022791104510711,0.775,Hybrid_AddAnomaly
0.2847777777777778,0.59379049719341,0.06616146895948703,0.9399585921325052,0.1236215112321307,0.8006026675184523,0.3048563852641411,0.3048563852641411,0.09932910343847062,0.7523775977456851,0.060041407867494824,454,6408,2109,29,0.043257905873945006,157160,17.462222222222223,0.015243378237600923,0.7624444444444445,Hybrid_AddAnomaly
0.29677777777777775,0.598177776708184,0.06696296296296296,0.9358178053830227,0.12498271809760816,0.8006026675184523,0.3048563852641411,0.3048563852641411,0.1021920078606397,0.7394622519666549,0.06418219461697723,452,6298,2219,31,0.043257905873945006,156960,17.44,0.015506262389670254,0.75,Hybrid_AddAnomaly
0.3091111111111111,0.6037176651446833,0.06795238812716589,0.9337474120082816,0.12668539325842695,0.8006026675184523,0.3048563852641411,0.3048563852641411,0.10623847954017616,0.7263120817189151,0.06625258799171843,451,6186,2331,32,0.043257905873945006,155720,17.302222222222223,0.015740389270908584,0.7374444444444445,Hybrid_AddAnomaly
0.32133333333333336,0.6091988474640051,0.06896551724137931,0.9316770186335404,0.1284246575342466,0.8006026675184523,0.3048563852641411,0.3048563852641411,0.1102267695676889,0.7132793237055302,0.06832298136645963,450,6075,2442,33,0.043257905873945006,154500,17.166666666666668,0.016049271244282085,0.725,Hybrid_AddAnomaly
0.33366666666666667,0.6147387359005044,0.07002495321272614,0.9296066252587992,0.13023930384336477,0.8006026675184523,0.3048563852641411,0.3048563852641411,0.11425574663877029,0.7001291534577903,0.07039337474120083,449,5963,2554,34,0.043257905873945006,153260,17.02888888888889,0.01632749830400397,0.7124444444444444,Hybrid_AddAnomaly
0.34544444444444444,0.6180321126107303,0.0707936507936508,0.9233954451345756,0.13150523367241632,0.8006026675184523,0.3048563852641411,0.3048563852641411,0.11609002596141729,0.687331219913115,0.07660455486542443,446,5854,2663,37,0.043257905873945006,154080,17.12,0.016590439750231216,0.7,Hybrid_AddAnomaly
0.35755555555555557,0.6224780982426816,0.07176337481816712,0.9192546583850931,0.1331334332833583,0.8006026675184523,0.3048563852641411,0.3048563852641411,0.11909139839999797,0.67429846189973,0.08074534161490683,444,5743,2774,39,0.043257905873945006,153860,17.095555555555556,0.016851021532584116,0.6874444444444444,Hybrid_AddAnomaly
0.3695555555555556,0.6268653777574555,0.07275720164609054,0.9151138716356108,0.13479719426654468,0.8006026675184523,0.3048563852641411,0.3048563852641411,0.12208264367932271,0.6613831161206998,0.08488612836438923,442,5633,2884,41,0.043257905873945006,153660,17.073333333333334,0.017124910052466562,0.675,Hybrid_AddAnomaly
0.3818888888888889,0.6324052661939548,0.07396846695739685,0.9130434782608695,0.13685027152831655,0.8006026675184523,0.3048563852641411,0.3048563852641411,0.12620084790827976,0.64823294587296,0.08695652173913043,441,5521,2996,42,0.043257905873945006,152420,16.935555555555556,0.017436536555740102,0.6624444444444444,Hybrid_AddAnomaly
0.39411111111111113,0.6378864485132767,0.07521367521367521,0.9109730848861284,0.13895468182535922,0.8006026675184523,0.3048563852641411,0.3048563852641411,0.13029725322468788,0.635200187859575,0.08902691511387163,440,5410,3107,43,0.043257905873945006,151200,16.8,0.01773713362347901,0.65,Hybrid_AddAnomaly
0.4062222222222222,0.642332434145228,0.07634652257277323,0.906832298136646,0.14083601286173636,0.8006026675184523,0.3048563852641411,0.3048563852641411,0.13344422982259932,0.62216742984619,0.09316770186335403,438,5299,3218,45,0.043257905873945006,150980,16.775555555555556,0.018060428897777397,0.6374444444444445,Hybrid_AddAnomaly
0.4182222222222222,0.6467197136600018,0.07751111111111111,0.9026915113871635,0.14276358873608383,0.8006026675184523,0.3048563852641411,0.3048563852641411,0.13659575515650962,0.6092520840671598,0.09730848861283643,436,5189,3328,47,0.043257905873945006,150780,16.753333333333334,0.018377214173814337,0.625,Hybrid_AddAnomaly
0.4298888888888889,0.6489778936828572,0.0783744557329463,0.8944099378881988,0.14412010008340284,0.8006026675184523,0.3048563852641411,0.3048563852641411,0.13782432424755756,0.5964541505224844,0.10559006211180125,432,5080,3437,51,0.043257905873945006,152600,16.955555555555556,0.018746575804453002,0.6124444444444445,Hybrid_AddAnomaly
0.4421111111111111,0.654459076002179,0.07981481481481481,0.8923395445134575,0.14652388237293898,0.8006026675184523,0.3048563852641411,0.3048563852641411,0.14210592531859909,0.5834213925090994,0.10766045548654245,431,4969,3548,52,0.043257905873945006,151380,16.82,0.01909601922205219,0.6,Hybrid_AddAnomaly
0.45355555555555555,0.6556233532204863,0.08057499527142047,0.8819875776397516,0.14766031195840557,0.8006026675184523,0.3048563852641411,0.3048563852641411,0.14248020249504736,0.5707408711987789,0.11801242236024845,426,4861,3656,57,0.043257905873945006,154220,17.135555555555555,0.019513392913193144,0.5874444444444444,Hybrid_AddAnomaly
0.46555555555555556,0.6600106327352602,0.08193236714975845,0.8778467908902692,0.14987628137150935,0.8006026675184523,0.3048563852641411,0.3048563852641411,0.1458897669113042,0.5578255254197487,0.12215320910973085,424,4751,3766,59,0.043257905873945006,154020,17.113333333333333,0.019985098640391063,0.575,Hybrid_AddAnomaly
0.4772222222222222,0.6622688127581154,0.08297115764519952,0.8695652173913043,0.151487826871055,0.8006026675184523,0.3048563852641411,0.3048563852641411,0.14742903301100196,0.5450275918750734,0.13043478260869565,420,4642,3875,63,0.043257905873945006,155840,17.315555555555555,0.02038328380395309,0.5624444444444444,Hybrid_AddAnomaly
0.48966666666666664,0.6688438978819854,0.08484848484848485,0.8695652173913043,0.15461071231363888,0.8006026675184523,0.3048563852641411,0.3048563852641411,0.1529685476003416,0.5318774216273335,0.13043478260869565,420,4530,3987,63,0.043257905873945006,153600,17.066666666666666,0.020781010051612096,0.55,Hybrid_AddAnomaly
0.5015555555555555,0.6721959807093887,0.08621046102956378,0.8633540372670807,0.15676691729323308,0.8006026675184523,0.3048563852641411,0.3048563852641411,0.1556605805054159,0.5189620758483033,0.13664596273291926,417,4420,4097,66,0.043257905873945006,154400,17.155555555555555,0.021313298242400327,0.5374444444444444,Hybrid_AddAnomaly
0.5135555555555555,0.6765832602241626,0.08783068783068783,0.8592132505175983,0.15937019969278035,0.8006026675184523,0.3048563852641411,0.3048563852641411,0.1593776612427244,0.5060467300692733,0.14078674948240166,415,4310,4207,68,0.043257905873945006,154200,17.133333333333333,0.02184196929256847,0.525,Hybrid_AddAnomaly
0.5254444444444445,0.6799353430515658,0.08933217692974849,0.8530020703933747,0.1617271835132483,0.8006026675184523,0.3048563852641411,0.3048563852641411,0.16225026026089126,0.49313138429024306,0.14699792960662525,412,4200,4317,71,0.043257905873945006,155000,17.22222222222222,0.022353717787446506,0.5124444444444445,Hybrid_AddAnomaly
0.5372222222222223,0.6832287197617917,0.0908888888888889,0.8467908902691511,0.16415813766807147,0.8006026675184523,0.3048563852641411,0.3048563852641411,0.16516876368692346,0.4803334507455677,0.15320910973084886,409,4091,4426,74,0.043257905873945006,155820,17.313333333333333,0.02299309194285627,0.5,Hybrid_AddAnomaly
0.5492222222222222,0.6876159992765656,0.09275296262534184,0.8426501035196687,0.16711147608293986,0.8006026675184523,0.3048563852641411,0.3048563852641411,0.16917601731532114,0.4674181049665375,0.15734989648033126,407,3981,4536,76,0.043257905873945006,155620,17.29111111111111,0.02357210846559861,0.4875555555555556,Hybrid_AddAnomaly
0.5608888888888889,0.6898741792994209,0.09426900584795321,0.8343685300207039,0.16939890710382513,0.8006026675184523,0.3048563852641411,0.3048563852641411,0.17137356388543218,0.4546201714218622,0.16563146997929606,403,3872,4645,80,0.043257905873945006,157440,17.493333333333332,0.024256740022529467,0.475,Hybrid_AddAnomaly
0.5728888888888889,0.6942614588141948,0.09632476579389863,0.8302277432712215,0.17262160998708567,0.8006026675184523,0.3048563852641411,0.3048563852641411,0.17560718504736725,0.441704825642832,0.16977225672877846,401,3762,4755,82,0.043257905873945006,157240,17.47111111111111,0.025,0.46255555555555555,Hybrid_AddAnomaly
0.5728888888888889,0.6942614588141948,0.09632476579389863,0.8302277432712215,0.17262160998708567,0.8006026675184523,0.3048563852641411,0.3048563852641411,0.17560718504736725,0.441704825642832,0.16977225672877846,401,3762,4755,82,0.043257905873945006,157240,17.47111111111111,0.025010093106033898,0.46255555555555555,Hybrid_AddAnomaly
0.5847777777777777,0.6976135416415981,0.09827160493827161,0.8240165631469979,0.1756011471431723,0.8006026675184523,0.3048563852641411,0.3048563852641411,0.17903315920959967,0.4287894798638018,0.17598343685300208,398,3652,4865,85,0.043257905873945006,158040,17.56,0.025857225672658534,0.45,Hybrid_AddAnomaly
0.5958888888888889,0.6976252099381799,0.09954291518537328,0.8115942028985508,0.17733544446957702,0.8006026675184523,0.3048563852641411,0.3048563852641411,0.1795520229954044,0.41634378302219094,0.18840579710144928,392,3546,4971,91,0.043257905873945006,161920,17.99111111111111,0.026758392728458414,0.43755555555555553,Hybrid_AddAnomaly
0.6075555555555555,0.6998833899610352,0.10143790849673202,0.8033126293995859,0.18012999071494892,0.8006026675184523,0.3048563852641411,0.3048563852641411,0.18224377138176764,0.40354584947751554,0.19668737060041408,388,3437,5080,95,0.043257905873945006,163740,18.19333333333333,0.02765919032029859,0.425,Hybrid_AddAnomaly
0.6191111111111111,0.702082863866713,0.10342041475895503,0.7950310559006211,0.18303145853193517,0.8006026675184523,0.3048563852641411,0.3048563852641411,0.18501598101227695,0.39086532816719505,0.20496894409937888,384,3329,5188,99,0.043257905873945006,165580,18.397777777777776,0.02861227881511819,0.41255555555555556,Hybrid_AddAnomaly
0.6312222222222222,0.7065288494986643,0.10611111111111111,0.7908902691511387,0.18711731569924075,0.8006026675184523,0.3048563852641411,0.3048563852641411,0.19001132223903333,0.37783257015381005,0.20910973084886128,382,3218,5299,101,0.043257905873945006,165360,18.373333333333335,0.02944468937305767,0.4,Hybrid_AddAnomaly
0.643,0.7098222262088902,0.10865825688073394,0.7846790890269151,0.19088390833543187,0.8006026675184523,0.3048563852641411,0.3048563852641411,0.19411340719395678,0.36503463660913466,0.2153209109730849,379,3109,5408,104,0.043257905873945006,166180,18.464444444444446,0.03044095397619963,0.38755555555555554,Hybrid_AddAnomaly
0.6551111111111111,0.7142682118408414,0.11170370370370371,0.7805383022774327,0.19543805080352514,0.8006026675184523,0.3048563852641411,0.3048563852641411,0.1994832696460863,0.35200187859574966,0.2194616977225673,377,2998,5519,106,0.043257905873945006,165960,18.44,0.031372146385749484,0.375,Hybrid_AddAnomaly
0.6668888888888889,0.7175615885510673,0.11461844927980386,0.7743271221532091,0.19967965830218898,0.8006026675184523,0.3048563852641411,0.3048563852641411,0.2039755646527865,0.3392039450510743,0.22567287784679088,374,2889,5628,109,0.043257905873945006,166780,18.531111111111112,0.0323231941829176,0.3625555555555556,Hybrid_AddAnomaly
0.6785555555555556,0.7198197685739227,0.11746031746031746,0.7660455486542443,0.2036884117808973,0.8006026675184523,0.3048563852641411,0.3048563852641411,0.20772100781833425,0.326406011506399,0.23395445134575568,370,2780,5737,113,0.043257905873945006,168600,18.733333333333334,0.03340381126971101,0.35,Hybrid_AddAnomaly
0.6901111111111111,0.7220192424796006,0.12047399605003292,0.7577639751552795,0.20789548423743254,0.8006026675184523,0.3048563852641411,0.3048563852641411,0.2116155758626375,0.3137254901960784,0.2422360248447205,366,2672,5845,117,0.043257905873945006,170440,18.93777777777778,0.03456514605971277,0.33755555555555555,Hybrid_AddAnomaly
0.6948888888888889,0.7225906243778428,0.1216984286191909,0.7536231884057971,0.2095567069660334,0.8006026675184523,0.3048563852641411,0.3048563852641411,0.21298275664867078,0.3084419396501115,0.2463768115942029,364,2627,5890,119,0.043257905873945006,171540,19.06,0.034999999999999996,0.3323333333333333,Hybrid_AddAnomaly
0.7006666666666667,0.7188079084797158,0.12205128205128205,0.7391304347826086,0.20950704225352113,0.8006026675184523,0.3048563852641411,0.3048563852641411,0.2105590066993449,0.3015146178231772,0.2608695652173913,357,2568,5949,126,0.043257905873945006,177360,19.706666666666667,0.0355923591133978,0.325,Hybrid_AddAnomaly
0.7122222222222222,0.7210073823853936,0.1254888019907572,0.7308488612836439,0.2141990291262136,0.8006026675184523,0.3048563852641411,0.3048563852641411,0.21489620268962906,0.28883409651285663,0.2691511387163561,353,2460,6057,130,0.043257905873945006,179200,19.91111111111111,0.03683230512735835,0.31255555555555553,Hybrid_AddAnomaly
0.7236666666666667,0.7221716596037009,0.1288888888888889,0.7204968944099379,0.21866163996229973,0.8006026675184523,0.3048563852641411,0.3048563852641411,0.2185160729635204,0.2761535752025361,0.2795031055900621,348,2352,6165,135,0.043257905873945006,182040,20.226666666666667,0.038292057593697026,0.3,Hybrid_AddAnomaly
0.7347777777777778,0.7221833279002827,0.1321483771251932,0.7080745341614907,0.22272875284923477,0.8006026675184523,0.3048563852641411,0.3048563852641411,0.2212480538564302,0.2637078783609252,0.2919254658385093,342,2246,6271,141,0.043257905873945006,185920,20.657777777777778,0.039789758934040305,0.28755555555555556,Hybrid_AddAnomaly
0.746,0.722253702314042,0.13575757575757577,0.6956521739130435,0.22718052738336716,0.8006026675184523,0.3048563852641411,0.3048563852641411,0.2243458442966711,0.2511447692849595,0.30434782608695654,336,2139,6378,147,0.043257905873945006,189780,21.086666666666666,0.04139551816436067,0.275,Hybrid_AddAnomaly
0.7575555555555555,0.7244531762197199,0.1404993652137114,0.6873706004140787,0.23330990864371048,0.8006026675184523,0.3048563852641411,0.3048563852641411,0.22990841662586958,0.23846424797463897,0.31262939958592134,332,2031,6486,151,0.043257905873945006,191620,21.29111111111111,0.043358858753638325,0.26255555555555554,Hybrid_AddAnomaly
0.7656666666666667,0.7258092510630912,0.14404553415061297,0.6811594202898551,0.23780267437658117,0.8006026675184523,0.3048563852641411,0.3048563852641411,0.23387576522070586,0.22954091816367264,0.3188405797101449,329,1955,6562,154,0.043257905873945006,193100,21.455555555555556,0.045,0.25377777777777777,Hybrid_AddAnomaly
0.7687777777777778,0.7245235506334791,0.1448888888888889,0.6749482401656315,0.23856567874130996,0.8006026675184523,0.3048563852641411,0.3048563852641411,0.23370372828296712,0.22590113889867325,0.3250517598343685,326,1924,6593,157,0.043257905873945006,195480,21.72,0.04580361373006972,0.25,Hybrid_AddAnomaly
0.7801111111111111,0.7256291217346089,0.15014031805425632,0.6645962732919255,0.24494467760396796,0.8006026675184523,0.3048563852641411,0.3048563852641411,0.23895318867211365,0.21333802982270753,0.33540372670807456,321,1817,6700,162,0.043257905873945006,198340,22.037777777777777,0.04921210200855073,0.23755555555555555,Hybrid_AddAnomaly
0.7917777777777778,0.7278873017574643,0.15654320987654322,0.6563146997929606,0.25279106858054223,0.8006026675184523,0.3048563852641411,0.3048563852641411,0.24597014162480435,0.20054009627803218,0.34368530020703936,317,1708,6809,166,0.043257905873945006,200160,22.24,0.053360922611165075,0.225,Hybrid_AddAnomaly
0.7974444444444444,0.7308813137335122,0.16058763931104356,0.6563146997929606,0.25803825803825803,0.8006026675184523,0.3048563852641411,0.3048563852641411,0.251482646880072,0.19455207232593635,0.34368530020703936,317,1657,6860,166,0.043257905873945006,199140,22.126666666666665,0.055,0.21933333333333332,Hybrid_AddAnomaly
0.8033333333333333,0.7300867756631422,0.163617354939885,0.6480331262939959,0.26126878130217024,0.8006026675184523,0.3048563852641411,0.3048563852641411,0.25348358540795507,0.18785957496771163,0.35196687370600416,313,1600,6917,170,0.043257905873945006,202000,22.444444444444443,0.056969543468085644,0.21255555555555555,Hybrid_AddAnomaly
0.8152222222222222,0.7334388584905454,0.17222222222222222,0.6418219461697723,0.27157249233464736,0.8006026675184523,0.3048563852641411,0.3048563852641411,0.263037419184996,0.17494422918868147,0.3581780538302277,310,1490,7027,173,0.043257905873945006,202800,22.533333333333335,0.06086448799724108,0.2,Hybrid_AddAnomaly
0.8236666666666667,0.7339945611152559,0.17832167832167833,0.6335403726708074,0.27830832196452937,0.8006026675184523,0.3048563852641411,0.3048563852641411,0.26847820608186174,0.16555125044029587,0.36645962732919257,306,1410,7107,177,0.043257905873945006,205200,22.8,0.065,0.19066666666666668,Hybrid_AddAnomaly
0.8258888888888889,0.7312627211780313,0.17890995260663506,0.6252587991718427,0.27821280515891295,0.8006026675184523,0.3048563852641411,0.3048563852641411,0.26702271273110345,0.16273335681578022,0.3747412008281574,302,1386,7131,181,0.043257905873945006,208720,23.191111111111113,0.06611295159249159,0.18755555555555556,Hybrid_AddAnomaly
0.8366666666666667,0.7291452899826945,0.18666666666666668,0.6086956521739131,0.28571428571428575,0.8006026675184523,0.3048563852641411,0.3048563852641411,0.2718124289427428,0.15040507220852412,0.391304347826087,294,1281,7236,189,0.043257905873945006,214620,23.846666666666668,0.07188929222086535,0.175,Hybrid_AddAnomaly
0.8412222222222222,0.7266697879360022,0.18963254593175852,0.598343685300207,0.2879920279023418,0.8006026675184523,0.3048563852641411,0.3048563852641411,0.2724039451932792,0.1450041094282024,0.40165631469979296,289,1235,7282,194,0.043257905873945006,218700,24.3,0.07500000000000001,0.16933333333333334,Hybrid_AddAnomaly
0.8475555555555555,0.7280630554747283,0.19617224880382775,0.5942028985507246,0.2949640287769784,0.8006026675184523,0.3048563852641411,0.3048563852641411,0.27859954476740845,0.13807678760126804,0.4057971014492754,287,1176,7341,196,0.043257905873945006,219520,24.391111111111112,0.07876264296522109,0.16255555555555556,Hybrid_AddAnomaly
0.8565555555555555,0.7269593075449393,0.20510948905109488,0.5817805383022774,0.303291958985429,0.8006026675184523,0.3048563852641411,0.3048563852641411,0.28475563684567146,0.12786192321239873,0.41821946169772256,281,1089,7428,202,0.043257905873945006,223780,24.864444444444445,0.085,0.15222222222222223,Hybrid_AddAnomaly
0.8585555555555555,0.7270395270839396,0.2074074074074074,0.5797101449275363,0.3055100927441353,0.8006026675184523,0.3048563852641411,0.3048563852641411,0.28658321888112065,0.12563109075965714,0.42028985507246375,280,1070,7447,203,0.043257905873945006,224400,24.933333333333334,0.08646618920607387,0.15,Hybrid_AddAnomaly
0.8664444444444445,0.7243722274121833,0.2158102766798419,0.5652173913043478,0.3123569794050343,0.8006026675184523,0.3048563852641411,0.3048563852641411,0.2909648734527831,0.11647293647998122,0.43478260869565216,273,992,7525,210,0.043257905873945006,229840,25.537777777777777,0.095,0.14055555555555554,Hybrid_AddAnomaly
0.869,0.7237694869668774,0.21890145395799676,0.5610766045548654,0.31493317838466006,0.8006026675184523,0.3048563852641411,0.3048563852641411,0.29281991436678323,0.11353763062111072,0.4389233954451346,271,967,7550,212,0.043257905873945006,231340,25.704444444444444,0.09780061419881865,0.13755555555555554,Hybrid_AddAnomaly
0.877,0.7231138745526848,0.2301038062283737,0.5507246376811594,0.32458816351433806,0.8006026675184523,0.3048563852641411,0.3048563852641411,0.3005562429509819,0.10449688857578959,0.4492753623188406,266,890,7627,217,0.043257905873945006,234800,26.08888888888889,0.10500000000000001,0.12844444444444444,Hybrid_AddAnomaly
0.8804444444444445,0.7249337641851846,0.23644444444444446,0.5507246376811594,0.33084577114427866,0.8006026675184523,0.3048563852641411,0.3048563852641411,0.3065490631994773,0.10085710931079019,0.4492753623188406,266,859,7658,217,0.043257905873945006,234180,26.02,0.10809322441732752,0.125,Hybrid_AddAnomaly
0.8858888888888888,0.7209749299355254,0.243879472693032,0.5362318840579711,0.3352750809061489,0.8006026675184523,0.3048563852641411,0.3048563852641411,0.30872520229450295,0.09428202418692028,0.463768115942029,259,803,7714,224,0.043257905873945006,240060,26.673333333333332,0.115,0.118,Hybrid_AddAnomaly
0.8908888888888888,0.7216637240681224,0.25370187561697927,0.5320910973084886,0.34358288770053474,0.8006026675184523,0.3048563852641411,0.3048563852641411,0.31611488428911844,0.08876364917224375,0.46790890269151136,257,756,7761,226,0.043257905873945006,241120,26.79111111111111,0.12185996180341781,0.11255555555555556,Hybrid_AddAnomaly
0.8932222222222223,0.7219200619586549,0.2585858585858586,0.5300207039337475,0.3475899524779362,0.8006026675184523,0.3048563852641411,0.3048563852641411,0.31967567752763393,0.08618058001643772,0.4699792960662526,256,734,7783,227,0.043257905873945006,241680,26.85333333333333,0.125,0.11,Hybrid_AddAnomaly
0.8994444444444445,0.7173956799590443,0.2701525054466231,0.5134575569358178,0.3540328336902213,0.8006026675184523,0.3048563852641411,0.3048563852641411,0.32375540728842117,0.07866619701772924,0.4865424430641822,248,670,7847,235,0.043257905873945006,248400,27.6,0.135,0.102,Hybrid_AddAnomaly
0.9007777777777778,0.7151706816545936,0.2722222222222222,0.5072463768115942,0.3543022415039769,0.8006026675184523,0.3048563852641411,0.3048563852641411,0.32327060514644623,0.07690501350240696,0.4927536231884058,245,655,7862,238,0.043257905873945006,251100,27.9,0.13704144338376037,0.1,Hybrid_AddAnomaly
0.9058888888888889,0.7090827479130157,0.2822966507177033,0.4886128364389234,0.357846853677028,0.8006026675184523,0.3048563852641411,0.3048563852641411,0.3246462922363156,0.07044734061289186,0.5113871635610766,236,600,7917,247,0.043257905873945006,259000,28.77777777777778,0.14500000000000002,0.09288888888888888,Hybrid_AddAnomaly
0.9107777777777778,0.7097128359284355,0.2969543147208122,0.484472049689441,0.3682140047206923,0.8006026675184523,0.3048563852641411,0.3048563852641411,0.33441389851974207,0.06504637783257015,0.515527950310559,234,554,7963,249,0.043257905873945006,260080,28.897777777777776,0.15141107175905938,0.08755555555555555,Hybrid_AddAnomaly
0.913,0.707957486561404,0.3031496062992126,0.4782608695652174,0.3710843373493976,0.8006026675184523,0.3048563852641411,0.3048563852641411,0.33669220741353156,0.0623458964424093,0.5217391304347826,231,531,7986,252,0.043257905873945006,262620,29.18,0.155,0.08466666666666667,Hybrid_AddAnomaly
0.9188888888888889,0.7100924202016136,0.32531824611032534,0.47619047619047616,0.3865546218487395,0.8006026675184523,0.3048563852641411,0.3048563852641411,0.3519587196095877,0.05600563578724903,0.5238095238095238,230,477,8040,253,0.043257905873945006,262540,29.17111111111111,0.165,0.07855555555555556,Hybrid_AddAnomaly
0.9211111111111111,0.7054075991240026,0.33185185185185184,0.463768115942029,0.38687392055267705,0.8006026675184523,0.3048563852641411,0.3048563852641411,0.3514951877745403,0.052952917694023716,0.5362318840579711,224,451,8066,259,0.043257905873945006,268020,29.78,0.1717766594289089,0.075,Hybrid_AddAnomaly
0.9228888888888889,0.7034174252882616,0.33843797856049007,0.4575569358178054,0.38908450704225356,0.8006026675184523,0.3048563852641411,0.3048563852641411,0.35343799943517545,0.05072208524128214,0.5424430641821946,221,432,8085,262,0.043257905873945006,270640,30.07111111111111,0.17500000000000002,0.07255555555555555,Hybrid_AddAnomaly
0.9267777777777778,0.7025426676788914,0.3562091503267974,0.45134575569358176,0.39817351598173517,0.8006026675184523,0.3048563852641411,0.3048563852641411,0.3626256234206325,0.04626042033579899,0.5486542443064182,218,394,8123,265,0.043257905873945006,272880,30.32,0.185,0.068,Hybrid_AddAnomaly
0.9293333333333333,0.6999869460931991,0.3683304647160069,0.44306418219461696,0.4022556390977443,0.8006026675184523,0.3048563852641411,0.3048563852641411,0.3668007476725151,0.04309029000821886,0.556935817805383,214,367,8150,269,0.043257905873945006,276340,30.704444444444444,0.195,0.06455555555555556,Hybrid_AddAnomaly
0.9306666666666666,0.6977619477887484,0.3747779751332149,0.43685300207039335,0.4034416826003824,0.8006026675184523,0.3048563852641411,0.3048563852641411,0.36807929933577166,0.04132910649289656,0.5631469979296067,211,352,8165,272,0.043257905873945006,279040,31.004444444444445,0.19971568864362738,0.06255555555555556,Hybrid_AddAnomaly
0.9323333333333333,0.6927835961252504,0.3824626865671642,0.4244306418219462,0.4023552502453385,0.8006026675184523,0.3048563852641411,0.3048563852641411,0.36715271130024285,0.038863449571445344,0.5755693581780539,205,331,8186,278,0.043257905873945006,284620,31.624444444444446,0.20500000000000002,0.059555555555555556,Hybrid_AddAnomaly
0.9344444444444444,0.6851105972198825,0.3927855711422846,0.4057971014492754,0.39918533604887985,0.8006026675184523,0.3048563852641411,0.3048563852641411,0.36458003789123494,0.03557590700951039,0.5942028985507246,196,303,8214,287,0.043257905873945006,293060,32.562222222222225,0.215,0.05544444444444444,Hybrid_AddAnomaly
0.9362222222222222,0.6762849893927891,0.4017278617710583,0.38509316770186336,0.39323467230443976,0.8006026675184523,0.3048563852641411,0.3048563852641411,0.3596823129334081,0.03252318891628508,0.6149068322981367,186,277,8240,297,0.043257905873945006,302540,33.61555555555555,0.225,0.051444444444444445,Hybrid_AddAnomaly
0.9374444444444444,0.6759542661115474,0.4111111111111111,0.3830227743271222,0.3965702036441586,0.8006026675184523,0.3048563852641411,0.3048563852641411,0.36387931746628654,0.03111424210402724,0.6169772256728778,185,265,8252,298,0.043257905873945006,303300,33.7,0.22917273543197092,0.05,Hybrid_AddAnomaly
0.9386666666666666,0.6746470522601126,0.4206896551724138,0.37888198757763975,0.39869281045751637,0.8006026675184523,0.3048563852641411,0.3048563852641411,0.36702853686604525,0.029587883057414582,0.6211180124223602,183,252,8265,300,0.043257905873945006,305040,33.89333333333333,0.23500000000000001,0.04833333333333333,Hybrid_AddAnomaly
0.9405555555555556,0.6668566411203898,0.435,0.36024844720496896,0.3941109852774632,0.8006026675184523,0.3048563852641411,0.3048563852641411,0.3649313386598743,0.02653516496418927,0.639751552795031,174,226,8291,309,0.043257905873945006,313520,34.83555555555556,0.245,0.044444444444444446,Hybrid_AddAnomaly
0.9427777777777778,0.6631483106129721,0.45675675675675675,0.3498964803312629,0.39624853458382175,0.8006026675184523,0.3048563852641411,0.3048563852641411,0.37035925842748574,0.023599859105318775,0.650103519668737,169,201,8316,314,0.043257905873945006,318020,35.33555555555556,0.255,0.04111111111111111,Hybrid_AddAnomaly
0.9428888888888889,0.6553950921686039,0.45609065155807366,0.3333333333333333,0.38516746411483255,0.8006026675184523,0.3048563852641411,0.3048563852641411,0.36079798289177695,0.022543148996125396,0.6666666666666666,161,192,8325,322,0.043257905873945006,325840,36.20444444444445,0.265,0.03922222222222222,Hybrid_AddAnomaly
0.9434444444444444,0.650806169903525,0.46153846153846156,0.32298136645962733,0.38002436053593175,0.8006026675184523,0.3048563852641411,0.3048563852641411,0.35751852913688337,0.0213690266525772,0.6770186335403726,156,182,8335,327,0.043257905873945006,330640,36.73777777777778,0.27148074770619207,0.03755555555555556,Hybrid_AddAnomaly
0.9435555555555556,0.6469589137399296,0.46200607902735563,0.3146997929606625,0.37438423645320196,0.8006026675184523,0.3048563852641411,0.3048563852641411,0.35294763467396595,0.020781965480803098,0.6853002070393375,152,177,8340,331,0.043257905873945006,334540,37.17111111111111,0.275,0.036555555555555556,Hybrid_AddAnomaly
0.9443333333333334,0.6424874037092057,0.47115384615384615,0.30434782608695654,0.369811320754717,0.8006026675184523,0.3048563852641411,0.3048563852641411,0.3510638851026373,0.019373018668545263,0.6956521739130435,147,165,8352,336,0.043257905873945006,339300,37.7,0.28500000000000003,0.034666666666666665,Hybrid_AddAnomaly
0.9452222222222222,0.6370981092254657,0.4828767123287671,0.2919254658385093,0.3638709677419355,0.8006026675184523,0.3048563852641411,0.3048563852641411,0.3487608392401831,0.017729247387577786,0.7080745341614907,141,151,8366,342,0.043257905873945006,345020,38.33555555555556,0.295,0.03244444444444444,Hybrid_AddAnomaly
0.9457777777777778,0.6286032246796142,0.49070631970260226,0.2732919254658385,0.351063829787234,0.8006026675184523,0.3048563852641411,0.3048563852641411,0.3404008289803735,0.01608547610661031,0.7267080745341615,132,137,8380,351,0.043257905873945006,353740,39.30444444444444,0.305,0.02988888888888889,Hybrid_AddAnomaly
0.9457777777777778,0.617861828407489,0.4898785425101215,0.2505175983436853,0.3315068493150685,0.8006026675184523,0.3048563852641411,0.3048563852641411,0.3251570074271419,0.014793941528707291,0.7494824016563147,121,126,8391,362,0.043257905873945006,364520,40.50222222222222,0.315,0.027444444444444445,Hybrid_AddAnomaly
0.9455555555555556,0.6060265293308159,0.48444444444444446,0.22567287784679088,0.307909604519774,0.8006026675184523,0.3048563852641411,0.3048563852641411,0.3060882148381553,0.013619819185159093,0.7743271221532091,109,116,8401,374,0.043257905873945006,376320,41.81333333333333,0.32138628585656415,0.025,Hybrid_AddAnomaly
0.9454444444444444,0.6020618609328657,0.481651376146789,0.21739130434782608,0.29957203994293863,0.8006026675184523,0.3048563852641411,0.3048563852641411,0.29921640740643096,0.013267582482094635,0.782608695652174,105,113,8404,378,0.043257905873945006,380260,42.25111111111111,0.325,0.02422222222222222,Hybrid_AddAnomaly
0.9465555555555556,0.5977664692536739,0.5050505050505051,0.2070393374741201,0.2936857562408224,0.8006026675184523,0.3048563852641411,0.3048563852641411,0.30040941441955415,0.011506398966772337,0.7929606625258799,100,98,8419,383,0.043257905873945006,384960,42.77333333333333,0.335,0.022,Hybrid_AddAnomaly
0.9466666666666667,0.5870837790987262,0.5085714285714286,0.18426501035196688,0.270516717325228,0.8006026675184523,0.3048563852641411,0.3048563852641411,0.2842547762640198,0.0100974521545145,0.8157349896480331,89,86,8431,394,0.043257905873945006,395720,43.96888888888889,0.34500000000000003,0.019444444444444445,Hybrid_AddAnomaly
0.9471111111111111,0.5804831695760835,0.5222929936305732,0.16977225672877846,0.25625,0.8006026675184523,0.3048563852641411,0.3048563852641411,0.2770781742751643,0.008805917576611482,0.8302277432712215,82,75,8442,401,0.043257905873945006,402500,44.72222222222222,0.35500000000000004,0.017444444444444443,Hybrid_AddAnomaly
0.9466666666666667,0.565600986554476,0.5114503816793893,0.13871635610766045,0.21824104234527686,0.8006026675184523,0.3048563852641411,0.3048563852641411,0.24687907415983107,0.007514382998708466,0.8612836438923396,67,64,8453,416,0.043257905873945006,417280,46.364444444444445,0.365,0.014555555555555556,Hybrid_AddAnomaly
0.9462222222222222,0.5546247658136413,0.49557522123893805,0.11594202898550725,0.18791946308724833,0.8006026675184523,0.3048563852641411,0.3048563852641411,0.22111574113585125,0.006692497358224727,0.8840579710144928,56,57,8460,427,0.043257905873945006,428140,47.57111111111111,0.3713776720508868,0.012555555555555556,Hybrid_AddAnomaly
0.9465555555555556,0.5528479030247871,0.5094339622641509,0.11180124223602485,0.1833616298811545,0.8006026675184523,0.3048563852641411,0.3048563852641411,0.22078682230418883,0.006105436186450628,0.8881987577639752,54,52,8465,429,0.043257905873945006,430040,47.782222222222224,0.375,0.011777777777777778,Hybrid_AddAnomaly
0.9463333333333334,0.5400361133779208,0.5,0.08488612836438923,0.14513274336283186,0.8006026675184523,0.3048563852641411,0.3048563852641411,0.18991450457749162,0.0048139016085476105,0.9151138716356108,41,41,8476,442,0.043257905873945006,442820,49.202222222222225,0.385,0.009111111111111111,Hybrid_AddAnomaly
0.9466666666666667,0.5324003071679075,0.5238095238095238,0.06832298136645963,0.12087912087912088,0.8006026675184523,0.3048563852641411,0.3048563852641411,0.17515795193290476,0.003522367030644593,0.9316770186335404,33,30,8487,450,0.043257905873945006,450600,50.06666666666667,0.395,0.007,Hybrid_AddAnomaly
0.947,0.528670463238667,0.5576923076923077,0.060041407867494824,0.10841121495327105,0.8006026675184523,0.3048563852641411,0.3048563852641411,0.17049707595208802,0.002700481390160855,0.9399585921325052,29,23,8494,454,0.043257905873945006,454460,50.495555555555555,0.405,0.0057777777777777775,Hybrid_AddAnomaly
0.9467777777777778,0.5217176170129598,0.55,0.045548654244306416,0.0841300191204589,0.8006026675184523,0.3048563852641411,0.3048563852641411,0.14715501059142805,0.0021134202183867557,0.9544513457556936,22,18,8499,461,0.043257905873945006,461360,51.26222222222222,0.41500000000000004,0.0044444444444444444,Hybrid_AddAnomaly
0.9471111111111111,0.5189642636539125,0.6129032258064516,0.039337474120082816,0.07392996108949416,0.8006026675184523,0.3048563852641411,0.3048563852641411,0.1458915069608269,0.0014089468122578373,0.9606625258799172,19,12,8505,464,0.043257905873945006,464240,51.58222222222222,0.425,0.0034444444444444444,Hybrid_AddAnomaly
0.9468888888888889,0.510058436287819,0.6666666666666666,0.020703933747412008,0.04016064257028113,0.8006026675184523,0.3048563852641411,0.3048563852641411,0.11114058637043435,0.0005870611717740989,0.979296066252588,10,5,8512,473,0.043257905873945006,473100,52.56666666666667,0.435,0.0016666666666666668,Hybrid_AddAnomaly
0.9466666666666667,0.5050585712024982,0.7142857142857143,0.010351966873706004,0.02040816326530612,0.8006026675184523,0.3048563852641411,0.3048563852641411,0.08178495805565278,0.00023482446870963955,0.989648033126294,5,2,8515,478,0.043257905873945006,478040,53.11555555555555,0.445,0.0007777777777777777,Hybrid_AddAnomaly
0.9466666666666667,0.504082080632305,0.8,0.008281573498964804,0.01639344262295082,0.8006026675184523,0.3048563852641411,0.3048563852641411,0.07808055247823792,0.00011741223435481978,0.9917184265010351,4,1,8516,479,0.043257905873945006,479020,53.224444444444444,0.455,0.0005555555555555556,Hybrid_AddAnomaly
0.9464444444444444,0.5020116872575638,0.6666666666666666,0.004140786749482402,0.00823045267489712,0.8006026675184523,0.3048563852641411,0.3048563852641411,0.049670423406963385,0.00011741223435481978,0.9958592132505176,2,1,8516,481,0.043257905873945006,481020,53.446666666666665,0.465,0.0003333333333333333,Hybrid_AddAnomaly
0.9463333333333334,0.5009764905701932,0.5,0.002070393374741201,0.004123711340206186,0.8006026675184523,0.3048563852641411,0.3048563852641411,0.029527518219067836,0.00011741223435481978,0.9979296066252588,1,1,8516,482,0.043257905873945006,482020,53.55777777777778,0.47500000000000003,0.00022222222222222223,Hybrid_AddAnomaly
0.9462222222222222,0.4999412938828226,0.0,0.0,0.0,0.8006026675184523,0.3048563852641411,0.3048563852641411,-0.002510343292522719,0.00011741223435481978,1.0,0,1,8516,483,0.043257905873945006,483020,53.66888888888889,0.485,0.00011111111111111112,Hybrid_AddAnomaly
0.9462222222222222,0.4999412938828226,0.0,0.0,0.0,0.8006026675184523,0.3048563852641411,0.3048563852641411,-0.002510343292522719,0.00011741223435481978,1.0,0,1,8516,483,0.043257905873945006,483020,53.66888888888889,0.4894879842698672,0.00011111111111111112,Hybrid_AddAnomaly
0.9463333333333334,0.5,0.0,0.0,0.0,0.8006026675184523,0.3048563852641411,0.3048563852641411,0.0,0.0,1.0,0,0,8517,483,0.043257905873945006,483000,53.666666666666664,0.495,0.0,Hybrid_AddAnomaly
0.9463333333333334,0.5,0.0,0.0,0.0,0.8006026675184523,0.3048563852641411,0.3048563852641411,0.0,0.0,1.0,0,0,8517,483,0.043257905873945006,483000,53.666666666666664,0.505,0.0,Hybrid_AddAnomaly
0.9463333333333334,0.5,0.0,0.0,0.0,0.8006026675184523,0.3048563852641411,0.3048563852641411,0.0,0.0,1.0,0,0,8517,483,0.043257905873945006,483000,53.666666666666664,0.515,0.0,Hybrid_AddAnomaly
0.9463333333333334,0.5,0.0,0.0,0.0,0.8006026675184523,0.3048563852641411,0.3048563852641411,0.0,0.0,1.0,0,0,8517,483,0.043257905873945006,483000,53.666666666666664,0.525,0.0,Hybrid_AddAnomaly
0.9463333333333334,0.5,0.0,0.0,0.0,0.8006026675184523,0.3048563852641411,0.3048563852641411,0.0,0.0,1.0,0,0,8517,483,0.043257905873945006,483000,53.666666666666664,0.535,0.0,Hybrid_AddAnomaly
0.9463333333333334,0.5,0.0,0.0,0.0,0.8006026675184523,0.3048563852641411,0.3048563852641411,0.0,0.0,1.0,0,0,8517,483,0.043257905873945006,483000,53.666666666666664,0.545,0.0,Hybrid_AddAnomaly
0.9463333333333334,0.5,0.0,0.0,0.0,0.8006026675184523,0.3048563852641411,0.3048563852641411,0.0,0.0,1.0,0,0,8517,483,0.043257905873945006,483000,53.666666666666664,0.555,0.0,Hybrid_AddAnomaly
0.9463333333333334,0.5,0.0,0.0,0.0,0.8006026675184523,0.3048563852641411,0.3048563852641411,0.0,0.0,1.0,0,0,8517,483,0.043257905873945006,483000,53.666666666666664,0.5650000000000001,0.0,Hybrid_AddAnomaly
0.9463333333333334,0.5,0.0,0.0,0.0,0.8006026675184523,0.3048563852641411,0.3048563852641411,0.0,0.0,1.0,0,0,8517,483,0.043257905873945006,483000,53.666666666666664,0.5750000000000001,0.0,Hybrid_AddAnomaly
0.9463333333333334,0.5,0.0,0.0,0.0,0.8006026675184523,0.3048563852641411,0.3048563852641411,0.0,0.0,1.0,0,0,8517,483,0.043257905873945006,483000,53.666666666666664,0.585,0.0,Hybrid_AddAnomaly
0.9463333333333334,0.5,0.0,0.0,0.0,0.8006026675184523,0.3048563852641411,0.3048563852641411,0.0,0.0,1.0,0,0,8517,483,0.043257905873945006,483000,53.666666666666664,0.595,0.0,Hybrid_AddAnomaly
0.9463333333333334,0.5,0.0,0.0,0.0,0.8006026675184523,0.3048563852641411,0.3048563852641411,0.0,0.0,1.0,0,0,8517,483,0.043257905873945006,483000,53.666666666666664,0.605,0.0,Hybrid_AddAnomaly
0.9463333333333334,0.5,0.0,0.0,0.0,0.8006026675184523,0.3048563852641411,0.3048563852641411,0.0,0.0,1.0,0,0,8517,483,0.043257905873945006,483000,53.666666666666664,0.615,0.0,Hybrid_AddAnomaly
0.9463333333333334,0.5,0.0,0.0,0.0,0.8006026675184523,0.3048563852641411,0.3048563852641411,0.0,0.0,1.0,0,0,8517,483,0.043257905873945006,483000,53.666666666666664,0.625,0.0,Hybrid_AddAnomaly
0.9463333333333334,0.5,0.0,0.0,0.0,0.8006026675184523,0.3048563852641411,0.3048563852641411,0.0,0.0,1.0,0,0,8517,483,0.043257905873945006,483000,53.666666666666664,0.635,0.0,Hybrid_AddAnomaly
0.9463333333333334,0.5,0.0,0.0,0.0,0.8006026675184523,0.3048563852641411,0.3048563852641411,0.0,0.0,1.0,0,0,8517,483,0.043257905873945006,483000,53.666666666666664,0.645,0.0,Hybrid_AddAnomaly
0.9463333333333334,0.5,0.0,0.0,0.0,0.8006026675184523,0.3048563852641411,0.3048563852641411,0.0,0.0,1.0,0,0,8517,483,0.043257905873945006,483000,53.666666666666664,0.655,0.0,Hybrid_AddAnomaly
0.9463333333333334,0.5,0.0,0.0,0.0,0.8006026675184523,0.3048563852641411,0.3048563852641411,0.0,0.0,1.0,0,0,8517,483,0.043257905873945006,483000,53.666666666666664,0.665,0.0,Hybrid_AddAnomaly
0.9463333333333334,0.5,0.0,0.0,0.0,0.8006026675184523,0.3048563852641411,0.3048563852641411,0.0,0.0,1.0,0,0,8517,483,0.043257905873945006,483000,53.666666666666664,0.675,0.0,Hybrid_AddAnomaly
0.9463333333333334,0.5,0.0,0.0,0.0,0.8006026675184523,0.3048563852641411,0.3048563852641411,0.0,0.0,1.0,0,0,8517,483,0.043257905873945006,483000,53.666666666666664,0.685,0.0,Hybrid_AddAnomaly
0.9463333333333334,0.5,0.0,0.0,0.0,0.8006026675184523,0.3048563852641411,0.3048563852641411,0.0,0.0,1.0,0,0,8517,483,0.043257905873945006,483000,53.666666666666664,0.6950000000000001,0.0,Hybrid_AddAnomaly
0.9463333333333334,0.5,0.0,0.0,0.0,0.8006026675184523,0.3048563852641411,0.3048563852641411,0.0,0.0,1.0,0,0,8517,483,0.043257905873945006,483000,53.666666666666664,0.7050000000000001,0.0,Hybrid_AddAnomaly
0.9463333333333334,0.5,0.0,0.0,0.0,0.8006026675184523,0.3048563852641411,0.3048563852641411,0.0,0.0,1.0,0,0,8517,483,0.043257905873945006,483000,53.666666666666664,0.715,0.0,Hybrid_AddAnomaly
0.9463333333333334,0.5,0.0,0.0,0.0,0.8006026675184523,0.3048563852641411,0.3048563852641411,0.0,0.0,1.0,0,0,8517,483,0.043257905873945006,483000,53.666666666666664,0.725,0.0,Hybrid_AddAnomaly
0.9463333333333334,0.5,0.0,0.0,0.0,0.8006026675184523,0.3048563852641411,0.3048563852641411,0.0,0.0,1.0,0,0,8517,483,0.043257905873945006,483000,53.666666666666664,0.735,0.0,Hybrid_AddAnomaly
0.9463333333333334,0.5,0.0,0.0,0.0,0.8006026675184523,0.3048563852641411,0.3048563852641411,0.0,0.0,1.0,0,0,8517,483,0.043257905873945006,483000,53.666666666666664,0.745,0.0,Hybrid_AddAnomaly
0.9463333333333334,0.5,0.0,0.0,0.0,0.8006026675184523,0.3048563852641411,0.3048563852641411,0.0,0.0,1.0,0,0,8517,483,0.043257905873945006,483000,53.666666666666664,0.755,0.0,Hybrid_AddAnomaly
0.9463333333333334,0.5,0.0,0.0,0.0,0.8006026675184523,0.3048563852641411,0.3048563852641411,0.0,0.0,1.0,0,0,8517,483,0.043257905873945006,483000,53.666666666666664,0.765,0.0,Hybrid_AddAnomaly
0.9463333333333334,0.5,0.0,0.0,0.0,0.8006026675184523,0.3048563852641411,0.3048563852641411,0.0,0.0,1.0,0,0,8517,483,0.043257905873945006,483000,53.666666666666664,0.775,0.0,Hybrid_AddAnomaly
0.9463333333333334,0.5,0.0,0.0,0.0,0.8006026675184523,0.3048563852641411,0.3048563852641411,0.0,0.0,1.0,0,0,8517,483,0.043257905873945006,483000,53.666666666666664,0.785,0.0,Hybrid_AddAnomaly
0.9463333333333334,0.5,0.0,0.0,0.0,0.8006026675184523,0.3048563852641411,0.3048563852641411,0.0,0.0,1.0,0,0,8517,483,0.043257905873945006,483000,53.666666666666664,0.795,0.0,Hybrid_AddAnomaly
0.9463333333333334,0.5,0.0,0.0,0.0,0.8006026675184523,0.3048563852641411,0.3048563852641411,0.0,0.0,1.0,0,0,8517,483,0.043257905873945006,483000,53.666666666666664,0.805,0.0,Hybrid_AddAnomaly
0.9463333333333334,0.5,0.0,0.0,0.0,0.8006026675184523,0.3048563852641411,0.3048563852641411,0.0,0.0,1.0,0,0,8517,483,0.043257905873945006,483000,53.666666666666664,0.8150000000000001,0.0,Hybrid_AddAnomaly
0.9463333333333334,0.5,0.0,0.0,0.0,0.8006026675184523,0.3048563852641411,0.3048563852641411,0.0,0.0,1.0,0,0,8517,483,0.043257905873945006,483000,53.666666666666664,0.8250000000000001,0.0,Hybrid_AddAnomaly
0.9463333333333334,0.5,0.0,0.0,0.0,0.8006026675184523,0.3048563852641411,0.3048563852641411,0.0,0.0,1.0,0,0,8517,483,0.043257905873945006,483000,53.666666666666664,0.8350000000000001,0.0,Hybrid_AddAnomaly
0.9463333333333334,0.5,0.0,0.0,0.0,0.8006026675184523,0.3048563852641411,0.3048563852641411,0.0,0.0,1.0,0,0,8517,483,0.043257905873945006,483000,53.666666666666664,0.845,0.0,Hybrid_AddAnomaly
0.9463333333333334,0.5,0.0,0.0,0.0,0.8006026675184523,0.3048563852641411,0.3048563852641411,0.0,0.0,1.0,0,0,8517,483,0.043257905873945006,483000,53.666666666666664,0.855,0.0,Hybrid_AddAnomaly
0.9463333333333334,0.5,0.0,0.0,0.0,0.8006026675184523,0.3048563852641411,0.3048563852641411,0.0,0.0,1.0,0,0,8517,483,0.043257905873945006,483000,53.666666666666664,0.865,0.0,Hybrid_AddAnomaly
0.9463333333333334,0.5,0.0,0.0,0.0,0.8006026675184523,0.3048563852641411,0.3048563852641411,0.0,0.0,1.0,0,0,8517,483,0.043257905873945006,483000,53.666666666666664,0.875,0.0,Hybrid_AddAnomaly
0.9463333333333334,0.5,0.0,0.0,0.0,0.8006026675184523,0.3048563852641411,0.3048563852641411,0.0,0.0,1.0,0,0,8517,483,0.043257905873945006,483000,53.666666666666664,0.885,0.0,Hybrid_AddAnomaly
0.9463333333333334,0.5,0.0,0.0,0.0,0.8006026675184523,0.3048563852641411,0.3048563852641411,0.0,0.0,1.0,0,0,8517,483,0.043257905873945006,483000,53.666666666666664,0.895,0.0,Hybrid_AddAnomaly
0.9463333333333334,0.5,0.0,0.0,0.0,0.8006026675184523,0.3048563852641411,0.3048563852641411,0.0,0.0,1.0,0,0,8517,483,0.043257905873945006,483000,53.666666666666664,0.905,0.0,Hybrid_AddAnomaly
0.9463333333333334,0.5,0.0,0.0,0.0,0.8006026675184523,0.3048563852641411,0.3048563852641411,0.0,0.0,1.0,0,0,8517,483,0.043257905873945006,483000,53.666666666666664,0.915,0.0,Hybrid_AddAnomaly
0.9463333333333334,0.5,0.0,0.0,0.0,0.8006026675184523,0.3048563852641411,0.3048563852641411,0.0,0.0,1.0,0,0,8517,483,0.043257905873945006,483000,53.666666666666664,0.925,0.0,Hybrid_AddAnomaly
0.9463333333333334,0.5,0.0,0.0,0.0,0.8006026675184523,0.3048563852641411,0.3048563852641411,0.0,0.0,1.0,0,0,8517,483,0.043257905873945006,483000,53.666666666666664,0.935,0.0,Hybrid_AddAnomaly
0.9463333333333334,0.5,0.0,0.0,0.0,0.8006026675184523,0.3048563852641411,0.3048563852641411,0.0,0.0,1.0,0,0,8517,483,0.043257905873945006,483000,53.666666666666664,0.9450000000000001,0.0,Hybrid_AddAnomaly
0.9463333333333334,0.5,0.0,0.0,0.0,0.8006026675184523,0.3048563852641411,0.3048563852641411,0.0,0.0,1.0,0,0,8517,483,0.043257905873945006,483000,53.666666666666664,0.9550000000000001,0.0,Hybrid_AddAnomaly
0.9463333333333334,0.5,0.0,0.0,0.0,0.8006026675184523,0.3048563852641411,0.3048563852641411,0.0,0.0,1.0,0,0,8517,483,0.043257905873945006,483000,53.666666666666664,0.965,0.0,Hybrid_AddAnomaly
0.9463333333333334,0.5,0.0,0.0,0.0,0.8006026675184523,0.3048563852641411,0.3048563852641411,0.0,0.0,1.0,0,0,8517,483,0.043257905873945006,483000,53.666666666666664,0.975,0.0,Hybrid_AddAnomaly
0.9463333333333334,0.5,0.0,0.0,0.0,0.8006026675184523,0.3048563852641411,0.3048563852641411,0.0,0.0,1.0,0,0,8517,483,0.043257905873945006,483000,53.666666666666664,0.985,0.0,Hybrid_AddAnomaly
0.9463333333333334,0.5,0.0,0.0,0.0,0.8006026675184523,0.3048563852641411,0.3048563852641411,0.0,0.0,1.0,0,0,8517,483,0.043257905873945006,483000,53.666666666666664,0.995,0.0,Hybrid_AddAnomaly
0.9463333333333334,0.5,0.0,0.0,0.0,0.8006026675184523,0.3048563852641411,0.3048563852641411,0.0,0.0,1.0,0,0,8517,483,0.043257905873945006,483000,53.666666666666664,1.000001,0.0,Hybrid_AddAnomaly
0.05366666666666667,0.5,0.05366666666666667,1.0,0.1018664979436887,0.7996764964772684,0.3088009809537603,0.3088009809537603,0.0,1.0,0.0,483,8517,0,0,0.04318644375262531,170340,18.926666666666666,0.005,1.0,Hybrid_AddDeviceRecipient
0.05366666666666667,0.5,0.05366666666666667,1.0,0.1018664979436887,0.7996764964772684,0.3088009809537603,0.3088009809537603,0.0,1.0,0.0,483,8517,0,0,0.04318644375262531,170340,18.926666666666666,0.00633249893406323,1.0,Hybrid_AddDeviceRecipient
0.06533333333333333,0.5022581800228553,0.05389895352762462,0.9917184265010351,0.10224119530416223,0.7996764964772684,0.3088009809537603,0.3088009809537603,0.009140893181589158,0.9872020664553246,0.008281573498964804,479,8408,109,4,0.04318644375262531,172160,19.128888888888888,0.008926620437314124,0.9874444444444445,Hybrid_AddDeviceRecipient
0.07777777777777778,0.5088332651467251,0.054586894586894585,0.9917184265010351,0.10347807301793042,0.7996764964772684,0.3088009809537603,0.3088009809537603,0.02550077208994691,0.9740518962075848,0.008281573498964804,479,8296,221,4,0.04318644375262531,169920,18.88,0.009555706770561745,0.975,Hybrid_AddDeviceRecipient
0.08966666666666667,0.5121853479741285,0.05495266682059571,0.9855072463768116,0.10410060142154184,0.7996764964772684,0.3088009809537603,0.3088009809537603,0.02888799369096423,0.9611365504285546,0.014492753623188406,476,8186,331,7,0.04318644375262531,170720,18.968888888888888,0.010101442222975102,0.9624444444444444,Hybrid_AddDeviceRecipient
0.10166666666666667,0.5165726274889023,0.05543859649122807,0.9813664596273292,0.10494852208568581,0.7996764964772684,0.3088009809537603,0.3088009809537603,0.03427274889408916,0.9482212046495245,0.018633540372670808,474,8076,441,9,0.04318644375262531,170520,18.946666666666665,0.010480200855568953,0.95,Hybrid_AddDeviceRecipient
0.11422222222222222,0.5232064187299497,0.05618110702856466,0.9813664596273292,0.10627802690582962,0.7996764964772684,0.3088009809537603,0.3088009809537603,0.0431923453511737,0.9349536221674298,0.018633540372670808,474,7963,554,9,0.04318644375262531,168260,18.695555555555554,0.010881580411537913,0.9374444444444444,Hybrid_AddDeviceRecipient
0.12666666666666668,0.5297815038538196,0.05693693693693694,0.9813664596273292,0.10762942779291552,0.7996764964772684,0.3088009809537603,0.3088009809537603,0.050962356475366045,0.92180345191969,0.018633540372670808,474,7851,666,9,0.04318644375262531,166020,18.446666666666665,0.011223997803335621,0.925,Hybrid_AddDeviceRecipient
0.13922222222222222,0.5364152950948669,0.05772040915733073,0.9813664596273292,0.10902817711328348,0.7996764964772684,0.3088009809537603,0.3088009809537603,0.05806883848815507,0.9085358694375953,0.018633540372670808,474,7738,779,9,0.04318644375262531,163760,18.195555555555554,0.011541614061739277,0.9124444444444444,Hybrid_AddDeviceRecipient
0.15144444444444444,0.5418964774141888,0.058395061728395065,0.979296066252588,0.11021787253873937,0.7996764964772684,0.3088009809537603,0.3088009809537603,0.06294491193242954,0.8955031114242104,0.020703933747412008,473,7627,890,10,0.04318644375262531,162540,18.06,0.011890279297074495,0.9,Hybrid_AddDeviceRecipient
0.16377777777777777,0.5474363658506881,0.05909603105045699,0.9772256728778468,0.11145218417945692,0.7996764964772684,0.3088009809537603,0.3088009809537603,0.06764905428268515,0.8823529411764706,0.022774327122153208,472,7515,1002,11,0.04318644375262531,161300,17.92222222222222,0.012174468563863648,0.8874444444444445,Hybrid_AddDeviceRecipient
0.176,0.5529175481700099,0.05980952380952381,0.9751552795031055,0.11270638908829865,0.7996764964772684,0.3088009809537603,0.3088009809537603,0.07211822945787096,0.8693201831630856,0.024844720496894408,471,7404,1113,12,0.04318644375262531,160080,17.786666666666665,0.012522282188202996,0.875,Hybrid_AddDeviceRecipient
0.18788888888888888,0.5562696309974133,0.06029373872713218,0.968944099378882,0.11352334748332321,0.7996764964772684,0.3088009809537603,0.3088009809537603,0.07363322298071845,0.8564048373840554,0.031055900621118012,468,7294,1223,15,0.04318644375262531,160880,17.875555555555554,0.012806628522144682,0.8624444444444445,Hybrid_AddDeviceRecipient
0.1998888888888889,0.5606569105121871,0.060915032679738565,0.9648033126293996,0.11459486044510023,0.7996764964772684,0.3088009809537603,0.3088009809537603,0.07656487346161474,0.8434894916050253,0.035196687370600416,466,7184,1333,17,0.04318644375262531,160680,17.85333333333333,0.013168831275793583,0.85,Hybrid_AddDeviceRecipient
0.21222222222222223,0.5661967989486865,0.06169563486798461,0.9627329192546584,0.11596009975062344,0.7996764964772684,0.3088009809537603,0.3088009809537603,0.0808653467076228,0.8303393213572854,0.037267080745341616,465,7072,1445,18,0.04318644375262531,159440,17.715555555555557,0.013473288779683146,0.8374444444444444,Hybrid_AddDeviceRecipient
0.22444444444444445,0.5716779812680084,0.062491582491582494,0.9606625258799172,0.11734951947395043,0.7996764964772684,0.3088009809537603,0.3088009809537603,0.08502451083171367,0.8173065633439004,0.039337474120082816,464,6961,1556,19,0.04318644375262531,158220,17.58,0.013767647438987729,0.825,Hybrid_AddDeviceRecipient
0.237,0.5783117725090556,0.06345733041575492,0.9606625258799172,0.11905067350865939,0.7996764964772684,0.3088009809537603,0.3088009809537603,0.09042106668826806,0.8040389808618058,0.039337474120082816,464,6848,1669,19,0.04318644375262531,155960,17.32888888888889,0.01405935760904755,0.8124444444444444,Hybrid_AddDeviceRecipient
0.24877777777777776,0.5816051492192815,0.06402777777777778,0.9544513457556936,0.12000520629962255,0.7996764964772684,0.3088009809537603,0.3088009809537603,0.09195216247048127,0.7912410473171304,0.045548654244306416,461,6739,1778,22,0.04318644375262531,156780,17.42,0.014285467510141064,0.8,Hybrid_AddDeviceRecipient
0.2611111111111111,0.5871450376557809,0.06490757725412727,0.9523809523809523,0.12153236459709378,0.7996764964772684,0.3088009809537603,0.3088009809537603,0.0960065459296068,0.7780908770693906,0.047619047619047616,460,6627,1890,23,0.04318644375262531,155540,17.282222222222224,0.014553083468698927,0.7874444444444444,Hybrid_AddDeviceRecipient
0.2728888888888889,0.5904384143660067,0.06551971326164875,0.9461697722567288,0.12255296326092788,0.7996764964772684,0.3088009809537603,0.3088009809537603,0.09761469559021096,0.7652929435247153,0.053830227743271224,457,6518,1999,26,0.04318644375262531,156360,17.373333333333335,0.014839661588911852,0.775,Hybrid_AddDeviceRecipient
0.2807777777777778,0.5946065486856029,0.06619351100811124,0.9461697722567288,0.12373087857046162,0.7996764964772684,0.3088009809537603,0.3088009809537603,0.10088394426985556,0.7569566748855231,0.053830227743271224,457,6447,2070,26,0.04318644375262531,154940,17.215555555555557,0.015,0.7671111111111111,Hybrid_AddDeviceRecipient
0.285,0.5948843999979581,0.06630719906732731,0.9420289855072463,0.1238938053097345,0.7996764964772684,0.3088009809537603,0.3088009809537603,0.10048760443884934,0.7522601855113302,0.057971014492753624,455,6407,2110,28,0.04318644375262531,156140,17.34888888888889,0.015116274702049206,0.7624444444444445,Hybrid_AddDeviceRecipient
0.29677777777777775,0.598177776708184,0.06696296296296296,0.9358178053830227,0.12498271809760816,0.7996764964772684,0.3088009809537603,0.3088009809537603,0.1021920078606397,0.7394622519666549,0.06418219461697723,452,6298,2219,31,0.04318644375262531,156960,17.44,0.015368554106737254,0.75,Hybrid_AddDeviceRecipient
0.30866666666666664,0.6015298595355872,0.06765104715986138,0.9296066252587992,0.12612359550561797,0.7996764964772684,0.3088009809537603,0.3088009809537603,0.10399750023240252,0.7265469061876247,0.07039337474120083,449,6188,2329,34,0.04318644375262531,157760,17.52888888888889,0.015640411536783277,0.7374444444444445,Hybrid_AddDeviceRecipient
0.3208888888888889,0.6070110418549091,0.06865900383141763,0.927536231884058,0.1278538812785388,0.7996764964772684,0.3088009809537603,0.3088009809537603,0.10801836947617496,0.7135141481742397,0.07246376811594203,448,6077,2440,35,0.04318644375262531,156540,17.393333333333334,0.015919242884055326,0.725,Hybrid_AddDeviceRecipient
0.3332222222222222,0.6125509302914084,0.06971303805364941,0.9254658385093167,0.12965917331399565,0.7996764964772684,0.3088009809537603,0.3088009809537603,0.1120771505316586,0.7003639779265,0.07453416149068323,447,5965,2552,36,0.04318644375262531,155300,17.255555555555556,0.01618777169349578,0.7124444444444444,Hybrid_AddDeviceRecipient
0.3447777777777778,0.6147504041970863,0.07031746031746032,0.917184265010352,0.1306206693203597,0.7996764964772684,0.3088009809537603,0.3088009809537603,0.11286231439622496,0.6876834566161794,0.08281573498964803,443,5857,2660,40,0.04318644375262531,157140,17.46,0.016452381860773673,0.7,Hybrid_AddDeviceRecipient
0.3571111111111111,0.6202902926335856,0.07144011637304025,0.9151138716356108,0.13253373313343328,0.7996764964772684,0.3088009809537603,0.3088009809537603,0.11696408883891754,0.6745332863684396,0.08488612836438923,442,5745,2772,41,0.04318644375262531,155900,17.322222222222223,0.016716375263489465,0.6874444444444444,Hybrid_AddDeviceRecipient
0.36933333333333335,0.6257714749529075,0.0725925925925926,0.9130434782608695,0.1344922232387923,0.7996764964772684,0.3088009809537603,0.3088009809537603,0.12102998022875731,0.6615005283550546,0.08695652173913043,441,5634,2883,42,0.04318644375262531,154680,17.186666666666667,0.01698611393100326,0.675,Hybrid_AddDeviceRecipient
0.3818888888888889,0.6324052661939548,0.07396846695739685,0.9130434782608695,0.13685027152831655,0.7996764964772684,0.3088009809537603,0.3088009809537603,0.12620084790827976,0.64823294587296,0.08695652173913043,441,5521,2996,42,0.04318644375262531,152420,16.935555555555556,0.017258133098961025,0.6624444444444444,Hybrid_AddDeviceRecipient
0.3938888888888889,0.6367925457087287,0.07504273504273504,0.9089026915113871,0.13863887573030156,0.7996764964772684,0.3088009809537603,0.3088009809537603,0.12926355823678876,0.6353176000939298,0.09109730848861283,439,5411,3106,44,0.04318644375262531,152220,16.913333333333334,0.017570288594915606,0.65,Hybrid_AddDeviceRecipient
0.406,0.64123853134068,0.07617221544361165,0.9047619047619048,0.1405144694533762,0.7996764964772684,0.3088009809537603,0.3088009809537603,0.132418637742127,0.6222848420805448,0.09523809523809523,437,5300,3217,46,0.04318644375262531,152000,16.88888888888889,0.01788857631292993,0.6374444444444445,Hybrid_AddDeviceRecipient
0.41755555555555557,0.6434380052463579,0.07697777777777778,0.8964803312629399,0.141781270464964,0.7996764964772684,0.3088009809537603,0.3088009809537603,0.13354049129466786,0.6096043207702243,0.10351966873706005,433,5192,3325,50,0.04318644375262531,153840,17.093333333333334,0.018265155682136488,0.625,Hybrid_AddDeviceRecipient
0.42877777777777776,0.6435083796601171,0.07746734397677794,0.8840579710144928,0.1424520433694746,0.7996764964772684,0.3088009809537603,0.3088009809537603,0.13276429785363203,0.5970412116942585,0.11594202898550725,427,5085,3432,56,0.04318644375262531,157700,17.522222222222222,0.018619855836696366,0.6124444444444445,Hybrid_AddDeviceRecipient
0.441,0.648989561979439,0.07888888888888888,0.8819875776397516,0.14482406935237122,0.7996764964772684,0.3088009809537603,0.3088009809537603,0.1370738458101501,0.5840084536808735,0.11801242236024845,426,4974,3543,57,0.04318644375262531,156480,17.386666666666667,0.01906698266742471,0.6,Hybrid_AddDeviceRecipient
0.45311111111111113,0.6534355476113903,0.08019670890864385,0.8778467908902692,0.1469670710571924,0.7996764964772684,0.3088009809537603,0.3088009809537603,0.1404771677335347,0.5709756956674885,0.12215320910973085,424,4863,3654,59,0.04318644375262531,156260,17.362222222222222,0.019427570989310573,0.5874444444444444,Hybrid_AddDeviceRecipient
0.4651111111111111,0.6578228271261641,0.08154589371980676,0.8737060041407867,0.14916931778013431,0.7996764964772684,0.3088009809537603,0.3088009809537603,0.14389503415572322,0.5580603498884584,0.12629399585921325,422,4753,3764,61,0.04318644375262531,156060,17.34,0.01985066396605327,0.575,Hybrid_AddDeviceRecipient
0.47744444444444445,0.6633627155626635,0.08316870802054524,0.8716356107660456,0.15184851217312897,0.7996764964772684,0.3088009809537603,0.3088009809537603,0.1484228964031187,0.5449101796407185,0.12836438923395446,421,4641,3876,62,0.04318644375262531,154820,17.202222222222222,0.020288423336702707,0.5624444444444444,Hybrid_AddDeviceRecipient
0.4892222222222222,0.6666560922728894,0.08444444444444445,0.865424430641822,0.15387447082643108,0.7996764964772684,0.3088009809537603,0.3088009809537603,0.15098644785819268,0.5321122460960432,0.13457556935817805,418,4532,3985,65,0.04318644375262531,155640,17.293333333333333,0.020764423265288757,0.55,Hybrid_AddDeviceRecipient
0.5017777777777778,0.6732898835139367,0.08641720074426297,0.865424430641822,0.15714285714285714,0.7996764964772684,0.3088009809537603,0.3088009809537603,0.156649439507066,0.5188446636139485,0.13457556935817805,418,4419,4098,65,0.04318644375262531,153380,17.04222222222222,0.02126876719090973,0.5374444444444444,Hybrid_AddDeviceRecipient
0.5135555555555555,0.6765832602241626,0.08783068783068783,0.8592132505175983,0.15937019969278035,0.7996764964772684,0.3088009809537603,0.3088009809537603,0.1593776612427244,0.5060467300692733,0.14078674948240166,415,4310,4207,68,0.04318644375262531,154200,17.133333333333333,0.02177699516339528,0.525,Hybrid_AddDeviceRecipient
0.5254444444444445,0.6799353430515658,0.08933217692974849,0.8530020703933747,0.1617271835132483,0.7996764964772684,0.3088009809537603,0.3088009809537603,0.16225026026089126,0.49313138429024306,0.14699792960662525,412,4200,4317,71,0.04318644375262531,155000,17.22222222222222,0.022376141897181113,0.5124444444444445,Hybrid_AddDeviceRecipient
0.5372222222222223,0.6832287197617917,0.0908888888888889,0.8467908902691511,0.16415813766807147,0.7996764964772684,0.3088009809537603,0.3088009809537603,0.16516876368692346,0.4803334507455677,0.15320910973084886,409,4091,4426,74,0.04318644375262531,155820,17.313333333333333,0.023002800578509258,0.5,Hybrid_AddDeviceRecipient
0.5483333333333333,0.6832403880583735,0.09184138559708295,0.8343685300207039,0.16546910285362348,0.7996764964772684,0.3088009809537603,0.3088009809537603,0.1652304663917948,0.4678877539039568,0.16563146997929606,403,3985,4532,80,0.04318644375262531,159700,17.744444444444444,0.023595640954146777,0.4875555555555556,Hybrid_AddDeviceRecipient
0.5604444444444444,0.6876863736903249,0.09380116959064327,0.8302277432712215,0.1685582177385456,0.7996764964772684,0.3088009809537603,0.3088009809537603,0.16939892970556258,0.4548549958905718,0.16977225672877846,401,3874,4643,82,0.04318644375262531,159480,17.72,0.024290734667811467,0.475,Hybrid_AddDeviceRecipient
0.5722222222222222,0.6929327315409372,0.09599232061435085,0.8281573498964804,0.17204301075268819,0.7996764964772684,0.3088009809537603,0.3088009809537603,0.17439444610413218,0.44229188681460607,0.17184265010351968,400,3767,4750,83,0.04318644375262531,158340,17.593333333333334,0.025,0.463,Hybrid_AddDeviceRecipient
0.5726666666666667,0.6931675560096469,0.09608455440787893,0.8281573498964804,0.17219113215669393,0.7996764964772684,0.3088009809537603,0.3088009809537603,0.17461832604571714,0.44182223787718683,0.17184265010351968,400,3763,4754,83,0.04318644375262531,158260,17.584444444444443,0.025033831079296787,0.46255555555555555,Hybrid_AddDeviceRecipient
0.5843333333333334,0.695425736032502,0.09777777777777778,0.8198757763975155,0.17471872931833224,0.7996764964772684,0.3088009809537603,0.3088009809537603,0.17705105946745076,0.42902430433251143,0.18012422360248448,396,3654,4863,87,0.04318644375262531,160080,17.786666666666665,0.025899270737594286,0.45,Hybrid_AddDeviceRecipient
0.5961111111111111,0.6987191127427279,0.09979685119349924,0.8136645962732919,0.1777878308075096,0.7996764964772684,0.3088009809537603,0.3088009809537603,0.18054588638752114,0.4162263707878361,0.18633540372670807,393,3545,4972,90,0.04318644375262531,160900,17.877777777777776,0.026695065302025124,0.43755555555555553,Hybrid_AddDeviceRecipient
0.6075555555555555,0.6998833899610352,0.10143790849673202,0.8033126293995859,0.18012999071494892,0.7996764964772684,0.3088009809537603,0.3088009809537603,0.18224377138176764,0.40354584947751554,0.19668737060041408,388,3437,5080,95,0.04318644375262531,163740,18.19333333333333,0.02760518399745308,0.425,Hybrid_AddDeviceRecipient
0.6191111111111111,0.702082863866713,0.10342041475895503,0.7950310559006211,0.18303145853193517,0.7996764964772684,0.3088009809537603,0.3088009809537603,0.18501598101227695,0.39086532816719505,0.20496894409937888,384,3329,5188,99,0.04318644375262531,165580,18.397777777777776,0.028440819943303962,0.41255555555555556,Hybrid_AddDeviceRecipient
0.6307777777777778,0.7043410438895683,0.10555555555555556,0.7867494824016563,0.1861376438892971,0.7996764964772684,0.3088009809537603,0.3088009809537603,0.18799849043565375,0.37806739462251965,0.21325051759834368,380,3220,5297,103,0.04318644375262531,167400,18.6,0.02941407440772077,0.4,Hybrid_AddDeviceRecipient
0.643,0.7098222262088902,0.10865825688073394,0.7846790890269151,0.19088390833543187,0.7996764964772684,0.3088009809537603,0.3088009809537603,0.19411340719395678,0.36503463660913466,0.2153209109730849,379,3109,5408,104,0.04318644375262531,166180,18.464444444444446,0.030375674480430423,0.38755555555555554,Hybrid_AddDeviceRecipient
0.6548888888888889,0.7131743090362934,0.11140740740740741,0.7784679089026915,0.19491964748574392,0.7996764964772684,0.3088009809537603,0.3088009809537603,0.1984648483588057,0.3521192908301045,0.22153209109730848,376,2999,5518,107,0.04318644375262531,166980,18.553333333333335,0.03125729392418748,0.375,Hybrid_AddDeviceRecipient
0.6668888888888889,0.7175615885510673,0.11461844927980386,0.7743271221532091,0.19967965830218898,0.7996764964772684,0.3088009809537603,0.3088009809537603,0.2039755646527865,0.3392039450510743,0.22567287784679088,374,2889,5628,109,0.04318644375262531,166780,18.531111111111112,0.03227034707509446,0.3625555555555556,Hybrid_AddDeviceRecipient
0.6785555555555556,0.7198197685739227,0.11746031746031746,0.7660455486542443,0.2036884117808973,0.7996764964772684,0.3088009809537603,0.3088009809537603,0.20772100781833425,0.326406011506399,0.23395445134575568,370,2780,5737,113,0.04318644375262531,168600,18.733333333333334,0.0332983222502283,0.35,Hybrid_AddDeviceRecipient
0.6896666666666667,0.7198314368705045,0.11981566820276497,0.7536231884057971,0.2067594433399602,0.7996764964772684,0.3088009809537603,0.3088009809537603,0.20953028929615036,0.3139603146647881,0.2463768115942029,364,2674,5843,119,0.04318644375262531,172480,19.164444444444445,0.03464827525622701,0.33755555555555555,Hybrid_AddDeviceRecipient
0.6938888888888889,0.7201092881828597,0.12082777036048065,0.7494824016563147,0.20810577752227652,0.7996764964772684,0.3088009809537603,0.3088009809537603,0.21052031330646484,0.30926382529059526,0.2505175983436853,362,2634,5883,121,0.04318644375262531,173680,19.297777777777778,0.034999999999999996,0.3328888888888889,Hybrid_AddDeviceRecipient
0.7008888888888889,0.7199018112842638,0.12239316239316239,0.7412008281573499,0.210093896713615,0.7996764964772684,0.3088009809537603,0.3088009809537603,0.2116116701499103,0.3013972055888224,0.2587991718426501,358,2567,5950,125,0.04318644375262531,176340,19.593333333333334,0.03563976117986657,0.325,Hybrid_AddDeviceRecipient
0.7113333333333334,0.7166317711672016,0.12406683256309989,0.722567287784679,0.21177184466019416,0.7996764964772684,0.3088009809537603,0.3088009809537603,0.2106415835674682,0.28930374545027593,0.2774327122153209,349,2464,6053,134,0.04318644375262531,183280,20.364444444444445,0.03670524238640446,0.31255555555555553,Hybrid_AddDeviceRecipient
0.723,0.7188899511900568,0.12777777777777777,0.7142857142857143,0.21677662582469368,0.7996764964772684,0.3088009809537603,0.3088009809537603,0.21528836139832808,0.2765058119056006,0.2857142857142857,345,2355,6162,138,0.04318644375262531,185100,20.566666666666666,0.03833489136268389,0.3,Hybrid_AddDeviceRecipient
0.7341111111111112,0.7189016194866387,0.13098918083462133,0.7018633540372671,0.22077499185932922,0.7996764964772684,0.3088009809537603,0.3088009809537603,0.21798015969576268,0.2640601150639897,0.2981366459627329,339,2249,6268,144,0.04318644375262531,188980,20.997777777777777,0.03973407969739594,0.28755555555555556,Hybrid_AddDeviceRecipient
0.7462222222222222,0.7233476051185901,0.13616161616161615,0.6977225672877847,0.22785665990534143,0.7996764964772684,0.3088009809537603,0.3088009809537603,0.22545004434242805,0.2510273570506047,0.3022774327122153,337,2138,6379,146,0.04318644375262531,188760,20.973333333333333,0.04140068478046085,0.275,Hybrid_AddDeviceRecipient
0.7575555555555555,0.7244531762197199,0.1404993652137114,0.6873706004140787,0.23330990864371048,0.7996764964772684,0.3088009809537603,0.3088009809537603,0.22990841662586958,0.23846424797463897,0.31262939958592134,332,2031,6486,151,0.04318644375262531,191620,21.29111111111111,0.04339683216058597,0.26255555555555554,Hybrid_AddDeviceRecipient
0.7652222222222222,0.7255744265943815,0.1437937062937063,0.6811594202898551,0.2374594009382894,0.7996764964772684,0.3088009809537603,0.3088009809537603,0.23349778372857902,0.23001056710109194,0.3188405797101449,329,1959,6558,154,0.04318644375262531,193180,21.464444444444446,0.045,0.25422222222222224,Hybrid_AddDeviceRecipient
0.769,0.7256174534380271,0.14533333333333334,0.6770186335403726,0.2392974753018661,0.7996764964772684,0.3088009809537603,0.3088009809537603,0.23484235789701324,0.22578372666431842,0.32298136645962733,327,1923,6594,156,0.04318644375262531,194460,21.606666666666666,0.04616764706016237,0.25,Hybrid_AddDeviceRecipient
0.7798888888888889,0.7245352189300609,0.14967259120673526,0.6625258799171843,0.2441816100724914,0.7996764964772684,0.3088009809537603,0.3088009809537603,0.23779468767173492,0.21345544205706235,0.33747412008281574,320,1818,6699,163,0.04318644375262531,199360,22.15111111111111,0.04944497255249497,0.23755555555555555,Hybrid_AddDeviceRecipient
0.7913333333333333,0.7256994961483683,0.15555555555555556,0.6521739130434783,0.25119617224880386,0.7996764964772684,0.3088009809537603,0.3088009809537603,0.24360873380889358,0.2007749207467418,0.34782608695652173,315,1710,6807,168,0.04318644375262531,202200,22.466666666666665,0.053247471206704186,0.225,Hybrid_AddDeviceRecipient
0.7973333333333333,0.7288696264759484,0.1598173515981735,0.6521739130434783,0.25672371638141805,0.7996764964772684,0.3088009809537603,0.3088009809537603,0.24942786060336763,0.19443466009158153,0.34782608695652173,315,1656,6861,168,0.04318644375262531,201120,22.346666666666668,0.055,0.219,Hybrid_AddDeviceRecipient
0.8031111111111111,0.7289928728585942,0.16309461578672244,0.6459627329192547,0.2604340567612688,0.7996764964772684,0.3088009809537603,0.3088009809537603,0.25227844702403246,0.18797698720206646,0.35403726708074534,312,1601,6916,171,0.04318644375262531,203020,22.557777777777776,0.05721262208369753,0.21255555555555555,Hybrid_AddDeviceRecipient
0.8154444444444444,0.7345327612950934,0.17277777777777778,0.6438923395445134,0.2724485326325011,0.7996764964772684,0.3088009809537603,0.3088009809537603,0.26427002189907756,0.17482681695432664,0.35610766045548653,311,1489,7028,172,0.04318644375262531,201780,22.42,0.0605143329964196,0.2,Hybrid_AddDeviceRecipient
0.8233333333333334,0.7338184427637235,0.17801047120418848,0.6335403726708074,0.2779291553133515,0.7996764964772684,0.3088009809537603,0.3088009809537603,0.2680971483436793,0.16590348714336034,0.36645962732919257,306,1413,7104,177,0.04318644375262531,205260,22.80666666666667,0.065,0.191,Hybrid_AddDeviceRecipient
0.8258888888888889,0.7312627211780313,0.17890995260663506,0.6252587991718427,0.27821280515891295,0.7996764964772684,0.3088009809537603,0.3088009809537603,0.26702271273110345,0.16273335681578022,0.3747412008281574,302,1386,7131,181,0.04318644375262531,208720,23.191111111111113,0.06635094736751145,0.18755555555555556,Hybrid_AddDeviceRecipient
0.8373333333333334,0.7324269983963385,0.18857142857142858,0.6149068322981367,0.2886297376093295,0.7996764964772684,0.3088009809537603,0.3088009809537603,0.2757051955584641,0.15005283550545967,0.38509316770186336,297,1278,7239,186,0.04318644375262531,211560,23.506666666666668,0.07196915590044092,0.175,Hybrid_AddDeviceRecipient
0.8436666666666667,0.7299143036542917,0.19322709163346613,0.6024844720496895,0.29260935143288086,0.7996764964772684,0.3088009809537603,0.3088009809537603,0.27761539449977113,0.14265586474110603,0.39751552795031053,291,1215,7302,192,0.04318644375262531,216300,24.033333333333335,0.07500000000000001,0.16733333333333333,Hybrid_AddDeviceRecipient
0.848,0.7302508610838243,0.1975393028024607,0.598343685300207,0.2970195272353546,0.7996764964772684,0.3088009809537603,0.3088009809537603,0.28127214619101465,0.13784196313255842,0.40165631469979296,289,1174,7343,194,0.04318644375262531,217480,24.164444444444445,0.07825148338717722,0.16255555555555556,Hybrid_AddDeviceRecipient
0.8572222222222222,0.7302410159585834,0.2072992700729927,0.587991718426501,0.30652995143011336,0.7996764964772684,0.3088009809537603,0.3088009809537603,0.28887304881426396,0.12750968650933428,0.41200828157349895,284,1086,7431,199,0.04318644375262531,220720,24.524444444444445,0.085,0.15222222222222223,Hybrid_AddDeviceRecipient
0.859,0.7292273326930356,0.2088888888888889,0.5838509316770186,0.3076923076923077,0.7996764964772684,0.3088009809537603,0.3088009809537603,0.2893448013323962,0.12539626629094752,0.4161490683229814,282,1068,7449,201,0.04318644375262531,222360,24.706666666666667,0.08642302825311242,0.15,Hybrid_AddDeviceRecipient
0.8671111111111112,0.7247244641152477,0.21683876092136617,0.5652173913043478,0.31343283582089554,0.7996764964772684,0.3088009809537603,0.3088009809537603,0.29200200893655104,0.1157684630738523,0.43478260869565216,273,986,7531,210,0.04318644375262531,229720,25.524444444444445,0.095,0.1398888888888889,Hybrid_AddDeviceRecipient
0.8692222222222222,0.7248633897714254,0.2197092084006462,0.5631469979296067,0.31609529343404996,0.7996764964772684,0.3088009809537603,0.3088009809537603,0.2942513719345469,0.1134202183867559,0.43685300207039335,272,966,7551,211,0.04318644375262531,230320,25.59111111111111,0.09722059867344003,0.13755555555555554,Hybrid_AddDeviceRecipient
0.877,0.7260433462632645,0.2314974182444062,0.556935817805383,0.3270516717325228,0.7996764964772684,0.3088009809537603,0.3088009809537603,0.30383158475534705,0.10484912527885405,0.44306418219461696,269,893,7624,214,0.04318644375262531,231860,25.76222222222222,0.10500000000000001,0.12911111111111112,Hybrid_AddDeviceRecipient
0.88,0.7227459585760886,0.23466666666666666,0.546583850931677,0.3283582089552239,0.7996764964772684,0.3088009809537603,0.3088009809537603,0.3035674309738289,0.10109193377949982,0.453416149068323,264,861,7656,219,0.04318644375262531,236220,26.246666666666666,0.10816805374405543,0.125,Hybrid_AddDeviceRecipient
0.8851111111111111,0.7195874965450904,0.24179943767572634,0.5341614906832298,0.33290322580645165,0.7996764964772684,0.3088009809537603,0.3088009809537603,0.30616359958815703,0.0949864975930492,0.4658385093167702,258,809,7708,225,0.04318644375262531,241180,26.797777777777778,0.115,0.11855555555555555,Hybrid_AddDeviceRecipient
0.8908888888888888,0.7216637240681224,0.25370187561697927,0.5320910973084886,0.34358288770053474,0.7996764964772684,0.3088009809537603,0.3088009809537603,0.31611488428911844,0.08876364917224375,0.46790890269151136,257,756,7761,226,0.04318644375262531,241120,26.79111111111111,0.12192039992074545,0.11255555555555556,Hybrid_AddDeviceRecipient
0.8933333333333333,0.7219787680758323,0.25884732052578363,0.5300207039337475,0.34782608695652173,0.7996764964772684,0.3088009809537603,0.3088009809537603,0.31990189288041426,0.0860631677820829,0.4699792960662526,256,733,7784,227,0.04318644375262531,241660,26.851111111111113,0.125,0.10988888888888888,Hybrid_AddDeviceRecipient
0.9005555555555556,0.716029759990432,0.2721238938053097,0.5093167701863354,0.35472242249459257,0.7996764964772684,0.3088009809537603,0.3088009809537603,0.323922415869257,0.0772572502054714,0.4906832298136646,246,658,7859,237,0.04318644375262531,250160,27.795555555555556,0.135,0.10044444444444445,Hybrid_AddDeviceRecipient
0.901,0.7162645844591415,0.2733333333333333,0.5093167701863354,0.3557483731019523,0.7996764964772684,0.3088009809537603,0.3088009809537603,0.32491407543188827,0.07678760126805213,0.4906832298136646,246,654,7863,237,0.04318644375262531,250080,27.786666666666665,0.1357673360841131,0.1,Hybrid_AddDeviceRecipient
0.908,0.7111746547095797,0.2893772893772894,0.4906832298136646,0.36405529953917054,0.7996764964772684,0.3088009809537603,0.3088009809537603,0.330935631862594,0.0683339203945051,0.5093167701863354,237,582,7935,246,0.04318644375262531,257640,28.626666666666665,0.14500000000000002,0.091,Hybrid_AddDeviceRecipient
0.911,0.7108067387329834,0.2982233502538071,0.4865424430641822,0.3697875688434304,0.7996764964772684,0.3088009809537603,0.3088009809537603,0.3361582662397772,0.06492896559821533,0.5134575569358178,235,553,7964,248,0.04318644375262531,259060,28.784444444444443,0.1494663719658425,0.08755555555555555,Hybrid_AddDeviceRecipient
0.914,0.7065328604756144,0.30574098798397864,0.474120082815735,0.3717532467532468,0.7996764964772684,0.3088009809537603,0.3088009809537603,0.3370092663357724,0.06105436186450628,0.525879917184265,229,520,7997,254,0.04318644375262531,264400,29.377777777777776,0.155,0.08322222222222223,Hybrid_AddDeviceRecipient
0.9187777777777778,0.7061277518036634,0.32285714285714284,0.46790890269151136,0.38207945900253587,0.7996764964772684,0.3088009809537603,0.3088009809537603,0.3468927993073684,0.055653399084184575,0.5320910973084886,226,474,8043,257,0.04318644375262531,266480,29.608888888888888,0.165,0.07777777777777778,Hybrid_AddDeviceRecipient
0.9215555555555556,0.7075954047330987,0.3348148148148148,0.46790890269151136,0.39032815198618304,0.7996764964772684,0.3088009809537603,0.3088009809537603,0.35523897888384176,0.05271809322531408,0.5320910973084886,226,449,8068,257,0.04318644375262531,265980,29.553333333333335,0.17153807844229957,0.075,Hybrid_AddDeviceRecipient
0.9226666666666666,0.7042765036241,0.3378995433789954,0.45962732919254656,0.3894736842105263,0.7996764964772684,0.3088009809537603,0.3088009809537603,0.35393335591760633,0.0510743219443466,0.5403726708074534,222,435,8082,261,0.04318644375262531,269700,29.966666666666665,0.17500000000000002,0.073,Hybrid_AddDeviceRecipient
0.9265555555555556,0.7043782365849229,0.3559870550161812,0.4554865424430642,0.3996366939146231,0.7996764964772684,0.3088009809537603,0.3088009809537603,0.36426166344892036,0.04673006927321827,0.5445134575569358,220,398,8119,263,0.04318644375262531,270960,30.106666666666666,0.185,0.06866666666666667,Hybrid_AddDeviceRecipient
0.9303333333333333,0.6995388105776026,0.3736842105263158,0.4409937888198758,0.4045584045584046,0.7996764964772684,0.3088009809537603,0.3088009809537603,0.36925216354501766,0.041916167664670656,0.5590062111801242,213,357,8160,270,0.04318644375262531,277140,30.793333333333333,0.195,0.06333333333333334,Hybrid_AddDeviceRecipient
0.9306666666666666,0.6977619477887484,0.3747779751332149,0.43685300207039335,0.4034416826003824,0.7996764964772684,0.3088009809537603,0.3088009809537603,0.36807929933577166,0.04132910649289656,0.5631469979296067,211,352,8165,272,0.04318644375262531,279040,31.004444444444445,0.1979115386929586,0.06255555555555556,Hybrid_AddDeviceRecipient
0.9332222222222222,0.6942297356328628,0.3886792452830189,0.42650103519668736,0.4067127344521224,0.7996764964772684,0.3088009809537603,0.3088009809537603,0.37186299580856574,0.03804156393096161,0.5734989648033126,206,324,8193,277,0.04318644375262531,283480,31.497777777777777,0.20500000000000002,0.058888888888888886,Hybrid_AddDeviceRecipient
0.9367777777777778,0.6873199162508012,0.41041666666666665,0.4078674948240166,0.4091381100726895,0.7996764964772684,0.3088009809537603,0.3088009809537603,0.3757425890373528,0.033227662322413996,0.5921325051759835,197,283,8234,286,0.04318644375262531,291660,32.406666666666666,0.215,0.05333333333333334,Hybrid_AddDeviceRecipient
0.9377777777777778,0.6810128373140456,0.41575492341356673,0.39337474120082816,0.4042553191489362,0.7996764964772684,0.3088009809537603,0.3088009809537603,0.37161476178064123,0.03134906657273688,0.6066252587991718,190,267,8250,293,0.04318644375262531,298340,33.14888888888889,0.225,0.050777777777777776,Hybrid_AddDeviceRecipient
0.9383333333333334,0.6803298773297395,0.42,0.391304347826087,0.40514469453376206,0.7996764964772684,0.3088009809537603,0.3088009809537603,0.372928228065386,0.03064459316660796,0.6086956521739131,189,261,8256,294,0.04318644375262531,299220,33.24666666666667,0.22836717050149033,0.05,Hybrid_AddDeviceRecipient
0.939,0.6777526423222244,0.4246575342465753,0.38509316770186336,0.4039087947882736,0.7996764964772684,0.3088009809537603,0.3088009809537603,0.3723387899083013,0.029587883057414582,0.6149068322981367,186,252,8265,297,0.04318644375262531,302040,33.56,0.23500000000000001,0.048666666666666664,Hybrid_AddDeviceRecipient
0.9386666666666666,0.6658586371283739,0.4172661870503597,0.36024844720496896,0.38666666666666666,0.7996764964772684,0.3088009809537603,0.3088009809537603,0.35562918406188926,0.028531172948221203,0.639751552795031,174,243,8274,309,0.04318644375262531,313860,34.873333333333335,0.245,0.04633333333333333,Hybrid_AddDeviceRecipient
0.9411111111111111,0.6603147377149245,0.43832020997375326,0.34575569358178054,0.38657407407407407,0.7996764964772684,0.3088009809537603,0.3088009809537603,0.3588635965160073,0.02512621815193143,0.6542443064182195,167,214,8303,316,0.04318644375262531,320280,35.586666666666666,0.255,0.042333333333333334,Hybrid_AddDeviceRecipient
0.9427777777777778,0.6563128766216197,0.4550561797752809,0.33540372670807456,0.3861740166865316,0.7996764964772684,0.3088009809537603,0.3088009809537603,0.36145918250831743,0.022777973464835035,0.6645962732919255,162,194,8323,321,0.04318644375262531,324880,36.09777777777778,0.265,0.03955555555555555,Hybrid_AddDeviceRecipient
0.9436666666666667,0.651900072708073,0.46449704142011833,0.3250517598343685,0.3824604141291108,0.7996764964772684,0.3088009809537603,0.3088009809537603,0.3601118615048555,0.02125161441822238,0.6749482401656315,157,181,8336,326,0.04318644375262531,329620,36.62444444444444,0.2735775557677292,0.03755555555555556,Hybrid_AddDeviceRecipient
0.9438888888888889,0.6510409943722347,0.46706586826347307,0.32298136645962733,0.3818849449204406,0.7996764964772684,0.3088009809537603,0.3088009809537603,0.3601298706486326,0.02089937771515792,0.6770186335403726,156,178,8339,327,0.04318644375262531,330560,36.72888888888889,0.275,0.03711111111111111,Hybrid_AddDeviceRecipient
0.9441111111111111,0.6394405197642712,0.4675324675324675,0.2981366459627329,0.3640960809102402,0.7996764964772684,0.3088009809537603,0.3088009809537603,0.3457010196682156,0.019255606434190442,0.7018633540372671,144,164,8353,339,0.04318644375262531,342280,38.03111111111111,0.28500000000000003,0.03422222222222222,Hybrid_AddDeviceRecipient
0.9444444444444444,0.6318047135542579,0.47058823529411764,0.2815734989648033,0.3523316062176166,0.7996764964772684,0.3088009809537603,0.3088009809537603,0.3369728399049575,0.017964071856287425,0.7184265010351967,136,153,8364,347,0.04318644375262531,350060,38.89555555555555,0.295,0.03211111111111111,Hybrid_AddDeviceRecipient
0.9452222222222222,0.6224507506725679,0.48091603053435117,0.2608695652173913,0.33825503355704695,0.7996764964772684,0.3088009809537603,0.3088009809537603,0.3282854771939445,0.015968063872255488,0.7391304347826086,126,136,8381,357,0.04318644375262531,359720,39.96888888888889,0.305,0.029111111111111112,Hybrid_AddDeviceRecipient
0.9465555555555556,0.6114373372363786,0.504424778761062,0.2360248447204969,0.3215796897038082,0.7996764964772684,0.3088009809537603,0.3088009809537603,0.32101444576406657,0.013150170247739814,0.7639751552795031,114,112,8405,369,0.04318644375262531,371240,41.24888888888889,0.315,0.025111111111111112,Hybrid_AddDeviceRecipient
0.9466666666666667,0.6114960433535559,0.5066666666666667,0.2360248447204969,0.3220338983050848,0.7996764964772684,0.3088009809537603,0.3088009809537603,0.3218781665966364,0.013032758013384995,0.7639751552795031,114,111,8406,369,0.04318644375262531,371220,41.24666666666667,0.3156307314273422,0.025,Hybrid_AddDeviceRecipient
0.9471111111111111,0.6029424526905269,0.5172413793103449,0.21739130434782608,0.30612244897959184,0.7996764964772684,0.3088009809537603,0.3088009809537603,0.3124827739068917,0.011506398966772337,0.782608695652174,105,98,8419,378,0.04318644375262531,379960,42.217777777777776,0.325,0.022555555555555554,Hybrid_AddDeviceRecipient
0.9468888888888889,0.5891541724734674,0.5141242937853108,0.18840579710144928,0.2757575757575758,0.7996764964772684,0.3088009809537603,0.3088009809537603,0.28939684032446517,0.0100974521545145,0.8115942028985508,91,86,8431,392,0.04318644375262531,393720,43.74666666666667,0.335,0.019666666666666666,Hybrid_AddDeviceRecipient
0.9467777777777778,0.5812835417947445,0.5123456790123457,0.17184265010351968,0.2573643410852713,0.7996764964772684,0.3088009809537603,0.3088009809537603,0.27555925237412365,0.009275566514030761,0.8281573498964804,83,79,8438,400,0.04318644375262531,401580,44.62,0.34500000000000003,0.018,Hybrid_AddDeviceRecipient
0.9474444444444444,0.5728473633660702,0.5362318840579711,0.15320910973084886,0.23832528180354265,0.7996764964772684,0.3088009809537603,0.3088009809537603,0.26721159918485116,0.007514382998708466,0.8467908902691511,74,64,8453,409,0.04318644375262531,410280,45.586666666666666,0.35500000000000004,0.015333333333333332,Hybrid_AddDeviceRecipient
0.948,0.5663054599606049,0.5630252100840336,0.13871635610766045,0.22259136212624586,0.7996764964772684,0.3088009809537603,0.3088009809537603,0.2616325421435895,0.006105436186450628,0.8612836438923396,67,52,8465,416,0.04318644375262531,417040,46.33777777777778,0.365,0.013222222222222222,Hybrid_AddDeviceRecipient
0.9475555555555556,0.5611881826409293,0.5486725663716814,0.12836438923395446,0.20805369127516782,0.7996764964772684,0.3088009809537603,0.3088009809537603,0.24768381432632514,0.005988023952095809,0.8716356107660456,62,51,8466,421,0.04318644375262531,422020,46.89111111111111,0.37092345412339633,0.012555555555555556,Hybrid_AddDeviceRecipient
0.9472222222222222,0.5571061020086243,0.5370370370370371,0.12008281573498965,0.19627749576988154,0.7996764964772684,0.3088009809537603,0.3088009809537603,0.2363838472388909,0.005870611717740989,0.8799171842650103,58,50,8467,425,0.04318644375262531,426000,47.333333333333336,0.375,0.012,Hybrid_AddDeviceRecipient
0.9468888888888889,0.5422826251041942,0.5308641975308642,0.08902691511387163,0.1524822695035461,0.7996764964772684,0.3088009809537603,0.3088009809537603,0.20179399381501514,0.004461664905483152,0.9109730848861284,43,38,8479,440,0.04318644375262531,440760,48.973333333333336,0.385,0.009,Hybrid_AddDeviceRecipient
0.9472222222222222,0.5375762906047605,0.5588235294117647,0.07867494824016563,0.13793103448275862,0.7996764964772684,0.3088009809537603,0.3088009809537603,0.19558339343745687,0.003522367030644593,0.9213250517598344,38,30,8487,445,0.04318644375262531,445600,49.51111111111111,0.395,0.007555555555555556,Hybrid_AddDeviceRecipient
0.947,0.5306234443790534,0.5535714285714286,0.06418219461697723,0.1150278293135436,0.7996764964772684,0.3088009809537603,0.3088009809537603,0.17552582071770714,0.0029353058588704943,0.9358178053830227,31,25,8492,452,0.04318644375262531,452500,50.27777777777778,0.405,0.006222222222222222,Hybrid_AddDeviceRecipient
0.9474444444444444,0.5279287971371834,0.6086956521739131,0.057971014492753624,0.10586011342155008,0.7996764964772684,0.3088009809537603,0.3088009809537603,0.17652720920391465,0.0021134202183867557,0.9420289855072463,28,18,8499,455,0.04318644375262531,455360,50.595555555555556,0.41500000000000004,0.005111111111111111,Hybrid_AddDeviceRecipient
0.9473333333333334,0.5200581664584605,0.6451612903225806,0.041407867494824016,0.07782101167315175,0.7996764964772684,0.3088009809537603,0.3088009809537603,0.15430686816528152,0.0012915345779030175,0.9585921325051759,20,11,8506,463,0.04318644375262531,463220,51.46888888888889,0.425,0.0034444444444444444,Hybrid_AddDeviceRecipient
0.9466666666666667,0.5118940051938505,0.5714285714285714,0.024844720496894408,0.047619047619047616,0.7996764964772684,0.3088009809537603,0.3088009809537603,0.11110954658337559,0.0010567101091933778,0.9751552795031055,12,9,8508,471,0.04318644375262531,471180,52.35333333333333,0.435,0.0023333333333333335,Hybrid_AddDeviceRecipient
0.9465555555555556,0.5098823179362867,0.5555555555555556,0.020703933747412008,0.03992015968063873,0.7996764964772684,0.3088009809537603,0.3088009809537603,0.09969719252704619,0.0009392978748385582,0.979296066252588,10,8,8509,473,0.04318644375262531,473160,52.57333333333333,0.445,0.002,Hybrid_AddDeviceRecipient
0.9465555555555556,0.5079293367959004,0.5714285714285714,0.016563146997929608,0.03219315895372234,0.7996764964772684,0.3088009809537603,0.3088009809537603,0.09068522282411445,0.0007044734061289186,0.9834368530020704,8,6,8511,475,0.04318644375262531,475120,52.791111111111114,0.455,0.0015555555555555555,Hybrid_AddDeviceRecipient
0.9463333333333334,0.5039059622807728,0.5,0.008281573498964804,0.016293279022403257,0.7996764964772684,0.3088009809537603,0.3088009809537603,0.05907473567805806,0.0004696489374192791,0.9917184265010351,4,4,8513,479,0.04318644375262531,479080,53.23111111111111,0.465,0.0008888888888888889,Hybrid_AddDeviceRecipient
0.9462222222222222,0.5009177844530158,0.3333333333333333,0.002070393374741201,0.00411522633744856,0.7996764964772684,0.3088009809537603,0.3088009809537603,0.022660949014922393,0.00023482446870963955,0.9979296066252588,1,2,8515,482,0.04318644375262531,482040,53.56,0.47500000000000003,0.0003333333333333333,Hybrid_AddDeviceRecipient
0.9464444444444444,0.5010351966873706,1.0,0.002070393374741201,0.004132231404958678,0.7996764964772684,0.3088009809537603,0.3088009809537603,0.04426623979796273,0.0,0.9979296066252588,1,0,8517,482,0.04318644375262531,482000,53.55555555555556,0.485,0.00011111111111111112,Hybrid_AddDeviceRecipient
0.9464444444444444,0.5010351966873706,1.0,0.002070393374741201,0.004132231404958678,0.7996764964772684,0.3088009809537603,0.3088009809537603,0.04426623979796273,0.0,0.9979296066252588,1,0,8517,482,0.04318644375262531,482000,53.55555555555556,0.495,0.00011111111111111112,Hybrid_AddDeviceRecipient
0.9464444444444444,0.5010351966873706,1.0,0.002070393374741201,0.004132231404958678,0.7996764964772684,0.3088009809537603,0.3088009809537603,0.04426623979796273,0.0,0.9979296066252588,1,0,8517,482,0.04318644375262531,482000,53.55555555555556,0.505,0.00011111111111111112,Hybrid_AddDeviceRecipient
0.9464444444444444,0.5010351966873706,1.0,0.002070393374741201,0.004132231404958678,0.7996764964772684,0.3088009809537603,0.3088009809537603,0.04426623979796273,0.0,0.9979296066252588,1,0,8517,482,0.04318644375262531,482000,53.55555555555556,0.5125703103464905,0.00011111111111111112,Hybrid_AddDeviceRecipient
0.9463333333333334,0.5,0.0,0.0,0.0,0.7996764964772684,0.3088009809537603,0.3088009809537603,0.0,0.0,1.0,0,0,8517,483,0.04318644375262531,483000,53.666666666666664,0.515,0.0,Hybrid_AddDeviceRecipient
0.9463333333333334,0.5,0.0,0.0,0.0,0.7996764964772684,0.3088009809537603,0.3088009809537603,0.0,0.0,1.0,0,0,8517,483,0.04318644375262531,483000,53.666666666666664,0.525,0.0,Hybrid_AddDeviceRecipient
0.9463333333333334,0.5,0.0,0.0,0.0,0.7996764964772684,0.3088009809537603,0.3088009809537603,0.0,0.0,1.0,0,0,8517,483,0.04318644375262531,483000,53.666666666666664,0.535,0.0,Hybrid_AddDeviceRecipient
0.9463333333333334,0.5,0.0,0.0,0.0,0.7996764964772684,0.3088009809537603,0.3088009809537603,0.0,0.0,1.0,0,0,8517,483,0.04318644375262531,483000,53.666666666666664,0.545,0.0,Hybrid_AddDeviceRecipient
0.9463333333333334,0.5,0.0,0.0,0.0,0.7996764964772684,0.3088009809537603,0.3088009809537603,0.0,0.0,1.0,0,0,8517,483,0.04318644375262531,483000,53.666666666666664,0.555,0.0,Hybrid_AddDeviceRecipient
0.9463333333333334,0.5,0.0,0.0,0.0,0.7996764964772684,0.3088009809537603,0.3088009809537603,0.0,0.0,1.0,0,0,8517,483,0.04318644375262531,483000,53.666666666666664,0.5650000000000001,0.0,Hybrid_AddDeviceRecipient
0.9463333333333334,0.5,0.0,0.0,0.0,0.7996764964772684,0.3088009809537603,0.3088009809537603,0.0,0.0,1.0,0,0,8517,483,0.04318644375262531,483000,53.666666666666664,0.5750000000000001,0.0,Hybrid_AddDeviceRecipient
0.9463333333333334,0.5,0.0,0.0,0.0,0.7996764964772684,0.3088009809537603,0.3088009809537603,0.0,0.0,1.0,0,0,8517,483,0.04318644375262531,483000,53.666666666666664,0.585,0.0,Hybrid_AddDeviceRecipient
0.9463333333333334,0.5,0.0,0.0,0.0,0.7996764964772684,0.3088009809537603,0.3088009809537603,0.0,0.0,1.0,0,0,8517,483,0.04318644375262531,483000,53.666666666666664,0.595,0.0,Hybrid_AddDeviceRecipient
0.9463333333333334,0.5,0.0,0.0,0.0,0.7996764964772684,0.3088009809537603,0.3088009809537603,0.0,0.0,1.0,0,0,8517,483,0.04318644375262531,483000,53.666666666666664,0.605,0.0,Hybrid_AddDeviceRecipient
0.9463333333333334,0.5,0.0,0.0,0.0,0.7996764964772684,0.3088009809537603,0.3088009809537603,0.0,0.0,1.0,0,0,8517,483,0.04318644375262531,483000,53.666666666666664,0.615,0.0,Hybrid_AddDeviceRecipient
0.9463333333333334,0.5,0.0,0.0,0.0,0.7996764964772684,0.3088009809537603,0.3088009809537603,0.0,0.0,1.0,0,0,8517,483,0.04318644375262531,483000,53.666666666666664,0.625,0.0,Hybrid_AddDeviceRecipient
0.9463333333333334,0.5,0.0,0.0,0.0,0.7996764964772684,0.3088009809537603,0.3088009809537603,0.0,0.0,1.0,0,0,8517,483,0.04318644375262531,483000,53.666666666666664,0.635,0.0,Hybrid_AddDeviceRecipient
0.9463333333333334,0.5,0.0,0.0,0.0,0.7996764964772684,0.3088009809537603,0.3088009809537603,0.0,0.0,1.0,0,0,8517,483,0.04318644375262531,483000,53.666666666666664,0.645,0.0,Hybrid_AddDeviceRecipient
0.9463333333333334,0.5,0.0,0.0,0.0,0.7996764964772684,0.3088009809537603,0.3088009809537603,0.0,0.0,1.0,0,0,8517,483,0.04318644375262531,483000,53.666666666666664,0.655,0.0,Hybrid_AddDeviceRecipient
0.9463333333333334,0.5,0.0,0.0,0.0,0.7996764964772684,0.3088009809537603,0.3088009809537603,0.0,0.0,1.0,0,0,8517,483,0.04318644375262531,483000,53.666666666666664,0.665,0.0,Hybrid_AddDeviceRecipient
0.9463333333333334,0.5,0.0,0.0,0.0,0.7996764964772684,0.3088009809537603,0.3088009809537603,0.0,0.0,1.0,0,0,8517,483,0.04318644375262531,483000,53.666666666666664,0.675,0.0,Hybrid_AddDeviceRecipient
0.9463333333333334,0.5,0.0,0.0,0.0,0.7996764964772684,0.3088009809537603,0.3088009809537603,0.0,0.0,1.0,0,0,8517,483,0.04318644375262531,483000,53.666666666666664,0.685,0.0,Hybrid_AddDeviceRecipient
0.9463333333333334,0.5,0.0,0.0,0.0,0.7996764964772684,0.3088009809537603,0.3088009809537603,0.0,0.0,1.0,0,0,8517,483,0.04318644375262531,483000,53.666666666666664,0.6950000000000001,0.0,Hybrid_AddDeviceRecipient
0.9463333333333334,0.5,0.0,0.0,0.0,0.7996764964772684,0.3088009809537603,0.3088009809537603,0.0,0.0,1.0,0,0,8517,483,0.04318644375262531,483000,53.666666666666664,0.7050000000000001,0.0,Hybrid_AddDeviceRecipient
0.9463333333333334,0.5,0.0,0.0,0.0,0.7996764964772684,0.3088009809537603,0.3088009809537603,0.0,0.0,1.0,0,0,8517,483,0.04318644375262531,483000,53.666666666666664,0.715,0.0,Hybrid_AddDeviceRecipient
0.9463333333333334,0.5,0.0,0.0,0.0,0.7996764964772684,0.3088009809537603,0.3088009809537603,0.0,0.0,1.0,0,0,8517,483,0.04318644375262531,483000,53.666666666666664,0.725,0.0,Hybrid_AddDeviceRecipient
0.9463333333333334,0.5,0.0,0.0,0.0,0.7996764964772684,0.3088009809537603,0.3088009809537603,0.0,0.0,1.0,0,0,8517,483,0.04318644375262531,483000,53.666666666666664,0.735,0.0,Hybrid_AddDeviceRecipient
0.9463333333333334,0.5,0.0,0.0,0.0,0.7996764964772684,0.3088009809537603,0.3088009809537603,0.0,0.0,1.0,0,0,8517,483,0.04318644375262531,483000,53.666666666666664,0.745,0.0,Hybrid_AddDeviceRecipient
0.9463333333333334,0.5,0.0,0.0,0.0,0.7996764964772684,0.3088009809537603,0.3088009809537603,0.0,0.0,1.0,0,0,8517,483,0.04318644375262531,483000,53.666666666666664,0.755,0.0,Hybrid_AddDeviceRecipient
0.9463333333333334,0.5,0.0,0.0,0.0,0.7996764964772684,0.3088009809537603,0.3088009809537603,0.0,0.0,1.0,0,0,8517,483,0.04318644375262531,483000,53.666666666666664,0.765,0.0,Hybrid_AddDeviceRecipient
0.9463333333333334,0.5,0.0,0.0,0.0,0.7996764964772684,0.3088009809537603,0.3088009809537603,0.0,0.0,1.0,0,0,8517,483,0.04318644375262531,483000,53.666666666666664,0.775,0.0,Hybrid_AddDeviceRecipient
0.9463333333333334,0.5,0.0,0.0,0.0,0.7996764964772684,0.3088009809537603,0.3088009809537603,0.0,0.0,1.0,0,0,8517,483,0.04318644375262531,483000,53.666666666666664,0.785,0.0,Hybrid_AddDeviceRecipient
0.9463333333333334,0.5,0.0,0.0,0.0,0.7996764964772684,0.3088009809537603,0.3088009809537603,0.0,0.0,1.0,0,0,8517,483,0.04318644375262531,483000,53.666666666666664,0.795,0.0,Hybrid_AddDeviceRecipient
0.9463333333333334,0.5,0.0,0.0,0.0,0.7996764964772684,0.3088009809537603,0.3088009809537603,0.0,0.0,1.0,0,0,8517,483,0.04318644375262531,483000,53.666666666666664,0.805,0.0,Hybrid_AddDeviceRecipient
0.9463333333333334,0.5,0.0,0.0,0.0,0.7996764964772684,0.3088009809537603,0.3088009809537603,0.0,0.0,1.0,0,0,8517,483,0.04318644375262531,483000,53.666666666666664,0.8150000000000001,0.0,Hybrid_AddDeviceRecipient
0.9463333333333334,0.5,0.0,0.0,0.0,0.7996764964772684,0.3088009809537603,0.3088009809537603,0.0,0.0,1.0,0,0,8517,483,0.04318644375262531,483000,53.666666666666664,0.8250000000000001,0.0,Hybrid_AddDeviceRecipient
0.9463333333333334,0.5,0.0,0.0,0.0,0.7996764964772684,0.3088009809537603,0.3088009809537603,0.0,0.0,1.0,0,0,8517,483,0.04318644375262531,483000,53.666666666666664,0.8350000000000001,0.0,Hybrid_AddDeviceRecipient
0.9463333333333334,0.5,0.0,0.0,0.0,0.7996764964772684,0.3088009809537603,0.3088009809537603,0.0,0.0,1.0,0,0,8517,483,0.04318644375262531,483000,53.666666666666664,0.845,0.0,Hybrid_AddDeviceRecipient
0.9463333333333334,0.5,0.0,0.0,0.0,0.7996764964772684,0.3088009809537603,0.3088009809537603,0.0,0.0,1.0,0,0,8517,483,0.04318644375262531,483000,53.666666666666664,0.855,0.0,Hybrid_AddDeviceRecipient
0.9463333333333334,0.5,0.0,0.0,0.0,0.7996764964772684,0.3088009809537603,0.3088009809537603,0.0,0.0,1.0,0,0,8517,483,0.04318644375262531,483000,53.666666666666664,0.865,0.0,Hybrid_AddDeviceRecipient
0.9463333333333334,0.5,0.0,0.0,0.0,0.7996764964772684,0.3088009809537603,0.3088009809537603,0.0,0.0,1.0,0,0,8517,483,0.04318644375262531,483000,53.666666666666664,0.875,0.0,Hybrid_AddDeviceRecipient
0.9463333333333334,0.5,0.0,0.0,0.0,0.7996764964772684,0.3088009809537603,0.3088009809537603,0.0,0.0,1.0,0,0,8517,483,0.04318644375262531,483000,53.666666666666664,0.885,0.0,Hybrid_AddDeviceRecipient
0.9463333333333334,0.5,0.0,0.0,0.0,0.7996764964772684,0.3088009809537603,0.3088009809537603,0.0,0.0,1.0,0,0,8517,483,0.04318644375262531,483000,53.666666666666664,0.895,0.0,Hybrid_AddDeviceRecipient
0.9463333333333334,0.5,0.0,0.0,0.0,0.7996764964772684,0.3088009809537603,0.3088009809537603,0.0,0.0,1.0,0,0,8517,483,0.04318644375262531,483000,53.666666666666664,0.905,0.0,Hybrid_AddDeviceRecipient
0.9463333333333334,0.5,0.0,0.0,0.0,0.7996764964772684,0.3088009809537603,0.3088009809537603,0.0,0.0,1.0,0,0,8517,483,0.04318644375262531,483000,53.666666666666664,0.915,0.0,Hybrid_AddDeviceRecipient
0.9463333333333334,0.5,0.0,0.0,0.0,0.7996764964772684,0.3088009809537603,0.3088009809537603,0.0,0.0,1.0,0,0,8517,483,0.04318644375262531,483000,53.666666666666664,0.925,0.0,Hybrid_AddDeviceRecipient
0.9463333333333334,0.5,0.0,0.0,0.0,0.7996764964772684,0.3088009809537603,0.3088009809537603,0.0,0.0,1.0,0,0,8517,483,0.04318644375262531,483000,53.666666666666664,0.935,0.0,Hybrid_AddDeviceRecipient
0.9463333333333334,0.5,0.0,0.0,0.0,0.7996764964772684,0.3088009809537603,0.3088009809537603,0.0,0.0,1.0,0,0,8517,483,0.04318644375262531,483000,53.666666666666664,0.9450000000000001,0.0,Hybrid_AddDeviceRecipient
0.9463333333333334,0.5,0.0,0.0,0.0,0.7996764964772684,0.3088009809537603,0.3088009809537603,0.0,0.0,1.0,0,0,8517,483,0.04318644375262531,483000,53.666666666666664,0.9550000000000001,0.0,Hybrid_AddDeviceRecipient
0.9463333333333334,0.5,0.0,0.0,0.0,0.7996764964772684,0.3088009809537603,0.3088009809537603,0.0,0.0,1.0,0,0,8517,483,0.04318644375262531,483000,53.666666666666664,0.965,0.0,Hybrid_AddDeviceRecipient
0.9463333333333334,0.5,0.0,0.0,0.0,0.7996764964772684,0.3088009809537603,0.3088009809537603,0.0,0.0,1.0,0,0,8517,483,0.04318644375262531,483000,53.666666666666664,0.975,0.0,Hybrid_AddDeviceRecipient
0.9463333333333334,0.5,0.0,0.0,0.0,0.7996764964772684,0.3088009809537603,0.3088009809537603,0.0,0.0,1.0,0,0,8517,483,0.04318644375262531,483000,53.666666666666664,0.985,0.0,Hybrid_AddDeviceRecipient
0.9463333333333334,0.5,0.0,0.0,0.0,0.7996764964772684,0.3088009809537603,0.3088009809537603,0.0,0.0,1.0,0,0,8517,483,0.04318644375262531,483000,53.666666666666664,0.995,0.0,Hybrid_AddDeviceRecipient
0.9463333333333334,0.5,0.0,0.0,0.0,0.7996764964772684,0.3088009809537603,0.3088009809537603,0.0,0.0,1.0,0,0,8517,483,0.04318644375262531,483000,53.666666666666664,1.000001,0.0,Hybrid_AddDeviceRecipient
0.05366666666666667,0.5,0.05366666666666667,1.0,0.1018664979436887,0.799144616624746,0.3104822160502356,0.3104822160502356,0.0,1.0,0.0,483,8517,0,0,0.043267221768237524,170340,18.926666666666666,0.005,1.0,FullHybrid
0.05366666666666667,0.5,0.05366666666666667,1.0,0.1018664979436887,0.799144616624746,0.3104822160502356,0.3104822160502356,0.0,1.0,0.0,483,8517,0,0,0.043267221768237524,170340,18.926666666666666,0.006367684193245685,1.0,FullHybrid
0.06555555555555556,0.5033520828274033,0.05401147743895578,0.9937888198757764,0.10245464247598718,0.799144616624746,0.3104822160502356,0.3104822160502356,0.013568905380001472,0.9870846542209698,0.006211180124223602,480,8407,110,3,0.043267221768237524,171140,19.015555555555554,0.008795214484194054,0.9874444444444445,FullHybrid
0.07777777777777778,0.5088332651467251,0.054586894586894585,0.9917184265010351,0.10347807301793042,0.799144616624746,0.3104822160502356,0.3104822160502356,0.02550077208994691,0.9740518962075848,0.008281573498964804,479,8296,221,4,0.043267221768237524,169920,18.88,0.009456597255961163,0.975,FullHybrid
0.08966666666666667,0.5121853479741285,0.05495266682059571,0.9855072463768116,0.10410060142154184,0.799144616624746,0.3104822160502356,0.3104822160502356,0.02888799369096423,0.9611365504285546,0.014492753623188406,476,8186,331,7,0.043267221768237524,170720,18.968888888888888,0.009968321763268633,0.9624444444444444,FullHybrid
0.10166666666666667,0.5165726274889023,0.05543859649122807,0.9813664596273292,0.10494852208568581,0.799144616624746,0.3104822160502356,0.3104822160502356,0.03427274889408916,0.9482212046495245,0.018633540372670808,474,8076,441,9,0.043267221768237524,170520,18.946666666666665,0.010376284097119262,0.95,FullHybrid
0.11422222222222222,0.5232064187299497,0.05618110702856466,0.9813664596273292,0.10627802690582962,0.799144616624746,0.3104822160502356,0.3104822160502356,0.0431923453511737,0.9349536221674298,0.018633540372670808,474,7963,554,9,0.043267221768237524,168260,18.695555555555554,0.010749642021563402,0.9374444444444444,FullHybrid
0.12666666666666668,0.5297815038538196,0.05693693693693694,0.9813664596273292,0.10762942779291552,0.799144616624746,0.3104822160502356,0.3104822160502356,0.050962356475366045,0.92180345191969,0.018633540372670808,474,7851,666,9,0.043267221768237524,166020,18.446666666666665,0.011127489859556559,0.925,FullHybrid
0.13922222222222222,0.5364152950948669,0.05772040915733073,0.9813664596273292,0.10902817711328348,0.799144616624746,0.3104822160502356,0.3104822160502356,0.05806883848815507,0.9085358694375953,0.018633540372670808,474,7738,779,9,0.043267221768237524,163760,18.195555555555554,0.011389511140578148,0.9124444444444444,FullHybrid
0.15122222222222223,0.5408025746096408,0.058271604938271604,0.9772256728778468,0.10998485378072935,0.799144616624746,0.3104822160502356,0.3104822160502356,0.06130144164698752,0.8956205236585653,0.022774327122153208,472,7628,889,11,0.043267221768237524,163560,18.173333333333332,0.011739638506140107,0.9,FullHybrid
0.16333333333333333,0.5452485602415921,0.05884562413922624,0.9730848861283644,0.11097992916174734,0.799144616624746,0.3104822160502356,0.3104822160502356,0.06452902226177619,0.8825877656451803,0.026915113871635612,470,7517,1000,13,0.043267221768237524,163340,18.148888888888887,0.012079149260260965,0.8874444444444445,FullHybrid
0.17533333333333334,0.549635839756366,0.05942857142857143,0.968944099378882,0.11198851399856424,0.799144616624746,0.3104822160502356,0.3104822160502356,0.06764578111939833,0.8696724198661501,0.031055900621118012,468,7407,1110,15,0.043267221768237524,163140,18.126666666666665,0.012441637002034775,0.875,FullHybrid
0.18744444444444444,0.5540818253883173,0.06003607317701623,0.9648033126293996,0.11303820497271073,0.799144616624746,0.3104822160502356,0.3104822160502356,0.07077030784519109,0.8566396618527651,0.035196687370600416,466,7296,1221,17,0.043267221768237524,162920,18.102222222222224,0.012705448483124594,0.8624444444444445,FullHybrid
0.19966666666666666,0.5595630077076392,0.060784313725490195,0.9627329192546584,0.11434894872740688,0.799144616624746,0.3104822160502356,0.3104822160502356,0.07518408223597697,0.8436069038393801,0.037267080745341616,465,7185,1332,18,0.043267221768237524,161700,17.966666666666665,0.012994596848746535,0.85,FullHybrid
0.21222222222222223,0.5661967989486865,0.06169563486798461,0.9627329192546584,0.11596009975062344,0.799144616624746,0.3104822160502356,0.3104822160502356,0.0808653467076228,0.8303393213572854,0.037267080745341616,465,7072,1445,18,0.043267221768237524,159440,17.715555555555557,0.013279696026134642,0.8374444444444444,FullHybrid
0.2242222222222222,0.5705840784634604,0.062356902356902354,0.9585921325051759,0.1170966110268083,0.799144616624746,0.3104822160502356,0.3104822160502356,0.08372692195980656,0.8174239755782553,0.041407867494824016,463,6962,1555,20,0.043267221768237524,159240,17.69333333333333,0.013614464157634693,0.825,FullHybrid
0.23677777777777778,0.5772178697045076,0.06332056892778994,0.9585921325051759,0.11879409878127005,0.799144616624746,0.3104822160502356,0.3104822160502356,0.08915801446417135,0.8041563930961606,0.041407867494824016,463,6849,1668,20,0.043267221768237524,156980,17.442222222222224,0.013942500243510497,0.8124444444444444,FullHybrid
0.24855555555555556,0.5805112464147335,0.06388888888888888,0.9523809523809523,0.11974489131849536,0.799144616624746,0.3104822160502356,0.3104822160502356,0.09071955975639975,0.7913584595514853,0.047619047619047616,460,6740,1777,23,0.043267221768237524,157800,17.533333333333335,0.014158395173196949,0.8,FullHybrid
0.2608888888888889,0.5860511348512328,0.06476647382531396,0.9503105590062112,0.12126816380449143,0.799144616624746,0.3104822160502356,0.3104822160502356,0.09480140754568418,0.7782082893037454,0.049689440993788817,459,6628,1889,24,0.043267221768237524,156560,17.395555555555557,0.014403650668580629,0.7874444444444444,FullHybrid
0.27311111111111114,0.5915323171705548,0.06566308243727599,0.94824016563147,0.1228211316706892,0.799144616624746,0.3104822160502356,0.3104822160502356,0.09879539949816635,0.7651755312903604,0.051759834368530024,458,6517,2000,25,0.043267221768237524,155340,17.26,0.014685695502729112,0.775,FullHybrid
0.28544444444444445,0.5970722056070541,0.06659865928300787,0.9461697722567288,0.12443839346494213,0.799144616624746,0.3104822160502356,0.3104822160502356,0.10280460643960676,0.7520253610426206,0.053830227743271224,457,6405,2112,26,0.043267221768237524,154100,17.122222222222224,0.014958518321135249,0.7624444444444445,FullHybrid
0.2877777777777778,0.5973285434975865,0.06667641468050885,0.9440993788819876,0.12455613220431579,0.799144616624746,0.3104822160502356,0.3104822160502356,0.10269833996731183,0.7494422918868147,0.055900621118012424,456,6383,2134,27,0.043267221768237524,154660,17.184444444444445,0.015,0.7598888888888888,FullHybrid
0.29744444444444446,0.6014594851218279,0.0674074074074074,0.9420289855072463,0.1258122494124153,0.799144616624746,0.3104822160502356,0.3104822160502356,0.10560789670277808,0.7391100152635904,0.057971014492753624,455,6295,2222,28,0.043267221768237524,153900,17.1,0.015226977439936505,0.75,FullHybrid
0.3091111111111111,0.6037176651446833,0.06795238812716589,0.9337474120082816,0.12668539325842695,0.799144616624746,0.3104822160502356,0.3104822160502356,0.10623847954017616,0.7263120817189151,0.06625258799171843,451,6186,2331,32,0.043267221768237524,155720,17.302222222222223,0.015490484080281882,0.7374444444444445,FullHybrid
0.3211111111111111,0.6081049446594571,0.06881226053639847,0.9296066252587992,0.1281392694063927,0.799144616624746,0.3104822160502356,0.3104822160502356,0.10912256952193193,0.713396735939885,0.07039337474120083,449,6076,2441,34,0.043267221768237524,155520,17.28,0.015777114735160372,0.725,FullHybrid
0.33344444444444443,0.6136448330959564,0.06986899563318777,0.927536231884058,0.12994923857868018,0.799144616624746,0.3104822160502356,0.3104822160502356,0.11316644858521445,0.7002465656921452,0.07246376811594203,448,5964,2553,35,0.043267221768237524,154280,17.142222222222223,0.016029853847081672,0.7124444444444444,FullHybrid
0.34544444444444444,0.6180321126107303,0.0707936507936508,0.9233954451345756,0.13150523367241632,0.799144616624746,0.3104822160502356,0.3104822160502356,0.11609002596141729,0.687331219913115,0.07660455486542443,446,5854,2663,37,0.043267221768237524,154080,17.12,0.016303237324517925,0.7,FullHybrid
0.35755555555555557,0.6224780982426816,0.07176337481816712,0.9192546583850931,0.1331334332833583,0.799144616624746,0.3104822160502356,0.3104822160502356,0.11909139839999797,0.67429846189973,0.08074534161490683,444,5743,2774,39,0.043267221768237524,153860,17.095555555555556,0.016556052579457647,0.6874444444444444,FullHybrid
0.3695555555555556,0.6268653777574555,0.07275720164609054,0.9151138716356108,0.13479719426654468,0.799144616624746,0.3104822160502356,0.3104822160502356,0.12208264367932271,0.6613831161206998,0.08488612836438923,442,5633,2884,41,0.043267221768237524,153660,17.073333333333334,0.016823270532127343,0.675,FullHybrid
0.38166666666666665,0.6313113633894067,0.07380073800738007,0.9109730848861284,0.1365399534522886,0.799144616624746,0.3104822160502356,0.3104822160502356,0.12515820462503618,0.6483503581073148,0.08902691511387163,440,5522,2995,43,0.043267221768237524,153440,17.04888888888889,0.017140796927626732,0.6624444444444444,FullHybrid
0.39344444444444443,0.6346047400996326,0.0747008547008547,0.9047619047619048,0.13800726354018633,0.799144616624746,0.3104822160502356,0.3104822160502356,0.12719616826099045,0.6355524245626394,0.09523809523809523,437,5413,3104,46,0.043267221768237524,154260,17.14,0.017409413057953523,0.65,FullHybrid
0.406,0.64123853134068,0.07617221544361165,0.9047619047619048,0.1405144694533762,0.799144616624746,0.3104822160502356,0.3104822160502356,0.132418637742127,0.6222848420805448,0.09523809523809523,437,5300,3217,46,0.043267221768237524,152000,16.88888888888889,0.01770517591341956,0.6374444444444445,FullHybrid
0.4177777777777778,0.6445319080509059,0.07715555555555556,0.8985507246376812,0.1421087098886706,0.799144616624746,0.3104822160502356,0.3104822160502356,0.13455891258194844,0.6094869085358694,0.10144927536231885,434,5191,3326,49,0.043267221768237524,152820,16.98,0.01803964437046705,0.625,FullHybrid
0.42966666666666664,0.6478839908783092,0.07819303338171263,0.8923395445134575,0.1437864887406172,0.799144616624746,0.3104822160502356,0.3104822160502356,0.13681231896877244,0.5965715627568393,0.10766045548654245,431,5081,3436,52,0.043267221768237524,153620,17.06888888888889,0.018439513099666606,0.6124444444444445,FullHybrid
0.4414444444444444,0.6511773675885351,0.07925925925925927,0.8861283643892339,0.14550399456059834,0.799144616624746,0.3104822160502356,0.3104822160502356,0.1390866776135297,0.5837736292121639,0.11387163561076605,428,4972,3545,55,0.043267221768237524,154440,17.16,0.018805303372455392,0.6,FullHybrid
0.4533333333333333,0.6545294504159382,0.08038585209003216,0.8799171842650103,0.14731369150779897,0.799144616624746,0.3104822160502356,0.3104822160502356,0.14147868511429104,0.5708582834331337,0.12008281573498965,425,4862,3655,58,0.043267221768237524,155240,17.24888888888889,0.01924116665980905,0.5874444444444444,FullHybrid
0.4651111111111111,0.6578228271261641,0.08154589371980676,0.8737060041407867,0.14916931778013431,0.799144616624746,0.3104822160502356,0.3104822160502356,0.14389503415572322,0.5580603498884584,0.12629399585921325,422,4753,3764,61,0.043267221768237524,156060,17.34,0.019626315301952996,0.575,FullHybrid
0.47744444444444445,0.6633627155626635,0.08316870802054524,0.8716356107660456,0.15184851217312897,0.799144616624746,0.3104822160502356,0.3104822160502356,0.1484228964031187,0.5449101796407185,0.12836438923395446,421,4641,3876,62,0.043267221768237524,154820,17.202222222222222,0.02006118599959375,0.5624444444444444,FullHybrid
0.48966666666666664,0.6688438978819854,0.08484848484848485,0.8695652173913043,0.15461071231363888,0.799144616624746,0.3104822160502356,0.3104822160502356,0.1529685476003416,0.5318774216273335,0.13043478260869565,420,4530,3987,63,0.043267221768237524,153600,17.066666666666666,0.020565015216864446,0.55,FullHybrid
0.5017777777777778,0.6732898835139367,0.08641720074426297,0.865424430641822,0.15714285714285714,0.799144616624746,0.3104822160502356,0.3104822160502356,0.156649439507066,0.5188446636139485,0.13457556935817805,418,4419,4098,65,0.043267221768237524,153380,17.04222222222222,0.02116460167757448,0.5374444444444444,FullHybrid
0.5135555555555555,0.6765832602241626,0.08783068783068783,0.8592132505175983,0.15937019969278035,0.799144616624746,0.3104822160502356,0.3104822160502356,0.1593776612427244,0.5060467300692733,0.14078674948240166,415,4310,4207,68,0.043267221768237524,154200,17.133333333333333,0.02161696863599477,0.525,FullHybrid
0.5256666666666666,0.6810292458561138,0.08954900260190807,0.855072463768116,0.1621197252208047,0.799144616624746,0.3104822160502356,0.3104822160502356,0.16323664799177284,0.4930139720558882,0.14492753623188406,413,4199,4318,70,0.043267221768237524,153980,17.108888888888888,0.02218680902509425,0.5124444444444445,FullHybrid
0.5372222222222223,0.6832287197617917,0.0908888888888889,0.8467908902691511,0.16415813766807147,0.799144616624746,0.3104822160502356,0.3104822160502356,0.16516876368692346,0.4803334507455677,0.15320910973084886,409,4091,4426,74,0.043267221768237524,155820,17.313333333333333,0.022765029922032665,0.5,FullHybrid
0.549,0.6865220964720176,0.09252506836827712,0.8405797101449275,0.16670088277561076,0.799144616624746,0.3104822160502356,0.3104822160502356,0.16818962958443956,0.4675355172008923,0.15942028985507245,406,3982,4535,77,0.043267221768237524,156640,17.404444444444444,0.023505078449330995,0.4875555555555556,FullHybrid
0.5608888888888889,0.6898741792994209,0.09426900584795321,0.8343685300207039,0.16939890710382513,0.799144616624746,0.3104822160502356,0.3104822160502356,0.17137356388543218,0.4546201714218622,0.16563146997929606,403,3872,4645,80,0.043267221768237524,157440,17.493333333333332,0.024198900630056194,0.475,FullHybrid
0.5726666666666667,0.6931675560096469,0.09608455440787893,0.8281573498964804,0.17219113215669393,0.799144616624746,0.3104822160502356,0.3104822160502356,0.17461832604571714,0.44182223787718683,0.17184265010351968,400,3763,4754,83,0.043267221768237524,158260,17.584444444444443,0.024803833000021792,0.46255555555555555,FullHybrid
0.5748888888888889,0.694341678353195,0.09654839488293507,0.8281573498964804,0.17293558149589278,0.799144616624746,0.3104822160502356,0.3104822160502356,0.17574028052011592,0.4394739931900904,0.17184265010351968,400,3743,4774,83,0.043267221768237524,157860,17.54,0.025,0.4603333333333333,FullHybrid
0.5845555555555556,0.69651963883705,0.09802469135802469,0.8219461697722568,0.17515993823075227,0.799144616624746,0.3104822160502356,0.3104822160502356,0.1780421093385252,0.42890689209815663,0.17805383022774326,397,3653,4864,86,0.043267221768237524,159060,17.673333333333332,0.02561321279761076,0.45,FullHybrid
0.5963333333333334,0.6998130155472759,0.10005078720162519,0.8157349896480331,0.1782402171454422,0.799144616624746,0.3104822160502356,0.3104822160502356,0.18153974977963785,0.4161089585534813,0.18426501035196688,394,3544,4973,89,0.043267221768237524,159880,17.764444444444443,0.02665962615209673,0.43755555555555553,FullHybrid
0.6073333333333333,0.6987894871564871,0.1011764705882353,0.8012422360248447,0.17966573816155987,0.799144616624746,0.3104822160502356,0.3104822160502356,0.18124640500397715,0.4036632617118704,0.19875776397515527,387,3438,5079,96,0.043267221768237524,164760,18.30666666666667,0.02747598183282691,0.425,FullHybrid
0.6191111111111111,0.702082863866713,0.10342041475895503,0.7950310559006211,0.18303145853193517,0.799144616624746,0.3104822160502356,0.3104822160502356,0.18501598101227695,0.39086532816719505,0.20496894409937888,384,3329,5188,99,0.043267221768237524,165580,18.397777777777776,0.028390700982713173,0.41255555555555556,FullHybrid
0.631,0.7054349466941163,0.10583333333333333,0.7888198757763976,0.18662747979426894,0.799144616624746,0.3104822160502356,0.3104822160502356,0.18900490633734354,0.37794998238816485,0.2111801242236025,381,3219,5298,102,0.043267221768237524,166380,18.486666666666668,0.029310986041349688,0.4,FullHybrid
0.6427777777777778,0.7087283234043422,0.10837155963302753,0.782608695652174,0.19038025686225132,0.799144616624746,0.3104822160502356,0.3104822160502356,0.19310140191517167,0.3651520488434895,0.21739130434782608,378,3110,5407,105,0.043267221768237524,167200,18.57777777777778,0.03034023259402549,0.38755555555555554,FullHybrid
0.6548888888888889,0.7131743090362934,0.11140740740740741,0.7784679089026915,0.19491964748574392,0.799144616624746,0.3104822160502356,0.3104822160502356,0.1984648483588057,0.3521192908301045,0.22153209109730848,376,2999,5518,107,0.043267221768237524,166980,18.553333333333335,0.03125905404171955,0.375,FullHybrid
0.6666666666666666,0.7164676857465194,0.11431198283787926,0.772256728778468,0.19914575547250402,0.799144616624746,0.3104822160502356,0.3104822160502356,0.2029499725723142,0.3393213572854291,0.2277432712215321,373,2890,5627,110,0.043267221768237524,167800,18.644444444444446,0.03243631011613077,0.3625555555555556,FullHybrid
0.6781111111111111,0.7176319629648267,0.11682539682539683,0.7619047619047619,0.20258739333883843,0.799144616624746,0.3104822160502356,0.3104822160502356,0.20565361784253594,0.3266408359751086,0.23809523809523808,368,2782,5735,115,0.043267221768237524,170640,18.96,0.03340649958610997,0.35,FullHybrid
0.6903333333333334,0.7231131452841486,0.12080315997366689,0.7598343685300207,0.2084635046861687,0.799144616624746,0.3104822160502356,0.3104822160502356,0.21265821914588107,0.31360807796172363,0.2401656314699793,367,2671,5846,116,0.043267221768237524,169420,18.824444444444445,0.03478988914817547,0.33755555555555555,FullHybrid
0.6927777777777778,0.7244046798620516,0.12168435013262599,0.7598343685300207,0.20977422120605888,0.799144616624746,0.3104822160502356,0.3104822160502356,0.21427294237249242,0.3110250088059176,0.2401656314699793,367,2649,5868,116,0.043267221768237524,168980,18.775555555555556,0.034999999999999996,0.33511111111111114,FullHybrid
0.7006666666666667,0.7188079084797158,0.12205128205128205,0.7391304347826086,0.20950704225352113,0.799144616624746,0.3104822160502356,0.3104822160502356,0.2105590066993449,0.3015146178231772,0.2608695652173913,357,2568,5949,126,0.043267221768237524,177360,19.706666666666667,0.035944073918699096,0.325,FullHybrid
0.7108888888888889,0.7144439655581056,0.12335584784927124,0.7184265010351967,0.21055825242718448,0.799144616624746,0.3104822160502356,0.3104822160502356,0.20851427400638778,0.2895385699189856,0.2815734989648033,347,2466,6051,136,0.043267221768237524,185320,20.59111111111111,0.03703893991023582,0.31255555555555553,FullHybrid
0.7227777777777777,0.7177960483855088,0.1274074074074074,0.7122153209109731,0.21614828777882503,0.799144616624746,0.3104822160502356,0.3104822160502356,0.21421245754326398,0.2766232241399554,0.28778467908902694,344,2356,6161,139,0.043267221768237524,186120,20.68,0.03846173959986746,0.3,FullHybrid
0.7338888888888889,0.7178077166820906,0.13060278207109738,0.6997929606625258,0.22012373819602735,0.799144616624746,0.3104822160502356,0.3104822160502356,0.21689086164220683,0.2641775272983445,0.3002070393374741,338,2250,6267,145,0.043267221768237524,190000,21.11111111111111,0.03994049947012185,0.28755555555555556,FullHybrid
0.7453333333333333,0.718971993900398,0.13454545454545455,0.6894409937888198,0.22515212981744426,0.799144616624746,0.3104822160502356,0.3104822160502356,0.22103324415940018,0.25149700598802394,0.3105590062111801,333,2142,6375,150,0.043267221768237524,192840,21.426666666666666,0.041832853634340514,0.275,FullHybrid
0.7571111111111111,0.7222653706106238,0.1396529834955565,0.6832298136645962,0.23190442726633875,0.799144616624746,0.3104822160502356,0.3104822160502356,0.22766743731809594,0.2386990724433486,0.3167701863354037,330,2033,6484,153,0.043267221768237524,193660,21.517777777777777,0.04378311824616241,0.26255555555555554,FullHybrid
0.7616666666666667,0.7227193402745112,0.14150129421915444,0.6790890269151139,0.23420207068903962,0.799144616624746,0.3104822160502356,0.3104822160502356,0.22955928568397668,0.23365034636609136,0.32091097308488614,328,1990,6527,155,0.043267221768237524,194800,21.644444444444446,0.045,0.25755555555555554,FullHybrid
0.7687777777777778,0.7245235506334791,0.1448888888888889,0.6749482401656315,0.23856567874130996,0.799144616624746,0.3104822160502356,0.3104822160502356,0.23370372828296712,0.22590113889867325,0.3250517598343685,326,1924,6593,157,0.043267221768237524,195480,21.72,0.04677122844817304,0.25,FullHybrid
0.7803333333333333,0.7267230245391569,0.15060804490177737,0.6666666666666666,0.2457077451354445,0.799144616624746,0.3104822160502356,0.3104822160502356,0.24011168967249236,0.2132206175883527,0.3333333333333333,322,1816,6701,161,0.043267221768237524,197320,21.924444444444443,0.049892208832362374,0.23755555555555555,FullHybrid
0.7913333333333333,0.7256994961483683,0.15555555555555556,0.6521739130434783,0.25119617224880386,0.799144616624746,0.3104822160502356,0.3104822160502356,0.24360873380889358,0.2007749207467418,0.34782608695652173,315,1710,6807,168,0.043267221768237524,202200,22.466666666666665,0.053704101653750835,0.225,FullHybrid
0.7961111111111111,0.7282238591869968,0.15893037336024218,0.6521739130434783,0.25557809330628806,0.799144616624746,0.3104822160502356,0.3104822160502356,0.2482272308890899,0.19572619466948457,0.34782608695652173,315,1667,6850,168,0.043267221768237524,201340,22.371111111111112,0.055,0.22022222222222224,FullHybrid
0.8037777777777778,0.7322745812722382,0.16466283324621014,0.6521739130434783,0.2629382303839733,0.799144616624746,0.3104822160502356,0.3104822160502356,0.25589386217580035,0.18762475049900199,0.34782608695652173,315,1598,6919,168,0.043267221768237524,199960,22.217777777777776,0.057533194211055974,0.21255555555555555,FullHybrid
0.8147777777777778,0.7312510528814493,0.1711111111111111,0.6376811594202898,0.26982041173893995,0.799144616624746,0.3104822160502356,0.3104822160502356,0.260572213756833,0.1751790536573911,0.36231884057971014,308,1492,7025,175,0.043267221768237524,204840,22.76,0.06159178640310784,0.2,FullHybrid
0.8218888888888889,0.7311022821000308,0.17592592592592593,0.629399585921325,0.27498869289914063,0.799144616624746,0.3104822160502356,0.3104822160502356,0.2644553239640976,0.16719502172126335,0.37060041407867494,304,1424,7093,179,0.043267221768237524,207480,23.053333333333335,0.065,0.192,FullHybrid
0.8261111111111111,0.7323566239825792,0.17950236966824645,0.6273291925465838,0.27913403961308153,0.799144616624746,0.3104822160502356,0.3104822160502356,0.2682857649552002,0.1626159445814254,0.37267080745341613,303,1385,7132,180,0.043267221768237524,207700,23.07777777777778,0.06675206665480148,0.18755555555555556,FullHybrid
0.8371111111111111,0.7313330955917905,0.18793650793650793,0.6128364389233955,0.28765792031098153,0.799144616624746,0.3104822160502356,0.3104822160502356,0.274407606686557,0.1501702477398145,0.38716356107660455,296,1279,7238,187,0.043267221768237524,212580,23.62,0.07228267115031192,0.175,FullHybrid
0.8426666666666667,0.7323154203102746,0.1932938856015779,0.6086956521739131,0.2934131736526946,0.799144616624746,0.3104822160502356,0.3104822160502356,0.27940781478724686,0.14406481155336387,0.391304347826087,294,1227,7290,189,0.043267221768237524,213540,23.726666666666667,0.07500000000000001,0.169,FullHybrid
0.848,0.7302508610838243,0.1975393028024607,0.598343685300207,0.2970195272353546,0.799144616624746,0.3104822160502356,0.3104822160502356,0.28127214619101465,0.13784196313255842,0.40165631469979296,289,1174,7343,194,0.043267221768237524,217480,24.164444444444445,0.07919412035988226,0.16255555555555556,FullHybrid
0.857,0.7291471131540355,0.20656934306569344,0.5859213250517599,0.30545062061521855,0.799144616624746,0.3104822160502356,0.3104822160502356,0.28750057815806646,0.1276270987436891,0.4140786749482402,283,1087,7430,200,0.043267221768237524,221740,24.637777777777778,0.085,0.15222222222222223,FullHybrid
0.8587777777777778,0.7281334298884875,0.20814814814814814,0.5817805383022774,0.30660120021822146,0.799144616624746,0.3104822160502356,0.3104822160502356,0.28796401010675843,0.12551367852530235,0.41821946169772256,281,1069,7448,202,0.043267221768237524,223380,24.82,0.08682111242078451,0.15,FullHybrid
0.8665555555555555,0.7215014618187812,0.21462639109697934,0.5590062111801242,0.31016657093624356,0.799144616624746,0.3104822160502356,0.3104822160502356,0.28790988586008187,0.11600328754256194,0.4409937888198758,270,988,7529,213,0.043267221768237524,232760,25.862222222222222,0.095,0.13977777777777778,FullHybrid
0.8687777777777778,0.7226755841623294,0.21809369951534732,0.5590062111801242,0.31377106333527016,0.799144616624746,0.3104822160502356,0.3104822160502356,0.2913884567990196,0.11365504285546554,0.4409937888198758,270,968,7549,213,0.043267221768237524,232360,25.817777777777778,0.09678698730945637,0.13755555555555554,FullHybrid
0.8756666666666667,0.7233858917167493,0.2282051282051282,0.5527950310559007,0.323049001814882,0.799144616624746,0.3104822160502356,0.3104822160502356,0.2993841566675454,0.10602324762240226,0.4472049689440994,267,903,7614,216,0.043267221768237524,234060,26.006666666666668,0.10500000000000001,0.13,FullHybrid
0.8793333333333333,0.7194642501624446,0.232,0.5403726708074534,0.32462686567164184,0.799144616624746,0.3104822160502356,0.3104822160502356,0.2990949826353563,0.10144417048256428,0.45962732919254656,261,864,7653,222,0.043267221768237524,239280,26.586666666666666,0.10948182525344101,0.125,FullHybrid
0.8858888888888888,0.7209749299355254,0.243879472693032,0.5362318840579711,0.3352750809061489,0.799144616624746,0.3104822160502356,0.3104822160502356,0.30872520229450295,0.09428202418692028,0.463768115942029,259,803,7714,224,0.043267221768237524,240060,26.673333333333332,0.115,0.118,FullHybrid
0.8904444444444445,0.7194759184590265,0.25172754195459035,0.5279503105590062,0.34090909090909094,0.799144616624746,0.3104822160502356,0.3104822160502356,0.3129948522682095,0.08899847364095338,0.4720496894409938,255,758,7759,228,0.043267221768237524,243160,27.017777777777777,0.12098636496335921,0.11255555555555556,FullHybrid
0.8936666666666667,0.7192254147167849,0.25816326530612244,0.5238095238095238,0.3458646616541353,0.799144616624746,0.3104822160502356,0.3104822160502356,0.31720320225721915,0.08535869437595398,0.47619047619047616,253,727,7790,230,0.043267221768237524,244540,27.17111111111111,0.125,0.10888888888888888,FullHybrid
0.901,0.7162645844591415,0.2733333333333333,0.5093167701863354,0.3557483731019523,0.799144616624746,0.3104822160502356,0.3104822160502356,0.32491407543188827,0.07678760126805213,0.4906832298136646,246,654,7863,237,0.043267221768237524,250080,27.786666666666665,0.13394553210921573,0.1,FullHybrid
0.9016666666666666,0.7166168211622062,0.2751677852348993,0.5093167701863354,0.35729847494553374,0.799144616624746,0.3104822160502356,0.3104822160502356,0.32641266693743637,0.07608312786192321,0.4906832298136646,246,648,7869,237,0.043267221768237524,249960,27.773333333333333,0.135,0.09933333333333333,FullHybrid
0.9081111111111111,0.7122098513969504,0.29024390243902437,0.4927536231884058,0.36531082118188796,0.799144616624746,0.3104822160502356,0.3104822160502356,0.3323753807772052,0.0683339203945051,0.5072463768115942,238,582,7935,245,0.043267221768237524,256640,28.515555555555554,0.14500000000000002,0.09111111111111111,FullHybrid
0.9107777777777778,0.7097128359284355,0.2969543147208122,0.484472049689441,0.3682140047206923,0.799144616624746,0.3104822160502356,0.3104822160502356,0.33441389851974207,0.06504637783257015,0.515527950310559,234,554,7963,249,0.043267221768237524,260080,28.897777777777776,0.14930395775166044,0.08755555555555555,FullHybrid
0.9136666666666666,0.7073332326942753,0.3050397877984085,0.47619047619047616,0.3718674211802749,0.799144616624746,0.3104822160502356,0.3104822160502356,0.3372938834320741,0.06152401080192556,0.5238095238095238,230,524,7993,253,0.043267221768237524,263480,29.275555555555556,0.155,0.08377777777777778,FullHybrid
0.9186666666666666,0.706069045686486,0.3223965763195435,0.46790890269151136,0.38175675675675674,0.799144616624746,0.3104822160502356,0.3104822160502356,0.34656743593856565,0.05577081131853939,0.5320910973084886,226,475,8042,257,0.043267221768237524,266500,29.61111111111111,0.165,0.07788888888888888,FullHybrid
0.9202222222222223,0.7010319879058107,0.32592592592592595,0.4554865424430642,0.3799654576856649,0.799144616624746,0.3104822160502356,0.3104822160502356,0.3440076055559374,0.053422566631443,0.5445134575569358,220,455,8062,263,0.043267221768237524,272100,30.233333333333334,0.170541695685584,0.075,FullHybrid
0.9224444444444444,0.7022061102493589,0.33587786259541985,0.4554865424430642,0.3866432337434095,0.799144616624746,0.3104822160502356,0.3104822160502356,0.3508385755845442,0.0510743219443466,0.5445134575569358,220,435,8082,263,0.043267221768237524,271700,30.18888888888889,0.17500000000000002,0.07277777777777777,FullHybrid
0.9266666666666666,0.7005309804213277,0.35467980295566504,0.4472049689440994,0.3956043956043956,0.799144616624746,0.3104822160502356,0.3104822160502356,0.35984283108226234,0.04614300810144417,0.5527950310559007,216,393,8124,267,0.043267221768237524,274860,30.54,0.185,0.06766666666666667,FullHybrid
0.9298888888888889,0.6963745143983133,0.36971830985915494,0.43478260869565216,0.39961941008563273,0.799144616624746,0.3104822160502356,0.3104822160502356,0.36399258951342545,0.04203357989902548,0.5652173913043478,210,358,8159,273,0.043267221768237524,280160,31.128888888888888,0.195,0.06311111111111112,FullHybrid
0.9304444444444444,0.6966680449842004,0.37300177619893427,0.43478260869565216,0.401529636711281,0.799144616624746,0.3104822160502356,0.3104822160502356,0.36604330109474714,0.04144651872725138,0.5652173913043478,210,353,8164,273,0.043267221768237524,280060,31.11777777777778,0.196620113502329,0.06255555555555556,FullHybrid
0.9328888888888889,0.6930771267111374,0.3860640301318267,0.4244306418219462,0.40433925049309666,0.799144616624746,0.3104822160502356,0.3104822160502356,0.36932982895973576,0.03827638839967125,0.5755693581780539,205,326,8191,278,0.043267221768237524,284520,31.613333333333333,0.20500000000000002,0.059,FullHybrid
0.935,0.6873571089461559,0.39759036144578314,0.40993788819875776,0.4036697247706422,0.799144616624746,0.3104822160502356,0.3104822160502356,0.3693531772604026,0.03522367030644593,0.5900621118012422,198,300,8217,285,0.043267221768237524,291000,32.333333333333336,0.215,0.05533333333333333,FullHybrid
0.9377777777777778,0.6790598561736593,0.41501103752759383,0.38923395445134573,0.40170940170940167,0.799144616624746,0.3104822160502356,0.3104822160502356,0.369138346894714,0.03111424210402724,0.6107660455486542,188,265,8252,295,0.043267221768237524,300300,33.36666666666667,0.225,0.050333333333333334,FullHybrid
0.9378888888888889,0.6781420717206434,0.41555555555555557,0.38716356107660455,0.4008574490889603,0.799144616624746,0.3104822160502356,0.3104822160502356,0.3684037727658363,0.0308794176353176,0.6128364389233955,187,263,8254,296,0.043267221768237524,301260,33.473333333333336,0.22614997653006585,0.05,FullHybrid
0.9382222222222222,0.6675767938000505,0.41411764705882353,0.36438923395445133,0.3876651982378854,0.799144616624746,0.3104822160502356,0.3104822160502356,0.35608135361135707,0.029235646354350123,0.6356107660455487,176,249,8268,307,0.043267221768237524,311980,34.66444444444444,0.23500000000000001,0.04722222222222222,FullHybrid
0.9397777777777778,0.6644927171597615,0.4267990074441687,0.35610766045548653,0.3882618510158013,0.799144616624746,0.3104822160502356,0.3104822160502356,0.358482180661498,0.02712222613596337,0.6438923395445134,172,231,8286,311,0.043267221768237524,315620,35.068888888888885,0.245,0.04477777777777778,FullHybrid
0.941,0.6602560315977472,0.43717277486910994,0.34575569358178054,0.38612716763005783,0.799144616624746,0.3104822160502356,0.3104822160502356,0.35828311587673717,0.025243630386286253,0.6542443064182195,167,215,8302,316,0.043267221768237524,320300,35.58888888888889,0.255,0.042444444444444444,FullHybrid
0.9425555555555556,0.6532659926766854,0.45170454545454547,0.32919254658385094,0.38083832335329343,0.799144616624746,0.3104822160502356,0.3104822160502356,0.3563391296031579,0.022660561230480217,0.6708074534161491,159,193,8324,324,0.043267221768237524,327860,36.42888888888889,0.265,0.03911111111111111,FullHybrid
0.943,0.648618364294429,0.4556213017751479,0.3188405797101449,0.37515225334957364,0.799144616624746,0.3104822160502356,0.3104822160502356,0.3523318644009391,0.02160385112128684,0.6811594202898551,154,184,8333,329,0.043267221768237524,332680,36.964444444444446,0.2710770956090046,0.03755555555555556,FullHybrid
0.943,0.6417829303030766,0.4537037037037037,0.30434782608695654,0.3643122676579926,0.799144616624746,0.3104822160502356,0.3104822160502356,0.3430350965581916,0.020781965480803098,0.6956521739130435,147,177,8340,336,0.043267221768237524,339540,37.72666666666667,0.275,0.036,FullHybrid
0.9438888888888889,0.6334641641087573,0.46308724832214765,0.2857142857142857,0.353393085787452,0.799144616624746,0.3104822160502356,0.3104822160502356,0.3361970388483376,0.018785957496771165,0.7142857142857143,138,160,8357,345,0.043267221768237524,348200,38.68888888888889,0.28500000000000003,0.03311111111111111,FullHybrid
0.945,0.6281922818593723,0.4782608695652174,0.2732919254658385,0.3478260869565218,0.799144616624746,0.3104822160502356,0.3104822160502356,0.33511694893658595,0.016907361747094046,0.7267080745341615,132,144,8373,351,0.043267221768237524,353880,39.32,0.295,0.030666666666666665,FullHybrid
0.9456666666666667,0.619756103430698,0.4880952380952381,0.2546583850931677,0.33469387755102037,0.799144616624746,0.3104822160502356,0.3104822160502356,0.3271823623249953,0.01514617823177175,0.7453416149068323,123,129,8388,360,0.043267221768237524,362580,40.28666666666667,0.305,0.028,FullHybrid
0.9466666666666667,0.6114960433535559,0.5066666666666667,0.2360248447204969,0.3220338983050848,0.799144616624746,0.3104822160502356,0.3104822160502356,0.3218781665966364,0.013032758013384995,0.7639751552795031,114,111,8406,369,0.043267221768237524,371220,41.24666666666667,0.3128413074398849,0.025,FullHybrid
0.9464444444444444,0.6094256499788148,0.5022421524663677,0.2318840579710145,0.31728045325779036,0.799144616624746,0.3104822160502356,0.3104822160502356,0.31727842349243335,0.013032758013384995,0.7681159420289855,112,111,8406,371,0.043267221768237524,373220,41.46888888888889,0.315,0.024777777777777777,FullHybrid
0.9468888888888889,0.5979425876052061,0.5128205128205128,0.2070393374741201,0.2949852507374631,0.799144616624746,0.3104822160502356,0.3104822160502356,0.30320507945425784,0.011154162263707879,0.7929606625258799,100,95,8422,383,0.043267221768237524,384900,42.766666666666666,0.325,0.021666666666666667,FullHybrid
0.9466666666666667,0.5851307979583398,0.5087719298245614,0.18012422360248448,0.26605504587155965,0.799144616624746,0.3104822160502356,0.3104822160502356,0.2810475315677942,0.009862627685804861,0.8198757763975155,87,84,8433,396,0.043267221768237524,397680,44.18666666666667,0.335,0.019,FullHybrid
0.9465555555555556,0.5714012238584577,0.5069444444444444,0.15113871635610765,0.2328548644338118,0.799144616624746,0.3104822160502356,0.3104822160502356,0.256479400911301,0.008336268639192203,0.8488612836438924,73,71,8446,410,0.043267221768237524,411420,45.71333333333333,0.34500000000000003,0.016,FullHybrid
0.9463333333333334,0.5634718870625575,0.5,0.13457556935817805,0.21207177814029363,0.799144616624746,0.3104822160502356,0.3104822160502356,0.23976998105982317,0.007631795233063285,0.865424430641822,65,65,8452,418,0.043267221768237524,419300,46.58888888888889,0.35500000000000004,0.014444444444444444,FullHybrid
0.9472222222222222,0.5600355737192039,0.5350877192982456,0.12629399585921325,0.20435510887772193,0.799144616624746,0.3104822160502356,0.3104822160502356,0.2419635623118571,0.006222848420805448,0.8737060041407867,61,53,8464,422,0.043267221768237524,423060,47.00666666666667,0.365,0.012666666666666666,FullHybrid
0.9471111111111111,0.5590003770318333,0.5309734513274337,0.12422360248447205,0.20134228187919465,0.799144616624746,0.3104822160502356,0.3104822160502356,0.23882778992950052,0.006222848420805448,0.8757763975155279,60,53,8464,423,0.043267221768237524,424060,47.117777777777775,0.367116949242862,0.012555555555555556,FullHybrid
0.9477777777777778,0.5573996325945114,0.5631067961165048,0.12008281573498965,0.1979522184300341,0.799144616624746,0.3104822160502356,0.3104822160502356,0.2432291317883155,0.0052835505459668895,0.8799171842650103,58,45,8472,425,0.043267221768237524,425900,47.32222222222222,0.375,0.011444444444444445,FullHybrid
0.9471111111111111,0.547282490189515,0.5393258426966292,0.09937888198757763,0.16783216783216784,0.799144616624746,0.3104822160502356,0.3104822160502356,0.2153718807744837,0.0048139016085476105,0.9006211180124224,48,41,8476,435,0.043267221768237524,435820,48.42444444444445,0.385,0.009888888888888888,FullHybrid
0.9471111111111111,0.5414235467683559,0.5454545454545454,0.08695652173913043,0.15000000000000002,0.799144616624746,0.3104822160502356,0.3104822160502356,0.20271848734445297,0.004109428202418692,0.9130434782608695,42,35,8482,441,0.043267221768237524,441700,49.077777777777776,0.395,0.008555555555555556,FullHybrid
0.9473333333333334,0.5356820155815515,0.5714285714285714,0.07453416149068323,0.13186813186813187,0.799144616624746,0.3104822160502356,0.3104822160502356,0.19289905918833927,0.0031701303275801338,0.9254658385093167,36,27,8490,447,0.043267221768237524,447540,49.72666666666667,0.405,0.007,FullHybrid
0.9467777777777778,0.5266000698639258,0.54,0.055900621118012424,0.10131332082551595,0.799144616624746,0.3104822160502356,0.3104822160502356,0.1612995449289304,0.002700481390160855,0.9440993788819876,27,23,8494,456,0.043267221768237524,456460,50.717777777777776,0.41500000000000004,0.005555555555555556,FullHybrid
0.9466666666666667,0.5236118920361689,0.5333333333333333,0.049689440993788817,0.0909090909090909,0.799144616624746,0.3104822160502356,0.3104822160502356,0.15088241317793333,0.0024656569214512153,0.9503105590062112,24,21,8496,459,0.043267221768237524,459420,51.04666666666667,0.425,0.005,FullHybrid
0.9468888888888889,0.5207998325599441,0.5675675675675675,0.043478260869565216,0.08076923076923077,0.799144616624746,0.3104822160502356,0.3104822160502356,0.14651401283418336,0.0018785957496771164,0.9565217391304348,21,16,8501,462,0.043267221768237524,462320,51.36888888888889,0.435,0.004111111111111111,FullHybrid
0.9472222222222222,0.5180464792008967,0.6428571428571429,0.037267080745341616,0.07045009784735812,0.799144616624746,0.3104822160502356,0.3104822160502356,0.1460547621614282,0.0011741223435481978,0.9627329192546584,18,10,8507,465,0.043267221768237524,465200,51.68888888888889,0.445,0.003111111111111111,FullHybrid
0.9468888888888889,0.5139643985685917,0.6086956521739131,0.028985507246376812,0.05533596837944663,0.799144616624746,0.3104822160502356,0.3104822160502356,0.12466357868455298,0.0010567101091933778,0.9710144927536232,14,9,8508,469,0.043267221768237524,469180,52.13111111111111,0.455,0.0025555555555555557,FullHybrid
0.9471111111111111,0.5121288296625601,0.7058823529411765,0.024844720496894408,0.047999999999999994,0.799144616624746,0.3104822160502356,0.3104822160502356,0.1259014178530238,0.0005870611717740989,0.9751552795031055,12,5,8512,471,0.043267221768237524,471100,52.34444444444444,0.465,0.001888888888888889,FullHybrid
0.9471111111111111,0.5111523390923669,0.7333333333333333,0.022774327122153208,0.04417670682730924,0.799144616624746,0.3104822160502356,0.3104822160502356,0.12322765394742557,0.0004696489374192791,0.9772256728778468,11,4,8513,472,0.043267221768237524,472080,52.45333333333333,0.47500000000000003,0.0016666666666666668,FullHybrid
0.9473333333333334,0.5102932607565286,0.9090909090909091,0.020703933747412008,0.04048582995951417,0.799144616624746,0.3104822160502356,0.3104822160502356,0.1327846357743708,0.00011741223435481978,0.979296066252588,10,1,8516,473,0.043267221768237524,473020,52.55777777777778,0.485,0.0012222222222222222,FullHybrid
0.9468888888888889,0.5061524740070462,0.8571428571428571,0.012422360248447204,0.024489795918367346,0.799144616624746,0.3104822160502356,0.3104822160502356,0.09947074153197069,0.00011741223435481978,0.9875776397515528,6,1,8516,477,0.043267221768237524,477020,53.00222222222222,0.495,0.0007777777777777777,FullHybrid
0.9465555555555556,0.5030468839449344,0.75,0.006211180124223602,0.012320328542094456,0.799144616624746,0.3104822160502356,0.3104822160502356,0.06515504933756468,0.00011741223435481978,0.9937888198757764,3,1,8516,480,0.043267221768237524,480020,53.33555555555556,0.505,0.00044444444444444447,FullHybrid
0.9464444444444444,0.5020116872575638,0.6666666666666666,0.004140786749482402,0.00823045267489712,0.799144616624746,0.3104822160502356,0.3104822160502356,0.049670423406963385,0.00011741223435481978,0.9958592132505176,2,1,8516,481,0.043267221768237524,481020,53.446666666666665,0.515,0.0003333333333333333,FullHybrid
0.9464444444444444,0.5020116872575638,0.6666666666666666,0.004140786749482402,0.00823045267489712,0.799144616624746,0.3104822160502356,0.3104822160502356,0.049670423406963385,0.00011741223435481978,0.9958592132505176,2,1,8516,481,0.043267221768237524,481020,53.446666666666665,0.525,0.0003333333333333333,FullHybrid
0.9464444444444444,0.5010351966873706,1.0,0.002070393374741201,0.004132231404958678,0.799144616624746,0.3104822160502356,0.3104822160502356,0.04426623979796273,0.0,0.9979296066252588,1,0,8517,482,0.043267221768237524,482000,53.55555555555556,0.535,0.00011111111111111112,FullHybrid
0.9464444444444444,0.5010351966873706,1.0,0.002070393374741201,0.004132231404958678,0.799144616624746,0.3104822160502356,0.3104822160502356,0.04426623979796273,0.0,0.9979296066252588,1,0,8517,482,0.043267221768237524,482000,53.55555555555556,0.545,0.00011111111111111112,FullHybrid
0.9464444444444444,0.5010351966873706,1.0,0.002070393374741201,0.004132231404958678,0.799144616624746,0.3104822160502356,0.3104822160502356,0.04426623979796273,0.0,0.9979296066252588,1,0,8517,482,0.043267221768237524,482000,53.55555555555556,0.555,0.00011111111111111112,FullHybrid
0.9464444444444444,0.5010351966873706,1.0,0.002070393374741201,0.004132231404958678,0.799144616624746,0.3104822160502356,0.3104822160502356,0.04426623979796273,0.0,0.9979296066252588,1,0,8517,482,0.043267221768237524,482000,53.55555555555556,0.5650000000000001,0.00011111111111111112,FullHybrid
0.9464444444444444,0.5010351966873706,1.0,0.002070393374741201,0.004132231404958678,0.799144616624746,0.3104822160502356,0.3104822160502356,0.04426623979796273,0.0,0.9979296066252588,1,0,8517,482,0.043267221768237524,482000,53.55555555555556,0.5750000000000001,0.00011111111111111112,FullHybrid
0.9464444444444444,0.5010351966873706,1.0,0.002070393374741201,0.004132231404958678,0.799144616624746,0.3104822160502356,0.3104822160502356,0.04426623979796273,0.0,0.9979296066252588,1,0,8517,482,0.043267221768237524,482000,53.55555555555556,0.5773874961478116,0.00011111111111111112,FullHybrid
0.9463333333333334,0.5,0.0,0.0,0.0,0.799144616624746,0.3104822160502356,0.3104822160502356,0.0,0.0,1.0,0,0,8517,483,0.043267221768237524,483000,53.666666666666664,0.585,0.0,FullHybrid
0.9463333333333334,0.5,0.0,0.0,0.0,0.799144616624746,0.3104822160502356,0.3104822160502356,0.0,0.0,1.0,0,0,8517,483,0.043267221768237524,483000,53.666666666666664,0.595,0.0,FullHybrid
0.9463333333333334,0.5,0.0,0.0,0.0,0.799144616624746,0.3104822160502356,0.3104822160502356,0.0,0.0,1.0,0,0,8517,483,0.043267221768237524,483000,53.666666666666664,0.605,0.0,FullHybrid
0.9463333333333334,0.5,0.0,0.0,0.0,0.799144616624746,0.3104822160502356,0.3104822160502356,0.0,0.0,1.0,0,0,8517,483,0.043267221768237524,483000,53.666666666666664,0.615,0.0,FullHybrid
0.9463333333333334,0.5,0.0,0.0,0.0,0.799144616624746,0.3104822160502356,0.3104822160502356,0.0,0.0,1.0,0,0,8517,483,0.043267221768237524,483000,53.666666666666664,0.625,0.0,FullHybrid
0.9463333333333334,0.5,0.0,0.0,0.0,0.799144616624746,0.3104822160502356,0.3104822160502356,0.0,0.0,1.0,0,0,8517,483,0.043267221768237524,483000,53.666666666666664,0.635,0.0,FullHybrid
0.9463333333333334,0.5,0.0,0.0,0.0,0.799144616624746,0.3104822160502356,0.3104822160502356,0.0,0.0,1.0,0,0,8517,483,0.043267221768237524,483000,53.666666666666664,0.645,0.0,FullHybrid
0.9463333333333334,0.5,0.0,0.0,0.0,0.799144616624746,0.3104822160502356,0.3104822160502356,0.0,0.0,1.0,0,0,8517,483,0.043267221768237524,483000,53.666666666666664,0.655,0.0,FullHybrid
0.9463333333333334,0.5,0.0,0.0,0.0,0.799144616624746,0.3104822160502356,0.3104822160502356,0.0,0.0,1.0,0,0,8517,483,0.043267221768237524,483000,53.666666666666664,0.665,0.0,FullHybrid
0.9463333333333334,0.5,0.0,0.0,0.0,0.799144616624746,0.3104822160502356,0.3104822160502356,0.0,0.0,1.0,0,0,8517,483,0.043267221768237524,483000,53.666666666666664,0.675,0.0,FullHybrid
0.9463333333333334,0.5,0.0,0.0,0.0,0.799144616624746,0.3104822160502356,0.3104822160502356,0.0,0.0,1.0,0,0,8517,483,0.043267221768237524,483000,53.666666666666664,0.685,0.0,FullHybrid
0.9463333333333334,0.5,0.0,0.0,0.0,0.799144616624746,0.3104822160502356,0.3104822160502356,0.0,0.0,1.0,0,0,8517,483,0.043267221768237524,483000,53.666666666666664,0.6950000000000001,0.0,FullHybrid
0.9463333333333334,0.5,0.0,0.0,0.0,0.799144616624746,0.3104822160502356,0.3104822160502356,0.0,0.0,1.0,0,0,8517,483,0.043267221768237524,483000,53.666666666666664,0.7050000000000001,0.0,FullHybrid
0.9463333333333334,0.5,0.0,0.0,0.0,0.799144616624746,0.3104822160502356,0.3104822160502356,0.0,0.0,1.0,0,0,8517,483,0.043267221768237524,483000,53.666666666666664,0.715,0.0,FullHybrid
0.9463333333333334,0.5,0.0,0.0,0.0,0.799144616624746,0.3104822160502356,0.3104822160502356,0.0,0.0,1.0,0,0,8517,483,0.043267221768237524,483000,53.666666666666664,0.725,0.0,FullHybrid
0.9463333333333334,0.5,0.0,0.0,0.0,0.799144616624746,0.3104822160502356,0.3104822160502356,0.0,0.0,1.0,0,0,8517,483,0.043267221768237524,483000,53.666666666666664,0.735,0.0,FullHybrid
0.9463333333333334,0.5,0.0,0.0,0.0,0.799144616624746,0.3104822160502356,0.3104822160502356,0.0,0.0,1.0,0,0,8517,483,0.043267221768237524,483000,53.666666666666664,0.745,0.0,FullHybrid
0.9463333333333334,0.5,0.0,0.0,0.0,0.799144616624746,0.3104822160502356,0.3104822160502356,0.0,0.0,1.0,0,0,8517,483,0.043267221768237524,483000,53.666666666666664,0.755,0.0,FullHybrid
0.9463333333333334,0.5,0.0,0.0,0.0,0.799144616624746,0.3104822160502356,0.3104822160502356,0.0,0.0,1.0,0,0,8517,483,0.043267221768237524,483000,53.666666666666664,0.765,0.0,FullHybrid
0.9463333333333334,0.5,0.0,0.0,0.0,0.799144616624746,0.3104822160502356,0.3104822160502356,0.0,0.0,1.0,0,0,8517,483,0.043267221768237524,483000,53.666666666666664,0.775,0.0,FullHybrid
0.9463333333333334,0.5,0.0,0.0,0.0,0.799144616624746,0.3104822160502356,0.3104822160502356,0.0,0.0,1.0,0,0,8517,483,0.043267221768237524,483000,53.666666666666664,0.785,0.0,FullHybrid
0.9463333333333334,0.5,0.0,0.0,0.0,0.799144616624746,0.3104822160502356,0.3104822160502356,0.0,0.0,1.0,0,0,8517,483,0.043267221768237524,483000,53.666666666666664,0.795,0.0,FullHybrid
0.9463333333333334,0.5,0.0,0.0,0.0,0.799144616624746,0.3104822160502356,0.3104822160502356,0.0,0.0,1.0,0,0,8517,483,0.043267221768237524,483000,53.666666666666664,0.805,0.0,FullHybrid
0.9463333333333334,0.5,0.0,0.0,0.0,0.799144616624746,0.3104822160502356,0.3104822160502356,0.0,0.0,1.0,0,0,8517,483,0.043267221768237524,483000,53.666666666666664,0.8150000000000001,0.0,FullHybrid
0.9463333333333334,0.5,0.0,0.0,0.0,0.799144616624746,0.3104822160502356,0.3104822160502356,0.0,0.0,1.0,0,0,8517,483,0.043267221768237524,483000,53.666666666666664,0.8250000000000001,0.0,FullHybrid
0.9463333333333334,0.5,0.0,0.0,0.0,0.799144616624746,0.3104822160502356,0.3104822160502356,0.0,0.0,1.0,0,0,8517,483,0.043267221768237524,483000,53.666666666666664,0.8350000000000001,0.0,FullHybrid
0.9463333333333334,0.5,0.0,0.0,0.0,0.799144616624746,0.3104822160502356,0.3104822160502356,0.0,0.0,1.0,0,0,8517,483,0.043267221768237524,483000,53.666666666666664,0.845,0.0,FullHybrid
0.9463333333333334,0.5,0.0,0.0,0.0,0.799144616624746,0.3104822160502356,0.3104822160502356,0.0,0.0,1.0,0,0,8517,483,0.043267221768237524,483000,53.666666666666664,0.855,0.0,FullHybrid
0.9463333333333334,0.5,0.0,0.0,0.0,0.799144616624746,0.3104822160502356,0.3104822160502356,0.0,0.0,1.0,0,0,8517,483,0.043267221768237524,483000,53.666666666666664,0.865,0.0,FullHybrid
0.9463333333333334,0.5,0.0,0.0,0.0,0.799144616624746,0.3104822160502356,0.3104822160502356,0.0,0.0,1.0,0,0,8517,483,0.043267221768237524,483000,53.666666666666664,0.875,0.0,FullHybrid
0.9463333333333334,0.5,0.0,0.0,0.0,0.799144616624746,0.3104822160502356,0.3104822160502356,0.0,0.0,1.0,0,0,8517,483,0.043267221768237524,483000,53.666666666666664,0.885,0.0,FullHybrid
0.9463333333333334,0.5,0.0,0.0,0.0,0.799144616624746,0.3104822160502356,0.3104822160502356,0.0,0.0,1.0,0,0,8517,483,0.043267221768237524,483000,53.666666666666664,0.895,0.0,FullHybrid
0.9463333333333334,0.5,0.0,0.0,0.0,0.799144616624746,0.3104822160502356,0.3104822160502356,0.0,0.0,1.0,0,0,8517,483,0.043267221768237524,483000,53.666666666666664,0.905,0.0,FullHybrid
0.9463333333333334,0.5,0.0,0.0,0.0,0.799144616624746,0.3104822160502356,0.3104822160502356,0.0,0.0,1.0,0,0,8517,483,0.043267221768237524,483000,53.666666666666664,0.915,0.0,FullHybrid
0.9463333333333334,0.5,0.0,0.0,0.0,0.799144616624746,0.3104822160502356,0.3104822160502356,0.0,0.0,1.0,0,0,8517,483,0.043267221768237524,483000,53.666666666666664,0.925,0.0,FullHybrid
0.9463333333333334,0.5,0.0,0.0,0.0,0.799144616624746,0.3104822160502356,0.3104822160502356,0.0,0.0,1.0,0,0,8517,483,0.043267221768237524,483000,53.666666666666664,0.935,0.0,FullHybrid
0.9463333333333334,0.5,0.0,0.0,0.0,0.799144616624746,0.3104822160502356,0.3104822160502356,0.0,0.0,1.0,0,0,8517,483,0.043267221768237524,483000,53.666666666666664,0.9450000000000001,0.0,FullHybrid
0.9463333333333334,0.5,0.0,0.0,0.0,0.799144616624746,0.3104822160502356,0.3104822160502356,0.0,0.0,1.0,0,0,8517,483,0.043267221768237524,483000,53.666666666666664,0.9550000000000001,0.0,FullHybrid
0.9463333333333334,0.5,0.0,0.0,0.0,0.799144616624746,0.3104822160502356,0.3104822160502356,0.0,0.0,1.0,0,0,8517,483,0.043267221768237524,483000,53.666666666666664,0.965,0.0,FullHybrid
0.9463333333333334,0.5,0.0,0.0,0.0,0.799144616624746,0.3104822160502356,0.3104822160502356,0.0,0.0,1.0,0,0,8517,483,0.043267221768237524,483000,53.666666666666664,0.975,0.0,FullHybrid
0.9463333333333334,0.5,0.0,0.0,0.0,0.799144616624746,0.3104822160502356,0.3104822160502356,0.0,0.0,1.0,0,0,8517,483,0.043267221768237524,483000,53.666666666666664,0.985,0.0,FullHybrid
0.9463333333333334,0.5,0.0,0.0,0.0,0.799144616624746,0.3104822160502356,0.3104822160502356,0.0,0.0,1.0,0,0,8517,483,0.043267221768237524,483000,53.666666666666664,0.995,0.0,FullHybrid
0.9463333333333334,0.5,0.0,0.0,0.0,0.799144616624746,0.3104822160502356,0.3104822160502356,0.0,0.0,1.0,0,0,8517,483,0.043267221768237524,483000,53.666666666666664,1.000001,0.0,FullHybrid
0.05366666666666667,0.5,0.05366666666666667,1.0,0.1018664979436887,0.7992819621990946,0.3117386155717836,0.3117386155717836,0.0,1.0,0.0,483,8517,0,0,0.04324653844882144,170340,18.926666666666666,0.005,1.0,Hybrid_WithoutAnomaly
0.05366666666666667,0.5,0.05366666666666667,1.0,0.1018664979436887,0.7992819621990946,0.3117386155717836,0.3117386155717836,0.0,1.0,0.0,483,8517,0,0,0.04324653844882144,170340,18.926666666666666,0.006433489271398658,1.0,Hybrid_WithoutAnomaly
0.06577777777777778,0.5044459856319513,0.054124001350286936,0.9958592132505176,0.10266808964781217,0.7992819621990946,0.3117386155717836,0.3117386155717836,0.017996917578413787,0.986967241986615,0.004140786749482402,481,8406,111,2,0.04324653844882144,170120,18.90222222222222,0.009043834608841943,0.9874444444444445,Hybrid_WithoutAnomaly
0.078,0.5099271679512732,0.0547008547008547,0.9937888198757764,0.10369410239792613,0.7992819621990946,0.3117386155717836,0.3117386155717836,0.02865876244164312,0.97393448397323,0.006211180124223602,480,8295,222,3,0.04324653844882144,168900,18.766666666666666,0.009750585824870905,0.975,Hybrid_WithoutAnomaly
0.08966666666666667,0.5121853479741285,0.05495266682059571,0.9855072463768116,0.10410060142154184,0.7992819621990946,0.3117386155717836,0.3117386155717836,0.02888799369096423,0.9611365504285546,0.014492753623188406,476,8186,331,7,0.04324653844882144,170720,18.968888888888888,0.010221029730397598,0.9624444444444444,Hybrid_WithoutAnomaly
0.10166666666666667,0.5165726274889023,0.05543859649122807,0.9813664596273292,0.10494852208568581,0.7992819621990946,0.3117386155717836,0.3117386155717836,0.03427274889408916,0.9482212046495245,0.018633540372670808,474,8076,441,9,0.04324653844882144,170520,18.946666666666665,0.010586641348769776,0.95,Hybrid_WithoutAnomaly
0.11422222222222222,0.5232064187299497,0.05618110702856466,0.9813664596273292,0.10627802690582962,0.7992819621990946,0.3117386155717836,0.3117386155717836,0.0431923453511737,0.9349536221674298,0.018633540372670808,474,7963,554,9,0.04324653844882144,168260,18.695555555555554,0.010935086224551348,0.9374444444444444,Hybrid_WithoutAnomaly
0.12666666666666668,0.5297815038538196,0.05693693693693694,0.9813664596273292,0.10762942779291552,0.7992819621990946,0.3117386155717836,0.3117386155717836,0.050962356475366045,0.92180345191969,0.018633540372670808,474,7851,666,9,0.04324653844882144,166020,18.446666666666665,0.011340198405039519,0.925,Hybrid_WithoutAnomaly
0.13877777777777778,0.5342274894857709,0.05747686312713103,0.9772256728778468,0.1085681426106958,0.7992819621990946,0.3117386155717836,0.3117386155717836,0.05458010304808487,0.908770693906305,0.022774327122153208,472,7740,777,11,0.04324653844882144,165800,18.42222222222222,0.011659178048745087,0.9124444444444444,Hybrid_WithoutAnomaly
0.1507777777777778,0.5386147690005447,0.05802469135802469,0.9730848861283644,0.1095188162647093,0.7992819621990946,0.3117386155717836,0.3117386155717836,0.05801450107610347,0.8958553481272749,0.026915113871635612,470,7630,887,13,0.04324653844882144,165600,18.4,0.011965464968577595,0.9,Hybrid_WithoutAnomaly
0.1628888888888889,0.543060754632496,0.058595217227995496,0.968944099378882,0.11050767414403778,0.7992819621990946,0.3117386155717836,0.3117386155717836,0.06140899024086721,0.8828225901138899,0.031055900621118012,468,7519,998,15,0.04324653844882144,165380,18.375555555555554,0.012305496191993335,0.8874444444444445,Hybrid_WithoutAnomaly
0.17533333333333334,0.549635839756366,0.05942857142857143,0.968944099378882,0.11198851399856424,0.7992819621990946,0.3117386155717836,0.3117386155717836,0.06764578111939833,0.8696724198661501,0.031055900621118012,468,7407,1110,15,0.04324653844882144,163140,18.126666666666665,0.012658797569866855,0.875,Hybrid_WithoutAnomaly
0.18744444444444444,0.5540818253883173,0.06003607317701623,0.9648033126293996,0.11303820497271073,0.7992819621990946,0.3117386155717836,0.3117386155717836,0.07077030784519109,0.8566396618527651,0.035196687370600416,466,7296,1221,17,0.04324653844882144,162920,18.102222222222224,0.012956303306502897,0.8624444444444445,Hybrid_WithoutAnomaly
0.19966666666666666,0.5595630077076392,0.060784313725490195,0.9627329192546584,0.11434894872740688,0.7992819621990946,0.3117386155717836,0.3117386155717836,0.07518408223597697,0.8436069038393801,0.037267080745341616,465,7185,1332,18,0.04324653844882144,161700,17.966666666666665,0.013235794223810597,0.85,Hybrid_WithoutAnomaly
0.212,0.5651028961441384,0.061562956083322275,0.9606625258799172,0.11571072319201994,0.7992819621990946,0.3117386155717836,0.3117386155717836,0.07952904599581971,0.8304567335916403,0.039337474120082816,464,7073,1444,19,0.04324653844882144,160460,17.82888888888889,0.013508992868259772,0.8374444444444444,Hybrid_WithoutAnomaly
0.22444444444444445,0.5716779812680084,0.062491582491582494,0.9606625258799172,0.11734951947395043,0.7992819621990946,0.3117386155717836,0.3117386155717836,0.08502451083171367,0.8173065633439004,0.039337474120082816,464,6961,1556,19,0.04324653844882144,158220,17.58,0.013825775727279766,0.825,Hybrid_WithoutAnomaly
0.237,0.5783117725090556,0.06345733041575492,0.9606625258799172,0.11905067350865939,0.7992819621990946,0.3117386155717836,0.3117386155717836,0.09042106668826806,0.8040389808618058,0.039337474120082816,464,6848,1669,19,0.04324653844882144,155960,17.32888888888889,0.014106164878980051,0.8124444444444444,Hybrid_WithoutAnomaly
0.24877777777777776,0.5816051492192815,0.06402777777777778,0.9544513457556936,0.12000520629962255,0.7992819621990946,0.3117386155717836,0.3117386155717836,0.09195216247048127,0.7912410473171304,0.045548654244306416,461,6739,1778,22,0.04324653844882144,156780,17.42,0.014368505374898446,0.8,Hybrid_WithoutAnomaly
0.2611111111111111,0.5871450376557809,0.06490757725412727,0.9523809523809523,0.12153236459709378,0.7992819621990946,0.3117386155717836,0.3117386155717836,0.0960065459296068,0.7780908770693906,0.047619047619047616,460,6627,1890,23,0.04324653844882144,155540,17.282222222222224,0.01464203888810307,0.7874444444444444,Hybrid_WithoutAnomaly
0.27311111111111114,0.5915323171705548,0.06566308243727599,0.94824016563147,0.1228211316706892,0.7992819621990946,0.3117386155717836,0.3117386155717836,0.09879539949816635,0.7651755312903604,0.051759834368530024,458,6517,2000,25,0.04324653844882144,155340,17.26,0.01490711766882575,0.775,Hybrid_WithoutAnomaly
0.2772222222222222,0.5927279529359257,0.0658881199538639,0.9461697722567288,0.12319719638765333,0.7992819621990946,0.3117386155717836,0.3117386155717836,0.09941414192821957,0.7607138663848773,0.053830227743271224,457,6479,2038,26,0.04324653844882144,155580,17.286666666666665,0.015,0.7706666666666667,Hybrid_WithoutAnomaly
0.28455555555555556,0.592696594388862,0.06601573885164674,0.937888198757764,0.12334921715452687,0.7992819621990946,0.3117386155717836,0.3117386155717836,0.0981706024380919,0.7524950099800399,0.062111801242236024,453,6409,2108,30,0.04324653844882144,158180,17.575555555555557,0.015154568711754027,0.7624444444444445,Hybrid_WithoutAnomaly
0.29677777777777775,0.598177776708184,0.06696296296296296,0.9358178053830227,0.12498271809760816,0.7992819621990946,0.3117386155717836,0.3117386155717836,0.1021920078606397,0.7394622519666549,0.06418219461697723,452,6298,2219,31,0.04324653844882144,156960,17.44,0.015355519062276507,0.75,Hybrid_WithoutAnomaly
0.3091111111111111,0.6037176651446833,0.06795238812716589,0.9337474120082816,0.12668539325842695,0.7992819621990946,0.3117386155717836,0.3117386155717836,0.10623847954017616,0.7263120817189151,0.06625258799171843,451,6186,2331,32,0.04324653844882144,155720,17.302222222222223,0.015576383692779305,0.7374444444444445,Hybrid_WithoutAnomaly
0.3208888888888889,0.6070110418549091,0.06865900383141763,0.927536231884058,0.1278538812785388,0.7992819621990946,0.3117386155717836,0.3117386155717836,0.10801836947617496,0.7135141481742397,0.07246376811594203,448,6077,2440,35,0.04324653844882144,156540,17.393333333333334,0.01584181620262027,0.725,Hybrid_WithoutAnomaly
0.3332222222222222,0.6125509302914084,0.06971303805364941,0.9254658385093167,0.12965917331399565,0.7992819621990946,0.3117386155717836,0.3117386155717836,0.1120771505316586,0.7003639779265,0.07453416149068323,447,5965,2552,36,0.04324653844882144,155300,17.255555555555556,0.016110555896927857,0.7124444444444444,Hybrid_WithoutAnomaly
0.34544444444444444,0.6180321126107303,0.0707936507936508,0.9233954451345756,0.13150523367241632,0.7992819621990946,0.3117386155717836,0.3117386155717836,0.11609002596141729,0.687331219913115,0.07660455486542443,446,5854,2663,37,0.04324653844882144,154080,17.12,0.016354610967053092,0.7,Hybrid_WithoutAnomaly
0.35777777777777775,0.6235720010472297,0.07192500404073056,0.9213250517598344,0.13343328335832083,0.7992819621990946,0.3117386155717836,0.3117386155717836,0.1201550531805382,0.6741810496653752,0.07867494824016563,445,5742,2775,38,0.04324653844882144,152840,16.982222222222223,0.016608974278447253,0.6874444444444444,Hybrid_WithoutAnomaly
0.37,0.6290531833665515,0.07308641975308643,0.9192546583850931,0.13540713632204943,0.7992819621990946,0.3117386155717836,0.3117386155717836,0.12418797058045353,0.6611482916519902,0.08074534161490683,444,5631,2886,39,0.04324653844882144,151620,16.846666666666668,0.016892912291223458,0.675,Hybrid_WithoutAnomaly
0.38166666666666665,0.6313113633894067,0.07380073800738007,0.9109730848861284,0.1365399534522886,0.7992819621990946,0.3117386155717836,0.3117386155717836,0.12515820462503618,0.6483503581073148,0.08902691511387163,440,5522,2995,43,0.04324653844882144,153440,17.04888888888889,0.017140162424716165,0.6624444444444444,Hybrid_WithoutAnomaly
0.393,0.6324169344905366,0.07435897435897436,0.9006211180124224,0.13737565135007107,0.7992819621990946,0.3117386155717836,0.3117386155717836,0.12512877828519214,0.6357872490313491,0.09937888198757763,435,5415,3102,48,0.04324653844882144,156300,17.366666666666667,0.017393178998635107,0.65,Hybrid_WithoutAnomaly
0.40555555555555556,0.639050725731584,0.07582360118528848,0.9006211180124224,0.13987138263665597,0.7992819621990946,0.3117386155717836,0.3117386155717836,0.13036745358118243,0.6225196665492544,0.09937888198757763,435,5302,3215,48,0.04324653844882144,154040,17.115555555555556,0.01774595600150697,0.6374444444444445,Hybrid_WithoutAnomaly
0.41688888888888886,0.6401562968327139,0.07644444444444444,0.8902691511387164,0.1407989521938441,0.7992819621990946,0.3117386155717836,0.3117386155717836,0.13048522743282606,0.6099565574732887,0.10973084886128365,430,5195,3322,53,0.04324653844882144,156900,17.433333333333334,0.01805988596849662,0.625,Hybrid_WithoutAnomaly
0.42944444444444446,0.6467900880737611,0.07801161103047896,0.8902691511387164,0.14345287739783152,0.7992819621990946,0.3117386155717836,0.3117386155717836,0.13580031368998732,0.5966889749911941,0.10973084886128365,430,5082,3435,53,0.04324653844882144,154640,17.182222222222222,0.01836627641027876,0.6124444444444445,Hybrid_WithoutAnomaly
0.44166666666666665,0.6522712703930831,0.07944444444444444,0.8881987577639752,0.14584395716471188,0.7992819621990946,0.3117386155717836,0.3117386155717836,0.1400930935152195,0.5836562169778091,0.11180124223602485,429,4971,3546,54,0.04324653844882144,153420,17.046666666666667,0.018772836460591965,0.6,Hybrid_WithoutAnomaly
0.4537777777777778,0.6567172560250344,0.08076413845280878,0.8840579710144928,0.14800693240901214,0.7992819621990946,0.3117386155717836,0.3117386155717836,0.14348171987580371,0.5706234589644241,0.11594202898550725,427,4860,3657,56,0.04324653844882144,153200,17.022222222222222,0.01911721461689531,0.5874444444444444,Hybrid_WithoutAnomaly
0.46555555555555556,0.6600106327352602,0.08193236714975845,0.8778467908902692,0.14987628137150935,0.7992819621990946,0.3117386155717836,0.3117386155717836,0.1458897669113042,0.5578255254197487,0.12215320910973085,424,4751,3766,59,0.04324653844882144,154020,17.113333333333333,0.01952893769311145,0.575,Hybrid_WithoutAnomaly
0.47788888888888886,0.6655505211717595,0.08356380877123666,0.8757763975155279,0.15256988277727682,0.7992819621990946,0.3117386155717836,0.3117386155717836,0.15041062318735218,0.5446753551720089,0.12422360248447205,423,4639,3878,60,0.04324653844882144,152780,16.975555555555555,0.019910959538391493,0.5624444444444444,Hybrid_WithoutAnomaly
0.4901111111111111,0.6710317034910813,0.08525252525252525,0.8737060041407867,0.15534695380084668,0.7992819621990946,0.3117386155717836,0.3117386155717836,0.1549506473424905,0.5316425971586239,0.12629399585921325,422,4528,3989,61,0.04324653844882144,151560,16.84,0.02032460650756574,0.55,Hybrid_WithoutAnomaly
0.5015555555555555,0.6721959807093887,0.08621046102956378,0.8633540372670807,0.15676691729323308,0.7992819621990946,0.3117386155717836,0.3117386155717836,0.1556605805054159,0.5189620758483033,0.13664596273291926,417,4420,4097,66,0.04324653844882144,154400,17.155555555555555,0.020890294484406057,0.5374444444444444,Hybrid_WithoutAnomaly
0.5128888888888888,0.6733015518105185,0.0871957671957672,0.8530020703933747,0.15821812596006146,0.7992819621990946,0.3117386155717836,0.3117386155717836,0.15641570997292,0.5063989667723376,0.14699792960662525,412,4313,4204,71,0.04324653844882144,157260,17.473333333333333,0.02143118569659836,0.525,Hybrid_WithoutAnomaly
0.5247777777777778,0.6766536346379218,0.08868169991326973,0.8467908902691511,0.160549558390579,0.7992819621990946,0.3117386155717836,0.3117386155717836,0.15929109706824648,0.4934836209933075,0.15320910973084886,409,4203,4314,74,0.04324653844882144,158060,17.56222222222222,0.022064193803061734,0.5124444444444445,Hybrid_WithoutAnomaly
0.537,0.6821348169572438,0.09066666666666667,0.84472049689441,0.16375677302829622,0.7992819621990946,0.3117386155717836,0.3117386155717836,0.16418268151565826,0.4804508629799225,0.15527950310559005,408,4092,4425,75,0.04324653844882144,156840,17.426666666666666,0.022673509579602312,0.5,Hybrid_WithoutAnomaly
0.5487777777777778,0.6854281936674695,0.0922971741112124,0.8385093167701864,0.16629028946828164,0.7992819621990946,0.3117386155717836,0.3117386155717836,0.16720324185355798,0.46765292943524717,0.16149068322981366,405,3983,4534,78,0.04324653844882144,157660,17.517777777777777,0.023184027472959265,0.4875555555555556,Hybrid_WithoutAnomaly
0.5611111111111111,0.6909680821039689,0.09450292397660819,0.8364389233954451,0.1698192517864649,0.7992819621990946,0.3117386155717836,0.3117386155717836,0.17236088097536698,0.4545027591875073,0.16356107660455488,404,3871,4646,79,0.04324653844882144,156420,17.38,0.023901025114514547,0.475,Hybrid_WithoutAnomaly
0.5726666666666667,0.6931675560096469,0.09608455440787893,0.8281573498964804,0.17219113215669393,0.7992819621990946,0.3117386155717836,0.3117386155717836,0.17461832604571714,0.44182223787718683,0.17184265010351968,400,3763,4754,83,0.04324653844882144,158260,17.584444444444443,0.02475830594797551,0.46255555555555555,Hybrid_WithoutAnomaly
0.5773333333333334,0.695633212931098,0.0970638194612958,0.8281573498964804,0.1737619461337967,0.7992819621990946,0.3117386155717836,0.3117386155717836,0.17697941525688013,0.43689092403428437,0.17184265010351968,400,3721,4796,83,0.04324653844882144,157420,17.49111111111111,0.025,0.4578888888888889,Hybrid_WithoutAnomaly
0.5845555555555556,0.69651963883705,0.09802469135802469,0.8219461697722568,0.17515993823075227,0.7992819621990946,0.3117386155717836,0.3117386155717836,0.1780421093385252,0.42890689209815663,0.17805383022774326,397,3653,4864,86,0.04324653844882144,159060,17.673333333333332,0.025555687657062676,0.45,Hybrid_WithoutAnomaly
0.5963333333333334,0.6998130155472759,0.10005078720162519,0.8157349896480331,0.1782402171454422,0.7992819621990946,0.3117386155717836,0.3117386155717836,0.18153974977963785,0.4161089585534813,0.18426501035196688,394,3544,4973,89,0.04324653844882144,159880,17.764444444444443,0.026198138703888967,0.43755555555555553,Hybrid_WithoutAnomaly
0.6082222222222222,0.7031650983746792,0.10222222222222223,0.8095238095238095,0.18152274837511606,0.7992819621990946,0.3117386155717836,0.3117386155717836,0.1852358705151391,0.4031936127744511,0.19047619047619047,391,3434,5083,92,0.04324653844882144,160680,17.85333333333333,0.027115182723145708,0.425,Hybrid_WithoutAnomaly
0.6191111111111111,0.702082863866713,0.10342041475895503,0.7950310559006211,0.18303145853193517,0.7992819621990946,0.3117386155717836,0.3117386155717836,0.18501598101227695,0.39086532816719505,0.20496894409937888,384,3329,5188,99,0.04324653844882144,165580,18.397777777777776,0.027911119416847614,0.41255555555555556,Hybrid_WithoutAnomaly
0.6314444444444445,0.7076227523032124,0.1063888888888889,0.7929606625258799,0.18760715160421262,0.7992819621990946,0.3117386155717836,0.3117386155717836,0.19101773814072312,0.3777151579194552,0.2070393374741201,383,3217,5300,100,0.04324653844882144,164340,18.26,0.028975446985582746,0.4,Hybrid_WithoutAnomaly
0.6432222222222223,0.7109161290134383,0.10894495412844037,0.7867494824016563,0.1913875598086124,0.7992819621990946,0.3117386155717836,0.3117386155717836,0.19512541247274187,0.36491722437477986,0.21325051759834368,380,3108,5409,103,0.04324653844882144,165160,18.351111111111113,0.029987007880144887,0.38755555555555554,Hybrid_WithoutAnomaly
0.6544444444444445,0.7109865034271975,0.11081481481481481,0.7743271221532091,0.19388284085018145,0.7992819621990946,0.3117386155717836,0.3117386155717836,0.19642800578424452,0.35235411529881416,0.22567287784679088,374,3001,5516,109,0.04324653844882144,169020,18.78,0.030952558238146795,0.375,Hybrid_WithoutAnomaly
0.6664444444444444,0.7153737829419714,0.11400551639595465,0.7701863354037267,0.198611852642819,0.7992819621990946,0.3117386155717836,0.3117386155717836,0.20192438049184191,0.33943876951978397,0.22981366459627328,372,2891,5626,111,0.04324653844882144,168820,18.75777777777778,0.03198553894501659,0.3625555555555556,Hybrid_WithoutAnomaly
0.6781111111111111,0.7176319629648267,0.11682539682539683,0.7619047619047619,0.20258739333883843,0.7992819621990946,0.3117386155717836,0.3117386155717836,0.20565361784253594,0.3266408359751086,0.23809523809523808,368,2782,5735,115,0.04324653844882144,170640,18.96,0.03298909538902599,0.35,Hybrid_WithoutAnomaly
0.6898888888888889,0.7209253396750526,0.12014483212639894,0.7556935817805382,0.2073274637886964,0.7992819621990946,0.3117386155717836,0.3117386155717836,0.2105729325793939,0.3138429024304332,0.2443064182194617,365,2673,5844,118,0.04324653844882144,171460,19.051111111111112,0.034048118159337434,0.33755555555555555,Hybrid_WithoutAnomaly
0.6985555555555556,0.7215984545341178,0.122289972899729,0.7474120082815735,0.2101892285298399,0.7992819621990946,0.3117386155717836,0.3117386155717836,0.21274019062962984,0.304215099213338,0.2525879917184265,361,2591,5926,122,0.04324653844882144,173820,19.313333333333333,0.034999999999999996,0.328,Hybrid_WithoutAnomaly
0.7013333333333334,0.7220896168933597,0.12307692307692308,0.7453416149068323,0.21126760563380284,0.7992819621990946,0.3117386155717836,0.3117386155717836,0.21371699705104114,0.30116238112011273,0.2546583850931677,360,2565,5952,123,0.04324653844882144,174300,19.366666666666667,0.03547062919453049,0.325,Hybrid_WithoutAnomaly
0.7117777777777777,0.7188195767762977,0.12477781727692855,0.7267080745341615,0.21298543689320387,0.7992819621990946,0.3117386155717836,0.3117386155717836,0.21276889312854863,0.2890689209815663,0.2732919254658385,351,2462,6055,132,0.04324653844882144,181240,20.137777777777778,0.036838333526752455,0.31255555555555553,Hybrid_WithoutAnomaly
0.7234444444444444,0.7210777567991529,0.12851851851851853,0.7184265010351967,0.21803330191643108,0.7992819621990946,0.3117386155717836,0.3117386155717836,0.2174401691084563,0.27627098743689094,0.2815734989648033,347,2353,6164,136,0.04324653844882144,183060,20.34,0.038353942954987535,0.3,Hybrid_WithoutAnomaly
0.7343333333333333,0.7199955222911867,0.13137557959814528,0.7039337474120083,0.22142624552263104,0.7992819621990946,0.3117386155717836,0.3117386155717836,0.21906945774931852,0.26394270282963483,0.29606625258799174,340,2248,6269,143,0.04324653844882144,187960,20.884444444444444,0.03997065637729912,0.28755555555555556,Hybrid_WithoutAnomaly
0.7453333333333333,0.718971993900398,0.13454545454545455,0.6894409937888198,0.22515212981744426,0.7992819621990946,0.3117386155717836,0.3117386155717836,0.22103324415940018,0.25149700598802394,0.3105590062111801,333,2142,6375,150,0.04324653844882144,192840,21.426666666666666,0.04165090013309678,0.275,Hybrid_WithoutAnomaly
0.7573333333333333,0.7233592734151719,0.14007617435463393,0.6853002070393375,0.2326071679550246,0.7992819621990946,0.3117386155717836,0.3117386155717836,0.22878792697198275,0.23858166020899377,0.3146997929606625,331,2032,6485,152,0.04324653844882144,192640,21.404444444444444,0.0438094932774116,0.26255555555555554,Hybrid_WithoutAnomaly
0.7638888888888888,0.7258464437584458,0.14335360556038226,0.6832298136645962,0.236983842010772,0.7992819621990946,0.3117386155717836,0.3117386155717836,0.2333108359996302,0.2315369261477046,0.3167701863354037,330,1972,6545,153,0.04324653844882144,192440,21.38222222222222,0.045,0.25577777777777777,Hybrid_WithoutAnomaly
0.7692222222222223,0.7267113562425751,0.14577777777777778,0.6790890269151139,0.24002927186242226,0.7992819621990946,0.3117386155717836,0.3117386155717836,0.23598098751105936,0.2256663144299636,0.32091097308488614,328,1922,6595,155,0.04324653844882144,193440,21.493333333333332,0.0463641374413875,0.25,Hybrid_WithoutAnomaly
0.7803333333333333,0.7267230245391569,0.15060804490177737,0.6666666666666666,0.2457077451354445,0.7992819621990946,0.3117386155717836,0.3117386155717836,0.24011168967249236,0.2132206175883527,0.3333333333333333,322,1816,6701,161,0.04324653844882144,197320,21.924444444444443,0.05023081401794227,0.23755555555555555,Hybrid_WithoutAnomaly
0.7922222222222223,0.7300751073665602,0.15753086419753087,0.660455486542443,0.2543859649122807,0.7992819621990946,0.3117386155717836,0.3117386155717836,0.24833154944071512,0.20030527180932253,0.33954451345755693,319,1706,6811,164,0.04324653844882144,198120,22.013333333333332,0.05397782911792983,0.225,Hybrid_WithoutAnomaly
0.7954444444444444,0.7298246036243188,0.15913654618473896,0.6563146997929606,0.2561616161616162,0.7992819621990946,0.3117386155717836,0.3117386155717836,0.24951789090128604,0.1966654925443231,0.34368530020703936,317,1675,6842,166,0.04324653844882144,199500,22.166666666666668,0.055,0.22133333333333333,Hybrid_WithoutAnomaly
0.8031111111111111,0.7289928728585942,0.16309461578672244,0.6459627329192547,0.2604340567612688,0.7992819621990946,0.3117386155717836,0.3117386155717836,0.25227844702403246,0.18797698720206646,0.35403726708074534,312,1601,6916,171,0.04324653844882144,203020,22.557777777777776,0.05788488253723177,0.21255555555555555,Hybrid_WithoutAnomaly
0.8147777777777778,0.7312510528814493,0.1711111111111111,0.6376811594202898,0.26982041173893995,0.7992819621990946,0.3117386155717836,0.3117386155717836,0.260572213756833,0.1751790536573911,0.36231884057971014,308,1492,7025,175,0.04324653844882144,204840,22.76,0.06189313409968279,0.2,Hybrid_WithoutAnomaly
0.8221111111111111,0.7321961849045788,0.17650462962962962,0.6314699792960663,0.2758932609678878,0.7992819621990946,0.3117386155717836,0.3117386155717836,0.2657071005278477,0.16707760948690853,0.36853002070393376,305,1423,7094,178,0.04324653844882144,206460,22.94,0.065,0.192,Hybrid_WithoutAnomaly
0.8263333333333334,0.7334505267871272,0.18009478672985782,0.629399585921325,0.2800552740672501,0.7992819621990946,0.3117386155717836,0.3117386155717836,0.2695488171792969,0.16249853234707057,0.37060041407867494,304,1384,7133,179,0.04324653844882144,206680,22.964444444444446,0.0665758977783636,0.18755555555555556,Hybrid_WithoutAnomaly
0.8371111111111111,0.7313330955917905,0.18793650793650793,0.6128364389233955,0.28765792031098153,0.7992819621990946,0.3117386155717836,0.3117386155717836,0.274407606686557,0.1501702477398145,0.38716356107660455,296,1279,7238,187,0.04324653844882144,212580,23.62,0.0717925724631551,0.175,Hybrid_WithoutAnomaly
0.8424444444444444,0.7302450269355334,0.19223173140223832,0.6045548654244306,0.2917082917082917,0.7992819621990946,0.3117386155717836,0.3117386155717836,0.2770629340400335,0.14406481155336387,0.39544513457556935,292,1227,7290,191,0.04324653844882144,215540,23.948888888888888,0.07500000000000001,0.16877777777777778,Hybrid_WithoutAnomaly
0.848,0.7302508610838243,0.1975393028024607,0.598343685300207,0.2970195272353546,0.7992819621990946,0.3117386155717836,0.3117386155717836,0.28127214619101465,0.13784196313255842,0.40165631469979296,289,1174,7343,194,0.04324653844882144,217480,24.164444444444445,0.0781457031191588,0.16255555555555556,Hybrid_WithoutAnomaly
0.8565555555555555,0.7298887792555189,0.2063953488372093,0.587991718426501,0.3055406132329209,0.7992819621990946,0.3117386155717836,0.3117386155717836,0.2879148053321267,0.1282141599154632,0.41200828157349895,284,1092,7425,199,0.04324653844882144,220840,24.537777777777777,0.085,0.15288888888888888,Hybrid_WithoutAnomaly
0.8585555555555555,0.7270395270839396,0.2074074074074074,0.5797101449275363,0.3055100927441353,0.7992819621990946,0.3117386155717836,0.3117386155717836,0.28658321888112065,0.12563109075965714,0.42028985507246375,280,1070,7447,203,0.04324653844882144,224400,24.933333333333334,0.08679364256574014,0.15,Hybrid_WithoutAnomaly
0.8674444444444445,0.7229476013263936,0.21645367412140576,0.5610766045548654,0.31239193083573485,0.7992819621990946,0.3117386155717836,0.3117386155717836,0.29037065108391885,0.11518140190207819,0.4389233954451346,271,981,7536,212,0.04324653844882144,231620,25.735555555555557,0.095,0.1391111111111111,Hybrid_WithoutAnomaly
0.869,0.7237694869668774,0.21890145395799676,0.5610766045548654,0.31493317838466006,0.7992819621990946,0.3117386155717836,0.3117386155717836,0.29281991436678323,0.11353763062111072,0.4389233954451346,271,967,7550,212,0.04324653844882144,231340,25.704444444444444,0.09604004320581448,0.13755555555555554,Hybrid_WithoutAnomaly
0.8761111111111111,0.7206912444748792,0.22758620689655173,0.546583850931677,0.3213633597078515,0.7992819621990946,0.3117386155717836,0.3117386155717836,0.29685540609732286,0.10520136198191851,0.453416149068323,264,896,7621,219,0.04324653844882144,236920,26.324444444444445,0.10500000000000001,0.1288888888888889,Hybrid_WithoutAnomaly
0.8795555555555555,0.7205581529669925,0.2328888888888889,0.5424430641821946,0.3258706467661691,0.7992819621990946,0.3117386155717836,0.3117386155717836,0.3005857987481805,0.10132675824820947,0.4575569358178054,262,863,7654,221,0.04324653844882144,238260,26.473333333333333,0.10807617668738563,0.125,Hybrid_WithoutAnomaly
0.8852222222222222,0.7196462026622676,0.24202626641651032,0.5341614906832298,0.33311814073595863,0.7992819621990946,0.3117386155717836,0.3117386155717836,0.3063697510295999,0.09486908535869437,0.4658385093167702,258,808,7709,225,0.04324653844882144,241160,26.795555555555556,0.115,0.11844444444444445,Hybrid_WithoutAnomaly
0.8906666666666667,0.7205698212635745,0.2527147087857848,0.5300207039337475,0.34224598930481276,0.7992819621990946,0.3117386155717836,0.3117386155717836,0.31455486827866397,0.08888106140659857,0.4699792960662526,256,757,7760,227,0.04324653844882144,242140,26.904444444444444,0.12027984265743753,0.11255555555555556,Hybrid_WithoutAnomaly
0.8933333333333333,0.7170963152248663,0.25638406537282943,0.5196687370600414,0.34336525307797533,0.7992819621990946,0.3117386155717836,0.3117386155717836,0.314263347916736,0.0854761066103088,0.4803312629399586,251,728,7789,232,0.04324653844882144,246560,27.395555555555557,0.125,0.10877777777777778,Hybrid_WithoutAnomaly
0.9007777777777778,0.7151706816545936,0.2722222222222222,0.5072463768115942,0.3543022415039769,0.7992819621990946,0.3117386155717836,0.3117386155717836,0.32327060514644623,0.07690501350240696,0.4927536231884058,245,655,7862,238,0.04324653844882144,251100,27.9,0.13401981210454056,0.1,Hybrid_WithoutAnomaly
0.901,0.7143116033187553,0.27232142857142855,0.505175983436853,0.3538796229151559,0.7992819621990946,0.3117386155717836,0.3117386155717836,0.32261818903588596,0.0765527767993425,0.494824016563147,244,652,7865,239,0.04324653844882144,252040,28.004444444444445,0.135,0.09955555555555555,Hybrid_WithoutAnomaly
0.9076666666666666,0.7109985363580476,0.28832116788321166,0.4906832298136646,0.36321839080459767,0.7992819621990946,0.3117386155717836,0.3117386155717836,0.330116221468829,0.06868615709756956,0.5093167701863354,237,585,7932,246,0.04324653844882144,257700,28.633333333333333,0.14500000000000002,0.09133333333333334,Hybrid_WithoutAnomaly
0.9105555555555556,0.7086189331238875,0.2956852791878173,0.4824016563146998,0.3666404405979544,0.7992819621990946,0.3117386155717836,0.3117386155717836,0.33266953079970696,0.06516379006692498,0.5175983436853002,233,555,7962,250,0.04324653844882144,261100,29.011111111111113,0.15082612416775315,0.08755555555555555,Hybrid_WithoutAnomaly
0.9141111111111111,0.707568057162985,0.30666666666666664,0.47619047619047616,0.373073803730738,0.7992819621990946,0.3117386155717836,0.3117386155717836,0.33849308346547896,0.06105436186450628,0.5238095238095238,230,520,7997,253,0.04324653844882144,263400,29.266666666666666,0.155,0.08333333333333333,Hybrid_WithoutAnomaly
0.9185555555555556,0.7069868301395018,0.3224431818181818,0.4699792960662526,0.38247683235046337,0.7992819621990946,0.3117386155717836,0.3117386155717836,0.34743126457299855,0.05600563578724903,0.5300207039337475,227,477,8040,256,0.04324653844882144,265540,29.504444444444445,0.165,0.07822222222222222,Hybrid_WithoutAnomaly
0.9211111111111111,0.7054075991240026,0.33185185185185184,0.463768115942029,0.38687392055267705,0.7992819621990946,0.3117386155717836,0.3117386155717836,0.3514951877745403,0.052952917694023716,0.5362318840579711,224,451,8066,259,0.04324653844882144,268020,29.78,0.17185124957383172,0.075,Hybrid_WithoutAnomaly
0.9223333333333333,0.705076875842761,0.3368580060422961,0.4616977225672878,0.38951965065502187,0.7992819621990946,0.3117386155717836,0.3117386155717836,0.35408182685148304,0.05154397088176588,0.5383022774327122,223,439,8078,260,0.04324653844882144,268780,29.864444444444445,0.17500000000000002,0.07355555555555555,Hybrid_WithoutAnomaly
0.9261111111111111,0.6992609592652475,0.35130718954248363,0.4451345755693582,0.3926940639269407,0.7992819621990946,0.3117386155717836,0.3117386155717836,0.3567501623485533,0.04661265703886345,0.5548654244306418,215,397,8120,268,0.04324653844882144,275940,30.66,0.185,0.068,Hybrid_WithoutAnomaly
0.9293333333333333,0.6960809838124263,0.36649214659685864,0.43478260869565216,0.3977272727272727,0.7992819621990946,0.3117386155717836,0.3117386155717836,0.36196664631291436,0.042620641070799575,0.5652173913043478,210,363,8154,273,0.04324653844882144,280260,31.14,0.195,0.06366666666666666,Hybrid_WithoutAnomaly
0.9302222222222222,0.6955741421796524,0.37122557726465366,0.432712215320911,0.39961759082217974,0.7992819621990946,0.3117386155717836,0.3117386155717836,0.3640073028537227,0.041563930961606196,0.567287784679089,209,354,8163,274,0.04324653844882144,281080,31.23111111111111,0.19782127963873386,0.06255555555555556,Hybrid_WithoutAnomaly
0.9315555555555556,0.6904196721646221,0.37662337662337664,0.42028985507246375,0.3972602739726027,0.7992819621990946,0.3117386155717836,0.3117386155717836,0.3617041300206689,0.039450510743219445,0.5797101449275363,203,336,8181,280,0.04324653844882144,286720,31.857777777777777,0.20500000000000002,0.05988888888888889,Hybrid_WithoutAnomaly
0.9358888888888889,0.6888032484537684,0.40447154471544716,0.41200828157349895,0.40820512820512816,0.7992819621990946,0.3117386155717836,0.3117386155717836,0.3743346722649954,0.03440178466596219,0.587991718426501,199,293,8224,284,0.04324653844882144,289860,32.20666666666666,0.215,0.05466666666666667,Hybrid_WithoutAnomaly
0.9373333333333334,0.6778485411347563,0.41098901098901097,0.38716356107660455,0.39872068230277186,0.7992819621990946,0.3117386155717836,0.3117386155717836,0.3658772952400833,0.0314664788070917,0.6128364389233955,187,268,8249,296,0.04324653844882144,301360,33.48444444444444,0.225,0.050555555555555555,Hybrid_WithoutAnomaly
0.9374444444444444,0.6759542661115474,0.4111111111111111,0.3830227743271222,0.3965702036441586,0.7992819621990946,0.3117386155717836,0.3117386155717836,0.36387931746628654,0.03111424210402724,0.6169772256728778,185,265,8252,298,0.04324653844882144,303300,33.7,0.22657975863135024,0.05,Hybrid_WithoutAnomaly
0.9387777777777778,0.6707997960965173,0.42018779342723006,0.37060041407867494,0.39383938393839385,0.7992819621990946,0.3117386155717836,0.3117386155717836,0.36252477644852804,0.029000821885640484,0.629399585921325,179,247,8270,304,0.04324653844882144,308940,34.32666666666667,0.23500000000000001,0.04733333333333333,Hybrid_WithoutAnomaly
0.9397777777777778,0.666445698300148,0.4275184275184275,0.36024844720496896,0.39101123595505616,0.7992819621990946,0.3117386155717836,0.3117386155717836,0.36103545199012815,0.027357050604673007,0.639751552795031,174,233,8284,309,0.04324653844882144,313660,34.85111111111111,0.245,0.04522222222222222,Hybrid_WithoutAnomaly
0.9402222222222222,0.6578921076371189,0.42857142857142855,0.3416149068322981,0.38018433179723504,0.7992819621990946,0.3117386155717836,0.3117386155717836,0.3516813201494806,0.02583069155806035,0.6583850931677019,165,220,8297,318,0.04324653844882144,322400,35.82222222222222,0.255,0.042777777777777776,Hybrid_WithoutAnomaly
0.9416666666666667,0.6527963437392661,0.44166666666666665,0.32919254658385094,0.3772241992882562,0.7992819621990946,0.3117386155717836,0.3117386155717836,0.3514404328700765,0.023599859105318775,0.6708074534161491,159,201,8316,324,0.04324653844882144,328020,36.446666666666665,0.265,0.04,Hybrid_WithoutAnomaly
0.9427777777777778,0.6475244614898811,0.4526627218934911,0.3167701863354037,0.37271619975639464,0.7992819621990946,0.3117386155717836,0.3117386155717836,0.349738532032967,0.02172126335564166,0.6832298136645962,153,185,8332,330,0.04324653844882144,333700,37.077777777777776,0.26998162341507115,0.03755555555555556,Hybrid_WithoutAnomaly
0.9432222222222222,0.6419003425374316,0.45652173913043476,0.30434782608695654,0.36521739130434777,0.7992819621990946,0.3117386155717836,0.3117386155717836,0.34434403939206376,0.02054714101209346,0.6956521739130435,147,175,8342,336,0.04324653844882144,339500,37.72222222222222,0.275,0.035777777777777776,Hybrid_WithoutAnomaly
0.9448888888888889,0.6369219908739335,0.47796610169491527,0.2919254658385093,0.3624678663239075,0.7992819621990946,0.3117386155717836,0.3117386155717836,0.3465969160978521,0.018081484090642246,0.7080745341614907,141,154,8363,342,0.04324653844882144,345080,38.34222222222222,0.28500000000000003,0.03277777777777778,Hybrid_WithoutAnomaly
0.9453333333333334,0.6283684002109045,0.4835164835164835,0.2732919254658385,0.34920634920634924,0.7992819621990946,0.3117386155717836,0.3117386155717836,0.33735814656109975,0.01655512504402959,0.7267080745341615,132,141,8376,351,0.04324653844882144,353820,39.31333333333333,0.295,0.030333333333333334,Hybrid_WithoutAnomaly
0.9464444444444444,0.621143536821133,0.5020242914979757,0.2567287784679089,0.3397260273972602,0.7992819621990946,0.3117386155717836,0.3117386155717836,0.3342105788967761,0.014441704825642832,0.7432712215320911,124,123,8394,359,0.04324653844882144,361460,40.16222222222222,0.305,0.027444444444444445,Hybrid_WithoutAnomaly
0.9466666666666667,0.6114960433535559,0.5066666666666667,0.2360248447204969,0.3220338983050848,0.7992819621990946,0.3117386155717836,0.3117386155717836,0.3218781665966364,0.013032758013384995,0.7639751552795031,114,111,8406,369,0.04324653844882144,371220,41.24666666666667,0.3111118034505495,0.025,Hybrid_WithoutAnomaly
0.9464444444444444,0.6084491594086215,0.502262443438914,0.22981366459627328,0.31534090909090906,0.7992819621990946,0.3117386155717836,0.3117386155717836,0.3158307513215288,0.012915345779030175,0.7701863354037267,111,110,8407,372,0.04324653844882144,374200,41.577777777777776,0.315,0.024555555555555556,Hybrid_WithoutAnomaly
0.9465555555555556,0.5948369975430943,0.5052083333333334,0.20082815734989648,0.28740740740740744,0.7992819621990946,0.3117386155717836,0.3117386155717836,0.2958253680179447,0.011154162263707879,0.7991718426501035,97,95,8422,386,0.04324653844882144,387900,43.1,0.325,0.021333333333333333,Hybrid_WithoutAnomaly
0.9464444444444444,0.5811074234432122,0.503030303030303,0.17184265010351968,0.25617283950617287,0.7992819621990946,0.3117386155717836,0.3117386155717836,0.2724973234909521,0.009627803217095221,0.8281573498964804,83,82,8435,400,0.04324653844882144,401640,44.626666666666665,0.335,0.018333333333333333,Hybrid_WithoutAnomaly
0.9471111111111111,0.5736477355847311,0.5244755244755245,0.15527950310559005,0.23961661341853033,0.7992819621990946,0.3117386155717836,0.3117386155717836,0.2654574644802425,0.007984031936127744,0.84472049689441,75,68,8449,408,0.04324653844882144,409360,45.48444444444444,0.34500000000000003,0.01588888888888889,Hybrid_WithoutAnomaly
0.947,0.5657771049060082,0.5234375,0.13871635610766045,0.2193126022913257,0.7992819621990946,0.3117386155717836,0.3117386155717836,0.25038360491615347,0.007162146295644006,0.8612836438923396,67,61,8456,416,0.04324653844882144,417220,46.35777777777778,0.35500000000000004,0.014222222222222223,Hybrid_WithoutAnomaly
0.947,0.5599181614848491,0.5258620689655172,0.12629399585921325,0.2036727879799666,0.7992819621990946,0.3117386155717836,0.3117386155717836,0.23942643233977295,0.006457672889515088,0.8737060041407867,61,55,8462,422,0.04324653844882144,423100,47.01111111111111,0.365,0.012888888888888889,Hybrid_WithoutAnomaly
0.9471111111111111,0.5590003770318333,0.5309734513274337,0.12422360248447205,0.20134228187919465,0.7992819621990946,0.3117386155717836,0.3117386155717836,0.23882778992950052,0.006222848420805448,0.8757763975155279,60,53,8464,423,0.04324653844882144,424060,47.117777777777775,0.36585279479946453,0.012555555555555556,Hybrid_WithoutAnomaly
0.9471111111111111,0.5521649430404809,0.5353535353535354,0.10973084886128365,0.18213058419243985,0.7992819621990946,0.3117386155717836,0.3117386155717836,0.22541801667447137,0.00540096278032171,0.8902691511387164,53,46,8471,430,0.04324653844882144,430920,47.88,0.375,0.011,Hybrid_WithoutAnomaly
0.947,0.5462472935021444,0.5340909090909091,0.09730848861283643,0.1646234676007005,0.7992819621990946,0.3117386155717836,0.3117386155717836,0.2118382019645937,0.0048139016085476105,0.9026915113871635,47,41,8476,436,0.04324653844882144,436820,48.535555555555554,0.385,0.009777777777777778,Hybrid_WithoutAnomaly
0.9471111111111111,0.5414235467683559,0.5454545454545454,0.08695652173913043,0.15000000000000002,0.7992819621990946,0.3117386155717836,0.3117386155717836,0.20271848734445297,0.004109428202418692,0.9130434782608695,42,35,8482,441,0.04324653844882144,441700,49.077777777777776,0.395,0.008555555555555556,Hybrid_WithoutAnomaly
0.9474444444444444,0.5337877405583425,0.5862068965517241,0.07039337474120083,0.1256931608133087,0.7992819621990946,0.3117386155717836,0.3117386155717836,0.19031573908986218,0.0028178936245156746,0.9296066252587992,34,24,8493,449,0.04324653844882144,449480,49.94222222222222,0.405,0.0064444444444444445,Hybrid_WithoutAnomaly
0.9471111111111111,0.5277526787856512,0.5714285714285714,0.057971014492753624,0.10526315789473682,0.7992819621990946,0.3117386155717836,0.3117386155717836,0.16998788687169755,0.0024656569214512153,0.9420289855072463,28,21,8496,455,0.04324653844882144,455420,50.602222222222224,0.41500000000000004,0.0054444444444444445,Hybrid_WithoutAnomaly
0.947,0.5237880103877011,0.5714285714285714,0.049689440993788817,0.09142857142857143,0.7992819621990946,0.3117386155717836,0.3117386155717836,0.15731670078095847,0.0021134202183867557,0.9503105590062112,24,18,8499,459,0.04324653844882144,459360,51.04,0.425,0.004666666666666667,Hybrid_WithoutAnomaly
0.9471111111111111,0.5199407542241057,0.6060606060606061,0.041407867494824016,0.07751937984496123,0.7992819621990946,0.3117386155717836,0.3117386155717836,0.14869895297413507,0.001526359046612657,0.9585921325051759,20,13,8504,463,0.04324653844882144,463260,51.473333333333336,0.435,0.0036666666666666666,Hybrid_WithoutAnomaly
0.9471111111111111,0.5170112825135261,0.6296296296296297,0.035196687370600416,0.06666666666666667,0.7992819621990946,0.3117386155717836,0.3117386155717836,0.14019522625601774,0.0011741223435481978,0.9648033126293996,17,10,8507,466,0.04324653844882144,466200,51.8,0.445,0.003,Hybrid_WithoutAnomaly
0.9475555555555556,0.5162696164120426,0.7619047619047619,0.033126293995859216,0.06349206349206349,0.7992819621990946,0.3117386155717836,0.3117386155717836,0.1519849431007583,0.0005870611717740989,0.9668737060041408,16,5,8512,467,0.04324653844882144,467100,51.9,0.455,0.0023333333333333335,Hybrid_WithoutAnomaly
0.9472222222222222,0.5112110452095443,0.7857142857142857,0.022774327122153208,0.04426559356136821,0.7992819621990946,0.3117386155717836,0.3117386155717836,0.12821704501748474,0.0003522367030644593,0.9772256728778468,11,3,8514,472,0.04324653844882144,472060,52.45111111111111,0.465,0.0015555555555555555,Hybrid_WithoutAnomaly
0.9473333333333334,0.5112697513267218,0.8461538461538461,0.022774327122153208,0.04435483870967742,0.7992819621990946,0.3117386155717836,0.3117386155717836,0.1337464214816026,0.00023482446870963955,0.9772256728778468,11,2,8515,472,0.04324653844882144,472040,52.44888888888889,0.47500000000000003,0.0014444444444444444,Hybrid_WithoutAnomaly
0.9468888888888889,0.5071289645772394,0.7777777777777778,0.014492753623188406,0.02845528455284553,0.7992819621990946,0.3117386155717836,0.3117386155717836,0.10165952774715659,0.00023482446870963955,0.9855072463768116,7,2,8515,476,0.04324653844882144,476040,52.89333333333333,0.485,0.001,Hybrid_WithoutAnomaly
0.9465555555555556,0.5040233745151276,0.6666666666666666,0.008281573498964804,0.016359918200409,0.7992819621990946,0.3117386155717836,0.3117386155717836,0.07025630069541582,0.00023482446870963955,0.9917184265010351,4,2,8515,479,0.04324653844882144,479040,53.22666666666667,0.495,0.0006666666666666666,Hybrid_WithoutAnomaly
0.9464444444444444,0.502988177827757,0.6,0.006211180124223602,0.012295081967213113,0.7992819621990946,0.3117386155717836,0.3117386155717836,0.05715677780787492,0.00023482446870963955,0.9937888198757764,3,2,8515,480,0.04324653844882144,480040,53.33777777777778,0.505,0.0005555555555555556,Hybrid_WithoutAnomaly
0.9465555555555556,0.5020703933747412,1.0,0.004140786749482402,0.008247422680412371,0.7992819621990946,0.3117386155717836,0.3117386155717836,0.0626053952381879,0.0,0.9958592132505176,2,0,8517,481,0.04324653844882144,481000,53.44444444444444,0.515,0.00022222222222222223,Hybrid_WithoutAnomaly
0.9465555555555556,0.5020703933747412,1.0,0.004140786749482402,0.008247422680412371,0.7992819621990946,0.3117386155717836,0.3117386155717836,0.0626053952381879,0.0,0.9958592132505176,2,0,8517,481,0.04324653844882144,481000,53.44444444444444,0.525,0.00022222222222222223,Hybrid_WithoutAnomaly
0.9464444444444444,0.5010351966873706,1.0,0.002070393374741201,0.004132231404958678,0.7992819621990946,0.3117386155717836,0.3117386155717836,0.04426623979796273,0.0,0.9979296066252588,1,0,8517,482,0.04324653844882144,482000,53.55555555555556,0.535,0.00011111111111111112,Hybrid_WithoutAnomaly
0.9464444444444444,0.5010351966873706,1.0,0.002070393374741201,0.004132231404958678,0.7992819621990946,0.3117386155717836,0.3117386155717836,0.04426623979796273,0.0,0.9979296066252588,1,0,8517,482,0.04324653844882144,482000,53.55555555555556,0.545,0.00011111111111111112,Hybrid_WithoutAnomaly
0.9464444444444444,0.5010351966873706,1.0,0.002070393374741201,0.004132231404958678,0.7992819621990946,0.3117386155717836,0.3117386155717836,0.04426623979796273,0.0,0.9979296066252588,1,0,8517,482,0.04324653844882144,482000,53.55555555555556,0.555,0.00011111111111111112,Hybrid_WithoutAnomaly
0.9464444444444444,0.5010351966873706,1.0,0.002070393374741201,0.004132231404958678,0.7992819621990946,0.3117386155717836,0.3117386155717836,0.04426623979796273,0.0,0.9979296066252588,1,0,8517,482,0.04324653844882144,482000,53.55555555555556,0.5650000000000001,0.00011111111111111112,Hybrid_WithoutAnomaly
0.9464444444444444,0.5010351966873706,1.0,0.002070393374741201,0.004132231404958678,0.7992819621990946,0.3117386155717836,0.3117386155717836,0.04426623979796273,0.0,0.9979296066252588,1,0,8517,482,0.04324653844882144,482000,53.55555555555556,0.5722956102819067,0.00011111111111111112,Hybrid_WithoutAnomaly
0.9463333333333334,0.5,0.0,0.0,0.0,0.7992819621990946,0.3117386155717836,0.3117386155717836,0.0,0.0,1.0,0,0,8517,483,0.04324653844882144,483000,53.666666666666664,0.5750000000000001,0.0,Hybrid_WithoutAnomaly
0.9463333333333334,0.5,0.0,0.0,0.0,0.7992819621990946,0.3117386155717836,0.3117386155717836,0.0,0.0,1.0,0,0,8517,483,0.04324653844882144,483000,53.666666666666664,0.585,0.0,Hybrid_WithoutAnomaly
0.9463333333333334,0.5,0.0,0.0,0.0,0.7992819621990946,0.3117386155717836,0.3117386155717836,0.0,0.0,1.0,0,0,8517,483,0.04324653844882144,483000,53.666666666666664,0.595,0.0,Hybrid_WithoutAnomaly
0.9463333333333334,0.5,0.0,0.0,0.0,0.7992819621990946,0.3117386155717836,0.3117386155717836,0.0,0.0,1.0,0,0,8517,483,0.04324653844882144,483000,53.666666666666664,0.605,0.0,Hybrid_WithoutAnomaly
0.9463333333333334,0.5,0.0,0.0,0.0,0.7992819621990946,0.3117386155717836,0.3117386155717836,0.0,0.0,1.0,0,0,8517,483,0.04324653844882144,483000,53.666666666666664,0.615,0.0,Hybrid_WithoutAnomaly
0.9463333333333334,0.5,0.0,0.0,0.0,0.7992819621990946,0.3117386155717836,0.3117386155717836,0.0,0.0,1.0,0,0,8517,483,0.04324653844882144,483000,53.666666666666664,0.625,0.0,Hybrid_WithoutAnomaly
0.9463333333333334,0.5,0.0,0.0,0.0,0.7992819621990946,0.3117386155717836,0.3117386155717836,0.0,0.0,1.0,0,0,8517,483,0.04324653844882144,483000,53.666666666666664,0.635,0.0,Hybrid_WithoutAnomaly
0.9463333333333334,0.5,0.0,0.0,0.0,0.7992819621990946,0.3117386155717836,0.3117386155717836,0.0,0.0,1.0,0,0,8517,483,0.04324653844882144,483000,53.666666666666664,0.645,0.0,Hybrid_WithoutAnomaly
0.9463333333333334,0.5,0.0,0.0,0.0,0.7992819621990946,0.3117386155717836,0.3117386155717836,0.0,0.0,1.0,0,0,8517,483,0.04324653844882144,483000,53.666666666666664,0.655,0.0,Hybrid_WithoutAnomaly
0.9463333333333334,0.5,0.0,0.0,0.0,0.7992819621990946,0.3117386155717836,0.3117386155717836,0.0,0.0,1.0,0,0,8517,483,0.04324653844882144,483000,53.666666666666664,0.665,0.0,Hybrid_WithoutAnomaly
0.9463333333333334,0.5,0.0,0.0,0.0,0.7992819621990946,0.3117386155717836,0.3117386155717836,0.0,0.0,1.0,0,0,8517,483,0.04324653844882144,483000,53.666666666666664,0.675,0.0,Hybrid_WithoutAnomaly
0.9463333333333334,0.5,0.0,0.0,0.0,0.7992819621990946,0.3117386155717836,0.3117386155717836,0.0,0.0,1.0,0,0,8517,483,0.04324653844882144,483000,53.666666666666664,0.685,0.0,Hybrid_WithoutAnomaly
0.9463333333333334,0.5,0.0,0.0,0.0,0.7992819621990946,0.3117386155717836,0.3117386155717836,0.0,0.0,1.0,0,0,8517,483,0.04324653844882144,483000,53.666666666666664,0.6950000000000001,0.0,Hybrid_WithoutAnomaly
0.9463333333333334,0.5,0.0,0.0,0.0,0.7992819621990946,0.3117386155717836,0.3117386155717836,0.0,0.0,1.0,0,0,8517,483,0.04324653844882144,483000,53.666666666666664,0.7050000000000001,0.0,Hybrid_WithoutAnomaly
0.9463333333333334,0.5,0.0,0.0,0.0,0.7992819621990946,0.3117386155717836,0.3117386155717836,0.0,0.0,1.0,0,0,8517,483,0.04324653844882144,483000,53.666666666666664,0.715,0.0,Hybrid_WithoutAnomaly
0.9463333333333334,0.5,0.0,0.0,0.0,0.7992819621990946,0.3117386155717836,0.3117386155717836,0.0,0.0,1.0,0,0,8517,483,0.04324653844882144,483000,53.666666666666664,0.725,0.0,Hybrid_WithoutAnomaly
0.9463333333333334,0.5,0.0,0.0,0.0,0.7992819621990946,0.3117386155717836,0.3117386155717836,0.0,0.0,1.0,0,0,8517,483,0.04324653844882144,483000,53.666666666666664,0.735,0.0,Hybrid_WithoutAnomaly
0.9463333333333334,0.5,0.0,0.0,0.0,0.7992819621990946,0.3117386155717836,0.3117386155717836,0.0,0.0,1.0,0,0,8517,483,0.04324653844882144,483000,53.666666666666664,0.745,0.0,Hybrid_WithoutAnomaly
0.9463333333333334,0.5,0.0,0.0,0.0,0.7992819621990946,0.3117386155717836,0.3117386155717836,0.0,0.0,1.0,0,0,8517,483,0.04324653844882144,483000,53.666666666666664,0.755,0.0,Hybrid_WithoutAnomaly
0.9463333333333334,0.5,0.0,0.0,0.0,0.7992819621990946,0.3117386155717836,0.3117386155717836,0.0,0.0,1.0,0,0,8517,483,0.04324653844882144,483000,53.666666666666664,0.765,0.0,Hybrid_WithoutAnomaly
0.9463333333333334,0.5,0.0,0.0,0.0,0.7992819621990946,0.3117386155717836,0.3117386155717836,0.0,0.0,1.0,0,0,8517,483,0.04324653844882144,483000,53.666666666666664,0.775,0.0,Hybrid_WithoutAnomaly
0.9463333333333334,0.5,0.0,0.0,0.0,0.7992819621990946,0.3117386155717836,0.3117386155717836,0.0,0.0,1.0,0,0,8517,483,0.04324653844882144,483000,53.666666666666664,0.785,0.0,Hybrid_WithoutAnomaly
0.9463333333333334,0.5,0.0,0.0,0.0,0.7992819621990946,0.3117386155717836,0.3117386155717836,0.0,0.0,1.0,0,0,8517,483,0.04324653844882144,483000,53.666666666666664,0.795,0.0,Hybrid_WithoutAnomaly
0.9463333333333334,0.5,0.0,0.0,0.0,0.7992819621990946,0.3117386155717836,0.3117386155717836,0.0,0.0,1.0,0,0,8517,483,0.04324653844882144,483000,53.666666666666664,0.805,0.0,Hybrid_WithoutAnomaly
0.9463333333333334,0.5,0.0,0.0,0.0,0.7992819621990946,0.3117386155717836,0.3117386155717836,0.0,0.0,1.0,0,0,8517,483,0.04324653844882144,483000,53.666666666666664,0.8150000000000001,0.0,Hybrid_WithoutAnomaly
0.9463333333333334,0.5,0.0,0.0,0.0,0.7992819621990946,0.3117386155717836,0.3117386155717836,0.0,0.0,1.0,0,0,8517,483,0.04324653844882144,483000,53.666666666666664,0.8250000000000001,0.0,Hybrid_WithoutAnomaly
0.9463333333333334,0.5,0.0,0.0,0.0,0.7992819621990946,0.3117386155717836,0.3117386155717836,0.0,0.0,1.0,0,0,8517,483,0.04324653844882144,483000,53.666666666666664,0.8350000000000001,0.0,Hybrid_WithoutAnomaly
0.9463333333333334,0.5,0.0,0.0,0.0,0.7992819621990946,0.3117386155717836,0.3117386155717836,0.0,0.0,1.0,0,0,8517,483,0.04324653844882144,483000,53.666666666666664,0.845,0.0,Hybrid_WithoutAnomaly
0.9463333333333334,0.5,0.0,0.0,0.0,0.7992819621990946,0.3117386155717836,0.3117386155717836,0.0,0.0,1.0,0,0,8517,483,0.04324653844882144,483000,53.666666666666664,0.855,0.0,Hybrid_WithoutAnomaly
0.9463333333333334,0.5,0.0,0.0,0.0,0.7992819621990946,0.3117386155717836,0.3117386155717836,0.0,0.0,1.0,0,0,8517,483,0.04324653844882144,483000,53.666666666666664,0.865,0.0,Hybrid_WithoutAnomaly
0.9463333333333334,0.5,0.0,0.0,0.0,0.7992819621990946,0.3117386155717836,0.3117386155717836,0.0,0.0,1.0,0,0,8517,483,0.04324653844882144,483000,53.666666666666664,0.875,0.0,Hybrid_WithoutAnomaly
0.9463333333333334,0.5,0.0,0.0,0.0,0.7992819621990946,0.3117386155717836,0.3117386155717836,0.0,0.0,1.0,0,0,8517,483,0.04324653844882144,483000,53.666666666666664,0.885,0.0,Hybrid_WithoutAnomaly
0.9463333333333334,0.5,0.0,0.0,0.0,0.7992819621990946,0.3117386155717836,0.3117386155717836,0.0,0.0,1.0,0,0,8517,483,0.04324653844882144,483000,53.666666666666664,0.895,0.0,Hybrid_WithoutAnomaly
0.9463333333333334,0.5,0.0,0.0,0.0,0.7992819621990946,0.3117386155717836,0.3117386155717836,0.0,0.0,1.0,0,0,8517,483,0.04324653844882144,483000,53.666666666666664,0.905,0.0,Hybrid_WithoutAnomaly
0.9463333333333334,0.5,0.0,0.0,0.0,0.7992819621990946,0.3117386155717836,0.3117386155717836,0.0,0.0,1.0,0,0,8517,483,0.04324653844882144,483000,53.666666666666664,0.915,0.0,Hybrid_WithoutAnomaly
0.9463333333333334,0.5,0.0,0.0,0.0,0.7992819621990946,0.3117386155717836,0.3117386155717836,0.0,0.0,1.0,0,0,8517,483,0.04324653844882144,483000,53.666666666666664,0.925,0.0,Hybrid_WithoutAnomaly
0.9463333333333334,0.5,0.0,0.0,0.0,0.7992819621990946,0.3117386155717836,0.3117386155717836,0.0,0.0,1.0,0,0,8517,483,0.04324653844882144,483000,53.666666666666664,0.935,0.0,Hybrid_WithoutAnomaly
0.9463333333333334,0.5,0.0,0.0,0.0,0.7992819621990946,0.3117386155717836,0.3117386155717836,0.0,0.0,1.0,0,0,8517,483,0.04324653844882144,483000,53.666666666666664,0.9450000000000001,0.0,Hybrid_WithoutAnomaly
0.9463333333333334,0.5,0.0,0.0,0.0,0.7992819621990946,0.3117386155717836,0.3117386155717836,0.0,0.0,1.0,0,0,8517,483,0.04324653844882144,483000,53.666666666666664,0.9550000000000001,0.0,Hybrid_WithoutAnomaly
0.9463333333333334,0.5,0.0,0.0,0.0,0.7992819621990946,0.3117386155717836,0.3117386155717836,0.0,0.0,1.0,0,0,8517,483,0.04324653844882144,483000,53.666666666666664,0.965,0.0,Hybrid_WithoutAnomaly
0.9463333333333334,0.5,0.0,0.0,0.0,0.7992819621990946,0.3117386155717836,0.3117386155717836,0.0,0.0,1.0,0,0,8517,483,0.04324653844882144,483000,53.666666666666664,0.975,0.0,Hybrid_WithoutAnomaly
0.9463333333333334,0.5,0.0,0.0,0.0,0.7992819621990946,0.3117386155717836,0.3117386155717836,0.0,0.0,1.0,0,0,8517,483,0.04324653844882144,483000,53.666666666666664,0.985,0.0,Hybrid_WithoutAnomaly
0.9463333333333334,0.5,0.0,0.0,0.0,0.7992819621990946,0.3117386155717836,0.3117386155717836,0.0,0.0,1.0,0,0,8517,483,0.04324653844882144,483000,53.666666666666664,0.995,0.0,Hybrid_WithoutAnomaly
0.9463333333333334,0.5,0.0,0.0,0.0,0.7992819621990946,0.3117386155717836,0.3117386155717836,0.0,0.0,1.0,0,0,8517,483,0.04324653844882144,483000,53.666666666666664,1.000001,0.0,Hybrid_WithoutAnomaly
0.05366666666666667,0.5,0.05366666666666667,1.0,0.1018664979436887,0.7991536109366945,0.3104872625721675,0.3104872625721675,0.0,1.0,0.0,483,8517,0,0,0.04326773739823995,170340,18.926666666666666,0.005,1.0,Hybrid_WithoutGraph
0.05366666666666667,0.5,0.05366666666666667,1.0,0.1018664979436887,0.7991536109366945,0.3104872625721675,0.3104872625721675,0.0,1.0,0.0,483,8517,0,0,0.04326773739823995,170340,18.926666666666666,0.006361938095558927,1.0,Hybrid_WithoutGraph
0.06555555555555556,0.5033520828274033,0.05401147743895578,0.9937888198757764,0.10245464247598718,0.7991536109366945,0.3104872625721675,0.3104872625721675,0.013568905380001472,0.9870846542209698,0.006211180124223602,480,8407,110,3,0.04326773739823995,171140,19.015555555555554,0.0087909934392511,0.9874444444444445,Hybrid_WithoutGraph
0.07777777777777778,0.5088332651467251,0.054586894586894585,0.9917184265010351,0.10347807301793042,0.7991536109366945,0.3104872625721675,0.3104872625721675,0.02550077208994691,0.9740518962075848,0.008281573498964804,479,8296,221,4,0.04326773739823995,169920,18.88,0.009442520695644618,0.975,Hybrid_WithoutGraph
0.08966666666666667,0.5121853479741285,0.05495266682059571,0.9855072463768116,0.10410060142154184,0.7991536109366945,0.3104872625721675,0.3104872625721675,0.02888799369096423,0.9611365504285546,0.014492753623188406,476,8186,331,7,0.04326773739823995,170720,18.968888888888888,0.00996550615059115,0.9624444444444444,Hybrid_WithoutGraph
0.10166666666666667,0.5165726274889023,0.05543859649122807,0.9813664596273292,0.10494852208568581,0.7991536109366945,0.3104872625721675,0.3104872625721675,0.03427274889408916,0.9482212046495245,0.018633540372670808,474,8076,441,9,0.04326773739823995,170520,18.946666666666665,0.010370610318399488,0.95,Hybrid_WithoutGraph
0.11422222222222222,0.5232064187299497,0.05618110702856466,0.9813664596273292,0.10627802690582962,0.7991536109366945,0.3104872625721675,0.3104872625721675,0.0431923453511737,0.9349536221674298,0.018633540372670808,474,7963,554,9,0.04326773739823995,168260,18.695555555555554,0.010744611388939928,0.9374444444444444,Hybrid_WithoutGraph
0.12666666666666668,0.5297815038538196,0.05693693693693694,0.9813664596273292,0.10762942779291552,0.7991536109366945,0.3104872625721675,0.3104872625721675,0.050962356475366045,0.92180345191969,0.018633540372670808,474,7851,666,9,0.04326773739823995,166020,18.446666666666665,0.01112894557320585,0.925,Hybrid_WithoutGraph
0.13922222222222222,0.5364152950948669,0.05772040915733073,0.9813664596273292,0.10902817711328348,0.7991536109366945,0.3104872625721675,0.3104872625721675,0.05806883848815507,0.9085358694375953,0.018633540372670808,474,7738,779,9,0.04326773739823995,163760,18.195555555555554,0.011380169673197594,0.9124444444444444,Hybrid_WithoutGraph
0.15122222222222223,0.5408025746096408,0.058271604938271604,0.9772256728778468,0.10998485378072935,0.7991536109366945,0.3104872625721675,0.3104872625721675,0.06130144164698752,0.8956205236585653,0.022774327122153208,472,7628,889,11,0.04326773739823995,163560,18.173333333333332,0.011735298604354825,0.9,Hybrid_WithoutGraph
0.16333333333333333,0.5452485602415921,0.05884562413922624,0.9730848861283644,0.11097992916174734,0.7991536109366945,0.3104872625721675,0.3104872625721675,0.06452902226177619,0.8825877656451803,0.026915113871635612,470,7517,1000,13,0.04326773739823995,163340,18.148888888888887,0.012076499061203769,0.8874444444444445,Hybrid_WithoutGraph
0.17533333333333334,0.549635839756366,0.05942857142857143,0.968944099378882,0.11198851399856424,0.7991536109366945,0.3104872625721675,0.3104872625721675,0.06764578111939833,0.8696724198661501,0.031055900621118012,468,7407,1110,15,0.04326773739823995,163140,18.126666666666665,0.012434925873136719,0.875,Hybrid_WithoutGraph
0.18744444444444444,0.5540818253883173,0.06003607317701623,0.9648033126293996,0.11303820497271073,0.7991536109366945,0.3104872625721675,0.3104872625721675,0.07077030784519109,0.8566396618527651,0.035196687370600416,466,7296,1221,17,0.04326773739823995,162920,18.102222222222224,0.012697223093636315,0.8624444444444445,Hybrid_WithoutGraph
0.19966666666666666,0.5595630077076392,0.060784313725490195,0.9627329192546584,0.11434894872740688,0.7991536109366945,0.3104872625721675,0.3104872625721675,0.07518408223597697,0.8436069038393801,0.037267080745341616,465,7185,1332,18,0.04326773739823995,161700,17.966666666666665,0.01299495975791503,0.85,Hybrid_WithoutGraph
0.21222222222222223,0.5661967989486865,0.06169563486798461,0.9627329192546584,0.11596009975062344,0.7991536109366945,0.3104872625721675,0.3104872625721675,0.0808653467076228,0.8303393213572854,0.037267080745341616,465,7072,1445,18,0.04326773739823995,159440,17.715555555555557,0.013275891994010046,0.8374444444444444,Hybrid_WithoutGraph
0.2242222222222222,0.5705840784634604,0.062356902356902354,0.9585921325051759,0.1170966110268083,0.7991536109366945,0.3104872625721675,0.3104872625721675,0.08372692195980656,0.8174239755782553,0.041407867494824016,463,6962,1555,20,0.04326773739823995,159240,17.69333333333333,0.013613391804105104,0.825,Hybrid_WithoutGraph
0.23677777777777778,0.5772178697045076,0.06332056892778994,0.9585921325051759,0.11879409878127005,0.7991536109366945,0.3104872625721675,0.3104872625721675,0.08915801446417135,0.8041563930961606,0.041407867494824016,463,6849,1668,20,0.04326773739823995,156980,17.442222222222224,0.013933708528818329,0.8124444444444444,Hybrid_WithoutGraph
0.24855555555555556,0.5805112464147335,0.06388888888888888,0.9523809523809523,0.11974489131849536,0.7991536109366945,0.3104872625721675,0.3104872625721675,0.09071955975639975,0.7913584595514853,0.047619047619047616,460,6740,1777,23,0.04326773739823995,157800,17.533333333333335,0.01416068443483492,0.8,Hybrid_WithoutGraph
0.2608888888888889,0.5860511348512328,0.06476647382531396,0.9503105590062112,0.12126816380449143,0.7991536109366945,0.3104872625721675,0.3104872625721675,0.09480140754568418,0.7782082893037454,0.049689440993788817,459,6628,1889,24,0.04326773739823995,156560,17.395555555555557,0.014401609043011432,0.7874444444444444,Hybrid_WithoutGraph
0.27311111111111114,0.5915323171705548,0.06566308243727599,0.94824016563147,0.1228211316706892,0.7991536109366945,0.3104872625721675,0.3104872625721675,0.09879539949816635,0.7651755312903604,0.051759834368530024,458,6517,2000,25,0.04326773739823995,155340,17.26,0.014682306398748799,0.775,Hybrid_WithoutGraph
0.28544444444444445,0.5970722056070541,0.06659865928300787,0.9461697722567288,0.12443839346494213,0.7991536109366945,0.3104872625721675,0.3104872625721675,0.10280460643960676,0.7520253610426206,0.053830227743271224,457,6405,2112,26,0.04326773739823995,154100,17.122222222222224,0.014957309566713038,0.7624444444444445,Hybrid_WithoutGraph
0.2878888888888889,0.5973872496147639,0.06668616554548114,0.9440993788819876,0.12457314574511678,0.7991536109366945,0.3104872625721675,0.3104872625721675,0.10274402906424977,0.7493248796524598,0.055900621118012424,456,6382,2135,27,0.04326773739823995,154640,17.182222222222222,0.015,0.7597777777777778,Hybrid_WithoutGraph
0.29744444444444446,0.6014594851218279,0.0674074074074074,0.9420289855072463,0.1258122494124153,0.7991536109366945,0.3104872625721675,0.3104872625721675,0.10560789670277808,0.7391100152635904,0.057971014492753624,455,6295,2222,28,0.04326773739823995,153900,17.1,0.015221394522970805,0.75,Hybrid_WithoutGraph
0.3091111111111111,0.6037176651446833,0.06795238812716589,0.9337474120082816,0.12668539325842695,0.7991536109366945,0.3104872625721675,0.3104872625721675,0.10623847954017616,0.7263120817189151,0.06625258799171843,451,6186,2331,32,0.04326773739823995,155720,17.302222222222223,0.015477997417137282,0.7374444444444445,Hybrid_WithoutGraph
0.3211111111111111,0.6081049446594571,0.06881226053639847,0.9296066252587992,0.1281392694063927,0.7991536109366945,0.3104872625721675,0.3104872625721675,0.10912256952193193,0.713396735939885,0.07039337474120083,449,6076,2441,34,0.04326773739823995,155520,17.28,0.015767122678154204,0.725,Hybrid_WithoutGraph
0.33344444444444443,0.6136448330959564,0.06986899563318777,0.927536231884058,0.12994923857868018,0.7991536109366945,0.3104872625721675,0.3104872625721675,0.11316644858521445,0.7002465656921452,0.07246376811594203,448,5964,2553,35,0.04326773739823995,154280,17.142222222222223,0.016018770151649576,0.7124444444444444,Hybrid_WithoutGraph
0.34544444444444444,0.6180321126107303,0.0707936507936508,0.9233954451345756,0.13150523367241632,0.7991536109366945,0.3104872625721675,0.3104872625721675,0.11609002596141729,0.687331219913115,0.07660455486542443,446,5854,2663,37,0.04326773739823995,154080,17.12,0.016295680951792294,0.7,Hybrid_WithoutGraph
0.35755555555555557,0.6224780982426816,0.07176337481816712,0.9192546583850931,0.1331334332833583,0.7991536109366945,0.3104872625721675,0.3104872625721675,0.11909139839999797,0.67429846189973,0.08074534161490683,444,5743,2774,39,0.04326773739823995,153860,17.095555555555556,0.016553050316136055,0.6874444444444444,Hybrid_WithoutGraph
0.3695555555555556,0.6268653777574555,0.07275720164609054,0.9151138716356108,0.13479719426654468,0.7991536109366945,0.3104872625721675,0.3104872625721675,0.12208264367932271,0.6613831161206998,0.08488612836438923,442,5633,2884,41,0.04326773739823995,153660,17.073333333333334,0.016823845060819815,0.675,Hybrid_WithoutGraph
0.38166666666666665,0.6313113633894067,0.07380073800738007,0.9109730848861284,0.1365399534522886,0.7991536109366945,0.3104872625721675,0.3104872625721675,0.12515820462503618,0.6483503581073148,0.08902691511387163,440,5522,2995,43,0.04326773739823995,153440,17.04888888888889,0.017135098853423084,0.6624444444444444,Hybrid_WithoutGraph
0.39344444444444443,0.6346047400996326,0.0747008547008547,0.9047619047619048,0.13800726354018633,0.7991536109366945,0.3104872625721675,0.3104872625721675,0.12719616826099045,0.6355524245626394,0.09523809523809523,437,5413,3104,46,0.04326773739823995,154260,17.14,0.017405508637064408,0.65,Hybrid_WithoutGraph
0.406,0.64123853134068,0.07617221544361165,0.9047619047619048,0.1405144694533762,0.7991536109366945,0.3104872625721675,0.3104872625721675,0.132418637742127,0.6222848420805448,0.09523809523809523,437,5300,3217,46,0.04326773739823995,152000,16.88888888888889,0.01770333904387583,0.6374444444444445,Hybrid_WithoutGraph
0.4177777777777778,0.6445319080509059,0.07715555555555556,0.8985507246376812,0.1421087098886706,0.7991536109366945,0.3104872625721675,0.3104872625721675,0.13455891258194844,0.6094869085358694,0.10144927536231885,434,5191,3326,49,0.04326773739823995,152820,16.98,0.01804451804383086,0.625,Hybrid_WithoutGraph
0.4298888888888889,0.6489778936828572,0.0783744557329463,0.8944099378881988,0.14412010008340284,0.7991536109366945,0.3104872625721675,0.3104872625721675,0.13782432424755756,0.5964541505224844,0.10559006211180125,432,5080,3437,51,0.04326773739823995,152600,16.955555555555556,0.018435588624965506,0.6124444444444445,Hybrid_WithoutGraph
0.4414444444444444,0.6511773675885351,0.07925925925925927,0.8861283643892339,0.14550399456059834,0.7991536109366945,0.3104872625721675,0.3104872625721675,0.1390866776135297,0.5837736292121639,0.11387163561076605,428,4972,3545,55,0.04326773739823995,154440,17.16,0.018806745612379033,0.6,Hybrid_WithoutGraph
0.4533333333333333,0.6545294504159382,0.08038585209003216,0.8799171842650103,0.14731369150779897,0.7991536109366945,0.3104872625721675,0.3104872625721675,0.14147868511429104,0.5708582834331337,0.12008281573498965,425,4862,3655,58,0.04326773739823995,155240,17.24888888888889,0.019236326297149758,0.5874444444444444,Hybrid_WithoutGraph
0.4651111111111111,0.6578228271261641,0.08154589371980676,0.8737060041407867,0.14916931778013431,0.7991536109366945,0.3104872625721675,0.3104872625721675,0.14389503415572322,0.5580603498884584,0.12629399585921325,422,4753,3764,61,0.04326773739823995,156060,17.34,0.019625499840491705,0.575,Hybrid_WithoutGraph
0.47744444444444445,0.6633627155626635,0.08316870802054524,0.8716356107660456,0.15184851217312897,0.7991536109366945,0.3104872625721675,0.3104872625721675,0.1484228964031187,0.5449101796407185,0.12836438923395446,421,4641,3876,62,0.04326773739823995,154820,17.202222222222222,0.0200549354554332,0.5624444444444444,Hybrid_WithoutGraph
0.48966666666666664,0.6688438978819854,0.08484848484848485,0.8695652173913043,0.15461071231363888,0.7991536109366945,0.3104872625721675,0.3104872625721675,0.1529685476003416,0.5318774216273335,0.13043478260869565,420,4530,3987,63,0.04326773739823995,153600,17.066666666666666,0.020551072408271646,0.55,Hybrid_WithoutGraph
0.5017777777777778,0.6732898835139367,0.08641720074426297,0.865424430641822,0.15714285714285714,0.7991536109366945,0.3104872625721675,0.3104872625721675,0.156649439507066,0.5188446636139485,0.13457556935817805,418,4419,4098,65,0.04326773739823995,153380,17.04222222222222,0.02114451314027535,0.5374444444444444,Hybrid_WithoutGraph
0.5135555555555555,0.6765832602241626,0.08783068783068783,0.8592132505175983,0.15937019969278035,0.7991536109366945,0.3104872625721675,0.3104872625721675,0.1593776612427244,0.5060467300692733,0.14078674948240166,415,4310,4207,68,0.04326773739823995,154200,17.133333333333333,0.0216215585613509,0.525,Hybrid_WithoutGraph
0.5256666666666666,0.6810292458561138,0.08954900260190807,0.855072463768116,0.1621197252208047,0.7991536109366945,0.3104872625721675,0.3104872625721675,0.16323664799177284,0.4930139720558882,0.14492753623188406,413,4199,4318,70,0.04326773739823995,153980,17.108888888888888,0.022180469818208957,0.5124444444444445,Hybrid_WithoutGraph
0.5372222222222223,0.6832287197617917,0.0908888888888889,0.8467908902691511,0.16415813766807147,0.7991536109366945,0.3104872625721675,0.3104872625721675,0.16516876368692346,0.4803334507455677,0.15320910973084886,409,4091,4426,74,0.04326773739823995,155820,17.313333333333333,0.022749975771036678,0.5,Hybrid_WithoutGraph
0.549,0.6865220964720176,0.09252506836827712,0.8405797101449275,0.16670088277561076,0.7991536109366945,0.3104872625721675,0.3104872625721675,0.16818962958443956,0.4675355172008923,0.15942028985507245,406,3982,4535,77,0.04326773739823995,156640,17.404444444444444,0.023511311427479465,0.4875555555555556,Hybrid_WithoutGraph
0.5608888888888889,0.6898741792994209,0.09426900584795321,0.8343685300207039,0.16939890710382513,0.7991536109366945,0.3104872625721675,0.3104872625721675,0.17137356388543218,0.4546201714218622,0.16563146997929606,403,3872,4645,80,0.04326773739823995,157440,17.493333333333332,0.024185924446976842,0.475,Hybrid_WithoutGraph
0.5726666666666667,0.6931675560096469,0.09608455440787893,0.8281573498964804,0.17219113215669393,0.7991536109366945,0.3104872625721675,0.3104872625721675,0.17461832604571714,0.44182223787718683,0.17184265010351968,400,3763,4754,83,0.04326773739823995,158260,17.584444444444443,0.02479606633632124,0.46255555555555555,Hybrid_WithoutGraph
0.575,0.6944003844703723,0.09657170449058426,0.8281573498964804,0.17297297297297298,0.7991536109366945,0.3104872625721675,0.3104872625721675,0.1757964908383973,0.4393565809557356,0.17184265010351968,400,3742,4775,83,0.04326773739823995,157840,17.537777777777777,0.025,0.4602222222222222,Hybrid_WithoutGraph
0.5845555555555556,0.69651963883705,0.09802469135802469,0.8219461697722568,0.17515993823075227,0.7991536109366945,0.3104872625721675,0.3104872625721675,0.1780421093385252,0.42890689209815663,0.17805383022774326,397,3653,4864,86,0.04326773739823995,159060,17.673333333333332,0.025617406305950448,0.45,Hybrid_WithoutGraph
0.5963333333333334,0.6998130155472759,0.10005078720162519,0.8157349896480331,0.1782402171454422,0.7991536109366945,0.3104872625721675,0.3104872625721675,0.18153974977963785,0.4161089585534813,0.18426501035196688,394,3544,4973,89,0.04326773739823995,159880,17.764444444444443,0.026667512645185742,0.43755555555555553,Hybrid_WithoutGraph
0.6073333333333333,0.6987894871564871,0.1011764705882353,0.8012422360248447,0.17966573816155987,0.7991536109366945,0.3104872625721675,0.3104872625721675,0.18124640500397715,0.4036632617118704,0.19875776397515527,387,3438,5079,96,0.04326773739823995,164760,18.30666666666667,0.027483219250858677,0.425,Hybrid_WithoutGraph
0.6193333333333333,0.703176766671261,0.10368973875572314,0.7971014492753623,0.18350810295519543,0.7991536109366945,0.3104872625721675,0.3104872625721675,0.1860174983930333,0.3907479159328402,0.2028985507246377,385,3328,5189,98,0.04326773739823995,164560,18.284444444444443,0.028396214167040662,0.41255555555555556,Hybrid_WithoutGraph
0.631,0.7054349466941163,0.10583333333333333,0.7888198757763976,0.18662747979426894,0.7991536109366945,0.3104872625721675,0.3104872625721675,0.18900490633734354,0.37794998238816485,0.2111801242236025,381,3219,5298,102,0.04326773739823995,166380,18.486666666666668,0.029308890901370847,0.4,Hybrid_WithoutGraph
0.6427777777777778,0.7087283234043422,0.10837155963302753,0.782608695652174,0.19038025686225132,0.7991536109366945,0.3104872625721675,0.3104872625721675,0.19310140191517167,0.3651520488434895,0.21739130434782608,378,3110,5407,105,0.04326773739823995,167200,18.57777777777778,0.03033559751912415,0.38755555555555554,Hybrid_WithoutGraph
0.6548888888888889,0.7131743090362934,0.11140740740740741,0.7784679089026915,0.19491964748574392,0.7991536109366945,0.3104872625721675,0.3104872625721675,0.1984648483588057,0.3521192908301045,0.22153209109730848,376,2999,5518,107,0.04326773739823995,166980,18.553333333333335,0.031260426912953033,0.375,Hybrid_WithoutGraph
0.6666666666666666,0.7164676857465194,0.11431198283787926,0.772256728778468,0.19914575547250402,0.7991536109366945,0.3104872625721675,0.3104872625721675,0.2029499725723142,0.3393213572854291,0.2277432712215321,373,2890,5627,110,0.04326773739823995,167800,18.644444444444446,0.032436908573567104,0.3625555555555556,Hybrid_WithoutGraph
0.6781111111111111,0.7176319629648267,0.11682539682539683,0.7619047619047619,0.20258739333883843,0.7991536109366945,0.3104872625721675,0.3104872625721675,0.20565361784253594,0.3266408359751086,0.23809523809523808,368,2782,5735,115,0.04326773739823995,170640,18.96,0.033411681081237064,0.35,Hybrid_WithoutGraph
0.6903333333333334,0.7231131452841486,0.12080315997366689,0.7598343685300207,0.2084635046861687,0.7991536109366945,0.3104872625721675,0.3104872625721675,0.21265821914588107,0.31360807796172363,0.2401656314699793,367,2671,5846,116,0.04326773739823995,169420,18.824444444444445,0.0347946265411998,0.33755555555555555,Hybrid_WithoutGraph
0.6927777777777778,0.7244046798620516,0.12168435013262599,0.7598343685300207,0.20977422120605888,0.7991536109366945,0.3104872625721675,0.3104872625721675,0.21427294237249242,0.3110250088059176,0.2401656314699793,367,2649,5868,116,0.04326773739823995,168980,18.775555555555556,0.034999999999999996,0.33511111111111114,Hybrid_WithoutGraph
0.7006666666666667,0.7188079084797158,0.12205128205128205,0.7391304347826086,0.20950704225352113,0.7991536109366945,0.3104872625721675,0.3104872625721675,0.2105590066993449,0.3015146178231772,0.2608695652173913,357,2568,5949,126,0.04326773739823995,177360,19.706666666666667,0.0359481045690773,0.325,Hybrid_WithoutGraph
0.7108888888888889,0.7144439655581056,0.12335584784927124,0.7184265010351967,0.21055825242718448,0.7991536109366945,0.3104872625721675,0.3104872625721675,0.20851427400638778,0.2895385699189856,0.2815734989648033,347,2466,6051,136,0.04326773739823995,185320,20.59111111111111,0.03705682127470243,0.31255555555555553,Hybrid_WithoutGraph
0.7227777777777777,0.7177960483855088,0.1274074074074074,0.7122153209109731,0.21614828777882503,0.7991536109366945,0.3104872625721675,0.3104872625721675,0.21421245754326398,0.2766232241399554,0.28778467908902694,344,2356,6161,139,0.04326773739823995,186120,20.68,0.03846524332964062,0.3,Hybrid_WithoutGraph
0.7338888888888889,0.7178077166820906,0.13060278207109738,0.6997929606625258,0.22012373819602735,0.7991536109366945,0.3104872625721675,0.3104872625721675,0.21689086164220683,0.2641775272983445,0.3002070393374741,338,2250,6267,145,0.04326773739823995,190000,21.11111111111111,0.03993958799367105,0.28755555555555556,Hybrid_WithoutGraph
0.7453333333333333,0.718971993900398,0.13454545454545455,0.6894409937888198,0.22515212981744426,0.7991536109366945,0.3104872625721675,0.3104872625721675,0.22103324415940018,0.25149700598802394,0.3105590062111801,333,2142,6375,150,0.04326773739823995,192840,21.426666666666666,0.04181395156873195,0.275,Hybrid_WithoutGraph
0.7571111111111111,0.7222653706106238,0.1396529834955565,0.6832298136645962,0.23190442726633875,0.7991536109366945,0.3104872625721675,0.3104872625721675,0.22766743731809594,0.2386990724433486,0.3167701863354037,330,2033,6484,153,0.04326773739823995,193660,21.517777777777777,0.04379155548368578,0.26255555555555554,Hybrid_WithoutGraph
0.7616666666666667,0.7227193402745112,0.14150129421915444,0.6790890269151139,0.23420207068903962,0.7991536109366945,0.3104872625721675,0.3104872625721675,0.22955928568397668,0.23365034636609136,0.32091097308488614,328,1990,6527,155,0.04326773739823995,194800,21.644444444444446,0.045,0.25755555555555554,Hybrid_WithoutGraph
0.7687777777777778,0.7245235506334791,0.1448888888888889,0.6749482401656315,0.23856567874130996,0.7991536109366945,0.3104872625721675,0.3104872625721675,0.23370372828296712,0.22590113889867325,0.3250517598343685,326,1924,6593,157,0.04326773739823995,195480,21.72,0.04676916297725481,0.25,Hybrid_WithoutGraph
0.7803333333333333,0.7267230245391569,0.15060804490177737,0.6666666666666666,0.2457077451354445,0.7991536109366945,0.3104872625721675,0.3104872625721675,0.24011168967249236,0.2132206175883527,0.3333333333333333,322,1816,6701,161,0.04326773739823995,197320,21.924444444444443,0.04989761718170591,0.23755555555555555,Hybrid_WithoutGraph
0.7913333333333333,0.7256994961483683,0.15555555555555556,0.6521739130434783,0.25119617224880386,0.7991536109366945,0.3104872625721675,0.3104872625721675,0.24360873380889358,0.2007749207467418,0.34782608695652173,315,1710,6807,168,0.04326773739823995,202200,22.466666666666665,0.05368751082243466,0.225,Hybrid_WithoutGraph
0.7961111111111111,0.7282238591869968,0.15893037336024218,0.6521739130434783,0.25557809330628806,0.7991536109366945,0.3104872625721675,0.3104872625721675,0.2482272308890899,0.19572619466948457,0.34782608695652173,315,1667,6850,168,0.04326773739823995,201340,22.371111111111112,0.055,0.22022222222222224,Hybrid_WithoutGraph
0.8037777777777778,0.7322745812722382,0.16466283324621014,0.6521739130434783,0.2629382303839733,0.7991536109366945,0.3104872625721675,0.3104872625721675,0.25589386217580035,0.18762475049900199,0.34782608695652173,315,1598,6919,168,0.04326773739823995,199960,22.217777777777776,0.057571617779048935,0.21255555555555555,Hybrid_WithoutGraph
0.8147777777777778,0.7312510528814493,0.1711111111111111,0.6376811594202898,0.26982041173893995,0.7991536109366945,0.3104872625721675,0.3104872625721675,0.260572213756833,0.1751790536573911,0.36231884057971014,308,1492,7025,175,0.04326773739823995,204840,22.76,0.06158898998571969,0.2,Hybrid_WithoutGraph
0.8218888888888889,0.7311022821000308,0.17592592592592593,0.629399585921325,0.27498869289914063,0.7991536109366945,0.3104872625721675,0.3104872625721675,0.2644553239640976,0.16719502172126335,0.37060041407867494,304,1424,7093,179,0.04326773739823995,207480,23.053333333333335,0.065,0.192,Hybrid_WithoutGraph
0.8261111111111111,0.7323566239825792,0.17950236966824645,0.6273291925465838,0.27913403961308153,0.7991536109366945,0.3104872625721675,0.3104872625721675,0.2682857649552002,0.1626159445814254,0.37267080745341613,303,1385,7132,180,0.04326773739823995,207700,23.07777777777778,0.06679022890417384,0.18755555555555556,Hybrid_WithoutGraph
0.8371111111111111,0.7313330955917905,0.18793650793650793,0.6128364389233955,0.28765792031098153,0.7991536109366945,0.3104872625721675,0.3104872625721675,0.274407606686557,0.1501702477398145,0.38716356107660455,296,1279,7238,187,0.04326773739823995,212580,23.62,0.07223662989578176,0.175,Hybrid_WithoutGraph
0.8426666666666667,0.7323154203102746,0.1932938856015779,0.6086956521739131,0.2934131736526946,0.7991536109366945,0.3104872625721675,0.3104872625721675,0.27940781478724686,0.14406481155336387,0.391304347826087,294,1227,7290,189,0.04326773739823995,213540,23.726666666666667,0.07500000000000001,0.169,Hybrid_WithoutGraph
0.848,0.7302508610838243,0.1975393028024607,0.598343685300207,0.2970195272353546,0.7991536109366945,0.3104872625721675,0.3104872625721675,0.28127214619101465,0.13784196313255842,0.40165631469979296,289,1174,7343,194,0.04326773739823995,217480,24.164444444444445,0.07919535267264546,0.16255555555555556,Hybrid_WithoutGraph
0.857,0.7291471131540355,0.20656934306569344,0.5859213250517599,0.30545062061521855,0.7991536109366945,0.3104872625721675,0.3104872625721675,0.28750057815806646,0.1276270987436891,0.4140786749482402,283,1087,7430,200,0.04326773739823995,221740,24.637777777777778,0.085,0.15222222222222223,Hybrid_WithoutGraph
0.8587777777777778,0.7281334298884875,0.20814814814814814,0.5817805383022774,0.30660120021822146,0.7991536109366945,0.3104872625721675,0.3104872625721675,0.28796401010675843,0.12551367852530235,0.41821946169772256,281,1069,7448,202,0.04326773739823995,223380,24.82,0.08687701543825536,0.15,Hybrid_WithoutGraph
0.8665555555555555,0.7215014618187812,0.21462639109697934,0.5590062111801242,0.31016657093624356,0.7991536109366945,0.3104872625721675,0.3104872625721675,0.28790988586008187,0.11600328754256194,0.4409937888198758,270,988,7529,213,0.04326773739823995,232760,25.862222222222222,0.095,0.13977777777777778,Hybrid_WithoutGraph
0.8687777777777778,0.7226755841623294,0.21809369951534732,0.5590062111801242,0.31377106333527016,0.7991536109366945,0.3104872625721675,0.3104872625721675,0.2913884567990196,0.11365504285546554,0.4409937888198758,270,968,7549,213,0.04326773739823995,232360,25.817777777777778,0.09671313557215266,0.13755555555555554,Hybrid_WithoutGraph
0.8755555555555555,0.7233271855995718,0.22801024765157984,0.5527950310559007,0.3228536880290206,0.7991536109366945,0.3104872625721675,0.3104872625721675,0.29919675811841095,0.10614065985675708,0.4472049689440994,267,904,7613,216,0.04326773739823995,234080,26.00888888888889,0.10500000000000001,0.13011111111111112,Hybrid_WithoutGraph
0.8793333333333333,0.7194642501624446,0.232,0.5403726708074534,0.32462686567164184,0.7991536109366945,0.3104872625721675,0.3104872625721675,0.2990949826353563,0.10144417048256428,0.45962732919254656,261,864,7653,222,0.04326773739823995,239280,26.586666666666666,0.10949933529237392,0.125,Hybrid_WithoutGraph
0.8858888888888888,0.7209749299355254,0.243879472693032,0.5362318840579711,0.3352750809061489,0.7991536109366945,0.3104872625721675,0.3104872625721675,0.30872520229450295,0.09428202418692028,0.463768115942029,259,803,7714,224,0.04326773739823995,240060,26.673333333333332,0.115,0.118,Hybrid_WithoutGraph
0.8904444444444445,0.7194759184590265,0.25172754195459035,0.5279503105590062,0.34090909090909094,0.7991536109366945,0.3104872625721675,0.3104872625721675,0.3129948522682095,0.08899847364095338,0.4720496894409938,255,758,7759,228,0.04326773739823995,243160,27.017777777777777,0.12101762288483173,0.11255555555555556,Hybrid_WithoutGraph
0.8935555555555555,0.7181902180294143,0.2574055158324821,0.5217391304347826,0.3447332421340629,0.7991536109366945,0.3104872625721675,0.3104872625721675,0.31584685502185056,0.08535869437595398,0.4782608695652174,252,727,7790,231,0.04326773739823995,245540,27.282222222222224,0.125,0.10877777777777778,Hybrid_WithoutGraph
0.901,0.7162645844591415,0.2733333333333333,0.5093167701863354,0.3557483731019523,0.7991536109366945,0.3104872625721675,0.3104872625721675,0.32491407543188827,0.07678760126805213,0.4906832298136646,246,654,7863,237,0.04326773739823995,250080,27.786666666666665,0.13399234417333092,0.1,Hybrid_WithoutGraph
0.9015555555555556,0.7165581150450286,0.2748603351955307,0.5093167701863354,0.3570391872278665,0.7991536109366945,0.3104872625721675,0.3104872625721675,0.32616196884285126,0.07620054009627804,0.4906832298136646,246,649,7868,237,0.04326773739823995,249980,27.775555555555556,0.135,0.09944444444444445,Hybrid_WithoutGraph
0.9081111111111111,0.7122098513969504,0.29024390243902437,0.4927536231884058,0.36531082118188796,0.7991536109366945,0.3104872625721675,0.3104872625721675,0.3323753807772052,0.0683339203945051,0.5072463768115942,238,582,7935,245,0.04326773739823995,256640,28.515555555555554,0.14500000000000002,0.09111111111111111,Hybrid_WithoutGraph
0.9107777777777778,0.7097128359284355,0.2969543147208122,0.484472049689441,0.3682140047206923,0.7991536109366945,0.3104872625721675,0.3104872625721675,0.33441389851974207,0.06504637783257015,0.515527950310559,234,554,7963,249,0.04326773739823995,260080,28.897777777777776,0.14939304759186084,0.08755555555555555,Hybrid_WithoutGraph
0.9136666666666666,0.7073332326942753,0.3050397877984085,0.47619047619047616,0.3718674211802749,0.7991536109366945,0.3104872625721675,0.3104872625721675,0.3372938834320741,0.06152401080192556,0.5238095238095238,230,524,7993,253,0.04326773739823995,263480,29.275555555555556,0.155,0.08377777777777778,Hybrid_WithoutGraph
0.9185555555555556,0.7060103395693086,0.32193732193732194,0.46790890269151136,0.3814345991561181,0.7991536109366945,0.3104872625721675,0.3104872625721675,0.3462427044543001,0.05588822355289421,0.5320910973084886,226,476,8041,257,0.04326773739823995,266520,29.613333333333333,0.165,0.078,Hybrid_WithoutGraph
0.9202222222222223,0.7010319879058107,0.32592592592592595,0.4554865424430642,0.3799654576856649,0.7991536109366945,0.3104872625721675,0.3104872625721675,0.3440076055559374,0.053422566631443,0.5445134575569358,220,455,8062,263,0.04326773739823995,272100,30.233333333333334,0.17055629029974298,0.075,Hybrid_WithoutGraph
0.9224444444444444,0.7022061102493589,0.33587786259541985,0.4554865424430642,0.3866432337434095,0.7991536109366945,0.3104872625721675,0.3104872625721675,0.3508385755845442,0.0510743219443466,0.5445134575569358,220,435,8082,263,0.04326773739823995,271700,30.18888888888889,0.17500000000000002,0.07277777777777777,Hybrid_WithoutGraph
0.9266666666666666,0.7015074709915208,0.35515548281505727,0.4492753623188406,0.396709323583181,0.7991536109366945,0.3104872625721675,0.3104872625721675,0.3610458312075543,0.04626042033579899,0.5507246376811594,217,394,8123,266,0.04326773739823995,273880,30.43111111111111,0.185,0.06788888888888889,Hybrid_WithoutGraph
0.9298888888888889,0.6963745143983133,0.36971830985915494,0.43478260869565216,0.39961941008563273,0.7991536109366945,0.3104872625721675,0.3104872625721675,0.36399258951342545,0.04203357989902548,0.5652173913043478,210,358,8159,273,0.04326773739823995,280160,31.128888888888888,0.195,0.06311111111111112,Hybrid_WithoutGraph
0.9304444444444444,0.6966680449842004,0.37300177619893427,0.43478260869565216,0.401529636711281,0.7991536109366945,0.3104872625721675,0.3104872625721675,0.36604330109474714,0.04144651872725138,0.5652173913043478,210,353,8164,273,0.04326773739823995,280060,31.11777777777778,0.196683044535304,0.06255555555555556,Hybrid_WithoutGraph
0.9328888888888889,0.6930771267111374,0.3860640301318267,0.4244306418219462,0.40433925049309666,0.7991536109366945,0.3104872625721675,0.3104872625721675,0.36932982895973576,0.03827638839967125,0.5755693581780539,205,326,8191,278,0.04326773739823995,284520,31.613333333333333,0.20500000000000002,0.059,Hybrid_WithoutGraph
0.9351111111111111,0.6874158150633334,0.3983903420523139,0.40993788819875776,0.4040816326530612,0.7991536109366945,0.3104872625721675,0.3104872625721675,0.36981867371460303,0.03510625807209111,0.5900621118012422,198,299,8218,285,0.04326773739823995,290980,32.33111111111111,0.215,0.05522222222222222,Hybrid_WithoutGraph
0.9377777777777778,0.6790598561736593,0.41501103752759383,0.38923395445134573,0.40170940170940167,0.7991536109366945,0.3104872625721675,0.3104872625721675,0.369138346894714,0.03111424210402724,0.6107660455486542,188,265,8252,295,0.04326773739823995,300300,33.36666666666667,0.225,0.050333333333333334,Hybrid_WithoutGraph
0.9378888888888889,0.6781420717206434,0.41555555555555557,0.38716356107660455,0.4008574490889603,0.7991536109366945,0.3104872625721675,0.3104872625721675,0.3684037727658363,0.0308794176353176,0.6128364389233955,187,263,8254,296,0.04326773739823995,301260,33.473333333333336,0.2263426184919463,0.05,Hybrid_WithoutGraph
0.9382222222222222,0.6675767938000505,0.41411764705882353,0.36438923395445133,0.3876651982378854,0.7991536109366945,0.3104872625721675,0.3104872625721675,0.35608135361135707,0.029235646354350123,0.6356107660455487,176,249,8268,307,0.04326773739823995,311980,34.66444444444444,0.23500000000000001,0.04722222222222222,Hybrid_WithoutGraph
0.9397777777777778,0.6644927171597615,0.4267990074441687,0.35610766045548653,0.3882618510158013,0.7991536109366945,0.3104872625721675,0.3104872625721675,0.358482180661498,0.02712222613596337,0.6438923395445134,172,231,8286,311,0.04326773739823995,315620,35.068888888888885,0.245,0.04477777777777778,Hybrid_WithoutGraph
0.941,0.6602560315977472,0.43717277486910994,0.34575569358178054,0.38612716763005783,0.7991536109366945,0.3104872625721675,0.3104872625721675,0.35828311587673717,0.025243630386286253,0.6542443064182195,167,215,8302,316,0.04326773739823995,320300,35.58888888888889,0.255,0.042444444444444444,Hybrid_WithoutGraph
0.9424444444444444,0.653207286559508,0.45042492917847027,0.32919254658385094,0.3803827751196172,0.7991536109366945,0.3104872625721675,0.3104872625721675,0.3557183124870984,0.022777973464835035,0.6708074534161491,159,194,8323,324,0.04326773739823995,327880,36.431111111111115,0.265,0.03922222222222222,Hybrid_WithoutGraph
0.943,0.648618364294429,0.4556213017751479,0.3188405797101449,0.37515225334957364,0.7991536109366945,0.3104872625721675,0.3104872625721675,0.3523318644009391,0.02160385112128684,0.6811594202898551,154,184,8333,329,0.04326773739823995,332680,36.964444444444446,0.2708184385436689,0.03755555555555556,Hybrid_WithoutGraph
0.9428888888888889,0.6407477336157061,0.4520123839009288,0.3022774327122153,0.36228287841191065,0.7991536109366945,0.3104872625721675,0.3104872625721675,0.34103757783490024,0.020781965480803098,0.6977225672877847,146,177,8340,337,0.04326773739823995,340540,37.83777777777778,0.275,0.03588888888888889,Hybrid_WithoutGraph
0.944,0.6344993607961279,0.46488294314381273,0.28778467908902694,0.35549872122762155,0.7991536109366945,0.3104872625721675,0.3104872625721675,0.338257104174616,0.018785957496771165,0.7122153209109731,139,160,8357,344,0.04326773739823995,347200,38.577777777777776,0.28500000000000003,0.03322222222222222,Hybrid_WithoutGraph
0.9448888888888889,0.6281335757421949,0.47653429602888087,0.2732919254658385,0.3473684210526316,0.7991536109366945,0.3104872625721675,0.3104872625721675,0.3343774717997569,0.017024773981448867,0.7267080745341615,132,145,8372,351,0.04326773739823995,353900,39.32222222222222,0.295,0.03077777777777778,Hybrid_WithoutGraph
0.9455555555555556,0.6196973973135206,0.48616600790513836,0.2546583850931677,0.3342391304347826,0.7991536109366945,0.3104872625721675,0.3104872625721675,0.3263937004455294,0.01526359046612657,0.7453416149068323,123,130,8387,360,0.04326773739823995,362600,40.28888888888889,0.305,0.02811111111111111,Hybrid_WithoutGraph
0.9466666666666667,0.6114960433535559,0.5066666666666667,0.2360248447204969,0.3220338983050848,0.7991536109366945,0.3104872625721675,0.3104872625721675,0.3218781665966364,0.013032758013384995,0.7639751552795031,114,111,8406,369,0.04326773739823995,371220,41.24666666666667,0.3129741144591599,0.025,Hybrid_WithoutGraph
0.9464444444444444,0.6094256499788148,0.5022421524663677,0.2318840579710145,0.31728045325779036,0.7991536109366945,0.3104872625721675,0.3104872625721675,0.31727842349243335,0.013032758013384995,0.7681159420289855,112,111,8406,371,0.04326773739823995,373220,41.46888888888889,0.315,0.024777777777777777,Hybrid_WithoutGraph
0.9467777777777778,0.5978838814880287,0.5102040816326531,0.2070393374741201,0.29455081001472755,0.7991536109366945,0.3104872625721675,0.3104872625721675,0.3022664981288157,0.011271574498062698,0.7929606625258799,100,96,8421,383,0.04326773739823995,384920,42.76888888888889,0.325,0.021777777777777778,Hybrid_WithoutGraph
0.9466666666666667,0.5851307979583398,0.5087719298245614,0.18012422360248448,0.26605504587155965,0.7991536109366945,0.3104872625721675,0.3104872625721675,0.2810475315677942,0.009862627685804861,0.8198757763975155,87,84,8433,396,0.04326773739823995,397680,44.18666666666667,0.335,0.019,Hybrid_WithoutGraph
0.9465555555555556,0.5714012238584577,0.5069444444444444,0.15113871635610765,0.2328548644338118,0.7991536109366945,0.3104872625721675,0.3104872625721675,0.256479400911301,0.008336268639192203,0.8488612836438924,73,71,8446,410,0.04326773739823995,411420,45.71333333333333,0.34500000000000003,0.016,Hybrid_WithoutGraph
0.9463333333333334,0.5634718870625575,0.5,0.13457556935817805,0.21207177814029363,0.7991536109366945,0.3104872625721675,0.3104872625721675,0.23976998105982317,0.007631795233063285,0.865424430641822,65,65,8452,418,0.04326773739823995,419300,46.58888888888889,0.35500000000000004,0.014444444444444444,Hybrid_WithoutGraph
0.9473333333333334,0.5610707704065745,0.5391304347826087,0.12836438923395446,0.2073578595317726,0.7991536109366945,0.3104872625721675,0.3104872625721675,0.24507705168532992,0.006222848420805448,0.8716356107660456,62,53,8464,421,0.04326773739823995,422060,46.89555555555555,0.365,0.012777777777777779,Hybrid_WithoutGraph
0.9471111111111111,0.5590003770318333,0.5309734513274337,0.12422360248447205,0.20134228187919465,0.7991536109366945,0.3104872625721675,0.3104872625721675,0.23882778992950052,0.006222848420805448,0.8757763975155279,60,53,8464,423,0.04326773739823995,424060,47.117777777777775,0.36710500443626276,0.012555555555555556,Hybrid_WithoutGraph
0.9477777777777778,0.5573996325945114,0.5631067961165048,0.12008281573498965,0.1979522184300341,0.7991536109366945,0.3104872625721675,0.3104872625721675,0.2432291317883155,0.0052835505459668895,0.8799171842650103,58,45,8472,425,0.04326773739823995,425900,47.32222222222222,0.375,0.011444444444444445,Hybrid_WithoutGraph
0.9471111111111111,0.547282490189515,0.5393258426966292,0.09937888198757763,0.16783216783216784,0.7991536109366945,0.3104872625721675,0.3104872625721675,0.2153718807744837,0.0048139016085476105,0.9006211180124224,48,41,8476,435,0.04326773739823995,435820,48.42444444444445,0.385,0.009888888888888888,Hybrid_WithoutGraph
0.9471111111111111,0.5414235467683559,0.5454545454545454,0.08695652173913043,0.15000000000000002,0.7991536109366945,0.3104872625721675,0.3104872625721675,0.20271848734445297,0.004109428202418692,0.9130434782608695,42,35,8482,441,0.04326773739823995,441700,49.077777777777776,0.395,0.008555555555555556,Hybrid_WithoutGraph
0.9474444444444444,0.5367172122689221,0.578125,0.07660455486542443,0.13528336380255943,0.7991536109366945,0.3104872625721675,0.3104872625721675,0.19694956134428868,0.0031701303275801338,0.9233954451345756,37,27,8490,446,0.04326773739823995,446540,49.61555555555555,0.405,0.0071111111111111115,Hybrid_WithoutGraph
0.9467777777777778,0.5266000698639258,0.54,0.055900621118012424,0.10131332082551595,0.7991536109366945,0.3104872625721675,0.3104872625721675,0.1612995449289304,0.002700481390160855,0.9440993788819876,27,23,8494,456,0.04326773739823995,456460,50.717777777777776,0.41500000000000004,0.005555555555555556,Hybrid_WithoutGraph
0.9466666666666667,0.5236118920361689,0.5333333333333333,0.049689440993788817,0.0909090909090909,0.7991536109366945,0.3104872625721675,0.3104872625721675,0.15088241317793333,0.0024656569214512153,0.9503105590062112,24,21,8496,459,0.04326773739823995,459420,51.04666666666667,0.425,0.005,Hybrid_WithoutGraph
0.9467777777777778,0.5207411264427666,0.5526315789473685,0.043478260869565216,0.08061420345489444,0.7991536109366945,0.3104872625721675,0.3104872625721675,0.14417333865490692,0.001996007984031936,0.9565217391304348,21,17,8500,462,0.04326773739823995,462340,51.37111111111111,0.435,0.004222222222222222,Hybrid_WithoutGraph
0.9473333333333334,0.5190816758882673,0.6551724137931034,0.039337474120082816,0.07421875,0.7991536109366945,0.3104872625721675,0.3104872625721675,0.15175533656802492,0.0011741223435481978,0.9606625258799172,19,10,8507,464,0.04326773739823995,464200,51.577777777777776,0.445,0.0032222222222222222,Hybrid_WithoutGraph
0.9468888888888889,0.5139643985685917,0.6086956521739131,0.028985507246376812,0.05533596837944663,0.7991536109366945,0.3104872625721675,0.3104872625721675,0.12466357868455298,0.0010567101091933778,0.9710144927536232,14,9,8508,469,0.04326773739823995,469180,52.13111111111111,0.455,0.0025555555555555557,Hybrid_WithoutGraph
0.9471111111111111,0.5121288296625601,0.7058823529411765,0.024844720496894408,0.047999999999999994,0.7991536109366945,0.3104872625721675,0.3104872625721675,0.1259014178530238,0.0005870611717740989,0.9751552795031055,12,5,8512,471,0.04326773739823995,471100,52.34444444444444,0.465,0.001888888888888889,Hybrid_WithoutGraph
0.9471111111111111,0.5111523390923669,0.7333333333333333,0.022774327122153208,0.04417670682730924,0.7991536109366945,0.3104872625721675,0.3104872625721675,0.12322765394742557,0.0004696489374192791,0.9772256728778468,11,4,8513,472,0.04326773739823995,472080,52.45333333333333,0.47500000000000003,0.0016666666666666668,Hybrid_WithoutGraph
0.9473333333333334,0.5102932607565286,0.9090909090909091,0.020703933747412008,0.04048582995951417,0.7991536109366945,0.3104872625721675,0.3104872625721675,0.1327846357743708,0.00011741223435481978,0.979296066252588,10,1,8516,473,0.04326773739823995,473020,52.55777777777778,0.485,0.0012222222222222222,Hybrid_WithoutGraph
0.9468888888888889,0.5061524740070462,0.8571428571428571,0.012422360248447204,0.024489795918367346,0.7991536109366945,0.3104872625721675,0.3104872625721675,0.09947074153197069,0.00011741223435481978,0.9875776397515528,6,1,8516,477,0.04326773739823995,477020,53.00222222222222,0.495,0.0007777777777777777,Hybrid_WithoutGraph
0.9465555555555556,0.5030468839449344,0.75,0.006211180124223602,0.012320328542094456,0.7991536109366945,0.3104872625721675,0.3104872625721675,0.06515504933756468,0.00011741223435481978,0.9937888198757764,3,1,8516,480,0.04326773739823995,480020,53.33555555555556,0.505,0.00044444444444444447,Hybrid_WithoutGraph
0.9464444444444444,0.5020116872575638,0.6666666666666666,0.004140786749482402,0.00823045267489712,0.7991536109366945,0.3104872625721675,0.3104872625721675,0.049670423406963385,0.00011741223435481978,0.9958592132505176,2,1,8516,481,0.04326773739823995,481020,53.446666666666665,0.515,0.0003333333333333333,Hybrid_WithoutGraph
0.9464444444444444,0.5020116872575638,0.6666666666666666,0.004140786749482402,0.00823045267489712,0.7991536109366945,0.3104872625721675,0.3104872625721675,0.049670423406963385,0.00011741223435481978,0.9958592132505176,2,1,8516,481,0.04326773739823995,481020,53.446666666666665,0.525,0.0003333333333333333,Hybrid_WithoutGraph
0.9464444444444444,0.5010351966873706,1.0,0.002070393374741201,0.004132231404958678,0.7991536109366945,0.3104872625721675,0.3104872625721675,0.04426623979796273,0.0,0.9979296066252588,1,0,8517,482,0.04326773739823995,482000,53.55555555555556,0.535,0.00011111111111111112,Hybrid_WithoutGraph
0.9464444444444444,0.5010351966873706,1.0,0.002070393374741201,0.004132231404958678,0.7991536109366945,0.3104872625721675,0.3104872625721675,0.04426623979796273,0.0,0.9979296066252588,1,0,8517,482,0.04326773739823995,482000,53.55555555555556,0.545,0.00011111111111111112,Hybrid_WithoutGraph
0.9464444444444444,0.5010351966873706,1.0,0.002070393374741201,0.004132231404958678,0.7991536109366945,0.3104872625721675,0.3104872625721675,0.04426623979796273,0.0,0.9979296066252588,1,0,8517,482,0.04326773739823995,482000,53.55555555555556,0.555,0.00011111111111111112,Hybrid_WithoutGraph
0.9464444444444444,0.5010351966873706,1.0,0.002070393374741201,0.004132231404958678,0.7991536109366945,0.3104872625721675,0.3104872625721675,0.04426623979796273,0.0,0.9979296066252588,1,0,8517,482,0.04326773739823995,482000,53.55555555555556,0.5650000000000001,0.00011111111111111112,Hybrid_WithoutGraph
0.9464444444444444,0.5010351966873706,1.0,0.002070393374741201,0.004132231404958678,0.7991536109366945,0.3104872625721675,0.3104872625721675,0.04426623979796273,0.0,0.9979296066252588,1,0,8517,482,0.04326773739823995,482000,53.55555555555556,0.5750000000000001,0.00011111111111111112,Hybrid_WithoutGraph
0.9464444444444444,0.5010351966873706,1.0,0.002070393374741201,0.004132231404958678,0.7991536109366945,0.3104872625721675,0.3104872625721675,0.04426623979796273,0.0,0.9979296066252588,1,0,8517,482,0.04326773739823995,482000,53.55555555555556,0.5774114148636266,0.00011111111111111112,Hybrid_WithoutGraph
0.9463333333333334,0.5,0.0,0.0,0.0,0.7991536109366945,0.3104872625721675,0.3104872625721675,0.0,0.0,1.0,0,0,8517,483,0.04326773739823995,483000,53.666666666666664,0.585,0.0,Hybrid_WithoutGraph
0.9463333333333334,0.5,0.0,0.0,0.0,0.7991536109366945,0.3104872625721675,0.3104872625721675,0.0,0.0,1.0,0,0,8517,483,0.04326773739823995,483000,53.666666666666664,0.595,0.0,Hybrid_WithoutGraph
0.9463333333333334,0.5,0.0,0.0,0.0,0.7991536109366945,0.3104872625721675,0.3104872625721675,0.0,0.0,1.0,0,0,8517,483,0.04326773739823995,483000,53.666666666666664,0.605,0.0,Hybrid_WithoutGraph
0.9463333333333334,0.5,0.0,0.0,0.0,0.7991536109366945,0.3104872625721675,0.3104872625721675,0.0,0.0,1.0,0,0,8517,483,0.04326773739823995,483000,53.666666666666664,0.615,0.0,Hybrid_WithoutGraph
0.9463333333333334,0.5,0.0,0.0,0.0,0.7991536109366945,0.3104872625721675,0.3104872625721675,0.0,0.0,1.0,0,0,8517,483,0.04326773739823995,483000,53.666666666666664,0.625,0.0,Hybrid_WithoutGraph
0.9463333333333334,0.5,0.0,0.0,0.0,0.7991536109366945,0.3104872625721675,0.3104872625721675,0.0,0.0,1.0,0,0,8517,483,0.04326773739823995,483000,53.666666666666664,0.635,0.0,Hybrid_WithoutGraph
0.9463333333333334,0.5,0.0,0.0,0.0,0.7991536109366945,0.3104872625721675,0.3104872625721675,0.0,0.0,1.0,0,0,8517,483,0.04326773739823995,483000,53.666666666666664,0.645,0.0,Hybrid_WithoutGraph
0.9463333333333334,0.5,0.0,0.0,0.0,0.7991536109366945,0.3104872625721675,0.3104872625721675,0.0,0.0,1.0,0,0,8517,483,0.04326773739823995,483000,53.666666666666664,0.655,0.0,Hybrid_WithoutGraph
0.9463333333333334,0.5,0.0,0.0,0.0,0.7991536109366945,0.3104872625721675,0.3104872625721675,0.0,0.0,1.0,0,0,8517,483,0.04326773739823995,483000,53.666666666666664,0.665,0.0,Hybrid_WithoutGraph
0.9463333333333334,0.5,0.0,0.0,0.0,0.7991536109366945,0.3104872625721675,0.3104872625721675,0.0,0.0,1.0,0,0,8517,483,0.04326773739823995,483000,53.666666666666664,0.675,0.0,Hybrid_WithoutGraph
0.9463333333333334,0.5,0.0,0.0,0.0,0.7991536109366945,0.3104872625721675,0.3104872625721675,0.0,0.0,1.0,0,0,8517,483,0.04326773739823995,483000,53.666666666666664,0.685,0.0,Hybrid_WithoutGraph
0.9463333333333334,0.5,0.0,0.0,0.0,0.7991536109366945,0.3104872625721675,0.3104872625721675,0.0,0.0,1.0,0,0,8517,483,0.04326773739823995,483000,53.666666666666664,0.6950000000000001,0.0,Hybrid_WithoutGraph
0.9463333333333334,0.5,0.0,0.0,0.0,0.7991536109366945,0.3104872625721675,0.3104872625721675,0.0,0.0,1.0,0,0,8517,483,0.04326773739823995,483000,53.666666666666664,0.7050000000000001,0.0,Hybrid_WithoutGraph
0.9463333333333334,0.5,0.0,0.0,0.0,0.7991536109366945,0.3104872625721675,0.3104872625721675,0.0,0.0,1.0,0,0,8517,483,0.04326773739823995,483000,53.666666666666664,0.715,0.0,Hybrid_WithoutGraph
0.9463333333333334,0.5,0.0,0.0,0.0,0.7991536109366945,0.3104872625721675,0.3104872625721675,0.0,0.0,1.0,0,0,8517,483,0.04326773739823995,483000,53.666666666666664,0.725,0.0,Hybrid_WithoutGraph
0.9463333333333334,0.5,0.0,0.0,0.0,0.7991536109366945,0.3104872625721675,0.3104872625721675,0.0,0.0,1.0,0,0,8517,483,0.04326773739823995,483000,53.666666666666664,0.735,0.0,Hybrid_WithoutGraph
0.9463333333333334,0.5,0.0,0.0,0.0,0.7991536109366945,0.3104872625721675,0.3104872625721675,0.0,0.0,1.0,0,0,8517,483,0.04326773739823995,483000,53.666666666666664,0.745,0.0,Hybrid_WithoutGraph
0.9463333333333334,0.5,0.0,0.0,0.0,0.7991536109366945,0.3104872625721675,0.3104872625721675,0.0,0.0,1.0,0,0,8517,483,0.04326773739823995,483000,53.666666666666664,0.755,0.0,Hybrid_WithoutGraph
0.9463333333333334,0.5,0.0,0.0,0.0,0.7991536109366945,0.3104872625721675,0.3104872625721675,0.0,0.0,1.0,0,0,8517,483,0.04326773739823995,483000,53.666666666666664,0.765,0.0,Hybrid_WithoutGraph
0.9463333333333334,0.5,0.0,0.0,0.0,0.7991536109366945,0.3104872625721675,0.3104872625721675,0.0,0.0,1.0,0,0,8517,483,0.04326773739823995,483000,53.666666666666664,0.775,0.0,Hybrid_WithoutGraph
0.9463333333333334,0.5,0.0,0.0,0.0,0.7991536109366945,0.3104872625721675,0.3104872625721675,0.0,0.0,1.0,0,0,8517,483,0.04326773739823995,483000,53.666666666666664,0.785,0.0,Hybrid_WithoutGraph
0.9463333333333334,0.5,0.0,0.0,0.0,0.7991536109366945,0.3104872625721675,0.3104872625721675,0.0,0.0,1.0,0,0,8517,483,0.04326773739823995,483000,53.666666666666664,0.795,0.0,Hybrid_WithoutGraph
0.9463333333333334,0.5,0.0,0.0,0.0,0.7991536109366945,0.3104872625721675,0.3104872625721675,0.0,0.0,1.0,0,0,8517,483,0.04326773739823995,483000,53.666666666666664,0.805,0.0,Hybrid_WithoutGraph
0.9463333333333334,0.5,0.0,0.0,0.0,0.7991536109366945,0.3104872625721675,0.3104872625721675,0.0,0.0,1.0,0,0,8517,483,0.04326773739823995,483000,53.666666666666664,0.8150000000000001,0.0,Hybrid_WithoutGraph
0.9463333333333334,0.5,0.0,0.0,0.0,0.7991536109366945,0.3104872625721675,0.3104872625721675,0.0,0.0,1.0,0,0,8517,483,0.04326773739823995,483000,53.666666666666664,0.8250000000000001,0.0,Hybrid_WithoutGraph
0.9463333333333334,0.5,0.0,0.0,0.0,0.7991536109366945,0.3104872625721675,0.3104872625721675,0.0,0.0,1.0,0,0,8517,483,0.04326773739823995,483000,53.666666666666664,0.8350000000000001,0.0,Hybrid_WithoutGraph
0.9463333333333334,0.5,0.0,0.0,0.0,0.7991536109366945,0.3104872625721675,0.3104872625721675,0.0,0.0,1.0,0,0,8517,483,0.04326773739823995,483000,53.666666666666664,0.845,0.0,Hybrid_WithoutGraph
0.9463333333333334,0.5,0.0,0.0,0.0,0.7991536109366945,0.3104872625721675,0.3104872625721675,0.0,0.0,1.0,0,0,8517,483,0.04326773739823995,483000,53.666666666666664,0.855,0.0,Hybrid_WithoutGraph
0.9463333333333334,0.5,0.0,0.0,0.0,0.7991536109366945,0.3104872625721675,0.3104872625721675,0.0,0.0,1.0,0,0,8517,483,0.04326773739823995,483000,53.666666666666664,0.865,0.0,Hybrid_WithoutGraph
0.9463333333333334,0.5,0.0,0.0,0.0,0.7991536109366945,0.3104872625721675,0.3104872625721675,0.0,0.0,1.0,0,0,8517,483,0.04326773739823995,483000,53.666666666666664,0.875,0.0,Hybrid_WithoutGraph
0.9463333333333334,0.5,0.0,0.0,0.0,0.7991536109366945,0.3104872625721675,0.3104872625721675,0.0,0.0,1.0,0,0,8517,483,0.04326773739823995,483000,53.666666666666664,0.885,0.0,Hybrid_WithoutGraph
0.9463333333333334,0.5,0.0,0.0,0.0,0.7991536109366945,0.3104872625721675,0.3104872625721675,0.0,0.0,1.0,0,0,8517,483,0.04326773739823995,483000,53.666666666666664,0.895,0.0,Hybrid_WithoutGraph
0.9463333333333334,0.5,0.0,0.0,0.0,0.7991536109366945,0.3104872625721675,0.3104872625721675,0.0,0.0,1.0,0,0,8517,483,0.04326773739823995,483000,53.666666666666664,0.905,0.0,Hybrid_WithoutGraph
0.9463333333333334,0.5,0.0,0.0,0.0,0.7991536109366945,0.3104872625721675,0.3104872625721675,0.0,0.0,1.0,0,0,8517,483,0.04326773739823995,483000,53.666666666666664,0.915,0.0,Hybrid_WithoutGraph
0.9463333333333334,0.5,0.0,0.0,0.0,0.7991536109366945,0.3104872625721675,0.3104872625721675,0.0,0.0,1.0,0,0,8517,483,0.04326773739823995,483000,53.666666666666664,0.925,0.0,Hybrid_WithoutGraph
0.9463333333333334,0.5,0.0,0.0,0.0,0.7991536109366945,0.3104872625721675,0.3104872625721675,0.0,0.0,1.0,0,0,8517,483,0.04326773739823995,483000,53.666666666666664,0.935,0.0,Hybrid_WithoutGraph
0.9463333333333334,0.5,0.0,0.0,0.0,0.7991536109366945,0.3104872625721675,0.3104872625721675,0.0,0.0,1.0,0,0,8517,483,0.04326773739823995,483000,53.666666666666664,0.9450000000000001,0.0,Hybrid_WithoutGraph
0.9463333333333334,0.5,0.0,0.0,0.0,0.7991536109366945,0.3104872625721675,0.3104872625721675,0.0,0.0,1.0,0,0,8517,483,0.04326773739823995,483000,53.666666666666664,0.9550000000000001,0.0,Hybrid_WithoutGraph
0.9463333333333334,0.5,0.0,0.0,0.0,0.7991536109366945,0.3104872625721675,0.3104872625721675,0.0,0.0,1.0,0,0,8517,483,0.04326773739823995,483000,53.666666666666664,0.965,0.0,Hybrid_WithoutGraph
0.9463333333333334,0.5,0.0,0.0,0.0,0.7991536109366945,0.3104872625721675,0.3104872625721675,0.0,0.0,1.0,0,0,8517,483,0.04326773739823995,483000,53.666666666666664,0.975,0.0,Hybrid_WithoutGraph
0.9463333333333334,0.5,0.0,0.0,0.0,0.7991536109366945,0.3104872625721675,0.3104872625721675,0.0,0.0,1.0,0,0,8517,483,0.04326773739823995,483000,53.666666666666664,0.985,0.0,Hybrid_WithoutGraph
0.9463333333333334,0.5,0.0,0.0,0.0,0.7991536109366945,0.3104872625721675,0.3104872625721675,0.0,0.0,1.0,0,0,8517,483,0.04326773739823995,483000,53.666666666666664,0.995,0.0,Hybrid_WithoutGraph
0.9463333333333334,0.5,0.0,0.0,0.0,0.7991536109366945,0.3104872625721675,0.3104872625721675,0.0,0.0,1.0,0,0,8517,483,0.04326773739823995,483000,53.666666666666664,1.000001,0.0,Hybrid_WithoutGraph
0.05366666666666667,0.5,0.05366666666666667,1.0,0.1018664979436887,0.7996952143697017,0.3091585424213772,0.3091585424213772,0.0,1.0,0.0,483,8517,0,0,0.043185065726869844,170340,18.926666666666666,0.005,1.0,Hybrid_WithoutSequence
0.05366666666666667,0.5,0.05366666666666667,1.0,0.1018664979436887,0.7996952143697017,0.3091585424213772,0.3091585424213772,0.0,1.0,0.0,483,8517,0,0,0.043185065726869844,170340,18.926666666666666,0.006339840093927378,1.0,Hybrid_WithoutSequence
0.06533333333333333,0.5022581800228553,0.05389895352762462,0.9917184265010351,0.10224119530416223,0.7996952143697017,0.3091585424213772,0.3091585424213772,0.009140893181589158,0.9872020664553246,0.008281573498964804,479,8408,109,4,0.043185065726869844,172160,19.128888888888888,0.008949584098285775,0.9874444444444445,Hybrid_WithoutSequence
0.07777777777777778,0.5088332651467251,0.054586894586894585,0.9917184265010351,0.10347807301793042,0.7996952143697017,0.3091585424213772,0.3091585424213772,0.02550077208994691,0.9740518962075848,0.008281573498964804,479,8296,221,4,0.043185065726869844,169920,18.88,0.009586212264976673,0.975,Hybrid_WithoutSequence
0.08966666666666667,0.5121853479741285,0.05495266682059571,0.9855072463768116,0.10410060142154184,0.7996952143697017,0.3091585424213772,0.3091585424213772,0.02888799369096423,0.9611365504285546,0.014492753623188406,476,8186,331,7,0.043185065726869844,170720,18.968888888888888,0.010131071577229547,0.9624444444444444,Hybrid_WithoutSequence
0.10166666666666667,0.5165726274889023,0.05543859649122807,0.9813664596273292,0.10494852208568581,0.7996952143697017,0.3091585424213772,0.3091585424213772,0.03427274889408916,0.9482212046495245,0.018633540372670808,474,8076,441,9,0.043185065726869844,170520,18.946666666666665,0.010499642096760709,0.95,Hybrid_WithoutSequence
0.11422222222222222,0.5232064187299497,0.05618110702856466,0.9813664596273292,0.10627802690582962,0.7996952143697017,0.3091585424213772,0.3091585424213772,0.0431923453511737,0.9349536221674298,0.018633540372670808,474,7963,554,9,0.043185065726869844,168260,18.695555555555554,0.010897303595907593,0.9374444444444444,Hybrid_WithoutSequence
0.12666666666666668,0.5297815038538196,0.05693693693693694,0.9813664596273292,0.10762942779291552,0.7996952143697017,0.3091585424213772,0.3091585424213772,0.050962356475366045,0.92180345191969,0.018633540372670808,474,7851,666,9,0.043185065726869844,166020,18.446666666666665,0.011252756294495436,0.925,Hybrid_WithoutSequence
0.13922222222222222,0.5364152950948669,0.05772040915733073,0.9813664596273292,0.10902817711328348,0.7996952143697017,0.3091585424213772,0.3091585424213772,0.05806883848815507,0.9085358694375953,0.018633540372670808,474,7738,779,9,0.043185065726869844,163760,18.195555555555554,0.01155676693813171,0.9124444444444444,Hybrid_WithoutSequence
0.15144444444444444,0.5418964774141888,0.058395061728395065,0.979296066252588,0.11021787253873937,0.7996952143697017,0.3091585424213772,0.3091585424213772,0.06294491193242954,0.8955031114242104,0.020703933747412008,473,7627,890,10,0.043185065726869844,162540,18.06,0.011919764115535894,0.9,Hybrid_WithoutSequence
0.16377777777777777,0.5474363658506881,0.05909603105045699,0.9772256728778468,0.11145218417945692,0.7996952143697017,0.3091585424213772,0.3091585424213772,0.06764905428268515,0.8823529411764706,0.022774327122153208,472,7515,1002,11,0.043185065726869844,161300,17.92222222222222,0.012191805684423664,0.8874444444444445,Hybrid_WithoutSequence
0.176,0.5529175481700099,0.05980952380952381,0.9751552795031055,0.11270638908829865,0.7996952143697017,0.3091585424213772,0.3091585424213772,0.07211822945787096,0.8693201831630856,0.024844720496894408,471,7404,1113,12,0.043185065726869844,160080,17.786666666666665,0.012545161526432546,0.875,Hybrid_WithoutSequence
0.18766666666666668,0.5551757281928653,0.06016490595207421,0.9668737060041408,0.113280776228017,0.7996952143697017,0.3091585424213772,0.3091585424213772,0.07220176541295477,0.8565222496184103,0.033126293995859216,467,7295,1222,16,0.043185065726869844,161900,17.988888888888887,0.012830041783613595,0.8624444444444445,Hybrid_WithoutSequence
0.1998888888888889,0.5606569105121871,0.060915032679738565,0.9648033126293996,0.11459486044510023,0.7996952143697017,0.3091585424213772,0.3091585424213772,0.07656487346161474,0.8434894916050253,0.035196687370600416,466,7184,1333,17,0.043185065726869844,160680,17.85333333333333,0.01319408133669553,0.85,Hybrid_WithoutSequence
0.21222222222222223,0.5661967989486865,0.06169563486798461,0.9627329192546584,0.11596009975062344,0.7996952143697017,0.3091585424213772,0.3091585424213772,0.0808653467076228,0.8303393213572854,0.037267080745341616,465,7072,1445,18,0.043185065726869844,159440,17.715555555555557,0.013505153620369375,0.8374444444444444,Hybrid_WithoutSequence
0.22444444444444445,0.5716779812680084,0.062491582491582494,0.9606625258799172,0.11734951947395043,0.7996952143697017,0.3091585424213772,0.3091585424213772,0.08502451083171367,0.8173065633439004,0.039337474120082816,464,6961,1556,19,0.043185065726869844,158220,17.58,0.013799035733091203,0.825,Hybrid_WithoutSequence
0.237,0.5783117725090556,0.06345733041575492,0.9606625258799172,0.11905067350865939,0.7996952143697017,0.3091585424213772,0.3091585424213772,0.09042106668826806,0.8040389808618058,0.039337474120082816,464,6848,1669,19,0.043185065726869844,155960,17.32888888888889,0.014074916358122216,0.8124444444444444,Hybrid_WithoutSequence
0.24877777777777776,0.5816051492192815,0.06402777777777778,0.9544513457556936,0.12000520629962255,0.7996952143697017,0.3091585424213772,0.3091585424213772,0.09195216247048127,0.7912410473171304,0.045548654244306416,461,6739,1778,22,0.043185065726869844,156780,17.42,0.014322127967278105,0.8,Hybrid_WithoutSequence
0.2611111111111111,0.5871450376557809,0.06490757725412727,0.9523809523809523,0.12153236459709378,0.7996952143697017,0.3091585424213772,0.3091585424213772,0.0960065459296068,0.7780908770693906,0.047619047619047616,460,6627,1890,23,0.043185065726869844,155540,17.282222222222224,0.014580621244906942,0.7874444444444444,Hybrid_WithoutSequence
0.2728888888888889,0.5904384143660067,0.06551971326164875,0.9461697722567288,0.12255296326092788,0.7996952143697017,0.3091585424213772,0.3091585424213772,0.09761469559021096,0.7652929435247153,0.053830227743271224,457,6518,1999,26,0.043185065726869844,156360,17.373333333333335,0.01486637197960566,0.775,Hybrid_WithoutSequence
0.2798888888888889,0.5941368997481836,0.06611689814814815,0.9461697722567288,0.12359702501690333,0.7996952143697017,0.3091585424213772,0.3091585424213772,0.10051703376036276,0.7578959727603616,0.053830227743271224,457,6455,2062,26,0.043185065726869844,155100,17.233333333333334,0.015,0.768,Hybrid_WithoutSequence
0.285,0.5948843999979581,0.06630719906732731,0.9420289855072463,0.1238938053097345,0.7996952143697017,0.3091585424213772,0.3091585424213772,0.10048760443884934,0.7522601855113302,0.057971014492753624,455,6407,2110,28,0.043185065726869844,156140,17.34888888888889,0.015143004813779387,0.7624444444444445,Hybrid_WithoutSequence
0.29677777777777775,0.598177776708184,0.06696296296296296,0.9358178053830227,0.12498271809760816,0.7996952143697017,0.3091585424213772,0.3091585424213772,0.1021920078606397,0.7394622519666549,0.06418219461697723,452,6298,2219,31,0.043185065726869844,156960,17.44,0.015385096328412062,0.75,Hybrid_WithoutSequence
0.30866666666666664,0.6015298595355872,0.06765104715986138,0.9296066252587992,0.12612359550561797,0.7996952143697017,0.3091585424213772,0.3091585424213772,0.10399750023240252,0.7265469061876247,0.07039337474120083,449,6188,2329,34,0.043185065726869844,157760,17.52888888888889,0.015655298886600954,0.7374444444444445,Hybrid_WithoutSequence
0.3208888888888889,0.6070110418549091,0.06865900383141763,0.927536231884058,0.1278538812785388,0.7996952143697017,0.3091585424213772,0.3091585424213772,0.10801836947617496,0.7135141481742397,0.07246376811594203,448,6077,2440,35,0.043185065726869844,156540,17.393333333333334,0.015937656100007386,0.725,Hybrid_WithoutSequence
0.3332222222222222,0.6125509302914084,0.06971303805364941,0.9254658385093167,0.12965917331399565,0.7996952143697017,0.3091585424213772,0.3091585424213772,0.1120771505316586,0.7003639779265,0.07453416149068323,447,5965,2552,36,0.043185065726869844,155300,17.255555555555556,0.01620917273337144,0.7124444444444444,Hybrid_WithoutSequence
0.3447777777777778,0.6147504041970863,0.07031746031746032,0.917184265010352,0.1306206693203597,0.7996952143697017,0.3091585424213772,0.3091585424213772,0.11286231439622496,0.6876834566161794,0.08281573498964803,443,5857,2660,40,0.043185065726869844,157140,17.46,0.016472080659102745,0.7,Hybrid_WithoutSequence
0.3571111111111111,0.6202902926335856,0.07144011637304025,0.9151138716356108,0.13253373313343328,0.7996952143697017,0.3091585424213772,0.3091585424213772,0.11696408883891754,0.6745332863684396,0.08488612836438923,442,5745,2772,41,0.043185065726869844,155900,17.322222222222223,0.01673532635681952,0.6874444444444444,Hybrid_WithoutSequence
0.36933333333333335,0.6257714749529075,0.0725925925925926,0.9130434782608695,0.1344922232387923,0.7996952143697017,0.3091585424213772,0.3091585424213772,0.12102998022875731,0.6615005283550546,0.08695652173913043,441,5634,2883,42,0.043185065726869844,154680,17.186666666666667,0.016994279836505637,0.675,Hybrid_WithoutSequence
0.38166666666666665,0.6313113633894067,0.07380073800738007,0.9109730848861284,0.1365399534522886,0.7996952143697017,0.3091585424213772,0.3091585424213772,0.12515820462503618,0.6483503581073148,0.08902691511387163,440,5522,2995,43,0.043185065726869844,153440,17.04888888888889,0.017273824227684816,0.6624444444444444,Hybrid_WithoutSequence
0.3938888888888889,0.6367925457087287,0.07504273504273504,0.9089026915113871,0.13863887573030156,0.7996952143697017,0.3091585424213772,0.3091585424213772,0.12926355823678876,0.6353176000939298,0.09109730848861283,439,5411,3106,44,0.043185065726869844,152220,16.913333333333334,0.017586906244248465,0.65,Hybrid_WithoutSequence
0.406,0.64123853134068,0.07617221544361165,0.9047619047619048,0.1405144694533762,0.7996952143697017,0.3091585424213772,0.3091585424213772,0.132418637742127,0.6222848420805448,0.09523809523809523,437,5300,3217,46,0.043185065726869844,152000,16.88888888888889,0.017901696895272136,0.6374444444444445,Hybrid_WithoutSequence
0.41733333333333333,0.6423441024418098,0.0768,0.8944099378881988,0.14145383104125736,0.7996952143697017,0.3091585424213772,0.3091585424213772,0.13252207000738725,0.6097217330045791,0.10559006211180125,432,5193,3324,51,0.043185065726869844,154860,17.206666666666667,0.01829311284452533,0.625,Hybrid_WithoutSequence
0.429,0.6446022824646651,0.07764876632801161,0.8861283643892339,0.1427856547122602,0.7996952143697017,0.3091585424213772,0.3091585424213772,0.13377630313241712,0.5969237994599037,0.11387163561076605,428,5084,3433,55,0.043185065726869844,156680,17.40888888888889,0.018650197223254537,0.6124444444444445,Hybrid_WithoutSequence
0.441,0.648989561979439,0.07888888888888888,0.8819875776397516,0.14482406935237122,0.7996952143697017,0.3091585424213772,0.3091585424213772,0.1370738458101501,0.5840084536808735,0.11801242236024845,426,4974,3543,57,0.043185065726869844,156480,17.386666666666667,0.01907245730335561,0.6,Hybrid_WithoutSequence
0.45311111111111113,0.6534355476113903,0.08019670890864385,0.8778467908902692,0.1469670710571924,0.7996952143697017,0.3091585424213772,0.3091585424213772,0.1404771677335347,0.5709756956674885,0.12215320910973085,424,4863,3654,59,0.043185065726869844,156260,17.362222222222222,0.01945061469629939,0.5874444444444444,Hybrid_WithoutSequence
0.4651111111111111,0.6578228271261641,0.08154589371980676,0.8737060041407867,0.14916931778013431,0.7996952143697017,0.3091585424213772,0.3091585424213772,0.14389503415572322,0.5580603498884584,0.12629399585921325,422,4753,3764,61,0.043185065726869844,156060,17.34,0.019849513767186334,0.575,Hybrid_WithoutSequence
0.47744444444444445,0.6633627155626635,0.08316870802054524,0.8716356107660456,0.15184851217312897,0.7996952143697017,0.3091585424213772,0.3091585424213772,0.1484228964031187,0.5449101796407185,0.12836438923395446,421,4641,3876,62,0.043185065726869844,154820,17.202222222222222,0.02031415087374877,0.5624444444444444,Hybrid_WithoutSequence
0.48944444444444446,0.6677499950774374,0.08464646464646465,0.8674948240165632,0.154242591570035,0.7996952143697017,0.3091585424213772,0.3091585424213772,0.15197749772926714,0.5319948338616884,0.13250517598343686,419,4531,3986,64,0.043185065726869844,154620,17.18,0.020769646036334827,0.55,Hybrid_WithoutSequence
0.5017777777777778,0.6732898835139367,0.08641720074426297,0.865424430641822,0.15714285714285714,0.7996952143697017,0.3091585424213772,0.3091585424213772,0.156649439507066,0.5188446636139485,0.13457556935817805,418,4419,4098,65,0.043185065726869844,153380,17.04222222222222,0.021295065733914733,0.5374444444444444,Hybrid_WithoutSequence
0.5135555555555555,0.6765832602241626,0.08783068783068783,0.8592132505175983,0.15937019969278035,0.7996952143697017,0.3091585424213772,0.3091585424213772,0.1593776612427244,0.5060467300692733,0.14078674948240166,415,4310,4207,68,0.043185065726869844,154200,17.133333333333333,0.021787585458521525,0.525,Hybrid_WithoutSequence
0.5254444444444445,0.6799353430515658,0.08933217692974849,0.8530020703933747,0.1617271835132483,0.7996952143697017,0.3091585424213772,0.3091585424213772,0.16225026026089126,0.49313138429024306,0.14699792960662525,412,4200,4317,71,0.043185065726869844,155000,17.22222222222222,0.0223856509711497,0.5124444444444445,Hybrid_WithoutSequence
0.5372222222222223,0.6832287197617917,0.0908888888888889,0.8467908902691511,0.16415813766807147,0.7996952143697017,0.3091585424213772,0.3091585424213772,0.16516876368692346,0.4803334507455677,0.15320910973084886,409,4091,4426,74,0.043185065726869844,155820,17.313333333333333,0.023045832077146798,0.5,Hybrid_WithoutSequence
0.5483333333333333,0.6832403880583735,0.09184138559708295,0.8343685300207039,0.16546910285362348,0.7996952143697017,0.3091585424213772,0.3091585424213772,0.1652304663917948,0.4678877539039568,0.16563146997929606,403,3985,4532,80,0.043185065726869844,159700,17.744444444444444,0.023640664054929435,0.4875555555555556,Hybrid_WithoutSequence
0.5604444444444444,0.6876863736903249,0.09380116959064327,0.8302277432712215,0.1685582177385456,0.7996952143697017,0.3091585424213772,0.3091585424213772,0.16939892970556258,0.4548549958905718,0.16977225672877846,401,3874,4643,82,0.043185065726869844,159480,17.72,0.0243121397791915,0.475,Hybrid_WithoutSequence
0.5715555555555556,0.6925804948378727,0.09585430146177809,0.8281573498964804,0.1718213058419244,0.7996952143697017,0.3091585424213772,0.3091585424213772,0.17405894272738778,0.442996360220735,0.17184265010351968,400,3773,4744,83,0.043185065726869844,158460,17.606666666666666,0.025,0.46366666666666667,Hybrid_WithoutSequence
0.5726666666666667,0.6931675560096469,0.09608455440787893,0.8281573498964804,0.17219113215669393,0.7996952143697017,0.3091585424213772,0.3091585424213772,0.17461832604571714,0.44182223787718683,0.17184265010351968,400,3763,4754,83,0.043185065726869844,158260,17.584444444444443,0.02506653721662962,0.46255555555555555,Hybrid_WithoutSequence
0.5843333333333334,0.695425736032502,0.09777777777777778,0.8198757763975155,0.17471872931833224,0.7996952143697017,0.3091585424213772,0.3091585424213772,0.17705105946745076,0.42902430433251143,0.18012422360248448,396,3654,4863,87,0.043185065726869844,160080,17.786666666666665,0.02589306795849798,0.45,Hybrid_WithoutSequence
0.5961111111111111,0.6987191127427279,0.09979685119349924,0.8136645962732919,0.1777878308075096,0.7996952143697017,0.3091585424213772,0.3091585424213772,0.18054588638752114,0.4162263707878361,0.18633540372670807,393,3545,4972,90,0.043185065726869844,160900,17.877777777777776,0.026713992037184976,0.43755555555555553,Hybrid_WithoutSequence
0.6075555555555555,0.6998833899610352,0.10143790849673202,0.8033126293995859,0.18012999071494892,0.7996952143697017,0.3091585424213772,0.3091585424213772,0.18224377138176764,0.40354584947751554,0.19668737060041408,388,3437,5080,95,0.043185065726869844,163740,18.19333333333333,0.027573432039811763,0.425,Hybrid_WithoutSequence
0.6191111111111111,0.702082863866713,0.10342041475895503,0.7950310559006211,0.18303145853193517,0.7996952143697017,0.3091585424213772,0.3091585424213772,0.18501598101227695,0.39086532816719505,0.20496894409937888,384,3329,5188,99,0.043185065726869844,165580,18.397777777777776,0.02844759512262094,0.41255555555555556,Hybrid_WithoutSequence
0.6307777777777778,0.7043410438895683,0.10555555555555556,0.7867494824016563,0.1861376438892971,0.7996952143697017,0.3091585424213772,0.3091585424213772,0.18799849043565375,0.37806739462251965,0.21325051759834368,380,3220,5297,103,0.043185065726869844,167400,18.6,0.029414200081631477,0.4,Hybrid_WithoutSequence
0.643,0.7098222262088902,0.10865825688073394,0.7846790890269151,0.19088390833543187,0.7996952143697017,0.3091585424213772,0.3091585424213772,0.19411340719395678,0.36503463660913466,0.2153209109730849,379,3109,5408,104,0.043185065726869844,166180,18.464444444444446,0.03036984168153416,0.38755555555555554,Hybrid_WithoutSequence
0.6548888888888889,0.7131743090362934,0.11140740740740741,0.7784679089026915,0.19491964748574392,0.7996952143697017,0.3091585424213772,0.3091585424213772,0.1984648483588057,0.3521192908301045,0.22153209109730848,376,2999,5518,107,0.043185065726869844,166980,18.553333333333335,0.031248297735229268,0.375,Hybrid_WithoutSequence
0.6666666666666666,0.7164676857465194,0.11431198283787926,0.772256728778468,0.19914575547250402,0.7996952143697017,0.3091585424213772,0.3091585424213772,0.2029499725723142,0.3393213572854291,0.2277432712215321,373,2890,5627,110,0.043185065726869844,167800,18.644444444444446,0.03226829574779903,0.3625555555555556,Hybrid_WithoutSequence
0.6785555555555556,0.7198197685739227,0.11746031746031746,0.7660455486542443,0.2036884117808973,0.7996952143697017,0.3091585424213772,0.3091585424213772,0.20772100781833425,0.326406011506399,0.23395445134575568,370,2780,5737,113,0.043185065726869844,168600,18.733333333333334,0.0333193550471789,0.35,Hybrid_WithoutSequence
0.6898888888888889,0.7209253396750526,0.12014483212639894,0.7556935817805382,0.2073274637886964,0.7996952143697017,0.3091585424213772,0.3091585424213772,0.2105729325793939,0.3138429024304332,0.2443064182194617,365,2673,5844,118,0.043185065726869844,171460,19.051111111111112,0.03464685681126614,0.33755555555555555,Hybrid_WithoutSequence
0.6934444444444444,0.7188979731439569,0.12041360907271514,0.7474120082815735,0.20741166331513933,0.7996952143697017,0.3091585424213772,0.3091585424213772,0.20932679072911092,0.30961606199365976,0.2525879917184265,361,2637,5880,122,0.043185065726869844,174740,19.415555555555557,0.034999999999999996,0.33311111111111114,Hybrid_WithoutSequence
0.7008888888888889,0.7199018112842638,0.12239316239316239,0.7412008281573499,0.210093896713615,0.7996952143697017,0.3091585424213772,0.3091585424213772,0.2116116701499103,0.3013972055888224,0.2587991718426501,358,2567,5950,125,0.043185065726869844,176340,19.593333333333334,0.03564842668479349,0.325,Hybrid_WithoutSequence
0.7113333333333334,0.7166317711672016,0.12406683256309989,0.722567287784679,0.21177184466019416,0.7996952143697017,0.3091585424213772,0.3091585424213772,0.2106415835674682,0.28930374545027593,0.2774327122153209,349,2464,6053,134,0.043185065726869844,183280,20.364444444444445,0.03669269968412678,0.31255555555555553,Hybrid_WithoutSequence
0.7232222222222222,0.7199838539946048,0.12814814814814815,0.7163561076604554,0.21740496387056238,0.7996952143697017,0.3091585424213772,0.3091585424213772,0.2163642652533922,0.27638839967124573,0.2836438923395445,346,2354,6163,137,0.043185065726869844,184080,20.453333333333333,0.03832179417014996,0.3,Hybrid_WithoutSequence
0.7341111111111112,0.7189016194866387,0.13098918083462133,0.7018633540372671,0.22077499185932922,0.7996952143697017,0.3091585424213772,0.3091585424213772,0.21798015969576268,0.2640601150639897,0.2981366459627329,339,2249,6268,144,0.043185065726869844,188980,20.997777777777777,0.03975063173362837,0.28755555555555556,Hybrid_WithoutSequence
0.7462222222222222,0.7233476051185901,0.13616161616161615,0.6977225672877847,0.22785665990534143,0.7996952143697017,0.3091585424213772,0.3091585424213772,0.22545004434242805,0.2510273570506047,0.3022774327122153,337,2138,6379,146,0.043185065726869844,188760,20.973333333333333,0.041399335235933726,0.275,Hybrid_WithoutSequence
0.7577777777777778,0.7255470790242678,0.14092255607278883,0.6894409937888198,0.23401264933239635,0.7996952143697017,0.3091585424213772,0.3091585424213772,0.2310289062797564,0.23834683574028415,0.3105590062111801,333,2030,6487,150,0.043185065726869844,190600,21.177777777777777,0.043389233803106206,0.26255555555555554,Hybrid_WithoutSequence
0.765,0.7254570143600267,0.14366812227074235,0.6811594202898551,0.23728813559322035,0.7996952143697017,0.3091585424213772,0.3091585424213772,0.2333090766578908,0.23024539156980156,0.3188405797101449,329,1961,6556,154,0.043185065726869844,193220,21.468888888888888,0.045,0.2544444444444444,Hybrid_WithoutSequence
0.769,0.7256174534380271,0.14533333333333334,0.6770186335403726,0.2392974753018661,0.7996952143697017,0.3091585424213772,0.3091585424213772,0.23484235789701324,0.22578372666431842,0.32298136645962733,327,1923,6594,156,0.043185065726869844,194460,21.606666666666666,0.04618520867416806,0.25,Hybrid_WithoutSequence
0.7798888888888889,0.7245352189300609,0.14967259120673526,0.6625258799171843,0.2441816100724914,0.7996952143697017,0.3091585424213772,0.3091585424213772,0.23779468767173492,0.21345544205706235,0.33747412008281574,320,1818,6699,163,0.043185065726869844,199360,22.15111111111111,0.049475242493704635,0.23755555555555555,Hybrid_WithoutSequence
0.7913333333333333,0.7256994961483683,0.15555555555555556,0.6521739130434783,0.25119617224880386,0.7996952143697017,0.3091585424213772,0.3091585424213772,0.24360873380889358,0.2007749207467418,0.34782608695652173,315,1710,6807,168,0.043185065726869844,202200,22.466666666666665,0.053185985863777714,0.225,Hybrid_WithoutSequence
0.797,0.7286935081244161,0.1595744680851064,0.6521739130434783,0.25641025641025644,0.7996952143697017,0.3091585424213772,0.3091585424213772,0.24909962533303773,0.194786896794646,0.34782608695652173,315,1659,6858,168,0.043185065726869844,201180,22.35333333333333,0.055,0.21933333333333332,Hybrid_WithoutSequence
0.8031111111111111,0.7289928728585942,0.16309461578672244,0.6459627329192547,0.2604340567612688,0.7996952143697017,0.3091585424213772,0.3091585424213772,0.25227844702403246,0.18797698720206646,0.35403726708074534,312,1601,6916,171,0.043185065726869844,203020,22.557777777777776,0.057341574918946335,0.21255555555555555,Hybrid_WithoutSequence
0.8154444444444444,0.7345327612950934,0.17277777777777778,0.6438923395445134,0.2724485326325011,0.7996952143697017,0.3091585424213772,0.3091585424213772,0.26427002189907756,0.17482681695432664,0.35610766045548653,311,1489,7028,172,0.043185065726869844,201780,22.42,0.06054063909789965,0.2,Hybrid_WithoutSequence
0.8234444444444444,0.7338771488809009,0.1781140861466822,0.6335403726708074,0.2780554293502953,0.7996952143697017,0.3091585424213772,0.3091585424213772,0.26822407637044804,0.16578607490900552,0.36645962732919257,306,1412,7105,177,0.043185065726869844,205240,22.804444444444446,0.065,0.19088888888888889,Hybrid_WithoutSequence
0.8258888888888889,0.7312627211780313,0.17890995260663506,0.6252587991718427,0.27821280515891295,0.7996952143697017,0.3091585424213772,0.3091585424213772,0.26702271273110345,0.16273335681578022,0.3747412008281574,302,1386,7131,181,0.043185065726869844,208720,23.191111111111113,0.0663714508298219,0.18755555555555556,Hybrid_WithoutSequence
0.8373333333333334,0.7324269983963385,0.18857142857142858,0.6149068322981367,0.2886297376093295,0.7996952143697017,0.3091585424213772,0.3091585424213772,0.2757051955584641,0.15005283550545967,0.38509316770186336,297,1278,7239,186,0.043185065726869844,211560,23.506666666666668,0.07203392904225768,0.175,Hybrid_WithoutSequence
0.8435555555555555,0.7308320881073075,0.19350563286944997,0.6045548654244306,0.2931726907630522,0.7996952143697017,0.3091585424213772,0.3091585424213772,0.2785021463045646,0.14289068920981565,0.39544513457556935,292,1217,7300,191,0.043185065726869844,215340,23.926666666666666,0.07500000000000001,0.16766666666666666,Hybrid_WithoutSequence
0.848,0.7302508610838243,0.1975393028024607,0.598343685300207,0.2970195272353546,0.7996952143697017,0.3091585424213772,0.3091585424213772,0.28127214619101465,0.13784196313255842,0.40165631469979296,289,1174,7343,194,0.043185065726869844,217480,24.164444444444445,0.07819785044780898,0.16255555555555556,Hybrid_WithoutSequence
0.857,0.7301236037242285,0.20699708454810495,0.587991718426501,0.306199460916442,0.7996952143697017,0.3091585424213772,0.3091585424213772,0.28855303941844196,0.1277445109780439,0.41200828157349895,284,1088,7429,199,0.043185065726869844,220760,24.52888888888889,0.085,0.15244444444444444,Hybrid_WithoutSequence
0.8587777777777778,0.7281334298884875,0.20814814814814814,0.5817805383022774,0.30660120021822146,0.7996952143697017,0.3091585424213772,0.3091585424213772,0.28796401010675843,0.12551367852530235,0.41821946169772256,281,1069,7448,202,0.043185065726869844,223380,24.82,0.08648868200502058,0.15,Hybrid_WithoutSequence
0.8672222222222222,0.7247831702324252,0.21701112877583467,0.5652173913043478,0.3136128661688685,0.7996952143697017,0.3091585424213772,0.3091585424213772,0.2921754843217811,0.11565105083949748,0.43478260869565216,273,985,7532,210,0.043185065726869844,229700,25.522222222222222,0.095,0.13977777777777778,Hybrid_WithoutSequence
0.8692222222222222,0.7248633897714254,0.2197092084006462,0.5631469979296067,0.31609529343404996,0.7996952143697017,0.3091585424213772,0.3091585424213772,0.2942513719345469,0.1134202183867559,0.43685300207039335,272,966,7551,211,0.043185065726869844,230320,25.59111111111111,0.09694216259282873,0.13755555555555554,Hybrid_WithoutSequence
0.8771111111111111,0.7261020523804419,0.23169681309216192,0.556935817805383,0.32725060827250607,0.7996952143697017,0.3091585424213772,0.3091585424213772,0.3040219548102533,0.10473171304449924,0.44306418219461696,269,892,7625,214,0.043185065726869844,231840,25.76,0.10500000000000001,0.129,Hybrid_WithoutSequence
0.88,0.7227459585760886,0.23466666666666666,0.546583850931677,0.3283582089552239,0.7996952143697017,0.3091585424213772,0.3091585424213772,0.3035674309738289,0.10109193377949982,0.453416149068323,264,861,7656,219,0.043185065726869844,236220,26.246666666666666,0.10816592046447773,0.125,Hybrid_WithoutSequence
0.885,0.7195287904279128,0.24157303370786518,0.5341614906832298,0.33268858800773693,0.7996952143697017,0.3091585424213772,0.3091585424213772,0.305957701795572,0.09510390982740402,0.4658385093167702,258,810,7707,225,0.043185065726869844,241200,26.8,0.115,0.11866666666666667,Hybrid_WithoutSequence
0.8908888888888888,0.7216637240681224,0.25370187561697927,0.5320910973084886,0.34358288770053474,0.7996952143697017,0.3091585424213772,0.3091585424213772,0.31611488428911844,0.08876364917224375,0.46790890269151136,257,756,7761,226,0.043185065726869844,241120,26.79111111111111,0.12182013097709912,0.11255555555555556,Hybrid_WithoutSequence
0.8933333333333333,0.7219787680758323,0.25884732052578363,0.5300207039337475,0.34782608695652173,0.7996952143697017,0.3091585424213772,0.3091585424213772,0.31990189288041426,0.0860631677820829,0.4699792960662526,256,733,7784,227,0.043185065726869844,241660,26.851111111111113,0.125,0.10988888888888888,Hybrid_WithoutSequence
0.9003333333333333,0.7159123477560771,0.271523178807947,0.5093167701863354,0.3542116630669547,0.7996952143697017,0.3091585424213772,0.3091585424213772,0.3234287822556051,0.07749207467418105,0.4906832298136646,246,660,7857,237,0.043185065726869844,250200,27.8,0.135,0.10066666666666667,Hybrid_WithoutSequence
0.901,0.7162645844591415,0.2733333333333333,0.5093167701863354,0.3557483731019523,0.7996952143697017,0.3091585424213772,0.3091585424213772,0.32491407543188827,0.07678760126805213,0.4906832298136646,246,654,7863,237,0.043185065726869844,250080,27.786666666666665,0.13585742358534397,0.1,Hybrid_WithoutSequence
0.908,0.7111746547095797,0.2893772893772894,0.4906832298136646,0.36405529953917054,0.7996952143697017,0.3091585424213772,0.3091585424213772,0.330935631862594,0.0683339203945051,0.5093167701863354,237,582,7935,246,0.043185065726869844,257640,28.626666666666665,0.14500000000000002,0.091,Hybrid_WithoutSequence
0.911,0.7108067387329834,0.2982233502538071,0.4865424430641822,0.3697875688434304,0.7996952143697017,0.3091585424213772,0.3091585424213772,0.3361582662397772,0.06492896559821533,0.5134575569358178,235,553,7964,248,0.043185065726869844,259060,28.784444444444443,0.14936430610406523,0.08755555555555555,Hybrid_WithoutSequence
0.914,0.7065328604756144,0.30574098798397864,0.474120082815735,0.3717532467532468,0.7996952143697017,0.3091585424213772,0.3091585424213772,0.3370092663357724,0.06105436186450628,0.525879917184265,229,520,7997,254,0.043185065726869844,264400,29.377777777777776,0.155,0.08322222222222223,Hybrid_WithoutSequence
0.9186666666666666,0.706069045686486,0.3223965763195435,0.46790890269151136,0.38175675675675674,0.7996952143697017,0.3091585424213772,0.3091585424213772,0.34656743593856565,0.05577081131853939,0.5320910973084886,226,475,8042,257,0.043185065726869844,266500,29.61111111111111,0.165,0.07788888888888888,Hybrid_WithoutSequence
0.9215555555555556,0.7075954047330987,0.3348148148148148,0.46790890269151136,0.39032815198618304,0.7996952143697017,0.3091585424213772,0.3091585424213772,0.35523897888384176,0.05271809322531408,0.5320910973084886,226,449,8068,257,0.043185065726869844,265980,29.553333333333335,0.17139697171528537,0.075,Hybrid_WithoutSequence
0.9227777777777778,0.7043352097412774,0.3384146341463415,0.45962732919254656,0.3898156277436348,0.7996952143697017,0.3091585424213772,0.3091585424213772,0.35428358054966247,0.05095690970999178,0.5403726708074534,222,434,8083,261,0.043185065726869844,269680,29.964444444444446,0.17500000000000002,0.07288888888888889,Hybrid_WithoutSequence
0.9266666666666666,0.7044369427021004,0.3565640194489465,0.4554865424430642,0.4,0.7996952143697017,0.3091585424213772,0.3091585424213772,0.36463969715801037,0.04661265703886345,0.5445134575569358,220,397,8120,263,0.043185065726869844,270940,30.104444444444443,0.185,0.06855555555555555,Hybrid_WithoutSequence
0.9301111111111111,0.6994213983432478,0.3723776223776224,0.4409937888198758,0.40379146919431286,0.7996952143697017,0.3091585424213772,0.3091585424213772,0.3684328656381977,0.0421509921333803,0.5590062111801242,213,359,8158,270,0.043185065726869844,277180,30.797777777777778,0.195,0.06355555555555556,Hybrid_WithoutSequence
0.9306666666666666,0.6977619477887484,0.3747779751332149,0.43685300207039335,0.4034416826003824,0.7996952143697017,0.3091585424213772,0.3091585424213772,0.36807929933577166,0.04132910649289656,0.5631469979296067,211,352,8165,272,0.043185065726869844,279040,31.004444444444445,0.19755392942736494,0.06255555555555556,Hybrid_WithoutSequence
0.9331111111111111,0.6941710295156855,0.3879472693032015,0.42650103519668736,0.4063116370808678,0.7996952143697017,0.3091585424213772,0.3091585424213772,0.3714223136708157,0.038158976165316424,0.5734989648033126,206,325,8192,277,0.043185065726869844,283500,31.5,0.20500000000000002,0.059,Hybrid_WithoutSequence
0.9368888888888889,0.6873786223679788,0.4112734864300626,0.4078674948240166,0.4095634095634096,0.7996952143697017,0.3091585424213772,0.3091585424213772,0.3762304022853371,0.03311025008805918,0.5921325051759835,197,282,8235,286,0.043185065726869844,291640,32.404444444444444,0.215,0.05322222222222222,Hybrid_WithoutSequence
0.9378888888888889,0.6810715434312231,0.4166666666666667,0.39337474120082816,0.40468583599574015,0.7996952143697017,0.3091585424213772,0.3091585424213772,0.3721208865558299,0.03123165433838206,0.6066252587991718,190,266,8251,293,0.043185065726869844,298320,33.14666666666667,0.225,0.050666666666666665,Hybrid_WithoutSequence
0.9383333333333334,0.6803298773297395,0.42,0.391304347826087,0.40514469453376206,0.7996952143697017,0.3091585424213772,0.3091585424213772,0.372928228065386,0.03064459316660796,0.6086956521739131,189,261,8256,294,0.043185065726869844,299220,33.24666666666667,0.2285484467524654,0.05,Hybrid_WithoutSequence
0.9388888888888889,0.6767174456348538,0.4233409610983982,0.3830227743271222,0.40217391304347827,0.7996952143697017,0.3091585424213772,0.3091585424213772,0.370572015473705,0.029587883057414582,0.6169772256728778,185,252,8265,298,0.043185065726869844,303040,33.67111111111111,0.23500000000000001,0.04855555555555555,Hybrid_WithoutSequence
0.9386666666666666,0.6658586371283739,0.4172661870503597,0.36024844720496896,0.38666666666666666,0.7996952143697017,0.3091585424213772,0.3091585424213772,0.35562918406188926,0.028531172948221203,0.639751552795031,174,243,8274,309,0.043185065726869844,313860,34.873333333333335,0.245,0.04633333333333333,Hybrid_WithoutSequence
0.9412222222222222,0.660373443832102,0.4394736842105263,0.34575569358178054,0.3870220162224797,0.7996952143697017,0.3091585424213772,0.3091585424213772,0.3594462099501713,0.02500880591757661,0.6542443064182195,167,213,8304,316,0.043185065726869844,320260,35.58444444444444,0.255,0.042222222222222223,Hybrid_WithoutSequence
0.9426666666666667,0.6562541705044423,0.453781512605042,0.33540372670807456,0.38571428571428573,0.7996952143697017,0.3091585424213772,0.3091585424213772,0.36083789266119776,0.022895385699189856,0.6645962732919255,162,195,8322,321,0.043185065726869844,324900,36.1,0.265,0.03966666666666667,Hybrid_WithoutSequence
0.9438888888888889,0.6529939755126211,0.46745562130177515,0.32712215320910976,0.38489646772228997,0.7996952143697017,0.3091585424213772,0.3091585424213772,0.3627051938728277,0.021134202183867558,0.6728778467908902,158,180,8337,325,0.043185065726869844,328600,36.51111111111111,0.2734213674088413,0.03755555555555556,Hybrid_WithoutSequence
0.9438888888888889,0.6510409943722347,0.46706586826347307,0.32298136645962733,0.3818849449204406,0.7996952143697017,0.3091585424213772,0.3091585424213772,0.3601298706486326,0.02089937771515792,0.6770186335403726,156,178,8339,327,0.043185065726869844,330560,36.72888888888889,0.275,0.03711111111111111,Hybrid_WithoutSequence
0.944,0.6384053230769007,0.46579804560260585,0.29606625258799174,0.3620253164556962,0.7996952143697017,0.3091585424213772,0.3091585424213772,0.343673187204525,0.019255606434190442,0.7039337474120083,143,164,8353,340,0.043185065726869844,343280,38.14222222222222,0.28500000000000003,0.03411111111111111,Hybrid_WithoutSequence
0.9445555555555556,0.6318634196714353,0.4722222222222222,0.2815734989648033,0.3527885862516213,0.7996952143697017,0.3091585424213772,0.3091585424213772,0.33768832174146035,0.017846659621932607,0.7184265010351967,136,152,8365,347,0.043185065726869844,350040,38.89333333333333,0.295,0.032,Hybrid_WithoutSequence
0.9454444444444444,0.6225681629069227,0.4846153846153846,0.2608695652173913,0.3391655450874832,0.7996952143697017,0.3091585424213772,0.3091585424213772,0.32982393680475164,0.01573323940354585,0.7391304347826086,126,134,8383,357,0.043185065726869844,359680,39.964444444444446,0.305,0.028888888888888888,Hybrid_WithoutSequence
0.9465555555555556,0.6114373372363786,0.504424778761062,0.2360248447204969,0.3215796897038082,0.7996952143697017,0.3091585424213772,0.3091585424213772,0.32101444576406657,0.013150170247739814,0.7639751552795031,114,112,8405,369,0.043185065726869844,371240,41.24888888888889,0.315,0.025111111111111112,Hybrid_WithoutSequence
0.9466666666666667,0.6114960433535559,0.5066666666666667,0.2360248447204969,0.3220338983050848,0.7996952143697017,0.3091585424213772,0.3091585424213772,0.3218781665966364,0.013032758013384995,0.7639751552795031,114,111,8406,369,0.043185065726869844,371220,41.24666666666667,0.31532613841217955,0.025,Hybrid_WithoutSequence
0.9473333333333334,0.604036355495075,0.5221674876847291,0.2194616977225673,0.3090379008746356,0.7996952143697017,0.3091585424213772,0.3091585424213772,0.31580332605827005,0.011388986732417518,0.7805383022774327,106,97,8420,377,0.043185065726869844,378940,42.10444444444445,0.325,0.022555555555555554,Hybrid_WithoutSequence
0.9468888888888889,0.5891541724734674,0.5141242937853108,0.18840579710144928,0.2757575757575758,0.7996952143697017,0.3091585424213772,0.3091585424213772,0.28939684032446517,0.0100974521545145,0.8115942028985508,91,86,8431,392,0.043185065726869844,393720,43.74666666666667,0.335,0.019666666666666666,Hybrid_WithoutSequence
0.9465555555555556,0.5801896389901964,0.5061728395061729,0.16977225672877846,0.25426356589147286,0.7996952143697017,0.3091585424213772,0.3091585424213772,0.27185081358890945,0.009392978748385582,0.8302277432712215,82,80,8437,401,0.043185065726869844,402600,44.733333333333334,0.34500000000000003,0.018,Hybrid_WithoutSequence
0.9473333333333334,0.5708356761085064,0.5333333333333333,0.14906832298136646,0.2330097087378641,0.7996952143697017,0.3091585424213772,0.3091585424213772,0.2626592343337768,0.007396970764353646,0.8509316770186336,72,63,8454,411,0.043185065726869844,412260,45.806666666666665,0.35500000000000004,0.015,Hybrid_WithoutSequence
0.9477777777777778,0.5642350665858638,0.5555555555555556,0.13457556935817805,0.21666666666666667,0.7996952143697017,0.3091585424213772,0.3091585424213772,0.25559143799085066,0.006105436186450628,0.865424430641822,65,52,8465,418,0.043185065726869844,419040,46.56,0.365,0.013,Hybrid_WithoutSequence
0.9475555555555556,0.5611881826409293,0.5486725663716814,0.12836438923395446,0.20805369127516782,0.7996952143697017,0.3091585424213772,0.3091585424213772,0.24768381432632514,0.005988023952095809,0.8716356107660456,62,51,8466,421,0.043185065726869844,422020,46.89111111111111,0.37059730306228095,0.012555555555555556,Hybrid_WithoutSequence
0.9471111111111111,0.5550944147510606,0.5333333333333333,0.11594202898550725,0.1904761904761905,0.7996952143697017,0.3091585424213772,0.3091585424213772,0.23125271113933452,0.005753199483386168,0.8840579710144928,56,49,8468,427,0.043185065726869844,427980,47.553333333333335,0.375,0.011666666666666667,Hybrid_WithoutSequence
0.9468888888888889,0.5422826251041942,0.5308641975308642,0.08902691511387163,0.1524822695035461,0.7996952143697017,0.3091585424213772,0.3091585424213772,0.20179399381501514,0.004461664905483152,0.9109730848861284,43,38,8479,440,0.043185065726869844,440760,48.973333333333336,0.385,0.009,Hybrid_WithoutSequence
0.9471111111111111,0.5375175844875831,0.5507246376811594,0.07867494824016563,0.13768115942028986,0.7996952143697017,0.3091585424213772,0.3091585424213772,0.19386846149291942,0.003639779264999413,0.9213250517598344,38,31,8486,445,0.043185065726869844,445620,49.513333333333335,0.395,0.007666666666666666,Hybrid_WithoutSequence
0.947,0.5306234443790534,0.5535714285714286,0.06418219461697723,0.1150278293135436,0.7996952143697017,0.3091585424213772,0.3091585424213772,0.17552582071770714,0.0029353058588704943,0.9358178053830227,31,25,8492,452,0.043185065726869844,452500,50.27777777777778,0.405,0.006222222222222222,Hybrid_WithoutSequence
0.9474444444444444,0.5279287971371834,0.6086956521739131,0.057971014492753624,0.10586011342155008,0.7996952143697017,0.3091585424213772,0.3091585424213772,0.17652720920391465,0.0021134202183867557,0.9420289855072463,28,18,8499,455,0.043185065726869844,455360,50.595555555555556,0.41500000000000004,0.005111111111111111,Hybrid_WithoutSequence
0.9473333333333334,0.5200581664584605,0.6451612903225806,0.041407867494824016,0.07782101167315175,0.7996952143697017,0.3091585424213772,0.3091585424213772,0.15430686816528152,0.0012915345779030175,0.9585921325051759,20,11,8506,463,0.043185065726869844,463220,51.46888888888889,0.425,0.0034444444444444444,Hybrid_WithoutSequence
0.9466666666666667,0.5118940051938505,0.5714285714285714,0.024844720496894408,0.047619047619047616,0.7996952143697017,0.3091585424213772,0.3091585424213772,0.11110954658337559,0.0010567101091933778,0.9751552795031055,12,9,8508,471,0.043185065726869844,471180,52.35333333333333,0.435,0.0023333333333333335,Hybrid_WithoutSequence
0.9465555555555556,0.5098823179362867,0.5555555555555556,0.020703933747412008,0.03992015968063873,0.7996952143697017,0.3091585424213772,0.3091585424213772,0.09969719252704619,0.0009392978748385582,0.979296066252588,10,8,8509,473,0.043185065726869844,473160,52.57333333333333,0.445,0.002,Hybrid_WithoutSequence
0.9465555555555556,0.5079293367959004,0.5714285714285714,0.016563146997929608,0.03219315895372234,0.7996952143697017,0.3091585424213772,0.3091585424213772,0.09068522282411445,0.0007044734061289186,0.9834368530020704,8,6,8511,475,0.043185065726869844,475120,52.791111111111114,0.455,0.0015555555555555555,Hybrid_WithoutSequence
0.9463333333333334,0.5039059622807728,0.5,0.008281573498964804,0.016293279022403257,0.7996952143697017,0.3091585424213772,0.3091585424213772,0.05907473567805806,0.0004696489374192791,0.9917184265010351,4,4,8513,479,0.043185065726869844,479080,53.23111111111111,0.465,0.0008888888888888889,Hybrid_WithoutSequence
0.9463333333333334,0.5019529811403864,0.5,0.004140786749482402,0.008213552361396304,0.7996952143697017,0.3091585424213772,0.3091585424213772,0.041762858335566824,0.00023482446870963955,0.9958592132505176,2,2,8515,481,0.043185065726869844,481040,53.44888888888889,0.47500000000000003,0.00044444444444444447,Hybrid_WithoutSequence
0.9464444444444444,0.5010351966873706,1.0,0.002070393374741201,0.004132231404958678,0.7996952143697017,0.3091585424213772,0.3091585424213772,0.04426623979796273,0.0,0.9979296066252588,1,0,8517,482,0.043185065726869844,482000,53.55555555555556,0.485,0.00011111111111111112,Hybrid_WithoutSequence
0.9464444444444444,0.5010351966873706,1.0,0.002070393374741201,0.004132231404958678,0.7996952143697017,0.3091585424213772,0.3091585424213772,0.04426623979796273,0.0,0.9979296066252588,1,0,8517,482,0.043185065726869844,482000,53.55555555555556,0.495,0.00011111111111111112,Hybrid_WithoutSequence
0.9464444444444444,0.5010351966873706,1.0,0.002070393374741201,0.004132231404958678,0.7996952143697017,0.3091585424213772,0.3091585424213772,0.04426623979796273,0.0,0.9979296066252588,1,0,8517,482,0.043185065726869844,482000,53.55555555555556,0.505,0.00011111111111111112,Hybrid_WithoutSequence
0.9464444444444444,0.5010351966873706,1.0,0.002070393374741201,0.004132231404958678,0.7996952143697017,0.3091585424213772,0.3091585424213772,0.04426623979796273,0.0,0.9979296066252588,1,0,8517,482,0.043185065726869844,482000,53.55555555555556,0.510195057010989,0.00011111111111111112,Hybrid_WithoutSequence
0.9463333333333334,0.5,0.0,0.0,0.0,0.7996952143697017,0.3091585424213772,0.3091585424213772,0.0,0.0,1.0,0,0,8517,483,0.043185065726869844,483000,53.666666666666664,0.515,0.0,Hybrid_WithoutSequence
0.9463333333333334,0.5,0.0,0.0,0.0,0.7996952143697017,0.3091585424213772,0.3091585424213772,0.0,0.0,1.0,0,0,8517,483,0.043185065726869844,483000,53.666666666666664,0.525,0.0,Hybrid_WithoutSequence
0.9463333333333334,0.5,0.0,0.0,0.0,0.7996952143697017,0.3091585424213772,0.3091585424213772,0.0,0.0,1.0,0,0,8517,483,0.043185065726869844,483000,53.666666666666664,0.535,0.0,Hybrid_WithoutSequence
0.9463333333333334,0.5,0.0,0.0,0.0,0.7996952143697017,0.3091585424213772,0.3091585424213772,0.0,0.0,1.0,0,0,8517,483,0.043185065726869844,483000,53.666666666666664,0.545,0.0,Hybrid_WithoutSequence
0.9463333333333334,0.5,0.0,0.0,0.0,0.7996952143697017,0.3091585424213772,0.3091585424213772,0.0,0.0,1.0,0,0,8517,483,0.043185065726869844,483000,53.666666666666664,0.555,0.0,Hybrid_WithoutSequence
0.9463333333333334,0.5,0.0,0.0,0.0,0.7996952143697017,0.3091585424213772,0.3091585424213772,0.0,0.0,1.0,0,0,8517,483,0.043185065726869844,483000,53.666666666666664,0.5650000000000001,0.0,Hybrid_WithoutSequence
0.9463333333333334,0.5,0.0,0.0,0.0,0.7996952143697017,0.3091585424213772,0.3091585424213772,0.0,0.0,1.0,0,0,8517,483,0.043185065726869844,483000,53.666666666666664,0.5750000000000001,0.0,Hybrid_WithoutSequence
0.9463333333333334,0.5,0.0,0.0,0.0,0.7996952143697017,0.3091585424213772,0.3091585424213772,0.0,0.0,1.0,0,0,8517,483,0.043185065726869844,483000,53.666666666666664,0.585,0.0,Hybrid_WithoutSequence
0.9463333333333334,0.5,0.0,0.0,0.0,0.7996952143697017,0.3091585424213772,0.3091585424213772,0.0,0.0,1.0,0,0,8517,483,0.043185065726869844,483000,53.666666666666664,0.595,0.0,Hybrid_WithoutSequence
0.9463333333333334,0.5,0.0,0.0,0.0,0.7996952143697017,0.3091585424213772,0.3091585424213772,0.0,0.0,1.0,0,0,8517,483,0.043185065726869844,483000,53.666666666666664,0.605,0.0,Hybrid_WithoutSequence
0.9463333333333334,0.5,0.0,0.0,0.0,0.7996952143697017,0.3091585424213772,0.3091585424213772,0.0,0.0,1.0,0,0,8517,483,0.043185065726869844,483000,53.666666666666664,0.615,0.0,Hybrid_WithoutSequence
0.9463333333333334,0.5,0.0,0.0,0.0,0.7996952143697017,0.3091585424213772,0.3091585424213772,0.0,0.0,1.0,0,0,8517,483,0.043185065726869844,483000,53.666666666666664,0.625,0.0,Hybrid_WithoutSequence
0.9463333333333334,0.5,0.0,0.0,0.0,0.7996952143697017,0.3091585424213772,0.3091585424213772,0.0,0.0,1.0,0,0,8517,483,0.043185065726869844,483000,53.666666666666664,0.635,0.0,Hybrid_WithoutSequence
0.9463333333333334,0.5,0.0,0.0,0.0,0.7996952143697017,0.3091585424213772,0.3091585424213772,0.0,0.0,1.0,0,0,8517,483,0.043185065726869844,483000,53.666666666666664,0.645,0.0,Hybrid_WithoutSequence
0.9463333333333334,0.5,0.0,0.0,0.0,0.7996952143697017,0.3091585424213772,0.3091585424213772,0.0,0.0,1.0,0,0,8517,483,0.043185065726869844,483000,53.666666666666664,0.655,0.0,Hybrid_WithoutSequence
0.9463333333333334,0.5,0.0,0.0,0.0,0.7996952143697017,0.3091585424213772,0.3091585424213772,0.0,0.0,1.0,0,0,8517,483,0.043185065726869844,483000,53.666666666666664,0.665,0.0,Hybrid_WithoutSequence
0.9463333333333334,0.5,0.0,0.0,0.0,0.7996952143697017,0.3091585424213772,0.3091585424213772,0.0,0.0,1.0,0,0,8517,483,0.043185065726869844,483000,53.666666666666664,0.675,0.0,Hybrid_WithoutSequence
0.9463333333333334,0.5,0.0,0.0,0.0,0.7996952143697017,0.3091585424213772,0.3091585424213772,0.0,0.0,1.0,0,0,8517,483,0.043185065726869844,483000,53.666666666666664,0.685,0.0,Hybrid_WithoutSequence
0.9463333333333334,0.5,0.0,0.0,0.0,0.7996952143697017,0.3091585424213772,0.3091585424213772,0.0,0.0,1.0,0,0,8517,483,0.043185065726869844,483000,53.666666666666664,0.6950000000000001,0.0,Hybrid_WithoutSequence
0.9463333333333334,0.5,0.0,0.0,0.0,0.7996952143697017,0.3091585424213772,0.3091585424213772,0.0,0.0,1.0,0,0,8517,483,0.043185065726869844,483000,53.666666666666664,0.7050000000000001,0.0,Hybrid_WithoutSequence
0.9463333333333334,0.5,0.0,0.0,0.0,0.7996952143697017,0.3091585424213772,0.3091585424213772,0.0,0.0,1.0,0,0,8517,483,0.043185065726869844,483000,53.666666666666664,0.715,0.0,Hybrid_WithoutSequence
0.9463333333333334,0.5,0.0,0.0,0.0,0.7996952143697017,0.3091585424213772,0.3091585424213772,0.0,0.0,1.0,0,0,8517,483,0.043185065726869844,483000,53.666666666666664,0.725,0.0,Hybrid_WithoutSequence
0.9463333333333334,0.5,0.0,0.0,0.0,0.7996952143697017,0.3091585424213772,0.3091585424213772,0.0,0.0,1.0,0,0,8517,483,0.043185065726869844,483000,53.666666666666664,0.735,0.0,Hybrid_WithoutSequence
0.9463333333333334,0.5,0.0,0.0,0.0,0.7996952143697017,0.3091585424213772,0.3091585424213772,0.0,0.0,1.0,0,0,8517,483,0.043185065726869844,483000,53.666666666666664,0.745,0.0,Hybrid_WithoutSequence
0.9463333333333334,0.5,0.0,0.0,0.0,0.7996952143697017,0.3091585424213772,0.3091585424213772,0.0,0.0,1.0,0,0,8517,483,0.043185065726869844,483000,53.666666666666664,0.755,0.0,Hybrid_WithoutSequence
0.9463333333333334,0.5,0.0,0.0,0.0,0.7996952143697017,0.3091585424213772,0.3091585424213772,0.0,0.0,1.0,0,0,8517,483,0.043185065726869844,483000,53.666666666666664,0.765,0.0,Hybrid_WithoutSequence
0.9463333333333334,0.5,0.0,0.0,0.0,0.7996952143697017,0.3091585424213772,0.3091585424213772,0.0,0.0,1.0,0,0,8517,483,0.043185065726869844,483000,53.666666666666664,0.775,0.0,Hybrid_WithoutSequence
0.9463333333333334,0.5,0.0,0.0,0.0,0.7996952143697017,0.3091585424213772,0.3091585424213772,0.0,0.0,1.0,0,0,8517,483,0.043185065726869844,483000,53.666666666666664,0.785,0.0,Hybrid_WithoutSequence
0.9463333333333334,0.5,0.0,0.0,0.0,0.7996952143697017,0.3091585424213772,0.3091585424213772,0.0,0.0,1.0,0,0,8517,483,0.043185065726869844,483000,53.666666666666664,0.795,0.0,Hybrid_WithoutSequence
0.9463333333333334,0.5,0.0,0.0,0.0,0.7996952143697017,0.3091585424213772,0.3091585424213772,0.0,0.0,1.0,0,0,8517,483,0.043185065726869844,483000,53.666666666666664,0.805,0.0,Hybrid_WithoutSequence
0.9463333333333334,0.5,0.0,0.0,0.0,0.7996952143697017,0.3091585424213772,0.3091585424213772,0.0,0.0,1.0,0,0,8517,483,0.043185065726869844,483000,53.666666666666664,0.8150000000000001,0.0,Hybrid_WithoutSequence
0.9463333333333334,0.5,0.0,0.0,0.0,0.7996952143697017,0.3091585424213772,0.3091585424213772,0.0,0.0,1.0,0,0,8517,483,0.043185065726869844,483000,53.666666666666664,0.8250000000000001,0.0,Hybrid_WithoutSequence
0.9463333333333334,0.5,0.0,0.0,0.0,0.7996952143697017,0.3091585424213772,0.3091585424213772,0.0,0.0,1.0,0,0,8517,483,0.043185065726869844,483000,53.666666666666664,0.8350000000000001,0.0,Hybrid_WithoutSequence
0.9463333333333334,0.5,0.0,0.0,0.0,0.7996952143697017,0.3091585424213772,0.3091585424213772,0.0,0.0,1.0,0,0,8517,483,0.043185065726869844,483000,53.666666666666664,0.845,0.0,Hybrid_WithoutSequence
0.9463333333333334,0.5,0.0,0.0,0.0,0.7996952143697017,0.3091585424213772,0.3091585424213772,0.0,0.0,1.0,0,0,8517,483,0.043185065726869844,483000,53.666666666666664,0.855,0.0,Hybrid_WithoutSequence
0.9463333333333334,0.5,0.0,0.0,0.0,0.7996952143697017,0.3091585424213772,0.3091585424213772,0.0,0.0,1.0,0,0,8517,483,0.043185065726869844,483000,53.666666666666664,0.865,0.0,Hybrid_WithoutSequence
0.9463333333333334,0.5,0.0,0.0,0.0,0.7996952143697017,0.3091585424213772,0.3091585424213772,0.0,0.0,1.0,0,0,8517,483,0.043185065726869844,483000,53.666666666666664,0.875,0.0,Hybrid_WithoutSequence
0.9463333333333334,0.5,0.0,0.0,0.0,0.7996952143697017,0.3091585424213772,0.3091585424213772,0.0,0.0,1.0,0,0,8517,483,0.043185065726869844,483000,53.666666666666664,0.885,0.0,Hybrid_WithoutSequence
0.9463333333333334,0.5,0.0,0.0,0.0,0.7996952143697017,0.3091585424213772,0.3091585424213772,0.0,0.0,1.0,0,0,8517,483,0.043185065726869844,483000,53.666666666666664,0.895,0.0,Hybrid_WithoutSequence
0.9463333333333334,0.5,0.0,0.0,0.0,0.7996952143697017,0.3091585424213772,0.3091585424213772,0.0,0.0,1.0,0,0,8517,483,0.043185065726869844,483000,53.666666666666664,0.905,0.0,Hybrid_WithoutSequence
0.9463333333333334,0.5,0.0,0.0,0.0,0.7996952143697017,0.3091585424213772,0.3091585424213772,0.0,0.0,1.0,0,0,8517,483,0.043185065726869844,483000,53.666666666666664,0.915,0.0,Hybrid_WithoutSequence
0.9463333333333334,0.5,0.0,0.0,0.0,0.7996952143697017,0.3091585424213772,0.3091585424213772,0.0,0.0,1.0,0,0,8517,483,0.043185065726869844,483000,53.666666666666664,0.925,0.0,Hybrid_WithoutSequence
0.9463333333333334,0.5,0.0,0.0,0.0,0.7996952143697017,0.3091585424213772,0.3091585424213772,0.0,0.0,1.0,0,0,8517,483,0.043185065726869844,483000,53.666666666666664,0.935,0.0,Hybrid_WithoutSequence
0.9463333333333334,0.5,0.0,0.0,0.0,0.7996952143697017,0.3091585424213772,0.3091585424213772,0.0,0.0,1.0,0,0,8517,483,0.043185065726869844,483000,53.666666666666664,0.9450000000000001,0.0,Hybrid_WithoutSequence
0.9463333333333334,0.5,0.0,0.0,0.0,0.7996952143697017,0.3091585424213772,0.3091585424213772,0.0,0.0,1.0,0,0,8517,483,0.043185065726869844,483000,53.666666666666664,0.9550000000000001,0.0,Hybrid_WithoutSequence
0.9463333333333334,0.5,0.0,0.0,0.0,0.7996952143697017,0.3091585424213772,0.3091585424213772,0.0,0.0,1.0,0,0,8517,483,0.043185065726869844,483000,53.666666666666664,0.965,0.0,Hybrid_WithoutSequence
0.9463333333333334,0.5,0.0,0.0,0.0,0.7996952143697017,0.3091585424213772,0.3091585424213772,0.0,0.0,1.0,0,0,8517,483,0.043185065726869844,483000,53.666666666666664,0.975,0.0,Hybrid_WithoutSequence
0.9463333333333334,0.5,0.0,0.0,0.0,0.7996952143697017,0.3091585424213772,0.3091585424213772,0.0,0.0,1.0,0,0,8517,483,0.043185065726869844,483000,53.666666666666664,0.985,0.0,Hybrid_WithoutSequence
0.9463333333333334,0.5,0.0,0.0,0.0,0.7996952143697017,0.3091585424213772,0.3091585424213772,0.0,0.0,1.0,0,0,8517,483,0.043185065726869844,483000,53.666666666666664,0.995,0.0,Hybrid_WithoutSequence
0.9463333333333334,0.5,0.0,0.0,0.0,0.7996952143697017,0.3091585424213772,0.3091585424213772,0.0,0.0,1.0,0,0,8517,483,0.043185065726869844,483000,53.666666666666664,1.000001,0.0,Hybrid_WithoutSequence
0.05366666666666667,0.5,0.05366666666666667,1.0,0.1018664979436887,0.8036556287011897,0.30559705193934855,0.30559705193934855,0.0,1.0,0.0,483,8517,0,0,0.043170186757050096,170340,18.926666666666666,0.004843541602036319,1.0,WithoutGraphFeatures
0.05377777777777778,0.5000587061171774,0.05367263029225469,1.0,0.10187724108837796,0.8036556287011897,0.30559705193934855,0.30559705193934855,0.002510343292522719,0.9998825877656452,0.0,483,8516,1,0,0.043170186757050096,170320,18.924444444444443,0.005,0.9998888888888889,WithoutGraphFeatures
0.066,0.5055398884364993,0.054236525261618096,0.9979296066252588,0.10288153681963713,0.8036556287011897,0.30559705193934855,0.30559705193934855,0.022424929776826103,0.9868498297522602,0.002070393374741201,482,8405,112,1,0.043170186757050096,169100,18.788888888888888,0.009007227698213091,0.9874444444444445,WithoutGraphFeatures
0.07822222222222222,0.5110210707558213,0.054814814814814816,0.9958592132505176,0.1039101317779218,0.8036556287011897,0.30559705193934855,0.30559705193934855,0.03181675279333933,0.9738170717388752,0.004140786749482402,481,8294,223,2,0.043170186757050096,167880,18.653333333333332,0.010059747044118059,0.975,WithoutGraphFeatures
0.09055555555555556,0.5165609591923205,0.055414453936735164,0.9937888198757764,0.10497539639147073,0.8036556287011897,0.30559705193934855,0.30559705193934855,0.03926132316285276,0.9606669014911354,0.006211180124223602,480,8182,335,3,0.043170186757050096,166640,18.515555555555554,0.010844941199387352,0.9624444444444444,WithoutGraphFeatures
0.103,0.5231360443161904,0.056140350877192984,0.9937888198757764,0.1062769843905679,0.8036556287011897,0.30559705193934855,0.30559705193934855,0.047846114792738335,0.9475167312433955,0.006211180124223602,480,8070,447,3,0.043170186757050096,164400,18.266666666666666,0.011373736965159118,0.95,WithoutGraphFeatures
0.11511111111111111,0.5275820299481417,0.05665520919758208,0.989648033126294,0.10717488789237668,0.8036556287011897,0.30559705193934855,0.30559705193934855,0.05133633831527163,0.9344839732300105,0.010351966873706004,478,7959,558,5,0.043170186757050096,164180,18.24222222222222,0.011958289192464274,0.9374444444444444,WithoutGraphFeatures
0.12688888888888888,0.5308754066583676,0.057057057057057055,0.9834368530020704,0.10785649409627611,0.8036556287011897,0.30559705193934855,0.30559705193934855,0.05283425203001678,0.9216860396853352,0.016563146997929608,475,7850,667,8,0.043170186757050096,165000,18.333333333333332,0.012386513323926531,0.925,WithoutGraphFeatures
0.13922222222222222,0.5364152950948669,0.05772040915733073,0.9813664596273292,0.10902817711328348,0.8036556287011897,0.30559705193934855,0.30559705193934855,0.05806883848815507,0.9085358694375953,0.018633540372670808,474,7738,779,9,0.043170186757050096,163760,18.195555555555554,0.012890010124240214,0.9124444444444444,WithoutGraphFeatures
0.15166666666666667,0.5429903802187368,0.05851851851851852,0.9813664596273292,0.11045089129674938,0.8036556287011897,0.30559705193934855,0.30559705193934855,0.06458838221787157,0.8953856991898556,0.018633540372670808,474,7626,891,9,0.043170186757050096,161520,17.946666666666665,0.013375248076510929,0.9,WithoutGraphFeatures
0.164,0.5485302686552361,0.05922123450607237,0.979296066252588,0.1116883116883117,0.8036556287011897,0.30559705193934855,0.30559705193934855,0.06920907029313965,0.8822355289421158,0.020703933747412008,473,7514,1003,10,0.043170186757050096,160280,17.808888888888887,0.013795024233374776,0.8874444444444445,WithoutGraphFeatures
0.17622222222222222,0.554011450974558,0.059936507936507934,0.9772256728778468,0.11294568078487675,0.8036556287011897,0.30559705193934855,0.30559705193934855,0.07360904557069516,0.8692027709287308,0.022774327122153208,472,7403,1114,11,0.043170186757050096,159060,17.673333333333332,0.014205164562786822,0.875,WithoutGraphFeatures
0.18855555555555556,0.5595513394110573,0.06068023705230611,0.9751552795031055,0.11425106124924198,0.8036556287011897,0.30559705193934855,0.30559705193934855,0.07792759568400948,0.856052600680991,0.024844720496894408,471,7291,1226,12,0.043170186757050096,157820,17.535555555555554,0.014581138663499162,0.8624444444444445,WithoutGraphFeatures
0.20033333333333334,0.5628447161212832,0.0611764705882353,0.968944099378882,0.1150866838804869,0.8036556287011897,0.30559705193934855,0.30559705193934855,0.0793264559128903,0.8432546671363156,0.031055900621118012,468,7182,1335,15,0.043170186757050096,158640,17.626666666666665,0.014887682804514179,0.85,WithoutGraphFeatures
0.20333333333333334,0.56345329071488,0.06127804750032804,0.9668737060041408,0.11525172754195458,0.8036556287011897,0.30559705193934855,0.30559705193934855,0.07939861383961107,0.8399671245743806,0.033126293995859216,467,7154,1363,16,0.043170186757050096,159080,17.675555555555555,0.015,0.8467777777777777,WithoutGraphFeatures
0.21244444444444444,0.5672907017532345,0.06182831365264694,0.9648033126293996,0.11620947630922693,0.8036556287011897,0.30559705193934855,0.30559705193934855,0.08220164741942589,0.8302219091229306,0.035196687370600416,466,7071,1446,17,0.043170186757050096,158420,17.602222222222224,0.015284259636716466,0.8374444444444444,WithoutGraphFeatures
0.2248888888888889,0.5738657868771044,0.06276094276094277,0.9648033126293996,0.11785533636823471,0.8036556287011897,0.30559705193934855,0.30559705193934855,0.0876196885755279,0.8170717388751908,0.035196687370600416,466,6959,1558,17,0.043170186757050096,156180,17.35333333333333,0.015657806062573935,0.825,WithoutGraphFeatures
0.23655555555555555,0.5761239668999597,0.06318380743982495,0.9565217391304348,0.1185375240538807,0.8036556287011897,0.30559705193934855,0.30559705193934855,0.08789496224007462,0.8042738053305154,0.043478260869565216,462,6850,1667,21,0.043170186757050096,158000,17.555555555555557,0.01602812191535359,0.8124444444444444,WithoutGraphFeatures
0.249,0.5826990520238295,0.06416666666666666,0.9565217391304348,0.1202655212807497,0.8036556287011897,0.30559705193934855,0.30559705193934855,0.0931847651845628,0.7911236350827756,0.043478260869565216,462,6738,1779,21,0.043170186757050096,155760,17.30666666666667,0.016371475914488034,0.8,WithoutGraphFeatures
0.2611111111111111,0.5871450376557809,0.06490757725412727,0.9523809523809523,0.12153236459709378,0.8036556287011897,0.30559705193934855,0.30559705193934855,0.0960065459296068,0.7780908770693906,0.047619047619047616,460,6627,1890,23,0.043170186757050096,155540,17.282222222222224,0.016674986794735922,0.7874444444444444,WithoutGraphFeatures
0.27311111111111114,0.5915323171705548,0.06566308243727599,0.94824016563147,0.1228211316706892,0.8036556287011897,0.30559705193934855,0.30559705193934855,0.09879539949816635,0.7651755312903604,0.051759834368530024,458,6517,2000,25,0.043170186757050096,155340,17.26,0.0169331588442762,0.775,WithoutGraphFeatures
0.2852222222222222,0.5959783028025061,0.06645292917516758,0.9440993788819876,0.1241660993873383,0.8036556287011897,0.30559705193934855,0.30559705193934855,0.10164610543922804,0.7521427732769754,0.055900621118012424,456,6406,2111,27,0.043170186757050096,155120,17.235555555555557,0.017226095553935623,0.7624444444444445,WithoutGraphFeatures
0.29744444444444446,0.6014594851218279,0.0674074074074074,0.9420289855072463,0.1258122494124153,0.8036556287011897,0.30559705193934855,0.30559705193934855,0.10560789670277808,0.7391100152635904,0.057971014492753624,455,6295,2222,28,0.043170186757050096,153900,17.1,0.017535296076164282,0.75,WithoutGraphFeatures
0.30955555555555553,0.6059054707537792,0.06825372909447039,0.937888198757764,0.12724719101123597,0.8036556287011897,0.30559705193934855,0.30559705193934855,0.10847945884794981,0.7260772572502054,0.062111801242236024,453,6184,2333,30,0.043170186757050096,153680,17.075555555555557,0.017840239628634763,0.7374444444444445,WithoutGraphFeatures
0.3217777777777778,0.6113866530731011,0.069272030651341,0.9358178053830227,0.12899543378995434,0.8036556287011897,0.30559705193934855,0.30559705193934855,0.11243516965920282,0.7130444992368205,0.06418219461697723,452,6073,2444,31,0.043170186757050096,152460,16.94,0.01811066476413607,0.725,WithoutGraphFeatures
0.3338888888888889,0.6158326387050524,0.0701809107922645,0.9316770186335404,0.13052936910804933,0.8036556287011897,0.30559705193934855,0.30559705193934855,0.11534504469232613,0.7000117412234355,0.06832298136645963,450,5962,2555,33,0.043170186757050096,152240,16.915555555555557,0.018347988709289532,0.7124444444444444,WithoutGraphFeatures
0.3458888888888889,0.6202199182198264,0.07111111111111111,0.927536231884058,0.1320949432404541,0.8036556287011897,0.30559705193934855,0.30559705193934855,0.1182418336715455,0.6870963954444053,0.07246376811594203,448,5852,2665,35,0.043170186757050096,152040,16.893333333333334,0.018661923925871446,0.7,WithoutGraphFeatures
0.35755555555555557,0.6224780982426816,0.07176337481816712,0.9192546583850931,0.1331334332833583,0.8036556287011897,0.30559705193934855,0.30559705193934855,0.11909139839999797,0.67429846189973,0.08074534161490683,444,5743,2774,39,0.043170186757050096,153860,17.095555555555556,0.018944182474910094,0.6874444444444444,WithoutGraphFeatures
0.36977777777777776,0.6279592805620036,0.07292181069958847,0.917184265010352,0.13510216529429706,0.8036556287011897,0.30559705193934855,0.30559705193934855,0.12313530712988813,0.661265703886345,0.08281573498964803,443,5632,2885,40,0.043170186757050096,152640,16.96,0.019237911756995865,0.675,WithoutGraphFeatures
0.38166666666666665,0.6313113633894067,0.07380073800738007,0.9109730848861284,0.1365399534522886,0.8036556287011897,0.30559705193934855,0.30559705193934855,0.12515820462503618,0.6483503581073148,0.08902691511387163,440,5522,2995,43,0.043170186757050096,153440,17.04888888888889,0.01955487650980072,0.6624444444444444,WithoutGraphFeatures
0.3938888888888889,0.6367925457087287,0.07504273504273504,0.9089026915113871,0.13863887573030156,0.8036556287011897,0.30559705193934855,0.30559705193934855,0.12926355823678876,0.6353176000939298,0.09109730848861283,439,5411,3106,44,0.043170186757050096,152220,16.913333333333334,0.019893624978045078,0.65,WithoutGraphFeatures
0.40644444444444444,0.643426336949776,0.07652082970193481,0.9089026915113871,0.14115755627009646,0.8036556287011897,0.30559705193934855,0.30559705193934855,0.1344698219030716,0.6220500176118352,0.09109730848861283,439,5298,3219,44,0.043170186757050096,149960,16.662222222222223,0.020214208099454387,0.6374444444444445,WithoutGraphFeatures
0.4182222222222222,0.6467197136600018,0.07751111111111111,0.9026915113871635,0.14276358873608383,0.8036556287011897,0.30559705193934855,0.30559705193934855,0.13659575515650962,0.6092520840671598,0.09730848861283643,436,5189,3328,47,0.043170186757050096,150780,16.753333333333334,0.02052373347434412,0.625,WithoutGraphFeatures
0.4305555555555556,0.6522596020965012,0.07891872278664731,0.9006211180124224,0.1451209341117598,0.8036556287011897,0.30559705193934855,0.30559705193934855,0.14086034008391285,0.59610191381942,0.09937888198757763,435,5077,3440,48,0.043170186757050096,149540,16.615555555555556,0.020867304573411495,0.6124444444444445,WithoutGraphFeatures
0.44233333333333336,0.6555529788067271,0.08,0.8944099378881988,0.14686384497705254,0.8036556287011897,0.30559705193934855,0.30559705193934855,0.14311234122028887,0.5833039802747446,0.10559006211180125,432,4968,3549,51,0.043170186757050096,150360,16.706666666666667,0.02122779881713109,0.6,WithoutGraphFeatures
0.45444444444444443,0.6599989644386783,0.0813315679969737,0.8902691511387164,0.14904679376083188,0.8036556287011897,0.30559705193934855,0.30559705193934855,0.14648627201807274,0.5702712222613596,0.10973084886128365,430,4857,3660,53,0.043170186757050096,150140,16.682222222222222,0.021595106930993025,0.5874444444444444,WithoutGraphFeatures
0.466,0.6621984383443562,0.08231884057971015,0.8819875776397516,0.1505832449628844,0.8036556287011897,0.30559705193934855,0.30559705193934855,0.1478844996668852,0.5575907009510391,0.11801242236024845,426,4749,3768,57,0.043170186757050096,151980,16.886666666666667,0.021992981260214463,0.575,WithoutGraphFeatures
0.47788888888888886,0.6655505211717595,0.08356380877123666,0.8757763975155279,0.15256988277727682,0.8036556287011897,0.30559705193934855,0.30559705193934855,0.15041062318735218,0.5446753551720089,0.12422360248447205,423,4639,3878,60,0.043170186757050096,152780,16.975555555555555,0.022388955654870552,0.5624444444444444,WithoutGraphFeatures
0.4901111111111111,0.6710317034910813,0.08525252525252525,0.8737060041407867,0.15534695380084668,0.8036556287011897,0.30559705193934855,0.30559705193934855,0.1549506473424905,0.5316425971586239,0.12629399585921325,422,4528,3989,61,0.043170186757050096,151560,16.84,0.022849580940398812,0.55,WithoutGraphFeatures
0.5022222222222222,0.6754776891230327,0.08683068017366136,0.8695652173913043,0.15789473684210525,0.8036556287011897,0.30559705193934855,0.30559705193934855,0.15862715751036618,0.518609839145239,0.13043478260869565,420,4417,4100,63,0.043170186757050096,151340,16.815555555555555,0.023260186438398067,0.5374444444444444,WithoutGraphFeatures
0.5142222222222222,0.6798649686378067,0.08846560846560847,0.865424430641822,0.16052227342549924,0.8036556287011897,0.30559705193934855,0.30559705193934855,0.1623396125125288,0.5056944933662088,0.13457556935817805,418,4307,4210,65,0.043170186757050096,151140,16.793333333333333,0.023728916126817316,0.525,WithoutGraphFeatures
0.5258888888888889,0.6821231486606618,0.08976582827406765,0.8571428571428571,0.16251226692836113,0.8036556287011897,0.30559705193934855,0.30559705193934855,0.16422303572265443,0.4928965598215334,0.14285714285714285,414,4198,4319,69,0.043170186757050096,152960,16.995555555555555,0.024221925726261275,0.5124444444444445,WithoutGraphFeatures
0.5376666666666666,0.6854165253708877,0.09133333333333334,0.8509316770186336,0.1649608669476219,0.8036556287011897,0.30559705193934855,0.30559705193934855,0.1671409280294539,0.48009862627685806,0.14906832298136646,411,4089,4428,72,0.043170186757050096,153780,17.086666666666666,0.024794907393658173,0.5,WithoutGraphFeatures
0.5427777777777778,0.6871405161908555,0.09209344115004492,0.8488612836438924,0.1661600810536981,0.8036556287011897,0.30559705193934855,0.30559705193934855,0.1687045912211216,0.4745802512621815,0.15113871635610765,410,4042,4475,73,0.043170186757050096,153840,17.093333333333334,0.025,0.49466666666666664,WithoutGraphFeatures
0.5496666666666666,0.6898038048856616,0.09320875113947129,0.8467908902691511,0.16793266269759805,0.8036556287011897,0.30559705193934855,0.30559705193934855,0.1711487927770843,0.46718328049782787,0.15320910973084886,409,3979,4538,74,0.043170186757050096,153580,17.064444444444444,0.0253121298831781,0.4875555555555556,WithoutGraphFeatures
0.5617777777777778,0.6942497905176129,0.0952046783625731,0.8426501035196687,0.1710802858343842,0.8036556287011897,0.30559705193934855,0.30559705193934855,0.17532283224517137,0.4541505224844429,0.15734989648033126,407,3868,4649,76,0.043170186757050096,153360,17.04,0.025925615320808643,0.475,WithoutGraphFeatures
0.5731111111111111,0.6953553616187428,0.09656497717991833,0.8322981366459627,0.1730520878174774,0.8036556287011897,0.30559705193934855,0.30559705193934855,0.17659604404901735,0.4415874134084772,0.16770186335403728,402,3761,4756,81,0.043170186757050096,156220,17.357777777777777,0.026568976103476912,0.46255555555555555,WithoutGraphFeatures
0.5847777777777777,0.6976135416415981,0.09827160493827161,0.8240165631469979,0.1756011471431723,0.8036556287011897,0.30559705193934855,0.30559705193934855,0.17903315920959967,0.4287894798638018,0.17598343685300208,398,3652,4865,85,0.043170186757050096,158040,17.56,0.027236310077934606,0.45,WithoutGraphFeatures
0.5965555555555555,0.700906918351824,0.10030472320975115,0.8178053830227743,0.17869260348337482,0.8036556287011897,0.30559705193934855,0.30559705193934855,0.1825336131717546,0.41599154631912644,0.18219461697722567,395,3543,4974,88,0.043170186757050096,158860,17.65111111111111,0.027902801701887567,0.43755555555555553,WithoutGraphFeatures
0.6077777777777778,0.7009772927655833,0.10169934640522876,0.8053830227743272,0.18059424326833798,0.8036556287011897,0.30559705193934855,0.30559705193934855,0.18324113775955814,0.40342843724316074,0.19461697722567287,389,3436,5081,94,0.043170186757050096,162720,18.08,0.028561768552192186,0.425,WithoutGraphFeatures
0.6197777777777778,0.705364572280357,0.10422838674925936,0.8012422360248447,0.18446139180171592,0.8036556287011897,0.30559705193934855,0.30559705193934855,0.18802053315454598,0.39051309146413055,0.19875776397515527,387,3326,5191,96,0.043170186757050096,162520,18.057777777777776,0.02937141652417318,0.41255555555555556,WithoutGraphFeatures
0.6318888888888889,0.7098105579123084,0.10694444444444444,0.7971014492753623,0.18858682341415625,0.8036556287011897,0.30559705193934855,0.30559705193934855,0.19303056994410273,0.37748033345074555,0.2028985507246377,385,3215,5302,98,0.043170186757050096,162300,18.033333333333335,0.03009144691455571,0.4,WithoutGraphFeatures
0.6438888888888888,0.7141978374270823,0.10980504587155963,0.7929606625258799,0.19289851422815413,0.8036556287011897,0.30559705193934855,0.30559705193934855,0.1981614283090972,0.3645649876717154,0.2070393374741201,383,3105,5412,100,0.043170186757050096,162100,18.011111111111113,0.03087839804896584,0.38755555555555554,WithoutGraphFeatures
0.6557777777777778,0.7175499202544855,0.11259259259259259,0.7867494824016563,0.19699326075686885,0.8036556287011897,0.30559705193934855,0.30559705193934855,0.20253853350792808,0.3516496418926852,0.21325051759834368,380,2995,5522,103,0.043170186757050096,162900,18.1,0.031743264250957096,0.375,WithoutGraphFeatures
0.6671111111111111,0.7186554913556154,0.11492491572172847,0.7763975155279503,0.200213561131874,0.8036556287011897,0.30559705193934855,0.30559705193934855,0.2050011567332588,0.3390865328167195,0.2236024844720497,375,2888,5629,108,0.043170186757050096,165760,18.41777777777778,0.03260626884304162,0.3625555555555556,WithoutGraphFeatures
0.6785555555555556,0.7198197685739227,0.11746031746031746,0.7660455486542443,0.2036884117808973,0.8036556287011897,0.30559705193934855,0.30559705193934855,0.20772100781833425,0.326406011506399,0.23395445134575568,370,2780,5737,113,0.043170186757050096,168600,18.733333333333334,0.03359690174274596,0.35,WithoutGraphFeatures
0.6905555555555556,0.7242070480886965,0.12113232389730086,0.7619047619047619,0.20903152513490486,0.8036556287011897,0.30559705193934855,0.30559705193934855,0.21370086242912464,0.3134906657273688,0.23809523809523808,368,2670,5847,115,0.043170186757050096,168400,18.711111111111112,0.03436234705196724,0.33755555555555555,WithoutGraphFeatures
0.6971111111111111,0.718882293870425,0.12124282337048295,0.7432712215320911,0.20847851335656215,0.8036556287011897,0.30559705193934855,0.30559705193934855,0.20996929865904185,0.30550663379124104,0.2567287784679089,359,2602,5915,124,0.043170186757050096,176040,19.56,0.034999999999999996,0.329,WithoutGraphFeatures
0.7006666666666667,0.7188079084797158,0.12205128205128205,0.7391304347826086,0.20950704225352113,0.8036556287011897,0.30559705193934855,0.30559705193934855,0.2105590066993449,0.3015146178231772,0.2608695652173913,357,2568,5949,126,0.043170186757050096,177360,19.706666666666667,0.035334308642575585,0.325,WithoutGraphFeatures
0.7124444444444444,0.7221012851899417,0.12584429434767153,0.7329192546583851,0.21480582524271846,0.8036556287011897,0.30559705193934855,0.30559705193934855,0.21595985747016927,0.28871668427850183,0.2670807453416149,354,2459,6058,129,0.043170186757050096,178180,19.797777777777778,0.036389367344726906,0.31255555555555553,WithoutGraphFeatures
0.7232222222222222,0.7199838539946048,0.12814814814814815,0.7163561076604554,0.21740496387056238,0.8036556287011897,0.30559705193934855,0.30559705193934855,0.2163642652533922,0.27638839967124573,0.2836438923395445,346,2354,6163,137,0.043170186757050096,184080,20.453333333333333,0.03750731713986654,0.3,WithoutGraphFeatures
0.7343333333333333,0.7199955222911867,0.13137557959814528,0.7039337474120083,0.22142624552263104,0.8036556287011897,0.30559705193934855,0.30559705193934855,0.21906945774931852,0.26394270282963483,0.29606625258799174,340,2248,6269,143,0.043170186757050096,187960,20.884444444444444,0.03864003962675822,0.28755555555555556,WithoutGraphFeatures
0.7462222222222222,0.7233476051185901,0.13616161616161615,0.6977225672877847,0.22785665990534143,0.8036556287011897,0.30559705193934855,0.30559705193934855,0.22545004434242805,0.2510273570506047,0.3022774327122153,337,2138,6379,146,0.043170186757050096,188760,20.973333333333333,0.04005087779856433,0.275,WithoutGraphFeatures
0.7575555555555555,0.7244531762197199,0.1404993652137114,0.6873706004140787,0.23330990864371048,0.8036556287011897,0.30559705193934855,0.30559705193934855,0.22990841662586958,0.23846424797463897,0.31262939958592134,332,2031,6486,151,0.043170186757050096,191620,21.29111111111111,0.041604263333468776,0.26255555555555554,WithoutGraphFeatures
0.769,0.7256174534380271,0.14533333333333334,0.6770186335403726,0.2392974753018661,0.8036556287011897,0.30559705193934855,0.30559705193934855,0.23484235789701324,0.22578372666431842,0.32298136645962733,327,1923,6594,156,0.043170186757050096,194460,21.606666666666666,0.04328462021279872,0.25,WithoutGraphFeatures
0.7788888888888889,0.7288893167264302,0.15067222994900326,0.6728778467908902,0.24621212121212122,0.8036556287011897,0.30559705193934855,0.30559705193934855,0.24167073606265568,0.2150992133380298,0.32712215320910976,325,1832,6685,158,0.043170186757050096,194640,21.626666666666665,0.045,0.23966666666666667,WithoutGraphFeatures
0.7807777777777778,0.728910830148253,0.15154349859681945,0.6708074534161491,0.24723388019839757,0.8036556287011897,0.30559705193934855,0.30559705193934855,0.2424286916732498,0.21298579311964308,0.32919254658385094,324,1814,6703,159,0.043170186757050096,195280,21.697777777777777,0.04525453499090665,0.23755555555555555,WithoutGraphFeatures
0.7922222222222223,0.7300751073665602,0.15753086419753087,0.660455486542443,0.2543859649122807,0.8036556287011897,0.30559705193934855,0.30559705193934855,0.24833154944071512,0.20030527180932253,0.33954451345755693,319,1706,6811,164,0.043170186757050096,198120,22.013333333333332,0.04719860108740033,0.225,WithoutGraphFeatures
0.8033333333333333,0.7300867756631422,0.163617354939885,0.6480331262939959,0.26126878130217024,0.8036556287011897,0.30559705193934855,0.30559705193934855,0.25348358540795507,0.18785957496771163,0.35196687370600416,313,1600,6917,170,0.043170186757050096,202000,22.444444444444443,0.05034285867550707,0.21255555555555555,WithoutGraphFeatures
0.8154444444444444,0.7345327612950934,0.17277777777777778,0.6438923395445134,0.2724485326325011,0.8036556287011897,0.30559705193934855,0.30559705193934855,0.26427002189907756,0.17482681695432664,0.35610766045548653,311,1489,7028,172,0.043170186757050096,201780,22.42,0.05338359039030685,0.2,WithoutGraphFeatures
0.8212222222222222,0.7346560076777391,0.17680826636050517,0.6376811594202898,0.27685393258426966,0.8036556287011897,0.30559705193934855,0.30559705193934855,0.2676985414320234,0.16836914406481154,0.36231884057971014,308,1434,7083,175,0.043170186757050096,203680,22.63111111111111,0.055,0.19355555555555556,WithoutGraphFeatures
0.8267777777777777,0.7356383323962232,0.18127962085308058,0.6335403726708074,0.28189774297558734,0.8036556287011897,0.30559705193934855,0.30559705193934855,0.27207492162749036,0.16226370787836092,0.36645962732919257,306,1382,7135,177,0.043170186757050096,204640,22.73777777777778,0.0570019188085549,0.18755555555555556,WithoutGraphFeatures
0.8377777777777777,0.7346148040054346,0.18984126984126984,0.6190476190476191,0.2905733722060253,0.8036556287011897,0.30559705193934855,0.30559705193934855,0.27830037330227836,0.14981801103675002,0.38095238095238093,299,1276,7241,184,0.043170186757050096,209520,23.28,0.06109412502964285,0.175,WithoutGraphFeatures
0.8482222222222222,0.7313447638883723,0.19822282980177716,0.6004140786749482,0.29804727646454265,0.8036556287011897,0.30559705193934855,0.30559705193934855,0.2826084469028177,0.1377245508982036,0.3995859213250518,290,1173,7344,193,0.043170186757050096,216460,24.051111111111112,0.06489611741699412,0.16255555555555556,WithoutGraphFeatures
0.8484444444444444,0.7314621761227271,0.19849418206707733,0.6004140786749482,0.29835390946502055,0.8036556287011897,0.30559705193934855,0.30559705193934855,0.2829078100620326,0.13748972642949395,0.3995859213250518,290,1171,7346,193,0.043170186757050096,216420,24.046666666666667,0.065,0.16233333333333333,WithoutGraphFeatures
0.8596666666666667,0.7325090411066796,0.2111111111111111,0.5900621118012422,0.31096563011456624,0.8036556287011897,0.30559705193934855,0.30559705193934855,0.29348717500930954,0.12504402958788305,0.40993788819875776,285,1065,7452,198,0.043170186757050096,219300,24.366666666666667,0.0706031659119881,0.15,WithoutGraphFeatures
0.8663333333333333,0.7262665024353923,0.21653543307086615,0.5693581780538303,0.31374786081003997,0.8036556287011897,0.30559705193934855,0.30559705193934855,0.29293788451525127,0.11682517318304568,0.4306418219461698,275,995,7522,208,0.043170186757050096,227900,25.322222222222223,0.07500000000000001,0.1411111111111111,WithoutGraphFeatures
0.8694444444444445,0.7259572925759734,0.22051696284329564,0.5652173913043478,0.31725740848343986,0.8036556287011897,0.30559705193934855,0.30559705193934855,0.2956828295023106,0.11330280615240108,0.43478260869565216,273,965,7552,210,0.043170186757050096,229300,25.477777777777778,0.07628435268552936,0.13755555555555554,WithoutGraphFeatures
0.8795555555555555,0.7205581529669925,0.2328888888888889,0.5424430641821946,0.3258706467661691,0.8036556287011897,0.30559705193934855,0.30559705193934855,0.3005857987481805,0.10132675824820947,0.4575569358178054,262,863,7654,221,0.043170186757050096,238260,26.473333333333333,0.08394198109586286,0.125,WithoutGraphFeatures
0.8811111111111111,0.7213800386074762,0.23582358235823583,0.5424430641821946,0.328732747804266,0.8036556287011897,0.30559705193934855,0.30559705193934855,0.3033313765662468,0.09968298696724198,0.4575569358178054,262,849,7668,221,0.043170186757050096,237980,26.442222222222224,0.085,0.12344444444444444,WithoutGraphFeatures
0.8908888888888888,0.7216637240681224,0.25370187561697927,0.5320910973084886,0.34358288770053474,0.8036556287011897,0.30559705193934855,0.30559705193934855,0.31611488428911844,0.08876364917224375,0.46790890269151136,257,756,7761,226,0.043170186757050096,241120,26.79111111111111,0.09109435363443266,0.11255555555555556,WithoutGraphFeatures
0.8956666666666667,0.7222351059663648,0.2639751552795031,0.5279503105590062,0.35196687370600416,0.8036556287011897,0.30559705193934855,0.30559705193934855,0.3235974363151968,0.08348009862627685,0.4720496894409938,255,711,7806,228,0.043170186757050096,242220,26.913333333333334,0.095,0.10733333333333334,WithoutGraphFeatures
0.9018888888888889,0.7206401956773336,0.2777777777777778,0.5175983436853002,0.3615328994938539,0.8036556287011897,0.30559705193934855,0.30559705193934855,0.3314879565736564,0.07631795233063285,0.4824016563146998,250,650,7867,233,0.043170186757050096,246000,27.333333333333332,0.10234571319024562,0.1,WithoutGraphFeatures
0.9032222222222223,0.7145092350921103,0.2780320366132723,0.5031055900621118,0.35814296241709653,0.8036556287011897,0.30559705193934855,0.30559705193934855,0.3265117041319982,0.07408711987789128,0.4968944099378882,243,631,7886,240,0.043170186757050096,252620,28.06888888888889,0.10500000000000001,0.0971111111111111,WithoutGraphFeatures
0.911,0.7108067387329834,0.2982233502538071,0.4865424430641822,0.3697875688434304,0.8036556287011897,0.30559705193934855,0.30559705193934855,0.3361582662397772,0.06492896559821533,0.5134575569358178,235,553,7964,248,0.043170186757050096,259060,28.784444444444443,0.11495000234949736,0.08755555555555555,WithoutGraphFeatures
0.9111111111111111,0.7108654448501609,0.29860228716645487,0.4865424430641822,0.37007874015748027,0.8036556287011897,0.30559705193934855,0.30559705193934855,0.3364449573821451,0.06481155336386052,0.5134575569358178,235,552,7965,248,0.043170186757050096,259040,28.782222222222224,0.115,0.08744444444444445,WithoutGraphFeatures
0.9185555555555556,0.7099163018500814,0.323943661971831,0.47619047619047616,0.38558256496228,0.8036556287011897,0.30559705193934855,0.30559705193934855,0.3509834282983314,0.05635787249031349,0.5238095238095238,230,480,8037,253,0.043170186757050096,262600,29.177777777777777,0.125,0.07888888888888888,WithoutGraphFeatures
0.9222222222222223,0.7108771131467427,0.33925925925925926,0.474120082815735,0.3955094991364421,0.8036556287011897,0.30559705193934855,0.30559705193934855,0.36085466554779394,0.05236585652224962,0.525879917184265,229,446,8071,254,0.043170186757050096,262920,29.213333333333335,0.12966667417197644,0.075,WithoutGraphFeatures
0.9243333333333333,0.7051570953817612,0.34579439252336447,0.45962732919254656,0.39466666666666667,0.8036556287011897,0.30559705193934855,0.30559705193934855,0.3592648503547822,0.0493131384290243,0.5403726708074534,222,420,8097,261,0.043170186757050096,269400,29.933333333333334,0.135,0.07133333333333333,WithoutGraphFeatures
0.929,0.70078731831186,0.36689419795221845,0.4451345755693582,0.40224508886810106,0.8036556287011897,0.30559705193934855,0.30559705193934855,0.3668031885022538,0.04355993894563814,0.5548654244306418,215,371,8146,268,0.043170186757050096,275420,30.602222222222224,0.14500000000000002,0.0651111111111111,WithoutGraphFeatures
0.9297777777777778,0.6933863365705564,0.36767317939609234,0.42857142857142855,0.39579349904397704,0.8036556287011897,0.30559705193934855,0.30559705193934855,0.3599353063716737,0.04179875543031584,0.5714285714285714,207,356,8161,276,0.043170186757050096,283120,31.45777777777778,0.14985437434963123,0.06255555555555556,WithoutGraphFeatures
0.9312222222222222,0.6882905726727035,0.3736059479553903,0.4161490683229814,0.3937316356513222,0.8036556287011897,0.30559705193934855,0.30559705193934855,0.3579709733835778,0.03956792297757426,0.5838509316770186,201,337,8180,282,0.043170186757050096,288740,32.08222222222222,0.155,0.05977777777777778,WithoutGraphFeatures
0.9342222222222222,0.6791342415643685,0.3885480572597137,0.39337474120082816,0.3909465020576131,0.8036556287011897,0.30559705193934855,0.30559705193934855,0.35618921808374754,0.03510625807209111,0.6066252587991718,190,299,8218,293,0.043170186757050096,298980,33.22,0.165,0.05433333333333333,WithoutGraphFeatures
0.936,0.6722616148776616,0.3982494529540481,0.37681159420289856,0.38723404255319144,0.8036556287011897,0.30559705193934855,0.30559705193934855,0.3536487241821911,0.032288364447575435,0.6231884057971014,182,275,8242,301,0.043170186757050096,306500,34.05555555555556,0.17500000000000002,0.050777777777777776,WithoutGraphFeatures
0.9361111111111111,0.6693908492842594,0.3977777777777778,0.37060041407867494,0.3837084673097535,0.8036556287011897,0.30559705193934855,0.30559705193934855,0.3503059515676374,0.03181871551015616,0.629399585921325,179,271,8246,304,0.043170186757050096,309420,34.38,0.17736276084862845,0.05,WithoutGraphFeatures
0.9374444444444444,0.6671658509798087,0.4074074074074074,0.36438923395445133,0.38469945355191254,0.8036556287011897,0.30559705193934855,0.30559705193934855,0.35246244198315163,0.030057531994833863,0.6356107660455487,176,256,8261,307,0.043170186757050096,312120,34.68,0.185,0.048,WithoutGraphFeatures
0.9387777777777778,0.6600583998243921,0.4158415841584158,0.34782608695652173,0.37880496054115,0.8036556287011897,0.30559705193934855,0.30559705193934855,0.3484066770304911,0.027709287307737467,0.6521739130434783,168,236,8281,315,0.043170186757050096,319720,35.52444444444444,0.195,0.04488888888888889,WithoutGraphFeatures
0.9403333333333334,0.6579508137542963,0.4296875,0.3416149068322981,0.3806228373702422,0.8036556287011897,0.30559705193934855,0.30559705193934855,0.35224942677518184,0.02571327932370553,0.6583850931677019,165,219,8298,318,0.043170186757050096,322380,35.82,0.20500000000000002,0.042666666666666665,WithoutGraphFeatures
0.9414444444444444,0.6517024409347181,0.4388888888888889,0.32712215320910976,0.3748517200474496,0.8036556287011897,0.30559705193934855,0.30559705193934855,0.348924393115852,0.023717271339673593,0.6728778467908902,158,202,8315,325,0.043170186757050096,329040,36.56,0.215,0.04,WithoutGraphFeatures
0.943,0.6505713454348154,0.45614035087719296,0.32298136645962733,0.3781818181818182,0.8036556287011897,0.30559705193934855,0.30559705193934855,0.3549501564777042,0.021838675589996477,0.6770186335403726,156,186,8331,327,0.043170186757050096,330720,36.74666666666667,0.225,0.038,WithoutGraphFeatures
0.943,0.648618364294429,0.4556213017751479,0.3188405797101449,0.37515225334957364,0.8036556287011897,0.30559705193934855,0.30559705193934855,0.3523318644009391,0.02160385112128684,0.6811594202898551,154,184,8333,329,0.043170186757050096,332680,36.964444444444446,0.22812099553621087,0.03755555555555556,WithoutGraphFeatures
0.9433333333333334,0.6409825580844157,0.45768025078369906,0.3022774327122153,0.3640897755610973,0.8036556287011897,0.30559705193934855,0.30559705193934855,0.34366242592078616,0.02031231654338382,0.6977225672877847,146,173,8344,337,0.043170186757050096,340460,37.82888888888889,0.23500000000000001,0.035444444444444445,WithoutGraphFeatures
0.944,0.6364523419365142,0.46534653465346537,0.2919254658385093,0.3587786259541985,0.8036556287011897,0.30559705193934855,0.30559705193934855,0.340974443506177,0.019020781965480803,0.7080745341614907,141,162,8355,342,0.043170186757050096,345240,38.36,0.245,0.033666666666666664,WithoutGraphFeatures
0.9445555555555556,0.629910438531049,0.47183098591549294,0.2774327122153209,0.34941329856584097,0.8036556287011897,0.30559705193934855,0.30559705193934855,0.334944732800039,0.017611835153222965,0.722567287784679,134,150,8367,349,0.043170186757050096,352000,39.111111111111114,0.255,0.03155555555555556,WithoutGraphFeatures
0.9452222222222222,0.6273332035235338,0.48161764705882354,0.2712215320910973,0.3470198675496689,0.8036556287011897,0.30559705193934855,0.30559705193934855,0.3352329735474536,0.01655512504402959,0.7287784679089027,131,141,8376,352,0.043170186757050096,354820,39.42444444444445,0.265,0.030222222222222223,WithoutGraphFeatures
0.9455555555555556,0.6236033595942934,0.48659003831417624,0.2629399585921325,0.34139784946236557,0.8036556287011897,0.30559705193934855,0.30559705193934855,0.33199079058151487,0.01573323940354585,0.7370600414078675,127,134,8383,356,0.043170186757050096,358680,39.85333333333333,0.275,0.029,WithoutGraphFeatures
0.9462222222222222,0.620049634016585,0.4979757085020243,0.2546583850931677,0.33698630136986296,0.8036556287011897,0.30559705193934855,0.30559705193934855,0.33119272174023134,0.014559117059997653,0.7453416149068323,123,124,8393,360,0.043170186757050096,362480,40.275555555555556,0.28500000000000003,0.027444444444444445,WithoutGraphFeatures
0.9464444444444444,0.6152845933999739,0.502127659574468,0.2443064182194617,0.3286908077994429,0.8036556287011897,0.30559705193934855,0.30559705193934855,0.32584290238627184,0.013737231419513914,0.7556935817805382,118,117,8400,365,0.043170186757050096,367340,40.815555555555555,0.295,0.026111111111111113,WithoutGraphFeatures
0.9465555555555556,0.6114373372363786,0.504424778761062,0.2360248447204969,0.3215796897038082,0.8036556287011897,0.30559705193934855,0.30559705193934855,0.32101444576406657,0.013150170247739814,0.7639751552795031,114,112,8405,369,0.043170186757050096,371240,41.24888888888889,0.305,0.025111111111111112,WithoutGraphFeatures
0.9466666666666667,0.6114960433535559,0.5066666666666667,0.2360248447204969,0.3220338983050848,0.8036556287011897,0.30559705193934855,0.30559705193934855,0.3218781665966364,0.013032758013384995,0.7639751552795031,114,111,8406,369,0.043170186757050096,371220,41.24666666666667,0.30527548536670723,0.025,WithoutGraphFeatures
0.947,0.6048367277137359,0.5144230769230769,0.22153209109730848,0.3096960926193922,0.8036556287011897,0.30559705193934855,0.30559705193934855,0.31447406478891154,0.011858635669836796,0.7784679089026915,107,101,8416,376,0.043170186757050096,378020,42.00222222222222,0.315,0.02311111111111111,WithoutGraphFeatures
0.9468888888888889,0.5969660970350129,0.5129533678756477,0.20496894409937888,0.29289940828402367,0.8036556287011897,0.30559705193934855,0.30559705193934855,0.30169919212160395,0.011036750029353058,0.7950310559006211,99,94,8423,384,0.043170186757050096,385880,42.87555555555556,0.325,0.021444444444444443,WithoutGraphFeatures
0.9471111111111111,0.5892715847078223,0.52,0.18840579710144928,0.2765957446808511,0.8036556287011897,0.30559705193934855,0.30559705193934855,0.29139610844274527,0.009862627685804861,0.8115942028985508,91,84,8433,392,0.043170186757050096,393680,43.742222222222225,0.335,0.019444444444444445,WithoutGraphFeatures
0.9467777777777778,0.5822600323649376,0.5121951219512195,0.17391304347826086,0.2596599690880989,0.8036556287011897,0.30559705193934855,0.30559705193934855,0.2771953770931978,0.009392978748385582,0.8260869565217391,84,80,8437,399,0.043170186757050096,400600,44.51111111111111,0.34500000000000003,0.018222222222222223,WithoutGraphFeatures
0.9466666666666667,0.5763423828266011,0.5098039215686274,0.16149068322981366,0.24528301886792453,0.8036556287011897,0.30559705193934855,0.30559705193934855,0.26617598311680984,0.008805917576611482,0.8385093167701864,78,75,8442,405,0.043170186757050096,406500,45.166666666666664,0.35500000000000004,0.017,WithoutGraphFeatures
0.9468888888888889,0.5706008516397968,0.5179856115107914,0.14906832298136646,0.23151125401929262,0.8036556287011897,0.30559705193934855,0.30559705193934855,0.2580524912489483,0.007866619701772925,0.8509316770186336,72,67,8450,411,0.043170186757050096,412340,45.815555555555555,0.365,0.015444444444444445,WithoutGraphFeatures
0.9471111111111111,0.5638828298827993,0.5284552845528455,0.13457556935817805,0.2145214521452145,0.8036556287011897,0.30559705193934855,0.30559705193934855,0.24799639358994122,0.0068099095925795465,0.865424430641822,65,58,8459,418,0.043170186757050096,419160,46.57333333333333,0.375,0.013666666666666667,WithoutGraphFeatures
0.9468888888888889,0.5588829647974785,0.5217391304347826,0.12422360248447205,0.20066889632107024,0.8036556287011897,0.30559705193934855,0.30559705193934855,0.23629738598325525,0.006457672889515088,0.8757763975155279,60,55,8462,423,0.043170186757050096,424100,47.12222222222222,0.385,0.012777777777777779,WithoutGraphFeatures
0.9466666666666667,0.5568125714227373,0.5132743362831859,0.12008281573498965,0.19463087248322147,0.8036556287011897,0.30559705193934855,0.30559705193934855,0.22997176553267587,0.006457672889515088,0.8799171842650103,58,55,8462,425,0.043170186757050096,426100,47.34444444444444,0.3867923960903267,0.012555555555555556,WithoutGraphFeatures
0.9467777777777778,0.5529653152591419,0.5192307692307693,0.11180124223602485,0.1839863713798978,0.8036556287011897,0.30559705193934855,0.30559705193934855,0.2233697661412456,0.005870611717740989,0.8881987577639752,54,50,8467,429,0.043170186757050096,430000,47.77777777777778,0.395,0.011555555555555555,WithoutGraphFeatures
0.9466666666666667,0.5480241562909985,0.5157894736842106,0.10144927536231885,0.16955017301038064,0.8036556287011897,0.30559705193934855,0.30559705193934855,0.21180093054678725,0.00540096278032171,0.8985507246376812,49,46,8471,434,0.043170186757050096,434920,48.324444444444445,0.405,0.010555555555555556,WithoutGraphFeatures
0.9467777777777778,0.54320040955721,0.5238095238095238,0.09109730848861283,0.15520282186948853,0.8036556287011897,0.30559705193934855,0.30559705193934855,0.20249302853743317,0.004696489374192791,0.9089026915113871,44,40,8477,439,0.043170186757050096,439800,48.86666666666667,0.41500000000000004,0.009333333333333334,WithoutGraphFeatures
0.9464444444444444,0.5342358760739391,0.5072463768115942,0.07246376811594203,0.12681159420289856,0.8036556287011897,0.30559705193934855,0.30559705193934855,0.17691055309047143,0.003992015968063872,0.927536231884058,35,34,8483,448,0.043170186757050096,448680,49.85333333333333,0.425,0.007666666666666666,WithoutGraphFeatures
0.9466666666666667,0.5314238165977143,0.5245901639344263,0.06625258799171843,0.11764705882352941,0.8036556287011897,0.30559705193934855,0.30559705193934855,0.1726221136263369,0.0034049547962897732,0.9337474120082816,32,29,8488,451,0.043170186757050096,451580,50.175555555555555,0.435,0.0067777777777777775,WithoutGraphFeatures
0.9467777777777778,0.5285530510043122,0.5370370370370371,0.060041407867494824,0.1080074487895717,0.8036556287011897,0.30559705193934855,0.30559705193934855,0.1666433850623152,0.0029353058588704943,0.9399585921325052,29,25,8492,454,0.043170186757050096,454500,50.5,0.445,0.006,WithoutGraphFeatures
0.947,0.5267174820982806,0.5625,0.055900621118012424,0.1016949152542373,0.8036556287011897,0.30559705193934855,0.30559705193934855,0.16533384137527435,0.0024656569214512153,0.9440993788819876,27,21,8496,456,0.043170186757050096,456420,50.71333333333333,0.455,0.005333333333333333,WithoutGraphFeatures
0.9466666666666667,0.5216589108957824,0.5365853658536586,0.045548654244306416,0.08396946564885496,0.8036556287011897,0.30559705193934855,0.30559705193934855,0.1449645469591505,0.002230832452741576,0.9544513457556936,22,19,8498,461,0.043170186757050096,461380,51.26444444444444,0.465,0.004555555555555556,WithoutGraphFeatures
0.9468888888888889,0.5198233419897509,0.5714285714285714,0.041407867494824016,0.07722007722007722,0.8036556287011897,0.30559705193934855,0.30559705193934855,0.14355376556023616,0.0017611835153222965,0.9585921325051759,20,15,8502,463,0.043170186757050096,463300,51.477777777777774,0.47500000000000003,0.0038888888888888888,WithoutGraphFeatures
0.9468888888888889,0.5168938702791713,0.5862068965517241,0.035196687370600416,0.06640625,0.8036556287011897,0.30559705193934855,0.30559705193934855,0.1343558597873758,0.0014089468122578373,0.9648033126293996,17,12,8505,466,0.043170186757050096,466240,51.80444444444444,0.485,0.0032222222222222222,WithoutGraphFeatures
0.9468888888888889,0.5149408891387849,0.6,0.031055900621118012,0.05905511811023623,0.8036556287011897,0.30559705193934855,0.30559705193934855,0.12794876402781827,0.0011741223435481978,0.968944099378882,15,10,8507,468,0.043170186757050096,468200,52.022222222222226,0.495,0.002777777777777778,WithoutGraphFeatures
0.9466666666666667,0.5118940051938505,0.5714285714285714,0.024844720496894408,0.047619047619047616,0.8036556287011897,0.30559705193934855,0.30559705193934855,0.11110954658337559,0.0010567101091933778,0.9751552795031055,12,9,8508,471,0.043170186757050096,471180,52.35333333333333,0.505,0.0023333333333333335,WithoutGraphFeatures
0.9471111111111111,0.5121288296625601,0.7058823529411765,0.024844720496894408,0.047999999999999994,0.8036556287011897,0.30559705193934855,0.30559705193934855,0.1259014178530238,0.0005870611717740989,0.9751552795031055,12,5,8512,471,0.043170186757050096,471100,52.34444444444444,0.515,0.001888888888888889,WithoutGraphFeatures
0.9468888888888889,0.510058436287819,0.6666666666666666,0.020703933747412008,0.04016064257028113,0.8036556287011897,0.30559705193934855,0.30559705193934855,0.11114058637043435,0.0005870611717740989,0.979296066252588,10,5,8512,473,0.043170186757050096,473100,52.56666666666667,0.525,0.0016666666666666668,WithoutGraphFeatures
0.9471111111111111,0.5101758485221738,0.7692307692307693,0.020703933747412008,0.040322580645161296,0.8036556287011897,0.30559705193934855,0.30559705193934855,0.1207642729571645,0.0003522367030644593,0.979296066252588,10,3,8514,473,0.043170186757050096,473060,52.562222222222225,0.535,0.0014444444444444444,WithoutGraphFeatures
0.9471111111111111,0.5101758485221738,0.7692307692307693,0.020703933747412008,0.040322580645161296,0.8036556287011897,0.30559705193934855,0.30559705193934855,0.1207642729571645,0.0003522367030644593,0.979296066252588,10,3,8514,473,0.043170186757050096,473060,52.562222222222225,0.545,0.0014444444444444444,WithoutGraphFeatures
0.947,0.5091406518348032,0.75,0.018633540372670808,0.03636363636363636,0.8036556287011897,0.30559705193934855,0.30559705193934855,0.11290206799647085,0.0003522367030644593,0.9813664596273292,9,3,8514,474,0.043170186757050096,474060,52.67333333333333,0.555,0.0013333333333333333,WithoutGraphFeatures
0.947,0.5091406518348032,0.75,0.018633540372670808,0.03636363636363636,0.8036556287011897,0.30559705193934855,0.30559705193934855,0.11290206799647085,0.0003522367030644593,0.9813664596273292,9,3,8514,474,0.043170186757050096,474060,52.67333333333333,0.5650000000000001,0.0013333333333333333,WithoutGraphFeatures
0.9466666666666667,0.5060350617726913,0.6666666666666666,0.012422360248447204,0.024390243902439022,0.8036556287011897,0.30559705193934855,0.30559705193934855,0.08606039812506719,0.0003522367030644593,0.9875776397515528,6,3,8514,477,0.043170186757050096,477060,53.00666666666667,0.5750000000000001,0.001,WithoutGraphFeatures
0.9466666666666667,0.5050585712024982,0.7142857142857143,0.010351966873706004,0.02040816326530612,0.8036556287011897,0.30559705193934855,0.30559705193934855,0.08178495805565278,0.00023482446870963955,0.989648033126294,5,2,8515,478,0.043170186757050096,478040,53.11555555555555,0.585,0.0007777777777777777,WithoutGraphFeatures
0.9466666666666667,0.504082080632305,0.8,0.008281573498964804,0.01639344262295082,0.8036556287011897,0.30559705193934855,0.30559705193934855,0.07808055247823792,0.00011741223435481978,0.9917184265010351,4,1,8516,479,0.043170186757050096,479020,53.224444444444444,0.595,0.0005555555555555556,WithoutGraphFeatures
0.9465555555555556,0.5030468839449344,0.75,0.006211180124223602,0.012320328542094456,0.8036556287011897,0.30559705193934855,0.30559705193934855,0.06515504933756468,0.00011741223435481978,0.9937888198757764,3,1,8516,480,0.043170186757050096,480020,53.33555555555556,0.605,0.00044444444444444447,WithoutGraphFeatures
0.9465555555555556,0.5030468839449344,0.75,0.006211180124223602,0.012320328542094456,0.8036556287011897,0.30559705193934855,0.30559705193934855,0.06515504933756468,0.00011741223435481978,0.9937888198757764,3,1,8516,480,0.043170186757050096,480020,53.33555555555556,0.615,0.00044444444444444447,WithoutGraphFeatures
0.9463333333333334,0.5009764905701932,0.5,0.002070393374741201,0.004123711340206186,0.8036556287011897,0.30559705193934855,0.30559705193934855,0.029527518219067836,0.00011741223435481978,0.9979296066252588,1,1,8516,482,0.043170186757050096,482020,53.55777777777778,0.625,0.00022222222222222223,WithoutGraphFeatures
0.9463333333333334,0.5009764905701932,0.5,0.002070393374741201,0.004123711340206186,0.8036556287011897,0.30559705193934855,0.30559705193934855,0.029527518219067836,0.00011741223435481978,0.9979296066252588,1,1,8516,482,0.043170186757050096,482020,53.55777777777778,0.635,0.00022222222222222223,WithoutGraphFeatures
0.9463333333333334,0.5009764905701932,0.5,0.002070393374741201,0.004123711340206186,0.8036556287011897,0.30559705193934855,0.30559705193934855,0.029527518219067836,0.00011741223435481978,0.9979296066252588,1,1,8516,482,0.043170186757050096,482020,53.55777777777778,0.645,0.00022222222222222223,WithoutGraphFeatures
0.9463333333333334,0.5009764905701932,0.5,0.002070393374741201,0.004123711340206186,0.8036556287011897,0.30559705193934855,0.30559705193934855,0.029527518219067836,0.00011741223435481978,0.9979296066252588,1,1,8516,482,0.043170186757050096,482020,53.55777777777778,0.655,0.00022222222222222223,WithoutGraphFeatures
0.9463333333333334,0.5009764905701932,0.5,0.002070393374741201,0.004123711340206186,0.8036556287011897,0.30559705193934855,0.30559705193934855,0.029527518219067836,0.00011741223435481978,0.9979296066252588,1,1,8516,482,0.043170186757050096,482020,53.55777777777778,0.665,0.00022222222222222223,WithoutGraphFeatures
0.9463333333333334,0.5009764905701932,0.5,0.002070393374741201,0.004123711340206186,0.8036556287011897,0.30559705193934855,0.30559705193934855,0.029527518219067836,0.00011741223435481978,0.9979296066252588,1,1,8516,482,0.043170186757050096,482020,53.55777777777778,0.675,0.00022222222222222223,WithoutGraphFeatures
0.9462222222222222,0.4999412938828226,0.0,0.0,0.0,0.8036556287011897,0.30559705193934855,0.30559705193934855,-0.002510343292522719,0.00011741223435481978,1.0,0,1,8516,483,0.043170186757050096,483020,53.66888888888889,0.685,0.00011111111111111112,WithoutGraphFeatures
0.9462222222222222,0.4999412938828226,0.0,0.0,0.0,0.8036556287011897,0.30559705193934855,0.30559705193934855,-0.002510343292522719,0.00011741223435481978,1.0,0,1,8516,483,0.043170186757050096,483020,53.66888888888889,0.6950000000000001,0.00011111111111111112,WithoutGraphFeatures
0.9462222222222222,0.4999412938828226,0.0,0.0,0.0,0.8036556287011897,0.30559705193934855,0.30559705193934855,-0.002510343292522719,0.00011741223435481978,1.0,0,1,8516,483,0.043170186757050096,483020,53.66888888888889,0.7050000000000001,0.00011111111111111112,WithoutGraphFeatures
0.9462222222222222,0.4999412938828226,0.0,0.0,0.0,0.8036556287011897,0.30559705193934855,0.30559705193934855,-0.002510343292522719,0.00011741223435481978,1.0,0,1,8516,483,0.043170186757050096,483020,53.66888888888889,0.7102425397834675,0.00011111111111111112,WithoutGraphFeatures
0.9463333333333334,0.5,0.0,0.0,0.0,0.8036556287011897,0.30559705193934855,0.30559705193934855,0.0,0.0,1.0,0,0,8517,483,0.043170186757050096,483000,53.666666666666664,0.715,0.0,WithoutGraphFeatures
0.9463333333333334,0.5,0.0,0.0,0.0,0.8036556287011897,0.30559705193934855,0.30559705193934855,0.0,0.0,1.0,0,0,8517,483,0.043170186757050096,483000,53.666666666666664,0.725,0.0,WithoutGraphFeatures
0.9463333333333334,0.5,0.0,0.0,0.0,0.8036556287011897,0.30559705193934855,0.30559705193934855,0.0,0.0,1.0,0,0,8517,483,0.043170186757050096,483000,53.666666666666664,0.735,0.0,WithoutGraphFeatures
0.9463333333333334,0.5,0.0,0.0,0.0,0.8036556287011897,0.30559705193934855,0.30559705193934855,0.0,0.0,1.0,0,0,8517,483,0.043170186757050096,483000,53.666666666666664,0.745,0.0,WithoutGraphFeatures
0.9463333333333334,0.5,0.0,0.0,0.0,0.8036556287011897,0.30559705193934855,0.30559705193934855,0.0,0.0,1.0,0,0,8517,483,0.043170186757050096,483000,53.666666666666664,0.755,0.0,WithoutGraphFeatures
0.9463333333333334,0.5,0.0,0.0,0.0,0.8036556287011897,0.30559705193934855,0.30559705193934855,0.0,0.0,1.0,0,0,8517,483,0.043170186757050096,483000,53.666666666666664,0.765,0.0,WithoutGraphFeatures
0.9463333333333334,0.5,0.0,0.0,0.0,0.8036556287011897,0.30559705193934855,0.30559705193934855,0.0,0.0,1.0,0,0,8517,483,0.043170186757050096,483000,53.666666666666664,0.775,0.0,WithoutGraphFeatures
0.9463333333333334,0.5,0.0,0.0,0.0,0.8036556287011897,0.30559705193934855,0.30559705193934855,0.0,0.0,1.0,0,0,8517,483,0.043170186757050096,483000,53.666666666666664,0.785,0.0,WithoutGraphFeatures
0.9463333333333334,0.5,0.0,0.0,0.0,0.8036556287011897,0.30559705193934855,0.30559705193934855,0.0,0.0,1.0,0,0,8517,483,0.043170186757050096,483000,53.666666666666664,0.795,0.0,WithoutGraphFeatures
0.9463333333333334,0.5,0.0,0.0,0.0,0.8036556287011897,0.30559705193934855,0.30559705193934855,0.0,0.0,1.0,0,0,8517,483,0.043170186757050096,483000,53.666666666666664,0.805,0.0,WithoutGraphFeatures
0.9463333333333334,0.5,0.0,0.0,0.0,0.8036556287011897,0.30559705193934855,0.30559705193934855,0.0,0.0,1.0,0,0,8517,483,0.043170186757050096,483000,53.666666666666664,0.8150000000000001,0.0,WithoutGraphFeatures
0.9463333333333334,0.5,0.0,0.0,0.0,0.8036556287011897,0.30559705193934855,0.30559705193934855,0.0,0.0,1.0,0,0,8517,483,0.043170186757050096,483000,53.666666666666664,0.8250000000000001,0.0,WithoutGraphFeatures
0.9463333333333334,0.5,0.0,0.0,0.0,0.8036556287011897,0.30559705193934855,0.30559705193934855,0.0,0.0,1.0,0,0,8517,483,0.043170186757050096,483000,53.666666666666664,0.8350000000000001,0.0,WithoutGraphFeatures
0.9463333333333334,0.5,0.0,0.0,0.0,0.8036556287011897,0.30559705193934855,0.30559705193934855,0.0,0.0,1.0,0,0,8517,483,0.043170186757050096,483000,53.666666666666664,0.845,0.0,WithoutGraphFeatures
0.9463333333333334,0.5,0.0,0.0,0.0,0.8036556287011897,0.30559705193934855,0.30559705193934855,0.0,0.0,1.0,0,0,8517,483,0.043170186757050096,483000,53.666666666666664,0.855,0.0,WithoutGraphFeatures
0.9463333333333334,0.5,0.0,0.0,0.0,0.8036556287011897,0.30559705193934855,0.30559705193934855,0.0,0.0,1.0,0,0,8517,483,0.043170186757050096,483000,53.666666666666664,0.865,0.0,WithoutGraphFeatures
0.9463333333333334,0.5,0.0,0.0,0.0,0.8036556287011897,0.30559705193934855,0.30559705193934855,0.0,0.0,1.0,0,0,8517,483,0.043170186757050096,483000,53.666666666666664,0.875,0.0,WithoutGraphFeatures
0.9463333333333334,0.5,0.0,0.0,0.0,0.8036556287011897,0.30559705193934855,0.30559705193934855,0.0,0.0,1.0,0,0,8517,483,0.043170186757050096,483000,53.666666666666664,0.885,0.0,WithoutGraphFeatures
0.9463333333333334,0.5,0.0,0.0,0.0,0.8036556287011897,0.30559705193934855,0.30559705193934855,0.0,0.0,1.0,0,0,8517,483,0.043170186757050096,483000,53.666666666666664,0.895,0.0,WithoutGraphFeatures
0.9463333333333334,0.5,0.0,0.0,0.0,0.8036556287011897,0.30559705193934855,0.30559705193934855,0.0,0.0,1.0,0,0,8517,483,0.043170186757050096,483000,53.666666666666664,0.905,0.0,WithoutGraphFeatures
0.9463333333333334,0.5,0.0,0.0,0.0,0.8036556287011897,0.30559705193934855,0.30559705193934855,0.0,0.0,1.0,0,0,8517,483,0.043170186757050096,483000,53.666666666666664,0.915,0.0,WithoutGraphFeatures
0.9463333333333334,0.5,0.0,0.0,0.0,0.8036556287011897,0.30559705193934855,0.30559705193934855,0.0,0.0,1.0,0,0,8517,483,0.043170186757050096,483000,53.666666666666664,0.925,0.0,WithoutGraphFeatures
0.9463333333333334,0.5,0.0,0.0,0.0,0.8036556287011897,0.30559705193934855,0.30559705193934855,0.0,0.0,1.0,0,0,8517,483,0.043170186757050096,483000,53.666666666666664,0.935,0.0,WithoutGraphFeatures
0.9463333333333334,0.5,0.0,0.0,0.0,0.8036556287011897,0.30559705193934855,0.30559705193934855,0.0,0.0,1.0,0,0,8517,483,0.043170186757050096,483000,53.666666666666664,0.9450000000000001,0.0,WithoutGraphFeatures
0.9463333333333334,0.5,0.0,0.0,0.0,0.8036556287011897,0.30559705193934855,0.30559705193934855,0.0,0.0,1.0,0,0,8517,483,0.043170186757050096,483000,53.666666666666664,0.9550000000000001,0.0,WithoutGraphFeatures
0.9463333333333334,0.5,0.0,0.0,0.0,0.8036556287011897,0.30559705193934855,0.30559705193934855,0.0,0.0,1.0,0,0,8517,483,0.043170186757050096,483000,53.666666666666664,0.965,0.0,WithoutGraphFeatures
0.9463333333333334,0.5,0.0,0.0,0.0,0.8036556287011897,0.30559705193934855,0.30559705193934855,0.0,0.0,1.0,0,0,8517,483,0.043170186757050096,483000,53.666666666666664,0.975,0.0,WithoutGraphFeatures
0.9463333333333334,0.5,0.0,0.0,0.0,0.8036556287011897,0.30559705193934855,0.30559705193934855,0.0,0.0,1.0,0,0,8517,483,0.043170186757050096,483000,53.666666666666664,0.985,0.0,WithoutGraphFeatures
0.9463333333333334,0.5,0.0,0.0,0.0,0.8036556287011897,0.30559705193934855,0.30559705193934855,0.0,0.0,1.0,0,0,8517,483,0.043170186757050096,483000,53.666666666666664,0.995,0.0,WithoutGraphFeatures
0.9463333333333334,0.5,0.0,0.0,0.0,0.8036556287011897,0.30559705193934855,0.30559705193934855,0.0,0.0,1.0,0,0,8517,483,0.043170186757050096,483000,53.666666666666664,1.000001,0.0,WithoutGraphFeatures
0.05366666666666667,0.5,0.05366666666666667,1.0,0.1018664979436887,0.7978151600829518,0.29400958691043927,0.29400958691043927,0.0,1.0,0.0,483,8517,0,0,0.04355480669350216,170340,18.926666666666666,0.004671507177030595,1.0,WithoutSequenceFeatures
0.05377777777777778,0.5000587061171774,0.05367263029225469,1.0,0.10187724108837796,0.7978151600829518,0.29400958691043927,0.29400958691043927,0.002510343292522719,0.9998825877656452,0.0,483,8516,1,0,0.04355480669350216,170320,18.924444444444443,0.005,0.9998888888888889,WithoutSequenceFeatures
0.066,0.5055398884364993,0.054236525261618096,0.9979296066252588,0.10288153681963713,0.7978151600829518,0.29400958691043927,0.29400958691043927,0.022424929776826103,0.9868498297522602,0.002070393374741201,482,8405,112,1,0.04355480669350216,169100,18.788888888888888,0.009238428844713537,0.9874444444444445,WithoutSequenceFeatures
0.07822222222222222,0.5110210707558213,0.054814814814814816,0.9958592132505176,0.1039101317779218,0.7978151600829518,0.29400958691043927,0.29400958691043927,0.03181675279333933,0.9738170717388752,0.004140786749482402,481,8294,223,2,0.04355480669350216,167880,18.653333333333332,0.010228937976786093,0.975,WithoutSequenceFeatures
0.09077777777777778,0.5176548619968685,0.05552990071577003,0.9958592132505176,0.10519409513395298,0.7978151600829518,0.29400958691043927,0.29400958691043927,0.04185465553082489,0.9605494892567805,0.004140786749482402,481,8181,336,2,0.04355480669350216,165620,18.40222222222222,0.010893440108802362,0.9624444444444444,WithoutSequenceFeatures
0.10255555555555555,0.5209482387070944,0.05590643274853801,0.989648033126294,0.1058341636222739,0.7978151600829518,0.29400958691043927,0.29400958691043927,0.043321659493188606,0.9477515557121052,0.010351966873706004,478,8072,445,5,0.04355480669350216,166440,18.493333333333332,0.011459943103143577,0.95,WithoutSequenceFeatures
0.11511111111111111,0.5275820299481417,0.05665520919758208,0.989648033126294,0.10717488789237668,0.7978151600829518,0.29400958691043927,0.29400958691043927,0.05133633831527163,0.9344839732300105,0.010351966873706004,478,7959,558,5,0.04355480669350216,164180,18.24222222222222,0.01199611817218524,0.9374444444444444,WithoutSequenceFeatures
0.12733333333333333,0.5330632122674636,0.057297297297297295,0.9875776397515528,0.10831062670299725,0.7978151600829518,0.29400958691043927,0.29400958691043927,0.05657804313931823,0.9214512152166255,0.012422360248447204,477,7848,669,6,0.04355480669350216,162960,18.106666666666666,0.01254193314545989,0.925,WithoutSequenceFeatures
0.1398888888888889,0.5396970035085109,0.0580857282026303,0.9875776397515528,0.10971822886716504,0.7978151600829518,0.29400958691043927,0.29400958691043927,0.06330194164826036,0.908183632734531,0.012422360248447204,477,7735,782,6,0.04355480669350216,160700,17.855555555555554,0.012992724903397491,0.9124444444444444,WithoutSequenceFeatures
0.15188888888888888,0.5440842830232848,0.05864197530864197,0.9834368530020704,0.11068391005475942,0.7978151600829518,0.29400958691043927,0.29400958691043927,0.06623185250331359,0.8952682869555008,0.016563146997929608,475,7625,892,8,0.04355480669350216,160500,17.833333333333332,0.01344876944500813,0.9,WithoutSequenceFeatures
0.16422222222222221,0.5496241714597841,0.059346437961687745,0.9813664596273292,0.11192443919716646,0.7978151600829518,0.29400958691043927,0.29400958691043927,0.07076908630359413,0.882118116707761,0.018633540372670808,474,7513,1004,9,0.04355480669350216,159260,17.695555555555554,0.013788847529193954,0.8874444444444445,WithoutSequenceFeatures
0.176,0.5529175481700099,0.05980952380952381,0.9751552795031055,0.11270638908829865,0.7978151600829518,0.29400958691043927,0.29400958691043927,0.07211822945787096,0.8693201831630856,0.024844720496894408,471,7404,1113,12,0.04355480669350216,160080,17.786666666666665,0.014166684333393957,0.875,WithoutSequenceFeatures
0.18855555555555556,0.5595513394110573,0.06068023705230611,0.9751552795031055,0.11425106124924198,0.7978151600829518,0.29400958691043927,0.29400958691043927,0.07792759568400948,0.856052600680991,0.024844720496894408,471,7291,1226,12,0.04355480669350216,157820,17.535555555555554,0.014649415177051723,0.8624444444444445,WithoutSequenceFeatures
0.20022222222222222,0.563762500574299,0.06128315693192212,0.9710144927536232,0.11529006882989183,0.7978151600829518,0.29400958691043927,0.29400958691043927,0.08055872250513382,0.8434894916050253,0.028985507246376812,469,7184,1333,14,0.04355480669350216,157680,17.52,0.015,0.8503333333333334,WithoutSequenceFeatures
0.20055555555555554,0.5639386189258312,0.06130718954248366,0.9710144927536232,0.11533259559818025,0.7978151600829518,0.29400958691043927,0.29400958691043927,0.08070724713852807,0.8431372549019608,0.028985507246376812,469,7181,1336,14,0.04355480669350216,157620,17.513333333333332,0.015022754892797835,0.85,WithoutSequenceFeatures
0.21288888888888888,0.5694785073623305,0.062093671221971604,0.968944099378882,0.11670822942643393,0.7978151600829518,0.29400958691043927,0.29400958691043927,0.08487424884303207,0.829987084654221,0.031055900621118012,468,7069,1448,15,0.04355480669350216,156380,17.375555555555554,0.01543909095572304,0.8374444444444444,WithoutSequenceFeatures
0.22511111111111112,0.5749596896816525,0.0628956228956229,0.9668737060041408,0.11810824481537681,0.7978151600829518,0.29400958691043927,0.29400958691043927,0.08891727744743502,0.816954326640836,0.033126293995859216,467,6958,1559,16,0.04355480669350216,155160,17.24,0.015755975538561326,0.825,WithoutSequenceFeatures
0.23722222222222222,0.5794056753136038,0.06359409190371991,0.9627329192546584,0.11930724823604874,0.7978151600829518,0.29400958691043927,0.29400958691043927,0.09168411891236478,0.803921568627451,0.037267080745341616,465,6847,1670,18,0.04355480669350216,154940,17.215555555555557,0.01608654770041916,0.8124444444444444,WithoutSequenceFeatures
0.249,0.5826990520238295,0.06416666666666666,0.9565217391304348,0.1202655212807497,0.7978151600829518,0.29400958691043927,0.29400958691043927,0.0931847651845628,0.7911236350827756,0.043478260869565216,462,6738,1779,21,0.04355480669350216,155760,17.30666666666667,0.016410505366100156,0.8,WithoutSequenceFeatures
0.2613333333333333,0.5882389404603289,0.06504868068294059,0.9544513457556936,0.12179656538969616,0.7978151600829518,0.29400958691043927,0.29400958691043927,0.09721168431352945,0.7779734648350358,0.045548654244306416,461,6626,1891,22,0.04355480669350216,154520,17.16888888888889,0.016782727545306093,0.7874444444444444,WithoutSequenceFeatures
0.2733333333333333,0.5926262199751028,0.06580645161290323,0.9503105590062112,0.12308930008045055,0.7978151600829518,0.29400958691043927,0.29400958691043927,0.09997610340612173,0.7650581190560056,0.049689440993788817,459,6516,2001,24,0.04355480669350216,154320,17.14666666666667,0.01705565554378214,0.775,WithoutSequenceFeatures
0.2858888888888889,0.5992600112161501,0.06689011949868844,0.9503105590062112,0.12498298162014976,0.7978151600829518,0.29400958691043927,0.29400958691043927,0.1051216084403642,0.751790536573911,0.049689440993788817,459,6403,2114,24,0.04355480669350216,152060,16.895555555555557,0.017347220010517736,0.7624444444444445,WithoutSequenceFeatures
0.2981111111111111,0.604741193535472,0.06785185185185186,0.94824016563147,0.12664178072722246,0.7978151600829518,0.29400958691043927,0.29400958691043927,0.10902378554491644,0.738757778560526,0.051759834368530024,458,6292,2225,25,0.04355480669350216,150840,16.76,0.017629601849054793,0.75,WithoutSequenceFeatures
0.31022222222222223,0.6091871791674233,0.06870574054542715,0.9440993788819876,0.12808988764044943,0.7978151600829518,0.29400958691043927,0.29400958691043927,0.11184092780961026,0.725725020547141,0.055900621118012424,456,6181,2336,27,0.04355480669350216,150620,16.735555555555557,0.01791405227997993,0.7374444444444445,WithoutSequenceFeatures
0.32222222222222224,0.6135744586821972,0.06957854406130268,0.9399585921325052,0.1295662100456621,0.7978151600829518,0.29400958691043927,0.29400958691043927,0.11464356975071675,0.7128096747681109,0.060041407867494824,454,6071,2446,29,0.04355480669350216,150420,16.713333333333335,0.018244062332957448,0.725,WithoutSequenceFeatures
0.33411111111111114,0.6169265415096005,0.07033686837180286,0.9337474120082816,0.13081943437273386,0.7978151600829518,0.29400958691043927,0.29400958691043927,0.11643434274588199,0.6998943289890807,0.06625258799171843,451,5961,2556,32,0.04355480669350216,151220,16.802222222222223,0.018593641504448716,0.7124444444444444,WithoutSequenceFeatures
0.3461111111111111,0.6213138210243744,0.07126984126984127,0.9296066252587992,0.13238979802447295,0.7978151600829518,0.29400958691043927,0.29400958691043927,0.11931773752660962,0.6869789832100505,0.07039337474120083,449,5851,2666,34,0.04355480669350216,151020,16.78,0.01886843432920952,0.7,WithoutSequenceFeatures
0.35733333333333334,0.6213841954381336,0.07160174559560369,0.917184265010352,0.1328335832083958,0.7978151600829518,0.29400958691043927,0.29400958691043927,0.11802774361945775,0.6744158741340848,0.08281573498964803,443,5744,2773,40,0.04355480669350216,154880,17.20888888888889,0.019141876226428087,0.6874444444444444,WithoutSequenceFeatures
0.3695555555555556,0.6268653777574555,0.07275720164609054,0.9151138716356108,0.13479719426654468,0.7978151600829518,0.29400958691043927,0.29400958691043927,0.12208264367932271,0.6613831161206998,0.08488612836438923,442,5633,2884,41,0.04355480669350216,153660,17.073333333333334,0.019387179552071265,0.675,WithoutSequenceFeatures
0.3818888888888889,0.6324052661939548,0.07396846695739685,0.9130434782608695,0.13685027152831655,0.7978151600829518,0.29400958691043927,0.29400958691043927,0.12620084790827976,0.64823294587296,0.08695652173913043,441,5521,2996,42,0.04355480669350216,152420,16.935555555555556,0.019720201939681357,0.6624444444444444,WithoutSequenceFeatures
0.3938888888888889,0.6367925457087287,0.07504273504273504,0.9089026915113871,0.13863887573030156,0.7978151600829518,0.29400958691043927,0.29400958691043927,0.12926355823678876,0.6353176000939298,0.09109730848861283,439,5411,3106,44,0.04355480669350216,152220,16.913333333333334,0.020031308732021455,0.65,WithoutSequenceFeatures
0.406,0.64123853134068,0.07617221544361165,0.9047619047619048,0.1405144694533762,0.7978151600829518,0.29400958691043927,0.29400958691043927,0.132418637742127,0.6222848420805448,0.09523809523809523,437,5300,3217,46,0.04355480669350216,152000,16.88888888888889,0.02037724532240995,0.6374444444444445,WithoutSequenceFeatures
0.418,0.6456258108554539,0.07733333333333334,0.9006211180124224,0.14243614931237722,0.7978151600829518,0.29400958691043927,0.29400958691043927,0.13557733386922904,0.6093694963015146,0.09937888198757763,435,5190,3327,48,0.04355480669350216,151800,16.866666666666667,0.02067967998457996,0.625,WithoutSequenceFeatures
0.4298888888888889,0.6489778936828572,0.0783744557329463,0.8944099378881988,0.14412010008340284,0.7978151600829518,0.29400958691043927,0.29400958691043927,0.13782432424755756,0.5964541505224844,0.10559006211180125,432,5080,3437,51,0.04355480669350216,152600,16.955555555555556,0.02108549958345486,0.6124444444444445,WithoutSequenceFeatures
0.441,0.648989561979439,0.07888888888888888,0.8819875776397516,0.14482406935237122,0.7978151600829518,0.29400958691043927,0.29400958691043927,0.1370738458101501,0.5840084536808735,0.11801242236024845,426,4974,3543,57,0.04355480669350216,156480,17.386666666666667,0.021408170866338706,0.6,WithoutSequenceFeatures
0.4524444444444444,0.6501538391977463,0.07962927936447892,0.8716356107660456,0.14592720970537262,0.7978151600829518,0.29400958691043927,0.29400958691043927,0.13747261559126567,0.571327932370553,0.12836438923395446,421,4866,3651,62,0.04355480669350216,159320,17.702222222222222,0.021865978388309063,0.5874444444444444,WithoutSequenceFeatures
0.46444444444444444,0.6545411187125202,0.08096618357487922,0.8674948240165632,0.14810887239307174,0.7978151600829518,0.29400958691043927,0.29400958691043927,0.14090293502235174,0.5584125865915228,0.13250517598343686,419,4756,3761,64,0.04355480669350216,159120,17.68,0.022309170006756786,0.575,WithoutSequenceFeatures
0.4767777777777778,0.6600810071490195,0.0825760568945081,0.865424430641822,0.15076645626690713,0.7978151600829518,0.29400958691043927,0.29400958691043927,0.1454413062267685,0.545262416343783,0.13457556935817805,418,4644,3873,65,0.04355480669350216,157880,17.54222222222222,0.022824396647412228,0.5624444444444444,WithoutSequenceFeatures
0.4892222222222222,0.6666560922728894,0.08444444444444445,0.865424430641822,0.15387447082643108,0.7978151600829518,0.29400958691043927,0.29400958691043927,0.15098644785819268,0.5321122460960432,0.13457556935817805,418,4532,3985,65,0.04355480669350216,155640,17.293333333333333,0.02331620310019116,0.55,WithoutSequenceFeatures
0.5008888888888889,0.6689142722957446,0.0855902418854662,0.8571428571428571,0.15563909774436088,0.7978151600829518,0.29400958691043927,0.29400958691043927,0.1526940035004656,0.5193143125513678,0.14285714285714285,414,4423,4094,69,0.04355480669350216,157460,17.495555555555555,0.02381181750930511,0.5374444444444444,WithoutSequenceFeatures
0.5128888888888888,0.6733015518105185,0.0871957671957672,0.8530020703933747,0.15821812596006146,0.7978151600829518,0.29400958691043927,0.29400958691043927,0.15641570997292,0.5063989667723376,0.14699792960662525,412,4313,4204,71,0.04355480669350216,157260,17.473333333333333,0.024363779535623315,0.525,WithoutSequenceFeatures
0.5252222222222223,0.6788414402470179,0.0891153512575889,0.8509316770186336,0.16133464180569185,0.7978151600829518,0.29400958691043927,0.29400958691043927,0.16126387253000965,0.49324879652459785,0.14906832298136646,411,4201,4316,72,0.04355480669350216,156020,17.335555555555555,0.024914901731355497,0.5124444444444445,WithoutSequenceFeatures
0.5275555555555556,0.6800742687077435,0.08952297974297539,0.8509316770186336,0.16200236499802917,0.7978151600829518,0.29400958691043927,0.29400958691043927,0.16235843208195427,0.4907831396031466,0.14906832298136646,411,4180,4337,72,0.04355480669350216,155600,17.288888888888888,0.025,0.5101111111111111,WithoutSequenceFeatures
0.5367777777777778,0.6810409141526956,0.09044444444444444,0.8426501035196687,0.16335540838852095,0.7978151600829518,0.29400958691043927,0.29400958691043927,0.16319659934439304,0.4805682752142773,0.15734989648033126,407,4093,4424,76,0.04355480669350216,157860,17.54,0.02537046610168011,0.5,WithoutSequenceFeatures
0.549,0.6865220964720176,0.09252506836827712,0.8405797101449275,0.16670088277561076,0.7978151600829518,0.29400958691043927,0.29400958691043927,0.16818962958443956,0.4675355172008923,0.15942028985507245,406,3982,4535,77,0.04355480669350216,156640,17.404444444444444,0.02596648547339182,0.4875555555555556,WithoutSequenceFeatures
0.5613333333333334,0.692061984908517,0.09473684210526316,0.8385093167701864,0.1702395964691047,0.7978151600829518,0.29400958691043927,0.29400958691043927,0.17334819806530177,0.4543853469531525,0.16149068322981366,405,3870,4647,78,0.04355480669350216,155400,17.266666666666666,0.02656549868156384,0.475,WithoutSequenceFeatures
0.5728888888888889,0.6942614588141948,0.09632476579389863,0.8302277432712215,0.17262160998708567,0.7978151600829518,0.29400958691043927,0.29400958691043927,0.17560718504736725,0.441704825642832,0.16977225672877846,401,3762,4755,82,0.04355480669350216,157240,17.47111111111111,0.027161419281295913,0.46255555555555555,WithoutSequenceFeatures
0.5845555555555556,0.69651963883705,0.09802469135802469,0.8219461697722568,0.17515993823075227,0.7978151600829518,0.29400958691043927,0.29400958691043927,0.1780421093385252,0.42890689209815663,0.17805383022774326,397,3653,4864,86,0.04355480669350216,159060,17.673333333333332,0.027833460225254524,0.45,WithoutSequenceFeatures
0.5965555555555555,0.700906918351824,0.10030472320975115,0.8178053830227743,0.17869260348337482,0.7978151600829518,0.29400958691043927,0.29400958691043927,0.1825336131717546,0.41599154631912644,0.18219461697722567,395,3543,4974,88,0.04355480669350216,158860,17.65111111111111,0.02855064950599372,0.43755555555555553,WithoutSequenceFeatures
0.6088888888888889,0.7064468067883233,0.10300653594771242,0.8157349896480331,0.18291550603528317,0.7978151600829518,0.29400958691043927,0.29400958691043927,0.18822796964851057,0.40284137607138665,0.18426501035196688,394,3431,5086,89,0.04355480669350216,157620,17.513333333333332,0.02935852874682106,0.425,WithoutSequenceFeatures
0.6206666666666667,0.7097401834985491,0.10530568273633181,0.8095238095238095,0.18636796949475692,0.7978151600829518,0.29400958691043927,0.29400958691043927,0.19202660267757135,0.3900434425267113,0.19047619047619047,391,3322,5195,92,0.04355480669350216,158440,17.604444444444443,0.030073722228357948,0.41255555555555556,WithoutSequenceFeatures
0.6318888888888889,0.7098105579123084,0.10694444444444444,0.7971014492753623,0.18858682341415625,0.7978151600829518,0.29400958691043927,0.29400958691043927,0.19303056994410273,0.37748033345074555,0.2028985507246377,385,3215,5302,98,0.04355480669350216,162300,18.033333333333335,0.030792167806183646,0.4,WithoutSequenceFeatures
0.643,0.7098222262088902,0.10865825688073394,0.7846790890269151,0.19088390833543187,0.7978151600829518,0.29400958691043927,0.29400958691043927,0.19411340719395678,0.36503463660913466,0.2153209109730849,379,3109,5408,104,0.04355480669350216,166180,18.464444444444446,0.03143177884968146,0.38755555555555554,WithoutSequenceFeatures
0.654,0.7087986978181015,0.11022222222222222,0.7701863354037267,0.19284603421461896,0.7978151600829518,0.29400958691043927,0.29400958691043927,0.19439116320968333,0.35258893976752376,0.22981366459627328,372,3003,5514,111,0.04355480669350216,171060,19.006666666666668,0.0321160714903693,0.375,WithoutSequenceFeatures
0.6655555555555556,0.7109981717237793,0.1127796506282562,0.7619047619047619,0.196476241324079,0.7978151600829518,0.29400958691043927,0.29400958691043927,0.1978220121699527,0.33990841845720327,0.23809523809523808,368,2895,5622,115,0.04355480669350216,172900,19.211111111111112,0.033236244381769184,0.3625555555555556,WithoutSequenceFeatures
0.677,0.7121624489420866,0.11523809523809524,0.7515527950310559,0.19983484723369116,0.7978151600829518,0.29400958691043927,0.29400958691043927,0.2004851429030402,0.3272278971468827,0.2484472049689441,363,2787,5730,120,0.04355480669350216,175740,19.526666666666667,0.03401543549932977,0.35,WithoutSequenceFeatures
0.6887777777777778,0.7154558256523125,0.1184990125082291,0.7453416149068323,0.20448736154501562,0.7978151600829518,0.29400958691043927,0.29400958691043927,0.20535971616317605,0.3144299636022074,0.2546583850931677,360,2678,5839,123,0.04355480669350216,176560,19.61777777777778,0.034998695596597566,0.33755555555555555,WithoutSequenceFeatures
0.689,0.7155732378866673,0.11857707509881422,0.7453416149068323,0.20460358056265984,0.7978151600829518,0.29400958691043927,0.29400958691043927,0.20550482758259173,0.3141951391334977,0.2546583850931677,360,2676,5841,123,0.04355480669350216,176520,19.613333333333333,0.034999999999999996,0.3373333333333333,WithoutSequenceFeatures
0.6991111111111111,0.7111505888478797,0.11965811965811966,0.7246376811594203,0.20539906103286384,0.7978151600829518,0.29400958691043927,0.29400958691043927,0.20319036254538708,0.3023365034636609,0.2753623188405797,350,2575,5942,133,0.04355480669350216,184500,20.5,0.035864532922528385,0.325,WithoutSequenceFeatures
0.7104444444444444,0.7122561599490096,0.1226448631354426,0.7142857142857143,0.20934466019417478,0.7978151600829518,0.29400958691043927,0.29400958691043927,0.20638696444530735,0.28977339438769517,0.2857142857142857,345,2468,6049,138,0.04355480669350216,187360,20.817777777777778,0.03693107099249045,0.31255555555555553,WithoutSequenceFeatures
0.7221111111111111,0.7145143399718648,0.1262962962962963,0.7060041407867494,0.21426327364121897,0.7978151600829518,0.29400958691043927,0.29400958691043927,0.21098474597807165,0.2769754608430198,0.2939958592132505,341,2359,6158,142,0.04355480669350216,189180,21.02,0.03807164922435413,0.3,WithoutSequenceFeatures
0.7334444444444445,0.7156199110729946,0.12982998454404945,0.6956521739130435,0.21882123086942362,0.7978151600829518,0.29400958691043927,0.29400958691043927,0.21471226553509515,0.26441235176705413,0.30434782608695654,336,2252,6265,147,0.04355480669350216,192040,21.337777777777777,0.03933721961943718,0.28755555555555556,WithoutSequenceFeatures
0.7451111111111111,0.71787809109585,0.13414141414141414,0.6873706004140787,0.2244759972954699,0.7978151600829518,0.29400958691043927,0.29400958691043927,0.21992904411364322,0.2516144182223788,0.31262939958592134,332,2143,6374,151,0.04355480669350216,193860,21.54,0.040656047600687716,0.275,WithoutSequenceFeatures
0.7562222222222222,0.7178897593924318,0.1379602200592467,0.6749482401656315,0.2290934645115952,0.7978151600829518,0.29400958691043927,0.29400958691043927,0.22318547870254865,0.23916872138076786,0.3250517598343685,326,2037,6480,157,0.04355480669350216,197740,21.97111111111111,0.04222234476258307,0.26255555555555554,WithoutSequenceFeatures
0.7674444444444445,0.7179601338061911,0.14222222222222222,0.6625258799171843,0.23417489937797292,0.7978151600829518,0.29400958691043927,0.29400958691043927,0.22687195059869036,0.22660561230480217,0.33747412008281574,320,1930,6587,163,0.04355480669350216,201600,22.4,0.04415956856820135,0.25,WithoutSequenceFeatures
0.7714444444444445,0.7190970634543845,0.1442133815551537,0.660455486542443,0.236734693877551,0.7978151600829518,0.29400958691043927,0.29400958691043927,0.2293612058934127,0.22226135963367383,0.33954451345755693,319,1893,6624,164,0.04355480669350216,201860,22.42888888888889,0.045,0.2457777777777778,WithoutSequenceFeatures
0.7792222222222223,0.7212535105164168,0.14826941066417212,0.6563146997929606,0.24189240747806182,0.7978151600829518,0.29400958691043927,0.29400958691043927,0.23431918467059878,0.2138076787601268,0.34368530020703936,317,1821,6696,166,0.04355480669350216,202420,22.49111111111111,0.046214121193322,0.23755555555555555,WithoutSequenceFeatures
0.7904444444444444,0.7213238849301762,0.15358024691358024,0.6438923395445134,0.24800637958532695,0.7978151600829518,0.29400958691043927,0.29400958691043927,0.23888591817707208,0.2012445696841611,0.35610766045548653,311,1714,6803,172,0.04355480669350216,206280,22.92,0.04841566279295152,0.225,WithoutSequenceFeatures
0.8017777777777778,0.722429456031306,0.159958180867747,0.6335403726708074,0.2554257095158598,0.7978151600829518,0.29400958691043927,0.29400958691043927,0.24504761672049669,0.18868146060819538,0.36645962732919257,306,1607,6910,177,0.04355480669350216,209140,23.23777777777778,0.05104941107633783,0.21255555555555555,WithoutSequenceFeatures
0.8132222222222222,0.7235937332496133,0.16722222222222222,0.6231884057971014,0.2636881296539641,0.7978151600829518,0.29400958691043927,0.29400958691043927,0.25194399475826235,0.17600093929787483,0.37681159420289856,301,1499,7018,182,0.04355480669350216,211980,23.553333333333335,0.05369350759074812,0.2,WithoutSequenceFeatures
0.8174444444444444,0.7248480751321617,0.17045454545454544,0.6211180124223602,0.26749888542131073,0.7978151600829518,0.29400958691043927,0.29400958691043927,0.25551149421010794,0.17142186215803687,0.37888198757763975,300,1460,7057,183,0.04355480669350216,212200,23.57777777777778,0.055,0.19555555555555557,WithoutSequenceFeatures
0.8245555555555556,0.7246993043507431,0.17535545023696683,0.6128364389233955,0.27268539843390144,0.7978151600829518,0.29400958691043927,0.29400958691043927,0.25944439938652314,0.16343783022190914,0.38716356107660455,296,1392,7125,187,0.04355480669350216,214840,23.871111111111112,0.05683002724889835,0.18755555555555556,WithoutSequenceFeatures
0.8364444444444444,0.7280513871781464,0.18603174603174602,0.6066252587991718,0.2847424684159378,0.7978151600829518,0.29400958691043927,0.29400958691043927,0.2705148400708357,0.15052248444287894,0.39337474120082816,293,1282,7235,190,0.04355480669350216,215640,23.96,0.06095353682702566,0.175,WithoutSequenceFeatures
0.847,0.7277695248888412,0.1955040871934605,0.5942028985507246,0.29420809841107126,0.7978151600829518,0.29400958691043927,0.29400958691043927,0.2778589032067221,0.13866384877304216,0.4057971014492754,287,1181,7336,196,0.04355480669350216,219620,24.40222222222222,0.065,0.16311111111111112,WithoutSequenceFeatures
0.8471111111111111,0.7258752498656322,0.19480519480519481,0.5900621118012422,0.29290853031860226,0.7978151600829518,0.29400958691043927,0.29400958691043927,0.27592694334380224,0.1383116120699777,0.40993788819875776,285,1178,7339,198,0.04355480669350216,221560,24.61777777777778,0.0652518779397366,0.16255555555555556,WithoutSequenceFeatures
0.8576666666666667,0.7226639158657475,0.20444444444444446,0.5714285714285714,0.30114566284779054,0.7978151600829518,0.29400958691043927,0.29400958691043927,0.28106005397856954,0.12610073969707644,0.42857142857142855,276,1074,7443,207,0.04355480669350216,228480,25.386666666666667,0.06983362515929244,0.15,WithoutSequenceFeatures
0.8674444444444445,0.7229476013263936,0.21645367412140576,0.5610766045548654,0.31239193083573485,0.7978151600829518,0.29400958691043927,0.29400958691043927,0.29037065108391885,0.11518140190207819,0.4389233954451346,271,981,7536,212,0.04355480669350216,231620,25.735555555555557,0.07500000000000001,0.1391111111111111,WithoutSequenceFeatures
0.8685555555555555,0.7215816813577813,0.2172859450726979,0.556935817805383,0.3126089482858803,0.7978151600829518,0.29400958691043927,0.29400958691043927,0.2899569992312559,0.11377245508982035,0.44306418219461696,269,969,7548,214,0.04355480669350216,233380,25.93111111111111,0.0757796152402318,0.13755555555555554,WithoutSequenceFeatures
0.8797777777777778,0.7216520557715406,0.23377777777777778,0.5445134575569358,0.32711442786069655,0.7978151600829518,0.29400958691043927,0.29400958691043927,0.3020766148610047,0.10120934601385465,0.4554865424430642,263,862,7655,220,0.04355480669350216,237240,26.36,0.08337187789808481,0.125,WithoutSequenceFeatures
0.8816666666666667,0.7206970786231701,0.23641304347826086,0.5403726708074534,0.32892249527410206,0.7978151600829518,0.29400958691043927,0.29400958691043927,0.30321826790161915,0.09897851356111306,0.45962732919254656,261,843,7674,222,0.04355480669350216,238860,26.54,0.085,0.12266666666666666,WithoutSequenceFeatures
0.8893333333333333,0.7140064044362864,0.24679170779861798,0.5175983436853002,0.3342245989304813,0.7978151600829518,0.29400958691043927,0.29400958691043927,0.30519477221593705,0.08958553481272749,0.4824016563146998,250,763,7754,233,0.04355480669350216,248260,27.584444444444443,0.09179622276908407,0.11255555555555556,WithoutSequenceFeatures
0.894,0.7145190802173512,0.2564632885211996,0.5134575569358178,0.34206896551724136,0.7978151600829518,0.29400958691043927,0.29400958691043927,0.3122199791090523,0.08441939650111542,0.4865424430641822,248,719,7798,235,0.04355480669350216,249380,27.70888888888889,0.095,0.10744444444444444,WithoutSequenceFeatures
0.9003333333333333,0.7129828760454976,0.27,0.5031055900621118,0.35140997830802606,0.7978151600829518,0.29400958691043927,0.29400958691043927,0.31998366457556215,0.07713983797111659,0.4968944099378882,243,657,7860,240,0.04355480669350216,253140,28.126666666666665,0.10002950391520447,0.1,WithoutSequenceFeatures
0.9032222222222223,0.7057208199603715,0.2733644859813084,0.484472049689441,0.34951456310679613,0.7978151600829518,0.29400958691043927,0.29400958691043927,0.3160598768049939,0.0730304097686979,0.515527950310559,234,622,7895,249,0.04355480669350216,261440,29.04888888888889,0.10500000000000001,0.0951111111111111,WithoutSequenceFeatures
0.9096666666666666,0.7042433219056954,0.2906091370558376,0.474120082815735,0.3603461841070024,0.7978151600829518,0.29400958691043927,0.29400958691043927,0.32569205991956657,0.06563343900434425,0.525879917184265,229,559,7958,254,0.04355480669350216,265180,29.464444444444446,0.11397954987100985,0.08755555555555555,WithoutSequenceFeatures
0.9101111111111111,0.704478146374405,0.29209183673469385,0.474120082815735,0.36148382004735596,0.7978151600829518,0.29400958691043927,0.29400958691043927,0.3268176761322377,0.06516379006692498,0.525879917184265,229,555,7962,254,0.04355480669350216,265100,29.455555555555556,0.115,0.08711111111111111,WithoutSequenceFeatures
0.9173333333333333,0.7014586099995843,0.3148936170212766,0.45962732919254656,0.37373737373737376,0.7978151600829518,0.29400958691043927,0.29400958691043927,0.33793250226309124,0.05671010919337795,0.5403726708074534,222,483,8034,261,0.04355480669350216,270660,30.073333333333334,0.125,0.07833333333333334,WithoutSequenceFeatures
0.9197777777777778,0.6988441822967145,0.32296296296296295,0.45134575569358176,0.3765112262521589,0.7978151600829518,0.29400958691043927,0.29400958691043927,0.34026381444663595,0.053657391100152635,0.5486542443064182,218,457,8060,265,0.04355480669350216,274140,30.46,0.12885824033770993,0.075,WithoutSequenceFeatures
0.9236666666666666,0.6979694246873444,0.3391167192429022,0.4451345755693582,0.38495971351835273,0.7978151600829518,0.29400958691043927,0.29400958691043927,0.34869156890377645,0.049195726194669484,0.5548654244306418,215,419,8098,268,0.04355480669350216,276380,30.70888888888889,0.135,0.07044444444444445,WithoutSequenceFeatures
0.9274444444444444,0.6911770175396376,0.3539518900343643,0.42650103519668736,0.3868544600938967,0.7978151600829518,0.29400958691043927,0.29400958691043927,0.35036169097140574,0.04414700011741223,0.5734989648033126,206,376,8141,277,0.04355480669350216,284520,31.613333333333333,0.14500000000000002,0.06466666666666666,WithoutSequenceFeatures
0.9288888888888889,0.6890107253523643,0.3605683836589698,0.42028985507246375,0.38814531548757164,0.7978151600829518,0.29400958691043927,0.29400958691043927,0.3517913134075758,0.042268404367735116,0.5797101449275363,203,360,8157,280,0.04355480669350216,287200,31.91111111111111,0.14910352419602366,0.06255555555555556,WithoutSequenceFeatures
0.9303333333333333,0.6848914520247047,0.36666666666666664,0.40993788819875776,0.38709677419354843,0.7978151600829518,0.29400958691043927,0.29400958691043927,0.3508986168782809,0.040154984149348365,0.5900621118012422,198,342,8175,285,0.04355480669350216,291840,32.42666666666667,0.155,0.06,WithoutSequenceFeatures
0.9328888888888889,0.6745238058774669,0.3772819472616633,0.38509316770186336,0.38114754098360654,0.7978151600829518,0.29400958691043927,0.29400958691043927,0.3456924414296183,0.036045555946929674,0.6149068322981367,186,307,8210,297,0.04355480669350216,303140,33.68222222222222,0.165,0.05477777777777778,WithoutSequenceFeatures
0.9354444444444444,0.6661091408706153,0.39111111111111113,0.36438923395445133,0.37727759914255093,0.7978151600829518,0.29400958691043927,0.29400958691043927,0.3435192686183128,0.03217095221322062,0.6356107660455487,176,274,8243,307,0.04355480669350216,312480,34.72,0.17427917336730328,0.05,WithoutSequenceFeatures
0.9358888888888889,0.666343965339325,0.39461883408071746,0.36438923395445133,0.3789020452099031,0.7978151600829518,0.29400958691043927,0.29400958691043927,0.34546327228326335,0.03170130327580134,0.6356107660455487,176,270,8247,307,0.04355480669350216,312400,34.71111111111111,0.17500000000000002,0.049555555555555554,WithoutSequenceFeatures
0.9374444444444444,0.6613069075586496,0.40476190476190477,0.35196687370600416,0.37652270210409744,0.7978151600829518,0.29400958691043927,0.29400958691043927,0.34469228330906904,0.029353058588704944,0.6480331262939959,170,250,8267,313,0.04355480669350216,318000,35.333333333333336,0.185,0.04666666666666667,WithoutSequenceFeatures
0.9384444444444444,0.6559763191920871,0.41102756892230574,0.33954451345755693,0.37188208616780044,0.7978151600829518,0.29400958691043927,0.29400958691043927,0.3415424035801645,0.027591875073382646,0.660455486542443,164,235,8282,319,0.04355480669350216,323700,35.96666666666667,0.195,0.044333333333333336,WithoutSequenceFeatures
0.9397777777777778,0.650821849177057,0.42133333333333334,0.32712215320910976,0.36829836829836826,0.7978151600829518,0.29400958691043927,0.29400958691043927,0.3401856267109563,0.02547845485499589,0.6728778467908902,158,217,8300,325,0.04355480669350216,329340,36.593333333333334,0.20500000000000002,0.041666666666666664,WithoutSequenceFeatures
0.9413333333333334,0.6457847913963815,0.4355300859598854,0.3146997929606625,0.3653846153846154,0.7978151600829518,0.29400958691043927,0.29400958691043927,0.3403401883937437,0.023130210167899495,0.6853002070393375,152,197,8320,331,0.04355480669350216,334940,37.215555555555554,0.215,0.03877777777777778,WithoutSequenceFeatures
0.9416666666666667,0.642054947467141,0.4378698224852071,0.3064182194616977,0.36053593179049936,0.7978151600829518,0.29400958691043927,0.29400958691043927,0.33677187019310634,0.022308324527415758,0.6935817805383023,148,190,8327,335,0.04355480669350216,338800,37.644444444444446,0.22024045789352,0.03755555555555556,WithoutSequenceFeatures
0.9425555555555556,0.641548105834367,0.4481707317073171,0.30434782608695654,0.3625154130702836,0.7978151600829518,0.29400958691043927,0.29400958691043927,0.3404508245243605,0.02125161441822238,0.6956521739130435,147,181,8336,336,0.04355480669350216,339620,37.73555555555556,0.225,0.036444444444444446,WithoutSequenceFeatures
0.9435555555555556,0.6391469891783842,0.46006389776357826,0.2981366459627329,0.36180904522613067,0.7978151600829518,0.29400958691043927,0.29400958691043927,0.3423052962848363,0.01984266760596454,0.7018633540372671,144,169,8348,339,0.04355480669350216,342380,38.04222222222222,0.23500000000000001,0.034777777777777776,WithoutSequenceFeatures
0.9445555555555556,0.6338164008118217,0.4726027397260274,0.2857142857142857,0.3561290322580645,0.7978151600829518,0.29400958691043927,0.29400958691043927,0.34041257399458574,0.018081484090642246,0.7142857142857143,138,154,8363,345,0.04355480669350216,348080,38.675555555555555,0.245,0.03244444444444444,WithoutSequenceFeatures
0.9453333333333334,0.6322743624916772,0.48398576512455516,0.2815734989648033,0.356020942408377,0.7978151600829518,0.29400958691043927,0.29400958691043927,0.34279625049577384,0.017024773981448867,0.7184265010351967,136,145,8372,347,0.04355480669350216,349900,38.87777777777778,0.255,0.03122222222222222,WithoutSequenceFeatures
0.9456666666666667,0.6256150468518571,0.48863636363636365,0.2670807453416149,0.34538152610441764,0.7978151600829518,0.29400958691043927,0.29400958691043927,0.3355291627979369,0.01585065163790067,0.7329192546583851,129,135,8382,354,0.04355480669350216,356700,39.63333333333333,0.265,0.029333333333333333,WithoutSequenceFeatures
0.9458888888888889,0.6179205345246664,0.491869918699187,0.2505175983436853,0.33196159122085045,0.7978151600829518,0.29400958691043927,0.29400958691043927,0.32596089314372984,0.014676529294352472,0.7494824016563147,121,125,8392,362,0.04355480669350216,364500,40.5,0.275,0.027333333333333334,WithoutSequenceFeatures
0.9458888888888889,0.6110851005333141,0.49137931034482757,0.2360248447204969,0.31888111888111886,0.7978151600829518,0.29400958691043927,0.29400958691043927,0.3159427791563029,0.013854643653868733,0.7639751552795031,114,118,8399,369,0.04355480669350216,371360,41.26222222222222,0.28500000000000003,0.025777777777777778,WithoutSequenceFeatures
0.9462222222222222,0.60930823774446,0.49777777777777776,0.2318840579710145,0.3163841807909604,0.7978151600829518,0.29400958691043927,0.29400958691043927,0.3155621858932439,0.013267582482094635,0.7681159420289855,112,113,8404,371,0.04355480669350216,373260,41.473333333333336,0.2916259047340043,0.025,WithoutSequenceFeatures
0.9461111111111111,0.6082730410570893,0.4955357142857143,0.22981366459627328,0.31400282885431396,0.7978151600829518,0.29400958691043927,0.29400958691043927,0.3132527578402729,0.013267582482094635,0.7701863354037267,111,113,8404,372,0.04355480669350216,374260,41.58444444444444,0.295,0.024888888888888887,WithoutSequenceFeatures
0.9463333333333334,0.602531509870285,0.5,0.21739130434782608,0.30303030303030304,0.7978151600829518,0.29400958691043927,0.29400958691043927,0.30612595471088855,0.012328284607256075,0.782608695652174,105,105,8412,378,0.04355480669350216,380100,42.233333333333334,0.305,0.023333333333333334,WithoutSequenceFeatures
0.9462222222222222,0.5946608791915621,0.49743589743589745,0.20082815734989648,0.28613569321533927,0.7978151600829518,0.29400958691043927,0.29400958691043927,0.2930457536223176,0.011506398966772337,0.7991718426501035,97,98,8419,386,0.04355480669350216,387960,43.10666666666667,0.315,0.021666666666666667,WithoutSequenceFeatures
0.9466666666666667,0.5929427225198853,0.5080213903743316,0.19668737060041408,0.2835820895522388,0.7978151600829518,0.29400958691043927,0.29400958691043927,0.29368352633241734,0.01080192556064342,0.8033126293995859,95,92,8425,388,0.04355480669350216,389840,43.315555555555555,0.325,0.020777777777777777,WithoutSequenceFeatures
0.9468888888888889,0.5862247007628878,0.5146198830409356,0.18219461697722567,0.2691131498470948,0.7978151600829518,0.29400958691043927,0.29400958691043927,0.2846589000779749,0.00974521545145004,0.8178053830227743,88,83,8434,395,0.04355480669350216,396660,44.07333333333333,0.335,0.019,WithoutSequenceFeatures
0.9465555555555556,0.57823665784981,0.5063291139240507,0.16563146997929606,0.249609984399376,0.7978151600829518,0.29400958691043927,0.29400958691043927,0.2685056172054685,0.009158154279675942,0.8343685300207039,80,78,8439,403,0.04355480669350216,404560,44.95111111111111,0.34500000000000003,0.017555555555555557,WithoutSequenceFeatures
0.9461111111111111,0.5701899088195549,0.4931506849315068,0.14906832298136646,0.22893481717011124,0.7978151600829518,0.29400958691043927,0.29400958691043927,0.25042367015873895,0.008688505342256663,0.8509316770186336,72,74,8443,411,0.04355480669350216,412480,45.83111111111111,0.35500000000000004,0.01622222222222222,WithoutSequenceFeatures
0.9461111111111111,0.5643309653983958,0.4925373134328358,0.13664596273291926,0.21393841166936792,0.7978151600829518,0.29400958691043927,0.29400958691043927,0.23941463293081572,0.007984031936127744,0.8633540372670807,66,68,8449,417,0.04355480669350216,418360,46.48444444444444,0.365,0.014888888888888889,WithoutSequenceFeatures
0.9465555555555556,0.5596833370161395,0.5083333333333333,0.12629399585921325,0.2023217247097844,0.7978151600829518,0.29400958691043927,0.29400958691043927,0.23453241533869937,0.006927321826934367,0.8737060041407867,61,59,8458,422,0.04355480669350216,423180,47.02,0.375,0.013333333333333334,WithoutSequenceFeatures
0.9462222222222222,0.5546247658136413,0.49557522123893805,0.11594202898550725,0.18791946308724833,0.7978151600829518,0.29400958691043927,0.29400958691043927,0.22111574113585125,0.006692497358224727,0.8840579710144928,56,57,8460,427,0.04355480669350216,428140,47.57111111111111,0.3786045196305876,0.012555555555555556,WithoutSequenceFeatures
0.9461111111111111,0.5506600974156911,0.49056603773584906,0.10766045548654245,0.1765704584040747,0.7978151600829518,0.29400958691043927,0.29400958691043927,0.21164665551223436,0.0063402606551602675,0.8923395445134575,52,54,8463,431,0.04355480669350216,432080,48.00888888888889,0.385,0.011777777777777778,WithoutSequenceFeatures
0.946,0.5447424478773546,0.4842105263157895,0.09523809523809523,0.15916955017301035,0.7978151600829518,0.29400958691043927,0.29400958691043927,0.19732761233623272,0.005753199483386168,0.9047619047619048,46,49,8468,437,0.04355480669350216,437980,48.66444444444444,0.395,0.010555555555555556,WithoutSequenceFeatures
0.9464444444444444,0.5400948194950982,0.5061728395061729,0.08488612836438923,0.1453900709219858,0.7978151600829518,0.29400958691043927,0.29400958691043927,0.19135268298196131,0.004696489374192791,0.9151138716356108,41,40,8477,442,0.04355480669350216,442800,49.2,0.405,0.009,WithoutSequenceFeatures
0.9465555555555556,0.5352710727613097,0.5142857142857142,0.07453416149068323,0.13019891500904157,0.7978151600829518,0.29400958691043927,0.29400958691043927,0.18096342363312917,0.003992015968063872,0.9254658385093167,36,34,8483,447,0.04355480669350216,447680,49.742222222222225,0.41500000000000004,0.0077777777777777776,WithoutSequenceFeatures
0.9467777777777778,0.5324590132850849,0.532258064516129,0.06832298136645963,0.12110091743119265,0.7978151600829518,0.29400958691043927,0.29400958691043927,0.17687488822259775,0.0034049547962897732,0.9316770186335404,33,29,8488,450,0.04355480669350216,450580,50.06444444444445,0.425,0.006888888888888889,WithoutSequenceFeatures
0.9465555555555556,0.5294121293401505,0.5172413793103449,0.062111801242236024,0.11090573012939,0.7978151600829518,0.29400958691043927,0.29400958691043927,0.16566929427884639,0.0032875425619349535,0.937888198757764,30,28,8489,453,0.04355480669350216,453560,50.39555555555555,0.435,0.0064444444444444445,WithoutSequenceFeatures
0.947,0.5267174820982806,0.5625,0.055900621118012424,0.1016949152542373,0.7978151600829518,0.29400958691043927,0.29400958691043927,0.16533384137527435,0.0024656569214512153,0.9440993788819876,27,21,8496,456,0.04355480669350216,456420,50.71333333333333,0.445,0.005333333333333333,WithoutSequenceFeatures
0.9465555555555556,0.521600204778605,0.5238095238095238,0.045548654244306416,0.0838095238095238,0.7978151600829518,0.29400958691043927,0.29400958691043927,0.14284813637546243,0.0023482446870963956,0.9544513457556936,22,20,8497,461,0.04355480669350216,461400,51.266666666666666,0.455,0.004666666666666667,WithoutSequenceFeatures
0.9462222222222222,0.5165416335761068,0.4857142857142857,0.035196687370600416,0.06563706563706564,0.7978151600829518,0.29400958691043927,0.29400958691043927,0.1197887717215141,0.0021134202183867557,0.9648033126293996,17,18,8499,466,0.04355480669350216,466360,51.81777777777778,0.465,0.0038888888888888888,WithoutSequenceFeatures
0.9464444444444444,0.5156825552402685,0.5161290322580645,0.033126293995859216,0.06225680933852141,0.7978151600829518,0.29400958691043927,0.29400958691043927,0.12064542334746302,0.0017611835153222965,0.9668737060041408,16,15,8502,467,0.04355480669350216,467300,51.922222222222224,0.47500000000000003,0.0034444444444444444,WithoutSequenceFeatures
0.9466666666666667,0.5148234769044301,0.5555555555555556,0.031055900621118012,0.058823529411764705,0.7978151600829518,0.29400958691043927,0.29400958691043927,0.12216484541156815,0.0014089468122578373,0.968944099378882,15,12,8505,468,0.04355480669350216,468240,52.026666666666664,0.485,0.003,WithoutSequenceFeatures
0.9467777777777778,0.5148821830216075,0.5769230769230769,0.031055900621118012,0.05893909626719057,0.7978151600829518,0.29400958691043927,0.29400958691043927,0.12497807160632335,0.0012915345779030175,0.968944099378882,15,11,8506,468,0.04355480669350216,468220,52.02444444444444,0.495,0.0028888888888888888,WithoutSequenceFeatures
0.9468888888888889,0.5129879079983986,0.6190476190476191,0.026915113871635612,0.05158730158730159,0.7978151600829518,0.29400958691043927,0.29400958691043927,0.12132839571272126,0.0009392978748385582,0.9730848861283644,13,8,8509,470,0.04355480669350216,470160,52.24,0.505,0.0023333333333333335,WithoutSequenceFeatures
0.9468888888888889,0.5110349268580121,0.6470588235294118,0.022774327122153208,0.044,0.7978151600829518,0.29400958691043927,0.29400958691043927,0.11454633101301924,0.0007044734061289186,0.9772256728778468,11,6,8511,472,0.04355480669350216,472120,52.45777777777778,0.515,0.001888888888888889,WithoutSequenceFeatures
0.9468888888888889,0.5110349268580121,0.6470588235294118,0.022774327122153208,0.044,0.7978151600829518,0.29400958691043927,0.29400958691043927,0.11454633101301924,0.0007044734061289186,0.9772256728778468,11,6,8511,472,0.04355480669350216,472120,52.45777777777778,0.525,0.001888888888888889,WithoutSequenceFeatures
0.9468888888888889,0.510058436287819,0.6666666666666666,0.020703933747412008,0.04016064257028113,0.7978151600829518,0.29400958691043927,0.29400958691043927,0.11114058637043435,0.0005870611717740989,0.979296066252588,10,5,8512,473,0.04355480669350216,473100,52.56666666666667,0.535,0.0016666666666666668,WithoutSequenceFeatures
0.9467777777777778,0.5080467490302552,0.6666666666666666,0.016563146997929608,0.03232323232323232,0.7978151600829518,0.29400958691043927,0.29400958691043927,0.09939057110842982,0.0004696489374192791,0.9834368530020704,8,4,8513,475,0.04355480669350216,475080,52.78666666666667,0.545,0.0013333333333333333,WithoutSequenceFeatures
0.9467777777777778,0.5070702584600619,0.7,0.014492753623188406,0.028397565922920896,0.7978151600829518,0.29400958691043927,0.29400958691043927,0.09565382228614255,0.0003522367030644593,0.9855072463768116,7,3,8514,476,0.04355480669350216,476060,52.89555555555555,0.555,0.0011111111111111111,WithoutSequenceFeatures
0.9466666666666667,0.5060350617726913,0.6666666666666666,0.012422360248447204,0.024390243902439022,0.7978151600829518,0.29400958691043927,0.29400958691043927,0.08606039812506719,0.0003522367030644593,0.9875776397515528,6,3,8514,477,0.04355480669350216,477060,53.00666666666667,0.5650000000000001,0.001,WithoutSequenceFeatures
0.9466666666666667,0.5050585712024982,0.7142857142857143,0.010351966873706004,0.02040816326530612,0.7978151600829518,0.29400958691043927,0.29400958691043927,0.08178495805565278,0.00023482446870963955,0.989648033126294,5,2,8515,478,0.04355480669350216,478040,53.11555555555555,0.5750000000000001,0.0007777777777777777,WithoutSequenceFeatures
0.9466666666666667,0.504082080632305,0.8,0.008281573498964804,0.01639344262295082,0.7978151600829518,0.29400958691043927,0.29400958691043927,0.07808055247823792,0.00011741223435481978,0.9917184265010351,4,1,8516,479,0.04355480669350216,479020,53.224444444444444,0.585,0.0005555555555555556,WithoutSequenceFeatures
0.9466666666666667,0.504082080632305,0.8,0.008281573498964804,0.01639344262295082,0.7978151600829518,0.29400958691043927,0.29400958691043927,0.07808055247823792,0.00011741223435481978,0.9917184265010351,4,1,8516,479,0.04355480669350216,479020,53.224444444444444,0.595,0.0005555555555555556,WithoutSequenceFeatures
0.9466666666666667,0.504082080632305,0.8,0.008281573498964804,0.01639344262295082,0.7978151600829518,0.29400958691043927,0.29400958691043927,0.07808055247823792,0.00011741223435481978,0.9917184265010351,4,1,8516,479,0.04355480669350216,479020,53.224444444444444,0.605,0.0005555555555555556,WithoutSequenceFeatures
0.9464444444444444,0.5020116872575638,0.6666666666666666,0.004140786749482402,0.00823045267489712,0.7978151600829518,0.29400958691043927,0.29400958691043927,0.049670423406963385,0.00011741223435481978,0.9958592132505176,2,1,8516,481,0.04355480669350216,481020,53.446666666666665,0.615,0.0003333333333333333,WithoutSequenceFeatures
0.9464444444444444,0.5020116872575638,0.6666666666666666,0.004140786749482402,0.00823045267489712,0.7978151600829518,0.29400958691043927,0.29400958691043927,0.049670423406963385,0.00011741223435481978,0.9958592132505176,2,1,8516,481,0.04355480669350216,481020,53.446666666666665,0.625,0.0003333333333333333,WithoutSequenceFeatures
0.9463333333333334,0.5009764905701932,0.5,0.002070393374741201,0.004123711340206186,0.7978151600829518,0.29400958691043927,0.29400958691043927,0.029527518219067836,0.00011741223435481978,0.9979296066252588,1,1,8516,482,0.04355480669350216,482020,53.55777777777778,0.635,0.00022222222222222223,WithoutSequenceFeatures
0.9463333333333334,0.5009764905701932,0.5,0.002070393374741201,0.004123711340206186,0.7978151600829518,0.29400958691043927,0.29400958691043927,0.029527518219067836,0.00011741223435481978,0.9979296066252588,1,1,8516,482,0.04355480669350216,482020,53.55777777777778,0.645,0.00022222222222222223,WithoutSequenceFeatures
0.9462222222222222,0.4999412938828226,0.0,0.0,0.0,0.7978151600829518,0.29400958691043927,0.29400958691043927,-0.002510343292522719,0.00011741223435481978,1.0,0,1,8516,483,0.04355480669350216,483020,53.66888888888889,0.655,0.00011111111111111112,WithoutSequenceFeatures
0.9462222222222222,0.4999412938828226,0.0,0.0,0.0,0.7978151600829518,0.29400958691043927,0.29400958691043927,-0.002510343292522719,0.00011741223435481978,1.0,0,1,8516,483,0.04355480669350216,483020,53.66888888888889,0.665,0.00011111111111111112,WithoutSequenceFeatures
0.9462222222222222,0.4999412938828226,0.0,0.0,0.0,0.7978151600829518,0.29400958691043927,0.29400958691043927,-0.002510343292522719,0.00011741223435481978,1.0,0,1,8516,483,0.04355480669350216,483020,53.66888888888889,0.675,0.00011111111111111112,WithoutSequenceFeatures
0.9462222222222222,0.4999412938828226,0.0,0.0,0.0,0.7978151600829518,0.29400958691043927,0.29400958691043927,-0.002510343292522719,0.00011741223435481978,1.0,0,1,8516,483,0.04355480669350216,483020,53.66888888888889,0.685,0.00011111111111111112,WithoutSequenceFeatures
0.9462222222222222,0.4999412938828226,0.0,0.0,0.0,0.7978151600829518,0.29400958691043927,0.29400958691043927,-0.002510343292522719,0.00011741223435481978,1.0,0,1,8516,483,0.04355480669350216,483020,53.66888888888889,0.6923474281290594,0.00011111111111111112,WithoutSequenceFeatures
0.9463333333333334,0.5,0.0,0.0,0.0,0.7978151600829518,0.29400958691043927,0.29400958691043927,0.0,0.0,1.0,0,0,8517,483,0.04355480669350216,483000,53.666666666666664,0.6950000000000001,0.0,WithoutSequenceFeatures
0.9463333333333334,0.5,0.0,0.0,0.0,0.7978151600829518,0.29400958691043927,0.29400958691043927,0.0,0.0,1.0,0,0,8517,483,0.04355480669350216,483000,53.666666666666664,0.7050000000000001,0.0,WithoutSequenceFeatures
0.9463333333333334,0.5,0.0,0.0,0.0,0.7978151600829518,0.29400958691043927,0.29400958691043927,0.0,0.0,1.0,0,0,8517,483,0.04355480669350216,483000,53.666666666666664,0.715,0.0,WithoutSequenceFeatures
0.9463333333333334,0.5,0.0,0.0,0.0,0.7978151600829518,0.29400958691043927,0.29400958691043927,0.0,0.0,1.0,0,0,8517,483,0.04355480669350216,483000,53.666666666666664,0.725,0.0,WithoutSequenceFeatures
0.9463333333333334,0.5,0.0,0.0,0.0,0.7978151600829518,0.29400958691043927,0.29400958691043927,0.0,0.0,1.0,0,0,8517,483,0.04355480669350216,483000,53.666666666666664,0.735,0.0,WithoutSequenceFeatures
0.9463333333333334,0.5,0.0,0.0,0.0,0.7978151600829518,0.29400958691043927,0.29400958691043927,0.0,0.0,1.0,0,0,8517,483,0.04355480669350216,483000,53.666666666666664,0.745,0.0,WithoutSequenceFeatures
0.9463333333333334,0.5,0.0,0.0,0.0,0.7978151600829518,0.29400958691043927,0.29400958691043927,0.0,0.0,1.0,0,0,8517,483,0.04355480669350216,483000,53.666666666666664,0.755,0.0,WithoutSequenceFeatures
0.9463333333333334,0.5,0.0,0.0,0.0,0.7978151600829518,0.29400958691043927,0.29400958691043927,0.0,0.0,1.0,0,0,8517,483,0.04355480669350216,483000,53.666666666666664,0.765,0.0,WithoutSequenceFeatures
0.9463333333333334,0.5,0.0,0.0,0.0,0.7978151600829518,0.29400958691043927,0.29400958691043927,0.0,0.0,1.0,0,0,8517,483,0.04355480669350216,483000,53.666666666666664,0.775,0.0,WithoutSequenceFeatures
0.9463333333333334,0.5,0.0,0.0,0.0,0.7978151600829518,0.29400958691043927,0.29400958691043927,0.0,0.0,1.0,0,0,8517,483,0.04355480669350216,483000,53.666666666666664,0.785,0.0,WithoutSequenceFeatures
0.9463333333333334,0.5,0.0,0.0,0.0,0.7978151600829518,0.29400958691043927,0.29400958691043927,0.0,0.0,1.0,0,0,8517,483,0.04355480669350216,483000,53.666666666666664,0.795,0.0,WithoutSequenceFeatures
0.9463333333333334,0.5,0.0,0.0,0.0,0.7978151600829518,0.29400958691043927,0.29400958691043927,0.0,0.0,1.0,0,0,8517,483,0.04355480669350216,483000,53.666666666666664,0.805,0.0,WithoutSequenceFeatures
0.9463333333333334,0.5,0.0,0.0,0.0,0.7978151600829518,0.29400958691043927,0.29400958691043927,0.0,0.0,1.0,0,0,8517,483,0.04355480669350216,483000,53.666666666666664,0.8150000000000001,0.0,WithoutSequenceFeatures
0.9463333333333334,0.5,0.0,0.0,0.0,0.7978151600829518,0.29400958691043927,0.29400958691043927,0.0,0.0,1.0,0,0,8517,483,0.04355480669350216,483000,53.666666666666664,0.8250000000000001,0.0,WithoutSequenceFeatures
0.9463333333333334,0.5,0.0,0.0,0.0,0.7978151600829518,0.29400958691043927,0.29400958691043927,0.0,0.0,1.0,0,0,8517,483,0.04355480669350216,483000,53.666666666666664,0.8350000000000001,0.0,WithoutSequenceFeatures
0.9463333333333334,0.5,0.0,0.0,0.0,0.7978151600829518,0.29400958691043927,0.29400958691043927,0.0,0.0,1.0,0,0,8517,483,0.04355480669350216,483000,53.666666666666664,0.845,0.0,WithoutSequenceFeatures
0.9463333333333334,0.5,0.0,0.0,0.0,0.7978151600829518,0.29400958691043927,0.29400958691043927,0.0,0.0,1.0,0,0,8517,483,0.04355480669350216,483000,53.666666666666664,0.855,0.0,WithoutSequenceFeatures
0.9463333333333334,0.5,0.0,0.0,0.0,0.7978151600829518,0.29400958691043927,0.29400958691043927,0.0,0.0,1.0,0,0,8517,483,0.04355480669350216,483000,53.666666666666664,0.865,0.0,WithoutSequenceFeatures
0.9463333333333334,0.5,0.0,0.0,0.0,0.7978151600829518,0.29400958691043927,0.29400958691043927,0.0,0.0,1.0,0,0,8517,483,0.04355480669350216,483000,53.666666666666664,0.875,0.0,WithoutSequenceFeatures
0.9463333333333334,0.5,0.0,0.0,0.0,0.7978151600829518,0.29400958691043927,0.29400958691043927,0.0,0.0,1.0,0,0,8517,483,0.04355480669350216,483000,53.666666666666664,0.885,0.0,WithoutSequenceFeatures
0.9463333333333334,0.5,0.0,0.0,0.0,0.7978151600829518,0.29400958691043927,0.29400958691043927,0.0,0.0,1.0,0,0,8517,483,0.04355480669350216,483000,53.666666666666664,0.895,0.0,WithoutSequenceFeatures
0.9463333333333334,0.5,0.0,0.0,0.0,0.7978151600829518,0.29400958691043927,0.29400958691043927,0.0,0.0,1.0,0,0,8517,483,0.04355480669350216,483000,53.666666666666664,0.905,0.0,WithoutSequenceFeatures
0.9463333333333334,0.5,0.0,0.0,0.0,0.7978151600829518,0.29400958691043927,0.29400958691043927,0.0,0.0,1.0,0,0,8517,483,0.04355480669350216,483000,53.666666666666664,0.915,0.0,WithoutSequenceFeatures
0.9463333333333334,0.5,0.0,0.0,0.0,0.7978151600829518,0.29400958691043927,0.29400958691043927,0.0,0.0,1.0,0,0,8517,483,0.04355480669350216,483000,53.666666666666664,0.925,0.0,WithoutSequenceFeatures
0.9463333333333334,0.5,0.0,0.0,0.0,0.7978151600829518,0.29400958691043927,0.29400958691043927,0.0,0.0,1.0,0,0,8517,483,0.04355480669350216,483000,53.666666666666664,0.935,0.0,WithoutSequenceFeatures
0.9463333333333334,0.5,0.0,0.0,0.0,0.7978151600829518,0.29400958691043927,0.29400958691043927,0.0,0.0,1.0,0,0,8517,483,0.04355480669350216,483000,53.666666666666664,0.9450000000000001,0.0,WithoutSequenceFeatures
0.9463333333333334,0.5,0.0,0.0,0.0,0.7978151600829518,0.29400958691043927,0.29400958691043927,0.0,0.0,1.0,0,0,8517,483,0.04355480669350216,483000,53.666666666666664,0.9550000000000001,0.0,WithoutSequenceFeatures
0.9463333333333334,0.5,0.0,0.0,0.0,0.7978151600829518,0.29400958691043927,0.29400958691043927,0.0,0.0,1.0,0,0,8517,483,0.04355480669350216,483000,53.666666666666664,0.965,0.0,WithoutSequenceFeatures
0.9463333333333334,0.5,0.0,0.0,0.0,0.7978151600829518,0.29400958691043927,0.29400958691043927,0.0,0.0,1.0,0,0,8517,483,0.04355480669350216,483000,53.666666666666664,0.975,0.0,WithoutSequenceFeatures
0.9463333333333334,0.5,0.0,0.0,0.0,0.7978151600829518,0.29400958691043927,0.29400958691043927,0.0,0.0,1.0,0,0,8517,483,0.04355480669350216,483000,53.666666666666664,0.985,0.0,WithoutSequenceFeatures
0.9463333333333334,0.5,0.0,0.0,0.0,0.7978151600829518,0.29400958691043927,0.29400958691043927,0.0,0.0,1.0,0,0,8517,483,0.04355480669350216,483000,53.666666666666664,0.995,0.0,WithoutSequenceFeatures
0.9463333333333334,0.5,0.0,0.0,0.0,0.7978151600829518,0.29400958691043927,0.29400958691043927,0.0,0.0,1.0,0,0,8517,483,0.04355480669350216,483000,53.666666666666664,1.000001,0.0,WithoutSequenceFeatures
