accuracy,balanced_accuracy,precision,recall,f1,roc_auc,pr_auc,average_precision,mcc,false_positive_rate,false_negative_rate,true_positive,false_positive,true_negative,false_negative,brier_score,expected_business_cost,cost_per_transaction,threshold,review_volume,model
0.048666666666666664,0.5,0.048666666666666664,1.0,0.09281627463445645,0.7778174347947125,0.23765595184289492,0.23765595184289492,0.0,1.0,0.0,730,14270,0,0,0.04097461700439453,285400,19.026666666666667,0.0,1.0,LogisticRegression
0.052866666666666666,0.5015575352065353,0.04881151657181118,0.9986301369863013,0.0930737312480051,0.7778174347947125,0.23765595184289492,0.23765595184289492,0.01020427120812042,0.9955150665732305,0.0013698630136986301,729,14206,64,1,0.04097461700439453,285120,19.008,0.003546099178493023,0.9956666666666667,LogisticRegression
0.096,0.5177285424926323,0.050392486683487524,0.9849315068493151,0.09587945059341244,0.7778174347947125,0.23765595184289492,0.23765595184289492,0.03541109480604149,0.9494744218640505,0.015068493150684932,719,13549,721,11,0.04097461700439453,281980,18.798666666666666,0.005,0.9512,LogisticRegression
0.09613333333333333,0.5177986195774256,0.05039955138090565,0.9849315068493151,0.09589223793011471,0.7778174347947125,0.23765595184289492,0.23765595184289492,0.03550508798032789,0.9493342676944639,0.015068493150684932,719,13547,723,11,0.04097461700439453,281940,18.796,0.011363636702299118,0.9510666666666666,LogisticRegression
0.1092,0.5227164949938082,0.05091012514220705,0.9808219178082191,0.0967959983777207,0.7778174347947125,0.23765595184289492,0.23765595184289492,0.04041591192598097,0.9353889278206027,0.019178082191780823,716,13348,922,14,0.04097461700439453,280960,18.730666666666668,0.014285714365541935,0.9376,LogisticRegression
0.12633333333333333,0.5297717214963857,0.0516629229765959,0.9767123287671233,0.09813502167779231,0.7778174347947125,0.23765595184289492,0.23765595184289492,0.04724354633527897,0.9171688857743517,0.023287671232876714,713,13088,1182,17,0.04097461700439453,278760,18.584,0.01428571529686451,0.9200666666666667,LogisticRegression
0.13386666666666666,0.5317813978938476,0.05189299809969303,0.9726027397260274,0.09852900360810435,0.7778174347947125,0.23765595184289492,0.23765595184289492,0.048310764455774535,0.9090399439383322,0.0273972602739726,710,12972,1298,20,0.04097461700439453,279440,18.629333333333335,0.015,0.9121333333333334,LogisticRegression
0.1344,0.5320617062330207,0.05192335819804007,0.9726027397260274,0.0985837267425715,0.7778174347947125,0.23765595184289492,0.23765595184289492,0.04860382998205437,0.908479327259986,0.0273972602739726,710,12964,1306,20,0.04097461700439453,279280,18.618666666666666,0.016181230545043945,0.9116,LogisticRegression
0.37393333333333334,0.6189616111969742,0.06525449252083124,0.8904109589041096,0.12159760546253857,0.7778174347947125,0.23765595184289492,0.23765595184289492,0.10838934719167416,0.6524877365101612,0.1095890410958904,650,9311,4959,80,0.04097461700439453,266220,17.748,0.022205771878361702,0.6640666666666667,LogisticRegression
0.37653333333333333,0.620328114350443,0.06551098568836929,0.8904109589041096,0.1220428088621855,0.7778174347947125,0.23765595184289492,0.23765595184289492,0.10942701780489204,0.6497547302032235,0.1095890410958904,650,9272,4998,80,0.04097461700439453,265440,17.696,0.02220577374100685,0.6614666666666666,LogisticRegression
0.4582,0.6463531117105529,0.07218045112781955,0.8547945205479452,0.13312,0.7778174347947125,0.23765595184289492,0.23765595184289492,0.12745741222335147,0.5620882971268395,0.14520547945205478,624,8021,6249,106,0.04097461700439453,266420,17.761333333333333,0.02310924232006073,0.5763333333333334,LogisticRegression
0.4624666666666667,0.6479456854594849,0.0726191863853596,0.8534246575342466,0.13384896336878288,0.7778174347947125,0.23765595184289492,0.23765595184289492,0.128672591472622,0.5575332866152768,0.14657534246575343,623,7956,6314,107,0.04097461700439453,266120,17.741333333333333,0.02310924418270588,0.5719333333333333,LogisticRegression
0.488,0.6555164105173225,0.07507948153582783,0.8410958904109589,0.1378536147283341,0.7778174347947125,0.23765595184289492,0.23765595184289492,0.13440029604998036,0.530063069376314,0.1589041095890411,614,7564,6706,116,0.04097461700439453,267280,17.818666666666665,0.025,0.5452,LogisticRegression
0.48886666666666667,0.6559719115684788,0.07519902020820575,0.8410958904109589,0.13805508712759976,0.7778174347947125,0.23765595184289492,0.23765595184289492,0.13477286265219318,0.5291520672740014,0.1589041095890411,614,7551,6719,116,0.04097461700439453,267020,17.801333333333332,0.027491409331560135,0.5443333333333333,LogisticRegression
0.5067333333333334,0.6614628831440612,0.07710843373493977,0.8328767123287671,0.14114915844457343,0.7778174347947125,0.23765595184289492,0.23765595184289492,0.13915147506036915,0.5099509460406447,0.16712328767123288,608,7277,6993,122,0.04097461700439453,267540,17.836,0.029611648991703987,0.5256666666666666,LogisticRegression
0.5151333333333333,0.6632781676282267,0.0779254289769062,0.8273972602739726,0.14243603348661715,0.7778174347947125,0.23765595184289492,0.23765595184289492,0.14060915938590335,0.5008409250175193,0.1726027397260274,604,7147,7123,126,0.04097461700439453,268940,17.929333333333332,0.029611650854349136,0.5167333333333334,LogisticRegression
0.6194666666666667,0.6953672327231186,0.09303466317854807,0.7794520547945205,0.16622845457201285,0.7778174347947125,0.23765595184289492,0.23765595184289492,0.17108704448238718,0.3887175893482831,0.22054794520547946,569,5547,8723,161,0.04097461700439453,271940,18.129333333333335,0.029611652716994286,0.40773333333333334,LogisticRegression
0.6336666666666667,0.6956816196446227,0.09488182281924842,0.7643835616438356,0.16880955982453488,0.7778174347947125,0.23765595184289492,0.23765595184289492,0.17248615813926219,0.37302032235459004,0.2356164383561644,558,5323,8947,172,0.04097461700439453,278460,18.564,0.0334177203476429,0.3920666666666667,LogisticRegression
0.7390666666666666,0.7218323717733343,0.12185273159144894,0.7027397260273973,0.2076923076923077,0.7778174347947125,0.23765595184289492,0.23765595184289492,0.212459700347167,0.2590749824807288,0.29726027397260274,513,3697,10573,217,0.04097461700439453,290940,19.396,0.0334177240729332,0.2806666666666667,LogisticRegression
0.7454666666666667,0.721946607021148,0.12378167641325535,0.6958904109589041,0.2101779064956558,0.7778174347947125,0.23765595184289492,0.23765595184289492,0.21424697519708608,0.25199719691660827,0.3041095890410959,508,3596,10674,222,0.04097461700439453,293920,19.594666666666665,0.034999999999999996,0.2736,LogisticRegression
0.7454666666666667,0.721946607021148,0.12378167641325535,0.6958904109589041,0.2101779064956558,0.7778174347947125,0.23765595184289492,0.23765595184289492,0.21424697519708608,0.25199719691660827,0.3041095890410959,508,3596,10674,222,0.04097461700439453,293920,19.594666666666665,0.045,0.2736,LogisticRegression
0.7504666666666666,0.7213250328786323,0.12515551132122418,0.689041095890411,0.21183407033059592,0.7778174347947125,0.23765595184289492,0.23765595184289492,0.21505720680412743,0.24639103013314645,0.31095890410958904,503,3516,10754,227,0.04097461700439453,297320,19.82133333333333,0.046468403190374374,0.26793333333333336,LogisticRegression
0.7746666666666666,0.716496913728389,0.13214880621876735,0.6520547945205479,0.21975992613111725,0.7778174347947125,0.23765595184289492,0.23765595184289492,0.2181066671219391,0.21906096706377015,0.34794520547945207,476,3126,11144,254,0.04097461700439453,316520,21.101333333333333,0.054347820580005646,0.24013333333333334,LogisticRegression
0.7888666666666667,0.718760979543251,0.13874888823006226,0.6410958904109589,0.22812576163782597,0.7778174347947125,0.23765595184289492,0.23765595184289492,0.22549206552399717,0.2035739313244569,0.3589041095890411,468,2905,11365,262,0.04097461700439453,320100,21.34,0.054347824305295944,0.22486666666666666,LogisticRegression
0.8278,0.7145275556536848,0.158496129745669,0.589041095890411,0.2497821667150741,0.7778174347947125,0.23765595184289492,0.23765595184289492,0.23984941893012252,0.15998598458304134,0.410958904109589,430,2283,11987,300,0.04097461700439453,345660,23.044,0.05434782803058624,0.18086666666666668,LogisticRegression
0.8401333333333333,0.7151606493169884,0.16772908366533865,0.5767123287671233,0.2598765432098765,0.7778174347947125,0.23765595184289492,0.23765595184289492,0.24805511031188976,0.14639103013314647,0.4232876712328767,421,2089,12181,309,0.04097461700439453,350780,23.38533333333333,0.055,0.16733333333333333,LogisticRegression
0.8435333333333334,0.7162977220147642,0.17094017094017094,0.5753424657534246,0.2635707561970505,0.7778174347947125,0.23765595184289492,0.23765595184289492,0.2515081533488732,0.14274702172389628,0.4246575342465753,420,2037,12233,310,0.04097461700439453,350740,23.382666666666665,0.065,0.1638,LogisticRegression
0.8435333333333334,0.7162977220147642,0.17094017094017094,0.5753424657534246,0.2635707561970505,0.7778174347947125,0.23765595184289492,0.23765595184289492,0.2515081533488732,0.14274702172389628,0.4246575342465753,420,2037,12233,310,0.04097461700439453,350740,23.382666666666665,0.07500000000000001,0.1638,LogisticRegression
0.8435333333333334,0.7162977220147642,0.17094017094017094,0.5753424657534246,0.2635707561970505,0.7778174347947125,0.23765595184289492,0.23765595184289492,0.2515081533488732,0.14274702172389628,0.4246575342465753,420,2037,12233,310,0.04097461700439453,350740,23.382666666666665,0.08456972241401672,0.1638,LogisticRegression
0.8486666666666667,0.7176959038503998,0.17592592592592593,0.5726027397260274,0.26915647134578236,0.7778174347947125,0.23765595184289492,0.23765595184289492,0.25658541049657857,0.13721093202522774,0.4273972602739726,418,1958,12312,312,0.04097461700439453,351160,23.410666666666668,0.08456972986459732,0.1584,LogisticRegression
0.8746666666666667,0.7040654308780755,0.19768664563617244,0.5150684931506849,0.2857142857142857,0.7778174347947125,0.23765595184289492,0.23765595184289492,0.26391562517199807,0.106937631394534,0.4849315068493151,376,1526,12744,354,0.04097461700439453,384520,25.634666666666668,0.08456973731517792,0.1268,LogisticRegression
0.8801333333333333,0.7049889124612416,0.20562293274531424,0.510958904109589,0.2932389937106918,0.7778174347947125,0.23765595184289492,0.23765595184289492,0.270556895250631,0.10098107918710582,0.48904109589041095,373,1441,12829,357,0.04097461700439453,385820,25.721333333333334,0.084870845079422,0.12093333333333334,LogisticRegression
0.8948,0.6945003887838266,0.22431729518855656,0.4726027397260274,0.30423280423280424,0.7778174347947125,0.23765595184289492,0.23765595184289492,0.275924919936125,0.08360196215837422,0.5273972602739726,345,1193,13077,385,0.04097461700439453,408860,27.25733333333333,0.085,0.10253333333333334,LogisticRegression
0.8948,0.6945003887838266,0.22431729518855656,0.4726027397260274,0.30423280423280424,0.7778174347947125,0.23765595184289492,0.23765595184289492,0.275924919936125,0.08360196215837422,0.5273972602739726,345,1193,13077,385,0.04097461700439453,408860,27.25733333333333,0.095,0.10253333333333334,LogisticRegression
0.8948,0.6945003887838266,0.22431729518855656,0.4726027397260274,0.30423280423280424,0.7778174347947125,0.23765595184289492,0.23765595184289492,0.275924919936125,0.08360196215837422,0.5273972602739726,345,1193,13077,385,0.04097461700439453,408860,27.25733333333333,0.10500000000000001,0.10253333333333334,LogisticRegression
0.8948,0.6945003887838266,0.22431729518855656,0.4726027397260274,0.30423280423280424,0.7778174347947125,0.23765595184289492,0.23765595184289492,0.275924919936125,0.08360196215837422,0.5273972602739726,345,1193,13077,385,0.04097461700439453,408860,27.25733333333333,0.115,0.10253333333333334,LogisticRegression
0.8948666666666667,0.6945354273262232,0.22446324007807417,0.4726027397260274,0.3043670048522276,0.7778174347947125,0.23765595184289492,0.23765595184289492,0.276054136360254,0.08353188507358093,0.5273972602739726,345,1192,13078,385,0.04097461700439453,408840,27.256,0.125,0.10246666666666666,LogisticRegression
0.8952666666666667,0.6934458726516977,0.2246234446627374,0.46986301369863015,0.30394328754984495,0.7778174347947125,0.23765595184289492,0.23765595184289492,0.27530316670361893,0.08297126839523476,0.5301369863013699,343,1184,13086,387,0.04097461700439453,410680,27.378666666666668,0.1265822798013687,0.1018,LogisticRegression
0.9088666666666667,0.6784973745092204,0.24621513944223108,0.4232876712328767,0.31133501259445845,0.7778174347947125,0.23765595184289492,0.23765595184289492,0.2774220712056295,0.06629292221443588,0.5767123287671233,309,946,13324,421,0.04097461700439453,439920,29.328,0.13477088510990143,0.08366666666666667,LogisticRegression
0.9256666666666666,0.666530512330687,0.29499467518636846,0.37945205479452054,0.33193529059316956,0.7778174347947125,0.23765595184289492,0.23765595184289492,0.2958396160592615,0.04639103013314646,0.6205479452054794,277,662,13608,453,0.04097461700439453,466240,31.082666666666668,0.13477090001106262,0.0626,LogisticRegression
0.9266,0.6644214800664292,0.29770992366412213,0.37397260273972605,0.331511839708561,0.7778174347947125,0.23765595184289492,0.23765595184289492,0.2953450578941646,0.045129642606867554,0.626027397260274,273,644,13626,457,0.04097461700439453,469880,31.325333333333333,0.135,0.06113333333333333,LogisticRegression
0.9266666666666666,0.6644565186088259,0.2980349344978166,0.37397260273972605,0.33171324422843257,0.7778174347947125,0.23765595184289492,0.23765595184289492,0.2955587081605284,0.04505956552207428,0.626027397260274,273,643,13627,457,0.04097461700439453,469860,31.324,0.14500000000000002,0.061066666666666665,LogisticRegression
0.9266666666666666,0.6644565186088259,0.2980349344978166,0.37397260273972605,0.33171324422843257,0.7778174347947125,0.23765595184289492,0.23765595184289492,0.2955587081605284,0.04505956552207428,0.626027397260274,273,643,13627,457,0.04097461700439453,469860,31.324,0.155,0.061066666666666665,LogisticRegression
0.9266666666666666,0.6644565186088259,0.2980349344978166,0.37397260273972605,0.33171324422843257,0.7778174347947125,0.23765595184289492,0.23765595184289492,0.2955587081605284,0.04505956552207428,0.626027397260274,273,643,13627,457,0.04097461700439453,469860,31.324,0.165,0.061066666666666665,LogisticRegression
0.9267333333333333,0.6644915571512225,0.2983606557377049,0.37397260273972605,0.3319148936170213,0.7778174347947125,0.23765595184289492,0.23765595184289492,0.2957726765526042,0.04498948843728101,0.626027397260274,273,642,13628,457,0.04097461700439453,469840,31.322666666666667,0.17500000000000002,0.061,LogisticRegression
0.9337333333333333,0.6584222096360791,0.33076923076923076,0.35342465753424657,0.3417218543046358,0.7778174347947125,0.23765595184289492,0.23765595184289492,0.3070593874207916,0.0365802382620883,0.6465753424657534,258,522,13748,472,0.04097461700439453,482440,32.16266666666667,0.185,0.052,LogisticRegression
0.9337333333333333,0.6584222096360791,0.33076923076923076,0.35342465753424657,0.3417218543046358,0.7778174347947125,0.23765595184289492,0.23765595184289492,0.3070593874207916,0.0365802382620883,0.6465753424657534,258,522,13748,472,0.04097461700439453,482440,32.16266666666667,0.195,0.052,LogisticRegression
0.934,0.657912470841213,0.33204134366925064,0.35205479452054794,0.3417553191489362,0.7778174347947125,0.23765595184289492,0.23765595184289492,0.30719062582937906,0.03622985283812193,0.647945205479452,257,517,13753,473,0.04097461700439453,483340,32.22266666666667,0.20500000000000002,0.0516,LogisticRegression
0.9353333333333333,0.6573134557602404,0.34,0.3493150684931507,0.3445945945945946,0.7778174347947125,0.23765595184289492,0.23765595184289492,0.3106212906412149,0.034688156972669935,0.6506849315068494,255,495,13775,475,0.04097461700439453,484900,32.32666666666667,0.21408500298861977,0.05,LogisticRegression
0.9353333333333333,0.6573134557602404,0.34,0.3493150684931507,0.3445945945945946,0.7778174347947125,0.23765595184289492,0.23765595184289492,0.3106212906412149,0.034688156972669935,0.6506849315068494,255,495,13775,475,0.04097461700439453,484900,32.32666666666667,0.215,0.05,LogisticRegression
0.9353333333333333,0.6573134557602404,0.34,0.3493150684931507,0.3445945945945946,0.7778174347947125,0.23765595184289492,0.23765595184289492,0.3106212906412149,0.034688156972669935,0.6506849315068494,255,495,13775,475,0.04097461700439453,484900,32.32666666666667,0.225,0.05,LogisticRegression
0.9353333333333333,0.6573134557602404,0.34,0.3493150684931507,0.3445945945945946,0.7778174347947125,0.23765595184289492,0.23765595184289492,0.3106212906412149,0.034688156972669935,0.6506849315068494,255,495,13775,475,0.04097461700439453,484900,32.32666666666667,0.23500000000000001,0.05,LogisticRegression
0.9353333333333333,0.6573134557602404,0.34,0.3493150684931507,0.3445945945945946,0.7778174347947125,0.23765595184289492,0.23765595184289492,0.3106212906412149,0.034688156972669935,0.6506849315068494,255,495,13775,475,0.04097461700439453,484900,32.32666666666667,0.245,0.05,LogisticRegression
0.9354,0.657348494302637,0.3404539385847797,0.3493150684931507,0.3448275862068966,0.7778174347947125,0.23765595184289492,0.23765595184289492,0.3108869017712247,0.034618079887876664,0.6506849315068494,255,494,13776,475,0.04097461700439453,484880,32.32533333333333,0.25139665603637695,0.049933333333333337,LogisticRegression
0.9434,0.6316580430254102,0.3891992551210428,0.2863013698630137,0.32991318074191,0.7778174347947125,0.23765595184289492,0.23765595184289492,0.30495409654630723,0.022985283812193412,0.7136986301369863,209,328,13942,521,0.04097461700439453,527560,35.17066666666667,0.255,0.0358,LogisticRegression
0.9433333333333334,0.6309731115185608,0.3880597014925373,0.28493150684931506,0.3285939968404423,0.7778174347947125,0.23765595184289492,0.23765595184289492,0.30363998130078473,0.022985283812193412,0.7150684931506849,208,328,13942,522,0.04097461700439453,528560,35.23733333333333,0.265,0.03573333333333333,LogisticRegression
0.9462666666666667,0.6130180184504325,0.41203703703703703,0.24383561643835616,0.30636833046471607,0.7778174347947125,0.23765595184289492,0.23765595184289492,0.2908099495129187,0.017799579537491242,0.7561643835616438,178,254,14016,552,0.04097461700439453,557080,37.138666666666666,0.275,0.0288,LogisticRegression
0.9462666666666667,0.6130180184504325,0.41203703703703703,0.24383561643835616,0.30636833046471607,0.7778174347947125,0.23765595184289492,0.23765595184289492,0.2908099495129187,0.017799579537491242,0.7561643835616438,178,254,14016,552,0.04097461700439453,557080,37.138666666666666,0.28500000000000003,0.0288,LogisticRegression
0.9464666666666667,0.6131231340776224,0.4149184149184149,0.24383561643835616,0.30716134598792066,0.7778174347947125,0.23765595184289492,0.23765595184289492,0.2920663450215863,0.01758934828311142,0.7561643835616438,178,251,14019,552,0.04097461700439453,557020,37.13466666666667,0.2881355881690979,0.0286,LogisticRegression
0.9492666666666667,0.5645529945954249,0.4334763948497854,0.13835616438356163,0.20976116303219103,0.7778174347947125,0.23765595184289492,0.23765595184289492,0.22464445759806512,0.009250175192711983,0.8616438356164383,101,132,14138,629,0.04097461700439453,631640,42.10933333333333,0.295,0.015533333333333333,LogisticRegression
0.9492666666666667,0.5645529945954249,0.4334763948497854,0.13835616438356163,0.20976116303219103,0.7778174347947125,0.23765595184289492,0.23765595184289492,0.22464445759806512,0.009250175192711983,0.8616438356164383,101,132,14138,629,0.04097461700439453,631640,42.10933333333333,0.305,0.015533333333333333,LogisticRegression
0.9494,0.5646230716802181,0.43722943722943725,0.13835616438356163,0.21019771071800208,0.7778174347947125,0.23765595184289492,0.23765595184289492,0.22584447692190418,0.009110021023125438,0.8616438356164383,101,130,14140,629,0.04097461700439453,631600,42.10666666666667,0.315,0.0154,LogisticRegression
0.9494,0.5646230716802181,0.43722943722943725,0.13835616438356163,0.21019771071800208,0.7778174347947125,0.23765595184289492,0.23765595184289492,0.22584447692190418,0.009110021023125438,0.8616438356164383,101,130,14140,629,0.04097461700439453,631600,42.10666666666667,0.325,0.0154,LogisticRegression
0.9493333333333334,0.5639381401733687,0.43478260869565216,0.136986301369863,0.2083333333333333,0.7778174347947125,0.23765595184289492,0.23765595184289492,0.22392843557987235,0.009110021023125438,0.863013698630137,100,130,14140,630,0.04097461700439453,632600,42.17333333333333,0.335,0.015333333333333332,LogisticRegression
0.9493333333333334,0.5639381401733687,0.43478260869565216,0.136986301369863,0.2083333333333333,0.7778174347947125,0.23765595184289492,0.23765595184289492,0.22392843557987235,0.009110021023125438,0.863013698630137,100,130,14140,630,0.04097461700439453,632600,42.17333333333333,0.34500000000000003,0.015333333333333332,LogisticRegression
0.9493333333333334,0.5639381401733687,0.43478260869565216,0.136986301369863,0.2083333333333333,0.7778174347947125,0.23765595184289492,0.23765595184289492,0.22392843557987235,0.009110021023125438,0.863013698630137,100,130,14140,630,0.04097461700439453,632600,42.17333333333333,0.35500000000000004,0.015333333333333332,LogisticRegression
0.9494666666666667,0.5627084313292567,0.4375,0.13424657534246576,0.20545073375262055,0.7778174347947125,0.23765595184289492,0.23765595184289492,0.22249840333521567,0.008829712683952348,0.8657534246575342,98,126,14144,632,0.04097461700439453,634520,42.30133333333333,0.3607594966888428,0.014933333333333333,LogisticRegression
0.9518,0.5106435572280194,0.64,0.021917808219178082,0.0423841059602649,0.7778174347947125,0.23765595184289492,0.23765595184289492,0.1122888908426919,0.0006306937631394534,0.9780821917808219,16,9,14261,714,0.04097461700439453,714180,47.612,0.365,0.0016666666666666668,LogisticRegression
0.9518,0.5106435572280194,0.64,0.021917808219178082,0.0423841059602649,0.7778174347947125,0.23765595184289492,0.23765595184289492,0.1122888908426919,0.0006306937631394534,0.9780821917808219,16,9,14261,714,0.04097461700439453,714180,47.612,0.375,0.0016666666666666668,LogisticRegression
0.9518,0.5106435572280194,0.64,0.021917808219178082,0.0423841059602649,0.7778174347947125,0.23765595184289492,0.23765595184289492,0.1122888908426919,0.0006306937631394534,0.9780821917808219,16,9,14261,714,0.04097461700439453,714180,47.612,0.385,0.0016666666666666668,LogisticRegression
0.9518,0.5106435572280194,0.64,0.021917808219178082,0.0423841059602649,0.7778174347947125,0.23765595184289492,0.23765595184289492,0.1122888908426919,0.0006306937631394534,0.9780821917808219,16,9,14261,714,0.04097461700439453,714180,47.612,0.395,0.0016666666666666668,LogisticRegression
0.9518,0.5106435572280194,0.64,0.021917808219178082,0.0423841059602649,0.7778174347947125,0.23765595184289492,0.23765595184289492,0.1122888908426919,0.0006306937631394534,0.9780821917808219,16,9,14261,714,0.04097461700439453,714180,47.612,0.405,0.0016666666666666668,LogisticRegression
0.9518,0.5106435572280194,0.64,0.021917808219178082,0.0423841059602649,0.7778174347947125,0.23765595184289492,0.23765595184289492,0.1122888908426919,0.0006306937631394534,0.9780821917808219,16,9,14261,714,0.04097461700439453,714180,47.612,0.41500000000000004,0.0016666666666666668,LogisticRegression
0.9518,0.5106435572280194,0.64,0.021917808219178082,0.0423841059602649,0.7778174347947125,0.23765595184289492,0.23765595184289492,0.1122888908426919,0.0006306937631394534,0.9780821917808219,16,9,14261,714,0.04097461700439453,714180,47.612,0.425,0.0016666666666666668,LogisticRegression
0.9518,0.5106435572280194,0.64,0.021917808219178082,0.0423841059602649,0.7778174347947125,0.23765595184289492,0.23765595184289492,0.1122888908426919,0.0006306937631394534,0.9780821917808219,16,9,14261,714,0.04097461700439453,714180,47.612,0.435,0.0016666666666666668,LogisticRegression
0.9518,0.5106435572280194,0.64,0.021917808219178082,0.0423841059602649,0.7778174347947125,0.23765595184289492,0.23765595184289492,0.1122888908426919,0.0006306937631394534,0.9780821917808219,16,9,14261,714,0.04097461700439453,714180,47.612,0.445,0.0016666666666666668,LogisticRegression
0.9518,0.5106435572280194,0.64,0.021917808219178082,0.0423841059602649,0.7778174347947125,0.23765595184289492,0.23765595184289492,0.1122888908426919,0.0006306937631394534,0.9780821917808219,16,9,14261,714,0.04097461700439453,714180,47.612,0.455,0.0016666666666666668,LogisticRegression
0.9518,0.5106435572280194,0.64,0.021917808219178082,0.0423841059602649,0.7778174347947125,0.23765595184289492,0.23765595184289492,0.1122888908426919,0.0006306937631394534,0.9780821917808219,16,9,14261,714,0.04097461700439453,714180,47.612,0.465,0.0016666666666666668,LogisticRegression
0.9518,0.5106435572280194,0.64,0.021917808219178082,0.0423841059602649,0.7778174347947125,0.23765595184289492,0.23765595184289492,0.1122888908426919,0.0006306937631394534,0.9780821917808219,16,9,14261,714,0.04097461700439453,714180,47.612,0.47500000000000003,0.0016666666666666668,LogisticRegression
0.9518,0.5106435572280194,0.64,0.021917808219178082,0.0423841059602649,0.7778174347947125,0.23765595184289492,0.23765595184289492,0.1122888908426919,0.0006306937631394534,0.9780821917808219,16,9,14261,714,0.04097461700439453,714180,47.612,0.485,0.0016666666666666668,LogisticRegression
0.9518,0.5106435572280194,0.64,0.021917808219178082,0.0423841059602649,0.7778174347947125,0.23765595184289492,0.23765595184289492,0.1122888908426919,0.0006306937631394534,0.9780821917808219,16,9,14261,714,0.04097461700439453,714180,47.612,0.495,0.0016666666666666668,LogisticRegression
0.9518,0.5106435572280194,0.64,0.021917808219178082,0.0423841059602649,0.7778174347947125,0.23765595184289492,0.23765595184289492,0.1122888908426919,0.0006306937631394534,0.9780821917808219,16,9,14261,714,0.04097461700439453,714180,47.612,0.505,0.0016666666666666668,LogisticRegression
0.9518,0.5106435572280194,0.64,0.021917808219178082,0.0423841059602649,0.7778174347947125,0.23765595184289492,0.23765595184289492,0.1122888908426919,0.0006306937631394534,0.9780821917808219,16,9,14261,714,0.04097461700439453,714180,47.612,0.515,0.0016666666666666668,LogisticRegression
0.9518,0.5106435572280194,0.64,0.021917808219178082,0.0423841059602649,0.7778174347947125,0.23765595184289492,0.23765595184289492,0.1122888908426919,0.0006306937631394534,0.9780821917808219,16,9,14261,714,0.04097461700439453,714180,47.612,0.525,0.0016666666666666668,LogisticRegression
0.9518,0.5106435572280194,0.64,0.021917808219178082,0.0423841059602649,0.7778174347947125,0.23765595184289492,0.23765595184289492,0.1122888908426919,0.0006306937631394534,0.9780821917808219,16,9,14261,714,0.04097461700439453,714180,47.612,0.535,0.0016666666666666668,LogisticRegression
0.9518,0.5106435572280194,0.64,0.021917808219178082,0.0423841059602649,0.7778174347947125,0.23765595184289492,0.23765595184289492,0.1122888908426919,0.0006306937631394534,0.9780821917808219,16,9,14261,714,0.04097461700439453,714180,47.612,0.545,0.0016666666666666668,LogisticRegression
0.9518,0.5106435572280194,0.64,0.021917808219178082,0.0423841059602649,0.7778174347947125,0.23765595184289492,0.23765595184289492,0.1122888908426919,0.0006306937631394534,0.9780821917808219,16,9,14261,714,0.04097461700439453,714180,47.612,0.555,0.0016666666666666668,LogisticRegression
0.9518666666666666,0.510678595770416,0.6666666666666666,0.021917808219178082,0.042440318302387266,0.7778174347947125,0.23765595184289492,0.23765595184289492,0.11497780745067275,0.0005606166783461808,0.9780821917808219,16,8,14262,714,0.04097461700439453,714160,47.61066666666667,0.5650000000000001,0.0016,LogisticRegression
0.9518666666666666,0.510678595770416,0.6666666666666666,0.021917808219178082,0.042440318302387266,0.7778174347947125,0.23765595184289492,0.23765595184289492,0.11497780745067275,0.0005606166783461808,0.9780821917808219,16,8,14262,714,0.04097461700439453,714160,47.61066666666667,0.5750000000000001,0.0016,LogisticRegression
0.9518666666666666,0.510678595770416,0.6666666666666666,0.021917808219178082,0.042440318302387266,0.7778174347947125,0.23765595184289492,0.23765595184289492,0.11497780745067275,0.0005606166783461808,0.9780821917808219,16,8,14262,714,0.04097461700439453,714160,47.61066666666667,0.585,0.0016,LogisticRegression
0.9518666666666666,0.510678595770416,0.6666666666666666,0.021917808219178082,0.042440318302387266,0.7778174347947125,0.23765595184289492,0.23765595184289492,0.11497780745067275,0.0005606166783461808,0.9780821917808219,16,8,14262,714,0.04097461700439453,714160,47.61066666666667,0.595,0.0016,LogisticRegression
0.9518666666666666,0.510678595770416,0.6666666666666666,0.021917808219178082,0.042440318302387266,0.7778174347947125,0.23765595184289492,0.23765595184289492,0.11497780745067275,0.0005606166783461808,0.9780821917808219,16,8,14262,714,0.04097461700439453,714160,47.61066666666667,0.605,0.0016,LogisticRegression
0.9518666666666666,0.510678595770416,0.6666666666666666,0.021917808219178082,0.042440318302387266,0.7778174347947125,0.23765595184289492,0.23765595184289492,0.11497780745067275,0.0005606166783461808,0.9780821917808219,16,8,14262,714,0.04097461700439453,714160,47.61066666666667,0.615,0.0016,LogisticRegression
0.9518,0.5099936642635666,0.6521739130434783,0.02054794520547945,0.0398406374501992,0.7778174347947125,0.23765595184289492,0.23765595184289492,0.10991370176333667,0.0005606166783461808,0.9794520547945206,15,8,14262,715,0.04097461700439453,715160,47.67733333333333,0.625,0.0015333333333333334,LogisticRegression
0.9518,0.5099936642635666,0.6521739130434783,0.02054794520547945,0.0398406374501992,0.7778174347947125,0.23765595184289492,0.23765595184289492,0.10991370176333667,0.0005606166783461808,0.9794520547945206,15,8,14262,715,0.04097461700439453,715160,47.67733333333333,0.635,0.0015333333333333334,LogisticRegression
0.9518,0.5099936642635666,0.6521739130434783,0.02054794520547945,0.0398406374501992,0.7778174347947125,0.23765595184289492,0.23765595184289492,0.10991370176333667,0.0005606166783461808,0.9794520547945206,15,8,14262,715,0.04097461700439453,715160,47.67733333333333,0.645,0.0015333333333333334,LogisticRegression
0.9518666666666666,0.5100287028059632,0.6818181818181818,0.02054794520547945,0.0398936170212766,0.7778174347947125,0.23765595184289492,0.23765595184289492,0.11277424290885975,0.0004905395935529082,0.9794520547945206,15,7,14263,715,0.04097461700439453,715140,47.676,0.655,0.0014666666666666667,LogisticRegression
0.9518,0.5093437712991139,0.6666666666666666,0.019178082191780823,0.037283621837549935,0.7778174347947125,0.23765595184289492,0.23765595184289492,0.10754111983395956,0.0004905395935529082,0.9808219178082191,14,7,14263,716,0.04097461700439453,716140,47.742666666666665,0.665,0.0014,LogisticRegression
0.9518,0.5093437712991139,0.6666666666666666,0.019178082191780823,0.037283621837549935,0.7778174347947125,0.23765595184289492,0.23765595184289492,0.10754111983395956,0.0004905395935529082,0.9808219178082191,14,7,14263,716,0.04097461700439453,716140,47.742666666666665,0.675,0.0014,LogisticRegression
0.9518,0.5093437712991139,0.6666666666666666,0.019178082191780823,0.037283621837549935,0.7778174347947125,0.23765595184289492,0.23765595184289492,0.10754111983395956,0.0004905395935529082,0.9808219178082191,14,7,14263,716,0.04097461700439453,716140,47.742666666666665,0.685,0.0014,LogisticRegression
0.9518666666666666,0.5093788098415106,0.7,0.019178082191780823,0.037333333333333336,0.7778174347947125,0.23765595184289492,0.23765595184289492,0.1106063951726055,0.0004204625087596356,0.9808219178082191,14,6,14264,716,0.04097461700439453,716120,47.74133333333333,0.692307710647583,0.0013333333333333333,LogisticRegression
0.9513333333333334,0.5,0.0,0.0,0.0,0.7778174347947125,0.23765595184289492,0.23765595184289492,0.0,0.0,1.0,0,0,14270,730,0.04097461700439453,730000,48.666666666666664,0.6950000000000001,0.0,LogisticRegression
0.9513333333333334,0.5,0.0,0.0,0.0,0.7778174347947125,0.23765595184289492,0.23765595184289492,0.0,0.0,1.0,0,0,14270,730,0.04097461700439453,730000,48.666666666666664,0.7050000000000001,0.0,LogisticRegression
0.9513333333333334,0.5,0.0,0.0,0.0,0.7778174347947125,0.23765595184289492,0.23765595184289492,0.0,0.0,1.0,0,0,14270,730,0.04097461700439453,730000,48.666666666666664,0.715,0.0,LogisticRegression
0.9513333333333334,0.5,0.0,0.0,0.0,0.7778174347947125,0.23765595184289492,0.23765595184289492,0.0,0.0,1.0,0,0,14270,730,0.04097461700439453,730000,48.666666666666664,0.725,0.0,LogisticRegression
0.9513333333333334,0.5,0.0,0.0,0.0,0.7778174347947125,0.23765595184289492,0.23765595184289492,0.0,0.0,1.0,0,0,14270,730,0.04097461700439453,730000,48.666666666666664,0.735,0.0,LogisticRegression
0.9513333333333334,0.5,0.0,0.0,0.0,0.7778174347947125,0.23765595184289492,0.23765595184289492,0.0,0.0,1.0,0,0,14270,730,0.04097461700439453,730000,48.666666666666664,0.745,0.0,LogisticRegression
0.9513333333333334,0.5,0.0,0.0,0.0,0.7778174347947125,0.23765595184289492,0.23765595184289492,0.0,0.0,1.0,0,0,14270,730,0.04097461700439453,730000,48.666666666666664,0.755,0.0,LogisticRegression
0.9513333333333334,0.5,0.0,0.0,0.0,0.7778174347947125,0.23765595184289492,0.23765595184289492,0.0,0.0,1.0,0,0,14270,730,0.04097461700439453,730000,48.666666666666664,0.765,0.0,LogisticRegression
0.9513333333333334,0.5,0.0,0.0,0.0,0.7778174347947125,0.23765595184289492,0.23765595184289492,0.0,0.0,1.0,0,0,14270,730,0.04097461700439453,730000,48.666666666666664,0.775,0.0,LogisticRegression
0.9513333333333334,0.5,0.0,0.0,0.0,0.7778174347947125,0.23765595184289492,0.23765595184289492,0.0,0.0,1.0,0,0,14270,730,0.04097461700439453,730000,48.666666666666664,0.785,0.0,LogisticRegression
0.9513333333333334,0.5,0.0,0.0,0.0,0.7778174347947125,0.23765595184289492,0.23765595184289492,0.0,0.0,1.0,0,0,14270,730,0.04097461700439453,730000,48.666666666666664,0.795,0.0,LogisticRegression
0.9513333333333334,0.5,0.0,0.0,0.0,0.7778174347947125,0.23765595184289492,0.23765595184289492,0.0,0.0,1.0,0,0,14270,730,0.04097461700439453,730000,48.666666666666664,0.805,0.0,LogisticRegression
0.9513333333333334,0.5,0.0,0.0,0.0,0.7778174347947125,0.23765595184289492,0.23765595184289492,0.0,0.0,1.0,0,0,14270,730,0.04097461700439453,730000,48.666666666666664,0.8150000000000001,0.0,LogisticRegression
0.9513333333333334,0.5,0.0,0.0,0.0,0.7778174347947125,0.23765595184289492,0.23765595184289492,0.0,0.0,1.0,0,0,14270,730,0.04097461700439453,730000,48.666666666666664,0.8250000000000001,0.0,LogisticRegression
0.9513333333333334,0.5,0.0,0.0,0.0,0.7778174347947125,0.23765595184289492,0.23765595184289492,0.0,0.0,1.0,0,0,14270,730,0.04097461700439453,730000,48.666666666666664,0.8350000000000001,0.0,LogisticRegression
0.9513333333333334,0.5,0.0,0.0,0.0,0.7778174347947125,0.23765595184289492,0.23765595184289492,0.0,0.0,1.0,0,0,14270,730,0.04097461700439453,730000,48.666666666666664,0.845,0.0,LogisticRegression
0.9513333333333334,0.5,0.0,0.0,0.0,0.7778174347947125,0.23765595184289492,0.23765595184289492,0.0,0.0,1.0,0,0,14270,730,0.04097461700439453,730000,48.666666666666664,0.855,0.0,LogisticRegression
0.9513333333333334,0.5,0.0,0.0,0.0,0.7778174347947125,0.23765595184289492,0.23765595184289492,0.0,0.0,1.0,0,0,14270,730,0.04097461700439453,730000,48.666666666666664,0.865,0.0,LogisticRegression
0.9513333333333334,0.5,0.0,0.0,0.0,0.7778174347947125,0.23765595184289492,0.23765595184289492,0.0,0.0,1.0,0,0,14270,730,0.04097461700439453,730000,48.666666666666664,0.875,0.0,LogisticRegression
0.9513333333333334,0.5,0.0,0.0,0.0,0.7778174347947125,0.23765595184289492,0.23765595184289492,0.0,0.0,1.0,0,0,14270,730,0.04097461700439453,730000,48.666666666666664,0.885,0.0,LogisticRegression
0.9513333333333334,0.5,0.0,0.0,0.0,0.7778174347947125,0.23765595184289492,0.23765595184289492,0.0,0.0,1.0,0,0,14270,730,0.04097461700439453,730000,48.666666666666664,0.895,0.0,LogisticRegression
0.9513333333333334,0.5,0.0,0.0,0.0,0.7778174347947125,0.23765595184289492,0.23765595184289492,0.0,0.0,1.0,0,0,14270,730,0.04097461700439453,730000,48.666666666666664,0.905,0.0,LogisticRegression
0.9513333333333334,0.5,0.0,0.0,0.0,0.7778174347947125,0.23765595184289492,0.23765595184289492,0.0,0.0,1.0,0,0,14270,730,0.04097461700439453,730000,48.666666666666664,0.915,0.0,LogisticRegression
0.9513333333333334,0.5,0.0,0.0,0.0,0.7778174347947125,0.23765595184289492,0.23765595184289492,0.0,0.0,1.0,0,0,14270,730,0.04097461700439453,730000,48.666666666666664,0.925,0.0,LogisticRegression
0.9513333333333334,0.5,0.0,0.0,0.0,0.7778174347947125,0.23765595184289492,0.23765595184289492,0.0,0.0,1.0,0,0,14270,730,0.04097461700439453,730000,48.666666666666664,0.935,0.0,LogisticRegression
0.9513333333333334,0.5,0.0,0.0,0.0,0.7778174347947125,0.23765595184289492,0.23765595184289492,0.0,0.0,1.0,0,0,14270,730,0.04097461700439453,730000,48.666666666666664,0.9450000000000001,0.0,LogisticRegression
0.9513333333333334,0.5,0.0,0.0,0.0,0.7778174347947125,0.23765595184289492,0.23765595184289492,0.0,0.0,1.0,0,0,14270,730,0.04097461700439453,730000,48.666666666666664,0.9550000000000001,0.0,LogisticRegression
0.9513333333333334,0.5,0.0,0.0,0.0,0.7778174347947125,0.23765595184289492,0.23765595184289492,0.0,0.0,1.0,0,0,14270,730,0.04097461700439453,730000,48.666666666666664,0.965,0.0,LogisticRegression
0.9513333333333334,0.5,0.0,0.0,0.0,0.7778174347947125,0.23765595184289492,0.23765595184289492,0.0,0.0,1.0,0,0,14270,730,0.04097461700439453,730000,48.666666666666664,0.975,0.0,LogisticRegression
0.9513333333333334,0.5,0.0,0.0,0.0,0.7778174347947125,0.23765595184289492,0.23765595184289492,0.0,0.0,1.0,0,0,14270,730,0.04097461700439453,730000,48.666666666666664,0.985,0.0,LogisticRegression
0.9513333333333334,0.5,0.0,0.0,0.0,0.7778174347947125,0.23765595184289492,0.23765595184289492,0.0,0.0,1.0,0,0,14270,730,0.04097461700439453,730000,48.666666666666664,0.995,0.0,LogisticRegression
0.9513333333333334,0.5,0.0,0.0,0.0,0.7778174347947125,0.23765595184289492,0.23765595184289492,0.0,0.0,1.0,0,0,14270,730,0.04097461700439453,730000,48.666666666666664,1.000001,0.0,LogisticRegression
0.048666666666666664,0.5,0.048666666666666664,1.0,0.09281627463445645,0.7828664407560646,0.23649114936331136,0.23649114936331136,0.0,1.0,0.0,730,14270,0,0,0.04130439509513832,285400,19.026666666666667,0.005,1.0,RandomForest
0.048666666666666664,0.5,0.048666666666666664,1.0,0.09281627463445645,0.7828664407560646,0.23649114936331136,0.23649114936331136,0.0,1.0,0.0,730,14270,0,0,0.04130439509513832,285400,19.026666666666667,0.01125945721497683,1.0,RandomForest
0.061066666666666665,0.5058672759213216,0.04921685120172833,0.9986301369863013,0.0938103204220821,0.7828664407560646,0.23649114936331136,0.23649114936331136,0.022696252179778803,0.986895585143658,0.0013698630136986301,729,14083,187,1,0.04130439509513832,282660,18.844,0.014477290672417735,0.9874666666666667,RandomForest
0.0688,0.5092818538748788,0.04954403157751463,0.9972602739726028,0.09439834024896267,0.7828664407560646,0.23649114936331136,0.23649114936331136,0.02825578701343698,0.9786965662228452,0.0027397260273972603,728,13966,304,2,0.04130439509513832,281320,18.754666666666665,0.015,0.9796,RandomForest
0.073,0.5095396031525088,0.04957264957264957,0.9931506849315068,0.09443178117876913,0.7828664407560646,0.23649114936331136,0.23649114936331136,0.026294816806410597,0.9740714786264891,0.00684931506849315,725,13900,370,5,0.04130439509513832,283000,18.866666666666667,0.015248999639420455,0.975,RandomForest
0.085,0.5132469689260927,0.049941123502112626,0.9876712328767123,0.09507483352014243,0.7828664407560646,0.23649114936331136,0.23649114936331136,0.029993507376293006,0.961177295024527,0.012328767123287671,721,13716,554,9,0.04130439509513832,283320,18.888,0.015869599447130383,0.9624666666666667,RandomForest
0.09733333333333333,0.5190792063050177,0.05052631578947368,0.9863013698630136,0.09612817089452602,0.7828664407560646,0.23649114936331136,0.23649114936331136,0.03767260504344254,0.9481429572529783,0.0136986301369863,720,13530,740,10,0.04130439509513832,280600,18.706666666666667,0.016345746153078097,0.95,RandomForest
0.10973333333333334,0.5249464822263394,0.05113070686957758,0.9849315068493151,0.09721471065440779,0.7828664407560646,0.23649114936331136,0.23649114936331136,0.0443391904530166,0.9350385423966363,0.015068493150684932,719,13343,927,11,0.04130439509513832,277860,18.524,0.016746732942547856,0.9374666666666667,RandomForest
0.1218,0.5293387795067725,0.0516036036036036,0.9808219178082191,0.09804861348853132,0.7828664407560646,0.23649114936331136,0.23649114936331136,0.04793499632296183,0.9221443587946742,0.019178082191780823,716,13159,1111,14,0.04130439509513832,277180,18.478666666666665,0.017143934536570517,0.925,RandomForest
0.13393333333333332,0.5337661153296023,0.05209322714985022,0.9767123287671233,0.09891100783796906,0.7828664407560646,0.23649114936331136,0.23649114936331136,0.05141596782099452,0.9091800981079187,0.023287671232876714,713,12974,1296,17,0.04130439509513832,276480,18.432,0.017509291518523644,0.9124666666666666,RandomForest
0.14586666666666667,0.5374384425607894,0.05251851851851852,0.9712328767123287,0.09964862965565706,0.7828664407560646,0.23649114936331136,0.23649114936331136,0.053704252030584335,0.8963559915907499,0.028767123287671233,709,12791,1479,21,0.04130439509513832,276820,18.454666666666668,0.017815174702304336,0.9,RandomForest
0.15813333333333332,0.5425857484328652,0.053109975961538464,0.9684931506849315,0.10069790628115652,0.7828664407560646,0.23649114936331136,0.23649114936331136,0.05799089626229023,0.8833216538192011,0.031506849315068496,707,12605,1665,23,0.04130439509513832,275100,18.34,0.01811867394920459,0.8874666666666666,RandomForest
0.16993333333333333,0.5455381056148064,0.05348571428571428,0.9616438356164384,0.1013352580295922,0.7828664407560646,0.23649114936331136,0.23649114936331136,0.059255419929518265,0.8705676243868256,0.038356164383561646,702,12423,1847,28,0.04130439509513832,276460,18.430666666666667,0.01843252060619842,0.875,RandomForest
0.1822,0.5506854114868821,0.05410837133802272,0.958904109589041,0.10243652593839174,0.7828664407560646,0.23649114936331136,0.23649114936331136,0.06333153084133748,0.8575332866152768,0.0410958904109589,700,12237,2033,30,0.04130439509513832,274740,18.316,0.018719012828917508,0.8624666666666667,RandomForest
0.194,0.5536377686688234,0.05450980392156863,0.952054794520548,0.10311572700296737,0.7828664407560646,0.23649114936331136,0.23649114936331136,0.06464393185016054,0.8447792571829011,0.04794520547945205,695,12055,2215,35,0.04130439509513832,276100,18.406666666666666,0.018998200251395238,0.85,RandomForest
0.20626666666666665,0.5587850745408991,0.05516637478108581,0.9493150684931507,0.1042732470659043,0.7828664407560646,0.23649114936331136,0.23649114936331136,0.06856843548271589,0.8317449194113525,0.050684931506849315,693,11869,2401,37,0.04130439509513832,274380,18.292,0.019258477714176037,0.8374666666666667,RandomForest
0.2186,0.5646173119198241,0.05591919191919192,0.947945205479452,0.10560854635635254,0.7828664407560646,0.23649114936331136,0.23649114936331136,0.07318381448293258,0.8187105816398038,0.052054794520547946,692,11683,2587,38,0.04130439509513832,271660,18.110666666666667,0.019509759484713025,0.825,RandomForest
0.231,0.5704845878411459,0.05669976204151965,0.9465753424657535,0.10699078733452039,0.7828664407560646,0.23649114936331136,0.23649114936331136,0.07770774478948657,0.8056061667834619,0.05342465753424658,691,11496,2774,39,0.04130439509513832,268920,17.928,0.01978887107059667,0.8124666666666667,RandomForest
0.2432,0.5755968551708248,0.057416666666666664,0.9438356164383561,0.10824823252160251,0.7828664407560646,0.23649114936331136,0.23649114936331136,0.08133095860400993,0.7926419060967064,0.056164383561643834,689,11311,2959,41,0.04130439509513832,267220,17.814666666666668,0.020026191364981558,0.8,RandomForest
0.25493333333333335,0.5778642808459168,0.05782255333559092,0.9356164383561644,0.10891404879604528,0.7828664407560646,0.23649114936331136,0.23649114936331136,0.08190696119106303,0.7798878766643308,0.06438356164383562,683,11129,3141,47,0.04130439509513832,269580,17.972,0.020267082794328168,0.7874666666666666,RandomForest
0.267,0.5822565781263499,0.05849462365591398,0.9315068493150684,0.11007689194658034,0.7828664407560646,0.23649114936331136,0.23649114936331136,0.08476970695339113,0.7669936930623686,0.0684931506849315,680,10945,3325,50,0.04130439509513832,268900,17.926666666666666,0.02050170387036496,0.775,RandomForest
0.27926666666666666,0.5874038839984257,0.05928128005595873,0.9287671232876712,0.111449001397222,0.7828664407560646,0.23649114936331136,0.23649114936331136,0.08838329177314835,0.7539593552908199,0.07123287671232877,678,10759,3511,52,0.04130439509513832,267180,17.812,0.02074388876909759,0.7624666666666666,RandomForest
0.2912,0.5910762112296128,0.05991111111111111,0.9232876712328767,0.11252086811352253,0.7828664407560646,0.23649114936331136,0.23649114936331136,0.09051414905447076,0.741135248773651,0.07671232876712329,674,10576,3694,56,0.04130439509513832,267520,17.834666666666667,0.020957647481970626,0.75,RandomForest
0.30333333333333334,0.5955035470524427,0.060658108841077564,0.9191780821917809,0.11380597014925374,0.7828664407560646,0.23649114936331136,0.23649114936331136,0.09340459272749305,0.7281709880868956,0.08082191780821918,671,10391,3879,59,0.04130439509513832,266820,17.788,0.021152054614709453,0.7374666666666667,RandomForest
0.3154,0.5998958443328758,0.06142528735632184,0.915068493150685,0.1151227919000431,0.7828664407560646,0.23649114936331136,0.23649114936331136,0.09627737150606247,0.7152768044849335,0.08493150684931507,668,10207,4063,62,0.04130439509513832,266140,17.74266666666667,0.021372938232402407,0.725,RandomForest
0.32753333333333334,0.6043231801557055,0.06222513333957144,0.910958904109589,0.11649294911097487,0.7828664407560646,0.23649114936331136,0.23649114936331136,0.09918970440009983,0.702312543798178,0.08904109589041095,665,10022,4248,65,0.04130439509513832,265440,17.696,0.02161369988999188,0.7124666666666667,RandomForest
0.3396,0.6087154774361387,0.06304761904761905,0.9068493150684932,0.11789848619768478,0.7828664407560646,0.23649114936331136,0.23649114936331136,0.10209251046907124,0.6894183601962158,0.09315068493150686,662,9838,4432,68,0.04130439509513832,264760,17.650666666666666,0.021852032314686326,0.7,RandomForest
0.352,0.6145827533574604,0.06410007757951901,0.9054794520547945,0.11972468755660207,0.7828664407560646,0.23649114936331136,0.23649114936331136,0.10637936962661869,0.6763139453398739,0.09452054794520548,661,9651,4619,69,0.04130439509513832,262020,17.468,0.022076459629644954,0.6874666666666667,RandomForest
0.3642,0.6196950206871394,0.06508641975308642,0.9027397260273973,0.12141870105941963,0.7828664407560646,0.23649114936331136,0.23649114936331136,0.10997517720920155,0.6633496846531184,0.09726027397260274,659,9466,4804,71,0.04130439509513832,260320,17.354666666666667,0.022299172403080325,0.675,RandomForest
0.3766,0.6255622966084611,0.06621716815940425,0.9013698630136986,0.12337114465172963,0.7828664407560646,0.23649114936331136,0.23649114936331136,0.11426969133865451,0.6502452697967764,0.09863013698630137,658,9279,4991,72,0.04130439509513832,257580,17.172,0.022529555223276546,0.6624666666666666,RandomForest
0.38893333333333335,0.6313945339873861,0.06738461538461539,0.9,0.125381679389313,0.7828664407560646,0.23649114936331136,0.23649114936331136,0.11854923387098745,0.6372109320252277,0.1,657,9093,5177,73,0.04130439509513832,254860,16.990666666666666,0.02275881984537977,0.65,RandomForest
0.4009333333333333,0.63510189976097,0.06829115247856098,0.8945205479452055,0.12689467547609795,0.7828664407560646,0.23649114936331136,0.23649114936331136,0.1209402597294337,0.6243167484232656,0.10547945205479452,653,8909,5361,77,0.04130439509513832,255180,17.012,0.023058399210622475,0.6374666666666666,RandomForest
0.4120666666666667,0.6344544066966814,0.06858666666666667,0.8808219178082192,0.1272637308263236,0.7828664407560646,0.23649114936331136,0.23649114936331136,0.119517514061561,0.6119131044148564,0.11917808219178082,643,8732,5538,87,0.04130439509513832,261640,17.442666666666668,0.023295570624487394,0.625,RandomForest
0.42446666666666666,0.6403216826180032,0.06988135408729727,0.8794520547945206,0.1294746395079157,0.7828664407560646,0.23649114936331136,0.23649114936331136,0.12394847173595848,0.5988086895585144,0.12054794520547946,642,8545,5725,88,0.04130439509513832,258900,17.26,0.02354312465056201,0.6124666666666667,RandomForest
0.4362666666666667,0.6432740397999444,0.07077777777777777,0.8726027397260274,0.13093525179856114,0.7828664407560646,0.23649114936331136,0.23649114936331136,0.1258560330964377,0.5860546601261387,0.1273972602739726,637,8363,5907,93,0.04130439509513832,260260,17.350666666666665,0.023803787059429506,0.6,RandomForest
0.4484,0.6477013756227741,0.07194734453018611,0.8684931506849315,0.1328861873821002,0.7828664407560646,0.23649114936331136,0.23649114936331136,0.12911465992141102,0.5730903994393833,0.13150684931506848,634,8178,6092,96,0.04130439509513832,259560,17.304,0.024083334071759253,0.5874666666666667,RandomForest
0.46086666666666665,0.654253583050945,0.0735072463768116,0.8684931506849315,0.13554249064671298,0.7828664407560646,0.23649114936331136,0.23649114936331136,0.13428237894741174,0.5599859845830414,0.13150684931506848,634,7991,6279,96,0.04130439509513832,255820,17.054666666666666,0.024348828382703334,0.575,RandomForest
0.473,0.6586809188737748,0.07478961716249852,0.8643835616438356,0.1376677211737755,0.7828664407560646,0.23649114936331136,0.23649114936331136,0.1376521161540849,0.5470217238962859,0.13561643835616438,631,7806,6464,99,0.04130439509513832,255120,17.008,0.02464220684433435,0.5624666666666667,RandomForest
0.4849333333333333,0.662353246104962,0.076,0.8589041095890411,0.13964365256124722,0.7828664407560646,0.23649114936331136,0.23649114936331136,0.14043828844071815,0.534197617379117,0.1410958904109589,627,7623,6647,103,0.04130439509513832,255460,17.030666666666665,0.0249696919041079,0.55,RandomForest
0.486,0.6629138627833082,0.07614768034976925,0.8589041095890411,0.13989290495314594,0.7828664407560646,0.23649114936331136,0.23649114936331136,0.1408931975224764,0.5330763840224246,0.1410958904109589,627,7607,6663,103,0.04130439509513832,255140,17.009333333333334,0.025,0.5489333333333334,RandomForest
0.49693333333333334,0.6660606118785458,0.07727611014636566,0.8534246575342466,0.1417197452229299,0.7828664407560646,0.23649114936331136,0.23649114936331136,0.14332815203510346,0.5213034337771548,0.14657534246575343,623,7439,6831,107,0.04130439509513832,255780,17.052,0.025270047613794196,0.5374666666666666,RandomForest
0.5092666666666666,0.671892849257471,0.07898412698412699,0.852054794520548,0.14456711214410226,0.7828664407560646,0.23649114936331136,0.23649114936331136,0.14813016518153801,0.5082690960056062,0.14794520547945206,622,7253,7017,108,0.04130439509513832,253060,16.870666666666665,0.025620956055364873,0.525,RandomForest
0.521,0.6741602749325628,0.08013529335241316,0.8438356164383561,0.1463704407746228,0.7828664407560646,0.23649114936331136,0.23649114936331136,0.14994303137171414,0.4955150665732306,0.15616438356164383,616,7071,7199,114,0.04130439509513832,255420,17.028,0.0259697171163808,0.5124666666666666,RandomForest
0.5330666666666667,0.6785525722129959,0.08173333333333334,0.8397260273972603,0.14896719319562576,0.7828664407560646,0.23649114936331136,0.23649114936331136,0.1536767827336721,0.4826208829712684,0.16027397260273973,613,6887,7383,117,0.04130439509513832,254740,16.982666666666667,0.026285353526290443,0.5,RandomForest
0.5446,0.6800649892964452,0.08286612881170519,0.8301369863013699,0.15069004102946662,0.7828664407560646,0.23649114936331136,0.23649114936331136,0.15502668647875542,0.4700070077084793,0.16986301369863013,606,6707,7563,124,0.04130439509513832,258140,17.209333333333333,0.02666556985738791,0.4875333333333333,RandomForest
0.5568666666666666,0.685212295168521,0.0847719298245614,0.8273972602739726,0.1537873965626989,0.7828664407560646,0.23649114936331136,0.23649114936331136,0.1596083141065996,0.45697266993693064,0.1726027397260274,604,6521,7749,126,0.04130439509513832,256420,17.094666666666665,0.02710409898265491,0.475,RandomForest
0.5692,0.691044532547446,0.08691265494378783,0.826027397260274,0.1572769953051643,0.7828664407560646,0.23649114936331136,0.23649114936331136,0.1648919602106635,0.4439383321653819,0.17397260273972603,603,6335,7935,127,0.04130439509513832,253700,16.913333333333334,0.027472070883072984,0.46253333333333335,RandomForest
0.5813333333333334,0.6954718683702757,0.08888888888888889,0.821917808219178,0.16042780748663102,0.7828664407560646,0.23649114936331136,0.23649114936331136,0.16908645371022163,0.4309740714786265,0.1780821917808219,600,6150,8120,130,0.04130439509513832,253000,16.866666666666667,0.027930226359035828,0.45,RandomForest
0.593,0.6977042555029711,0.09050738991314948,0.8136986301369863,0.16289592760180996,0.7828664407560646,0.23649114936331136,0.23649114936331136,0.17150398003618803,0.41829011913104414,0.1863013698630137,594,5969,8301,136,0.04130439509513832,255380,17.025333333333332,0.02841624967436615,0.43753333333333333,RandomForest
0.6052666666666666,0.7028515613750468,0.09286274509803921,0.810958904109589,0.16664320900774102,0.7828664407560646,0.23649114936331136,0.23649114936331136,0.17658837931590787,0.40525578135949547,0.18904109589041096,592,5783,8487,138,0.04130439509513832,253660,16.910666666666668,0.028941088624813885,0.425,RandomForest
0.6174666666666667,0.7079638287047259,0.09534583063994828,0.8082191780821918,0.17056952876553919,0.7828664407560646,0.23649114936331136,0.23649114936331136,0.181793696273639,0.39229152067274004,0.1917808219178082,590,5598,8672,140,0.04130439509513832,251960,16.797333333333334,0.029460471224988308,0.4125333333333333,RandomForest
0.6294666666666666,0.7116711944783097,0.09766666666666667,0.8027397260273973,0.17414561664190192,0.7828664407560646,0.23649114936331136,0.23649114936331136,0.1859380589464959,0.37939733707077783,0.19726027397260273,586,5414,8856,144,0.04130439509513832,252280,16.818666666666665,0.030016817653873772,0.4,RandomForest
0.6407333333333334,0.7117436714632672,0.09926027868570446,0.7904109589041096,0.1763716949411585,0.7828664407560646,0.23649114936331136,0.23649114936331136,0.18703670015902166,0.36692361597757533,0.2095890410958904,577,5236,9034,153,0.04130439509513832,257720,17.181333333333335,0.030597107825186962,0.38753333333333334,RandomForest
0.6523333333333333,0.7132911270891131,0.10133333333333333,0.7808219178082192,0.17938630999213218,0.7828664407560646,0.23649114936331136,0.23649114936331136,0.18959605644303854,0.354239663629993,0.2191780821917808,570,5055,9215,160,0.04130439509513832,261100,17.406666666666666,0.03114359837112518,0.375,RandomForest
0.6637333333333333,0.7140835741233165,0.10334681868333946,0.7698630136986301,0.182230869001297,0.7828664407560646,0.23649114936331136,0.23649114936331136,0.1916429236308874,0.3416958654519972,0.23013698630136986,562,4876,9394,168,0.04130439509513832,265520,17.701333333333334,0.031830255801085706,0.3625333333333333,RandomForest
0.6749333333333334,0.7134711196014245,0.10514285714285715,0.7561643835616438,0.18461538461538463,0.7828664407560646,0.23649114936331136,0.23649114936331136,0.19260190598765906,0.32922214435879465,0.24383561643835616,552,4698,9572,178,0.04130439509513832,271960,18.130666666666666,0.03254085360546779,0.35,RandomForest
0.6866,0.7157035067341199,0.10784120086904997,0.7479452054794521,0.18850336613153806,0.7828664407560646,0.23649114936331136,0.23649114936331136,0.19630393677836183,0.31653819201121236,0.25205479452054796,546,4517,9753,184,0.04130439509513832,274340,18.28933333333333,0.0333479356865029,0.33753333333333335,RandomForest
0.6983333333333334,0.7179709324092118,0.11076923076923077,0.7397260273972602,0.1926851025869759,0.7828664407560646,0.23649114936331136,0.23649114936331136,0.20027058586517757,0.3037841625788367,0.2602739726027397,540,4335,9935,190,0.04130439509513832,276700,18.446666666666665,0.03416446013852764,0.325,RandomForest
0.7086666666666667,0.7195025486939743,0.11342395921835174,0.7315068493150685,0.19639573372563443,0.7828664407560646,0.23649114936331136,0.23649114936331136,0.20355176088540655,0.29250175192711986,0.2684931506849315,534,4174,10096,196,0.04130439509513832,279480,18.632,0.034999999999999996,0.3138666666666667,RandomForest
0.7098666666666666,0.7194833494926611,0.11369453924914676,0.7301369863013699,0.1967515688445921,0.7828664407560646,0.23649114936331136,0.23649114936331136,0.20376976183953724,0.29117028731604766,0.26986301369863014,533,4155,10115,197,0.04130439509513832,280100,18.673333333333332,0.035097110838593154,0.31253333333333333,RandomForest
0.7212,0.7195908650200151,0.11644444444444445,0.7178082191780822,0.20038240917782027,0.7828664407560646,0.23649114936331136,0.23649114936331136,0.2062133489607068,0.2786264891380519,0.2821917808219178,524,3976,10294,206,0.04130439509513832,285520,19.034666666666666,0.03614072450001514,0.3,RandomForest
0.7324666666666667,0.7196633420049726,0.11940644562949224,0.7054794520547946,0.20424350584969267,0.7828664407560646,0.23649114936331136,0.23649114936331136,0.2088542731202356,0.26615276804484933,0.2945205479452055,515,3798,10472,215,0.04130439509513832,290960,19.397333333333332,0.03736282194065578,0.2875333333333333,RandomForest
0.7436666666666667,0.7190508874830808,0.12242424242424242,0.6917808219178082,0.20803295571575692,0.7828664407560646,0.23649114936331136,0.23649114936331136,0.211116326347528,0.25367904695164684,0.3082191780821918,505,3620,10650,225,0.04130439509513832,297400,19.826666666666668,0.038572698282355405,0.275,RandomForest
0.7545333333333333,0.7169634543203003,0.12519045200609447,0.6753424657534246,0.21122536418166238,0.7828664407560646,0.23649114936331136,0.23649114936331136,0.21219508293665387,0.24141555711282411,0.32465753424657534,493,3445,10825,237,0.04130439509513832,305900,20.393333333333334,0.040239216493785375,0.26253333333333334,RandomForest
0.7654666666666666,0.7149110596999164,0.12826666666666667,0.6589041095890411,0.21473214285714287,0.7828664407560646,0.23649114936331136,0.23649114936331136,0.21358477069375117,0.22908199018920813,0.3410958904109589,481,3269,11001,249,0.04130439509513832,314380,20.958666666666666,0.04204733968097876,0.25,RandomForest
0.7764666666666666,0.713543596586382,0.13191131069323603,0.6438356164383562,0.2189610994642441,0.7828664407560646,0.23649114936331136,0.23649114936331136,0.21593646803752617,0.21674842326559215,0.3561643835616438,470,3093,11177,260,0.04130439509513832,321860,21.457333333333334,0.044390108358011285,0.23753333333333335,RandomForest
0.7792666666666667,0.71241564350923,0.13265015656134357,0.6383561643835617,0.21965590384162148,0.7828664407560646,0.23649114936331136,0.23649114936331136,0.21584774923339306,0.21352487736510162,0.36164383561643837,466,3047,11223,264,0.04130439509513832,324940,21.662666666666667,0.045,0.2342,RandomForest
0.7875333333333333,0.7122111720152442,0.136,0.6287671232876713,0.22362971985383678,0.7828664407560646,0.23649114936331136,0.23649114936331136,0.2186947144377421,0.2043447792571829,0.37123287671232874,459,2916,11354,271,0.04130439509513832,329320,21.954666666666668,0.046586182359467786,0.225,RandomForest
0.7994666666666667,0.7158834992464314,0.14272271016311167,0.6232876712328768,0.2322613578356304,0.7828664407560646,0.23649114936331136,0.23649114936331136,0.22709207871012652,0.19152067274001403,0.3767123287671233,455,2733,11537,275,0.04130439509513832,329660,21.977333333333334,0.04900162533538304,0.21253333333333332,RandomForest
0.8106666666666666,0.7152710447245394,0.14833333333333334,0.6095890410958904,0.23860589812332442,0.7828664407560646,0.23649114936331136,0.23649114936331136,0.23159958688189497,0.1790469516468115,0.3904109589041096,445,2555,11715,285,0.04130439509513832,336100,22.406666666666666,0.05206138983834317,0.2,RandomForest
0.8194666666666667,0.7114475237830107,0.15200562983814214,0.5917808219178082,0.24188129899216124,0.7828664407560646,0.23649114936331136,0.23649114936331136,0.23220037113012224,0.16888577435178698,0.40821917808219177,432,2410,11860,298,0.04130439509513832,346200,23.08,0.055,0.18946666666666667,RandomForest
0.821,0.7103037313647752,0.152506221116246,0.5876712328767123,0.24216765453005928,0.7828664407560646,0.23649114936331136,0.23649114936331136,0.2318553486047459,0.16706377014716187,0.4123287671232877,429,2384,11886,301,0.04130439509513832,348680,23.245333333333335,0.05553484313436087,0.18753333333333333,RandomForest
0.8314,0.7053714565474076,0.15733333333333333,0.5657534246575342,0.24619970193740684,0.7828664407560646,0.23649114936331136,0.23649114936331136,0.23259814018113112,0.155010511562719,0.43424657534246575,413,2212,12058,317,0.04130439509513832,361240,24.082666666666668,0.05962234840023334,0.175,RandomForest
0.8426666666666667,0.7067437194612705,0.16625716625716624,0.5561643835616439,0.25598991172761665,0.7828664407560646,0.23649114936331136,0.23649114936331136,0.24099202356013844,0.14267694463910302,0.4438356164383562,406,2036,12234,324,0.04130439509513832,364720,24.314666666666668,0.065,0.1628,RandomForest
0.8429333333333333,0.7068838736308569,0.16652994257588188,0.5561643835616439,0.2563131313131313,0.7828664407560646,0.23649114936331136,0.23649114936331136,0.24131471555083608,0.14239663629992994,0.4438356164383562,406,2032,12238,324,0.04130439509513832,364640,24.309333333333335,0.06519650690546039,0.16253333333333334,RandomForest
0.8544,0.707711359207457,0.1768888888888889,0.5452054794520548,0.26711409395973157,0.7828664407560646,0.23649114936331136,0.23649114936331136,0.25033254146001765,0.12978276103714084,0.4547945205479452,398,1852,12418,332,0.04130439509513832,369040,24.602666666666668,0.07019153596204207,0.15,RandomForest
0.8628666666666667,0.7063122174117556,0.1847980997624703,0.5328767123287671,0.27442680776014106,0.7828664407560646,0.23649114936331136,0.23649114936331136,0.2556181196277993,0.12025227750525579,0.4671232876712329,389,1716,12554,341,0.04130439509513832,375320,25.021333333333335,0.07500000000000001,0.14033333333333334,RandomForest
0.8654,0.7063438960939226,0.18759088705768298,0.5301369863013699,0.2771213748657358,0.7828664407560646,0.23649114936331136,0.23649114936331136,0.257827142683376,0.11744919411352488,0.46986301369863015,387,1676,12594,343,0.04130439509513832,376520,25.101333333333333,0.07663933025266348,0.13753333333333334,RandomForest
0.8760666666666667,0.7028515613750468,0.19893333333333332,0.510958904109589,0.2863723608445297,0.7828664407560646,0.23649114936331136,0.23649114936331136,0.26395596150421774,0.10525578135949544,0.48904109589041095,373,1502,12768,357,0.04130439509513832,387040,25.802666666666667,0.08240256299396548,0.125,RandomForest
0.8791333333333333,0.6979644046807653,0.20066334991708126,0.49726027397260275,0.28593934619929107,0.7828664407560646,0.23649114936331136,0.23649114936331136,0.26159676974523177,0.10133146461107218,0.5027397260273972,363,1446,12824,367,0.04130439509513832,395920,26.394666666666666,0.085,0.1206,RandomForest
0.8857333333333334,0.6942843977690528,0.20853080568720378,0.4821917808219178,0.29114971050454924,0.7828664407560646,0.23649114936331136,0.23649114936331136,0.26456565332339377,0.09362298528381219,0.5178082191780822,352,1336,12934,378,0.04130439509513832,404720,26.981333333333332,0.0898274775976882,0.11253333333333333,RandomForest
0.8919333333333334,0.6903941596029606,0.21678321678321677,0.4671232876712329,0.2961354754667824,0.7828664407560646,0.23649114936331136,0.23649114936331136,0.2674257230223097,0.08633496846531184,0.5328767123287671,341,1232,13038,389,0.04130439509513832,413640,27.576,0.095,0.10486666666666666,RandomForest
0.8952,0.6843123326069636,0.21933333333333332,0.4506849315068493,0.295067264573991,0.7828664407560646,0.23649114936331136,0.23649114936331136,0.2643901638428767,0.08206026629292222,0.5493150684931507,329,1171,13099,401,0.04130439509513832,424420,28.294666666666668,0.09930495219944568,0.1,RandomForest
0.9010666666666667,0.6802469017288881,0.22877697841726619,0.43561643835616437,0.3,0.7828664407560646,0.23649114936331136,0.23649114936331136,0.2675067579161186,0.07512263489838823,0.5643835616438356,318,1072,13198,412,0.04130439509513832,433440,28.896,0.10500000000000001,0.09266666666666666,RandomForest
0.9051333333333333,0.6771851090994615,0.2361005331302361,0.4246575342465753,0.3034752814488497,0.7828664407560646,0.23649114936331136,0.23649114936331136,0.2698013608876878,0.07028731604765241,0.5753424657534246,310,1003,13267,420,0.04130439509513832,440060,29.337333333333333,0.10884852133552538,0.08753333333333334,RandomForest
0.909,0.6727184149139396,0.242914979757085,0.410958904109589,0.3053435114503817,0.7828664407560646,0.23649114936331136,0.23649114936331136,0.27040858110234256,0.06552207428170988,0.589041095890411,300,935,13335,430,0.04130439509513832,448700,29.913333333333334,0.115,0.08233333333333333,RandomForest
0.9144666666666666,0.6664930738881263,0.25422222222222224,0.3917808219178082,0.308355795148248,0.7828664407560646,0.23649114936331136,0.23649114936331136,0.27202375213950736,0.05879467414155571,0.6082191780821918,286,839,13431,444,0.04130439509513832,460780,30.718666666666667,0.12296504774827338,0.075,RandomForest
0.9156666666666666,0.6638743028290023,0.2561531449407475,0.38493150684931504,0.307608100711549,0.7828664407560646,0.23649114936331136,0.23649114936331136,0.27086737201745476,0.05718290119131044,0.6150684931506849,281,816,13454,449,0.04130439509513832,465320,31.021333333333335,0.125,0.07313333333333333,RandomForest
0.9222,0.6608091503393458,0.27681307456588355,0.37123287671232874,0.3171445289643066,0.7828664407560646,0.23649114936331136,0.23649114936331136,0.2801775472293043,0.049614576033637,0.6287671232876713,271,708,13562,459,0.04130439509513832,473160,31.544,0.135,0.06526666666666667,RandomForest
0.9245333333333333,0.6600858204298701,0.2857142857142857,0.36712328767123287,0.3213429256594724,0.7828664407560646,0.23649114936331136,0.23649114936331136,0.28453212827630764,0.046951646811492644,0.6328767123287671,268,670,13600,462,0.04130439509513832,475400,31.69333333333333,0.13871614450146932,0.06253333333333333,RandomForest
0.9276666666666666,0.6545838093135325,0.2957422324510932,0.35205479452054794,0.3214509068167605,0.7828664407560646,0.23649114936331136,0.23649114936331136,0.2847548180054156,0.04288717589348283,0.647945205479452,257,612,13658,473,0.04130439509513832,485240,32.349333333333334,0.14500000000000002,0.05793333333333334,RandomForest
0.9316666666666666,0.6508370851772566,0.31352718078381797,0.33972602739726027,0.32610124917817224,0.7828664407560646,0.23649114936331136,0.23649114936331136,0.29043004676780865,0.03805185704274702,0.6602739726027397,248,543,13727,482,0.04130439509513832,492860,32.85733333333334,0.155,0.05273333333333333,RandomForest
0.9334666666666667,0.647233875070797,0.32133333333333336,0.33013698630136984,0.3256756756756757,0.7828664407560646,0.23649114936331136,0.23649114936331136,0.2907187823163773,0.035669236159775755,0.6698630136986301,241,509,13761,489,0.04130439509513832,499180,33.278666666666666,0.16223784097020744,0.05,RandomForest
0.9340666666666667,0.6436498641656507,0.3223593964334705,0.3219178082191781,0.3221384509938314,0.7828664407560646,0.23649114936331136,0.23649114936331136,0.28748663843379585,0.034618079887876664,0.678082191780822,235,494,13776,495,0.04130439509513832,504880,33.65866666666667,0.165,0.0486,RandomForest
0.9359333333333333,0.635532441850419,0.32838038632986627,0.30273972602739724,0.3150392017106201,0.7828664407560646,0.23649114936331136,0.23649114936331136,0.2817484351903655,0.03167484232655921,0.6972602739726027,221,452,13818,509,0.04130439509513832,518040,34.536,0.17500000000000002,0.044866666666666666,RandomForest
0.9374666666666667,0.6298393986810149,0.3349206349206349,0.28904109589041094,0.3102941176470588,0.7828664407560646,0.23649114936331136,0.23649114936331136,0.27855518640845883,0.02936229852838122,0.7109589041095891,211,419,13851,519,0.04130439509513832,527380,35.15866666666667,0.185,0.042,RandomForest
0.9387333333333333,0.6227064154131188,0.3390119250425894,0.2726027397260274,0.30220197418375094,0.7828664407560646,0.23649114936331136,0.23649114936331136,0.27231680168342975,0.02718990889978977,0.7273972602739726,199,388,13882,531,0.04130439509513832,538760,35.91733333333333,0.195,0.03913333333333333,RandomForest
0.9396666666666667,0.6199474901844083,0.34458259325044405,0.26575342465753427,0.300077339520495,0.7828664407560646,0.23649114936331136,0.23649114936331136,0.27158257497891225,0.02585844428871759,0.7342465753424657,194,369,13901,536,0.04130439509513832,543380,36.22533333333333,0.20176340340431756,0.037533333333333335,RandomForest
0.9399333333333333,0.6168381795317315,0.3442622950819672,0.2589041095890411,0.2955433932759968,0.7828664407560646,0.23649114936331136,0.23649114936331136,0.2677645450216468,0.025227750525578137,0.7410958904109589,189,360,13910,541,0.04130439509513832,548200,36.54666666666667,0.20500000000000002,0.0366,RandomForest
0.9409333333333333,0.6115147209876068,0.3488372093023256,0.2465753424657534,0.28892455858747995,0.7828664407560646,0.23649114936331136,0.23649114936331136,0.2633094861223371,0.023545900490539593,0.7534246575342466,180,336,13934,550,0.04130439509513832,556720,37.114666666666665,0.215,0.0344,RandomForest
0.9421333333333334,0.6082460569640302,0.35802469135802467,0.23835616438356164,0.28618421052631576,0.7828664407560646,0.23649114936331136,0.23649114936331136,0.26308967455257826,0.02186405045550105,0.7616438356164383,174,312,13958,556,0.04130439509513832,562240,37.48266666666667,0.225,0.0324,RandomForest
0.943,0.6067518791218286,0.36616702355460384,0.23424657534246576,0.28571428571428575,0.7828664407560646,0.23649114936331136,0.23649114936331136,0.2645104678976058,0.02074281709880869,0.7657534246575343,171,296,13974,559,0.04130439509513832,564920,37.66133333333333,0.23500000000000001,0.031133333333333332,RandomForest
0.9444666666666667,0.6042732622322912,0.3816091954022989,0.2273972602739726,0.28497854077253215,0.7828664407560646,0.23649114936331136,0.23649114936331136,0.2674092956978273,0.01885073580939033,0.7726027397260274,166,269,14001,564,0.04130439509513832,569380,37.958666666666666,0.245,0.029,RandomForest
0.9452666666666667,0.5988446880609767,0.38765432098765434,0.21506849315068494,0.27665198237885463,0.7828664407560646,0.23649114936331136,0.23649114936331136,0.2624382820721452,0.017379117028731603,0.7849315068493151,157,248,14022,573,0.04130439509513832,577960,38.53066666666667,0.255,0.027,RandomForest
0.9462666666666667,0.5954709084102101,0.3994708994708995,0.20684931506849316,0.2725631768953069,0.7828664407560646,0.23649114936331136,0.23649114936331136,0.26213510026680803,0.01590749824807288,0.7931506849315069,151,227,14043,579,0.04130439509513832,583540,38.90266666666667,0.265,0.0252,RandomForest
0.9463333333333334,0.5948560539881541,0.4,0.2054794520547945,0.27149321266968324,0.7828664407560646,0.23649114936331136,0.23649114936331136,0.26145978220713934,0.015767344078486335,0.7945205479452054,150,225,14045,580,0.04130439509513832,584500,38.96666666666667,0.2663701643261308,0.025,RandomForest
0.947,0.5932567605187624,0.40947075208913647,0.20136986301369864,0.26997245179063356,0.7828664407560646,0.23649114936331136,0.23649114936331136,0.26257365096496066,0.014856341976173791,0.7986301369863014,147,212,14058,583,0.04130439509513832,587240,39.14933333333333,0.275,0.023933333333333334,RandomForest
0.9481333333333334,0.5906029509172419,0.42771084337349397,0.19452054794520549,0.2674199623352166,0.7828664407560646,0.23649114936331136,0.23649114936331136,0.26502769690880834,0.013314646110721794,0.8054794520547945,142,190,14080,588,0.04130439509513832,591800,39.45333333333333,0.28500000000000003,0.022133333333333335,RandomForest
0.9483333333333334,0.5848590298643577,0.42765273311897106,0.1821917808219178,0.25552353506243997,0.7828664407560646,0.23649114936331136,0.23649114936331136,0.2562861663912061,0.012473721093202522,0.8178082191780822,133,178,14092,597,0.04130439509513832,600560,40.037333333333336,0.295,0.020733333333333333,RandomForest
0.9485333333333333,0.5765155369536628,0.425531914893617,0.1643835616438356,0.23715415019762845,0.7828664407560646,0.23649114936331136,0.23649114936331136,0.2424398960455541,0.011352487736510162,0.8356164383561644,120,162,14108,610,0.04130439509513832,613240,40.882666666666665,0.305,0.0188,RandomForest
0.9494666666666667,0.5731067187604996,0.4453125,0.15616438356164383,0.23123732251521298,0.7828664407560646,0.23649114936331136,0.23649114936331136,0.24290310170324939,0.009950946040644709,0.8438356164383561,114,142,14128,616,0.04130439509513832,618840,41.256,0.315,0.017066666666666667,RandomForest
0.9496666666666667,0.5725619414232368,0.450199203187251,0.1547945205479452,0.23037716615698267,0.7828664407560646,0.23649114936331136,0.23649114936331136,0.24344124345568308,0.009670637701471618,0.8452054794520548,113,138,14132,617,0.04130439509513832,619760,41.31733333333333,0.325,0.016733333333333333,RandomForest
0.9497333333333333,0.5680477292144647,0.4491525423728814,0.14520547945205478,0.2194616977225673,0.7828664407560646,0.23649114936331136,0.23649114936331136,0.2353201029418565,0.009110021023125438,0.8547945205479452,106,130,14140,624,0.04130439509513832,626600,41.77333333333333,0.335,0.015733333333333332,RandomForest
0.9497333333333333,0.5641483714277487,0.44642857142857145,0.136986301369863,0.20964360587002093,0.7828664407560646,0.23649114936331136,0.23649114936331136,0.22760751491752576,0.008689558514365802,0.863013698630137,100,124,14146,630,0.04130439509513832,632480,42.165333333333336,0.34500000000000003,0.014933333333333333,RandomForest
0.95,0.5577895959528084,0.45,0.1232876712328767,0.1935483870967742,0.7828664407560646,0.23649114936331136,0.23649114936331136,0.2168239314469126,0.007708479327259986,0.8767123287671232,90,110,14160,640,0.04130439509513832,642200,42.81333333333333,0.35500000000000004,0.013333333333333334,RandomForest
0.95,0.5545401311305449,0.4473684210526316,0.11643835616438356,0.18478260869565216,0.7828664407560646,0.23649114936331136,0.23649114936331136,0.20987719939085878,0.007358093903293623,0.8835616438356164,85,105,14165,645,0.04130439509513832,647100,43.14,0.365,0.012666666666666666,RandomForest
0.95,0.5538902381660923,0.44680851063829785,0.11506849315068493,0.18300653594771243,0.7828664407560646,0.23649114936331136,0.23649114936331136,0.20846240262899582,0.00728801681850035,0.8849315068493151,84,104,14166,646,0.04130439509513832,648080,43.205333333333336,0.3656718606169016,0.012533333333333334,RandomForest
0.9504,0.5515008975626614,0.45977011494252873,0.1095890410958904,0.17699115044247787,0.7828664407560646,0.23649114936331136,0.23649114936331136,0.20698152779332,0.006587245970567625,0.8904109589041096,80,94,14176,650,0.04130439509513832,651880,43.458666666666666,0.375,0.0116,RandomForest
0.9506,0.5477066554031352,0.46540880503144655,0.10136986301369863,0.16647919010123732,0.7828664407560646,0.23649114936331136,0.23649114936331136,0.2004713144108796,0.005956552207428171,0.8986301369863013,74,85,14185,656,0.04130439509513832,657700,43.846666666666664,0.385,0.0106,RandomForest
0.9507333333333333,0.5445272676656652,0.46938775510204084,0.09452054794520548,0.1573546180159635,0.7828664407560646,0.23649114936331136,0.23649114936331136,0.19451974906396424,0.005466012613875262,0.9054794520547945,69,78,14192,661,0.04130439509513832,662560,44.17066666666667,0.395,0.0098,RandomForest
0.951,0.5427177429418937,0.48175182481751827,0.09041095890410959,0.1522491349480969,0.7828664407560646,0.23649114936331136,0.23649114936331136,0.19324051569851847,0.004975473020322354,0.9095890410958904,66,71,14199,664,0.04130439509513832,665420,44.361333333333334,0.405,0.009133333333333334,RandomForest
0.9509333333333333,0.5381334536483282,0.47580645161290325,0.08082191780821918,0.13817330210772832,0.7828664407560646,0.23649114936331136,0.23649114936331136,0.18124065575084666,0.004555010511562719,0.9191780821917809,59,65,14205,671,0.04130439509513832,672300,44.82,0.41500000000000004,0.008266666666666667,RandomForest
0.9514,0.5370789375161993,0.504424778761062,0.07808219178082192,0.13523131672597866,0.7828664407560646,0.23649114936331136,0.23649114936331136,0.18453887871704103,0.003924316748423266,0.9219178082191781,57,56,14214,673,0.04130439509513832,674120,44.94133333333333,0.425,0.007533333333333334,RandomForest
0.9512,0.533724357066746,0.49056603773584906,0.07123287671232877,0.12440191387559807,0.7828664407560646,0.23649114936331136,0.23649114936331136,0.17325607988606184,0.0037841625788367205,0.9287671232876712,52,54,14216,678,0.04130439509513832,679080,45.272,0.435,0.007066666666666666,RandomForest
0.9512666666666667,0.5298600378224266,0.4946236559139785,0.06301369863013699,0.11178614823815312,0.7828664407560646,0.23649114936331136,0.23649114936331136,0.163703198818722,0.0032936229852838124,0.936986301369863,46,47,14223,684,0.04130439509513832,684940,45.66266666666667,0.445,0.0062,RandomForest
0.9511333333333334,0.5252407099864645,0.48148148148148145,0.05342465753424658,0.09617755856966709,0.7828664407560646,0.23649114936331136,0.23649114936331136,0.14821515506520794,0.002943237561317449,0.9465753424657535,39,42,14228,691,0.04130439509513832,691840,46.12266666666667,0.455,0.0054,RandomForest
0.9509333333333333,0.5199364506436532,0.45588235294117646,0.04246575342465753,0.07769423558897243,0.7828664407560646,0.23649114936331136,0.23649114936331136,0.1277137941441968,0.0025928521373510863,0.9575342465753425,31,37,14233,699,0.04130439509513832,699740,46.64933333333333,0.465,0.004533333333333334,RandomForest
0.9508,0.5159670157721439,0.43103448275862066,0.03424657534246575,0.06345177664974619,0.7828664407560646,0.23649114936331136,0.23649114936331136,0.11071559637778468,0.0023125437981779957,0.9657534246575342,25,33,14237,705,0.04130439509513832,705660,47.044,0.47500000000000003,0.0038666666666666667,RandomForest
0.951,0.5141224525059758,0.4489795918367347,0.030136986301369864,0.0564826700898588,0.7828664407560646,0.23649114936331136,0.23649114936331136,0.10650754502145335,0.0018920812894183603,0.9698630136986301,22,27,14243,708,0.04130439509513832,708540,47.236,0.485,0.003266666666666667,RandomForest
0.9510666666666666,0.510908026226109,0.4473684210526316,0.023287671232876714,0.04427083333333333,0.7828664407560646,0.23649114936331136,0.23649114936331136,0.09338195507320042,0.0014716187806587246,0.9767123287671233,17,21,14249,713,0.04130439509513832,713420,47.56133333333333,0.495,0.002533333333333333,RandomForest
0.9512,0.5096783173819969,0.46875,0.02054794520547945,0.03937007874015749,0.7828664407560646,0.23649114936331136,0.23649114936331136,0.09027061385480112,0.0011913104414856342,0.9794520547945206,15,17,14253,715,0.04130439509513832,715340,47.68933333333333,0.505,0.0021333333333333334,RandomForest
0.9516,0.5092386556719241,0.5833333333333334,0.019178082191780823,0.03713527851458886,0.7828664407560646,0.23649114936331136,0.23649114936331136,0.09947378810727027,0.000700770847932726,0.9808219178082191,14,10,14260,716,0.04130439509513832,716200,47.74666666666667,0.515,0.0016,RandomForest
0.9515333333333333,0.5079038312006221,0.5714285714285714,0.01643835616438356,0.031957390146471365,0.7828664407560646,0.23649114936331136,0.23649114936331136,0.09096828583273293,0.0006306937631394534,0.9835616438356164,12,9,14261,718,0.04130439509513832,718180,47.87866666666667,0.525,0.0014,RandomForest
0.9514666666666667,0.50656900672932,0.5555555555555556,0.0136986301369863,0.0267379679144385,0.7828664407560646,0.23649114936331136,0.23649114936331136,0.08165484713800349,0.0005606166783461808,0.9863013698630136,10,8,14262,720,0.04130439509513832,720160,48.010666666666665,0.535,0.0012,RandomForest
0.9514666666666667,0.5039694348715094,0.6,0.00821917808219178,0.016216216216216214,0.7828664407560646,0.23649114936331136,0.23649114936331136,0.0661806878221387,0.0002803083391730904,0.9917808219178083,6,4,14266,724,0.04130439509513832,724080,48.272,0.545,0.0006666666666666666,RandomForest
0.9513333333333334,0.5025995718578107,0.5,0.005479452054794521,0.01084010840108401,0.7828664407560646,0.23649114936331136,0.23649114936331136,0.04845409191316534,0.0002803083391730904,0.9945205479452055,4,4,14266,726,0.04130439509513832,726080,48.40533333333333,0.555,0.0005333333333333334,RandomForest
0.9514,0.5026346104002074,0.5714285714285714,0.005479452054794521,0.010854816824966078,0.7828664407560646,0.23649114936331136,0.23649114936331136,0.052496037546494345,0.0002102312543798178,0.9945205479452055,4,3,14267,726,0.04130439509513832,726060,48.404,0.5650000000000001,0.00046666666666666666,RandomForest
0.9513333333333334,0.5012997859289053,0.5,0.0027397260273972603,0.005449591280653951,0.7828664407560646,0.23649114936331136,0.23649114936331136,0.03425764714914644,0.0001401541695865452,0.9972602739726028,2,2,14268,728,0.04130439509513832,728040,48.536,0.5750000000000001,0.0002666666666666667,RandomForest
0.9514,0.5013348244713021,0.6666666666666666,0.0027397260273972603,0.005457025920873124,0.7828664407560646,0.23649114936331136,0.23649114936331136,0.04062232244893802,7.00770847932726e-05,0.9972602739726028,2,1,14269,728,0.04130439509513832,728020,48.534666666666666,0.585,0.0002,RandomForest
0.9514,0.5013348244713021,0.6666666666666666,0.0027397260273972603,0.005457025920873124,0.7828664407560646,0.23649114936331136,0.23649114936331136,0.04062232244893802,7.00770847932726e-05,0.9972602739726028,2,1,14269,728,0.04130439509513832,728020,48.534666666666666,0.595,0.0002,RandomForest
0.9514,0.5013348244713021,0.6666666666666666,0.0027397260273972603,0.005457025920873124,0.7828664407560646,0.23649114936331136,0.23649114936331136,0.04062232244893802,7.00770847932726e-05,0.9972602739726028,2,1,14269,728,0.04130439509513832,728020,48.534666666666666,0.605,0.0002,RandomForest
0.9512666666666667,0.4999649614576034,0.0,0.0,0.0,0.7828664407560646,0.23649114936331136,0.23649114936331136,-0.0018467933027203661,7.00770847932726e-05,1.0,0,1,14269,730,0.04130439509513832,730020,48.668,0.615,6.666666666666667e-05,RandomForest
0.9512666666666667,0.4999649614576034,0.0,0.0,0.0,0.7828664407560646,0.23649114936331136,0.23649114936331136,-0.0018467933027203661,7.00770847932726e-05,1.0,0,1,14269,730,0.04130439509513832,730020,48.668,0.6242018714137083,6.666666666666667e-05,RandomForest
0.9513333333333334,0.5,0.0,0.0,0.0,0.7828664407560646,0.23649114936331136,0.23649114936331136,0.0,0.0,1.0,0,0,14270,730,0.04130439509513832,730000,48.666666666666664,0.625,0.0,RandomForest
0.9513333333333334,0.5,0.0,0.0,0.0,0.7828664407560646,0.23649114936331136,0.23649114936331136,0.0,0.0,1.0,0,0,14270,730,0.04130439509513832,730000,48.666666666666664,0.635,0.0,RandomForest
0.9513333333333334,0.5,0.0,0.0,0.0,0.7828664407560646,0.23649114936331136,0.23649114936331136,0.0,0.0,1.0,0,0,14270,730,0.04130439509513832,730000,48.666666666666664,0.645,0.0,RandomForest
0.9513333333333334,0.5,0.0,0.0,0.0,0.7828664407560646,0.23649114936331136,0.23649114936331136,0.0,0.0,1.0,0,0,14270,730,0.04130439509513832,730000,48.666666666666664,0.655,0.0,RandomForest
0.9513333333333334,0.5,0.0,0.0,0.0,0.7828664407560646,0.23649114936331136,0.23649114936331136,0.0,0.0,1.0,0,0,14270,730,0.04130439509513832,730000,48.666666666666664,0.665,0.0,RandomForest
0.9513333333333334,0.5,0.0,0.0,0.0,0.7828664407560646,0.23649114936331136,0.23649114936331136,0.0,0.0,1.0,0,0,14270,730,0.04130439509513832,730000,48.666666666666664,0.675,0.0,RandomForest
0.9513333333333334,0.5,0.0,0.0,0.0,0.7828664407560646,0.23649114936331136,0.23649114936331136,0.0,0.0,1.0,0,0,14270,730,0.04130439509513832,730000,48.666666666666664,0.685,0.0,RandomForest
0.9513333333333334,0.5,0.0,0.0,0.0,0.7828664407560646,0.23649114936331136,0.23649114936331136,0.0,0.0,1.0,0,0,14270,730,0.04130439509513832,730000,48.666666666666664,0.6950000000000001,0.0,RandomForest
0.9513333333333334,0.5,0.0,0.0,0.0,0.7828664407560646,0.23649114936331136,0.23649114936331136,0.0,0.0,1.0,0,0,14270,730,0.04130439509513832,730000,48.666666666666664,0.7050000000000001,0.0,RandomForest
0.9513333333333334,0.5,0.0,0.0,0.0,0.7828664407560646,0.23649114936331136,0.23649114936331136,0.0,0.0,1.0,0,0,14270,730,0.04130439509513832,730000,48.666666666666664,0.715,0.0,RandomForest
0.9513333333333334,0.5,0.0,0.0,0.0,0.7828664407560646,0.23649114936331136,0.23649114936331136,0.0,0.0,1.0,0,0,14270,730,0.04130439509513832,730000,48.666666666666664,0.725,0.0,RandomForest
0.9513333333333334,0.5,0.0,0.0,0.0,0.7828664407560646,0.23649114936331136,0.23649114936331136,0.0,0.0,1.0,0,0,14270,730,0.04130439509513832,730000,48.666666666666664,0.735,0.0,RandomForest
0.9513333333333334,0.5,0.0,0.0,0.0,0.7828664407560646,0.23649114936331136,0.23649114936331136,0.0,0.0,1.0,0,0,14270,730,0.04130439509513832,730000,48.666666666666664,0.745,0.0,RandomForest
0.9513333333333334,0.5,0.0,0.0,0.0,0.7828664407560646,0.23649114936331136,0.23649114936331136,0.0,0.0,1.0,0,0,14270,730,0.04130439509513832,730000,48.666666666666664,0.755,0.0,RandomForest
0.9513333333333334,0.5,0.0,0.0,0.0,0.7828664407560646,0.23649114936331136,0.23649114936331136,0.0,0.0,1.0,0,0,14270,730,0.04130439509513832,730000,48.666666666666664,0.765,0.0,RandomForest
0.9513333333333334,0.5,0.0,0.0,0.0,0.7828664407560646,0.23649114936331136,0.23649114936331136,0.0,0.0,1.0,0,0,14270,730,0.04130439509513832,730000,48.666666666666664,0.775,0.0,RandomForest
0.9513333333333334,0.5,0.0,0.0,0.0,0.7828664407560646,0.23649114936331136,0.23649114936331136,0.0,0.0,1.0,0,0,14270,730,0.04130439509513832,730000,48.666666666666664,0.785,0.0,RandomForest
0.9513333333333334,0.5,0.0,0.0,0.0,0.7828664407560646,0.23649114936331136,0.23649114936331136,0.0,0.0,1.0,0,0,14270,730,0.04130439509513832,730000,48.666666666666664,0.795,0.0,RandomForest
0.9513333333333334,0.5,0.0,0.0,0.0,0.7828664407560646,0.23649114936331136,0.23649114936331136,0.0,0.0,1.0,0,0,14270,730,0.04130439509513832,730000,48.666666666666664,0.805,0.0,RandomForest
0.9513333333333334,0.5,0.0,0.0,0.0,0.7828664407560646,0.23649114936331136,0.23649114936331136,0.0,0.0,1.0,0,0,14270,730,0.04130439509513832,730000,48.666666666666664,0.8150000000000001,0.0,RandomForest
0.9513333333333334,0.5,0.0,0.0,0.0,0.7828664407560646,0.23649114936331136,0.23649114936331136,0.0,0.0,1.0,0,0,14270,730,0.04130439509513832,730000,48.666666666666664,0.8250000000000001,0.0,RandomForest
0.9513333333333334,0.5,0.0,0.0,0.0,0.7828664407560646,0.23649114936331136,0.23649114936331136,0.0,0.0,1.0,0,0,14270,730,0.04130439509513832,730000,48.666666666666664,0.8350000000000001,0.0,RandomForest
0.9513333333333334,0.5,0.0,0.0,0.0,0.7828664407560646,0.23649114936331136,0.23649114936331136,0.0,0.0,1.0,0,0,14270,730,0.04130439509513832,730000,48.666666666666664,0.845,0.0,RandomForest
0.9513333333333334,0.5,0.0,0.0,0.0,0.7828664407560646,0.23649114936331136,0.23649114936331136,0.0,0.0,1.0,0,0,14270,730,0.04130439509513832,730000,48.666666666666664,0.855,0.0,RandomForest
0.9513333333333334,0.5,0.0,0.0,0.0,0.7828664407560646,0.23649114936331136,0.23649114936331136,0.0,0.0,1.0,0,0,14270,730,0.04130439509513832,730000,48.666666666666664,0.865,0.0,RandomForest
0.9513333333333334,0.5,0.0,0.0,0.0,0.7828664407560646,0.23649114936331136,0.23649114936331136,0.0,0.0,1.0,0,0,14270,730,0.04130439509513832,730000,48.666666666666664,0.875,0.0,RandomForest
0.9513333333333334,0.5,0.0,0.0,0.0,0.7828664407560646,0.23649114936331136,0.23649114936331136,0.0,0.0,1.0,0,0,14270,730,0.04130439509513832,730000,48.666666666666664,0.885,0.0,RandomForest
0.9513333333333334,0.5,0.0,0.0,0.0,0.7828664407560646,0.23649114936331136,0.23649114936331136,0.0,0.0,1.0,0,0,14270,730,0.04130439509513832,730000,48.666666666666664,0.895,0.0,RandomForest
0.9513333333333334,0.5,0.0,0.0,0.0,0.7828664407560646,0.23649114936331136,0.23649114936331136,0.0,0.0,1.0,0,0,14270,730,0.04130439509513832,730000,48.666666666666664,0.905,0.0,RandomForest
0.9513333333333334,0.5,0.0,0.0,0.0,0.7828664407560646,0.23649114936331136,0.23649114936331136,0.0,0.0,1.0,0,0,14270,730,0.04130439509513832,730000,48.666666666666664,0.915,0.0,RandomForest
0.9513333333333334,0.5,0.0,0.0,0.0,0.7828664407560646,0.23649114936331136,0.23649114936331136,0.0,0.0,1.0,0,0,14270,730,0.04130439509513832,730000,48.666666666666664,0.925,0.0,RandomForest
0.9513333333333334,0.5,0.0,0.0,0.0,0.7828664407560646,0.23649114936331136,0.23649114936331136,0.0,0.0,1.0,0,0,14270,730,0.04130439509513832,730000,48.666666666666664,0.935,0.0,RandomForest
0.9513333333333334,0.5,0.0,0.0,0.0,0.7828664407560646,0.23649114936331136,0.23649114936331136,0.0,0.0,1.0,0,0,14270,730,0.04130439509513832,730000,48.666666666666664,0.9450000000000001,0.0,RandomForest
0.9513333333333334,0.5,0.0,0.0,0.0,0.7828664407560646,0.23649114936331136,0.23649114936331136,0.0,0.0,1.0,0,0,14270,730,0.04130439509513832,730000,48.666666666666664,0.9550000000000001,0.0,RandomForest
0.9513333333333334,0.5,0.0,0.0,0.0,0.7828664407560646,0.23649114936331136,0.23649114936331136,0.0,0.0,1.0,0,0,14270,730,0.04130439509513832,730000,48.666666666666664,0.965,0.0,RandomForest
0.9513333333333334,0.5,0.0,0.0,0.0,0.7828664407560646,0.23649114936331136,0.23649114936331136,0.0,0.0,1.0,0,0,14270,730,0.04130439509513832,730000,48.666666666666664,0.975,0.0,RandomForest
0.9513333333333334,0.5,0.0,0.0,0.0,0.7828664407560646,0.23649114936331136,0.23649114936331136,0.0,0.0,1.0,0,0,14270,730,0.04130439509513832,730000,48.666666666666664,0.985,0.0,RandomForest
0.9513333333333334,0.5,0.0,0.0,0.0,0.7828664407560646,0.23649114936331136,0.23649114936331136,0.0,0.0,1.0,0,0,14270,730,0.04130439509513832,730000,48.666666666666664,0.995,0.0,RandomForest
0.9513333333333334,0.5,0.0,0.0,0.0,0.7828664407560646,0.23649114936331136,0.23649114936331136,0.0,0.0,1.0,0,0,14270,730,0.04130439509513832,730000,48.666666666666664,1.000001,0.0,RandomForest
0.048666666666666664,0.5,0.048666666666666664,1.0,0.09281627463445645,0.7811989421240078,0.23201106751654635,0.23201106751654635,0.0,1.0,0.0,730,14270,0,0,0.04063977509184846,285400,19.026666666666667,0.0,1.0,HistGradientBoosting
0.055933333333333335,0.5038192011212334,0.049022899738096835,1.0,0.0934639267652519,0.7811989421240078,0.23201106751654635,0.23201106751654635,0.0193508818220695,0.9923615977575333,0.0,730,14161,109,0,0.04063977509184846,283220,18.881333333333334,0.005,0.9927333333333334,HistGradientBoosting
0.055933333333333335,0.5038192011212334,0.049022899738096835,1.0,0.0934639267652519,0.7811989421240078,0.23201106751654635,0.23201106751654635,0.0193508818220695,0.9923615977575333,0.0,730,14161,109,0,0.04063977509184846,283220,18.881333333333334,0.007766990291262136,0.9927333333333334,HistGradientBoosting
0.08866666666666667,0.5158239817223603,0.050194660734149056,0.989041095890411,0.09554055842265449,0.7811989421240078,0.23201106751654635,0.23201106751654635,0.03431539415139227,0.9573931324456902,0.010958904109589041,722,13662,608,8,0.04063977509184846,281240,18.749333333333333,0.0106951871657754,0.9589333333333333,HistGradientBoosting
0.1004,0.520690979255263,0.05068994649394537,0.9863013698630136,0.09642426677380475,0.7811989421240078,0.23201106751654635,0.23201106751654635,0.039721221180604206,0.9449194113524877,0.0136986301369863,720,13484,786,10,0.04063977509184846,279680,18.645333333333333,0.010948905109489052,0.9469333333333333,HistGradientBoosting
0.207,0.5663193211162416,0.05599300087489064,0.9643835616438357,0.10584078779222733,0.7811989421240078,0.23201106751654635,0.23201106751654635,0.07749775792921858,0.8317449194113525,0.03561643835616438,704,11869,2401,26,0.04063977509184846,263380,17.558666666666667,0.014285714285714285,0.8382,HistGradientBoosting
0.21173333333333333,0.5688070576264027,0.05631099024156135,0.9643835616438357,0.10640870616686822,0.7811989421240078,0.23201106751654635,0.23201106751654635,0.07947864138459365,0.8267694463910301,0.03561643835616438,704,11798,2472,26,0.04063977509184846,261960,17.464,0.014994232987312572,0.8334666666666667,HistGradientBoosting
0.31933333333333336,0.604562690192088,0.06208425720620843,0.9205479452054794,0.1163233512203566,0.7811989421240078,0.23201106751654635,0.23201106751654635,0.10039359905947647,0.7114225648213034,0.07945205479452055,672,10152,4118,58,0.04063977509184846,261040,17.402666666666665,0.015,0.7216,HistGradientBoosting
0.31933333333333336,0.604562690192088,0.06208425720620843,0.9205479452054794,0.1163233512203566,0.7811989421240078,0.23201106751654635,0.23201106751654635,0.10039359905947647,0.7114225648213034,0.07945205479452055,672,10152,4118,58,0.04063977509184846,261040,17.402666666666665,0.020522388059701493,0.7216,HistGradientBoosting
0.3485333333333333,0.6134106421172879,0.06386262782172487,0.9068493150684932,0.11932227829848593,0.7811989421240078,0.23201106751654635,0.23201106751654635,0.10562667396250537,0.6800280308339173,0.09315068493150686,662,9704,4566,68,0.04063977509184846,262080,17.472,0.025,0.6910666666666667,HistGradientBoosting
0.3485333333333333,0.6134106421172879,0.06386262782172487,0.9068493150684932,0.11932227829848593,0.7811989421240078,0.23201106751654635,0.23201106751654635,0.10562667396250537,0.6800280308339173,0.09315068493150686,662,9704,4566,68,0.04063977509184846,262080,17.472,0.02668832675794848,0.6910666666666667,HistGradientBoosting
0.6108,0.6836633996025765,0.08965295629820051,0.7643835616438356,0.16048317515099222,0.7811989421240078,0.23201106751654635,0.23201106751654635,0.16041424509027521,0.39705676243868254,0.2356164383561644,558,5666,8604,172,0.04063977509184846,285320,19.021333333333335,0.031249999999999997,0.4149333333333333,HistGradientBoosting
0.7024666666666667,0.7097450346065604,0.109600501987032,0.7178082191780822,0.1901651242968608,0.7811989421240078,0.23201106751654635,0.23201106751654635,0.1937008512143707,0.2983181499649615,0.2821917808219178,524,4257,10013,206,0.04063977509184846,291140,19.409333333333333,0.032894736842105254,0.3187333333333333,HistGradientBoosting
0.7590666666666667,0.7199959681677242,0.12758264462809918,0.6767123287671233,0.21468926553672318,0.7811989421240078,0.23201106751654635,0.23201106751654635,0.21634252845362387,0.23672039243167484,0.3232876712328767,494,3378,10892,236,0.04063977509184846,303560,20.237333333333332,0.034999999999999996,0.2581333333333333,HistGradientBoosting
0.7590666666666667,0.7199959681677242,0.12758264462809918,0.6767123287671233,0.21468926553672318,0.7811989421240078,0.23201106751654635,0.23201106751654635,0.21634252845362387,0.23672039243167484,0.3232876712328767,494,3378,10892,236,0.04063977509184846,303560,20.237333333333332,0.04161073825503356,0.2581333333333333,HistGradientBoosting
0.8076,0.7260072380988951,0.1504539559014267,0.6356164383561644,0.24331410592553748,0.7811989421240078,0.23201106751654635,0.23201106751654635,0.24065967639532534,0.1836019621583742,0.3643835616438356,464,2620,11650,266,0.04063977509184846,318400,21.226666666666667,0.04187192118226601,0.2056,HistGradientBoosting
0.8344666666666667,0.7264800184312332,0.16786661614247822,0.6068493150684932,0.26298604927278124,0.7811989421240078,0.23201106751654635,0.23201106751654635,0.25596866633408877,0.15388927820602663,0.39315068493150684,443,2196,12074,287,0.04063977509184846,330920,22.061333333333334,0.045,0.17593333333333333,HistGradientBoosting
0.8345333333333333,0.7265150569736298,0.16793025018953753,0.6068493150684932,0.26306413301662707,0.7811989421240078,0.23201106751654635,0.23201106751654635,0.2560464288003511,0.15381920112123335,0.39315068493150684,443,2195,12075,287,0.04063977509184846,330900,22.06,0.055,0.17586666666666667,HistGradientBoosting
0.8345333333333333,0.7265150569736298,0.16793025018953753,0.6068493150684932,0.26306413301662707,0.7811989421240078,0.23201106751654635,0.23201106751654635,0.2560464288003511,0.15381920112123335,0.39315068493150684,443,2195,12075,287,0.04063977509184846,330900,22.06,0.06060606060606061,0.17586666666666667,HistGradientBoosting
0.8366666666666667,0.7269863973658696,0.16973886328725038,0.6054794520547945,0.26514697060587883,0.7811989421240078,0.23201106751654635,0.23201106751654635,0.2578944348485314,0.15150665732305535,0.39452054794520547,442,2162,12108,288,0.04063977509184846,331240,22.082666666666668,0.065,0.1736,HistGradientBoosting
0.8366666666666667,0.7269863973658696,0.16973886328725038,0.6054794520547945,0.26514697060587883,0.7811989421240078,0.23201106751654635,0.23201106751654635,0.2578944348485314,0.15150665732305535,0.39452054794520547,442,2162,12108,288,0.04063977509184846,331240,22.082666666666668,0.07500000000000001,0.1736,HistGradientBoosting
0.8402,0.7268937612195333,0.1724950884086444,0.6013698630136987,0.2680916030534351,0.7811989421240078,0.23201106751654635,0.23201106751654635,0.2601418398652026,0.1475823405746321,0.39863013698630134,439,2106,12164,291,0.04063977509184846,333120,22.208,0.08157894736842106,0.16966666666666666,HistGradientBoosting
0.8610666666666666,0.7255128586650795,0.19143117593436645,0.5753424657534246,0.2872777017783858,0.7811989421240078,0.23201106751654635,0.23201106751654635,0.2746310656892768,0.1243167484232656,0.4246575342465753,420,1774,12496,310,0.04063977509184846,345480,23.032,0.085,0.14626666666666666,HistGradientBoosting
0.8610666666666666,0.7255128586650795,0.19143117593436645,0.5753424657534246,0.2872777017783858,0.7811989421240078,0.23201106751654635,0.23201106751654635,0.2746310656892768,0.1243167484232656,0.4246575342465753,420,1774,12496,310,0.04063977509184846,345480,23.032,0.095,0.14626666666666666,HistGradientBoosting
0.8610666666666666,0.7255128586650795,0.19143117593436645,0.5753424657534246,0.2872777017783858,0.7811989421240078,0.23201106751654635,0.23201106751654635,0.2746310656892768,0.1243167484232656,0.4246575342465753,420,1774,12496,310,0.04063977509184846,345480,23.032,0.09503239740820735,0.14626666666666666,HistGradientBoosting
0.8868666666666667,0.7111273771011126,0.21905868680999419,0.5164383561643836,0.30762953896368833,0.7811989421240078,0.23201106751654635,0.23201106751654635,0.2850853130593794,0.09418360196215837,0.48356164383561645,377,1344,12926,353,0.04063977509184846,379880,25.325333333333333,0.096,0.11473333333333334,HistGradientBoosting
0.8950666666666667,0.7102379741002773,0.23324905183312264,0.5054794520547945,0.31920415224913495,0.7811989421240078,0.23201106751654635,0.23201106751654635,0.2945557071956173,0.08500350385423966,0.4945205479452055,369,1213,13057,361,0.04063977509184846,385260,25.684,0.10500000000000001,0.10546666666666667,HistGradientBoosting
0.8950666666666667,0.7102379741002773,0.23324905183312264,0.5054794520547945,0.31920415224913495,0.7811989421240078,0.23201106751654635,0.23201106751654635,0.2945557071956173,0.08500350385423966,0.4945205479452055,369,1213,13057,361,0.04063977509184846,385260,25.684,0.115,0.10546666666666667,HistGradientBoosting
0.8950666666666667,0.7102379741002773,0.23324905183312264,0.5054794520547945,0.31920415224913495,0.7811989421240078,0.23201106751654635,0.23201106751654635,0.2945557071956173,0.08500350385423966,0.4945205479452055,369,1213,13057,361,0.04063977509184846,385260,25.684,0.11587982832618025,0.10546666666666667,HistGradientBoosting
0.9088,0.7005586967582149,0.2590634441087613,0.46986301369863015,0.3339824732229795,0.7811989421240078,0.23201106751654635,0.23201106751654635,0.30424354485261756,0.06874562018220041,0.5301369863013699,343,981,13289,387,0.04063977509184846,406620,27.108,0.125,0.08826666666666666,HistGradientBoosting
0.9088,0.7005586967582149,0.2590634441087613,0.46986301369863015,0.3339824732229795,0.7811989421240078,0.23201106751654635,0.23201106751654635,0.30424354485261756,0.06874562018220041,0.5301369863013699,343,981,13289,387,0.04063977509184846,406620,27.108,0.12631578947368421,0.08826666666666666,HistGradientBoosting
0.9133333333333333,0.6944927091033013,0.2682926829268293,0.4520547945205479,0.336734693877551,0.7811989421240078,0.23201106751654635,0.23201106751654635,0.3050613670611421,0.06306937631394534,0.547945205479452,330,900,13370,400,0.04063977509184846,418000,27.866666666666667,0.135,0.082,HistGradientBoosting
0.9133333333333333,0.6944927091033013,0.2682926829268293,0.4520547945205479,0.336734693877551,0.7811989421240078,0.23201106751654635,0.23201106751654635,0.3050613670611421,0.06306937631394534,0.547945205479452,330,900,13370,400,0.04063977509184846,418000,27.866666666666667,0.1360544217687075,0.082,HistGradientBoosting
0.9224,0.6823607337934742,0.29174664107485604,0.41643835616438357,0.34311512415349893,0.7811989421240078,0.23201106751654635,0.23201106751654635,0.3086663503308579,0.05171688857743518,0.5835616438356165,304,738,13532,426,0.04063977509184846,440760,29.384,0.14500000000000002,0.06946666666666666,HistGradientBoosting
0.9224,0.6823607337934742,0.29174664107485604,0.41643835616438357,0.34311512415349893,0.7811989421240078,0.23201106751654635,0.23201106751654635,0.3086663503308579,0.05171688857743518,0.5835616438356165,304,738,13532,426,0.04063977509184846,440760,29.384,0.155,0.06946666666666666,HistGradientBoosting
0.9224,0.6823607337934742,0.29174664107485604,0.41643835616438357,0.34311512415349893,0.7811989421240078,0.23201106751654635,0.23201106751654635,0.3086663503308579,0.05171688857743518,0.5835616438356165,304,738,13532,426,0.04063977509184846,440760,29.384,0.165,0.06946666666666666,HistGradientBoosting
0.9224,0.6823607337934742,0.29174664107485604,0.41643835616438357,0.34311512415349893,0.7811989421240078,0.23201106751654635,0.23201106751654635,0.3086663503308579,0.05171688857743518,0.5835616438356165,304,738,13532,426,0.04063977509184846,440760,29.384,0.17500000000000002,0.06946666666666666,HistGradientBoosting
0.9224,0.6823607337934742,0.29174664107485604,0.41643835616438357,0.34311512415349893,0.7811989421240078,0.23201106751654635,0.23201106751654635,0.3086663503308579,0.05171688857743518,0.5835616438356165,304,738,13532,426,0.04063977509184846,440760,29.384,0.185,0.06946666666666666,HistGradientBoosting
0.9224,0.6823607337934742,0.29174664107485604,0.41643835616438357,0.34311512415349893,0.7811989421240078,0.23201106751654635,0.23201106751654635,0.3086663503308579,0.05171688857743518,0.5835616438356165,304,738,13532,426,0.04063977509184846,440760,29.384,0.195,0.06946666666666666,HistGradientBoosting
0.9224,0.6823607337934742,0.29174664107485604,0.41643835616438357,0.34311512415349893,0.7811989421240078,0.23201106751654635,0.23201106751654635,0.3086663503308579,0.05171688857743518,0.5835616438356165,304,738,13532,426,0.04063977509184846,440760,29.384,0.20224719101123595,0.06946666666666666,HistGradientBoosting
0.9414,0.6468542108648281,0.37925445705024313,0.32054794520547947,0.3474387527839644,0.7811989421240078,0.23201106751654635,0.23201106751654635,0.3182163528901949,0.026839523475823406,0.6794520547945205,234,383,13887,496,0.04063977509184846,503660,33.577333333333335,0.20500000000000002,0.041133333333333334,HistGradientBoosting
0.9414666666666667,0.6468892494072247,0.37987012987012986,0.32054794520547947,0.34769687964338786,0.7811989421240078,0.23201106751654635,0.23201106751654635,0.31853945349851004,0.026769446391030134,0.6794520547945205,234,382,13888,496,0.04063977509184846,503640,33.576,0.215,0.04106666666666667,HistGradientBoosting
0.9415333333333333,0.6469242879496213,0.3804878048780488,0.32054794520547947,0.3479553903345725,0.7811989421240078,0.23201106751654635,0.23201106751654635,0.31886328495266325,0.02669936930623686,0.6794520547945205,234,381,13889,496,0.04063977509184846,503620,33.574666666666666,0.225,0.041,HistGradientBoosting
0.9415333333333333,0.6469242879496213,0.3804878048780488,0.32054794520547947,0.3479553903345725,0.7811989421240078,0.23201106751654635,0.23201106751654635,0.31886328495266325,0.02669936930623686,0.6794520547945205,234,381,13889,496,0.04063977509184846,503620,33.574666666666666,0.23500000000000001,0.041,HistGradientBoosting
0.9415333333333333,0.6469242879496213,0.3804878048780488,0.32054794520547947,0.3479553903345725,0.7811989421240078,0.23201106751654635,0.23201106751654635,0.31886328495266325,0.02669936930623686,0.6794520547945205,234,381,13889,496,0.04063977509184846,503620,33.574666666666666,0.245,0.041,HistGradientBoosting
0.9416,0.6469593264920179,0.3811074918566775,0.32054794520547947,0.3482142857142857,0.7811989421240078,0.23201106751654635,0.23201106751654635,0.3191878501916121,0.026629292221443588,0.6794520547945205,234,380,13890,496,0.04063977509184846,503600,33.57333333333333,0.255,0.040933333333333335,HistGradientBoosting
0.9416,0.6469593264920179,0.3811074918566775,0.32054794520547947,0.3482142857142857,0.7811989421240078,0.23201106751654635,0.23201106751654635,0.3191878501916121,0.026629292221443588,0.6794520547945205,234,380,13890,496,0.04063977509184846,503600,33.57333333333333,0.265,0.040933333333333335,HistGradientBoosting
0.9416,0.6469593264920179,0.3811074918566775,0.32054794520547947,0.3482142857142857,0.7811989421240078,0.23201106751654635,0.23201106751654635,0.3191878501916121,0.026629292221443588,0.6794520547945205,234,380,13890,496,0.04063977509184846,503600,33.57333333333333,0.275,0.040933333333333335,HistGradientBoosting
0.9416,0.6469593264920179,0.3811074918566775,0.32054794520547947,0.3482142857142857,0.7811989421240078,0.23201106751654635,0.23201106751654635,0.3191878501916121,0.026629292221443588,0.6794520547945205,234,380,13890,496,0.04063977509184846,503600,33.57333333333333,0.28500000000000003,0.040933333333333335,HistGradientBoosting
0.9416,0.6469593264920179,0.3811074918566775,0.32054794520547947,0.3482142857142857,0.7811989421240078,0.23201106751654635,0.23201106751654635,0.3191878501916121,0.026629292221443588,0.6794520547945205,234,380,13890,496,0.04063977509184846,503600,33.57333333333333,0.295,0.040933333333333335,HistGradientBoosting
0.9416,0.6469593264920179,0.3811074918566775,0.32054794520547947,0.3482142857142857,0.7811989421240078,0.23201106751654635,0.23201106751654635,0.3191878501916121,0.026629292221443588,0.6794520547945205,234,380,13890,496,0.04063977509184846,503600,33.57333333333333,0.305,0.040933333333333335,HistGradientBoosting
0.9416,0.6469593264920179,0.3811074918566775,0.32054794520547947,0.3482142857142857,0.7811989421240078,0.23201106751654635,0.23201106751654635,0.3191878501916121,0.026629292221443588,0.6794520547945205,234,380,13890,496,0.04063977509184846,503600,33.57333333333333,0.315,0.040933333333333335,HistGradientBoosting
0.9424666666666667,0.6422156838275528,0.38632478632478634,0.3095890410958904,0.34372623574144484,0.7811989421240078,0.23201106751654635,0.23201106751654635,0.3161299551899139,0.025157673440784862,0.6904109589041096,226,359,13911,504,0.04063977509184846,511180,34.07866666666666,0.325,0.039,HistGradientBoosting
0.9425333333333333,0.6422507223699494,0.386986301369863,0.3095890410958904,0.3439878234398782,0.7811989421240078,0.23201106751654635,0.23201106751654635,0.31646747531748726,0.02508759635599159,0.6904109589041096,226,358,13912,504,0.04063977509184846,511160,34.077333333333335,0.335,0.038933333333333334,HistGradientBoosting
0.9425333333333333,0.6422507223699494,0.386986301369863,0.3095890410958904,0.3439878234398782,0.7811989421240078,0.23201106751654635,0.23201106751654635,0.31646747531748726,0.02508759635599159,0.6904109589041096,226,358,13912,504,0.04063977509184846,511160,34.077333333333335,0.3407960199004975,0.038933333333333334,HistGradientBoosting
0.9510666666666666,0.5245557784796152,0.475,0.052054794520547946,0.09382716049382717,0.7811989421240078,0.23201106751654635,0.23201106751654635,0.1450867371974727,0.002943237561317449,0.947945205479452,38,42,14228,692,0.04063977509184846,692840,46.18933333333333,0.34500000000000003,0.005333333333333333,HistGradientBoosting
0.9511333333333334,0.5245908170220118,0.4810126582278481,0.052054794520547946,0.09394313967861558,0.7811989421240078,0.23201106751654635,0.23201106751654635,0.14620555028961632,0.0028731604765241765,0.947945205479452,38,41,14229,692,0.04063977509184846,692820,46.188,0.35500000000000004,0.005266666666666667,HistGradientBoosting
0.9511333333333334,0.5239409240575592,0.4805194805194805,0.050684931506849315,0.09169764560099133,0.7811989421240078,0.23201106751654635,0.23201106751654635,0.1441686690907921,0.002803083391730904,0.9493150684931507,37,40,14230,693,0.04063977509184846,693800,46.25333333333333,0.365,0.0051333333333333335,HistGradientBoosting
0.9511333333333334,0.5239409240575592,0.4805194805194805,0.050684931506849315,0.09169764560099133,0.7811989421240078,0.23201106751654635,0.23201106751654635,0.1441686690907921,0.002803083391730904,0.9493150684931507,37,40,14230,693,0.04063977509184846,693800,46.25333333333333,0.375,0.0051333333333333335,HistGradientBoosting
0.9511333333333334,0.5239409240575592,0.4805194805194805,0.050684931506849315,0.09169764560099133,0.7811989421240078,0.23201106751654635,0.23201106751654635,0.1441686690907921,0.002803083391730904,0.9493150684931507,37,40,14230,693,0.04063977509184846,693800,46.25333333333333,0.385,0.0051333333333333335,HistGradientBoosting
0.9511333333333334,0.5239409240575592,0.4805194805194805,0.050684931506849315,0.09169764560099133,0.7811989421240078,0.23201106751654635,0.23201106751654635,0.1441686690907921,0.002803083391730904,0.9493150684931507,37,40,14230,693,0.04063977509184846,693800,46.25333333333333,0.395,0.0051333333333333335,HistGradientBoosting
0.9512,0.5161772470265237,0.4807692307692308,0.03424657534246575,0.0639386189258312,0.7811989421240078,0.23201106751654635,0.23201106751654635,0.11844447658380447,0.0018920812894183603,0.9657534246575342,25,27,14243,705,0.04063977509184846,705540,47.036,0.405,0.0034666666666666665,HistGradientBoosting
0.9512666666666667,0.5064638911021302,0.47619047619047616,0.0136986301369863,0.02663115845539281,0.7811989421240078,0.23201106751654635,0.23201106751654635,0.07439545183150631,0.0007708479327259986,0.9863013698630136,10,11,14259,720,0.04063977509184846,720220,48.01466666666666,0.41500000000000004,0.0014,HistGradientBoosting
0.9512666666666667,0.5064638911021302,0.47619047619047616,0.0136986301369863,0.02663115845539281,0.7811989421240078,0.23201106751654635,0.23201106751654635,0.07439545183150631,0.0007708479327259986,0.9863013698630136,10,11,14259,720,0.04063977509184846,720220,48.01466666666666,0.425,0.0014,HistGradientBoosting
0.9512666666666667,0.5064638911021302,0.47619047619047616,0.0136986301369863,0.02663115845539281,0.7811989421240078,0.23201106751654635,0.23201106751654635,0.07439545183150631,0.0007708479327259986,0.9863013698630136,10,11,14259,720,0.04063977509184846,720220,48.01466666666666,0.435,0.0014,HistGradientBoosting
0.9512666666666667,0.5064638911021302,0.47619047619047616,0.0136986301369863,0.02663115845539281,0.7811989421240078,0.23201106751654635,0.23201106751654635,0.07439545183150631,0.0007708479327259986,0.9863013698630136,10,11,14259,720,0.04063977509184846,720220,48.01466666666666,0.445,0.0014,HistGradientBoosting
0.9512666666666667,0.5064638911021302,0.47619047619047616,0.0136986301369863,0.02663115845539281,0.7811989421240078,0.23201106751654635,0.23201106751654635,0.07439545183150631,0.0007708479327259986,0.9863013698630136,10,11,14259,720,0.04063977509184846,720220,48.01466666666666,0.455,0.0014,HistGradientBoosting
0.9512666666666667,0.5064638911021302,0.47619047619047616,0.0136986301369863,0.02663115845539281,0.7811989421240078,0.23201106751654635,0.23201106751654635,0.07439545183150631,0.0007708479327259986,0.9863013698630136,10,11,14259,720,0.04063977509184846,720220,48.01466666666666,0.465,0.0014,HistGradientBoosting
0.9512666666666667,0.5064638911021302,0.47619047619047616,0.0136986301369863,0.02663115845539281,0.7811989421240078,0.23201106751654635,0.23201106751654635,0.07439545183150631,0.0007708479327259986,0.9863013698630136,10,11,14259,720,0.04063977509184846,720220,48.01466666666666,0.47500000000000003,0.0014,HistGradientBoosting
0.9512666666666667,0.5064638911021302,0.47619047619047616,0.0136986301369863,0.02663115845539281,0.7811989421240078,0.23201106751654635,0.23201106751654635,0.07439545183150631,0.0007708479327259986,0.9863013698630136,10,11,14259,720,0.04063977509184846,720220,48.01466666666666,0.485,0.0014,HistGradientBoosting
0.9512666666666667,0.5064638911021302,0.47619047619047616,0.0136986301369863,0.02663115845539281,0.7811989421240078,0.23201106751654635,0.23201106751654635,0.07439545183150631,0.0007708479327259986,0.9863013698630136,10,11,14259,720,0.04063977509184846,720220,48.01466666666666,0.495,0.0014,HistGradientBoosting
0.9512666666666667,0.5064638911021302,0.47619047619047616,0.0136986301369863,0.02663115845539281,0.7811989421240078,0.23201106751654635,0.23201106751654635,0.07439545183150631,0.0007708479327259986,0.9863013698630136,10,11,14259,720,0.04063977509184846,720220,48.01466666666666,0.505,0.0014,HistGradientBoosting
0.9512666666666667,0.5064638911021302,0.47619047619047616,0.0136986301369863,0.02663115845539281,0.7811989421240078,0.23201106751654635,0.23201106751654635,0.07439545183150631,0.0007708479327259986,0.9863013698630136,10,11,14259,720,0.04063977509184846,720220,48.01466666666666,0.515,0.0014,HistGradientBoosting
0.9512666666666667,0.5064638911021302,0.47619047619047616,0.0136986301369863,0.02663115845539281,0.7811989421240078,0.23201106751654635,0.23201106751654635,0.07439545183150631,0.0007708479327259986,0.9863013698630136,10,11,14259,720,0.04063977509184846,720220,48.01466666666666,0.525,0.0014,HistGradientBoosting
0.9512666666666667,0.5064638911021302,0.47619047619047616,0.0136986301369863,0.02663115845539281,0.7811989421240078,0.23201106751654635,0.23201106751654635,0.07439545183150631,0.0007708479327259986,0.9863013698630136,10,11,14259,720,0.04063977509184846,720220,48.01466666666666,0.535,0.0014,HistGradientBoosting
0.9512666666666667,0.5064638911021302,0.47619047619047616,0.0136986301369863,0.02663115845539281,0.7811989421240078,0.23201106751654635,0.23201106751654635,0.07439545183150631,0.0007708479327259986,0.9863013698630136,10,11,14259,720,0.04063977509184846,720220,48.01466666666666,0.545,0.0014,HistGradientBoosting
0.9512666666666667,0.5064638911021302,0.47619047619047616,0.0136986301369863,0.02663115845539281,0.7811989421240078,0.23201106751654635,0.23201106751654635,0.07439545183150631,0.0007708479327259986,0.9863013698630136,10,11,14259,720,0.04063977509184846,720220,48.01466666666666,0.555,0.0014,HistGradientBoosting
0.9512666666666667,0.5064638911021302,0.47619047619047616,0.0136986301369863,0.02663115845539281,0.7811989421240078,0.23201106751654635,0.23201106751654635,0.07439545183150631,0.0007708479327259986,0.9863013698630136,10,11,14259,720,0.04063977509184846,720220,48.01466666666666,0.5650000000000001,0.0014,HistGradientBoosting
0.9512666666666667,0.5064638911021302,0.47619047619047616,0.0136986301369863,0.02663115845539281,0.7811989421240078,0.23201106751654635,0.23201106751654635,0.07439545183150631,0.0007708479327259986,0.9863013698630136,10,11,14259,720,0.04063977509184846,720220,48.01466666666666,0.5750000000000001,0.0014,HistGradientBoosting
0.9512666666666667,0.5064638911021302,0.47619047619047616,0.0136986301369863,0.02663115845539281,0.7811989421240078,0.23201106751654635,0.23201106751654635,0.07439545183150631,0.0007708479327259986,0.9863013698630136,10,11,14259,720,0.04063977509184846,720220,48.01466666666666,0.585,0.0014,HistGradientBoosting
0.9512666666666667,0.5064638911021302,0.47619047619047616,0.0136986301369863,0.02663115845539281,0.7811989421240078,0.23201106751654635,0.23201106751654635,0.07439545183150631,0.0007708479327259986,0.9863013698630136,10,11,14259,720,0.04063977509184846,720220,48.01466666666666,0.5882352941176471,0.0014,HistGradientBoosting
0.9513333333333334,0.5,0.0,0.0,0.0,0.7811989421240078,0.23201106751654635,0.23201106751654635,0.0,0.0,1.0,0,0,14270,730,0.04063977509184846,730000,48.666666666666664,0.595,0.0,HistGradientBoosting
0.9513333333333334,0.5,0.0,0.0,0.0,0.7811989421240078,0.23201106751654635,0.23201106751654635,0.0,0.0,1.0,0,0,14270,730,0.04063977509184846,730000,48.666666666666664,0.605,0.0,HistGradientBoosting
0.9513333333333334,0.5,0.0,0.0,0.0,0.7811989421240078,0.23201106751654635,0.23201106751654635,0.0,0.0,1.0,0,0,14270,730,0.04063977509184846,730000,48.666666666666664,0.615,0.0,HistGradientBoosting
0.9513333333333334,0.5,0.0,0.0,0.0,0.7811989421240078,0.23201106751654635,0.23201106751654635,0.0,0.0,1.0,0,0,14270,730,0.04063977509184846,730000,48.666666666666664,0.625,0.0,HistGradientBoosting
0.9513333333333334,0.5,0.0,0.0,0.0,0.7811989421240078,0.23201106751654635,0.23201106751654635,0.0,0.0,1.0,0,0,14270,730,0.04063977509184846,730000,48.666666666666664,0.635,0.0,HistGradientBoosting
0.9513333333333334,0.5,0.0,0.0,0.0,0.7811989421240078,0.23201106751654635,0.23201106751654635,0.0,0.0,1.0,0,0,14270,730,0.04063977509184846,730000,48.666666666666664,0.645,0.0,HistGradientBoosting
0.9513333333333334,0.5,0.0,0.0,0.0,0.7811989421240078,0.23201106751654635,0.23201106751654635,0.0,0.0,1.0,0,0,14270,730,0.04063977509184846,730000,48.666666666666664,0.655,0.0,HistGradientBoosting
0.9513333333333334,0.5,0.0,0.0,0.0,0.7811989421240078,0.23201106751654635,0.23201106751654635,0.0,0.0,1.0,0,0,14270,730,0.04063977509184846,730000,48.666666666666664,0.665,0.0,HistGradientBoosting
0.9513333333333334,0.5,0.0,0.0,0.0,0.7811989421240078,0.23201106751654635,0.23201106751654635,0.0,0.0,1.0,0,0,14270,730,0.04063977509184846,730000,48.666666666666664,0.675,0.0,HistGradientBoosting
0.9513333333333334,0.5,0.0,0.0,0.0,0.7811989421240078,0.23201106751654635,0.23201106751654635,0.0,0.0,1.0,0,0,14270,730,0.04063977509184846,730000,48.666666666666664,0.685,0.0,HistGradientBoosting
0.9513333333333334,0.5,0.0,0.0,0.0,0.7811989421240078,0.23201106751654635,0.23201106751654635,0.0,0.0,1.0,0,0,14270,730,0.04063977509184846,730000,48.666666666666664,0.6950000000000001,0.0,HistGradientBoosting
0.9513333333333334,0.5,0.0,0.0,0.0,0.7811989421240078,0.23201106751654635,0.23201106751654635,0.0,0.0,1.0,0,0,14270,730,0.04063977509184846,730000,48.666666666666664,0.7050000000000001,0.0,HistGradientBoosting
0.9513333333333334,0.5,0.0,0.0,0.0,0.7811989421240078,0.23201106751654635,0.23201106751654635,0.0,0.0,1.0,0,0,14270,730,0.04063977509184846,730000,48.666666666666664,0.715,0.0,HistGradientBoosting
0.9513333333333334,0.5,0.0,0.0,0.0,0.7811989421240078,0.23201106751654635,0.23201106751654635,0.0,0.0,1.0,0,0,14270,730,0.04063977509184846,730000,48.666666666666664,0.725,0.0,HistGradientBoosting
0.9513333333333334,0.5,0.0,0.0,0.0,0.7811989421240078,0.23201106751654635,0.23201106751654635,0.0,0.0,1.0,0,0,14270,730,0.04063977509184846,730000,48.666666666666664,0.735,0.0,HistGradientBoosting
0.9513333333333334,0.5,0.0,0.0,0.0,0.7811989421240078,0.23201106751654635,0.23201106751654635,0.0,0.0,1.0,0,0,14270,730,0.04063977509184846,730000,48.666666666666664,0.745,0.0,HistGradientBoosting
0.9513333333333334,0.5,0.0,0.0,0.0,0.7811989421240078,0.23201106751654635,0.23201106751654635,0.0,0.0,1.0,0,0,14270,730,0.04063977509184846,730000,48.666666666666664,0.755,0.0,HistGradientBoosting
0.9513333333333334,0.5,0.0,0.0,0.0,0.7811989421240078,0.23201106751654635,0.23201106751654635,0.0,0.0,1.0,0,0,14270,730,0.04063977509184846,730000,48.666666666666664,0.765,0.0,HistGradientBoosting
0.9513333333333334,0.5,0.0,0.0,0.0,0.7811989421240078,0.23201106751654635,0.23201106751654635,0.0,0.0,1.0,0,0,14270,730,0.04063977509184846,730000,48.666666666666664,0.775,0.0,HistGradientBoosting
0.9513333333333334,0.5,0.0,0.0,0.0,0.7811989421240078,0.23201106751654635,0.23201106751654635,0.0,0.0,1.0,0,0,14270,730,0.04063977509184846,730000,48.666666666666664,0.785,0.0,HistGradientBoosting
0.9513333333333334,0.5,0.0,0.0,0.0,0.7811989421240078,0.23201106751654635,0.23201106751654635,0.0,0.0,1.0,0,0,14270,730,0.04063977509184846,730000,48.666666666666664,0.795,0.0,HistGradientBoosting
0.9513333333333334,0.5,0.0,0.0,0.0,0.7811989421240078,0.23201106751654635,0.23201106751654635,0.0,0.0,1.0,0,0,14270,730,0.04063977509184846,730000,48.666666666666664,0.805,0.0,HistGradientBoosting
0.9513333333333334,0.5,0.0,0.0,0.0,0.7811989421240078,0.23201106751654635,0.23201106751654635,0.0,0.0,1.0,0,0,14270,730,0.04063977509184846,730000,48.666666666666664,0.8150000000000001,0.0,HistGradientBoosting
0.9513333333333334,0.5,0.0,0.0,0.0,0.7811989421240078,0.23201106751654635,0.23201106751654635,0.0,0.0,1.0,0,0,14270,730,0.04063977509184846,730000,48.666666666666664,0.8250000000000001,0.0,HistGradientBoosting
0.9513333333333334,0.5,0.0,0.0,0.0,0.7811989421240078,0.23201106751654635,0.23201106751654635,0.0,0.0,1.0,0,0,14270,730,0.04063977509184846,730000,48.666666666666664,0.8350000000000001,0.0,HistGradientBoosting
0.9513333333333334,0.5,0.0,0.0,0.0,0.7811989421240078,0.23201106751654635,0.23201106751654635,0.0,0.0,1.0,0,0,14270,730,0.04063977509184846,730000,48.666666666666664,0.845,0.0,HistGradientBoosting
0.9513333333333334,0.5,0.0,0.0,0.0,0.7811989421240078,0.23201106751654635,0.23201106751654635,0.0,0.0,1.0,0,0,14270,730,0.04063977509184846,730000,48.666666666666664,0.855,0.0,HistGradientBoosting
0.9513333333333334,0.5,0.0,0.0,0.0,0.7811989421240078,0.23201106751654635,0.23201106751654635,0.0,0.0,1.0,0,0,14270,730,0.04063977509184846,730000,48.666666666666664,0.865,0.0,HistGradientBoosting
0.9513333333333334,0.5,0.0,0.0,0.0,0.7811989421240078,0.23201106751654635,0.23201106751654635,0.0,0.0,1.0,0,0,14270,730,0.04063977509184846,730000,48.666666666666664,0.875,0.0,HistGradientBoosting
0.9513333333333334,0.5,0.0,0.0,0.0,0.7811989421240078,0.23201106751654635,0.23201106751654635,0.0,0.0,1.0,0,0,14270,730,0.04063977509184846,730000,48.666666666666664,0.885,0.0,HistGradientBoosting
0.9513333333333334,0.5,0.0,0.0,0.0,0.7811989421240078,0.23201106751654635,0.23201106751654635,0.0,0.0,1.0,0,0,14270,730,0.04063977509184846,730000,48.666666666666664,0.895,0.0,HistGradientBoosting
0.9513333333333334,0.5,0.0,0.0,0.0,0.7811989421240078,0.23201106751654635,0.23201106751654635,0.0,0.0,1.0,0,0,14270,730,0.04063977509184846,730000,48.666666666666664,0.905,0.0,HistGradientBoosting
0.9513333333333334,0.5,0.0,0.0,0.0,0.7811989421240078,0.23201106751654635,0.23201106751654635,0.0,0.0,1.0,0,0,14270,730,0.04063977509184846,730000,48.666666666666664,0.915,0.0,HistGradientBoosting
0.9513333333333334,0.5,0.0,0.0,0.0,0.7811989421240078,0.23201106751654635,0.23201106751654635,0.0,0.0,1.0,0,0,14270,730,0.04063977509184846,730000,48.666666666666664,0.925,0.0,HistGradientBoosting
0.9513333333333334,0.5,0.0,0.0,0.0,0.7811989421240078,0.23201106751654635,0.23201106751654635,0.0,0.0,1.0,0,0,14270,730,0.04063977509184846,730000,48.666666666666664,0.935,0.0,HistGradientBoosting
0.9513333333333334,0.5,0.0,0.0,0.0,0.7811989421240078,0.23201106751654635,0.23201106751654635,0.0,0.0,1.0,0,0,14270,730,0.04063977509184846,730000,48.666666666666664,0.9450000000000001,0.0,HistGradientBoosting
0.9513333333333334,0.5,0.0,0.0,0.0,0.7811989421240078,0.23201106751654635,0.23201106751654635,0.0,0.0,1.0,0,0,14270,730,0.04063977509184846,730000,48.666666666666664,0.9550000000000001,0.0,HistGradientBoosting
0.9513333333333334,0.5,0.0,0.0,0.0,0.7811989421240078,0.23201106751654635,0.23201106751654635,0.0,0.0,1.0,0,0,14270,730,0.04063977509184846,730000,48.666666666666664,0.965,0.0,HistGradientBoosting
0.9513333333333334,0.5,0.0,0.0,0.0,0.7811989421240078,0.23201106751654635,0.23201106751654635,0.0,0.0,1.0,0,0,14270,730,0.04063977509184846,730000,48.666666666666664,0.975,0.0,HistGradientBoosting
0.9513333333333334,0.5,0.0,0.0,0.0,0.7811989421240078,0.23201106751654635,0.23201106751654635,0.0,0.0,1.0,0,0,14270,730,0.04063977509184846,730000,48.666666666666664,0.985,0.0,HistGradientBoosting
0.9513333333333334,0.5,0.0,0.0,0.0,0.7811989421240078,0.23201106751654635,0.23201106751654635,0.0,0.0,1.0,0,0,14270,730,0.04063977509184846,730000,48.666666666666664,0.995,0.0,HistGradientBoosting
0.9513333333333334,0.5,0.0,0.0,0.0,0.7811989421240078,0.23201106751654635,0.23201106751654635,0.0,0.0,1.0,0,0,14270,730,0.04063977509184846,730000,48.666666666666664,1.000001,0.0,HistGradientBoosting
0.048666666666666664,0.5,0.048666666666666664,1.0,0.09281627463445645,0.7834274414184371,0.2467918195226544,0.2467918195226544,0.0,1.0,0.0,730,14270,0,0,0.04069213196635246,285400,19.026666666666667,0.0,1.0,XGBoost
0.050133333333333335,0.500770847932726,0.048738149285618905,1.0,0.09294626941685764,0.7834274414184371,0.2467918195226544,0.2467918195226544,0.00866829875139412,0.9984583041345481,0.0,730,14248,22,0,0.04069213196635246,284960,18.997333333333334,0.005,0.9985333333333334,XGBoost
0.0588,0.5046759654798361,0.049104135794153306,0.9986301369863013,0.0936055469953775,0.7834274414184371,0.2467918195226544,0.2467918195226544,0.019962255968898633,0.9892782060266293,0.0013698630136986301,729,14117,153,1,0.04069213196635246,283340,18.889333333333333,0.009732360020279884,0.9897333333333334,XGBoost
0.14446666666666666,0.5380024190993655,0.05256931608133087,0.9739726027397261,0.09975447211504736,0.7834274414184371,0.2467918195226544,0.2467918195226544,0.05492246343320841,0.8979677645409951,0.026027397260273973,711,12814,1456,19,0.04069213196635246,275280,18.352,0.012738852761685848,0.9016666666666666,XGBoost
0.14666666666666667,0.5385087980340018,0.05263157894736842,0.9726027397260274,0.09985935302390997,0.7834274414184371,0.2467918195226544,0.2467918195226544,0.05507682886312019,0.8955851436580238,0.0273972602739726,710,12780,1490,20,0.04069213196635246,275600,18.373333333333335,0.012738853693008423,0.8993333333333333,XGBoost
0.18066666666666667,0.5537788827984755,0.054424915201973484,0.9671232876712329,0.10305064954021312,0.7834274414184371,0.2467918195226544,0.2467918195226544,0.06768271054178766,0.8595655220742817,0.03287671232876712,706,12266,2004,24,0.04069213196635246,269320,17.954666666666668,0.012738854624330997,0.8648,XGBoost
0.1832,0.5538105614806424,0.054447022428460945,0.9643835616438357,0.10307467057101025,0.7834274414184371,0.2467918195226544,0.2467918195226544,0.06714079831630664,0.8567624386825508,0.03561643835616438,704,12226,2044,26,0.04069213196635246,270520,18.034666666666666,0.015,0.862,XGBoost
0.1852,0.5548617177525415,0.05457364341085271,0.9643835616438357,0.10330154071900219,0.7834274414184371,0.2467918195226544,0.2467918195226544,0.06804062766469135,0.8546601261387526,0.03561643835616438,704,12196,2074,26,0.04069213196635246,269920,17.994666666666667,0.01666666753590107,0.86,XGBoost
0.23133333333333334,0.5739092453753923,0.05708661417322835,0.9534246575342465,0.10772326265284013,0.7834274414184371,0.2467918195226544,0.2467918195226544,0.081539144701798,0.8056061667834619,0.04657534246575343,696,11496,2774,34,0.04069213196635246,263920,17.594666666666665,0.01928548887372017,0.8128,XGBoost
0.4222,0.6378305862476121,0.06943691005750244,0.8767123287671232,0.12868201467779228,0.7834274414184371,0.2467918195226544,0.2467918195226544,0.12186461639751607,0.6010511562718991,0.1232876712328767,640,8577,5693,90,0.04069213196635246,261540,17.436,0.01928549073636532,0.6144666666666667,XGBoost
0.4326,0.6413469199681293,0.07034787410270568,0.8726027397260274,0.13019928461931526,0.7834274414184371,0.2467918195226544,0.2467918195226544,0.12435681912929972,0.5899088997897688,0.1273972602739726,637,8418,5852,93,0.04069213196635246,261360,17.424,0.0237264484167099,0.6036666666666667,XGBoost
0.5153333333333333,0.668582426971038,0.07882534775888717,0.8383561643835616,0.144101718860372,0.7834274414184371,0.2467918195226544,0.2467918195226544,0.14518564276661766,0.5011913104414857,0.16164383561643836,612,7152,7118,118,0.04069213196635246,261040,17.402666666666665,0.02372645027935505,0.5176,XGBoost
0.5222666666666667,0.6696268635224775,0.07945635128071092,0.8328767123287671,0.14507277499403481,0.7834274414184371,0.2467918195226544,0.2467918195226544,0.14602458802293214,0.4936229852838122,0.16712328767123288,608,7044,7226,122,0.04069213196635246,262880,17.525333333333332,0.024390242993831635,0.5101333333333333,XGBoost
0.5724,0.6816782021867891,0.0854725787631272,0.8027397260273973,0.1544951225942526,0.7834274414184371,0.2467918195226544,0.2467918195226544,0.15694661341648944,0.4393833216538192,0.19726027397260273,586,6270,8000,144,0.04069213196635246,269400,17.96,0.025,0.4570666666666667,XGBoost
0.5725333333333333,0.6817482792715823,0.08549751969652758,0.8027397260273973,0.15453586497890295,0.7834274414184371,0.2467918195226544,0.2467918195226544,0.15701077857839216,0.43924316748423264,0.19726027397260273,586,6268,8002,144,0.04069213196635246,269360,17.957333333333334,0.03192847967147827,0.45693333333333336,XGBoost
0.6232,0.6921302473817089,0.09281932495036399,0.7684931506849315,0.16563330380868024,0.7834274414184371,0.2467918195226544,0.2467918195226544,0.1685698436237751,0.3842326559215137,0.23150684931506849,561,5483,8787,169,0.04069213196635246,278660,18.577333333333332,0.03292180970311165,0.4029333333333333,XGBoost
0.6844666666666667,0.7093831296618061,0.1059263634573735,0.736986301369863,0.18522981580306422,0.7834274414184371,0.2467918195226544,0.2467918195226544,0.19040496461997275,0.3182200420462509,0.26301369863013696,538,4541,9729,192,0.04069213196635246,282820,18.854666666666667,0.034999999999999996,0.3386,XGBoost
0.6852666666666667,0.709153699206113,0.10602171767028627,0.7356164383561644,0.18533218291630718,0.7834274414184371,0.2467918195226544,0.2467918195226544,0.1903247648400259,0.31730903994393833,0.26438356164383564,537,4528,9742,193,0.04069213196635246,283560,18.904,0.03504043072462082,0.33766666666666667,XGBoost
0.7506,0.7161959662478041,0.12371907023244189,0.678082191780822,0.20925808497146478,0.7834274414184371,0.2467918195226544,0.2467918195226544,0.21037305912629106,0.24569025928521374,0.3219178082191781,495,3506,10764,235,0.04069213196635246,305120,20.341333333333335,0.03875968977808952,0.2667333333333333,XGBoost
0.7751333333333333,0.7180419694540707,0.13281467074187275,0.6547945205479452,0.22083622083622084,0.7834274414184371,0.2467918195226544,0.2467918195226544,0.21972582927677178,0.21871058163980378,0.3452054794520548,478,3121,11149,252,0.04069213196635246,314420,20.961333333333332,0.045,0.23993333333333333,XGBoost
0.777,0.7190230486411765,0.13385606272752731,0.6547945205479452,0.22227388979307142,0.7834274414184371,0.2467918195226544,0.2467918195226544,0.22130651058223216,0.21674842326559215,0.3452054794520548,478,3093,11177,252,0.04069213196635246,313860,20.924,0.05263157933950424,0.23806666666666668,XGBoost
0.8164,0.7228336101218189,0.15437158469945356,0.6191780821917808,0.24712957900492075,0.7834274414184371,0.2467918195226544,0.2467918195226544,0.24194071458920788,0.17351086194814297,0.38082191780821917,452,2476,11794,278,0.04069213196635246,327520,21.834666666666667,0.055,0.1952,XGBoost
0.8216,0.7216672586420405,0.15715292459478505,0.6109589041095891,0.25,0.7834274414184371,0.2467918195226544,0.2467918195226544,0.24355456136007353,0.16762438682550806,0.38904109589041097,446,2392,11878,284,0.04069213196635246,331840,22.122666666666667,0.05602240934967995,0.1892,XGBoost
0.8411333333333333,0.7208853711685594,0.17084826762246116,0.5876712328767123,0.26473310706572045,0.7834274414184371,0.2467918195226544,0.2467918195226544,0.25461452628467707,0.14590049053959356,0.4123287671232877,429,2082,12188,301,0.04069213196635246,342640,22.842666666666666,0.065,0.1674,XGBoost
0.8424666666666667,0.7209362490520395,0.17195660907995178,0.5863013698630137,0.26592109350730037,0.7834274414184371,0.2467918195226544,0.2467918195226544,0.25557120958420076,0.14442887175893482,0.4136986301369863,428,2061,12209,302,0.04069213196635246,343220,22.881333333333334,0.0714285746216774,0.16593333333333332,XGBoost
0.8557333333333333,0.7162108456288219,0.18189884649511978,0.5616438356164384,0.274798927613941,0.7834274414184371,0.2467918195226544,0.2467918195226544,0.2603856070580157,0.12922214435879467,0.4383561643835616,410,1844,12426,320,0.04069213196635246,356880,23.792,0.07500000000000001,0.15026666666666666,XGBoost
0.8558,0.7162458841712185,0.18197958277851753,0.5616438356164384,0.27489104927924907,0.7834274414184371,0.2467918195226544,0.2467918195226544,0.2604753760890248,0.12915206727400141,0.4383561643835616,410,1843,12427,320,0.04069213196635246,356860,23.790666666666667,0.07792207598686218,0.1502,XGBoost
0.8718,0.7136069539507156,0.19858514401212735,0.5383561643835616,0.29014396456256925,0.7834274414184371,0.2467918195226544,0.2467918195226544,0.27162749763853716,0.11114225648213034,0.46164383561643835,393,1586,12684,337,0.04069213196635246,368720,24.581333333333333,0.085,0.13193333333333335,XGBoost
0.8737333333333334,0.7139731787157655,0.20123203285420946,0.536986301369863,0.292755787901419,0.7834274414184371,0.2467918195226544,0.2467918195226544,0.273923783688155,0.10903994393833216,0.46301369863013697,392,1556,12714,338,0.04069213196635246,369120,24.608,0.08624230325222015,0.12986666666666666,XGBoost
0.9004,0.7013429841318601,0.23942701227830832,0.4808219178082192,0.31967213114754095,0.7834274414184371,0.2467918195226544,0.2467918195226544,0.29178290385310574,0.07813594954449894,0.5191780821917809,351,1115,13155,379,0.04069213196635246,401300,26.753333333333334,0.095,0.09773333333333334,XGBoost
0.9020666666666667,0.6989694828695127,0.24178895877009085,0.473972602739726,0.32022211938917167,0.7834274414184371,0.2467918195226544,0.2467918195226544,0.29147153314303437,0.07603363700070077,0.5260273972602739,346,1085,13185,384,0.04069213196635246,405700,27.046666666666667,0.10500000000000001,0.0954,XGBoost
0.9020666666666667,0.6989694828695127,0.24178895877009085,0.473972602739726,0.32022211938917167,0.7834274414184371,0.2467918195226544,0.2467918195226544,0.29147153314303437,0.07603363700070077,0.5260273972602739,346,1085,13185,384,0.04069213196635246,405700,27.046666666666667,0.115,0.0954,XGBoost
0.9021333333333333,0.6983546284474567,0.2415966386554622,0.4726027397260274,0.31974050046339203,0.7834274414184371,0.2467918195226544,0.2467918195226544,0.2908437408430306,0.07589348283111423,0.5273972602739726,345,1083,13187,385,0.04069213196635246,406660,27.110666666666667,0.125,0.0952,XGBoost
0.9021333333333333,0.6983546284474567,0.2415966386554622,0.4726027397260274,0.31974050046339203,0.7834274414184371,0.2467918195226544,0.2467918195226544,0.2908437408430306,0.07589348283111423,0.5273972602739726,345,1083,13187,385,0.04069213196635246,406660,27.110666666666667,0.135,0.0952,XGBoost
0.9028,0.696755334978065,0.24220963172804533,0.4684931506849315,0.319327731092437,0.7834274414184371,0.2467918195226544,0.2467918195226544,0.2899578105824948,0.07498248072880168,0.5315068493150685,342,1070,13200,388,0.04069213196635246,409400,27.293333333333333,0.14374999701976776,0.09413333333333333,XGBoost
0.9111333333333334,0.6894370794174962,0.2589928057553957,0.4438356164383562,0.3271075214538112,0.7834274414184371,0.2467918195226544,0.2467918195226544,0.2948520767091615,0.0649614576033637,0.5561643835616439,324,927,13343,406,0.04069213196635246,424540,28.302666666666667,0.14500000000000002,0.0834,XGBoost
0.9126,0.6902079273502222,0.2636289666395443,0.4438356164383562,0.33078101071975496,0.7834274414184371,0.2467918195226544,0.2467918195226544,0.2984512106264876,0.06341976173791171,0.5561643835616439,324,905,13365,406,0.04069213196635246,424100,28.273333333333333,0.1462264209985733,0.08193333333333333,XGBoost
0.9232666666666667,0.675667412235651,0.29096325719960275,0.40136986301369865,0.33736327000575705,0.7834274414184371,0.2467918195226544,0.2467918195226544,0.3020817326942511,0.05003503854239664,0.5986301369863014,293,714,13556,437,0.04069213196635246,451280,30.085333333333335,0.155,0.06713333333333334,XGBoost
0.9232666666666667,0.675667412235651,0.29096325719960275,0.40136986301369865,0.33736327000575705,0.7834274414184371,0.2467918195226544,0.2467918195226544,0.3020817326942511,0.05003503854239664,0.5986301369863014,293,714,13556,437,0.04069213196635246,451280,30.085333333333335,0.165,0.06713333333333334,XGBoost
0.9236666666666666,0.6758776434900309,0.29270729270729273,0.40136986301369865,0.3385326400924321,0.7834274414184371,0.2467918195226544,0.2467918195226544,0.30328330549399635,0.049614576033637,0.5986301369863014,293,708,13562,437,0.04069213196635246,451160,30.077333333333332,0.17500000000000002,0.06673333333333334,XGBoost
0.9236666666666666,0.6758776434900309,0.29270729270729273,0.40136986301369865,0.3385326400924321,0.7834274414184371,0.2467918195226544,0.2467918195226544,0.30328330549399635,0.049614576033637,0.5986301369863014,293,708,13562,437,0.04069213196635246,451160,30.077333333333332,0.185,0.06673333333333334,XGBoost
0.9242666666666667,0.6729435255493371,0.29327902240325865,0.39452054794520547,0.33644859813084116,0.7834274414184371,0.2467918195226544,0.2467918195226544,0.3008908274488172,0.048633496846531184,0.6054794520547945,288,694,13576,442,0.04069213196635246,455880,30.392,0.1855670064687729,0.06546666666666667,XGBoost
0.9357333333333333,0.6620729377657889,0.34564643799472294,0.3589041095890411,0.3521505376344086,0.7834274414184371,0.2467918195226544,0.2467918195226544,0.3184152233335182,0.03475823405746321,0.6410958904109589,262,496,13774,468,0.04069213196635246,477920,31.861333333333334,0.195,0.05053333333333333,XGBoost
0.9357333333333333,0.6620729377657889,0.34564643799472294,0.3589041095890411,0.3521505376344086,0.7834274414184371,0.2467918195226544,0.2467918195226544,0.3184152233335182,0.03475823405746321,0.6410958904109589,262,496,13774,468,0.04069213196635246,477920,31.861333333333334,0.20500000000000002,0.05053333333333333,XGBoost
0.9357333333333333,0.6620729377657889,0.34564643799472294,0.3589041095890411,0.3521505376344086,0.7834274414184371,0.2467918195226544,0.2467918195226544,0.3184152233335182,0.03475823405746321,0.6410958904109589,262,496,13774,468,0.04069213196635246,477920,31.861333333333334,0.215,0.05053333333333333,XGBoost
0.9357333333333333,0.6620729377657889,0.34564643799472294,0.3589041095890411,0.3521505376344086,0.7834274414184371,0.2467918195226544,0.2467918195226544,0.3184152233335182,0.03475823405746321,0.6410958904109589,262,496,13774,468,0.04069213196635246,477920,31.861333333333334,0.22429904341697693,0.05053333333333333,XGBoost
0.9416666666666667,0.6547930806078467,0.38618524332810045,0.336986301369863,0.359912216532553,0.7834274414184371,0.2467918195226544,0.2467918195226544,0.3303411370363823,0.027400140154169587,0.663013698630137,246,391,13879,484,0.04069213196635246,491820,32.788,0.225,0.042466666666666666,XGBoost
0.9416666666666667,0.6547930806078467,0.38618524332810045,0.336986301369863,0.359912216532553,0.7834274414184371,0.2467918195226544,0.2467918195226544,0.3303411370363823,0.027400140154169587,0.663013698630137,246,391,13879,484,0.04069213196635246,491820,32.788,0.23500000000000001,0.042466666666666666,XGBoost
0.9416666666666667,0.6547930806078467,0.38618524332810045,0.336986301369863,0.359912216532553,0.7834274414184371,0.2467918195226544,0.2467918195226544,0.3303411370363823,0.027400140154169587,0.663013698630137,246,391,13879,484,0.04069213196635246,491820,32.788,0.245,0.042466666666666666,XGBoost
0.9416666666666667,0.6547930806078467,0.38618524332810045,0.336986301369863,0.359912216532553,0.7834274414184371,0.2467918195226544,0.2467918195226544,0.3303411370363823,0.027400140154169587,0.663013698630137,246,391,13879,484,0.04069213196635246,491820,32.788,0.255,0.042466666666666666,XGBoost
0.9416666666666667,0.6547930806078467,0.38618524332810045,0.336986301369863,0.359912216532553,0.7834274414184371,0.2467918195226544,0.2467918195226544,0.3303411370363823,0.027400140154169587,0.663013698630137,246,391,13879,484,0.04069213196635246,491820,32.788,0.265,0.042466666666666666,XGBoost
0.9417333333333333,0.6541782261857907,0.3864353312302839,0.3356164383561644,0.3592375366568915,0.7834274414184371,0.2467918195226544,0.2467918195226544,0.329772090320187,0.02725998598458304,0.6643835616438356,245,389,13881,485,0.04069213196635246,492780,32.852,0.275,0.04226666666666667,XGBoost
0.9438,0.6481155983911069,0.4027538726333907,0.32054794520547947,0.35697940503432496,0.7834274414184371,0.2467918195226544,0.2467918195226544,0.33033042235737364,0.024316748423265592,0.6794520547945205,234,347,13923,496,0.04069213196635246,502940,33.529333333333334,0.28500000000000003,0.038733333333333335,XGBoost
0.9438,0.6481155983911069,0.4027538726333907,0.32054794520547947,0.35697940503432496,0.7834274414184371,0.2467918195226544,0.2467918195226544,0.33033042235737364,0.024316748423265592,0.6794520547945205,234,347,13923,496,0.04069213196635246,502940,33.529333333333334,0.295,0.038733333333333335,XGBoost
0.9439333333333333,0.6481856754759002,0.40414507772020725,0.32054794520547947,0.3575248281130634,0.7834274414184371,0.2467918195226544,0.2467918195226544,0.3310340490415702,0.024176594253679046,0.6794520547945205,234,345,13925,496,0.04069213196635246,502900,33.526666666666664,0.29906541109085083,0.0386,XGBoost
0.9462,0.6214315884459206,0.41612200435729846,0.26164383561643834,0.32127838519764507,0.7834274414184371,0.2467918195226544,0.2467918195226544,0.30341120016031464,0.018780658724597058,0.7383561643835617,191,268,14002,539,0.04069213196635246,544360,36.29066666666667,0.305,0.0306,XGBoost
0.9462666666666667,0.6214666269883173,0.4170305676855895,0.26164383561643834,0.3215488215488216,0.7834274414184371,0.2467918195226544,0.2467918195226544,0.3038194511442697,0.018710581639803783,0.7383561643835617,191,267,14003,539,0.04069213196635246,544340,36.28933333333333,0.315,0.030533333333333332,XGBoost
0.9460666666666666,0.6194118324677693,0.41318681318681316,0.25753424657534246,0.3172995780590718,0.7834274414184371,0.2467918195226544,0.2467918195226544,0.2996320144877649,0.018710581639803783,0.7424657534246575,188,267,14003,542,0.04069213196635246,547340,36.489333333333335,0.31972789764404297,0.030333333333333334,XGBoost
0.9490666666666666,0.5845945608662679,0.4429530201342282,0.18082191780821918,0.25680933852140075,0.7834274414184371,0.2467918195226544,0.2467918195226544,0.2608852414841096,0.011632796075683252,0.8191780821917808,132,166,14104,598,0.04069213196635246,601320,40.088,0.325,0.019866666666666668,XGBoost
0.9490666666666666,0.5845945608662679,0.4429530201342282,0.18082191780821918,0.25680933852140075,0.7834274414184371,0.2467918195226544,0.2467918195226544,0.2608852414841096,0.011632796075683252,0.8191780821917808,132,166,14104,598,0.04069213196635246,601320,40.088,0.335,0.019866666666666668,XGBoost
0.9490666666666666,0.5845945608662679,0.4429530201342282,0.18082191780821918,0.25680933852140075,0.7834274414184371,0.2467918195226544,0.2467918195226544,0.2608852414841096,0.011632796075683252,0.8191780821917808,132,166,14104,598,0.04069213196635246,601320,40.088,0.34500000000000003,0.019866666666666668,XGBoost
0.9490666666666666,0.5845945608662679,0.4429530201342282,0.18082191780821918,0.25680933852140075,0.7834274414184371,0.2467918195226544,0.2467918195226544,0.2608852414841096,0.011632796075683252,0.8191780821917808,132,166,14104,598,0.04069213196635246,601320,40.088,0.35500000000000004,0.019866666666666668,XGBoost
0.9497333333333333,0.5719470870011807,0.45161290322580644,0.15342465753424658,0.229038854805726,0.7834274414184371,0.2467918195226544,0.2467918195226544,0.24280931004872325,0.009530483531885073,0.8465753424657534,112,136,14134,618,0.04069213196635246,620720,41.38133333333333,0.35545024275779724,0.016533333333333334,XGBoost
0.9513333333333334,0.5038993577867161,0.5,0.00821917808219178,0.016172506738544475,0.7834274414184371,0.2467918195226544,0.2467918195226544,0.05935181889546999,0.0004204625087596356,0.9917808219178083,6,6,14264,724,0.04069213196635246,724120,48.27466666666667,0.365,0.0008,XGBoost
0.9513333333333334,0.5038993577867161,0.5,0.00821917808219178,0.016172506738544475,0.7834274414184371,0.2467918195226544,0.2467918195226544,0.05935181889546999,0.0004204625087596356,0.9917808219178083,6,6,14264,724,0.04069213196635246,724120,48.27466666666667,0.375,0.0008,XGBoost
0.9513333333333334,0.5038993577867161,0.5,0.00821917808219178,0.016172506738544475,0.7834274414184371,0.2467918195226544,0.2467918195226544,0.05935181889546999,0.0004204625087596356,0.9917808219178083,6,6,14264,724,0.04069213196635246,724120,48.27466666666667,0.385,0.0008,XGBoost
0.9513333333333334,0.5038993577867161,0.5,0.00821917808219178,0.016172506738544475,0.7834274414184371,0.2467918195226544,0.2467918195226544,0.05935181889546999,0.0004204625087596356,0.9917808219178083,6,6,14264,724,0.04069213196635246,724120,48.27466666666667,0.395,0.0008,XGBoost
0.9513333333333334,0.5038993577867161,0.5,0.00821917808219178,0.016172506738544475,0.7834274414184371,0.2467918195226544,0.2467918195226544,0.05935181889546999,0.0004204625087596356,0.9917808219178083,6,6,14264,724,0.04069213196635246,724120,48.27466666666667,0.405,0.0008,XGBoost
0.9513333333333334,0.5038993577867161,0.5,0.00821917808219178,0.016172506738544475,0.7834274414184371,0.2467918195226544,0.2467918195226544,0.05935181889546999,0.0004204625087596356,0.9917808219178083,6,6,14264,724,0.04069213196635246,724120,48.27466666666667,0.41500000000000004,0.0008,XGBoost
0.9513333333333334,0.5038993577867161,0.5,0.00821917808219178,0.016172506738544475,0.7834274414184371,0.2467918195226544,0.2467918195226544,0.05935181889546999,0.0004204625087596356,0.9917808219178083,6,6,14264,724,0.04069213196635246,724120,48.27466666666667,0.425,0.0008,XGBoost
0.9513333333333334,0.5038993577867161,0.5,0.00821917808219178,0.016172506738544475,0.7834274414184371,0.2467918195226544,0.2467918195226544,0.05935181889546999,0.0004204625087596356,0.9917808219178083,6,6,14264,724,0.04069213196635246,724120,48.27466666666667,0.435,0.0008,XGBoost
0.9513333333333334,0.5038993577867161,0.5,0.00821917808219178,0.016172506738544475,0.7834274414184371,0.2467918195226544,0.2467918195226544,0.05935181889546999,0.0004204625087596356,0.9917808219178083,6,6,14264,724,0.04069213196635246,724120,48.27466666666667,0.445,0.0008,XGBoost
0.9513333333333334,0.5038993577867161,0.5,0.00821917808219178,0.016172506738544475,0.7834274414184371,0.2467918195226544,0.2467918195226544,0.05935181889546999,0.0004204625087596356,0.9917808219178083,6,6,14264,724,0.04069213196635246,724120,48.27466666666667,0.455,0.0008,XGBoost
0.9513333333333334,0.5038993577867161,0.5,0.00821917808219178,0.016172506738544475,0.7834274414184371,0.2467918195226544,0.2467918195226544,0.05935181889546999,0.0004204625087596356,0.9917808219178083,6,6,14264,724,0.04069213196635246,724120,48.27466666666667,0.465,0.0008,XGBoost
0.9513333333333334,0.5038993577867161,0.5,0.00821917808219178,0.016172506738544475,0.7834274414184371,0.2467918195226544,0.2467918195226544,0.05935181889546999,0.0004204625087596356,0.9917808219178083,6,6,14264,724,0.04069213196635246,724120,48.27466666666667,0.47500000000000003,0.0008,XGBoost
0.9513333333333334,0.5038993577867161,0.5,0.00821917808219178,0.016172506738544475,0.7834274414184371,0.2467918195226544,0.2467918195226544,0.05935181889546999,0.0004204625087596356,0.9917808219178083,6,6,14264,724,0.04069213196635246,724120,48.27466666666667,0.485,0.0008,XGBoost
0.9513333333333334,0.5038993577867161,0.5,0.00821917808219178,0.016172506738544475,0.7834274414184371,0.2467918195226544,0.2467918195226544,0.05935181889546999,0.0004204625087596356,0.9917808219178083,6,6,14264,724,0.04069213196635246,724120,48.27466666666667,0.495,0.0008,XGBoost
0.9512666666666667,0.5019146403509613,0.42857142857142855,0.00410958904109589,0.008141112618724558,0.7834274414184371,0.2467918195226544,0.2467918195226544,0.038150244811981406,0.0002803083391730904,0.9958904109589041,3,4,14266,727,0.04069213196635246,727080,48.472,0.505,0.00046666666666666666,XGBoost
0.9512666666666667,0.5019146403509613,0.42857142857142855,0.00410958904109589,0.008141112618724558,0.7834274414184371,0.2467918195226544,0.2467918195226544,0.038150244811981406,0.0002803083391730904,0.9958904109589041,3,4,14266,727,0.04069213196635246,727080,48.472,0.515,0.00046666666666666666,XGBoost
0.9512666666666667,0.5019146403509613,0.42857142857142855,0.00410958904109589,0.008141112618724558,0.7834274414184371,0.2467918195226544,0.2467918195226544,0.038150244811981406,0.0002803083391730904,0.9958904109589041,3,4,14266,727,0.04069213196635246,727080,48.472,0.525,0.00046666666666666666,XGBoost
0.9512666666666667,0.5019146403509613,0.42857142857142855,0.00410958904109589,0.008141112618724558,0.7834274414184371,0.2467918195226544,0.2467918195226544,0.038150244811981406,0.0002803083391730904,0.9958904109589041,3,4,14266,727,0.04069213196635246,727080,48.472,0.535,0.00046666666666666666,XGBoost
0.9512666666666667,0.5019146403509613,0.42857142857142855,0.00410958904109589,0.008141112618724558,0.7834274414184371,0.2467918195226544,0.2467918195226544,0.038150244811981406,0.0002803083391730904,0.9958904109589041,3,4,14266,727,0.04069213196635246,727080,48.472,0.545,0.00046666666666666666,XGBoost
0.9512666666666667,0.5019146403509613,0.42857142857142855,0.00410958904109589,0.008141112618724558,0.7834274414184371,0.2467918195226544,0.2467918195226544,0.038150244811981406,0.0002803083391730904,0.9958904109589041,3,4,14266,727,0.04069213196635246,727080,48.472,0.555,0.00046666666666666666,XGBoost
0.9512666666666667,0.5019146403509613,0.42857142857142855,0.00410958904109589,0.008141112618724558,0.7834274414184371,0.2467918195226544,0.2467918195226544,0.038150244811981406,0.0002803083391730904,0.9958904109589041,3,4,14266,727,0.04069213196635246,727080,48.472,0.5650000000000001,0.00046666666666666666,XGBoost
0.9513333333333334,0.5019496788933581,0.5,0.00410958904109589,0.008152173913043476,0.7834274414184371,0.2467918195226544,0.2467918195226544,0.041959675803028465,0.0002102312543798178,0.9958904109589041,3,3,14267,727,0.04069213196635246,727060,48.470666666666666,0.5750000000000001,0.0004,XGBoost
0.9513333333333334,0.5019496788933581,0.5,0.00410958904109589,0.008152173913043476,0.7834274414184371,0.2467918195226544,0.2467918195226544,0.041959675803028465,0.0002102312543798178,0.9958904109589041,3,3,14267,727,0.04069213196635246,727060,48.470666666666666,0.585,0.0004,XGBoost
0.9513333333333334,0.5019496788933581,0.5,0.00410958904109589,0.008152173913043476,0.7834274414184371,0.2467918195226544,0.2467918195226544,0.041959675803028465,0.0002102312543798178,0.9958904109589041,3,3,14267,727,0.04069213196635246,727060,48.470666666666666,0.595,0.0004,XGBoost
0.9513333333333334,0.5019496788933581,0.5,0.00410958904109589,0.008152173913043476,0.7834274414184371,0.2467918195226544,0.2467918195226544,0.041959675803028465,0.0002102312543798178,0.9958904109589041,3,3,14267,727,0.04069213196635246,727060,48.470666666666666,0.605,0.0004,XGBoost
0.9513333333333334,0.5019496788933581,0.5,0.00410958904109589,0.008152173913043476,0.7834274414184371,0.2467918195226544,0.2467918195226544,0.041959675803028465,0.0002102312543798178,0.9958904109589041,3,3,14267,727,0.04069213196635246,727060,48.470666666666666,0.615,0.0004,XGBoost
0.9513333333333334,0.5019496788933581,0.5,0.00410958904109589,0.008152173913043476,0.7834274414184371,0.2467918195226544,0.2467918195226544,0.041959675803028465,0.0002102312543798178,0.9958904109589041,3,3,14267,727,0.04069213196635246,727060,48.470666666666666,0.625,0.0004,XGBoost
0.9513333333333334,0.5019496788933581,0.5,0.00410958904109589,0.008152173913043476,0.7834274414184371,0.2467918195226544,0.2467918195226544,0.041959675803028465,0.0002102312543798178,0.9958904109589041,3,3,14267,727,0.04069213196635246,727060,48.470666666666666,0.635,0.0004,XGBoost
0.9513333333333334,0.5019496788933581,0.5,0.00410958904109589,0.008152173913043476,0.7834274414184371,0.2467918195226544,0.2467918195226544,0.041959675803028465,0.0002102312543798178,0.9958904109589041,3,3,14267,727,0.04069213196635246,727060,48.470666666666666,0.645,0.0004,XGBoost
0.9513333333333334,0.5019496788933581,0.5,0.00410958904109589,0.008152173913043476,0.7834274414184371,0.2467918195226544,0.2467918195226544,0.041959675803028465,0.0002102312543798178,0.9958904109589041,3,3,14267,727,0.04069213196635246,727060,48.470666666666666,0.655,0.0004,XGBoost
0.9513333333333334,0.5019496788933581,0.5,0.00410958904109589,0.008152173913043476,0.7834274414184371,0.2467918195226544,0.2467918195226544,0.041959675803028465,0.0002102312543798178,0.9958904109589041,3,3,14267,727,0.04069213196635246,727060,48.470666666666666,0.665,0.0004,XGBoost
0.9513333333333334,0.5019496788933581,0.5,0.00410958904109589,0.008152173913043476,0.7834274414184371,0.2467918195226544,0.2467918195226544,0.041959675803028465,0.0002102312543798178,0.9958904109589041,3,3,14267,727,0.04069213196635246,727060,48.470666666666666,0.675,0.0004,XGBoost
0.9512666666666667,0.5012647473865087,0.4,0.0027397260273972603,0.0054421768707483,0.7834274414184371,0.2467918195226544,0.2467918195226544,0.029815971575210928,0.0002102312543798178,0.9972602739726028,2,3,14267,728,0.04069213196635246,728060,48.537333333333336,0.685,0.0003333333333333333,XGBoost
0.9512666666666667,0.5012647473865087,0.4,0.0027397260273972603,0.0054421768707483,0.7834274414184371,0.2467918195226544,0.2467918195226544,0.029815971575210928,0.0002102312543798178,0.9972602739726028,2,3,14267,728,0.04069213196635246,728060,48.537333333333336,0.6950000000000001,0.0003333333333333333,XGBoost
0.9512666666666667,0.5012647473865087,0.4,0.0027397260273972603,0.0054421768707483,0.7834274414184371,0.2467918195226544,0.2467918195226544,0.029815971575210928,0.0002102312543798178,0.9972602739726028,2,3,14267,728,0.04069213196635246,728060,48.537333333333336,0.7050000000000001,0.0003333333333333333,XGBoost
0.9512666666666667,0.5012647473865087,0.4,0.0027397260273972603,0.0054421768707483,0.7834274414184371,0.2467918195226544,0.2467918195226544,0.029815971575210928,0.0002102312543798178,0.9972602739726028,2,3,14267,728,0.04069213196635246,728060,48.537333333333336,0.715,0.0003333333333333333,XGBoost
0.9512666666666667,0.5012647473865087,0.4,0.0027397260273972603,0.0054421768707483,0.7834274414184371,0.2467918195226544,0.2467918195226544,0.029815971575210928,0.0002102312543798178,0.9972602739726028,2,3,14267,728,0.04069213196635246,728060,48.537333333333336,0.725,0.0003333333333333333,XGBoost
0.9512666666666667,0.5012647473865087,0.4,0.0027397260273972603,0.0054421768707483,0.7834274414184371,0.2467918195226544,0.2467918195226544,0.029815971575210928,0.0002102312543798178,0.9972602739726028,2,3,14267,728,0.04069213196635246,728060,48.537333333333336,0.735,0.0003333333333333333,XGBoost
0.9512666666666667,0.5012647473865087,0.4,0.0027397260273972603,0.0054421768707483,0.7834274414184371,0.2467918195226544,0.2467918195226544,0.029815971575210928,0.0002102312543798178,0.9972602739726028,2,3,14267,728,0.04069213196635246,728060,48.537333333333336,0.745,0.0003333333333333333,XGBoost
0.9512666666666667,0.5012647473865087,0.4,0.0027397260273972603,0.0054421768707483,0.7834274414184371,0.2467918195226544,0.2467918195226544,0.029815971575210928,0.0002102312543798178,0.9972602739726028,2,3,14267,728,0.04069213196635246,728060,48.537333333333336,0.755,0.0003333333333333333,XGBoost
0.9512666666666667,0.5012647473865087,0.4,0.0027397260273972603,0.0054421768707483,0.7834274414184371,0.2467918195226544,0.2467918195226544,0.029815971575210928,0.0002102312543798178,0.9972602739726028,2,3,14267,728,0.04069213196635246,728060,48.537333333333336,0.765,0.0003333333333333333,XGBoost
0.9512666666666667,0.5012647473865087,0.4,0.0027397260273972603,0.0054421768707483,0.7834274414184371,0.2467918195226544,0.2467918195226544,0.029815971575210928,0.0002102312543798178,0.9972602739726028,2,3,14267,728,0.04069213196635246,728060,48.537333333333336,0.775,0.0003333333333333333,XGBoost
0.9512666666666667,0.5012647473865087,0.4,0.0027397260273972603,0.0054421768707483,0.7834274414184371,0.2467918195226544,0.2467918195226544,0.029815971575210928,0.0002102312543798178,0.9972602739726028,2,3,14267,728,0.04069213196635246,728060,48.537333333333336,0.7777777910232544,0.0003333333333333333,XGBoost
0.9513333333333334,0.5,0.0,0.0,0.0,0.7834274414184371,0.2467918195226544,0.2467918195226544,0.0,0.0,1.0,0,0,14270,730,0.04069213196635246,730000,48.666666666666664,0.785,0.0,XGBoost
0.9513333333333334,0.5,0.0,0.0,0.0,0.7834274414184371,0.2467918195226544,0.2467918195226544,0.0,0.0,1.0,0,0,14270,730,0.04069213196635246,730000,48.666666666666664,0.795,0.0,XGBoost
0.9513333333333334,0.5,0.0,0.0,0.0,0.7834274414184371,0.2467918195226544,0.2467918195226544,0.0,0.0,1.0,0,0,14270,730,0.04069213196635246,730000,48.666666666666664,0.805,0.0,XGBoost
0.9513333333333334,0.5,0.0,0.0,0.0,0.7834274414184371,0.2467918195226544,0.2467918195226544,0.0,0.0,1.0,0,0,14270,730,0.04069213196635246,730000,48.666666666666664,0.8150000000000001,0.0,XGBoost
0.9513333333333334,0.5,0.0,0.0,0.0,0.7834274414184371,0.2467918195226544,0.2467918195226544,0.0,0.0,1.0,0,0,14270,730,0.04069213196635246,730000,48.666666666666664,0.8250000000000001,0.0,XGBoost
0.9513333333333334,0.5,0.0,0.0,0.0,0.7834274414184371,0.2467918195226544,0.2467918195226544,0.0,0.0,1.0,0,0,14270,730,0.04069213196635246,730000,48.666666666666664,0.8350000000000001,0.0,XGBoost
0.9513333333333334,0.5,0.0,0.0,0.0,0.7834274414184371,0.2467918195226544,0.2467918195226544,0.0,0.0,1.0,0,0,14270,730,0.04069213196635246,730000,48.666666666666664,0.845,0.0,XGBoost
0.9513333333333334,0.5,0.0,0.0,0.0,0.7834274414184371,0.2467918195226544,0.2467918195226544,0.0,0.0,1.0,0,0,14270,730,0.04069213196635246,730000,48.666666666666664,0.855,0.0,XGBoost
0.9513333333333334,0.5,0.0,0.0,0.0,0.7834274414184371,0.2467918195226544,0.2467918195226544,0.0,0.0,1.0,0,0,14270,730,0.04069213196635246,730000,48.666666666666664,0.865,0.0,XGBoost
0.9513333333333334,0.5,0.0,0.0,0.0,0.7834274414184371,0.2467918195226544,0.2467918195226544,0.0,0.0,1.0,0,0,14270,730,0.04069213196635246,730000,48.666666666666664,0.875,0.0,XGBoost
0.9513333333333334,0.5,0.0,0.0,0.0,0.7834274414184371,0.2467918195226544,0.2467918195226544,0.0,0.0,1.0,0,0,14270,730,0.04069213196635246,730000,48.666666666666664,0.885,0.0,XGBoost
0.9513333333333334,0.5,0.0,0.0,0.0,0.7834274414184371,0.2467918195226544,0.2467918195226544,0.0,0.0,1.0,0,0,14270,730,0.04069213196635246,730000,48.666666666666664,0.895,0.0,XGBoost
0.9513333333333334,0.5,0.0,0.0,0.0,0.7834274414184371,0.2467918195226544,0.2467918195226544,0.0,0.0,1.0,0,0,14270,730,0.04069213196635246,730000,48.666666666666664,0.905,0.0,XGBoost
0.9513333333333334,0.5,0.0,0.0,0.0,0.7834274414184371,0.2467918195226544,0.2467918195226544,0.0,0.0,1.0,0,0,14270,730,0.04069213196635246,730000,48.666666666666664,0.915,0.0,XGBoost
0.9513333333333334,0.5,0.0,0.0,0.0,0.7834274414184371,0.2467918195226544,0.2467918195226544,0.0,0.0,1.0,0,0,14270,730,0.04069213196635246,730000,48.666666666666664,0.925,0.0,XGBoost
0.9513333333333334,0.5,0.0,0.0,0.0,0.7834274414184371,0.2467918195226544,0.2467918195226544,0.0,0.0,1.0,0,0,14270,730,0.04069213196635246,730000,48.666666666666664,0.935,0.0,XGBoost
0.9513333333333334,0.5,0.0,0.0,0.0,0.7834274414184371,0.2467918195226544,0.2467918195226544,0.0,0.0,1.0,0,0,14270,730,0.04069213196635246,730000,48.666666666666664,0.9450000000000001,0.0,XGBoost
0.9513333333333334,0.5,0.0,0.0,0.0,0.7834274414184371,0.2467918195226544,0.2467918195226544,0.0,0.0,1.0,0,0,14270,730,0.04069213196635246,730000,48.666666666666664,0.9550000000000001,0.0,XGBoost
0.9513333333333334,0.5,0.0,0.0,0.0,0.7834274414184371,0.2467918195226544,0.2467918195226544,0.0,0.0,1.0,0,0,14270,730,0.04069213196635246,730000,48.666666666666664,0.965,0.0,XGBoost
0.9513333333333334,0.5,0.0,0.0,0.0,0.7834274414184371,0.2467918195226544,0.2467918195226544,0.0,0.0,1.0,0,0,14270,730,0.04069213196635246,730000,48.666666666666664,0.975,0.0,XGBoost
0.9513333333333334,0.5,0.0,0.0,0.0,0.7834274414184371,0.2467918195226544,0.2467918195226544,0.0,0.0,1.0,0,0,14270,730,0.04069213196635246,730000,48.666666666666664,0.985,0.0,XGBoost
0.9513333333333334,0.5,0.0,0.0,0.0,0.7834274414184371,0.2467918195226544,0.2467918195226544,0.0,0.0,1.0,0,0,14270,730,0.04069213196635246,730000,48.666666666666664,0.995,0.0,XGBoost
0.9513333333333334,0.5,0.0,0.0,0.0,0.7834274414184371,0.2467918195226544,0.2467918195226544,0.0,0.0,1.0,0,0,14270,730,0.04069213196635246,730000,48.666666666666664,1.000001,0.0,XGBoost
0.048666666666666664,0.5,0.048666666666666664,1.0,0.09281627463445645,0.7814288525597336,0.242094306238995,0.242094306238995,0.0,1.0,0.0,730,14270,0,0,0.040570956180524566,285400,19.026666666666667,0.0,1.0,LightGBM
0.05726666666666667,0.5045199719691661,0.049088830609911906,1.0,0.09358374463175437,0.7814288525597336,0.242094306238995,0.242094306238995,0.021065618355792157,0.9909600560616678,0.0,730,14141,129,0,0.040570956180524566,282820,18.854666666666667,0.005,0.9914,LightGBM
0.05726666666666667,0.5045199719691661,0.049088830609911906,1.0,0.09358374463175437,0.7814288525597336,0.242094306238995,0.242094306238995,0.021065618355792157,0.9909600560616678,0.0,730,14141,129,0,0.040570956180524566,282820,18.854666666666667,0.00641025641025641,0.9914,LightGBM
0.07726666666666666,0.5104822839369882,0.04966682695610359,0.9904109589041096,0.09459017465820631,0.7814288525597336,0.242094306238995,0.242094306238995,0.02664535602968857,0.9694463910301332,0.009589041095890411,723,13834,436,7,0.040570956180524566,283680,18.912,0.012743125419181758,0.9704666666666667,LightGBM
0.1684,0.5473317909974945,0.053663727576771056,0.9671232876712329,0.10168515051130636,0.7814288525597336,0.242094306238995,0.242094306238995,0.06203173947033895,0.8724597056762439,0.03287671232876712,706,12450,1820,24,0.040570956180524566,273000,18.2,0.013513513513513514,0.8770666666666667,LightGBM
0.1716,0.5464140691747223,0.053587786259541983,0.9616438356164384,0.10151843817787418,0.7814288525597336,0.242094306238995,0.242094306238995,0.0600538160232965,0.8688156972669937,0.038356164383561646,702,12398,1872,28,0.040570956180524566,275960,18.397333333333332,0.015,0.8733333333333333,LightGBM
0.1716,0.5464140691747223,0.053587786259541983,0.9616438356164384,0.10151843817787418,0.7814288525597336,0.242094306238995,0.242094306238995,0.0600538160232965,0.8688156972669937,0.038356164383561646,702,12398,1872,28,0.040570956180524566,275960,18.397333333333332,0.015625,0.8733333333333333,LightGBM
0.33766666666666667,0.6109488245288996,0.06328873707182844,0.9136986301369863,0.11837785074097079,0.7814288525597336,0.242094306238995,0.242094306238995,0.10445044720920293,0.6918009810791871,0.0863013698630137,667,9872,4398,63,0.040570956180524566,260440,17.362666666666666,0.020979020979020983,0.7026,LightGBM
0.3542,0.6163889182210021,0.0643906234802062,0.9068493150684932,0.12024339297066569,0.7814288525597336,0.242094306238995,0.242094306238995,0.10786297032206262,0.6740714786264891,0.09315068493150686,662,9619,4651,68,0.040570956180524566,260380,17.358666666666668,0.02129471890971039,0.6854,LightGBM
0.42633333333333334,0.6309044743738661,0.06858770680398817,0.8575342465753425,0.12701633357005174,0.7814288525597336,0.242094306238995,0.242094306238995,0.11541543101825558,0.5957252978276104,0.14246575342465753,626,8501,5769,104,0.040570956180524566,274020,18.268,0.022222222222222223,0.6084666666666667,LightGBM
0.4422,0.6372939685709075,0.07013396375098503,0.8534246575342466,0.12961614480391137,0.7814288525597336,0.242094306238995,0.242094306238995,0.1202280490252648,0.5788367203924317,0.14657534246575343,623,8260,6010,107,0.040570956180524566,272200,18.14666666666667,0.024822695035460994,0.5922,LightGBM
0.5155333333333333,0.6576393622025324,0.07700271774297916,0.815068493150685,0.14071183634858697,0.7814288525597336,0.242094306238995,0.242094306238995,0.13573937070459954,0.4997897687456202,0.18493150684931506,595,7132,7138,135,0.040570956180524566,277640,18.509333333333334,0.025,0.5151333333333333,LightGBM
0.5155333333333333,0.6576393622025324,0.07700271774297916,0.815068493150685,0.14071183634858697,0.7814288525597336,0.242094306238995,0.242094306238995,0.13573937070459954,0.4997897687456202,0.18493150684931506,595,7132,7138,135,0.040570956180524566,277640,18.509333333333334,0.026722925457102673,0.5151333333333333,LightGBM
0.6079333333333333,0.6925550297107641,0.09112557548817272,0.7863013698630137,0.16332337459098026,0.7814288525597336,0.242094306238995,0.242094306238995,0.1678950495736624,0.40119131044148565,0.2136986301369863,574,5725,8545,156,0.040570956180524566,270500,18.033333333333335,0.02734375,0.4199333333333333,LightGBM
0.6237333333333334,0.6956600205431454,0.09361561362884552,0.7753424657534247,0.16706021251475797,0.7814288525597336,0.242094306238995,0.242094306238995,0.17165754245230863,0.3840224246671338,0.22465753424657534,566,5480,8790,164,0.040570956180524566,273600,18.24,0.031413612565445025,0.4030666666666667,LightGBM
0.6352,0.6984371850131035,0.09566848567530696,0.7684931506849315,0.17015468607825296,0.7814288525597336,0.242094306238995,0.242094306238995,0.17500539760161668,0.3716187806587246,0.23150684931506849,561,5303,8967,169,0.040570956180524566,275060,18.337333333333333,0.03496868475991649,0.39093333333333335,LightGBM
0.7549333333333333,0.7217229363258488,0.12671059300557527,0.684931506849315,0.21385799828913601,0.7814288525597336,0.242094306238995,0.242094306238995,0.21670840870751704,0.24148563419761737,0.3150684931506849,500,3446,10824,230,0.040570956180524566,298920,19.928,0.034999999999999996,0.26306666666666667,LightGBM
0.7549333333333333,0.7217229363258488,0.12671059300557527,0.684931506849315,0.21385799828913601,0.7814288525597336,0.242094306238995,0.242094306238995,0.21670840870751704,0.24148563419761737,0.3150684931506849,500,3446,10824,230,0.040570956180524566,298920,19.928,0.045,0.26306666666666667,LightGBM
0.7549333333333333,0.7217229363258488,0.12671059300557527,0.684931506849315,0.21385799828913601,0.7814288525597336,0.242094306238995,0.242094306238995,0.21670840870751704,0.24148563419761737,0.3150684931506849,500,3446,10824,230,0.040570956180524566,298920,19.928,0.049167927382753406,0.26306666666666667,LightGBM
0.8372666666666667,0.7208028146029125,0.16776699029126213,0.5917808219178082,0.26142208774583964,0.7814288525597336,0.242094306238995,0.242094306238995,0.2519829767002297,0.15017519271198318,0.40821917808219177,432,2143,12127,298,0.040570956180524566,340860,22.724,0.055,0.17166666666666666,LightGBM
0.8372666666666667,0.7208028146029125,0.16776699029126213,0.5917808219178082,0.26142208774583964,0.7814288525597336,0.242094306238995,0.242094306238995,0.2519829767002297,0.15017519271198318,0.40821917808219177,432,2143,12127,298,0.040570956180524566,340860,22.724,0.05609756097560976,0.17166666666666666,LightGBM
0.8640666666666666,0.7257898071440227,0.19487179487179487,0.5726027397260274,0.2907826086956522,0.7814288525597336,0.242094306238995,0.242094306238995,0.27756075244407896,0.12102312543798179,0.4273972602739726,418,1727,12543,312,0.040570956180524566,346540,23.102666666666668,0.05847953216374269,0.143,LightGBM
0.8738666666666667,0.7224918643384435,0.20537525354969574,0.5547945205479452,0.2997779422649889,0.7814288525597336,0.242094306238995,0.242094306238995,0.28335130501063766,0.10981079187105816,0.4452054794520548,405,1567,12703,325,0.040570956180524566,356340,23.756,0.065,0.13146666666666668,LightGBM
0.8738666666666667,0.7224918643384435,0.20537525354969574,0.5547945205479452,0.2997779422649889,0.7814288525597336,0.242094306238995,0.242094306238995,0.28335130501063766,0.10981079187105816,0.4452054794520548,405,1567,12703,325,0.040570956180524566,356340,23.756,0.07500000000000001,0.13146666666666668,LightGBM
0.8738666666666667,0.7224918643384435,0.20537525354969574,0.5547945205479452,0.2997779422649889,0.7814288525597336,0.242094306238995,0.242094306238995,0.28335130501063766,0.10981079187105816,0.4452054794520548,405,1567,12703,325,0.040570956180524566,356340,23.756,0.085,0.13146666666666668,LightGBM
0.8748666666666667,0.7217176565454877,0.20634920634920634,0.552054794520548,0.30040998881848674,0.7814288525597336,0.242094306238995,0.242094306238995,0.2835288387156229,0.10861948142957253,0.44794520547945205,403,1550,12720,327,0.040570956180524566,358000,23.866666666666667,0.095,0.1302,LightGBM
0.8748666666666667,0.7217176565454877,0.20634920634920634,0.552054794520548,0.30040998881848674,0.7814288525597336,0.242094306238995,0.242094306238995,0.2835288387156229,0.10861948142957253,0.44794520547945205,403,1550,12720,327,0.040570956180524566,358000,23.866666666666667,0.10197368421052631,0.1302,LightGBM
0.8942,0.7078327941557632,0.2303335431088735,0.5013698630136987,0.315653298835705,0.7814288525597336,0.242094306238995,0.242094306238995,0.29061963891075576,0.08570427470217239,0.4986301369863014,366,1223,13047,364,0.040570956180524566,388460,25.897333333333332,0.10500000000000001,0.10593333333333334,LightGBM
0.8942,0.7078327941557632,0.2303335431088735,0.5013698630136987,0.315653298835705,0.7814288525597336,0.242094306238995,0.242094306238995,0.29061963891075576,0.08570427470217239,0.4986301369863014,366,1223,13047,364,0.040570956180524566,388460,25.897333333333332,0.115,0.10593333333333334,LightGBM
0.8942,0.7078327941557632,0.2303335431088735,0.5013698630136987,0.315653298835705,0.7814288525597336,0.242094306238995,0.242094306238995,0.29061963891075576,0.08570427470217239,0.4986301369863014,366,1223,13047,364,0.040570956180524566,388460,25.897333333333332,0.12121212121212122,0.10593333333333334,LightGBM
0.9062666666666667,0.7024766969694061,0.2536443148688047,0.4767123287671233,0.33111322549952427,0.7814288525597336,0.242094306238995,0.242094306238995,0.30226324581278813,0.07175893482831114,0.5232876712328767,348,1024,13246,382,0.040570956180524566,402480,26.832,0.125,0.09146666666666667,LightGBM
0.9062666666666667,0.7024766969694061,0.2536443148688047,0.4767123287671233,0.33111322549952427,0.7814288525597336,0.242094306238995,0.242094306238995,0.30226324581278813,0.07175893482831114,0.5232876712328767,348,1024,13246,382,0.040570956180524566,402480,26.832,0.135,0.09146666666666667,LightGBM
0.9062666666666667,0.7024766969694061,0.2536443148688047,0.4767123287671233,0.33111322549952427,0.7814288525597336,0.242094306238995,0.242094306238995,0.30226324581278813,0.07175893482831114,0.5232876712328767,348,1024,13246,382,0.040570956180524566,402480,26.832,0.14500000000000002,0.09146666666666667,LightGBM
0.9062666666666667,0.7024766969694061,0.2536443148688047,0.4767123287671233,0.33111322549952427,0.7814288525597336,0.242094306238995,0.242094306238995,0.30226324581278813,0.07175893482831114,0.5232876712328767,348,1024,13246,382,0.040570956180524566,402480,26.832,0.1452991452991453,0.09146666666666667,LightGBM
0.9182,0.6879520211959183,0.27989371124889284,0.4328767123287671,0.3399677245831092,0.7814288525597336,0.242094306238995,0.242094306238995,0.3065840491902848,0.05697266993693063,0.5671232876712329,316,813,13457,414,0.040570956180524566,430260,28.684,0.14814814814814814,0.07526666666666666,LightGBM
0.9194666666666667,0.6879678605370017,0.2842960288808664,0.4315068493150685,0.34276387377584333,0.7814288525597336,0.242094306238995,0.242094306238995,0.30926782711673656,0.05557112824106517,0.5684931506849316,315,793,13477,415,0.040570956180524566,430860,28.724,0.155,0.07386666666666666,LightGBM
0.9195333333333333,0.6880028990793983,0.2845528455284553,0.4315068493150685,0.3429504627109417,0.7814288525597336,0.242094306238995,0.242094306238995,0.3094540210499474,0.0555010511562719,0.5684931506849316,315,792,13478,415,0.040570956180524566,430840,28.722666666666665,0.165,0.0738,LightGBM
0.9195333333333333,0.6880028990793983,0.2845528455284553,0.4315068493150685,0.3429504627109417,0.7814288525597336,0.242094306238995,0.242094306238995,0.3094540210499474,0.0555010511562719,0.5684931506849316,315,792,13478,415,0.040570956180524566,430840,28.722666666666665,0.17500000000000002,0.0738,LightGBM
0.9267333333333333,0.6761896305113707,0.305993690851735,0.39863013698630134,0.34622248661511,0.7814288525597336,0.242094306238995,0.242094306238995,0.31115070716693577,0.046250875963559916,0.6013698630136987,291,660,13610,439,0.040570956180524566,452200,30.14666666666667,0.185,0.0634,LightGBM
0.9268666666666666,0.676259707596164,0.3066385669125395,0.39863013698630134,0.3466349017272186,0.7814288525597336,0.242094306238995,0.242094306238995,0.31158011587961276,0.046110721793973374,0.6013698630136987,291,658,13612,439,0.040570956180524566,452160,30.144,0.195,0.06326666666666667,LightGBM
0.9268,0.6755747760893147,0.3059071729957806,0.3972602739726027,0.3456495828367104,0.7814288525597336,0.242094306238995,0.242094306238995,0.31052194394005295,0.046110721793973374,0.6027397260273972,290,658,13612,440,0.040570956180524566,453160,30.21066666666667,0.20500000000000002,0.0632,LightGBM
0.9268,0.6755747760893147,0.3059071729957806,0.3972602739726027,0.3456495828367104,0.7814288525597336,0.242094306238995,0.242094306238995,0.31052194394005295,0.046110721793973374,0.6027397260273972,290,658,13612,440,0.040570956180524566,453160,30.21066666666667,0.20967741935483872,0.0632,LightGBM
0.9356666666666666,0.666587149974561,0.34799482535575677,0.3684931506849315,0.3579507651363939,0.7814288525597336,0.242094306238995,0.242094306238995,0.3242638223599608,0.03531885073580939,0.6315068493150685,269,504,13766,461,0.040570956180524566,471080,31.405333333333335,0.215,0.051533333333333334,LightGBM
0.9356666666666666,0.666587149974561,0.34799482535575677,0.3684931506849315,0.3579507651363939,0.7814288525597336,0.242094306238995,0.242094306238995,0.3242638223599608,0.03531885073580939,0.6315068493150685,269,504,13766,461,0.040570956180524566,471080,31.405333333333335,0.225,0.051533333333333334,LightGBM
0.9356666666666666,0.666587149974561,0.34799482535575677,0.3684931506849315,0.3579507651363939,0.7814288525597336,0.242094306238995,0.242094306238995,0.3242638223599608,0.03531885073580939,0.6315068493150685,269,504,13766,461,0.040570956180524566,471080,31.405333333333335,0.23500000000000001,0.051533333333333334,LightGBM
0.9356666666666666,0.666587149974561,0.34799482535575677,0.3684931506849315,0.3579507651363939,0.7814288525597336,0.242094306238995,0.242094306238995,0.3242638223599608,0.03531885073580939,0.6315068493150685,269,504,13766,461,0.040570956180524566,471080,31.405333333333335,0.245,0.051533333333333334,LightGBM
0.9356666666666666,0.666587149974561,0.34799482535575677,0.3684931506849315,0.3579507651363939,0.7814288525597336,0.242094306238995,0.242094306238995,0.3242638223599608,0.03531885073580939,0.6315068493150685,269,504,13766,461,0.040570956180524566,471080,31.405333333333335,0.255,0.051533333333333334,LightGBM
0.9356666666666666,0.666587149974561,0.34799482535575677,0.3684931506849315,0.3579507651363939,0.7814288525597336,0.242094306238995,0.242094306238995,0.3242638223599608,0.03531885073580939,0.6315068493150685,269,504,13766,461,0.040570956180524566,471080,31.405333333333335,0.2619047619047619,0.051533333333333334,LightGBM
0.941,0.6498934444327116,0.37756714060031593,0.3273972602739726,0.3506969919295671,0.7814288525597336,0.242094306238995,0.242094306238995,0.32084934043179,0.027610371408549404,0.6726027397260274,239,394,13876,491,0.040570956180524566,498880,33.25866666666667,0.265,0.0422,LightGBM
0.941,0.6498934444327116,0.37756714060031593,0.3273972602739726,0.3506969919295671,0.7814288525597336,0.242094306238995,0.242094306238995,0.32084934043179,0.027610371408549404,0.6726027397260274,239,394,13876,491,0.040570956180524566,498880,33.25866666666667,0.2679738562091503,0.0422,LightGBM
0.9463333333333334,0.6221515584951666,0.41830065359477125,0.26301369863013696,0.32296047098402014,0.7814288525597336,0.242094306238995,0.242094306238995,0.3052101305664542,0.018710581639803783,0.736986301369863,192,267,14003,538,0.040570956180524566,543340,36.22266666666667,0.275,0.0306,LightGBM
0.9463333333333334,0.6221515584951666,0.41830065359477125,0.26301369863013696,0.32296047098402014,0.7814288525597336,0.242094306238995,0.242094306238995,0.3052101305664542,0.018710581639803783,0.736986301369863,192,267,14003,538,0.040570956180524566,543340,36.22266666666667,0.28500000000000003,0.0306,LightGBM
0.9463333333333334,0.6221515584951666,0.41830065359477125,0.26301369863013696,0.32296047098402014,0.7814288525597336,0.242094306238995,0.242094306238995,0.3052101305664542,0.018710581639803783,0.736986301369863,192,267,14003,538,0.040570956180524566,543340,36.22266666666667,0.295,0.0306,LightGBM
0.9463333333333334,0.6221515584951666,0.41830065359477125,0.26301369863013696,0.32296047098402014,0.7814288525597336,0.242094306238995,0.242094306238995,0.3052101305664542,0.018710581639803783,0.736986301369863,192,267,14003,538,0.040570956180524566,543340,36.22266666666667,0.305,0.0306,LightGBM
0.9464,0.6221865970375632,0.4192139737991266,0.26301369863013696,0.3232323232323232,0.7814288525597336,0.242094306238995,0.242094306238995,0.30562028245592915,0.018640504555010512,0.736986301369863,192,266,14004,538,0.040570956180524566,543320,36.221333333333334,0.315,0.030533333333333332,LightGBM
0.9464,0.6221865970375632,0.4192139737991266,0.26301369863013696,0.3232323232323232,0.7814288525597336,0.242094306238995,0.242094306238995,0.30562028245592915,0.018640504555010512,0.736986301369863,192,266,14004,538,0.040570956180524566,543320,36.221333333333334,0.3235294117647059,0.030533333333333332,LightGBM
0.9499333333333333,0.5668530589127493,0.45414847161572053,0.14246575342465753,0.21689259645464024,0.7814288525597336,0.242094306238995,0.242094306238995,0.2346399760099886,0.008759635599159075,0.8575342465753425,104,125,14145,626,0.040570956180524566,628500,41.9,0.325,0.015266666666666666,LightGBM
0.9498666666666666,0.5642184485125419,0.45045045045045046,0.136986301369863,0.2100840336134454,0.7814288525597336,0.242094306238995,0.242094306238995,0.2288647477021078,0.008549404344779257,0.863013698630137,100,122,14148,630,0.040570956180524566,632440,42.16266666666667,0.335,0.0148,LightGBM
0.9498666666666666,0.5642184485125419,0.45045045045045046,0.136986301369863,0.2100840336134454,0.7814288525597336,0.242094306238995,0.242094306238995,0.2288647477021078,0.008549404344779257,0.863013698630137,100,122,14148,630,0.040570956180524566,632440,42.16266666666667,0.34500000000000003,0.0148,LightGBM
0.9498666666666666,0.5642184485125419,0.45045045045045046,0.136986301369863,0.2100840336134454,0.7814288525597336,0.242094306238995,0.242094306238995,0.2288647477021078,0.008549404344779257,0.863013698630137,100,122,14148,630,0.040570956180524566,632440,42.16266666666667,0.35500000000000004,0.0148,LightGBM
0.9499333333333333,0.5642534870549385,0.45248868778280543,0.136986301369863,0.21030494216614087,0.7814288525597336,0.242094306238995,0.242094306238995,0.2294993462773066,0.008479327259985984,0.863013698630137,100,121,14149,630,0.040570956180524566,632420,42.16133333333333,0.365,0.014733333333333333,LightGBM
0.9499333333333333,0.5642534870549385,0.45248868778280543,0.136986301369863,0.21030494216614087,0.7814288525597336,0.242094306238995,0.242094306238995,0.2294993462773066,0.008479327259985984,0.863013698630137,100,121,14149,630,0.040570956180524566,632420,42.16133333333333,0.375,0.014733333333333333,LightGBM
0.9499333333333333,0.5642534870549385,0.45248868778280543,0.136986301369863,0.21030494216614087,0.7814288525597336,0.242094306238995,0.242094306238995,0.2294993462773066,0.008479327259985984,0.863013698630137,100,121,14149,630,0.040570956180524566,632420,42.16133333333333,0.385,0.014733333333333333,LightGBM
0.95,0.5642885255973351,0.45454545454545453,0.136986301369863,0.21052631578947367,0.7814288525597336,0.242094306238995,0.242094306238995,0.23013799256910286,0.008409250175192713,0.863013698630137,100,120,14150,630,0.040570956180524566,632400,42.16,0.3891891891891892,0.014666666666666666,LightGBM
0.9513333333333334,0.5,0.0,0.0,0.0,0.7814288525597336,0.242094306238995,0.242094306238995,0.0,0.0,1.0,0,0,14270,730,0.040570956180524566,730000,48.666666666666664,0.395,0.0,LightGBM
0.9513333333333334,0.5,0.0,0.0,0.0,0.7814288525597336,0.242094306238995,0.242094306238995,0.0,0.0,1.0,0,0,14270,730,0.040570956180524566,730000,48.666666666666664,0.405,0.0,LightGBM
0.9513333333333334,0.5,0.0,0.0,0.0,0.7814288525597336,0.242094306238995,0.242094306238995,0.0,0.0,1.0,0,0,14270,730,0.040570956180524566,730000,48.666666666666664,0.41500000000000004,0.0,LightGBM
0.9513333333333334,0.5,0.0,0.0,0.0,0.7814288525597336,0.242094306238995,0.242094306238995,0.0,0.0,1.0,0,0,14270,730,0.040570956180524566,730000,48.666666666666664,0.425,0.0,LightGBM
0.9513333333333334,0.5,0.0,0.0,0.0,0.7814288525597336,0.242094306238995,0.242094306238995,0.0,0.0,1.0,0,0,14270,730,0.040570956180524566,730000,48.666666666666664,0.435,0.0,LightGBM
0.9513333333333334,0.5,0.0,0.0,0.0,0.7814288525597336,0.242094306238995,0.242094306238995,0.0,0.0,1.0,0,0,14270,730,0.040570956180524566,730000,48.666666666666664,0.445,0.0,LightGBM
0.9513333333333334,0.5,0.0,0.0,0.0,0.7814288525597336,0.242094306238995,0.242094306238995,0.0,0.0,1.0,0,0,14270,730,0.040570956180524566,730000,48.666666666666664,0.455,0.0,LightGBM
0.9513333333333334,0.5,0.0,0.0,0.0,0.7814288525597336,0.242094306238995,0.242094306238995,0.0,0.0,1.0,0,0,14270,730,0.040570956180524566,730000,48.666666666666664,0.465,0.0,LightGBM
0.9513333333333334,0.5,0.0,0.0,0.0,0.7814288525597336,0.242094306238995,0.242094306238995,0.0,0.0,1.0,0,0,14270,730,0.040570956180524566,730000,48.666666666666664,0.47500000000000003,0.0,LightGBM
0.9513333333333334,0.5,0.0,0.0,0.0,0.7814288525597336,0.242094306238995,0.242094306238995,0.0,0.0,1.0,0,0,14270,730,0.040570956180524566,730000,48.666666666666664,0.485,0.0,LightGBM
0.9513333333333334,0.5,0.0,0.0,0.0,0.7814288525597336,0.242094306238995,0.242094306238995,0.0,0.0,1.0,0,0,14270,730,0.040570956180524566,730000,48.666666666666664,0.495,0.0,LightGBM
0.9513333333333334,0.5,0.0,0.0,0.0,0.7814288525597336,0.242094306238995,0.242094306238995,0.0,0.0,1.0,0,0,14270,730,0.040570956180524566,730000,48.666666666666664,0.505,0.0,LightGBM
0.9513333333333334,0.5,0.0,0.0,0.0,0.7814288525597336,0.242094306238995,0.242094306238995,0.0,0.0,1.0,0,0,14270,730,0.040570956180524566,730000,48.666666666666664,0.515,0.0,LightGBM
0.9513333333333334,0.5,0.0,0.0,0.0,0.7814288525597336,0.242094306238995,0.242094306238995,0.0,0.0,1.0,0,0,14270,730,0.040570956180524566,730000,48.666666666666664,0.525,0.0,LightGBM
0.9513333333333334,0.5,0.0,0.0,0.0,0.7814288525597336,0.242094306238995,0.242094306238995,0.0,0.0,1.0,0,0,14270,730,0.040570956180524566,730000,48.666666666666664,0.535,0.0,LightGBM
0.9513333333333334,0.5,0.0,0.0,0.0,0.7814288525597336,0.242094306238995,0.242094306238995,0.0,0.0,1.0,0,0,14270,730,0.040570956180524566,730000,48.666666666666664,0.545,0.0,LightGBM
0.9513333333333334,0.5,0.0,0.0,0.0,0.7814288525597336,0.242094306238995,0.242094306238995,0.0,0.0,1.0,0,0,14270,730,0.040570956180524566,730000,48.666666666666664,0.555,0.0,LightGBM
0.9513333333333334,0.5,0.0,0.0,0.0,0.7814288525597336,0.242094306238995,0.242094306238995,0.0,0.0,1.0,0,0,14270,730,0.040570956180524566,730000,48.666666666666664,0.5650000000000001,0.0,LightGBM
0.9513333333333334,0.5,0.0,0.0,0.0,0.7814288525597336,0.242094306238995,0.242094306238995,0.0,0.0,1.0,0,0,14270,730,0.040570956180524566,730000,48.666666666666664,0.5750000000000001,0.0,LightGBM
0.9513333333333334,0.5,0.0,0.0,0.0,0.7814288525597336,0.242094306238995,0.242094306238995,0.0,0.0,1.0,0,0,14270,730,0.040570956180524566,730000,48.666666666666664,0.585,0.0,LightGBM
0.9513333333333334,0.5,0.0,0.0,0.0,0.7814288525597336,0.242094306238995,0.242094306238995,0.0,0.0,1.0,0,0,14270,730,0.040570956180524566,730000,48.666666666666664,0.595,0.0,LightGBM
0.9513333333333334,0.5,0.0,0.0,0.0,0.7814288525597336,0.242094306238995,0.242094306238995,0.0,0.0,1.0,0,0,14270,730,0.040570956180524566,730000,48.666666666666664,0.605,0.0,LightGBM
0.9513333333333334,0.5,0.0,0.0,0.0,0.7814288525597336,0.242094306238995,0.242094306238995,0.0,0.0,1.0,0,0,14270,730,0.040570956180524566,730000,48.666666666666664,0.615,0.0,LightGBM
0.9513333333333334,0.5,0.0,0.0,0.0,0.7814288525597336,0.242094306238995,0.242094306238995,0.0,0.0,1.0,0,0,14270,730,0.040570956180524566,730000,48.666666666666664,0.625,0.0,LightGBM
0.9513333333333334,0.5,0.0,0.0,0.0,0.7814288525597336,0.242094306238995,0.242094306238995,0.0,0.0,1.0,0,0,14270,730,0.040570956180524566,730000,48.666666666666664,0.635,0.0,LightGBM
0.9513333333333334,0.5,0.0,0.0,0.0,0.7814288525597336,0.242094306238995,0.242094306238995,0.0,0.0,1.0,0,0,14270,730,0.040570956180524566,730000,48.666666666666664,0.645,0.0,LightGBM
0.9513333333333334,0.5,0.0,0.0,0.0,0.7814288525597336,0.242094306238995,0.242094306238995,0.0,0.0,1.0,0,0,14270,730,0.040570956180524566,730000,48.666666666666664,0.655,0.0,LightGBM
0.9513333333333334,0.5,0.0,0.0,0.0,0.7814288525597336,0.242094306238995,0.242094306238995,0.0,0.0,1.0,0,0,14270,730,0.040570956180524566,730000,48.666666666666664,0.665,0.0,LightGBM
0.9513333333333334,0.5,0.0,0.0,0.0,0.7814288525597336,0.242094306238995,0.242094306238995,0.0,0.0,1.0,0,0,14270,730,0.040570956180524566,730000,48.666666666666664,0.675,0.0,LightGBM
0.9513333333333334,0.5,0.0,0.0,0.0,0.7814288525597336,0.242094306238995,0.242094306238995,0.0,0.0,1.0,0,0,14270,730,0.040570956180524566,730000,48.666666666666664,0.685,0.0,LightGBM
0.9513333333333334,0.5,0.0,0.0,0.0,0.7814288525597336,0.242094306238995,0.242094306238995,0.0,0.0,1.0,0,0,14270,730,0.040570956180524566,730000,48.666666666666664,0.6950000000000001,0.0,LightGBM
0.9513333333333334,0.5,0.0,0.0,0.0,0.7814288525597336,0.242094306238995,0.242094306238995,0.0,0.0,1.0,0,0,14270,730,0.040570956180524566,730000,48.666666666666664,0.7050000000000001,0.0,LightGBM
0.9513333333333334,0.5,0.0,0.0,0.0,0.7814288525597336,0.242094306238995,0.242094306238995,0.0,0.0,1.0,0,0,14270,730,0.040570956180524566,730000,48.666666666666664,0.715,0.0,LightGBM
0.9513333333333334,0.5,0.0,0.0,0.0,0.7814288525597336,0.242094306238995,0.242094306238995,0.0,0.0,1.0,0,0,14270,730,0.040570956180524566,730000,48.666666666666664,0.725,0.0,LightGBM
0.9513333333333334,0.5,0.0,0.0,0.0,0.7814288525597336,0.242094306238995,0.242094306238995,0.0,0.0,1.0,0,0,14270,730,0.040570956180524566,730000,48.666666666666664,0.735,0.0,LightGBM
0.9513333333333334,0.5,0.0,0.0,0.0,0.7814288525597336,0.242094306238995,0.242094306238995,0.0,0.0,1.0,0,0,14270,730,0.040570956180524566,730000,48.666666666666664,0.745,0.0,LightGBM
0.9513333333333334,0.5,0.0,0.0,0.0,0.7814288525597336,0.242094306238995,0.242094306238995,0.0,0.0,1.0,0,0,14270,730,0.040570956180524566,730000,48.666666666666664,0.755,0.0,LightGBM
0.9513333333333334,0.5,0.0,0.0,0.0,0.7814288525597336,0.242094306238995,0.242094306238995,0.0,0.0,1.0,0,0,14270,730,0.040570956180524566,730000,48.666666666666664,0.765,0.0,LightGBM
0.9513333333333334,0.5,0.0,0.0,0.0,0.7814288525597336,0.242094306238995,0.242094306238995,0.0,0.0,1.0,0,0,14270,730,0.040570956180524566,730000,48.666666666666664,0.775,0.0,LightGBM
0.9513333333333334,0.5,0.0,0.0,0.0,0.7814288525597336,0.242094306238995,0.242094306238995,0.0,0.0,1.0,0,0,14270,730,0.040570956180524566,730000,48.666666666666664,0.785,0.0,LightGBM
0.9513333333333334,0.5,0.0,0.0,0.0,0.7814288525597336,0.242094306238995,0.242094306238995,0.0,0.0,1.0,0,0,14270,730,0.040570956180524566,730000,48.666666666666664,0.795,0.0,LightGBM
0.9513333333333334,0.5,0.0,0.0,0.0,0.7814288525597336,0.242094306238995,0.242094306238995,0.0,0.0,1.0,0,0,14270,730,0.040570956180524566,730000,48.666666666666664,0.805,0.0,LightGBM
0.9513333333333334,0.5,0.0,0.0,0.0,0.7814288525597336,0.242094306238995,0.242094306238995,0.0,0.0,1.0,0,0,14270,730,0.040570956180524566,730000,48.666666666666664,0.8150000000000001,0.0,LightGBM
0.9513333333333334,0.5,0.0,0.0,0.0,0.7814288525597336,0.242094306238995,0.242094306238995,0.0,0.0,1.0,0,0,14270,730,0.040570956180524566,730000,48.666666666666664,0.8250000000000001,0.0,LightGBM
0.9513333333333334,0.5,0.0,0.0,0.0,0.7814288525597336,0.242094306238995,0.242094306238995,0.0,0.0,1.0,0,0,14270,730,0.040570956180524566,730000,48.666666666666664,0.8350000000000001,0.0,LightGBM
0.9513333333333334,0.5,0.0,0.0,0.0,0.7814288525597336,0.242094306238995,0.242094306238995,0.0,0.0,1.0,0,0,14270,730,0.040570956180524566,730000,48.666666666666664,0.845,0.0,LightGBM
0.9513333333333334,0.5,0.0,0.0,0.0,0.7814288525597336,0.242094306238995,0.242094306238995,0.0,0.0,1.0,0,0,14270,730,0.040570956180524566,730000,48.666666666666664,0.855,0.0,LightGBM
0.9513333333333334,0.5,0.0,0.0,0.0,0.7814288525597336,0.242094306238995,0.242094306238995,0.0,0.0,1.0,0,0,14270,730,0.040570956180524566,730000,48.666666666666664,0.865,0.0,LightGBM
0.9513333333333334,0.5,0.0,0.0,0.0,0.7814288525597336,0.242094306238995,0.242094306238995,0.0,0.0,1.0,0,0,14270,730,0.040570956180524566,730000,48.666666666666664,0.875,0.0,LightGBM
0.9513333333333334,0.5,0.0,0.0,0.0,0.7814288525597336,0.242094306238995,0.242094306238995,0.0,0.0,1.0,0,0,14270,730,0.040570956180524566,730000,48.666666666666664,0.885,0.0,LightGBM
0.9513333333333334,0.5,0.0,0.0,0.0,0.7814288525597336,0.242094306238995,0.242094306238995,0.0,0.0,1.0,0,0,14270,730,0.040570956180524566,730000,48.666666666666664,0.895,0.0,LightGBM
0.9513333333333334,0.5,0.0,0.0,0.0,0.7814288525597336,0.242094306238995,0.242094306238995,0.0,0.0,1.0,0,0,14270,730,0.040570956180524566,730000,48.666666666666664,0.905,0.0,LightGBM
0.9513333333333334,0.5,0.0,0.0,0.0,0.7814288525597336,0.242094306238995,0.242094306238995,0.0,0.0,1.0,0,0,14270,730,0.040570956180524566,730000,48.666666666666664,0.915,0.0,LightGBM
0.9513333333333334,0.5,0.0,0.0,0.0,0.7814288525597336,0.242094306238995,0.242094306238995,0.0,0.0,1.0,0,0,14270,730,0.040570956180524566,730000,48.666666666666664,0.925,0.0,LightGBM
0.9513333333333334,0.5,0.0,0.0,0.0,0.7814288525597336,0.242094306238995,0.242094306238995,0.0,0.0,1.0,0,0,14270,730,0.040570956180524566,730000,48.666666666666664,0.935,0.0,LightGBM
0.9513333333333334,0.5,0.0,0.0,0.0,0.7814288525597336,0.242094306238995,0.242094306238995,0.0,0.0,1.0,0,0,14270,730,0.040570956180524566,730000,48.666666666666664,0.9450000000000001,0.0,LightGBM
0.9513333333333334,0.5,0.0,0.0,0.0,0.7814288525597336,0.242094306238995,0.242094306238995,0.0,0.0,1.0,0,0,14270,730,0.040570956180524566,730000,48.666666666666664,0.9550000000000001,0.0,LightGBM
0.9513333333333334,0.5,0.0,0.0,0.0,0.7814288525597336,0.242094306238995,0.242094306238995,0.0,0.0,1.0,0,0,14270,730,0.040570956180524566,730000,48.666666666666664,0.965,0.0,LightGBM
0.9513333333333334,0.5,0.0,0.0,0.0,0.7814288525597336,0.242094306238995,0.242094306238995,0.0,0.0,1.0,0,0,14270,730,0.040570956180524566,730000,48.666666666666664,0.975,0.0,LightGBM
0.9513333333333334,0.5,0.0,0.0,0.0,0.7814288525597336,0.242094306238995,0.242094306238995,0.0,0.0,1.0,0,0,14270,730,0.040570956180524566,730000,48.666666666666664,0.985,0.0,LightGBM
0.9513333333333334,0.5,0.0,0.0,0.0,0.7814288525597336,0.242094306238995,0.242094306238995,0.0,0.0,1.0,0,0,14270,730,0.040570956180524566,730000,48.666666666666664,0.995,0.0,LightGBM
0.9513333333333334,0.5,0.0,0.0,0.0,0.7814288525597336,0.242094306238995,0.242094306238995,0.0,0.0,1.0,0,0,14270,730,0.040570956180524566,730000,48.666666666666664,1.000001,0.0,LightGBM
0.048666666666666664,0.5,0.048666666666666664,1.0,0.09281627463445645,0.6448392066890019,0.10740049999254085,0.10740049999254085,0.0,1.0,0.0,730,14270,0,0,0.0451742522418499,285400,19.026666666666667,0.005,1.0,RulesOnly
0.048666666666666664,0.5,0.048666666666666664,1.0,0.09281627463445645,0.6448392066890019,0.10740049999254085,0.10740049999254085,0.0,1.0,0.0,730,14270,0,0,0.0451742522418499,285400,19.026666666666667,0.015,1.0,RulesOnly
0.048666666666666664,0.5,0.048666666666666664,1.0,0.09281627463445645,0.6448392066890019,0.10740049999254085,0.10740049999254085,0.0,1.0,0.0,730,14270,0,0,0.0451742522418499,285400,19.026666666666667,0.025,1.0,RulesOnly
0.048666666666666664,0.5,0.048666666666666664,1.0,0.09281627463445645,0.6448392066890019,0.10740049999254085,0.10740049999254085,0.0,1.0,0.0,730,14270,0,0,0.0451742522418499,285400,19.026666666666667,0.034999999999999996,1.0,RulesOnly
0.048666666666666664,0.5,0.048666666666666664,1.0,0.09281627463445645,0.6448392066890019,0.10740049999254085,0.10740049999254085,0.0,1.0,0.0,730,14270,0,0,0.0451742522418499,285400,19.026666666666667,0.03582426533102989,1.0,RulesOnly
0.6432,0.623354868437473,0.07981818181818182,0.6013698630136987,0.14093097913322633,0.6448392066890019,0.10740049999254085,0.10740049999254085,0.11015813112081575,0.35466012613875264,0.39863013698630134,439,5061,9209,291,0.0451742522418499,392220,26.148,0.044568244367837906,0.36666666666666664,RulesOnly
0.6654666666666667,0.6214099893444432,0.08157689305230288,0.5726027397260274,0.1428083361803895,0.6448392066890019,0.10740049999254085,0.10740049999254085,0.11016984340057298,0.3297827610371409,0.4273972602739726,418,4706,9564,312,0.0451742522418499,406120,27.074666666666666,0.045,0.3416,RulesOnly
0.6654666666666667,0.6214099893444432,0.08157689305230288,0.5726027397260274,0.1428083361803895,0.6448392066890019,0.10740049999254085,0.10740049999254085,0.11016984340057298,0.3297827610371409,0.4273972602739726,418,4706,9564,312,0.0451742522418499,406120,27.074666666666666,0.055,0.3416,RulesOnly
0.6654666666666667,0.6214099893444432,0.08157689305230288,0.5726027397260274,0.1428083361803895,0.6448392066890019,0.10740049999254085,0.10740049999254085,0.11016984340057298,0.3297827610371409,0.4273972602739726,418,4706,9564,312,0.0451742522418499,406120,27.074666666666666,0.0553148053586483,0.3416,RulesOnly
0.7688,0.5938332165381921,0.08789885611077664,0.4,0.1441263573543929,0.6448392066890019,0.10740049999254085,0.10740049999254085,0.09724694494527811,0.212333566923616,0.6,292,3030,11240,438,0.0451742522418499,498600,33.24,0.0553148090839386,0.22146666666666667,RulesOnly
0.9045333333333333,0.5839350683011586,0.1611969111969112,0.22876712328767124,0.18912797281993204,0.6448392066890019,0.10740049999254085,0.10740049999254085,0.14244987178270255,0.06089698668535389,0.7712328767123288,167,869,13401,563,0.0451742522418499,580380,38.692,0.065,0.06906666666666667,RulesOnly
0.9045333333333333,0.5839350683011586,0.1611969111969112,0.22876712328767124,0.18912797281993204,0.6448392066890019,0.10740049999254085,0.10740049999254085,0.14244987178270255,0.06089698668535389,0.7712328767123288,167,869,13401,563,0.0451742522418499,580380,38.692,0.07500000000000001,0.06906666666666667,RulesOnly
0.9045333333333333,0.5839350683011586,0.1611969111969112,0.22876712328767124,0.18912797281993204,0.6448392066890019,0.10740049999254085,0.10740049999254085,0.14244987178270255,0.06089698668535389,0.7712328767123288,167,869,13401,563,0.0451742522418499,580380,38.692,0.085,0.06906666666666667,RulesOnly
0.9045333333333333,0.5839350683011586,0.1611969111969112,0.22876712328767124,0.18912797281993204,0.6448392066890019,0.10740049999254085,0.10740049999254085,0.14244987178270255,0.06089698668535389,0.7712328767123288,167,869,13401,563,0.0451742522418499,580380,38.692,0.095,0.06906666666666667,RulesOnly
0.9045333333333333,0.5839350683011586,0.1611969111969112,0.22876712328767124,0.18912797281993204,0.6448392066890019,0.10740049999254085,0.10740049999254085,0.14244987178270255,0.06089698668535389,0.7712328767123288,167,869,13401,563,0.0451742522418499,580380,38.692,0.10500000000000001,0.06906666666666667,RulesOnly
0.9045333333333333,0.5839350683011586,0.1611969111969112,0.22876712328767124,0.18912797281993204,0.6448392066890019,0.10740049999254085,0.10740049999254085,0.14244987178270255,0.06089698668535389,0.7712328767123288,167,869,13401,563,0.0451742522418499,580380,38.692,0.10619468986988068,0.06906666666666667,RulesOnly
0.9239333333333334,0.5700852444538307,0.19374068554396423,0.1780821917808219,0.18558172733761596,0.6448392066890019,0.10740049999254085,0.10740049999254085,0.1459018515651617,0.03791170287316048,0.821917808219178,130,541,13729,600,0.0451742522418499,610820,40.721333333333334,0.11368909478187561,0.04473333333333333,RulesOnly
0.9445333333333333,0.5386691113649672,0.2801724137931034,0.08904109589041095,0.13513513513513511,0.6448392066890019,0.10740049999254085,0.10740049999254085,0.13485366992149786,0.011702873160476523,0.910958904109589,65,167,14103,665,0.0451742522418499,668340,44.556,0.115,0.015466666666666667,RulesOnly
0.9445333333333333,0.5386691113649672,0.2801724137931034,0.08904109589041095,0.13513513513513511,0.6448392066890019,0.10740049999254085,0.10740049999254085,0.13485366992149786,0.011702873160476523,0.910958904109589,65,167,14103,665,0.0451742522418499,668340,44.556,0.125,0.015466666666666667,RulesOnly
0.9445333333333333,0.5386691113649672,0.2801724137931034,0.08904109589041095,0.13513513513513511,0.6448392066890019,0.10740049999254085,0.10740049999254085,0.13485366992149786,0.011702873160476523,0.910958904109589,65,167,14103,665,0.0451742522418499,668340,44.556,0.12727272510528564,0.015466666666666667,RulesOnly
0.9492,0.5235746992925094,0.35185185185185186,0.052054794520547946,0.09069212410501193,0.6448392066890019,0.10740049999254085,0.10740049999254085,0.11999445638118877,0.004905395935529082,0.947945205479452,38,70,14200,692,0.0451742522418499,693400,46.22666666666667,0.135,0.0072,RulesOnly
0.9492,0.5235746992925094,0.35185185185185186,0.052054794520547946,0.09069212410501193,0.6448392066890019,0.10740049999254085,0.10740049999254085,0.11999445638118877,0.004905395935529082,0.947945205479452,38,70,14200,692,0.0451742522418499,693400,46.22666666666667,0.14500000000000002,0.0072,RulesOnly
0.9492,0.5235746992925094,0.35185185185185186,0.052054794520547946,0.09069212410501193,0.6448392066890019,0.10740049999254085,0.10740049999254085,0.11999445638118877,0.004905395935529082,0.947945205479452,38,70,14200,692,0.0451742522418499,693400,46.22666666666667,0.155,0.0072,RulesOnly
0.9492,0.5235746992925094,0.35185185185185186,0.052054794520547946,0.09069212410501193,0.6448392066890019,0.10740049999254085,0.10740049999254085,0.11999445638118877,0.004905395935529082,0.947945205479452,38,70,14200,692,0.0451742522418499,693400,46.22666666666667,0.165,0.0072,RulesOnly
0.9492,0.5235746992925094,0.35185185185185186,0.052054794520547946,0.09069212410501193,0.6448392066890019,0.10740049999254085,0.10740049999254085,0.11999445638118877,0.004905395935529082,0.947945205479452,38,70,14200,692,0.0451742522418499,693400,46.22666666666667,0.17500000000000002,0.0072,RulesOnly
0.9492,0.5235746992925094,0.35185185185185186,0.052054794520547946,0.09069212410501193,0.6448392066890019,0.10740049999254085,0.10740049999254085,0.11999445638118877,0.004905395935529082,0.947945205479452,38,70,14200,692,0.0451742522418499,693400,46.22666666666667,0.185,0.0072,RulesOnly
0.9492,0.5235746992925094,0.35185185185185186,0.052054794520547946,0.09069212410501193,0.6448392066890019,0.10740049999254085,0.10740049999254085,0.11999445638118877,0.004905395935529082,0.947945205479452,38,70,14200,692,0.0451742522418499,693400,46.22666666666667,0.195,0.0072,RulesOnly
0.9492,0.5235746992925094,0.35185185185185186,0.052054794520547946,0.09069212410501193,0.6448392066890019,0.10740049999254085,0.10740049999254085,0.11999445638118877,0.004905395935529082,0.947945205479452,38,70,14200,692,0.0451742522418499,693400,46.22666666666667,0.20500000000000002,0.0072,RulesOnly
0.9492,0.5235746992925094,0.35185185185185186,0.052054794520547946,0.09069212410501193,0.6448392066890019,0.10740049999254085,0.10740049999254085,0.11999445638118877,0.004905395935529082,0.947945205479452,38,70,14200,692,0.0451742522418499,693400,46.22666666666667,0.215,0.0072,RulesOnly
0.9492,0.5235746992925094,0.35185185185185186,0.052054794520547946,0.09069212410501193,0.6448392066890019,0.10740049999254085,0.10740049999254085,0.11999445638118877,0.004905395935529082,0.947945205479452,38,70,14200,692,0.0451742522418499,693400,46.22666666666667,0.225,0.0072,RulesOnly
0.9508666666666666,0.5049538739188449,0.34782608695652173,0.010958904109589041,0.021248339973439574,0.6448392066890019,0.10740049999254085,0.10740049999254085,0.054484381917266116,0.001051156271899089,0.989041095890411,8,15,14255,722,0.0451742522418499,722300,48.153333333333336,0.23500000000000001,0.0015333333333333334,RulesOnly
0.9508666666666666,0.5049538739188449,0.34782608695652173,0.010958904109589041,0.021248339973439574,0.6448392066890019,0.10740049999254085,0.10740049999254085,0.054484381917266116,0.001051156271899089,0.989041095890411,8,15,14255,722,0.0451742522418499,722300,48.153333333333336,0.245,0.0015333333333333334,RulesOnly
0.9512,0.5005798158796594,0.25,0.0013698630136986301,0.0027247956403269754,0.6448392066890019,0.10740049999254085,0.10740049999254085,0.015281845552499595,0.0002102312543798178,0.9986301369863013,1,3,14267,729,0.0451742522418499,729060,48.604,0.255,0.0002666666666666667,RulesOnly
0.9512,0.5005798158796594,0.25,0.0013698630136986301,0.0027247956403269754,0.6448392066890019,0.10740049999254085,0.10740049999254085,0.015281845552499595,0.0002102312543798178,0.9986301369863013,1,3,14267,729,0.0451742522418499,729060,48.604,0.265,0.0002666666666666667,RulesOnly
0.9512,0.5005798158796594,0.25,0.0013698630136986301,0.0027247956403269754,0.6448392066890019,0.10740049999254085,0.10740049999254085,0.015281845552499595,0.0002102312543798178,0.9986301369863013,1,3,14267,729,0.0451742522418499,729060,48.604,0.275,0.0002666666666666667,RulesOnly
0.9512,0.5005798158796594,0.25,0.0013698630136986301,0.0027247956403269754,0.6448392066890019,0.10740049999254085,0.10740049999254085,0.015281845552499595,0.0002102312543798178,0.9986301369863013,1,3,14267,729,0.0451742522418499,729060,48.604,0.28500000000000003,0.0002666666666666667,RulesOnly
0.9512,0.5005798158796594,0.25,0.0013698630136986301,0.0027247956403269754,0.6448392066890019,0.10740049999254085,0.10740049999254085,0.015281845552499595,0.0002102312543798178,0.9986301369863013,1,3,14267,729,0.0451742522418499,729060,48.604,0.295,0.0002666666666666667,RulesOnly
0.9512,0.5005798158796594,0.25,0.0013698630136986301,0.0027247956403269754,0.6448392066890019,0.10740049999254085,0.10740049999254085,0.015281845552499595,0.0002102312543798178,0.9986301369863013,1,3,14267,729,0.0451742522418499,729060,48.604,0.305,0.0002666666666666667,RulesOnly
0.9512,0.5005798158796594,0.25,0.0013698630136986301,0.0027247956403269754,0.6448392066890019,0.10740049999254085,0.10740049999254085,0.015281845552499595,0.0002102312543798178,0.9986301369863013,1,3,14267,729,0.0451742522418499,729060,48.604,0.315,0.0002666666666666667,RulesOnly
0.9512,0.5005798158796594,0.25,0.0013698630136986301,0.0027247956403269754,0.6448392066890019,0.10740049999254085,0.10740049999254085,0.015281845552499595,0.0002102312543798178,0.9986301369863013,1,3,14267,729,0.0451742522418499,729060,48.604,0.325,0.0002666666666666667,RulesOnly
0.9512,0.5005798158796594,0.25,0.0013698630136986301,0.0027247956403269754,0.6448392066890019,0.10740049999254085,0.10740049999254085,0.015281845552499595,0.0002102312543798178,0.9986301369863013,1,3,14267,729,0.0451742522418499,729060,48.604,0.335,0.0002666666666666667,RulesOnly
0.9512,0.5005798158796594,0.25,0.0013698630136986301,0.0027247956403269754,0.6448392066890019,0.10740049999254085,0.10740049999254085,0.015281845552499595,0.0002102312543798178,0.9986301369863013,1,3,14267,729,0.0451742522418499,729060,48.604,0.34500000000000003,0.0002666666666666667,RulesOnly
0.9512,0.5005798158796594,0.25,0.0013698630136986301,0.0027247956403269754,0.6448392066890019,0.10740049999254085,0.10740049999254085,0.015281845552499595,0.0002102312543798178,0.9986301369863013,1,3,14267,729,0.0451742522418499,729060,48.604,0.35500000000000004,0.0002666666666666667,RulesOnly
0.9512,0.5005798158796594,0.25,0.0013698630136986301,0.0027247956403269754,0.6448392066890019,0.10740049999254085,0.10740049999254085,0.015281845552499595,0.0002102312543798178,0.9986301369863013,1,3,14267,729,0.0451742522418499,729060,48.604,0.365,0.0002666666666666667,RulesOnly
0.9512,0.5005798158796594,0.25,0.0013698630136986301,0.0027247956403269754,0.6448392066890019,0.10740049999254085,0.10740049999254085,0.015281845552499595,0.0002102312543798178,0.9986301369863013,1,3,14267,729,0.0451742522418499,729060,48.604,0.375,0.0002666666666666667,RulesOnly
0.9512,0.5005798158796594,0.25,0.0013698630136986301,0.0027247956403269754,0.6448392066890019,0.10740049999254085,0.10740049999254085,0.015281845552499595,0.0002102312543798178,0.9986301369863013,1,3,14267,729,0.0451742522418499,729060,48.604,0.385,0.0002666666666666667,RulesOnly
0.9512,0.5005798158796594,0.25,0.0013698630136986301,0.0027247956403269754,0.6448392066890019,0.10740049999254085,0.10740049999254085,0.015281845552499595,0.0002102312543798178,0.9986301369863013,1,3,14267,729,0.0451742522418499,729060,48.604,0.395,0.0002666666666666667,RulesOnly
0.9512,0.5005798158796594,0.25,0.0013698630136986301,0.0027247956403269754,0.6448392066890019,0.10740049999254085,0.10740049999254085,0.015281845552499595,0.0002102312543798178,0.9986301369863013,1,3,14267,729,0.0451742522418499,729060,48.604,0.405,0.0002666666666666667,RulesOnly
0.9512,0.5005798158796594,0.25,0.0013698630136986301,0.0027247956403269754,0.6448392066890019,0.10740049999254085,0.10740049999254085,0.015281845552499595,0.0002102312543798178,0.9986301369863013,1,3,14267,729,0.0451742522418499,729060,48.604,0.41500000000000004,0.0002666666666666667,RulesOnly
0.9512,0.5005798158796594,0.25,0.0013698630136986301,0.0027247956403269754,0.6448392066890019,0.10740049999254085,0.10740049999254085,0.015281845552499595,0.0002102312543798178,0.9986301369863013,1,3,14267,729,0.0451742522418499,729060,48.604,0.425,0.0002666666666666667,RulesOnly
0.9512,0.5005798158796594,0.25,0.0013698630136986301,0.0027247956403269754,0.6448392066890019,0.10740049999254085,0.10740049999254085,0.015281845552499595,0.0002102312543798178,0.9986301369863013,1,3,14267,729,0.0451742522418499,729060,48.604,0.435,0.0002666666666666667,RulesOnly
0.9512,0.5005798158796594,0.25,0.0013698630136986301,0.0027247956403269754,0.6448392066890019,0.10740049999254085,0.10740049999254085,0.015281845552499595,0.0002102312543798178,0.9986301369863013,1,3,14267,729,0.0451742522418499,729060,48.604,0.445,0.0002666666666666667,RulesOnly
0.9512,0.5005798158796594,0.25,0.0013698630136986301,0.0027247956403269754,0.6448392066890019,0.10740049999254085,0.10740049999254085,0.015281845552499595,0.0002102312543798178,0.9986301369863013,1,3,14267,729,0.0451742522418499,729060,48.604,0.455,0.0002666666666666667,RulesOnly
0.9512,0.5005798158796594,0.25,0.0013698630136986301,0.0027247956403269754,0.6448392066890019,0.10740049999254085,0.10740049999254085,0.015281845552499595,0.0002102312543798178,0.9986301369863013,1,3,14267,729,0.0451742522418499,729060,48.604,0.465,0.0002666666666666667,RulesOnly
0.9512,0.5005798158796594,0.25,0.0013698630136986301,0.0027247956403269754,0.6448392066890019,0.10740049999254085,0.10740049999254085,0.015281845552499595,0.0002102312543798178,0.9986301369863013,1,3,14267,729,0.0451742522418499,729060,48.604,0.47500000000000003,0.0002666666666666667,RulesOnly
0.9512,0.5005798158796594,0.25,0.0013698630136986301,0.0027247956403269754,0.6448392066890019,0.10740049999254085,0.10740049999254085,0.015281845552499595,0.0002102312543798178,0.9986301369863013,1,3,14267,729,0.0451742522418499,729060,48.604,0.485,0.0002666666666666667,RulesOnly
0.9512,0.5005798158796594,0.25,0.0013698630136986301,0.0027247956403269754,0.6448392066890019,0.10740049999254085,0.10740049999254085,0.015281845552499595,0.0002102312543798178,0.9986301369863013,1,3,14267,729,0.0451742522418499,729060,48.604,0.495,0.0002666666666666667,RulesOnly
0.9512,0.5005798158796594,0.25,0.0013698630136986301,0.0027247956403269754,0.6448392066890019,0.10740049999254085,0.10740049999254085,0.015281845552499595,0.0002102312543798178,0.9986301369863013,1,3,14267,729,0.0451742522418499,729060,48.604,0.505,0.0002666666666666667,RulesOnly
0.9512,0.5005798158796594,0.25,0.0013698630136986301,0.0027247956403269754,0.6448392066890019,0.10740049999254085,0.10740049999254085,0.015281845552499595,0.0002102312543798178,0.9986301369863013,1,3,14267,729,0.0451742522418499,729060,48.604,0.515,0.0002666666666666667,RulesOnly
0.9512,0.5005798158796594,0.25,0.0013698630136986301,0.0027247956403269754,0.6448392066890019,0.10740049999254085,0.10740049999254085,0.015281845552499595,0.0002102312543798178,0.9986301369863013,1,3,14267,729,0.0451742522418499,729060,48.604,0.525,0.0002666666666666667,RulesOnly
0.9512,0.5005798158796594,0.25,0.0013698630136986301,0.0027247956403269754,0.6448392066890019,0.10740049999254085,0.10740049999254085,0.015281845552499595,0.0002102312543798178,0.9986301369863013,1,3,14267,729,0.0451742522418499,729060,48.604,0.535,0.0002666666666666667,RulesOnly
0.9512,0.5005798158796594,0.25,0.0013698630136986301,0.0027247956403269754,0.6448392066890019,0.10740049999254085,0.10740049999254085,0.015281845552499595,0.0002102312543798178,0.9986301369863013,1,3,14267,729,0.0451742522418499,729060,48.604,0.545,0.0002666666666666667,RulesOnly
0.9512,0.5005798158796594,0.25,0.0013698630136986301,0.0027247956403269754,0.6448392066890019,0.10740049999254085,0.10740049999254085,0.015281845552499595,0.0002102312543798178,0.9986301369863013,1,3,14267,729,0.0451742522418499,729060,48.604,0.555,0.0002666666666666667,RulesOnly
0.9512,0.5005798158796594,0.25,0.0013698630136986301,0.0027247956403269754,0.6448392066890019,0.10740049999254085,0.10740049999254085,0.015281845552499595,0.0002102312543798178,0.9986301369863013,1,3,14267,729,0.0451742522418499,729060,48.604,0.5650000000000001,0.0002666666666666667,RulesOnly
0.9512,0.5005798158796594,0.25,0.0013698630136986301,0.0027247956403269754,0.6448392066890019,0.10740049999254085,0.10740049999254085,0.015281845552499595,0.0002102312543798178,0.9986301369863013,1,3,14267,729,0.0451742522418499,729060,48.604,0.5750000000000001,0.0002666666666666667,RulesOnly
0.9512,0.5005798158796594,0.25,0.0013698630136986301,0.0027247956403269754,0.6448392066890019,0.10740049999254085,0.10740049999254085,0.015281845552499595,0.0002102312543798178,0.9986301369863013,1,3,14267,729,0.0451742522418499,729060,48.604,0.585,0.0002666666666666667,RulesOnly
0.9512,0.5005798158796594,0.25,0.0013698630136986301,0.0027247956403269754,0.6448392066890019,0.10740049999254085,0.10740049999254085,0.015281845552499595,0.0002102312543798178,0.9986301369863013,1,3,14267,729,0.0451742522418499,729060,48.604,0.595,0.0002666666666666667,RulesOnly
0.9512,0.5005798158796594,0.25,0.0013698630136986301,0.0027247956403269754,0.6448392066890019,0.10740049999254085,0.10740049999254085,0.015281845552499595,0.0002102312543798178,0.9986301369863013,1,3,14267,729,0.0451742522418499,729060,48.604,0.605,0.0002666666666666667,RulesOnly
0.9512,0.5005798158796594,0.25,0.0013698630136986301,0.0027247956403269754,0.6448392066890019,0.10740049999254085,0.10740049999254085,0.015281845552499595,0.0002102312543798178,0.9986301369863013,1,3,14267,729,0.0451742522418499,729060,48.604,0.615,0.0002666666666666667,RulesOnly
0.9512,0.5005798158796594,0.25,0.0013698630136986301,0.0027247956403269754,0.6448392066890019,0.10740049999254085,0.10740049999254085,0.015281845552499595,0.0002102312543798178,0.9986301369863013,1,3,14267,729,0.0451742522418499,729060,48.604,0.625,0.0002666666666666667,RulesOnly
0.9512,0.5005798158796594,0.25,0.0013698630136986301,0.0027247956403269754,0.6448392066890019,0.10740049999254085,0.10740049999254085,0.015281845552499595,0.0002102312543798178,0.9986301369863013,1,3,14267,729,0.0451742522418499,729060,48.604,0.635,0.0002666666666666667,RulesOnly
0.9512,0.5005798158796594,0.25,0.0013698630136986301,0.0027247956403269754,0.6448392066890019,0.10740049999254085,0.10740049999254085,0.015281845552499595,0.0002102312543798178,0.9986301369863013,1,3,14267,729,0.0451742522418499,729060,48.604,0.645,0.0002666666666666667,RulesOnly
0.9512,0.5005798158796594,0.25,0.0013698630136986301,0.0027247956403269754,0.6448392066890019,0.10740049999254085,0.10740049999254085,0.015281845552499595,0.0002102312543798178,0.9986301369863013,1,3,14267,729,0.0451742522418499,729060,48.604,0.655,0.0002666666666666667,RulesOnly
0.9512,0.5005798158796594,0.25,0.0013698630136986301,0.0027247956403269754,0.6448392066890019,0.10740049999254085,0.10740049999254085,0.015281845552499595,0.0002102312543798178,0.9986301369863013,1,3,14267,729,0.0451742522418499,729060,48.604,0.665,0.0002666666666666667,RulesOnly
0.9512,0.5005798158796594,0.25,0.0013698630136986301,0.0027247956403269754,0.6448392066890019,0.10740049999254085,0.10740049999254085,0.015281845552499595,0.0002102312543798178,0.9986301369863013,1,3,14267,729,0.0451742522418499,729060,48.604,0.675,0.0002666666666666667,RulesOnly
0.9512,0.5005798158796594,0.25,0.0013698630136986301,0.0027247956403269754,0.6448392066890019,0.10740049999254085,0.10740049999254085,0.015281845552499595,0.0002102312543798178,0.9986301369863013,1,3,14267,729,0.0451742522418499,729060,48.604,0.685,0.0002666666666666667,RulesOnly
0.9512,0.5005798158796594,0.25,0.0013698630136986301,0.0027247956403269754,0.6448392066890019,0.10740049999254085,0.10740049999254085,0.015281845552499595,0.0002102312543798178,0.9986301369863013,1,3,14267,729,0.0451742522418499,729060,48.604,0.6950000000000001,0.0002666666666666667,RulesOnly
0.9512,0.5005798158796594,0.25,0.0013698630136986301,0.0027247956403269754,0.6448392066890019,0.10740049999254085,0.10740049999254085,0.015281845552499595,0.0002102312543798178,0.9986301369863013,1,3,14267,729,0.0451742522418499,729060,48.604,0.7050000000000001,0.0002666666666666667,RulesOnly
0.9512,0.5005798158796594,0.25,0.0013698630136986301,0.0027247956403269754,0.6448392066890019,0.10740049999254085,0.10740049999254085,0.015281845552499595,0.0002102312543798178,0.9986301369863013,1,3,14267,729,0.0451742522418499,729060,48.604,0.715,0.0002666666666666667,RulesOnly
0.9512,0.5005798158796594,0.25,0.0013698630136986301,0.0027247956403269754,0.6448392066890019,0.10740049999254085,0.10740049999254085,0.015281845552499595,0.0002102312543798178,0.9986301369863013,1,3,14267,729,0.0451742522418499,729060,48.604,0.725,0.0002666666666666667,RulesOnly
0.9512,0.5005798158796594,0.25,0.0013698630136986301,0.0027247956403269754,0.6448392066890019,0.10740049999254085,0.10740049999254085,0.015281845552499595,0.0002102312543798178,0.9986301369863013,1,3,14267,729,0.0451742522418499,729060,48.604,0.735,0.0002666666666666667,RulesOnly
0.9512,0.5005798158796594,0.25,0.0013698630136986301,0.0027247956403269754,0.6448392066890019,0.10740049999254085,0.10740049999254085,0.015281845552499595,0.0002102312543798178,0.9986301369863013,1,3,14267,729,0.0451742522418499,729060,48.604,0.745,0.0002666666666666667,RulesOnly
0.9512,0.5005798158796594,0.25,0.0013698630136986301,0.0027247956403269754,0.6448392066890019,0.10740049999254085,0.10740049999254085,0.015281845552499595,0.0002102312543798178,0.9986301369863013,1,3,14267,729,0.0451742522418499,729060,48.604,0.755,0.0002666666666666667,RulesOnly
0.9512,0.5005798158796594,0.25,0.0013698630136986301,0.0027247956403269754,0.6448392066890019,0.10740049999254085,0.10740049999254085,0.015281845552499595,0.0002102312543798178,0.9986301369863013,1,3,14267,729,0.0451742522418499,729060,48.604,0.765,0.0002666666666666667,RulesOnly
0.9512,0.5005798158796594,0.25,0.0013698630136986301,0.0027247956403269754,0.6448392066890019,0.10740049999254085,0.10740049999254085,0.015281845552499595,0.0002102312543798178,0.9986301369863013,1,3,14267,729,0.0451742522418499,729060,48.604,0.775,0.0002666666666666667,RulesOnly
0.9512,0.5005798158796594,0.25,0.0013698630136986301,0.0027247956403269754,0.6448392066890019,0.10740049999254085,0.10740049999254085,0.015281845552499595,0.0002102312543798178,0.9986301369863013,1,3,14267,729,0.0451742522418499,729060,48.604,0.785,0.0002666666666666667,RulesOnly
0.9512,0.5005798158796594,0.25,0.0013698630136986301,0.0027247956403269754,0.6448392066890019,0.10740049999254085,0.10740049999254085,0.015281845552499595,0.0002102312543798178,0.9986301369863013,1,3,14267,729,0.0451742522418499,729060,48.604,0.795,0.0002666666666666667,RulesOnly
0.9512,0.5005798158796594,0.25,0.0013698630136986301,0.0027247956403269754,0.6448392066890019,0.10740049999254085,0.10740049999254085,0.015281845552499595,0.0002102312543798178,0.9986301369863013,1,3,14267,729,0.0451742522418499,729060,48.604,0.805,0.0002666666666666667,RulesOnly
0.9512,0.5005798158796594,0.25,0.0013698630136986301,0.0027247956403269754,0.6448392066890019,0.10740049999254085,0.10740049999254085,0.015281845552499595,0.0002102312543798178,0.9986301369863013,1,3,14267,729,0.0451742522418499,729060,48.604,0.8150000000000001,0.0002666666666666667,RulesOnly
0.9512,0.5005798158796594,0.25,0.0013698630136986301,0.0027247956403269754,0.6448392066890019,0.10740049999254085,0.10740049999254085,0.015281845552499595,0.0002102312543798178,0.9986301369863013,1,3,14267,729,0.0451742522418499,729060,48.604,0.8250000000000001,0.0002666666666666667,RulesOnly
0.9512,0.5005798158796594,0.25,0.0013698630136986301,0.0027247956403269754,0.6448392066890019,0.10740049999254085,0.10740049999254085,0.015281845552499595,0.0002102312543798178,0.9986301369863013,1,3,14267,729,0.0451742522418499,729060,48.604,0.8350000000000001,0.0002666666666666667,RulesOnly
0.9512,0.5005798158796594,0.25,0.0013698630136986301,0.0027247956403269754,0.6448392066890019,0.10740049999254085,0.10740049999254085,0.015281845552499595,0.0002102312543798178,0.9986301369863013,1,3,14267,729,0.0451742522418499,729060,48.604,0.845,0.0002666666666666667,RulesOnly
0.9512,0.5005798158796594,0.25,0.0013698630136986301,0.0027247956403269754,0.6448392066890019,0.10740049999254085,0.10740049999254085,0.015281845552499595,0.0002102312543798178,0.9986301369863013,1,3,14267,729,0.0451742522418499,729060,48.604,0.855,0.0002666666666666667,RulesOnly
0.9512,0.5005798158796594,0.25,0.0013698630136986301,0.0027247956403269754,0.6448392066890019,0.10740049999254085,0.10740049999254085,0.015281845552499595,0.0002102312543798178,0.9986301369863013,1,3,14267,729,0.0451742522418499,729060,48.604,0.865,0.0002666666666666667,RulesOnly
0.9512,0.5005798158796594,0.25,0.0013698630136986301,0.0027247956403269754,0.6448392066890019,0.10740049999254085,0.10740049999254085,0.015281845552499595,0.0002102312543798178,0.9986301369863013,1,3,14267,729,0.0451742522418499,729060,48.604,0.875,0.0002666666666666667,RulesOnly
0.9512,0.5005798158796594,0.25,0.0013698630136986301,0.0027247956403269754,0.6448392066890019,0.10740049999254085,0.10740049999254085,0.015281845552499595,0.0002102312543798178,0.9986301369863013,1,3,14267,729,0.0451742522418499,729060,48.604,0.885,0.0002666666666666667,RulesOnly
0.9512,0.5005798158796594,0.25,0.0013698630136986301,0.0027247956403269754,0.6448392066890019,0.10740049999254085,0.10740049999254085,0.015281845552499595,0.0002102312543798178,0.9986301369863013,1,3,14267,729,0.0451742522418499,729060,48.604,0.895,0.0002666666666666667,RulesOnly
0.9512,0.5005798158796594,0.25,0.0013698630136986301,0.0027247956403269754,0.6448392066890019,0.10740049999254085,0.10740049999254085,0.015281845552499595,0.0002102312543798178,0.9986301369863013,1,3,14267,729,0.0451742522418499,729060,48.604,0.905,0.0002666666666666667,RulesOnly
0.9512,0.5005798158796594,0.25,0.0013698630136986301,0.0027247956403269754,0.6448392066890019,0.10740049999254085,0.10740049999254085,0.015281845552499595,0.0002102312543798178,0.9986301369863013,1,3,14267,729,0.0451742522418499,729060,48.604,0.915,0.0002666666666666667,RulesOnly
0.9512,0.5005798158796594,0.25,0.0013698630136986301,0.0027247956403269754,0.6448392066890019,0.10740049999254085,0.10740049999254085,0.015281845552499595,0.0002102312543798178,0.9986301369863013,1,3,14267,729,0.0451742522418499,729060,48.604,0.925,0.0002666666666666667,RulesOnly
0.9512,0.5005798158796594,0.25,0.0013698630136986301,0.0027247956403269754,0.6448392066890019,0.10740049999254085,0.10740049999254085,0.015281845552499595,0.0002102312543798178,0.9986301369863013,1,3,14267,729,0.0451742522418499,729060,48.604,0.935,0.0002666666666666667,RulesOnly
0.9512,0.5005798158796594,0.25,0.0013698630136986301,0.0027247956403269754,0.6448392066890019,0.10740049999254085,0.10740049999254085,0.015281845552499595,0.0002102312543798178,0.9986301369863013,1,3,14267,729,0.0451742522418499,729060,48.604,0.9450000000000001,0.0002666666666666667,RulesOnly
0.9512,0.5005798158796594,0.25,0.0013698630136986301,0.0027247956403269754,0.6448392066890019,0.10740049999254085,0.10740049999254085,0.015281845552499595,0.0002102312543798178,0.9986301369863013,1,3,14267,729,0.0451742522418499,729060,48.604,0.9550000000000001,0.0002666666666666667,RulesOnly
0.9512,0.5005798158796594,0.25,0.0013698630136986301,0.0027247956403269754,0.6448392066890019,0.10740049999254085,0.10740049999254085,0.015281845552499595,0.0002102312543798178,0.9986301369863013,1,3,14267,729,0.0451742522418499,729060,48.604,0.965,0.0002666666666666667,RulesOnly
0.9512,0.5005798158796594,0.25,0.0013698630136986301,0.0027247956403269754,0.6448392066890019,0.10740049999254085,0.10740049999254085,0.015281845552499595,0.0002102312543798178,0.9986301369863013,1,3,14267,729,0.0451742522418499,729060,48.604,0.975,0.0002666666666666667,RulesOnly
0.9512,0.5005798158796594,0.25,0.0013698630136986301,0.0027247956403269754,0.6448392066890019,0.10740049999254085,0.10740049999254085,0.015281845552499595,0.0002102312543798178,0.9986301369863013,1,3,14267,729,0.0451742522418499,729060,48.604,0.985,0.0002666666666666667,RulesOnly
0.9512,0.5005798158796594,0.25,0.0013698630136986301,0.0027247956403269754,0.6448392066890019,0.10740049999254085,0.10740049999254085,0.015281845552499595,0.0002102312543798178,0.9986301369863013,1,3,14267,729,0.0451742522418499,729060,48.604,0.995,0.0002666666666666667,RulesOnly
0.9512,0.5005798158796594,0.25,0.0013698630136986301,0.0027247956403269754,0.6448392066890019,0.10740049999254085,0.10740049999254085,0.015281845552499595,0.0002102312543798178,0.9986301369863013,1,3,14267,729,0.0451742522418499,729060,48.604,1.0,0.0002666666666666667,RulesOnly
0.9513333333333334,0.5,0.0,0.0,0.0,0.6448392066890019,0.10740049999254085,0.10740049999254085,0.0,0.0,1.0,0,0,14270,730,0.0451742522418499,730000,48.666666666666664,1.000001,0.0,RulesOnly
0.048666666666666664,0.5,0.048666666666666664,1.0,0.09281627463445645,0.5858162540438318,0.06965015087033266,0.06965015087033266,0.0,1.0,0.0,730,14270,0,0,0.04606505987524565,285400,19.026666666666667,0.0,1.0,IsolationForest
0.04973333333333333,0.5005606166783462,0.04871863320875601,1.0,0.09291078019600357,0.5858162540438318,0.06965015087033266,0.06965015087033266,0.007390869816612755,0.9988787666433077,0.0,730,14254,16,0,0.04606505987524565,285080,19.005333333333333,0.005,0.9989333333333333,IsolationForest
0.04973333333333333,0.5005606166783462,0.04871863320875601,1.0,0.09291078019600357,0.5858162540438318,0.06965015087033266,0.06965015087033266,0.007390869816612755,0.9988787666433077,0.0,730,14254,16,0,0.04606505987524565,285080,19.005333333333333,0.015,0.9989333333333333,IsolationForest
0.04973333333333333,0.5005606166783462,0.04871863320875601,1.0,0.09291078019600357,0.5858162540438318,0.06965015087033266,0.06965015087033266,0.007390869816612755,0.9988787666433077,0.0,730,14254,16,0,0.04606505987524565,285080,19.005333333333333,0.025,0.9989333333333333,IsolationForest
0.04973333333333333,0.5005606166783462,0.04871863320875601,1.0,0.09291078019600357,0.5858162540438318,0.06965015087033266,0.06965015087033266,0.007390869816612755,0.9988787666433077,0.0,730,14254,16,0,0.04606505987524565,285080,19.005333333333333,0.030956329463792145,0.9989333333333333,IsolationForest
0.15513333333333335,0.5221621180558889,0.0509812767877284,0.9287671232876712,0.09665692494119325,0.5858162540438318,0.06965015087033266,0.06965015087033266,0.030078281979673844,0.8844428871758935,0.07123287671232877,678,12621,1649,52,0.04606505987524565,304420,20.294666666666668,0.03425266903914591,0.8866,IsolationForest
0.2918,0.5335510842748942,0.052878965922444184,0.8013698630136986,0.09921139659119815,0.5858162540438318,0.06965015087033266,0.06965015087033266,0.03281639031980876,0.7342676944639103,0.19863013698630136,585,10478,3792,145,0.04606505987524565,354560,23.637333333333334,0.034999999999999996,0.7375333333333334,IsolationForest
0.2918,0.5335510842748942,0.052878965922444184,0.8013698630136986,0.09921139659119815,0.5858162540438318,0.06965015087033266,0.06965015087033266,0.03281639031980876,0.7342676944639103,0.19863013698630136,585,10478,3792,145,0.04606505987524565,354560,23.637333333333334,0.035897435897435895,0.7375333333333334,IsolationForest
0.3024,0.5332731758358852,0.05291199706044461,0.7890410958904109,0.09917355371900828,0.5858162540438318,0.06965015087033266,0.06965015087033266,0.032094555019320584,0.7224947442186405,0.21095890410958903,576,10310,3960,154,0.04606505987524565,360200,24.013333333333332,0.040457343887423045,0.7257333333333333,IsolationForest
0.4461333333333333,0.5464265486555759,0.05621925509486999,0.6575342465753424,0.10358221838584375,0.5858162540438318,0.06965015087033266,0.06965015087033266,0.040346722349559785,0.5646811492641907,0.3424657534246575,480,8058,6212,250,0.04606505987524565,411160,27.410666666666668,0.04492249288199937,0.5692,IsolationForest
0.6368666666666667,0.5647853049313148,0.06525345622119816,0.4849315068493151,0.11502843216896831,0.5858162540438318,0.06965015087033266,0.06965015087033266,0.05802439981378512,0.3553608969866853,0.5150684931506849,354,5071,9199,376,0.04606505987524565,477420,31.828,0.045,0.3616666666666667,IsolationForest
0.637,0.5648553820161082,0.065277521666974,0.4849315068493151,0.11506582155046319,0.5858162540438318,0.06965015087033266,0.06965015087033266,0.05809180731065518,0.3552207428170988,0.5150684931506849,354,5069,9201,376,0.04606505987524565,477380,31.825333333333333,0.051089108910891086,0.3615333333333333,IsolationForest
0.7888,0.5608019506388534,0.07790858725761773,0.3082191780821918,0.12437810945273632,0.5858162540438318,0.06965015087033266,0.06965015087033266,0.06636122574905323,0.18661527680448492,0.6917808219178082,225,2663,11607,505,0.04606505987524565,558260,37.217333333333336,0.055,0.19253333333333333,IsolationForest
0.7888,0.5608019506388534,0.07790858725761773,0.3082191780821918,0.12437810945273632,0.5858162540438318,0.06965015087033266,0.06965015087033266,0.06636122574905323,0.18661527680448492,0.6917808219178082,225,2663,11607,505,0.04606505987524565,558260,37.217333333333336,0.06039603960396041,0.19253333333333333,IsolationForest
0.8520666666666666,0.5596092002572692,0.09383524277141299,0.2356164383561644,0.13421771361685525,0.5858162540438318,0.06965015087033266,0.06965015087033266,0.0783234947505953,0.11639803784162579,0.7643835616438356,172,1661,12609,558,0.04606505987524565,591220,39.41466666666667,0.065,0.1222,IsolationForest
0.8520666666666666,0.5596092002572692,0.09383524277141299,0.2356164383561644,0.13421771361685525,0.5858162540438318,0.06965015087033266,0.06965015087033266,0.0783234947505953,0.11639803784162579,0.7643835616438356,172,1661,12609,558,0.04606505987524565,591220,39.41466666666667,0.06976744186046512,0.1222,IsolationForest
0.8662,0.5546894049207554,0.09665192672141504,0.2095890410958904,0.13229571984435795,0.5858162540438318,0.06965015087033266,0.06965015087033266,0.07660170614858483,0.10021023125437982,0.7904109589041096,153,1430,12840,577,0.04606505987524565,605600,40.373333333333335,0.07246376811594203,0.10553333333333334,IsolationForest
0.9089333333333334,0.5414049975521018,0.11778846153846154,0.13424657534246576,0.1254801536491677,0.5858162540438318,0.06965015087033266,0.06965015087033266,0.07784670559857547,0.051436580238262086,0.8657534246575342,98,734,13536,632,0.04606505987524565,646680,43.112,0.07500000000000001,0.055466666666666664,IsolationForest
0.9089333333333334,0.5414049975521018,0.11778846153846154,0.13424657534246576,0.1254801536491677,0.5858162540438318,0.06965015087033266,0.06965015087033266,0.07784670559857547,0.051436580238262086,0.8657534246575342,98,734,13536,632,0.04606505987524565,646680,43.112,0.07643312101910828,0.055466666666666664,IsolationForest
0.9167333333333333,0.5305569688300967,0.11210762331838565,0.10273972602739725,0.10721944245889921,0.5858162540438318,0.06965015087033266,0.06965015087033266,0.06370336542853015,0.041625788367203924,0.8972602739726028,75,594,13676,655,0.04606505987524565,666880,44.458666666666666,0.085,0.0446,IsolationForest
0.9167333333333333,0.5305569688300967,0.11210762331838565,0.10273972602739725,0.10721944245889921,0.5858162540438318,0.06965015087033266,0.06965015087033266,0.06370336542853015,0.041625788367203924,0.8972602739726028,75,594,13676,655,0.04606505987524565,666880,44.458666666666666,0.09022556390977443,0.0446,IsolationForest
0.9456666666666667,0.5061202253986234,0.12389380530973451,0.019178082191780823,0.033214709371293,0.5858162540438318,0.06965015087033266,0.06965015087033266,0.030459867736611697,0.006937631394533988,0.9808219178082191,14,99,14171,716,0.04606505987524565,717980,47.86533333333333,0.095,0.007533333333333334,IsolationForest
0.9506666666666667,0.49964961457603363,0.0,0.0,0.0,0.5858162540438318,0.06965015087033266,0.06965015087033266,-0.005841826131821192,0.000700770847932726,1.0,0,10,14260,730,0.04606505987524565,730200,48.68,0.10500000000000001,0.0006666666666666666,IsolationForest
0.9506666666666667,0.49964961457603363,0.0,0.0,0.0,0.5858162540438318,0.06965015087033266,0.06965015087033266,-0.005841826131821192,0.000700770847932726,1.0,0,10,14260,730,0.04606505987524565,730200,48.68,0.115,0.0006666666666666666,IsolationForest
0.9506666666666667,0.49964961457603363,0.0,0.0,0.0,0.5858162540438318,0.06965015087033266,0.06965015087033266,-0.005841826131821192,0.000700770847932726,1.0,0,10,14260,730,0.04606505987524565,730200,48.68,0.125,0.0006666666666666666,IsolationForest
0.9506666666666667,0.49964961457603363,0.0,0.0,0.0,0.5858162540438318,0.06965015087033266,0.06965015087033266,-0.005841826131821192,0.000700770847932726,1.0,0,10,14260,730,0.04606505987524565,730200,48.68,0.135,0.0006666666666666666,IsolationForest
0.9506666666666667,0.49964961457603363,0.0,0.0,0.0,0.5858162540438318,0.06965015087033266,0.06965015087033266,-0.005841826131821192,0.000700770847932726,1.0,0,10,14260,730,0.04606505987524565,730200,48.68,0.14500000000000002,0.0006666666666666666,IsolationForest
0.9506666666666667,0.49964961457603363,0.0,0.0,0.0,0.5858162540438318,0.06965015087033266,0.06965015087033266,-0.005841826131821192,0.000700770847932726,1.0,0,10,14260,730,0.04606505987524565,730200,48.68,0.155,0.0006666666666666666,IsolationForest
0.9506666666666667,0.49964961457603363,0.0,0.0,0.0,0.5858162540438318,0.06965015087033266,0.06965015087033266,-0.005841826131821192,0.000700770847932726,1.0,0,10,14260,730,0.04606505987524565,730200,48.68,0.165,0.0006666666666666666,IsolationForest
0.9506666666666667,0.49964961457603363,0.0,0.0,0.0,0.5858162540438318,0.06965015087033266,0.06965015087033266,-0.005841826131821192,0.000700770847932726,1.0,0,10,14260,730,0.04606505987524565,730200,48.68,0.17500000000000002,0.0006666666666666666,IsolationForest
0.9506666666666667,0.49964961457603363,0.0,0.0,0.0,0.5858162540438318,0.06965015087033266,0.06965015087033266,-0.005841826131821192,0.000700770847932726,1.0,0,10,14260,730,0.04606505987524565,730200,48.68,0.185,0.0006666666666666666,IsolationForest
0.9506666666666667,0.49964961457603363,0.0,0.0,0.0,0.5858162540438318,0.06965015087033266,0.06965015087033266,-0.005841826131821192,0.000700770847932726,1.0,0,10,14260,730,0.04606505987524565,730200,48.68,0.195,0.0006666666666666666,IsolationForest
0.9506666666666667,0.49964961457603363,0.0,0.0,0.0,0.5858162540438318,0.06965015087033266,0.06965015087033266,-0.005841826131821192,0.000700770847932726,1.0,0,10,14260,730,0.04606505987524565,730200,48.68,0.20500000000000002,0.0006666666666666666,IsolationForest
0.9506666666666667,0.49964961457603363,0.0,0.0,0.0,0.5858162540438318,0.06965015087033266,0.06965015087033266,-0.005841826131821192,0.000700770847932726,1.0,0,10,14260,730,0.04606505987524565,730200,48.68,0.215,0.0006666666666666666,IsolationForest
0.9506666666666667,0.49964961457603363,0.0,0.0,0.0,0.5858162540438318,0.06965015087033266,0.06965015087033266,-0.005841826131821192,0.000700770847932726,1.0,0,10,14260,730,0.04606505987524565,730200,48.68,0.225,0.0006666666666666666,IsolationForest
0.9506666666666667,0.49964961457603363,0.0,0.0,0.0,0.5858162540438318,0.06965015087033266,0.06965015087033266,-0.005841826131821192,0.000700770847932726,1.0,0,10,14260,730,0.04606505987524565,730200,48.68,0.23500000000000001,0.0006666666666666666,IsolationForest
0.9506666666666667,0.49964961457603363,0.0,0.0,0.0,0.5858162540438318,0.06965015087033266,0.06965015087033266,-0.005841826131821192,0.000700770847932726,1.0,0,10,14260,730,0.04606505987524565,730200,48.68,0.245,0.0006666666666666666,IsolationForest
0.9507333333333333,0.4996846531184303,0.0,0.0,0.0,0.5858162540438318,0.06965015087033266,0.06965015087033266,-0.005541858032620976,0.0006306937631394534,1.0,0,9,14261,730,0.04606505987524565,730180,48.678666666666665,0.255,0.0006,IsolationForest
0.9507333333333333,0.4996846531184303,0.0,0.0,0.0,0.5858162540438318,0.06965015087033266,0.06965015087033266,-0.005541858032620976,0.0006306937631394534,1.0,0,9,14261,730,0.04606505987524565,730180,48.678666666666665,0.265,0.0006,IsolationForest
0.9507333333333333,0.4996846531184303,0.0,0.0,0.0,0.5858162540438318,0.06965015087033266,0.06965015087033266,-0.005541858032620976,0.0006306937631394534,1.0,0,9,14261,730,0.04606505987524565,730180,48.678666666666665,0.275,0.0006,IsolationForest
0.9507333333333333,0.4996846531184303,0.0,0.0,0.0,0.5858162540438318,0.06965015087033266,0.06965015087033266,-0.005541858032620976,0.0006306937631394534,1.0,0,9,14261,730,0.04606505987524565,730180,48.678666666666665,0.28500000000000003,0.0006,IsolationForest
0.9507333333333333,0.4996846531184303,0.0,0.0,0.0,0.5858162540438318,0.06965015087033266,0.06965015087033266,-0.005541858032620976,0.0006306937631394534,1.0,0,9,14261,730,0.04606505987524565,730180,48.678666666666665,0.295,0.0006,IsolationForest
0.9507333333333333,0.4996846531184303,0.0,0.0,0.0,0.5858162540438318,0.06965015087033266,0.06965015087033266,-0.005541858032620976,0.0006306937631394534,1.0,0,9,14261,730,0.04606505987524565,730180,48.678666666666665,0.305,0.0006,IsolationForest
0.9507333333333333,0.4996846531184303,0.0,0.0,0.0,0.5858162540438318,0.06965015087033266,0.06965015087033266,-0.005541858032620976,0.0006306937631394534,1.0,0,9,14261,730,0.04606505987524565,730180,48.678666666666665,0.315,0.0006,IsolationForest
0.9507333333333333,0.4996846531184303,0.0,0.0,0.0,0.5858162540438318,0.06965015087033266,0.06965015087033266,-0.005541858032620976,0.0006306937631394534,1.0,0,9,14261,730,0.04606505987524565,730180,48.678666666666665,0.325,0.0006,IsolationForest
0.9507333333333333,0.4996846531184303,0.0,0.0,0.0,0.5858162540438318,0.06965015087033266,0.06965015087033266,-0.005541858032620976,0.0006306937631394534,1.0,0,9,14261,730,0.04606505987524565,730180,48.678666666666665,0.3333333333333333,0.0006,IsolationForest
0.9513333333333334,0.5,0.0,0.0,0.0,0.5858162540438318,0.06965015087033266,0.06965015087033266,0.0,0.0,1.0,0,0,14270,730,0.04606505987524565,730000,48.666666666666664,0.335,0.0,IsolationForest
0.9513333333333334,0.5,0.0,0.0,0.0,0.5858162540438318,0.06965015087033266,0.06965015087033266,0.0,0.0,1.0,0,0,14270,730,0.04606505987524565,730000,48.666666666666664,0.34500000000000003,0.0,IsolationForest
0.9513333333333334,0.5,0.0,0.0,0.0,0.5858162540438318,0.06965015087033266,0.06965015087033266,0.0,0.0,1.0,0,0,14270,730,0.04606505987524565,730000,48.666666666666664,0.35500000000000004,0.0,IsolationForest
0.9513333333333334,0.5,0.0,0.0,0.0,0.5858162540438318,0.06965015087033266,0.06965015087033266,0.0,0.0,1.0,0,0,14270,730,0.04606505987524565,730000,48.666666666666664,0.365,0.0,IsolationForest
0.9513333333333334,0.5,0.0,0.0,0.0,0.5858162540438318,0.06965015087033266,0.06965015087033266,0.0,0.0,1.0,0,0,14270,730,0.04606505987524565,730000,48.666666666666664,0.375,0.0,IsolationForest
0.9513333333333334,0.5,0.0,0.0,0.0,0.5858162540438318,0.06965015087033266,0.06965015087033266,0.0,0.0,1.0,0,0,14270,730,0.04606505987524565,730000,48.666666666666664,0.385,0.0,IsolationForest
0.9513333333333334,0.5,0.0,0.0,0.0,0.5858162540438318,0.06965015087033266,0.06965015087033266,0.0,0.0,1.0,0,0,14270,730,0.04606505987524565,730000,48.666666666666664,0.395,0.0,IsolationForest
0.9513333333333334,0.5,0.0,0.0,0.0,0.5858162540438318,0.06965015087033266,0.06965015087033266,0.0,0.0,1.0,0,0,14270,730,0.04606505987524565,730000,48.666666666666664,0.405,0.0,IsolationForest
0.9513333333333334,0.5,0.0,0.0,0.0,0.5858162540438318,0.06965015087033266,0.06965015087033266,0.0,0.0,1.0,0,0,14270,730,0.04606505987524565,730000,48.666666666666664,0.41500000000000004,0.0,IsolationForest
0.9513333333333334,0.5,0.0,0.0,0.0,0.5858162540438318,0.06965015087033266,0.06965015087033266,0.0,0.0,1.0,0,0,14270,730,0.04606505987524565,730000,48.666666666666664,0.425,0.0,IsolationForest
0.9513333333333334,0.5,0.0,0.0,0.0,0.5858162540438318,0.06965015087033266,0.06965015087033266,0.0,0.0,1.0,0,0,14270,730,0.04606505987524565,730000,48.666666666666664,0.435,0.0,IsolationForest
0.9513333333333334,0.5,0.0,0.0,0.0,0.5858162540438318,0.06965015087033266,0.06965015087033266,0.0,0.0,1.0,0,0,14270,730,0.04606505987524565,730000,48.666666666666664,0.445,0.0,IsolationForest
0.9513333333333334,0.5,0.0,0.0,0.0,0.5858162540438318,0.06965015087033266,0.06965015087033266,0.0,0.0,1.0,0,0,14270,730,0.04606505987524565,730000,48.666666666666664,0.455,0.0,IsolationForest
0.9513333333333334,0.5,0.0,0.0,0.0,0.5858162540438318,0.06965015087033266,0.06965015087033266,0.0,0.0,1.0,0,0,14270,730,0.04606505987524565,730000,48.666666666666664,0.465,0.0,IsolationForest
0.9513333333333334,0.5,0.0,0.0,0.0,0.5858162540438318,0.06965015087033266,0.06965015087033266,0.0,0.0,1.0,0,0,14270,730,0.04606505987524565,730000,48.666666666666664,0.47500000000000003,0.0,IsolationForest
0.9513333333333334,0.5,0.0,0.0,0.0,0.5858162540438318,0.06965015087033266,0.06965015087033266,0.0,0.0,1.0,0,0,14270,730,0.04606505987524565,730000,48.666666666666664,0.485,0.0,IsolationForest
0.9513333333333334,0.5,0.0,0.0,0.0,0.5858162540438318,0.06965015087033266,0.06965015087033266,0.0,0.0,1.0,0,0,14270,730,0.04606505987524565,730000,48.666666666666664,0.495,0.0,IsolationForest
0.9513333333333334,0.5,0.0,0.0,0.0,0.5858162540438318,0.06965015087033266,0.06965015087033266,0.0,0.0,1.0,0,0,14270,730,0.04606505987524565,730000,48.666666666666664,0.505,0.0,IsolationForest
0.9513333333333334,0.5,0.0,0.0,0.0,0.5858162540438318,0.06965015087033266,0.06965015087033266,0.0,0.0,1.0,0,0,14270,730,0.04606505987524565,730000,48.666666666666664,0.515,0.0,IsolationForest
0.9513333333333334,0.5,0.0,0.0,0.0,0.5858162540438318,0.06965015087033266,0.06965015087033266,0.0,0.0,1.0,0,0,14270,730,0.04606505987524565,730000,48.666666666666664,0.525,0.0,IsolationForest
0.9513333333333334,0.5,0.0,0.0,0.0,0.5858162540438318,0.06965015087033266,0.06965015087033266,0.0,0.0,1.0,0,0,14270,730,0.04606505987524565,730000,48.666666666666664,0.535,0.0,IsolationForest
0.9513333333333334,0.5,0.0,0.0,0.0,0.5858162540438318,0.06965015087033266,0.06965015087033266,0.0,0.0,1.0,0,0,14270,730,0.04606505987524565,730000,48.666666666666664,0.545,0.0,IsolationForest
0.9513333333333334,0.5,0.0,0.0,0.0,0.5858162540438318,0.06965015087033266,0.06965015087033266,0.0,0.0,1.0,0,0,14270,730,0.04606505987524565,730000,48.666666666666664,0.555,0.0,IsolationForest
0.9513333333333334,0.5,0.0,0.0,0.0,0.5858162540438318,0.06965015087033266,0.06965015087033266,0.0,0.0,1.0,0,0,14270,730,0.04606505987524565,730000,48.666666666666664,0.5650000000000001,0.0,IsolationForest
0.9513333333333334,0.5,0.0,0.0,0.0,0.5858162540438318,0.06965015087033266,0.06965015087033266,0.0,0.0,1.0,0,0,14270,730,0.04606505987524565,730000,48.666666666666664,0.5750000000000001,0.0,IsolationForest
0.9513333333333334,0.5,0.0,0.0,0.0,0.5858162540438318,0.06965015087033266,0.06965015087033266,0.0,0.0,1.0,0,0,14270,730,0.04606505987524565,730000,48.666666666666664,0.585,0.0,IsolationForest
0.9513333333333334,0.5,0.0,0.0,0.0,0.5858162540438318,0.06965015087033266,0.06965015087033266,0.0,0.0,1.0,0,0,14270,730,0.04606505987524565,730000,48.666666666666664,0.595,0.0,IsolationForest
0.9513333333333334,0.5,0.0,0.0,0.0,0.5858162540438318,0.06965015087033266,0.06965015087033266,0.0,0.0,1.0,0,0,14270,730,0.04606505987524565,730000,48.666666666666664,0.605,0.0,IsolationForest
0.9513333333333334,0.5,0.0,0.0,0.0,0.5858162540438318,0.06965015087033266,0.06965015087033266,0.0,0.0,1.0,0,0,14270,730,0.04606505987524565,730000,48.666666666666664,0.615,0.0,IsolationForest
0.9513333333333334,0.5,0.0,0.0,0.0,0.5858162540438318,0.06965015087033266,0.06965015087033266,0.0,0.0,1.0,0,0,14270,730,0.04606505987524565,730000,48.666666666666664,0.625,0.0,IsolationForest
0.9513333333333334,0.5,0.0,0.0,0.0,0.5858162540438318,0.06965015087033266,0.06965015087033266,0.0,0.0,1.0,0,0,14270,730,0.04606505987524565,730000,48.666666666666664,0.635,0.0,IsolationForest
0.9513333333333334,0.5,0.0,0.0,0.0,0.5858162540438318,0.06965015087033266,0.06965015087033266,0.0,0.0,1.0,0,0,14270,730,0.04606505987524565,730000,48.666666666666664,0.645,0.0,IsolationForest
0.9513333333333334,0.5,0.0,0.0,0.0,0.5858162540438318,0.06965015087033266,0.06965015087033266,0.0,0.0,1.0,0,0,14270,730,0.04606505987524565,730000,48.666666666666664,0.655,0.0,IsolationForest
0.9513333333333334,0.5,0.0,0.0,0.0,0.5858162540438318,0.06965015087033266,0.06965015087033266,0.0,0.0,1.0,0,0,14270,730,0.04606505987524565,730000,48.666666666666664,0.665,0.0,IsolationForest
0.9513333333333334,0.5,0.0,0.0,0.0,0.5858162540438318,0.06965015087033266,0.06965015087033266,0.0,0.0,1.0,0,0,14270,730,0.04606505987524565,730000,48.666666666666664,0.675,0.0,IsolationForest
0.9513333333333334,0.5,0.0,0.0,0.0,0.5858162540438318,0.06965015087033266,0.06965015087033266,0.0,0.0,1.0,0,0,14270,730,0.04606505987524565,730000,48.666666666666664,0.685,0.0,IsolationForest
0.9513333333333334,0.5,0.0,0.0,0.0,0.5858162540438318,0.06965015087033266,0.06965015087033266,0.0,0.0,1.0,0,0,14270,730,0.04606505987524565,730000,48.666666666666664,0.6950000000000001,0.0,IsolationForest
0.9513333333333334,0.5,0.0,0.0,0.0,0.5858162540438318,0.06965015087033266,0.06965015087033266,0.0,0.0,1.0,0,0,14270,730,0.04606505987524565,730000,48.666666666666664,0.7050000000000001,0.0,IsolationForest
0.9513333333333334,0.5,0.0,0.0,0.0,0.5858162540438318,0.06965015087033266,0.06965015087033266,0.0,0.0,1.0,0,0,14270,730,0.04606505987524565,730000,48.666666666666664,0.715,0.0,IsolationForest
0.9513333333333334,0.5,0.0,0.0,0.0,0.5858162540438318,0.06965015087033266,0.06965015087033266,0.0,0.0,1.0,0,0,14270,730,0.04606505987524565,730000,48.666666666666664,0.725,0.0,IsolationForest
0.9513333333333334,0.5,0.0,0.0,0.0,0.5858162540438318,0.06965015087033266,0.06965015087033266,0.0,0.0,1.0,0,0,14270,730,0.04606505987524565,730000,48.666666666666664,0.735,0.0,IsolationForest
0.9513333333333334,0.5,0.0,0.0,0.0,0.5858162540438318,0.06965015087033266,0.06965015087033266,0.0,0.0,1.0,0,0,14270,730,0.04606505987524565,730000,48.666666666666664,0.745,0.0,IsolationForest
0.9513333333333334,0.5,0.0,0.0,0.0,0.5858162540438318,0.06965015087033266,0.06965015087033266,0.0,0.0,1.0,0,0,14270,730,0.04606505987524565,730000,48.666666666666664,0.755,0.0,IsolationForest
0.9513333333333334,0.5,0.0,0.0,0.0,0.5858162540438318,0.06965015087033266,0.06965015087033266,0.0,0.0,1.0,0,0,14270,730,0.04606505987524565,730000,48.666666666666664,0.765,0.0,IsolationForest
0.9513333333333334,0.5,0.0,0.0,0.0,0.5858162540438318,0.06965015087033266,0.06965015087033266,0.0,0.0,1.0,0,0,14270,730,0.04606505987524565,730000,48.666666666666664,0.775,0.0,IsolationForest
0.9513333333333334,0.5,0.0,0.0,0.0,0.5858162540438318,0.06965015087033266,0.06965015087033266,0.0,0.0,1.0,0,0,14270,730,0.04606505987524565,730000,48.666666666666664,0.785,0.0,IsolationForest
0.9513333333333334,0.5,0.0,0.0,0.0,0.5858162540438318,0.06965015087033266,0.06965015087033266,0.0,0.0,1.0,0,0,14270,730,0.04606505987524565,730000,48.666666666666664,0.795,0.0,IsolationForest
0.9513333333333334,0.5,0.0,0.0,0.0,0.5858162540438318,0.06965015087033266,0.06965015087033266,0.0,0.0,1.0,0,0,14270,730,0.04606505987524565,730000,48.666666666666664,0.805,0.0,IsolationForest
0.9513333333333334,0.5,0.0,0.0,0.0,0.5858162540438318,0.06965015087033266,0.06965015087033266,0.0,0.0,1.0,0,0,14270,730,0.04606505987524565,730000,48.666666666666664,0.8150000000000001,0.0,IsolationForest
0.9513333333333334,0.5,0.0,0.0,0.0,0.5858162540438318,0.06965015087033266,0.06965015087033266,0.0,0.0,1.0,0,0,14270,730,0.04606505987524565,730000,48.666666666666664,0.8250000000000001,0.0,IsolationForest
0.9513333333333334,0.5,0.0,0.0,0.0,0.5858162540438318,0.06965015087033266,0.06965015087033266,0.0,0.0,1.0,0,0,14270,730,0.04606505987524565,730000,48.666666666666664,0.8350000000000001,0.0,IsolationForest
0.9513333333333334,0.5,0.0,0.0,0.0,0.5858162540438318,0.06965015087033266,0.06965015087033266,0.0,0.0,1.0,0,0,14270,730,0.04606505987524565,730000,48.666666666666664,0.845,0.0,IsolationForest
0.9513333333333334,0.5,0.0,0.0,0.0,0.5858162540438318,0.06965015087033266,0.06965015087033266,0.0,0.0,1.0,0,0,14270,730,0.04606505987524565,730000,48.666666666666664,0.855,0.0,IsolationForest
0.9513333333333334,0.5,0.0,0.0,0.0,0.5858162540438318,0.06965015087033266,0.06965015087033266,0.0,0.0,1.0,0,0,14270,730,0.04606505987524565,730000,48.666666666666664,0.865,0.0,IsolationForest
0.9513333333333334,0.5,0.0,0.0,0.0,0.5858162540438318,0.06965015087033266,0.06965015087033266,0.0,0.0,1.0,0,0,14270,730,0.04606505987524565,730000,48.666666666666664,0.875,0.0,IsolationForest
0.9513333333333334,0.5,0.0,0.0,0.0,0.5858162540438318,0.06965015087033266,0.06965015087033266,0.0,0.0,1.0,0,0,14270,730,0.04606505987524565,730000,48.666666666666664,0.885,0.0,IsolationForest
0.9513333333333334,0.5,0.0,0.0,0.0,0.5858162540438318,0.06965015087033266,0.06965015087033266,0.0,0.0,1.0,0,0,14270,730,0.04606505987524565,730000,48.666666666666664,0.895,0.0,IsolationForest
0.9513333333333334,0.5,0.0,0.0,0.0,0.5858162540438318,0.06965015087033266,0.06965015087033266,0.0,0.0,1.0,0,0,14270,730,0.04606505987524565,730000,48.666666666666664,0.905,0.0,IsolationForest
0.9513333333333334,0.5,0.0,0.0,0.0,0.5858162540438318,0.06965015087033266,0.06965015087033266,0.0,0.0,1.0,0,0,14270,730,0.04606505987524565,730000,48.666666666666664,0.915,0.0,IsolationForest
0.9513333333333334,0.5,0.0,0.0,0.0,0.5858162540438318,0.06965015087033266,0.06965015087033266,0.0,0.0,1.0,0,0,14270,730,0.04606505987524565,730000,48.666666666666664,0.925,0.0,IsolationForest
0.9513333333333334,0.5,0.0,0.0,0.0,0.5858162540438318,0.06965015087033266,0.06965015087033266,0.0,0.0,1.0,0,0,14270,730,0.04606505987524565,730000,48.666666666666664,0.935,0.0,IsolationForest
0.9513333333333334,0.5,0.0,0.0,0.0,0.5858162540438318,0.06965015087033266,0.06965015087033266,0.0,0.0,1.0,0,0,14270,730,0.04606505987524565,730000,48.666666666666664,0.9450000000000001,0.0,IsolationForest
0.9513333333333334,0.5,0.0,0.0,0.0,0.5858162540438318,0.06965015087033266,0.06965015087033266,0.0,0.0,1.0,0,0,14270,730,0.04606505987524565,730000,48.666666666666664,0.9550000000000001,0.0,IsolationForest
0.9513333333333334,0.5,0.0,0.0,0.0,0.5858162540438318,0.06965015087033266,0.06965015087033266,0.0,0.0,1.0,0,0,14270,730,0.04606505987524565,730000,48.666666666666664,0.965,0.0,IsolationForest
0.9513333333333334,0.5,0.0,0.0,0.0,0.5858162540438318,0.06965015087033266,0.06965015087033266,0.0,0.0,1.0,0,0,14270,730,0.04606505987524565,730000,48.666666666666664,0.975,0.0,IsolationForest
0.9513333333333334,0.5,0.0,0.0,0.0,0.5858162540438318,0.06965015087033266,0.06965015087033266,0.0,0.0,1.0,0,0,14270,730,0.04606505987524565,730000,48.666666666666664,0.985,0.0,IsolationForest
0.9513333333333334,0.5,0.0,0.0,0.0,0.5858162540438318,0.06965015087033266,0.06965015087033266,0.0,0.0,1.0,0,0,14270,730,0.04606505987524565,730000,48.666666666666664,0.995,0.0,IsolationForest
0.9513333333333334,0.5,0.0,0.0,0.0,0.5858162540438318,0.06965015087033266,0.06965015087033266,0.0,0.0,1.0,0,0,14270,730,0.04606505987524565,730000,48.666666666666664,1.000001,0.0,IsolationForest
0.048666666666666664,0.5,0.048666666666666664,1.0,0.09281627463445645,0.7846543183803554,0.23847089272302877,0.23847089272302877,0.0,1.0,0.0,730,14270,0,0,0.04079499973412001,285400,19.026666666666667,0.005,1.0,Hybrid_RulesSupervised
0.048666666666666664,0.5,0.048666666666666664,1.0,0.09281627463445645,0.7846543183803554,0.23847089272302877,0.23847089272302877,0.0,1.0,0.0,730,14270,0,0,0.04079499973412001,285400,19.026666666666667,0.009011847115904248,1.0,Hybrid_RulesSupervised
0.061066666666666665,0.5058672759213216,0.04921685120172833,0.9986301369863013,0.0938103204220821,0.7846543183803554,0.23847089272302877,0.23847089272302877,0.022696252179778803,0.986895585143658,0.0013698630136986301,729,14083,187,1,0.04079499973412001,282660,18.844,0.011058118140320376,0.9874666666666667,Hybrid_RulesSupervised
0.07326666666666666,0.5109795432510007,0.04970940170940171,0.9958904109589041,0.09469228264408988,0.7846543183803554,0.23847089272302877,0.23847089272302877,0.03026384575832163,0.9739313244569026,0.00410958904109589,727,13898,372,3,0.04079499973412001,280960,18.730666666666668,0.011814913338448666,0.975,Hybrid_RulesSupervised
0.08486666666666667,0.5125269988768467,0.049871857034009835,0.9863013698630136,0.09494296828641129,0.7846543183803554,0.23847089272302877,0.23847089272302877,0.028363366390589194,0.9612473721093202,0.0136986301369863,720,13717,553,10,0.04079499973412001,284340,18.956,0.012241570371881911,0.9624666666666667,Hybrid_RulesSupervised
0.0972,0.5183592362557717,0.05045614035087719,0.9849315068493151,0.09599465954606143,0.7846543183803554,0.23847089272302877,0.23847089272302877,0.036250997305954144,0.9482130343377716,0.015068493150684932,719,13531,739,11,0.04079499973412001,281620,18.77466666666667,0.012644122869178645,0.95,Hybrid_RulesSupervised
0.1092,0.5220666020293556,0.05084625231119329,0.9794520547945206,0.09667387777176852,0.7846543183803554,0.23847089272302877,0.23847089272302877,0.03922057070625668,0.9353188507358093,0.02054794520547945,715,13347,923,15,0.04079499973412001,281940,18.796,0.012969962152291402,0.9374666666666667,Hybrid_RulesSupervised
0.12126666666666666,0.5264588993097887,0.051315315315315316,0.9753424657534246,0.09750085587127695,0.7846543183803554,0.23847089272302877,0.23847089272302877,0.043229720610278466,0.9224246671338472,0.024657534246575342,712,13163,1107,18,0.04079499973412001,281260,18.750666666666667,0.013330588404830918,0.925,Hybrid_RulesSupervised
0.13366666666666666,0.5323261752311104,0.051947103090523854,0.9739726027397261,0.0986335576056045,0.7846543183803554,0.23847089272302877,0.23847089272302877,0.049223358068716826,0.9093202522775052,0.026027397260273973,711,12976,1294,19,0.04079499973412001,278520,18.568,0.013670535134828719,0.9124666666666666,Hybrid_RulesSupervised
0.14613333333333334,0.5388783826592813,0.05266666666666667,0.9739726027397261,0.0999297259311314,0.7846543183803554,0.23847089272302877,0.23847089272302877,0.05576980018560681,0.8962158374211633,0.026027397260273973,711,12789,1481,19,0.04079499973412001,274780,18.318666666666665,0.01393962816802633,0.9,Hybrid_RulesSupervised
0.15866666666666668,0.545465628629849,0.05341045673076923,0.9739726027397261,0.10126762569434553,0.7846543183803554,0.23847089272302877,0.23847089272302877,0.061912556439623775,0.883041345480028,0.026027397260273973,711,12601,1669,19,0.04079499973412001,271020,18.068,0.014275709009680785,0.8874666666666666,Hybrid_RulesSupervised
0.17086666666666667,0.5505778959595281,0.05401904761904762,0.9712328767123287,0.10234572356549983,0.7846543183803554,0.23847089272302877,0.23847089272302877,0.06581333201657957,0.8700770847932726,0.028767123287671233,709,12416,1854,21,0.04079499973412001,269320,17.954666666666668,0.014603971593657951,0.875,Hybrid_RulesSupervised
0.183,0.5550052317823578,0.05457215737806292,0.9671232876712329,0.10331455330357794,0.7846543183803554,0.23847089272302877,0.23847089272302877,0.06872915560645872,0.8571128241065171,0.03287671232876712,706,12231,2039,24,0.04079499973412001,268620,17.908,0.014948845973973841,0.8624666666666667,Hybrid_RulesSupervised
0.18473333333333333,0.5559162338846704,0.05468205406242739,0.9671232876712329,0.10351147276592625,0.7846543183803554,0.23847089272302877,0.23847089272302877,0.06950117781372689,0.855290819901892,0.03287671232876712,706,12205,2065,24,0.04079499973412001,268100,17.873333333333335,0.015,0.8607333333333334,Hybrid_RulesSupervised
0.19493333333333332,0.5586775590135451,0.055058823529411764,0.9616438356164384,0.10415430267062314,0.7846543183803554,0.23847089272302877,0.23847089272302877,0.07071785833272595,0.8442887175893483,0.038356164383561646,702,12048,2222,28,0.04079499973412001,268960,17.930666666666667,0.015229714638940932,0.85,Hybrid_RulesSupervised
0.2072,0.5638248648856208,0.05572361088998567,0.958904109589041,0.10532651218778213,0.7846543183803554,0.23847089272302877,0.23847089272302877,0.07444697764324397,0.8312543798177996,0.0410958904109589,700,11862,2408,30,0.04079499973412001,267240,17.816,0.015508534263308272,0.8374666666666667,Hybrid_RulesSupervised
0.21953333333333333,0.5696571022645458,0.056484848484848485,0.9575342465753425,0.10667684090041968,0.7846543183803554,0.23847089272302877,0.23847089272302877,0.07889174430332843,0.8182200420462509,0.04246575342465753,699,11676,2594,31,0.04079499973412001,264520,17.634666666666668,0.015804335345108122,0.825,Hybrid_RulesSupervised
0.23126666666666668,0.5719245279396378,0.05686387133831131,0.9493150684931507,0.10730045676240613,0.7846543183803554,0.23847089272302877,0.23847089272302877,0.07929524783253392,0.8054660126138753,0.050684931506849315,693,11494,2776,37,0.04079499973412001,266880,17.792,0.01605257838130914,0.8124666666666667,Hybrid_RulesSupervised
0.24333333333333335,0.5763168252200709,0.0575,0.9452054794520548,0.10840534171249017,0.7846543183803554,0.23847089272302877,0.23847089272302877,0.08210553916214336,0.7925718290119131,0.0547945205479452,690,11310,2960,40,0.04079499973412001,266200,17.746666666666666,0.016274431597892422,0.8,Hybrid_RulesSupervised
0.2554666666666667,0.5807441610429006,0.058161192008127326,0.9410958904109589,0.10955190559719342,0.7846543183803554,0.23847089272302877,0.23847089272302877,0.08493636354303546,0.7796075683251577,0.0589041095890411,687,11125,3145,43,0.04079499973412001,265500,17.7,0.016565951774607787,0.7874666666666666,Hybrid_RulesSupervised
0.26753333333333335,0.5851364583233338,0.05883870967741935,0.936986301369863,0.11072440307567787,0.7846543183803554,0.23847089272302877,0.23847089272302877,0.0877375741552604,0.7667133847231955,0.06301369863013699,684,10941,3329,46,0.04079499973412001,264820,17.654666666666667,0.016806995233110907,0.775,Hybrid_RulesSupervised
0.2796666666666667,0.5895637941461636,0.0595435866048789,0.9328767123287671,0.11194213857154597,0.7846543183803554,0.23847089272302877,0.23847089272302877,0.09056740488183741,0.7537491240364401,0.06712328767123288,681,10756,3514,49,0.04079499973412001,264120,17.608,0.017057555850829968,0.7624666666666666,Hybrid_RulesSupervised
0.2918,0.5952909158978986,0.06042833022305163,0.9315068493150684,0.1134941166652758,0.7846543183803554,0.23847089272302877,0.23847089272302877,0.09472811765883994,0.7409250175192712,0.0684931506849315,680,10573,3697,50,0.04079499973412001,261460,17.430666666666667,0.01725397655287653,0.7502,Hybrid_RulesSupervised
0.304,0.5991033972986723,0.061110106671487974,0.9260273972602739,0.1146540027137042,0.7846543183803554,0.23847089272302877,0.23847089272302877,0.09692532631809381,0.7278206026629293,0.07397260273972603,676,10386,3884,54,0.04079499973412001,261720,17.448,0.017436214880413085,0.7374666666666667,Hybrid_RulesSupervised
0.3162,0.6042156646283514,0.06197701149425287,0.9232876712328767,0.11615682895303749,0.7846543183803554,0.23847089272302877,0.23847089272302877,0.10044071730091923,0.7148563419761738,0.07671232876712329,674,10201,4069,56,0.04079499973412001,260020,17.334666666666667,0.017678214652158176,0.725,Hybrid_RulesSupervised
0.3282,0.6079230304019353,0.06269299148498175,0.9178082191780822,0.11736883594639573,0.7846543183803554,0.23847089272302877,0.23847089272302877,0.1026124152614369,0.7019621583742116,0.0821917808219178,670,10017,4253,60,0.04079499973412001,260340,17.356,0.017915787997984076,0.7124666666666667,Hybrid_RulesSupervised
0.34053333333333335,0.6137552677808603,0.06371428571428571,0.9164383561643835,0.11914514692787176,0.7846543183803554,0.23847089272302877,0.23847089272302877,0.10682527585505468,0.6889278206026629,0.08356164383561644,669,9831,4439,61,0.04079499973412001,257620,17.174666666666667,0.018126225644382588,0.7,Hybrid_RulesSupervised
0.3526666666666667,0.6181826036036902,0.06458494957331265,0.9123287671232877,0.12063032059409527,0.7846543183803554,0.23847089272302877,0.23847089272302877,0.10972149388810744,0.6759635599159075,0.08767123287671233,666,9646,4624,64,0.04079499973412001,256920,17.128,0.018374405964088097,0.6874666666666667,Hybrid_RulesSupervised
0.3646,0.6218549308348773,0.06538271604938271,0.9068493150684932,0.12197144173192076,0.7846543183803554,0.23847089272302877,0.23847089272302877,0.11195969168515707,0.6631394533987386,0.09315068493150686,662,9463,4807,68,0.04079499973412001,257260,17.150666666666666,0.018640699463155767,0.675,Hybrid_RulesSupervised
0.3767333333333333,0.626282266657707,0.06631780215356747,0.9027397260273973,0.12355863879253771,0.7846543183803554,0.23847089272302877,0.23847089272302877,0.11492490996337396,0.6501751927119832,0.09726027397260274,659,9278,4992,71,0.04079499973412001,256560,17.104,0.018887860411111776,0.6624666666666666,Hybrid_RulesSupervised
0.38866666666666666,0.6299545938888942,0.06717948717948719,0.8972602739726028,0.12500000000000003,0.7846543183803554,0.23847089272302877,0.23847089272302877,0.11725006418473005,0.6373510861948143,0.10273972602739725,655,9095,5175,75,0.04079499973412001,256900,17.126666666666665,0.019188397630562442,0.65,Hybrid_RulesSupervised
0.4004,0.632222019563986,0.06787282995189291,0.8890410958904109,0.12611737271667314,0.7846543183803554,0.23847089272302877,0.23847089272302877,0.11836225409347229,0.6245970567624387,0.11095890410958904,649,8913,5357,81,0.04079499973412001,259260,17.284,0.019488388990887746,0.6374666666666666,Hybrid_RulesSupervised
0.41286666666666666,0.6387742269921571,0.06922666666666667,0.8890410958904109,0.12845126175160812,0.7846543183803554,0.23847089272302877,0.23847089272302877,0.12335743419205292,0.6114926419060968,0.11095890410958904,649,8726,5544,81,0.04079499973412001,255520,17.034666666666666,0.01979078578520262,0.625,Hybrid_RulesSupervised
0.42486666666666667,0.6424815927657409,0.07020790247088277,0.8835616438356164,0.1300796611878592,0.7846543183803554,0.23847089272302877,0.23847089272302877,0.12585635622611174,0.5985984583041345,0.11643835616438356,645,8542,5728,85,0.04079499973412001,255840,17.056,0.020090905219158513,0.6124666666666667,Hybrid_RulesSupervised
0.43666666666666665,0.6454339499476822,0.07111111111111111,0.8767123287671232,0.131551901336074,0.7846543183803554,0.23847089272302877,0.23847089272302877,0.1277533602285448,0.5858444288717589,0.1232876712328767,640,8360,5910,90,0.04079499973412001,257200,17.14666666666667,0.02044282664278089,0.6,Hybrid_RulesSupervised
0.44866666666666666,0.649141315721266,0.07217430776214254,0.8712328767123287,0.13330538671138126,0.7846543183803554,0.23847089272302877,0.23847089272302877,0.1303733982056015,0.5729502452697968,0.12876712328767123,636,8176,6094,94,0.04079499973412001,257520,17.168,0.020776753110090404,0.5874666666666667,Hybrid_RulesSupervised
0.46073333333333333,0.6535336130016991,0.07339130434782609,0.8671232876712329,0.13532870122928917,0.7846543183803554,0.23847089272302877,0.23847089272302877,0.133655623386397,0.5600560616678346,0.13287671232876713,633,7992,6278,97,0.04079499973412001,256840,17.122666666666667,0.02115471114206073,0.575,Hybrid_RulesSupervised
0.47273333333333334,0.6572409787752829,0.07455256607798981,0.8616438356164383,0.13723137340460348,0.7846543183803554,0.23847089272302877,0.23847089272302877,0.1364030006139222,0.5471618780658725,0.13835616438356163,629,7808,6462,101,0.04079499973412001,257160,17.144,0.021577025162454834,0.5624666666666667,Hybrid_RulesSupervised
0.4845333333333333,0.6601933359572242,0.07563636363636364,0.8547945205479452,0.13897550111358575,0.7846543183803554,0.23847089272302877,0.23847089272302877,0.13856992983618532,0.5344078486334969,0.14520547945205478,624,7626,6644,106,0.04079499973412001,258520,17.234666666666666,0.022007970651525863,0.55,Hybrid_RulesSupervised
0.49666666666666665,0.664620671780054,0.07702803274621682,0.8506849315068493,0.14126478616924476,0.7846543183803554,0.23847089272302877,0.23847089272302877,0.14208532900185442,0.5214435879467414,0.14931506849315068,621,7441,6829,109,0.04079499973412001,257820,17.188,0.022445317970431318,0.5374666666666666,Hybrid_RulesSupervised
0.5084666666666666,0.6675730289619952,0.07822222222222222,0.8438356164383561,0.1431725740848344,0.7846543183803554,0.23847089272302877,0.23847089272302877,0.14440752228692344,0.5086895585143658,0.15616438356164383,616,7259,7011,114,0.04079499973412001,259180,17.278666666666666,0.02292755952344899,0.525,Hybrid_RulesSupervised
0.5202,0.6698404546370871,0.07935475478079874,0.8356164383561644,0.14494475466318166,0.7846543183803554,0.23847089272302877,0.23847089272302877,0.14622388847109866,0.4959355290819902,0.1643835616438356,610,7077,7193,120,0.04079499973412001,261540,17.436,0.02339052660911378,0.5124666666666666,Hybrid_RulesSupervised
0.5318666666666667,0.6720728417697823,0.08053333333333333,0.8273972602739726,0.1467800729040097,0.7846543183803554,0.23847089272302877,0.23847089272302877,0.14809980271511142,0.48325157673440783,0.1726027397260274,604,6896,7374,126,0.04079499973412001,263920,17.594666666666665,0.023936657618402926,0.5,Hybrid_RulesSupervised
0.5439333333333334,0.6764651390502154,0.08218241487761521,0.8232876712328767,0.1494467238592565,0.7846543183803554,0.23847089272302877,0.23847089272302877,0.1519274007282425,0.4703573931324457,0.17671232876712328,601,6712,7558,129,0.04079499973412001,263240,17.549333333333333,0.024514712337667933,0.4875333333333333,Hybrid_RulesSupervised
0.5544666666666667,0.6794016568910733,0.08353155170001399,0.8178082191780822,0.15158055097118192,0.7846543183803554,0.23847089272302877,0.23847089272302877,0.15457888566905648,0.4590049053959355,0.1821917808219178,597,6550,7720,133,0.04079499973412001,264000,17.6,0.025,0.47646666666666665,Hybrid_RulesSupervised
0.5556666666666666,0.6787325647253075,0.08350877192982456,0.815068493150685,0.1514958625079567,0.7846543183803554,0.23847089272302877,0.23847089272302877,0.15402434976467774,0.4576033637000701,0.18493150684931506,595,6530,7740,135,0.04079499973412001,265600,17.706666666666667,0.025080526251493162,0.475,Hybrid_RulesSupervised
0.5677333333333333,0.6831248620057406,0.0853271836264053,0.810958904109589,0.15440792905581638,0.7846543183803554,0.23847089272302877,0.23847089272302877,0.15805643352779367,0.4447091800981079,0.18904109589041096,592,6346,7924,138,0.04079499973412001,264920,17.661333333333335,0.02562433579121539,0.46253333333333335,Hybrid_RulesSupervised
0.5789333333333333,0.6825124074838487,0.08622222222222223,0.7972602739726027,0.15561497326203208,0.7846543183803554,0.23847089272302877,0.23847089272302877,0.1578763020830246,0.4322354590049054,0.20273972602739726,582,6168,8102,148,0.04079499973412001,271360,18.090666666666667,0.02620727089355443,0.45,Hybrid_RulesSupervised
0.5908666666666667,0.6861847347150358,0.08806948042053939,0.7917808219178082,0.1585081585081585,0.7846543183803554,0.23847089272302877,0.23847089272302877,0.16151105571488628,0.41941135248773653,0.20821917808219179,578,5985,8285,152,0.04079499973412001,271700,18.113333333333333,0.02699988833189212,0.43753333333333333,Hybrid_RulesSupervised
0.6027333333333333,0.6891721304393738,0.08988235294117647,0.7849315068493151,0.16129486277269528,0.7846543183803554,0.23847089272302877,0.23847089272302877,0.16468002365662748,0.4065872459705676,0.21506849315068494,573,5802,8468,157,0.04079499973412001,273040,18.202666666666666,0.027658312463689546,0.425,Hybrid_RulesSupervised
0.6150666666666667,0.6950043678182988,0.09243697478991597,0.7835616438356164,0.1653657126337092,0.7846543183803554,0.23847089272302877,0.23847089272302877,0.17046505171592463,0.39355290819901895,0.21643835616438356,572,5616,8654,158,0.04079499973412001,270320,18.021333333333335,0.028448245340956493,0.4125333333333333,Hybrid_RulesSupervised
0.6262666666666666,0.6943919132964068,0.09366666666666666,0.7698630136986301,0.16701337295690935,0.7846543183803554,0.23847089272302877,0.23847089272302877,0.1707594418896391,0.3810791871058164,0.23013698630136986,562,5438,8832,168,0.04079499973412001,276760,18.450666666666667,0.02917838251675849,0.4,Hybrid_RulesSupervised
0.6380666666666667,0.6973442704783481,0.09581971443316704,0.763013698630137,0.17025829130368333,0.7846543183803554,0.23847089272302877,0.23847089272302877,0.17431747022466662,0.36832515767344076,0.236986301369863,557,5256,9014,173,0.04079499973412001,278120,18.541333333333334,0.030030463137277683,0.38753333333333334,Hybrid_RulesSupervised
0.6503333333333333,0.7024915763504238,0.09866666666666667,0.7602739726027398,0.17466561762391816,0.7846543183803554,0.23847089272302877,0.23847089272302877,0.17999625611680875,0.3552908199018921,0.23972602739726026,555,5070,9200,175,0.04079499973412001,276400,18.426666666666666,0.03090395156433828,0.375,Hybrid_RulesSupervised
0.662,0.704723963483119,0.10095623390952556,0.7520547945205479,0.17801556420233464,0.7846543183803554,0.23847089272302877,0.23847089272302877,0.1832644053140128,0.34260686755430975,0.24794520547945206,549,4889,9381,181,0.04079499973412001,278780,18.585333333333335,0.031895264724601496,0.3625333333333333,Hybrid_RulesSupervised
0.674,0.7084313292567029,0.10380952380952381,0.7465753424657534,0.18227424749163879,0.7846543183803554,0.23847089272302877,0.23847089272302877,0.18805481208575817,0.3297126839523476,0.2534246575342466,545,4705,9565,185,0.04079499973412001,279100,18.606666666666666,0.032737841153268506,0.35,Hybrid_RulesSupervised
0.6855333333333333,0.7099437463401522,0.1062611100138258,0.736986301369863,0.18574141204902467,0.7846543183803554,0.23847089272302877,0.23847089272302877,0.19106218778060627,0.31709880868955853,0.26301369863013696,538,4525,9745,192,0.04079499973412001,282500,18.833333333333332,0.033859176591967494,0.33753333333333335,Hybrid_RulesSupervised
0.697,0.7107712319167523,0.10871794871794872,0.726027397260274,0.18911685994647637,0.7846543183803554,0.23847089272302877,0.23847089272302877,0.1936555376119925,0.30448493342676947,0.273972602739726,530,4345,9925,200,0.04079499973412001,286900,19.126666666666665,0.034968575669185584,0.325,Hybrid_RulesSupervised
0.6974,0.7109814631711321,0.10885192031217909,0.726027397260274,0.18931952134309699,0.7846543183803554,0.23847089272302877,0.23847089272302877,0.19391065225639717,0.3040644709180098,0.273972602739726,530,4339,9931,200,0.04079499973412001,286780,19.118666666666666,0.034999999999999996,0.3246,Hybrid_RulesSupervised
0.7084,0.7115636789509556,0.1113481228668942,0.7150684931506849,0.1926910299003322,0.7846543183803554,0.23847089272302877,0.23847089272302877,0.19641708846426198,0.29194113524877363,0.28493150684931506,522,4166,10104,208,0.04079499973412001,291320,19.421333333333333,0.036178903524342984,0.31253333333333333,Hybrid_RulesSupervised
0.7201333333333333,0.7138311046260475,0.11466666666666667,0.7068493150684931,0.19732313575525812,0.7846543183803554,0.23847089272302877,0.23847089272302877,0.2008044742338686,0.27918710581639805,0.29315068493150687,516,3984,10286,214,0.04079499973412001,293680,19.578666666666667,0.03759315251750276,0.3,Hybrid_RulesSupervised
0.7311333333333333,0.7124636415125131,0.11708787386969627,0.6917808219178082,0.2002776125322229,0.7846543183803554,0.23847089272302877,0.23847089272302877,0.2020088513975615,0.26685353889278207,0.3082191780821918,505,3808,10462,225,0.04079499973412001,301160,20.077333333333332,0.0392666328800575,0.2875333333333333,Hybrid_RulesSupervised
0.7427333333333334,0.7140110971383591,0.12072727272727272,0.6821917808219178,0.2051493305870237,0.7846543183803554,0.23847089272302877,0.23847089272302877,0.20625908958686176,0.2541695865451997,0.3178082191780822,498,3627,10643,232,0.04079499973412001,304540,20.302666666666667,0.041023877007166205,0.275,Hybrid_RulesSupervised
0.7546666666666667,0.7176834243695462,0.12544438801422042,0.6767123287671233,0.21165381319622967,0.7846543183803554,0.23847089272302877,0.23847089272302877,0.21289922965477404,0.24134548002803083,0.3232876712328767,494,3444,10826,236,0.04079499973412001,304880,20.325333333333333,0.04319161824369333,0.26253333333333334,Hybrid_RulesSupervised
0.7636,0.715229766441716,0.1277102062400846,0.6616438356164384,0.21409574468085105,0.7846543183803554,0.23847089272302877,0.23847089272302877,0.213298237373878,0.2311843027330063,0.33835616438356164,483,3299,10971,247,0.04079499973412001,312980,20.865333333333332,0.045,0.2521333333333333,Hybrid_RulesSupervised
0.7654666666666666,0.7149110596999164,0.12826666666666667,0.6589041095890411,0.21473214285714287,0.7846543183803554,0.23847089272302877,0.23847089272302877,0.21358477069375117,0.22908199018920813,0.3410958904109589,481,3269,11001,249,0.04079499973412001,314380,20.958666666666666,0.04543850937026216,0.25,Hybrid_RulesSupervised
0.7772666666666667,0.7178634168818577,0.13359528487229863,0.6520547945205479,0.22175634754251106,0.7846543183803554,0.23847089272302877,0.23847089272302877,0.2203046942549043,0.21632796075683253,0.34794520547945207,476,3087,11183,254,0.04079499973412001,315740,21.049333333333333,0.04796417457235301,0.23753333333333335,Hybrid_RulesSupervised
0.7887333333333333,0.7186909024584578,0.13866666666666666,0.6410958904109589,0.22801461632155906,0.7846543183803554,0.23847089272302877,0.23847089272302877,0.22537241564194796,0.20371408549404343,0.3589041095890411,468,2907,11363,262,0.04079499973412001,320140,21.342666666666666,0.051723113692066655,0.225,Hybrid_RulesSupervised
0.799,0.721487266129729,0.14441332088390912,0.6356164383561644,0.23535379152929245,0.7846543183803554,0.23847089272302877,0.23847089272302877,0.23232458514419385,0.19264190609670637,0.3643835616438356,464,2749,11521,266,0.04079499973412001,320980,21.398666666666667,0.055,0.2142,Hybrid_RulesSupervised
0.8006666666666666,0.722363229689645,0.14554579673776663,0.6356164383561644,0.23685553854007146,0.7846543183803554,0.23847089272302877,0.23847089272302877,0.2339082340020645,0.19088997897687457,0.3643835616438356,464,2724,11546,266,0.04079499973412001,320480,21.365333333333332,0.05547936526070815,0.21253333333333332,Hybrid_RulesSupervised
0.8122666666666667,0.7239106853154909,0.15233333333333332,0.626027397260274,0.2450402144772118,0.7846543183803554,0.23847089272302877,0.23847089272302877,0.2408945535794961,0.17820602662929222,0.37397260273972605,457,2543,11727,273,0.04079499973412001,323860,21.590666666666667,0.059962933008066946,0.2,Hybrid_RulesSupervised
0.8231333333333334,0.7218232521527104,0.1581940988268752,0.6095890410958904,0.2511995484053062,0.7846543183803554,0.23847089272302877,0.23847089272302877,0.24455537294912466,0.16594253679046952,0.3904109589041096,445,2368,11902,285,0.04079499973412001,332360,22.157333333333334,0.0643894708145812,0.18753333333333333,Hybrid_RulesSupervised
0.8244666666666667,0.7212242370717379,0.15883829329508783,0.6068493150684932,0.2517760727479398,0.7846543183803554,0.23847089272302877,0.23847089272302877,0.2447012825206405,0.16440084092501753,0.39315068493150684,443,2346,11924,287,0.04079499973412001,333920,22.261333333333333,0.065,0.18593333333333334,Hybrid_RulesSupervised
0.8336666666666667,0.7176109473845889,0.16380952380952382,0.589041095890411,0.2563338301043219,0.7846543183803554,0.23847089272302877,0.23847089272302877,0.24646025545923533,0.15381920112123335,0.410958904109589,430,2195,12075,300,0.04079499973412001,343900,22.926666666666666,0.06961839706177443,0.175,Hybrid_RulesSupervised
0.8450666666666666,0.7190532873832449,0.17336065573770493,0.5794520547945206,0.26687697160883284,0.7846543183803554,0.23847089272302877,0.23847089272302877,0.25542503086497964,0.14134548002803082,0.42054794520547945,423,2017,12253,307,0.04079499973412001,347340,23.156,0.07500000000000001,0.16266666666666665,Hybrid_RulesSupervised
0.8452,0.7191233644680382,0.1735028712059065,0.5794520547945206,0.2670454545454546,0.7846543183803554,0.23847089272302877,0.23847089272302877,0.2555911750835471,0.14120532585844428,0.42054794520547945,423,2015,12255,307,0.04079499973412001,347300,23.153333333333332,0.07506478914837388,0.16253333333333334,Hybrid_RulesSupervised
0.8558666666666667,0.7156310297491624,0.1817777777777778,0.5602739726027397,0.274496644295302,0.7846543183803554,0.23847089272302877,0.23847089272302877,0.2598772830754776,0.12901191310441484,0.4397260273972603,409,1841,12429,321,0.04079499973412001,357820,23.854666666666667,0.08042337276224375,0.15,Hybrid_RulesSupervised
0.8634666666666667,0.7150761728312103,0.18944392082940623,0.5506849315068493,0.28190743338008417,0.7846543183803554,0.23847089272302877,0.23847089272302877,0.26558210693087014,0.12053258584442887,0.44931506849315067,402,1720,12550,328,0.04079499973412001,362400,24.16,0.085,0.14146666666666666,Hybrid_RulesSupervised
0.867,0.7149835366848739,0.19340765874939408,0.5465753424657535,0.2857142857142857,0.7846543183803554,0.23847089272302877,0.23847089272302877,0.2686223922136185,0.1166082690960056,0.4534246575342466,399,1664,12606,331,0.04079499973412001,364280,24.285333333333334,0.0874219150428409,0.13753333333333334,Hybrid_RulesSupervised
0.8776666666666667,0.7114912019659982,0.20533333333333334,0.5273972602739726,0.29558541266794625,0.7846543183803554,0.23847089272302877,0.23847089272302877,0.27519809651060856,0.10441485634197617,0.4726027397260274,385,1490,12780,345,0.04079499973412001,374800,24.986666666666668,0.0948424624627861,0.125,Hybrid_RulesSupervised
0.8778666666666667,0.7109464246287354,0.2053475935828877,0.5260273972602739,0.2953846153846154,0.7846543183803554,0.23847089272302877,0.23847089272302877,0.27480359810871313,0.10413454800280308,0.473972602739726,384,1486,12784,346,0.04079499973412001,375720,25.048,0.095,0.12466666666666666,Hybrid_RulesSupervised
0.8881333333333333,0.7072438586554799,0.21919431279620852,0.5068493150684932,0.30603804797353185,0.7846543183803554,0.23847089272302877,0.23847089272302877,0.2822131241213947,0.09236159775753329,0.4931506849315068,370,1318,12952,360,0.04079499973412001,386360,25.75733333333333,0.10367580902856605,0.11253333333333333,Hybrid_RulesSupervised
0.889,0.7057496808132782,0.21989215098861595,0.5027397260273972,0.3059608170070863,0.7846543183803554,0.23847089272302877,0.23847089272302877,0.281567840418251,0.09124036440084092,0.49726027397260275,367,1302,12968,363,0.04079499973412001,389040,25.936,0.10500000000000001,0.11126666666666667,Hybrid_RulesSupervised
0.8986,0.7029965153449617,0.23650899400399733,0.4863013698630137,0.31824294038547735,0.7846543183803554,0.23847089272302877,0.23847089272302877,0.2911057945778233,0.0803083391730904,0.5136986301369864,355,1146,13124,375,0.04079499973412001,397920,26.528,0.115,0.10006666666666666,Hybrid_RulesSupervised
0.8985333333333333,0.7023115838381123,0.236,0.4849315068493151,0.31748878923766816,0.7846543183803554,0.23847089272302877,0.23847089272302877,0.2902095157806577,0.0803083391730904,0.5150684931506849,354,1146,13124,376,0.04079499973412001,398920,26.594666666666665,0.11500946943605873,0.1,Hybrid_RulesSupervised
0.9054,0.695522266273723,0.24761904761904763,0.46301369863013697,0.322673031026253,0.7846543183803554,0.23847089272302877,0.23847089272302877,0.2925537961845034,0.07196916608269097,0.536986301369863,338,1027,13243,392,0.04079499973412001,412540,27.502666666666666,0.125,0.091,Hybrid_RulesSupervised
0.9082,0.6937444202321184,0.2536176694592536,0.45616438356164385,0.3259911894273128,0.7846543183803554,0.23847089272302877,0.23847089272302877,0.2950163730388813,0.06867554309740714,0.5438356164383562,333,980,13290,397,0.04079499973412001,416600,27.773333333333333,0.1291094910895596,0.08753333333333334,Hybrid_RulesSupervised
0.9107333333333333,0.6885769551986638,0.25737051792828686,0.44246575342465755,0.32544080604534004,0.7846543183803554,0.23847089272302877,0.23847089272302877,0.29308783749176154,0.06531184302733006,0.5575342465753425,323,932,13338,407,0.04079499973412001,425640,28.376,0.135,0.08366666666666667,Hybrid_RulesSupervised
0.9159333333333334,0.6828613529677166,0.2693310165073849,0.4246575342465753,0.32961190855927697,0.7846543183803554,0.23847089272302877,0.23847089272302877,0.2956504004442906,0.05893482831114226,0.5753424657534246,310,841,13429,420,0.04079499973412001,436820,29.121333333333332,0.14500000000000002,0.07673333333333333,Hybrid_RulesSupervised
0.917,0.6801725048237993,0.27111111111111114,0.4178082191780822,0.32884097035040427,0.7846543183803554,0.23847089272302877,0.23847089272302877,0.29437381177475336,0.05746320953048353,0.5821917808219178,305,820,13450,425,0.04079499973412001,441400,29.426666666666666,0.14794948079912926,0.075,Hybrid_RulesSupervised
0.92,0.6778498814449319,0.2799625468164794,0.4095890410958904,0.3325917686318131,0.7846543183803554,0.23847089272302877,0.23847089272302877,0.2976217274374681,0.05388927820602663,0.5904109589041096,299,769,13501,431,0.04079499973412001,446380,29.758666666666667,0.155,0.0712,Hybrid_RulesSupervised
0.924,0.6767027291664667,0.29458917835671344,0.40273972602739727,0.3402777777777778,0.7846543183803554,0.23847089272302877,0.23847089272302877,0.3051310209791829,0.04933426769446391,0.5972602739726027,294,704,13566,436,0.04079499973412001,450080,30.005333333333333,0.165,0.06653333333333333,Hybrid_RulesSupervised
0.9262666666666667,0.6707452169989728,0.30042462845010615,0.38767123287671235,0.33851674641148327,0.7846543183803554,0.23847089272302877,0.23847089272302877,0.3028759143547537,0.046180798878766645,0.6123287671232877,283,659,13611,447,0.04079499973412001,460180,30.67866666666667,0.17500000000000002,0.0628,Hybrid_RulesSupervised
0.9264,0.6701654011193134,0.3006396588486141,0.3863013698630137,0.33812949640287776,0.7846543183803554,0.23847089272302877,0.23847089272302877,0.30244729738996734,0.045970567624386824,0.6136986301369863,282,656,13614,448,0.04079499973412001,461120,30.741333333333333,0.17567945307712088,0.06253333333333333,Hybrid_RulesSupervised
0.9295333333333333,0.6653132829674286,0.31228473019517794,0.3726027397260274,0.3397876327295441,0.7846543183803554,0.23847089272302877,0.23847089272302877,0.30419100860770704,0.04197617379117029,0.6273972602739726,272,599,13671,458,0.04079499973412001,469980,31.332,0.185,0.05806666666666667,Hybrid_RulesSupervised
0.932,0.6614105653204827,0.32273838630806845,0.36164383561643837,0.34108527131782945,0.7846543183803554,0.23847089272302877,0.23847089272302877,0.3059073969483322,0.03882270497547302,0.6383561643835617,264,554,13716,466,0.04079499973412001,477080,31.805333333333333,0.195,0.054533333333333336,Hybrid_RulesSupervised
0.9353333333333333,0.6592631346535984,0.3412698412698413,0.35342465753424657,0.3472409152086137,0.7846543183803554,0.23847089272302877,0.23847089272302877,0.31328657972870844,0.034898388227049756,0.6465753424657534,258,498,13772,472,0.04079499973412001,481960,32.13066666666667,0.20500000000000002,0.0504,Hybrid_RulesSupervised
0.9356,0.6587533958587323,0.3426666666666667,0.35205479452054794,0.3472972972972973,0.7846543183803554,0.23847089272302877,0.23847089272302877,0.3134645061161917,0.03454800280308339,0.647945205479452,257,493,13777,473,0.04079499973412001,482860,32.190666666666665,0.20586375032829737,0.05,Hybrid_RulesSupervised
0.9381333333333334,0.6555356097186357,0.35816618911174786,0.3424657534246575,0.35014005602240894,0.7846543183803554,0.23847089272302877,0.23847089272302877,0.3177657973085621,0.031394533987386126,0.6575342465753424,250,448,13822,480,0.04079499973412001,488960,32.59733333333333,0.215,0.046533333333333336,Hybrid_RulesSupervised
0.9406,0.6542324639295005,0.3767228177641654,0.336986301369863,0.3557483731019523,0.7846543183803554,0.23847089272302877,0.23847089272302877,0.32526854663403726,0.02852137351086195,0.663013698630137,246,407,13863,484,0.04079499973412001,492140,32.809333333333335,0.225,0.043533333333333334,Hybrid_RulesSupervised
0.9420666666666667,0.6485043822176997,0.3862520458265139,0.3232876712328767,0.3519761372110365,0.7846543183803554,0.23847089272302877,0.23847089272302877,0.3233007933334449,0.026278906797477224,0.6767123287671233,236,375,13895,494,0.04079499973412001,501500,33.43333333333333,0.23500000000000001,0.04073333333333334,Hybrid_RulesSupervised
0.9433333333333334,0.6420212919142564,0.39473684210526316,0.3082191780821918,0.34615384615384615,0.7846543183803554,0.23847089272302877,0.23847089272302877,0.31965851519774324,0.024176594253679046,0.6917808219178082,225,345,13925,505,0.04079499973412001,511900,34.126666666666665,0.245,0.038,Hybrid_RulesSupervised
0.9436666666666667,0.6415465916617868,0.3978685612788632,0.30684931506849317,0.34648105181747874,0.7846543183803554,0.23847089272302877,0.23847089272302877,0.3204868045500266,0.02375613174491941,0.6931506849315069,224,339,13931,506,0.04079499973412001,512780,34.18533333333333,0.24651205216934777,0.037533333333333335,Hybrid_RulesSupervised
0.9445333333333333,0.6374528419617744,0.4048507462686567,0.29726027397260274,0.3428120063191153,0.7846543183803554,0.23847089272302877,0.23847089272302877,0.31866218859050516,0.02235459004905396,0.7027397260273973,217,319,13951,513,0.04079499973412001,519380,34.62533333333333,0.255,0.03573333333333333,Hybrid_RulesSupervised
0.9454,0.6314094133684038,0.4115308151093439,0.28356164383561644,0.3357664233576642,0.7846543183803554,0.23847089272302877,0.23847089272302877,0.3141281284621691,0.02074281709880869,0.7164383561643836,207,296,13974,523,0.04079499973412001,528920,35.26133333333333,0.265,0.03353333333333333,Hybrid_RulesSupervised
0.9461333333333334,0.621396549903524,0.4152173913043478,0.26164383561643834,0.32100840336134456,0.7846543183803554,0.23847089272302877,0.23847089272302877,0.3030041923513583,0.01885073580939033,0.7383561643835617,191,269,14001,539,0.04079499973412001,544380,36.292,0.275,0.030666666666666665,Hybrid_RulesSupervised
0.9464666666666667,0.6144229200065277,0.41570438799076215,0.2465753424657534,0.30954428202923473,0.7846543183803554,0.23847089272302877,0.23847089272302877,0.29409485746139385,0.017729502452697967,0.7534246575342466,180,253,14017,550,0.04079499973412001,555060,37.004,0.28500000000000003,0.028866666666666665,Hybrid_RulesSupervised
0.9473333333333334,0.6077295984487046,0.42462311557788945,0.23150684931506849,0.29964539007092195,0.7846543183803554,0.23847089272302877,0.23847089272302877,0.2884634180618706,0.016047652417659427,0.7684931506849315,169,229,14041,561,0.04079499973412001,565580,37.705333333333336,0.295,0.026533333333333332,Hybrid_RulesSupervised
0.9478,0.6027757245298595,0.42933333333333334,0.22054794520547946,0.29140271493212666,0.7846543183803554,0.23847089272302877,0.23847089272302877,0.28328944144265,0.014996496145760336,0.7794520547945205,161,214,14056,569,0.04079499973412001,573280,38.218666666666664,0.30230488050308363,0.025,Hybrid_RulesSupervised
0.9477333333333333,0.6007910070941049,0.42702702702702705,0.21643835616438356,0.2872727272727273,0.7846543183803554,0.23847089272302877,0.23847089272302877,0.2796418533811146,0.014856341976173791,0.7835616438356164,158,212,14058,572,0.04079499973412001,576240,38.416,0.305,0.024666666666666667,Hybrid_RulesSupervised
0.9485333333333333,0.594062646993885,0.4375,0.20136986301369864,0.275797373358349,0.7846543183803554,0.23847089272302877,0.23847089272302877,0.2735424570401788,0.013244569025928521,0.7986301369863014,147,189,14081,583,0.04079499973412001,586780,39.11866666666667,0.315,0.0224,Hybrid_RulesSupervised
0.9486,0.5843492910694915,0.43278688524590164,0.18082191780821918,0.25507246376811593,0.7846543183803554,0.23847089272302877,0.23847089272302877,0.2571876642379424,0.01212333566923616,0.8191780821917808,132,173,14097,598,0.04079499973412001,601460,40.09733333333333,0.325,0.02033333333333333,Hybrid_RulesSupervised
0.9493333333333334,0.575636213533517,0.44360902255639095,0.16164383561643836,0.23694779116465864,0.7846543183803554,0.23847089272302877,0.23847089272302877,0.24662212782188525,0.010371408549404345,0.8383561643835616,118,148,14122,612,0.04079499973412001,614960,40.99733333333333,0.335,0.017733333333333334,Hybrid_RulesSupervised
0.9489333333333333,0.5630780159545363,0.4230769230769231,0.13561643835616438,0.2053941908713693,0.7846543183803554,0.23847089272302877,0.23847089272302877,0.21904940415709181,0.0094604064470918,0.8643835616438356,99,135,14135,631,0.04079499973412001,633700,42.24666666666667,0.34500000000000003,0.0156,Hybrid_RulesSupervised
0.9490666666666666,0.5533996985725393,0.4158415841584158,0.11506849315068493,0.18025751072961374,0.7846543183803554,0.23847089272302877,0.23847089272302877,0.19937239301453852,0.008269096005606167,0.8849315068493151,84,118,14152,646,0.04079499973412001,648360,43.224,0.35500000000000004,0.013466666666666667,Hybrid_RulesSupervised
0.9492,0.5495704178706167,0.4148936170212766,0.10684931506849316,0.16993464052287582,0.7846543183803554,0.23847089272302877,0.23847089272302877,0.19175213842595187,0.007708479327259986,0.8931506849315068,78,110,14160,652,0.04079499973412001,654200,43.61333333333334,0.3581031630835867,0.012533333333333334,Hybrid_RulesSupervised
0.9493333333333334,0.5418417793819778,0.4074074074074074,0.09041095890410959,0.14798206278026907,0.7846543183803554,0.23847089272302877,0.23847089272302877,0.17420810912201662,0.006727400140154169,0.9095890410958904,66,96,14174,664,0.04079499973412001,665920,44.394666666666666,0.365,0.0108,Hybrid_RulesSupervised
0.9498,0.5290891898897006,0.4,0.06301369863013699,0.10887573964497042,0.7846543183803554,0.23847089272302877,0.23847089272302877,0.14351975994248978,0.004835318850735809,0.936986301369863,46,69,14201,684,0.04079499973412001,685380,45.692,0.375,0.007666666666666666,Hybrid_RulesSupervised
0.9500666666666666,0.5181811636635916,0.37662337662337664,0.03972602739726028,0.07187112763320942,0.7846543183803554,0.23847089272302877,0.23847089272302877,0.1094842522201751,0.0033637000700770846,0.9602739726027397,29,48,14222,701,0.04079499973412001,701960,46.797333333333334,0.385,0.0051333333333333335,Hybrid_RulesSupervised
0.9502,0.507852953317142,0.3023255813953488,0.01780821917808219,0.03363518758085382,0.7846543183803554,0.23847089272302877,0.23847089272302877,0.06320915046279994,0.002102312543798178,0.9821917808219178,13,30,14240,717,0.04079499973412001,717600,47.84,0.395,0.0028666666666666667,Hybrid_RulesSupervised
0.9506666666666667,0.502899079398297,0.25,0.00684931506849315,0.01333333333333333,0.7846543183803554,0.23847089272302877,0.23847089272302877,0.03418948960299576,0.001051156271899089,0.9931506849315068,5,15,14255,725,0.04079499973412001,725300,48.35333333333333,0.405,0.0013333333333333333,Hybrid_RulesSupervised
0.9511333333333334,0.4998948843728101,0.0,0.0,0.0,0.7846543183803554,0.23847089272302877,0.23847089272302877,-0.0031989531162594123,0.0002102312543798178,1.0,0,3,14267,730,0.04079499973412001,730060,48.67066666666667,0.41500000000000004,0.0002,Hybrid_RulesSupervised
0.9512666666666667,0.4999649614576034,0.0,0.0,0.0,0.7846543183803554,0.23847089272302877,0.23847089272302877,-0.0018467933027203661,7.00770847932726e-05,1.0,0,1,14269,730,0.04079499973412001,730020,48.668,0.4193393832710238,6.666666666666667e-05,Hybrid_RulesSupervised
0.9513333333333334,0.5,0.0,0.0,0.0,0.7846543183803554,0.23847089272302877,0.23847089272302877,0.0,0.0,1.0,0,0,14270,730,0.04079499973412001,730000,48.666666666666664,0.425,0.0,Hybrid_RulesSupervised
0.9513333333333334,0.5,0.0,0.0,0.0,0.7846543183803554,0.23847089272302877,0.23847089272302877,0.0,0.0,1.0,0,0,14270,730,0.04079499973412001,730000,48.666666666666664,0.435,0.0,Hybrid_RulesSupervised
0.9513333333333334,0.5,0.0,0.0,0.0,0.7846543183803554,0.23847089272302877,0.23847089272302877,0.0,0.0,1.0,0,0,14270,730,0.04079499973412001,730000,48.666666666666664,0.445,0.0,Hybrid_RulesSupervised
0.9513333333333334,0.5,0.0,0.0,0.0,0.7846543183803554,0.23847089272302877,0.23847089272302877,0.0,0.0,1.0,0,0,14270,730,0.04079499973412001,730000,48.666666666666664,0.455,0.0,Hybrid_RulesSupervised
0.9513333333333334,0.5,0.0,0.0,0.0,0.7846543183803554,0.23847089272302877,0.23847089272302877,0.0,0.0,1.0,0,0,14270,730,0.04079499973412001,730000,48.666666666666664,0.465,0.0,Hybrid_RulesSupervised
0.9513333333333334,0.5,0.0,0.0,0.0,0.7846543183803554,0.23847089272302877,0.23847089272302877,0.0,0.0,1.0,0,0,14270,730,0.04079499973412001,730000,48.666666666666664,0.47500000000000003,0.0,Hybrid_RulesSupervised
0.9513333333333334,0.5,0.0,0.0,0.0,0.7846543183803554,0.23847089272302877,0.23847089272302877,0.0,0.0,1.0,0,0,14270,730,0.04079499973412001,730000,48.666666666666664,0.485,0.0,Hybrid_RulesSupervised
0.9513333333333334,0.5,0.0,0.0,0.0,0.7846543183803554,0.23847089272302877,0.23847089272302877,0.0,0.0,1.0,0,0,14270,730,0.04079499973412001,730000,48.666666666666664,0.495,0.0,Hybrid_RulesSupervised
0.9513333333333334,0.5,0.0,0.0,0.0,0.7846543183803554,0.23847089272302877,0.23847089272302877,0.0,0.0,1.0,0,0,14270,730,0.04079499973412001,730000,48.666666666666664,0.505,0.0,Hybrid_RulesSupervised
0.9513333333333334,0.5,0.0,0.0,0.0,0.7846543183803554,0.23847089272302877,0.23847089272302877,0.0,0.0,1.0,0,0,14270,730,0.04079499973412001,730000,48.666666666666664,0.515,0.0,Hybrid_RulesSupervised
0.9513333333333334,0.5,0.0,0.0,0.0,0.7846543183803554,0.23847089272302877,0.23847089272302877,0.0,0.0,1.0,0,0,14270,730,0.04079499973412001,730000,48.666666666666664,0.525,0.0,Hybrid_RulesSupervised
0.9513333333333334,0.5,0.0,0.0,0.0,0.7846543183803554,0.23847089272302877,0.23847089272302877,0.0,0.0,1.0,0,0,14270,730,0.04079499973412001,730000,48.666666666666664,0.535,0.0,Hybrid_RulesSupervised
0.9513333333333334,0.5,0.0,0.0,0.0,0.7846543183803554,0.23847089272302877,0.23847089272302877,0.0,0.0,1.0,0,0,14270,730,0.04079499973412001,730000,48.666666666666664,0.545,0.0,Hybrid_RulesSupervised
0.9513333333333334,0.5,0.0,0.0,0.0,0.7846543183803554,0.23847089272302877,0.23847089272302877,0.0,0.0,1.0,0,0,14270,730,0.04079499973412001,730000,48.666666666666664,0.555,0.0,Hybrid_RulesSupervised
0.9513333333333334,0.5,0.0,0.0,0.0,0.7846543183803554,0.23847089272302877,0.23847089272302877,0.0,0.0,1.0,0,0,14270,730,0.04079499973412001,730000,48.666666666666664,0.5650000000000001,0.0,Hybrid_RulesSupervised
0.9513333333333334,0.5,0.0,0.0,0.0,0.7846543183803554,0.23847089272302877,0.23847089272302877,0.0,0.0,1.0,0,0,14270,730,0.04079499973412001,730000,48.666666666666664,0.5750000000000001,0.0,Hybrid_RulesSupervised
0.9513333333333334,0.5,0.0,0.0,0.0,0.7846543183803554,0.23847089272302877,0.23847089272302877,0.0,0.0,1.0,0,0,14270,730,0.04079499973412001,730000,48.666666666666664,0.585,0.0,Hybrid_RulesSupervised
0.9513333333333334,0.5,0.0,0.0,0.0,0.7846543183803554,0.23847089272302877,0.23847089272302877,0.0,0.0,1.0,0,0,14270,730,0.04079499973412001,730000,48.666666666666664,0.595,0.0,Hybrid_RulesSupervised
0.9513333333333334,0.5,0.0,0.0,0.0,0.7846543183803554,0.23847089272302877,0.23847089272302877,0.0,0.0,1.0,0,0,14270,730,0.04079499973412001,730000,48.666666666666664,0.605,0.0,Hybrid_RulesSupervised
0.9513333333333334,0.5,0.0,0.0,0.0,0.7846543183803554,0.23847089272302877,0.23847089272302877,0.0,0.0,1.0,0,0,14270,730,0.04079499973412001,730000,48.666666666666664,0.615,0.0,Hybrid_RulesSupervised
0.9513333333333334,0.5,0.0,0.0,0.0,0.7846543183803554,0.23847089272302877,0.23847089272302877,0.0,0.0,1.0,0,0,14270,730,0.04079499973412001,730000,48.666666666666664,0.625,0.0,Hybrid_RulesSupervised
0.9513333333333334,0.5,0.0,0.0,0.0,0.7846543183803554,0.23847089272302877,0.23847089272302877,0.0,0.0,1.0,0,0,14270,730,0.04079499973412001,730000,48.666666666666664,0.635,0.0,Hybrid_RulesSupervised
0.9513333333333334,0.5,0.0,0.0,0.0,0.7846543183803554,0.23847089272302877,0.23847089272302877,0.0,0.0,1.0,0,0,14270,730,0.04079499973412001,730000,48.666666666666664,0.645,0.0,Hybrid_RulesSupervised
0.9513333333333334,0.5,0.0,0.0,0.0,0.7846543183803554,0.23847089272302877,0.23847089272302877,0.0,0.0,1.0,0,0,14270,730,0.04079499973412001,730000,48.666666666666664,0.655,0.0,Hybrid_RulesSupervised
0.9513333333333334,0.5,0.0,0.0,0.0,0.7846543183803554,0.23847089272302877,0.23847089272302877,0.0,0.0,1.0,0,0,14270,730,0.04079499973412001,730000,48.666666666666664,0.665,0.0,Hybrid_RulesSupervised
0.9513333333333334,0.5,0.0,0.0,0.0,0.7846543183803554,0.23847089272302877,0.23847089272302877,0.0,0.0,1.0,0,0,14270,730,0.04079499973412001,730000,48.666666666666664,0.675,0.0,Hybrid_RulesSupervised
0.9513333333333334,0.5,0.0,0.0,0.0,0.7846543183803554,0.23847089272302877,0.23847089272302877,0.0,0.0,1.0,0,0,14270,730,0.04079499973412001,730000,48.666666666666664,0.685,0.0,Hybrid_RulesSupervised
0.9513333333333334,0.5,0.0,0.0,0.0,0.7846543183803554,0.23847089272302877,0.23847089272302877,0.0,0.0,1.0,0,0,14270,730,0.04079499973412001,730000,48.666666666666664,0.6950000000000001,0.0,Hybrid_RulesSupervised
0.9513333333333334,0.5,0.0,0.0,0.0,0.7846543183803554,0.23847089272302877,0.23847089272302877,0.0,0.0,1.0,0,0,14270,730,0.04079499973412001,730000,48.666666666666664,0.7050000000000001,0.0,Hybrid_RulesSupervised
0.9513333333333334,0.5,0.0,0.0,0.0,0.7846543183803554,0.23847089272302877,0.23847089272302877,0.0,0.0,1.0,0,0,14270,730,0.04079499973412001,730000,48.666666666666664,0.715,0.0,Hybrid_RulesSupervised
0.9513333333333334,0.5,0.0,0.0,0.0,0.7846543183803554,0.23847089272302877,0.23847089272302877,0.0,0.0,1.0,0,0,14270,730,0.04079499973412001,730000,48.666666666666664,0.725,0.0,Hybrid_RulesSupervised
0.9513333333333334,0.5,0.0,0.0,0.0,0.7846543183803554,0.23847089272302877,0.23847089272302877,0.0,0.0,1.0,0,0,14270,730,0.04079499973412001,730000,48.666666666666664,0.735,0.0,Hybrid_RulesSupervised
0.9513333333333334,0.5,0.0,0.0,0.0,0.7846543183803554,0.23847089272302877,0.23847089272302877,0.0,0.0,1.0,0,0,14270,730,0.04079499973412001,730000,48.666666666666664,0.745,0.0,Hybrid_RulesSupervised
0.9513333333333334,0.5,0.0,0.0,0.0,0.7846543183803554,0.23847089272302877,0.23847089272302877,0.0,0.0,1.0,0,0,14270,730,0.04079499973412001,730000,48.666666666666664,0.755,0.0,Hybrid_RulesSupervised
0.9513333333333334,0.5,0.0,0.0,0.0,0.7846543183803554,0.23847089272302877,0.23847089272302877,0.0,0.0,1.0,0,0,14270,730,0.04079499973412001,730000,48.666666666666664,0.765,0.0,Hybrid_RulesSupervised
0.9513333333333334,0.5,0.0,0.0,0.0,0.7846543183803554,0.23847089272302877,0.23847089272302877,0.0,0.0,1.0,0,0,14270,730,0.04079499973412001,730000,48.666666666666664,0.775,0.0,Hybrid_RulesSupervised
0.9513333333333334,0.5,0.0,0.0,0.0,0.7846543183803554,0.23847089272302877,0.23847089272302877,0.0,0.0,1.0,0,0,14270,730,0.04079499973412001,730000,48.666666666666664,0.785,0.0,Hybrid_RulesSupervised
0.9513333333333334,0.5,0.0,0.0,0.0,0.7846543183803554,0.23847089272302877,0.23847089272302877,0.0,0.0,1.0,0,0,14270,730,0.04079499973412001,730000,48.666666666666664,0.795,0.0,Hybrid_RulesSupervised
0.9513333333333334,0.5,0.0,0.0,0.0,0.7846543183803554,0.23847089272302877,0.23847089272302877,0.0,0.0,1.0,0,0,14270,730,0.04079499973412001,730000,48.666666666666664,0.805,0.0,Hybrid_RulesSupervised
0.9513333333333334,0.5,0.0,0.0,0.0,0.7846543183803554,0.23847089272302877,0.23847089272302877,0.0,0.0,1.0,0,0,14270,730,0.04079499973412001,730000,48.666666666666664,0.8150000000000001,0.0,Hybrid_RulesSupervised
0.9513333333333334,0.5,0.0,0.0,0.0,0.7846543183803554,0.23847089272302877,0.23847089272302877,0.0,0.0,1.0,0,0,14270,730,0.04079499973412001,730000,48.666666666666664,0.8250000000000001,0.0,Hybrid_RulesSupervised
0.9513333333333334,0.5,0.0,0.0,0.0,0.7846543183803554,0.23847089272302877,0.23847089272302877,0.0,0.0,1.0,0,0,14270,730,0.04079499973412001,730000,48.666666666666664,0.8350000000000001,0.0,Hybrid_RulesSupervised
0.9513333333333334,0.5,0.0,0.0,0.0,0.7846543183803554,0.23847089272302877,0.23847089272302877,0.0,0.0,1.0,0,0,14270,730,0.04079499973412001,730000,48.666666666666664,0.845,0.0,Hybrid_RulesSupervised
0.9513333333333334,0.5,0.0,0.0,0.0,0.7846543183803554,0.23847089272302877,0.23847089272302877,0.0,0.0,1.0,0,0,14270,730,0.04079499973412001,730000,48.666666666666664,0.855,0.0,Hybrid_RulesSupervised
0.9513333333333334,0.5,0.0,0.0,0.0,0.7846543183803554,0.23847089272302877,0.23847089272302877,0.0,0.0,1.0,0,0,14270,730,0.04079499973412001,730000,48.666666666666664,0.865,0.0,Hybrid_RulesSupervised
0.9513333333333334,0.5,0.0,0.0,0.0,0.7846543183803554,0.23847089272302877,0.23847089272302877,0.0,0.0,1.0,0,0,14270,730,0.04079499973412001,730000,48.666666666666664,0.875,0.0,Hybrid_RulesSupervised
0.9513333333333334,0.5,0.0,0.0,0.0,0.7846543183803554,0.23847089272302877,0.23847089272302877,0.0,0.0,1.0,0,0,14270,730,0.04079499973412001,730000,48.666666666666664,0.885,0.0,Hybrid_RulesSupervised
0.9513333333333334,0.5,0.0,0.0,0.0,0.7846543183803554,0.23847089272302877,0.23847089272302877,0.0,0.0,1.0,0,0,14270,730,0.04079499973412001,730000,48.666666666666664,0.895,0.0,Hybrid_RulesSupervised
0.9513333333333334,0.5,0.0,0.0,0.0,0.7846543183803554,0.23847089272302877,0.23847089272302877,0.0,0.0,1.0,0,0,14270,730,0.04079499973412001,730000,48.666666666666664,0.905,0.0,Hybrid_RulesSupervised
0.9513333333333334,0.5,0.0,0.0,0.0,0.7846543183803554,0.23847089272302877,0.23847089272302877,0.0,0.0,1.0,0,0,14270,730,0.04079499973412001,730000,48.666666666666664,0.915,0.0,Hybrid_RulesSupervised
0.9513333333333334,0.5,0.0,0.0,0.0,0.7846543183803554,0.23847089272302877,0.23847089272302877,0.0,0.0,1.0,0,0,14270,730,0.04079499973412001,730000,48.666666666666664,0.925,0.0,Hybrid_RulesSupervised
0.9513333333333334,0.5,0.0,0.0,0.0,0.7846543183803554,0.23847089272302877,0.23847089272302877,0.0,0.0,1.0,0,0,14270,730,0.04079499973412001,730000,48.666666666666664,0.935,0.0,Hybrid_RulesSupervised
0.9513333333333334,0.5,0.0,0.0,0.0,0.7846543183803554,0.23847089272302877,0.23847089272302877,0.0,0.0,1.0,0,0,14270,730,0.04079499973412001,730000,48.666666666666664,0.9450000000000001,0.0,Hybrid_RulesSupervised
0.9513333333333334,0.5,0.0,0.0,0.0,0.7846543183803554,0.23847089272302877,0.23847089272302877,0.0,0.0,1.0,0,0,14270,730,0.04079499973412001,730000,48.666666666666664,0.9550000000000001,0.0,Hybrid_RulesSupervised
0.9513333333333334,0.5,0.0,0.0,0.0,0.7846543183803554,0.23847089272302877,0.23847089272302877,0.0,0.0,1.0,0,0,14270,730,0.04079499973412001,730000,48.666666666666664,0.965,0.0,Hybrid_RulesSupervised
0.9513333333333334,0.5,0.0,0.0,0.0,0.7846543183803554,0.23847089272302877,0.23847089272302877,0.0,0.0,1.0,0,0,14270,730,0.04079499973412001,730000,48.666666666666664,0.975,0.0,Hybrid_RulesSupervised
0.9513333333333334,0.5,0.0,0.0,0.0,0.7846543183803554,0.23847089272302877,0.23847089272302877,0.0,0.0,1.0,0,0,14270,730,0.04079499973412001,730000,48.666666666666664,0.985,0.0,Hybrid_RulesSupervised
0.9513333333333334,0.5,0.0,0.0,0.0,0.7846543183803554,0.23847089272302877,0.23847089272302877,0.0,0.0,1.0,0,0,14270,730,0.04079499973412001,730000,48.666666666666664,0.995,0.0,Hybrid_RulesSupervised
0.9513333333333334,0.5,0.0,0.0,0.0,0.7846543183803554,0.23847089272302877,0.23847089272302877,0.0,0.0,1.0,0,0,14270,730,0.04079499973412001,730000,48.666666666666664,1.000001,0.0,Hybrid_RulesSupervised
0.048666666666666664,0.5,0.048666666666666664,1.0,0.09281627463445645,0.7846771174319149,0.2383177323283738,0.2383177323283738,0.0,1.0,0.0,730,14270,0,0,0.0407947216314163,285400,19.026666666666667,0.005,1.0,Hybrid_AddAnomaly
0.048666666666666664,0.5,0.048666666666666664,1.0,0.09281627463445645,0.7846771174319149,0.2383177323283738,0.2383177323283738,0.0,1.0,0.0,730,14270,0,0,0.0407947216314163,285400,19.026666666666667,0.008762590125254462,1.0,Hybrid_AddAnomaly
0.0612,0.5065872459705676,0.04928436402916554,1.0,0.09393900398919058,0.7846771174319149,0.2383177323283738,0.2383177323283738,0.02548129621361946,0.9868255080588647,0.0,730,14082,188,0,0.0407947216314163,281640,18.776,0.010978708126146371,0.9874666666666667,Hybrid_AddAnomaly
0.07326666666666666,0.5109795432510007,0.04970940170940171,0.9958904109589041,0.09469228264408988,0.7846771174319149,0.2383177323283738,0.2383177323283738,0.03026384575832163,0.9739313244569026,0.00410958904109589,727,13898,372,3,0.0407947216314163,280960,18.730666666666668,0.011678041470748019,0.975,Hybrid_AddAnomaly
0.08486666666666667,0.5125269988768467,0.049871857034009835,0.9863013698630136,0.09494296828641129,0.7846771174319149,0.2383177323283738,0.2383177323283738,0.028363366390589194,0.9612473721093202,0.0136986301369863,720,13717,553,10,0.0407947216314163,284340,18.956,0.012143267444759695,0.9624666666666667,Hybrid_AddAnomaly
0.09706666666666666,0.5176392662065258,0.0503859649122807,0.9835616438356164,0.0958611481975968,0.7846771174319149,0.2383177323283738,0.2383177323283738,0.03482938956846574,0.9482831114225648,0.01643835616438356,718,13532,738,12,0.0407947216314163,282640,18.842666666666666,0.012510674142520039,0.95,Hybrid_AddAnomaly
0.1092,0.5220666020293556,0.05084625231119329,0.9794520547945206,0.09667387777176852,0.7846771174319149,0.2383177323283738,0.2383177323283738,0.03922057070625668,0.9353188507358093,0.02054794520547945,715,13347,923,15,0.0407947216314163,281940,18.796,0.012852512171224456,0.9374666666666667,Hybrid_AddAnomaly
0.12126666666666666,0.5264588993097887,0.051315315315315316,0.9753424657534246,0.09750085587127695,0.7846771174319149,0.2383177323283738,0.2383177323283738,0.043229720610278466,0.9224246671338472,0.024657534246575342,712,13163,1107,18,0.0407947216314163,281260,18.750666666666667,0.013256167291117496,0.925,Hybrid_AddAnomaly
0.13366666666666666,0.5323261752311104,0.051947103090523854,0.9739726027397261,0.0986335576056045,0.7846771174319149,0.2383177323283738,0.2383177323283738,0.049223358068716826,0.9093202522775052,0.026027397260273973,711,12976,1294,19,0.0407947216314163,278520,18.568,0.013569907230742048,0.9124666666666666,Hybrid_AddAnomaly
0.14613333333333334,0.5388783826592813,0.05266666666666667,0.9739726027397261,0.0999297259311314,0.7846771174319149,0.2383177323283738,0.2383177323283738,0.05576980018560681,0.8962158374211633,0.026027397260273973,711,12789,1481,19,0.0407947216314163,274780,18.318666666666665,0.01387704322494977,0.9,Hybrid_AddAnomaly
0.1584,0.544025688531357,0.05326021634615385,0.9712328767123287,0.10098276598775102,0.7846771174319149,0.2383177323283738,0.2383177323283738,0.059951726350957,0.8831814996496146,0.028767123287671233,709,12603,1667,21,0.0407947216314163,273060,18.204,0.01418796774247593,0.8874666666666666,Hybrid_AddAnomaly
0.17086666666666667,0.5505778959595281,0.05401904761904762,0.9712328767123287,0.10234572356549983,0.7846771174319149,0.2383177323283738,0.2383177323283738,0.06581333201657957,0.8700770847932726,0.028767123287671233,709,12416,1854,21,0.0407947216314163,269320,17.954666666666668,0.01453721619647554,0.875,Hybrid_AddAnomaly
0.18313333333333334,0.5557252018316038,0.05464945505140295,0.9684931506849315,0.10346089119777567,0.7846771174319149,0.2383177323283738,0.2383177323283738,0.06962875973397892,0.8570427470217239,0.031506849315068496,707,12230,2040,23,0.0407947216314163,267600,17.84,0.014865774875468992,0.8624666666666667,Hybrid_AddAnomaly
0.1892,0.558263816225245,0.05496729990657116,0.9671232876712329,0.10402239575659347,0.7846771174319149,0.2383177323283738,0.2383177323283738,0.07147066329848625,0.8505956552207428,0.03287671232876712,706,12138,2132,24,0.0407947216314163,266760,17.784,0.015,0.8562666666666666,Hybrid_AddAnomaly
0.19546666666666668,0.5615574392105288,0.05537254901960784,0.9671232876712329,0.10474777448071217,0.7846771174319149,0.2383177323283738,0.2383177323283738,0.07418867346562048,0.8440084092501752,0.03287671232876712,706,12044,2226,24,0.0407947216314163,264880,17.658666666666665,0.015127853800136376,0.85,Hybrid_AddAnomaly
0.20706666666666668,0.5631048948363748,0.055644005731571404,0.9575342465753425,0.10517604574179958,0.7846771174319149,0.2383177323283738,0.2383177323283738,0.07360718590602568,0.8313244569025928,0.04246575342465753,699,11863,2407,31,0.0407947216314163,268260,17.884,0.015437056497816204,0.8374666666666667,Hybrid_AddAnomaly
0.21926666666666667,0.5682171621660539,0.056323232323232324,0.9547945205479452,0.10637161388782908,0.7846771174319149,0.2383177323283738,0.2383177323283738,0.07726090721178676,0.8183601962158374,0.045205479452054796,697,11678,2592,33,0.0407947216314163,266560,17.770666666666667,0.015734463453688362,0.825,Hybrid_AddAnomaly
0.23126666666666668,0.5719245279396378,0.05686387133831131,0.9493150684931507,0.10730045676240613,0.7846771174319149,0.2383177323283738,0.2383177323283738,0.07929524783253392,0.8054660126138753,0.050684931506849315,693,11494,2776,37,0.0407947216314163,266880,17.792,0.015979926318949317,0.8124666666666667,Hybrid_AddAnomaly
0.2432,0.5755968551708248,0.057416666666666664,0.9438356164383561,0.10824823252160251,0.7846771174319149,0.2383177323283738,0.2383177323283738,0.08133095860400993,0.7926419060967064,0.056164383561643834,689,11311,2959,41,0.0407947216314163,267220,17.814666666666668,0.016253598538669027,0.8,Hybrid_AddAnomaly
0.2554666666666667,0.5807441610429006,0.058161192008127326,0.9410958904109589,0.10955190559719342,0.7846771174319149,0.2383177323283738,0.2383177323283738,0.08493636354303546,0.7796075683251577,0.0589041095890411,687,11125,3145,43,0.0407947216314163,265500,17.7,0.01649960690017043,0.7874666666666666,Hybrid_AddAnomaly
0.2674,0.5844164882740878,0.05875268817204301,0.9356164383561644,0.11056252529340348,0.7846771174319149,0.2383177323283738,0.2383177323283738,0.08699560735479309,0.7667834618079888,0.06438356164383562,683,10942,3328,47,0.0407947216314163,265840,17.722666666666665,0.01672693067899133,0.775,Hybrid_AddAnomaly
0.2798,0.5902837641954095,0.05963102212118562,0.9342465753424658,0.11210651762965397,0.7846771174319149,0.2383177323283738,0.2383177323283738,0.09129544258473377,0.7536790469516468,0.06575342465753424,682,10755,3515,48,0.0407947216314163,263100,17.54,0.016955052583868927,0.7624666666666666,Hybrid_AddAnomaly
0.29173333333333334,0.5939560914265967,0.06026666666666667,0.9287671232876712,0.11318864774624374,0.7846771174319149,0.2383177323283738,0.2383177323283738,0.09337625653445403,0.740854940434478,0.07123287671232877,678,10572,3698,52,0.0407947216314163,263440,17.562666666666665,0.017188255170806136,0.75,Hybrid_AddAnomaly
0.304,0.5991033972986723,0.061110106671487974,0.9260273972602739,0.1146540027137042,0.7846771174319149,0.2383177323283738,0.2383177323283738,0.09692532631809381,0.7278206026629293,0.07397260273972603,676,10386,3884,54,0.0407947216314163,261720,17.448,0.01741650267801578,0.7374666666666667,Hybrid_AddAnomaly
0.31606666666666666,0.6034956945791056,0.06188505747126437,0.9219178082191781,0.11598448944420509,0.7846771174319149,0.2383177323283738,0.2383177323283738,0.09974682633510977,0.7149264190609671,0.07808219178082192,673,10202,4068,57,0.0407947216314163,261040,17.402666666666665,0.017655808115828456,0.725,Hybrid_AddAnomaly
0.3280666666666667,0.6072030603526893,0.06259941985589969,0.9164383561643835,0.11719365857931155,0.7846771174319149,0.2383177323283738,0.2383177323283738,0.10192787308916948,0.702032235459005,0.08356164383561644,669,10018,4252,61,0.0407947216314163,261360,17.424,0.01788357568006394,0.7124666666666667,Hybrid_AddAnomaly
0.3404,0.6130352977316144,0.06361904761904762,0.915068493150685,0.11896705253784505,0.7846771174319149,0.2383177323283738,0.2383177323283738,0.10614916651419991,0.6889978976874562,0.08493150684931507,668,9832,4438,62,0.0407947216314163,258640,17.24266666666667,0.018145374618050766,0.7,Hybrid_AddAnomaly
0.3525333333333333,0.6174626335544441,0.06448797517455392,0.910958904109589,0.12044919398659663,0.7846771174319149,0.2383177323283738,0.2383177323283738,0.10905306903580968,0.6760336370007007,0.08904109589041095,665,9647,4623,65,0.0407947216314163,257940,17.196,0.018385153013031445,0.6874666666666667,Hybrid_AddAnomaly
0.36473333333333335,0.6225749008841233,0.06548148148148149,0.9082191780821918,0.12215568862275451,0.7846771174319149,0.2383177323283738,0.2383177323283738,0.11262119651047557,0.6630693763139454,0.09178082191780822,663,9462,4808,67,0.0407947216314163,256240,17.082666666666668,0.018642727667561948,0.675,Hybrid_AddAnomaly
0.377,0.6277222067561989,0.06651907014189393,0.9054794520547945,0.12393362707415392,0.7846771174319149,0.2383177323283738,0.2383177323283738,0.11623534721281284,0.6500350385423966,0.09452054794520548,661,9276,4994,69,0.0407947216314163,254520,16.968,0.018908613364169033,0.6624666666666666,Hybrid_AddAnomaly
0.38906666666666667,0.632114504036632,0.06748717948717949,0.9013698630136986,0.12557251908396946,0.7846771174319149,0.2383177323283738,0.2383177323283738,0.11919881871411615,0.6371408549404345,0.09863013698630137,658,9092,5178,72,0.0407947216314163,253840,16.922666666666668,0.019189228548554118,0.65,Hybrid_AddAnomaly
0.4009333333333333,0.63510189976097,0.06829115247856098,0.8945205479452055,0.12689467547609795,0.7846771174319149,0.2383177323283738,0.2383177323283738,0.1209402597294337,0.6243167484232656,0.10547945205479452,653,8909,5361,77,0.0407947216314163,255180,17.012,0.01946622022588749,0.6374666666666666,Hybrid_AddAnomaly
0.41273333333333334,0.6380542569429112,0.06912,0.8876712328767123,0.12825333993072738,0.7846771174319149,0.2383177323283738,0.2383177323283738,0.1227174475036376,0.61156271899089,0.11232876712328767,648,8727,5543,82,0.0407947216314163,256540,17.102666666666668,0.019815934263134348,0.625,Hybrid_AddAnomaly
0.42446666666666666,0.6403216826180032,0.06988135408729727,0.8794520547945206,0.1294746395079157,0.7846771174319149,0.2383177323283738,0.2383177323283738,0.12394847173595848,0.5988086895585144,0.12054794520547946,642,8545,5725,88,0.0407947216314163,258900,17.26,0.020131525150067102,0.6124666666666667,Hybrid_AddAnomaly
0.43653333333333333,0.6447139798984363,0.071,0.8753424657534247,0.13134635149023638,0.7846771174319149,0.2383177323283738,0.2383177323283738,0.12712091785117577,0.5859145059565523,0.12465753424657534,639,8361,5909,91,0.0407947216314163,258220,17.214666666666666,0.02049092894929078,0.6,Hybrid_AddAnomaly
0.44866666666666666,0.649141315721266,0.07217430776214254,0.8712328767123287,0.13330538671138126,0.7846771174319149,0.2383177323283738,0.2383177323283738,0.1303733982056015,0.5729502452697968,0.12876712328767123,636,8176,6094,94,0.0407947216314163,257520,17.168,0.020815502192568273,0.5874666666666667,Hybrid_AddAnomaly
0.4604666666666667,0.6520936729032072,0.07315942028985507,0.8643835616438356,0.1349011223944415,0.7846771174319149,0.2383177323283738,0.2383177323283738,0.1324021122643675,0.5601962158374212,0.13561643835616438,631,7994,6276,99,0.0407947216314163,258880,17.258666666666667,0.021220049851418423,0.575,Hybrid_AddAnomaly
0.4726,0.656521008726037,0.07443404053573545,0.8602739726027397,0.13701319952001748,0.7846771174319149,0.2383177323283738,0.2383177323283738,0.13577844284384083,0.5472319551506657,0.13972602739726028,628,7809,6461,102,0.0407947216314163,258180,17.212,0.02167244705307776,0.5624666666666667,Hybrid_AddAnomaly
0.4846666666666667,0.6609133060064701,0.07575757575757576,0.8561643835616438,0.13919821826280623,0.7846771174319149,0.2383177323283738,0.2383177323283738,0.13919271603769626,0.5343377715487035,0.14383561643835616,625,7625,6645,105,0.0407947216314163,257500,17.166666666666668,0.022018301215952274,0.55,Hybrid_AddAnomaly
0.49666666666666665,0.664620671780054,0.07702803274621682,0.8506849315068493,0.14126478616924476,0.7846771174319149,0.2383177323283738,0.2383177323283738,0.14208532900185442,0.5214435879467414,0.14931506849315068,621,7441,6829,109,0.0407947216314163,257820,17.188,0.022494443672977763,0.5374666666666666,Hybrid_AddAnomaly
0.5083333333333333,0.6668530589127493,0.07809523809523809,0.8424657534246576,0.14294015107495642,0.7846771174319149,0.2383177323283738,0.2383177323283738,0.14378708180448768,0.508759635599159,0.15753424657534246,615,7260,7010,115,0.0407947216314163,260200,17.346666666666668,0.023021571724902625,0.525,Hybrid_AddAnomaly
0.5202,0.6698404546370871,0.07935475478079874,0.8356164383561644,0.14494475466318166,0.7846771174319149,0.2383177323283738,0.2383177323283738,0.14622388847109866,0.4959355290819902,0.1643835616438356,610,7077,7193,120,0.0407947216314163,261540,17.436,0.023508375692700763,0.5124666666666666,Hybrid_AddAnomaly
0.532,0.6727928118190283,0.08066666666666666,0.8287671232876712,0.14702308626974483,0.7846771174319149,0.2383177323283738,0.2383177323283738,0.14871946716161816,0.4831814996496146,0.17123287671232876,605,6895,7375,125,0.0407947216314163,262900,17.526666666666667,0.024044688279909757,0.5,Hybrid_AddAnomaly
0.5435333333333333,0.6743052289024776,0.08177218651716121,0.8191780821917808,0.1487007335571304,0.7846771174319149,0.2383177323283738,0.2383177323283738,0.15006782927793477,0.47056762438682553,0.18082191780821918,598,6715,7555,132,0.0407947216314163,266300,17.753333333333334,0.024573612124660017,0.4875333333333333,Hybrid_AddAnomaly
0.5518666666666666,0.6773852607731519,0.08296213808463251,0.8164383561643835,0.15061915592620673,0.7846771174319149,0.2383177323283738,0.2383177323283738,0.15280779391550392,0.46166783461807986,0.18356164383561643,596,6588,7682,134,0.0407947216314163,265760,17.717333333333332,0.025,0.4789333333333333,Hybrid_AddAnomaly
0.5558,0.6794525347745534,0.08364912280701754,0.8164383561643835,0.15175047740292807,0.7846771174319149,0.2383177323283738,0.2383177323283738,0.1546447902471135,0.4575332866152768,0.18356164383561643,596,6529,7741,134,0.0407947216314163,264580,17.638666666666666,0.02517529244393903,0.475,Hybrid_AddAnomaly
0.5676,0.6824048919564946,0.08518304987027962,0.8095890410958904,0.15414710485133024,0.7846771174319149,0.2383177323283738,0.2383177323283738,0.15743502201116913,0.4447792571829012,0.19041095890410958,591,6347,7923,139,0.0407947216314163,265940,17.729333333333333,0.025737093706586955,0.46253333333333335,Hybrid_AddAnomaly
0.5793333333333334,0.6846723176315865,0.08666666666666667,0.8013698630136986,0.15641711229946523,0.7846771174319149,0.2383177323283738,0.2383177323283738,0.15974466068755744,0.4320252277505256,0.19863013698630136,585,6165,8105,145,0.0407947216314163,268300,17.886666666666667,0.0264172058632673,0.45,Hybrid_AddAnomaly
0.5908666666666667,0.6861847347150358,0.08806948042053939,0.7917808219178082,0.1585081585081585,0.7846771174319149,0.2383177323283738,0.2383177323283738,0.16151105571488628,0.41941135248773653,0.20821917808219179,578,5985,8285,152,0.0407947216314163,271700,18.113333333333333,0.027138249527624794,0.43753333333333333,Hybrid_AddAnomaly
0.6027333333333333,0.6891721304393738,0.08988235294117647,0.7849315068493151,0.16129486277269528,0.7846771174319149,0.2383177323283738,0.2383177323283738,0.16468002365662748,0.4065872459705676,0.21506849315068494,573,5802,8468,157,0.0407947216314163,273040,18.202666666666666,0.027882070755769626,0.425,Hybrid_AddAnomaly
0.6149333333333333,0.6942843977690527,0.0922753716871364,0.7821917808219178,0.16507661173749638,0.7846771174319149,0.2383177323283738,0.2383177323283738,0.1698356825738294,0.3936229852838122,0.21780821917808219,571,5617,8653,159,0.0407947216314163,271340,18.089333333333332,0.028613113554381207,0.4125333333333333,Hybrid_AddAnomaly
0.6269333333333333,0.6979917635426366,0.0945,0.7767123287671233,0.16849925705794946,0.7846771174319149,0.2383177323283738,0.2383177323283738,0.17392165377648425,0.38072880168185,0.2232876712328767,567,5433,8837,163,0.0407947216314163,271660,18.110666666666667,0.029316742034621684,0.4,Hybrid_AddAnomaly
0.6382,0.6980642405275941,0.09599174264579391,0.7643835616438356,0.17056396148555708,0.7846771174319149,0.2383177323283738,0.2383177323283738,0.1749534317213844,0.36825508058864753,0.2356164383561644,558,5255,9015,172,0.0407947216314163,277100,18.473333333333333,0.030226283482956365,0.38753333333333334,Hybrid_AddAnomaly
0.6502,0.7017716063011779,0.09848888888888889,0.7589041095890411,0.1743509047993706,0.7846771174319149,0.2383177323283738,0.2383177323283738,0.17935626942839342,0.3553608969866853,0.2410958904109589,554,5071,9199,176,0.0407947216314163,277420,18.494666666666667,0.031033280639306434,0.375,Hybrid_AddAnomaly
0.6622666666666667,0.706163903581611,0.10132401618242001,0.7547945205479452,0.17866407263294423,0.7846771174319149,0.2383177323283738,0.2383177323283738,0.1845534081319935,0.3424667133847232,0.2452054794520548,551,4887,9383,179,0.0407947216314163,276740,18.449333333333332,0.031926147081466426,0.3625333333333333,Hybrid_AddAnomaly
0.674,0.7084313292567029,0.10380952380952381,0.7465753424657534,0.18227424749163879,0.7846771174319149,0.2383177323283738,0.2383177323283738,0.18805481208575817,0.3297126839523476,0.2534246575342466,545,4705,9565,185,0.0407947216314163,279100,18.606666666666666,0.03289417000432565,0.35,Hybrid_AddAnomaly
0.6854,0.7092237762909064,0.10606359865692278,0.7356164383561644,0.18539616778871051,0.7846771174319149,0.2383177323283738,0.2383177323283738,0.19040696915588684,0.31716888577435176,0.26438356164383564,537,4526,9744,193,0.0407947216314163,283520,18.901333333333334,0.03392300483982261,0.33753333333333335,Hybrid_AddAnomaly
0.6966,0.7105610006623724,0.10858430649457078,0.726027397260274,0.18891463197291034,0.7846771174319149,0.2383177323283738,0.2383177323283738,0.19340074663190873,0.30490539593552907,0.273972602739726,530,4351,9919,200,0.0407947216314163,287020,19.134666666666668,0.034999999999999996,0.3254,Hybrid_AddAnomaly
0.697,0.7107712319167523,0.10871794871794872,0.726027397260274,0.18911685994647637,0.7846771174319149,0.2383177323283738,0.2383177323283738,0.1936555376119925,0.30448493342676947,0.273972602739726,530,4345,9925,200,0.0407947216314163,286900,19.126666666666665,0.03503930649260433,0.325,Hybrid_AddAnomaly
0.7086666666666667,0.7130036190494475,0.11177474402730375,0.7178082191780822,0.1934293097083795,0.7846771174319149,0.2383177323283738,0.2383177323283738,0.19775393816885747,0.2918009810791871,0.2821917808219178,524,4164,10106,206,0.0407947216314163,289280,19.285333333333334,0.03626969774165331,0.31253333333333333,Hybrid_AddAnomaly
0.72,0.7131111345768016,0.11444444444444445,0.7054794520547946,0.19694072657743786,0.7846771174319149,0.2383177323283738,0.2383177323283738,0.20012836489301383,0.27925718290119134,0.2945205479452055,515,3985,10285,215,0.0407947216314163,294700,19.64666666666667,0.037677161006658244,0.3,Hybrid_AddAnomaly
0.7315333333333334,0.7146235516602509,0.11778344539763505,0.6958904109589041,0.2014673805274638,0.7846771174319149,0.2383177323283738,0.2383177323283738,0.20406247791436374,0.2666433076384022,0.3041095890410959,508,3805,10465,222,0.0407947216314163,298100,19.873333333333335,0.03924302561027841,0.2875333333333333,Hybrid_AddAnomaly
0.7427333333333334,0.7140110971383591,0.12072727272727272,0.6821917808219178,0.2051493305870237,0.7846771174319149,0.2383177323283738,0.2383177323283738,0.20625908958686176,0.2541695865451997,0.3178082191780822,498,3627,10643,232,0.0407947216314163,304540,20.302666666666667,0.04106362245030916,0.275,Hybrid_AddAnomaly
0.7544,0.7162434842710543,0.12493651599796851,0.673972602739726,0.21079691516709512,0.7846771174319149,0.2383177323283738,0.2383177323283738,0.21149093621853374,0.24148563419761737,0.32602739726027397,492,3446,10824,238,0.0407947216314163,306920,20.461333333333332,0.04316431227764237,0.26253333333333334,Hybrid_AddAnomaly
0.7638666666666667,0.7160198135757553,0.12804232804232804,0.663013698630137,0.21463414634146338,0.7846771174319149,0.2383177323283738,0.2383177323283738,0.21411873594436684,0.2309740714786265,0.336986301369863,484,3296,10974,246,0.0407947216314163,311920,20.794666666666668,0.045,0.252,Hybrid_AddAnomaly
0.7657333333333334,0.7163509997984083,0.1288,0.6616438356164384,0.21562499999999998,0.7846771174319149,0.2383177323283738,0.2383177323283738,0.2150158244337428,0.2289418360196216,0.33835616438356164,483,3267,11003,247,0.0407947216314163,312340,20.822666666666667,0.04527374426068041,0.25,Hybrid_AddAnomaly
0.7772666666666667,0.7178634168818577,0.13359528487229863,0.6520547945205479,0.22175634754251106,0.7846771174319149,0.2383177323283738,0.2383177323283738,0.2203046942549043,0.21632796075683253,0.34794520547945207,476,3087,11183,254,0.0407947216314163,315740,21.049333333333333,0.048103625032276956,0.23753333333333335,Hybrid_AddAnomaly
0.7888666666666667,0.7194108725077037,0.13896296296296295,0.6424657534246575,0.22850182704019487,0.7846771174319149,0.2383177323283738,0.2383177323283738,0.2261143824424153,0.20364400840925018,0.35753424657534244,469,2906,11364,261,0.0407947216314163,319120,21.27466666666667,0.051542653149233016,0.225,Hybrid_AddAnomaly
0.7996666666666666,0.7218376515536954,0.14486418982204183,0.6356164383561644,0.235952199338927,0.7846771174319149,0.2383177323283738,0.2383177323283738,0.2329562744560361,0.19194113524877365,0.3643835616438356,464,2739,11531,266,0.0407947216314163,320780,21.38533333333333,0.055,0.21353333333333332,Hybrid_AddAnomaly
0.8005333333333333,0.721643259640399,0.14523212045169384,0.6342465753424658,0.23634507401735577,0.7846771174319149,0.2383177323283738,0.2383177323283738,0.2331508834140714,0.19096005606166783,0.36575342465753424,463,2725,11545,267,0.0407947216314163,321500,21.433333333333334,0.05543011610079933,0.21253333333333332,Hybrid_AddAnomaly
0.8124,0.7246306553647368,0.15266666666666667,0.6273972602739726,0.2455764075067024,0.7846771174319149,0.2383177323283738,0.2383177323283738,0.24166913413762953,0.17813594954449896,0.3726027397260274,458,2542,11728,272,0.0407947216314163,322840,21.522666666666666,0.05984696829368527,0.2,Hybrid_AddAnomaly
0.823,0.7211032821034645,0.1578386064699609,0.6082191780821918,0.2506350550381033,0.7846771174319149,0.2383177323283738,0.2383177323283738,0.243761621427601,0.16601261387526278,0.3917808219178082,444,2369,11901,286,0.0407947216314163,333380,22.22533333333333,0.06414679833171796,0.18753333333333333,Hybrid_AddAnomaly
0.8246,0.7212943141565311,0.15895227843559384,0.6068493150684932,0.25191924936025023,0.7846771174319149,0.2383177323283738,0.2383177323283738,0.24484655895062857,0.16426068675543098,0.39315068493150684,443,2344,11926,287,0.0407947216314163,333880,22.258666666666667,0.065,0.1858,Hybrid_AddAnomaly
0.8340666666666666,0.7197708575323266,0.16495238095238096,0.5931506849315068,0.2581222056631893,0.7846771174319149,0.2383177323283738,0.2383177323283738,0.24890651109654785,0.15360896986685355,0.40684931506849314,433,2192,12078,297,0.0407947216314163,340840,22.722666666666665,0.06946771224458517,0.175,Hybrid_AddAnomaly
0.8448,0.7202129191425637,0.1736111111111111,0.5821917808219178,0.2674638137193203,0.7846771174319149,0.2383177323283738,0.2383177323283738,0.25643897612212263,0.14176594253679048,0.4178082191780822,425,2023,12247,305,0.0407947216314163,345460,23.030666666666665,0.07500000000000001,0.1632,Hybrid_AddAnomaly
0.8454666666666667,0.7205633045665301,0.17432321575061527,0.5821917808219178,0.26830808080808083,0.7846771174319149,0.2383177323283738,0.2383177323283738,0.25727075855798376,0.14106517168885774,0.4178082191780822,425,2013,12257,305,0.0407947216314163,345260,23.017333333333333,0.07520328577899958,0.16253333333333334,Hybrid_AddAnomaly
0.8561333333333333,0.7170709698476543,0.18266666666666667,0.563013698630137,0.2758389261744967,0.7846771174319149,0.2383177323283738,0.2383177323283738,0.2616126906419249,0.1288717589348283,0.436986301369863,411,1839,12431,319,0.0407947216314163,355780,23.718666666666667,0.08030334618641001,0.15,Hybrid_AddAnomaly
0.8633333333333333,0.7163058816753223,0.18984962406015038,0.5534246575342465,0.2827151854443667,0.7846771174319149,0.2383177323283738,0.2383177323283738,0.2667859250861999,0.12081289418360196,0.4465753424657534,404,1724,12546,326,0.0407947216314163,360480,24.032,0.085,0.14186666666666667,Hybrid_AddAnomaly
0.8671333333333333,0.7157035067341199,0.19389238972370335,0.547945205479452,0.2864303616183315,0.7846771174319149,0.2383177323283738,0.2383177323283738,0.26952199634113866,0.11653819201121234,0.4520547945205479,400,1663,12607,330,0.0407947216314163,363260,24.217333333333332,0.08745135909938852,0.13753333333333334,Hybrid_AddAnomaly
0.8774,0.7100512618675063,0.20426666666666668,0.5246575342465754,0.2940499040307102,0.7846771174319149,0.2383177323283738,0.2383177323283738,0.2733244073428767,0.10455501051156271,0.47534246575342465,383,1492,12778,347,0.0407947216314163,376840,25.122666666666667,0.09486288805217574,0.125,Hybrid_AddAnomaly
0.8778666666666667,0.7102965316642827,0.2050321199143469,0.5246575342465754,0.29484218629715164,0.7846771174319149,0.2383177323283738,0.2383177323283738,0.2740827161008727,0.10406447091800981,0.47534246575342465,383,1485,12785,347,0.0407947216314163,376700,25.113333333333333,0.095,0.12453333333333333,Hybrid_AddAnomaly
0.888,0.7065238886062339,0.21860189573459715,0.5054794520547945,0.30521091811414386,0.7846771174319149,0.2383177323283738,0.2383177323283738,0.2812327090770613,0.09243167484232656,0.4945205479452055,369,1319,12951,361,0.0407947216314163,387380,25.825333333333333,0.1044993173137025,0.11253333333333333,Hybrid_AddAnomaly
0.8883333333333333,0.7053992953893118,0.21858248957712925,0.5027397260273972,0.30469074304690746,0.7846771174319149,0.2383177323283738,0.2383177323283738,0.2803551895057336,0.09194113524877365,0.49726027397260275,367,1312,12958,363,0.0407947216314163,389240,25.949333333333332,0.10500000000000001,0.11193333333333333,Hybrid_AddAnomaly
0.8985333333333333,0.7036113697670177,0.23670212765957446,0.4876712328767123,0.3187108325872874,0.7846771174319149,0.2383177323283738,0.2383177323283738,0.291728584614317,0.08044849334267694,0.5123287671232877,356,1148,13122,374,0.0407947216314163,396960,26.464,0.115,0.10026666666666667,Hybrid_AddAnomaly
0.8988,0.7037515239366042,0.23733333333333334,0.4876712328767123,0.3192825112107623,0.7846771174319149,0.2383177323283738,0.2383177323283738,0.29227506393568015,0.08016818500350385,0.5123287671232877,356,1144,13126,374,0.0407947216314163,396880,26.458666666666666,0.11545028731224193,0.1,Hybrid_AddAnomaly
0.9054,0.6948723733092703,0.24724871606749815,0.46164383561643835,0.3220258002866698,0.7846771174319149,0.2383177323283738,0.2383177323283738,0.29177383151026554,0.07189908899789768,0.5383561643835616,337,1026,13244,393,0.0407947216314163,413520,27.568,0.125,0.09086666666666667,Hybrid_AddAnomaly
0.9083333333333333,0.6944643902813643,0.25437928408225435,0.4575342465753425,0.3269701419481155,0.7846771174319149,0.2383177323283738,0.2383177323283738,0.29611267791502016,0.06860546601261387,0.5424657534246575,334,979,13291,396,0.0407947216314163,415580,27.705333333333332,0.12989196120938717,0.08753333333333334,Hybrid_AddAnomaly
0.9110666666666667,0.6900519338395523,0.259170653907496,0.4452054794520548,0.32762096774193544,0.7846771174319149,0.2383177323283738,0.2383177323283738,0.295487264340258,0.06510161177295025,0.5547945205479452,325,929,13341,405,0.0407947216314163,423580,28.238666666666667,0.135,0.0836,Hybrid_AddAnomaly
0.9157333333333333,0.6808065584471685,0.26742160278745647,0.42054794520547945,0.32694355697550587,0.7846771174319149,0.2383177323283738,0.2383177323283738,0.2926782209638425,0.05893482831114226,0.5794520547945206,307,841,13429,423,0.0407947216314163,439820,29.32133333333333,0.14500000000000002,0.07653333333333333,Hybrid_AddAnomaly
0.9167333333333333,0.6787325647253074,0.2693333333333333,0.41506849315068495,0.3266846361185984,0.7846771174319149,0.2383177323283738,0.2383177323283738,0.29202117391841165,0.057603363700070076,0.584931506849315,303,822,13448,427,0.0407947216314163,443440,29.562666666666665,0.14719041191990098,0.075,Hybrid_AddAnomaly
0.9202,0.6779549970721218,0.28075117370892017,0.4095890410958904,0.3331476323119777,0.7846771174319149,0.2383177323283738,0.2383177323283738,0.2981846682607401,0.05367904695164681,0.5904109589041096,299,766,13504,431,0.0407947216314163,446320,29.754666666666665,0.155,0.071,Hybrid_AddAnomaly
0.9234666666666667,0.6757725278628409,0.2918326693227092,0.40136986301369865,0.33794694348327564,0.7846771174319149,0.2383177323283738,0.2383177323283738,0.3026812978774617,0.04982480728801682,0.5986301369863014,293,711,13559,437,0.0407947216314163,451220,30.081333333333333,0.165,0.06693333333333333,Hybrid_AddAnomaly
0.9264666666666667,0.6708503326261628,0.30138445154419596,0.38767123287671235,0.3391252246854404,0.7846771174319149,0.2383177323283738,0.2383177323283738,0.30351372910781094,0.045970567624386824,0.6123287671232877,283,656,13614,447,0.0407947216314163,460120,30.674666666666667,0.17500000000000002,0.0626,Hybrid_AddAnomaly
0.9265333333333333,0.6708853711685594,0.3017057569296375,0.38767123287671235,0.3393285371702638,0.7846771174319149,0.2383177323283738,0.2383177323283738,0.3037269523266573,0.04590049053959355,0.6123287671232877,283,655,13615,447,0.0407947216314163,460100,30.673333333333332,0.17529197887070147,0.06253333333333333,Hybrid_AddAnomaly
0.9293333333333333,0.6652081673402386,0.3112128146453089,0.3726027397260274,0.33915211970074816,0.7846771174319149,0.2383177323283738,0.2383177323283738,0.30350762660322544,0.04218640504555011,0.6273972602739726,272,602,13668,458,0.0407947216314163,470040,31.336,0.185,0.05826666666666667,Hybrid_AddAnomaly
0.9321333333333334,0.6608307494408232,0.3230958230958231,0.36027397260273974,0.34067357512953367,0.7846771174319149,0.2383177323283738,0.2383177323283738,0.30551343823289856,0.0386124737210932,0.6397260273972603,263,551,13719,467,0.0407947216314163,478020,31.868,0.195,0.054266666666666664,Hybrid_AddAnomaly
0.9356666666666666,0.6600882203300342,0.34395750332005315,0.3547945205479452,0.349291975724882,0.7846771174319149,0.2383177323283738,0.2383177323283738,0.3155030694263544,0.034618079887876664,0.6452054794520548,259,494,13776,471,0.0407947216314163,480880,32.05866666666667,0.20500000000000002,0.0502,Hybrid_AddAnomaly
0.9358666666666666,0.6601933359572242,0.3453333333333333,0.3547945205479452,0.35000000000000003,0.7846771174319149,0.2383177323283738,0.2383177323283738,0.3163077215911685,0.03440784863349684,0.6452054794520548,259,491,13779,471,0.0407947216314163,480820,32.05466666666667,0.20613064286637764,0.05,Hybrid_AddAnomaly
0.9379333333333333,0.6547806011269931,0.3562231759656652,0.3410958904109589,0.3484954513645906,0.7846771174319149,0.2383177323283738,0.2383177323283738,0.316008052987258,0.03153468815697267,0.6589041095890411,249,450,13820,481,0.0407947216314163,490000,32.666666666666664,0.215,0.0466,Hybrid_AddAnomaly
0.9406666666666667,0.6542675024718971,0.3773006134969325,0.336986301369863,0.3560057887120116,0.7846771174319149,0.2383177323283738,0.2383177323283738,0.325580494868486,0.028451296426068674,0.663013698630137,246,406,13864,484,0.0407947216314163,492120,32.808,0.225,0.04346666666666667,Hybrid_AddAnomaly
0.9422,0.6498742452313984,0.38825448613376834,0.32602739726027397,0.35443037974683544,0.7846771174319149,0.2383177323283738,0.2383177323283738,0.32577298124265236,0.026278906797477224,0.673972602739726,238,375,13895,492,0.0407947216314163,499500,33.3,0.23500000000000001,0.04086666666666667,Hybrid_AddAnomaly
0.9431333333333334,0.6406163903581611,0.39191564147627417,0.30547945205479454,0.3433410315627406,0.7846771174319149,0.2383177323283738,0.2383177323283738,0.3167634111142674,0.02424667133847232,0.6945205479452055,223,346,13924,507,0.0407947216314163,513920,34.26133333333333,0.245,0.03793333333333333,Hybrid_AddAnomaly
0.9432666666666667,0.639386681514049,0.3925399644760213,0.30273972602739724,0.34184068058778033,0.7846771174319149,0.2383177323283738,0.2383177323283738,0.31559638159291514,0.023966362999299228,0.6972602739726027,221,342,13928,509,0.0407947216314163,515840,34.38933333333333,0.24662949334449555,0.037533333333333335,Hybrid_AddAnomaly
0.944,0.6352228547292433,0.39776951672862454,0.29315068493150687,0.3375394321766561,0.7846771174319149,0.2383177323283738,0.2383177323283738,0.31293071762447405,0.022704975473020323,0.7068493150684931,214,324,13946,516,0.0407947216314163,522480,34.832,0.255,0.035866666666666665,Hybrid_AddAnomaly
0.9453333333333334,0.6313743748260072,0.4107142857142857,0.28356164383561644,0.3354943273905997,0.7846771174319149,0.2383177323283738,0.2383177323283738,0.3137434849644984,0.020812894183601962,0.7164383561643836,207,297,13973,523,0.0407947216314163,528940,35.26266666666667,0.265,0.0336,Hybrid_AddAnomaly
0.9462,0.6233812673392787,0.4172043010752688,0.26575342465753427,0.3246861924686193,0.7846771174319149,0.2383177323283738,0.2383177323283738,0.30635053610400914,0.018990889978976876,0.7342465753424657,194,271,13999,536,0.0407947216314163,541420,36.09466666666667,0.275,0.031,Hybrid_AddAnomaly
0.9465333333333333,0.6138080655844717,0.41627906976744183,0.2452054794520548,0.30862068965517236,0.7846771174319149,0.2383177323283738,0.2383177323283738,0.2935029361663705,0.01758934828311142,0.7547945205479452,179,251,14019,551,0.0407947216314163,556020,37.068,0.28500000000000003,0.028666666666666667,Hybrid_AddAnomaly
0.9472666666666667,0.6076945599063079,0.42355889724310775,0.23150684931506849,0.2993799822852081,0.7846771174319149,0.2383177323283738,0.2383177323283738,0.2880178670298493,0.0161177295024527,0.7684931506849315,169,230,14040,561,0.0407947216314163,565600,37.70666666666666,0.295,0.0266,Hybrid_AddAnomaly
0.9476666666666667,0.6020557544806135,0.4266666666666667,0.2191780821917808,0.28959276018099545,0.7846771174319149,0.2383177323283738,0.2383177323283738,0.2813049269666945,0.015066573230553609,0.7808219178082192,160,215,14055,570,0.0407947216314163,574300,38.28666666666667,0.3032683343644821,0.025,Hybrid_AddAnomaly
0.9478666666666666,0.6008610841788982,0.42934782608695654,0.21643835616438356,0.2877959927140255,0.7846771174319149,0.2383177323283738,0.2383177323283738,0.28057649709043736,0.014716187806587245,0.7835616438356164,158,210,14060,572,0.0407947216314163,576200,38.413333333333334,0.305,0.024533333333333334,Hybrid_AddAnomaly
0.9486,0.5947475785007343,0.4391691394658754,0.20273972602739726,0.2774133083411434,0.7846771174319149,0.2383177323283738,0.2383177323283738,0.27513457128946905,0.013244569025928521,0.7972602739726027,148,189,14081,582,0.0407947216314163,585780,39.052,0.315,0.022466666666666666,Hybrid_AddAnomaly
0.9489333333333333,0.58582426971038,0.4407894736842105,0.18356164383561643,0.2591876208897485,0.7846771174319149,0.2383177323283738,0.2383177323283738,0.26210612237091835,0.011913104414856343,0.8164383561643835,134,170,14100,596,0.0407947216314163,599400,39.96,0.325,0.020266666666666665,Hybrid_AddAnomaly
0.9492666666666667,0.5769009609200257,0.44280442804428044,0.1643835616438356,0.23976023976023977,0.7846771174319149,0.2383177323283738,0.2383177323283738,0.24846424585468418,0.010581639803784163,0.8356164383561644,120,151,14119,610,0.0407947216314163,613020,40.868,0.335,0.01806666666666667,Hybrid_AddAnomaly
0.9490666666666666,0.5631480930393296,0.4267241379310345,0.13561643835616438,0.2058212058212058,0.7846771174319149,0.2383177323283738,0.2383177323283738,0.22022104450563457,0.009320252277505256,0.8643835616438356,99,133,14137,631,0.0407947216314163,633660,42.244,0.34500000000000003,0.015466666666666667,Hybrid_AddAnomaly
0.9492666666666667,0.5528549212352766,0.4213197969543147,0.1136986301369863,0.17907227615965482,0.7846771174319149,0.2383177323283738,0.2383177323283738,0.19979327211642808,0.007988787666433076,0.8863013698630137,83,114,14156,647,0.0407947216314163,649280,43.285333333333334,0.35500000000000004,0.013133333333333334,Hybrid_AddAnomaly
0.9488,0.5474105077228787,0.39893617021276595,0.10273972602739725,0.16339869281045752,0.7846771174319149,0.2383177323283738,0.2383177323283738,0.1833970063244299,0.007918710581639803,0.8972602739726028,75,113,14157,655,0.0407947216314163,657260,43.81733333333333,0.35815182176755334,0.012533333333333334,Hybrid_AddAnomaly
0.9493333333333334,0.5405419934530724,0.4050632911392405,0.08767123287671233,0.14414414414414414,0.7846771174319149,0.2383177323283738,0.2383177323283738,0.17089673059114788,0.006587245970567625,0.9123287671232877,64,94,14176,666,0.0407947216314163,667880,44.525333333333336,0.365,0.010533333333333334,Hybrid_AddAnomaly
0.9502,0.5312491000374384,0.4260869565217391,0.06712328767123288,0.11597633136094675,0.7846771174319149,0.2383177323283738,0.2383177323283738,0.1541762886074713,0.0046250875963559914,0.9328767123287671,49,66,14204,681,0.0407947216314163,682320,45.488,0.375,0.007666666666666666,Hybrid_AddAnomaly
0.9496666666666667,0.5140715746224956,0.323943661971831,0.031506849315068496,0.05742821473158553,0.7846771174319149,0.2383177323283738,0.2383177323283738,0.0882270131931016,0.0033637000700770846,0.9684931506849315,23,48,14222,707,0.0407947216314163,707960,47.19733333333333,0.385,0.004733333333333333,Hybrid_AddAnomaly
0.9502666666666667,0.5098376707528967,0.3333333333333333,0.021917808219178082,0.04113110539845758,0.7846771174319149,0.2383177323283738,0.2383177323283738,0.07495928457424694,0.002242466713384723,0.9780821917808219,16,32,14238,714,0.0407947216314163,714640,47.64266666666666,0.395,0.0032,Hybrid_AddAnomaly
0.9504666666666667,0.5021440708066545,0.19047619047619047,0.005479452054794521,0.010652463382157125,0.7846771174319149,0.2383177323283738,0.2383177323283738,0.024676949827826443,0.0011913104414856342,0.9945205479452055,4,17,14253,726,0.0407947216314163,726340,48.422666666666665,0.405,0.0014,Hybrid_AddAnomaly
0.9509333333333333,0.5004396617100728,0.125,0.0013698630136986301,0.0027100271002710027,0.7846771174319149,0.2383177323283738,0.2383177323283738,0.008194968277780549,0.0004905395935529082,0.9986301369863013,1,7,14263,729,0.0407947216314163,729140,48.60933333333333,0.41500000000000004,0.0005333333333333334,Hybrid_AddAnomaly
0.9512666666666667,0.4999649614576034,0.0,0.0,0.0,0.7846771174319149,0.2383177323283738,0.2383177323283738,-0.0018467933027203661,7.00770847932726e-05,1.0,0,1,14269,730,0.0407947216314163,730020,48.668,0.4237374131930886,6.666666666666667e-05,Hybrid_AddAnomaly
0.9513333333333334,0.5,0.0,0.0,0.0,0.7846771174319149,0.2383177323283738,0.2383177323283738,0.0,0.0,1.0,0,0,14270,730,0.0407947216314163,730000,48.666666666666664,0.425,0.0,Hybrid_AddAnomaly
0.9513333333333334,0.5,0.0,0.0,0.0,0.7846771174319149,0.2383177323283738,0.2383177323283738,0.0,0.0,1.0,0,0,14270,730,0.0407947216314163,730000,48.666666666666664,0.435,0.0,Hybrid_AddAnomaly
0.9513333333333334,0.5,0.0,0.0,0.0,0.7846771174319149,0.2383177323283738,0.2383177323283738,0.0,0.0,1.0,0,0,14270,730,0.0407947216314163,730000,48.666666666666664,0.445,0.0,Hybrid_AddAnomaly
0.9513333333333334,0.5,0.0,0.0,0.0,0.7846771174319149,0.2383177323283738,0.2383177323283738,0.0,0.0,1.0,0,0,14270,730,0.0407947216314163,730000,48.666666666666664,0.455,0.0,Hybrid_AddAnomaly
0.9513333333333334,0.5,0.0,0.0,0.0,0.7846771174319149,0.2383177323283738,0.2383177323283738,0.0,0.0,1.0,0,0,14270,730,0.0407947216314163,730000,48.666666666666664,0.465,0.0,Hybrid_AddAnomaly
0.9513333333333334,0.5,0.0,0.0,0.0,0.7846771174319149,0.2383177323283738,0.2383177323283738,0.0,0.0,1.0,0,0,14270,730,0.0407947216314163,730000,48.666666666666664,0.47500000000000003,0.0,Hybrid_AddAnomaly
0.9513333333333334,0.5,0.0,0.0,0.0,0.7846771174319149,0.2383177323283738,0.2383177323283738,0.0,0.0,1.0,0,0,14270,730,0.0407947216314163,730000,48.666666666666664,0.485,0.0,Hybrid_AddAnomaly
0.9513333333333334,0.5,0.0,0.0,0.0,0.7846771174319149,0.2383177323283738,0.2383177323283738,0.0,0.0,1.0,0,0,14270,730,0.0407947216314163,730000,48.666666666666664,0.495,0.0,Hybrid_AddAnomaly
0.9513333333333334,0.5,0.0,0.0,0.0,0.7846771174319149,0.2383177323283738,0.2383177323283738,0.0,0.0,1.0,0,0,14270,730,0.0407947216314163,730000,48.666666666666664,0.505,0.0,Hybrid_AddAnomaly
0.9513333333333334,0.5,0.0,0.0,0.0,0.7846771174319149,0.2383177323283738,0.2383177323283738,0.0,0.0,1.0,0,0,14270,730,0.0407947216314163,730000,48.666666666666664,0.515,0.0,Hybrid_AddAnomaly
0.9513333333333334,0.5,0.0,0.0,0.0,0.7846771174319149,0.2383177323283738,0.2383177323283738,0.0,0.0,1.0,0,0,14270,730,0.0407947216314163,730000,48.666666666666664,0.525,0.0,Hybrid_AddAnomaly
0.9513333333333334,0.5,0.0,0.0,0.0,0.7846771174319149,0.2383177323283738,0.2383177323283738,0.0,0.0,1.0,0,0,14270,730,0.0407947216314163,730000,48.666666666666664,0.535,0.0,Hybrid_AddAnomaly
0.9513333333333334,0.5,0.0,0.0,0.0,0.7846771174319149,0.2383177323283738,0.2383177323283738,0.0,0.0,1.0,0,0,14270,730,0.0407947216314163,730000,48.666666666666664,0.545,0.0,Hybrid_AddAnomaly
0.9513333333333334,0.5,0.0,0.0,0.0,0.7846771174319149,0.2383177323283738,0.2383177323283738,0.0,0.0,1.0,0,0,14270,730,0.0407947216314163,730000,48.666666666666664,0.555,0.0,Hybrid_AddAnomaly
0.9513333333333334,0.5,0.0,0.0,0.0,0.7846771174319149,0.2383177323283738,0.2383177323283738,0.0,0.0,1.0,0,0,14270,730,0.0407947216314163,730000,48.666666666666664,0.5650000000000001,0.0,Hybrid_AddAnomaly
0.9513333333333334,0.5,0.0,0.0,0.0,0.7846771174319149,0.2383177323283738,0.2383177323283738,0.0,0.0,1.0,0,0,14270,730,0.0407947216314163,730000,48.666666666666664,0.5750000000000001,0.0,Hybrid_AddAnomaly
0.9513333333333334,0.5,0.0,0.0,0.0,0.7846771174319149,0.2383177323283738,0.2383177323283738,0.0,0.0,1.0,0,0,14270,730,0.0407947216314163,730000,48.666666666666664,0.585,0.0,Hybrid_AddAnomaly
0.9513333333333334,0.5,0.0,0.0,0.0,0.7846771174319149,0.2383177323283738,0.2383177323283738,0.0,0.0,1.0,0,0,14270,730,0.0407947216314163,730000,48.666666666666664,0.595,0.0,Hybrid_AddAnomaly
0.9513333333333334,0.5,0.0,0.0,0.0,0.7846771174319149,0.2383177323283738,0.2383177323283738,0.0,0.0,1.0,0,0,14270,730,0.0407947216314163,730000,48.666666666666664,0.605,0.0,Hybrid_AddAnomaly
0.9513333333333334,0.5,0.0,0.0,0.0,0.7846771174319149,0.2383177323283738,0.2383177323283738,0.0,0.0,1.0,0,0,14270,730,0.0407947216314163,730000,48.666666666666664,0.615,0.0,Hybrid_AddAnomaly
0.9513333333333334,0.5,0.0,0.0,0.0,0.7846771174319149,0.2383177323283738,0.2383177323283738,0.0,0.0,1.0,0,0,14270,730,0.0407947216314163,730000,48.666666666666664,0.625,0.0,Hybrid_AddAnomaly
0.9513333333333334,0.5,0.0,0.0,0.0,0.7846771174319149,0.2383177323283738,0.2383177323283738,0.0,0.0,1.0,0,0,14270,730,0.0407947216314163,730000,48.666666666666664,0.635,0.0,Hybrid_AddAnomaly
0.9513333333333334,0.5,0.0,0.0,0.0,0.7846771174319149,0.2383177323283738,0.2383177323283738,0.0,0.0,1.0,0,0,14270,730,0.0407947216314163,730000,48.666666666666664,0.645,0.0,Hybrid_AddAnomaly
0.9513333333333334,0.5,0.0,0.0,0.0,0.7846771174319149,0.2383177323283738,0.2383177323283738,0.0,0.0,1.0,0,0,14270,730,0.0407947216314163,730000,48.666666666666664,0.655,0.0,Hybrid_AddAnomaly
0.9513333333333334,0.5,0.0,0.0,0.0,0.7846771174319149,0.2383177323283738,0.2383177323283738,0.0,0.0,1.0,0,0,14270,730,0.0407947216314163,730000,48.666666666666664,0.665,0.0,Hybrid_AddAnomaly
0.9513333333333334,0.5,0.0,0.0,0.0,0.7846771174319149,0.2383177323283738,0.2383177323283738,0.0,0.0,1.0,0,0,14270,730,0.0407947216314163,730000,48.666666666666664,0.675,0.0,Hybrid_AddAnomaly
0.9513333333333334,0.5,0.0,0.0,0.0,0.7846771174319149,0.2383177323283738,0.2383177323283738,0.0,0.0,1.0,0,0,14270,730,0.0407947216314163,730000,48.666666666666664,0.685,0.0,Hybrid_AddAnomaly
0.9513333333333334,0.5,0.0,0.0,0.0,0.7846771174319149,0.2383177323283738,0.2383177323283738,0.0,0.0,1.0,0,0,14270,730,0.0407947216314163,730000,48.666666666666664,0.6950000000000001,0.0,Hybrid_AddAnomaly
0.9513333333333334,0.5,0.0,0.0,0.0,0.7846771174319149,0.2383177323283738,0.2383177323283738,0.0,0.0,1.0,0,0,14270,730,0.0407947216314163,730000,48.666666666666664,0.7050000000000001,0.0,Hybrid_AddAnomaly
0.9513333333333334,0.5,0.0,0.0,0.0,0.7846771174319149,0.2383177323283738,0.2383177323283738,0.0,0.0,1.0,0,0,14270,730,0.0407947216314163,730000,48.666666666666664,0.715,0.0,Hybrid_AddAnomaly
0.9513333333333334,0.5,0.0,0.0,0.0,0.7846771174319149,0.2383177323283738,0.2383177323283738,0.0,0.0,1.0,0,0,14270,730,0.0407947216314163,730000,48.666666666666664,0.725,0.0,Hybrid_AddAnomaly
0.9513333333333334,0.5,0.0,0.0,0.0,0.7846771174319149,0.2383177323283738,0.2383177323283738,0.0,0.0,1.0,0,0,14270,730,0.0407947216314163,730000,48.666666666666664,0.735,0.0,Hybrid_AddAnomaly
0.9513333333333334,0.5,0.0,0.0,0.0,0.7846771174319149,0.2383177323283738,0.2383177323283738,0.0,0.0,1.0,0,0,14270,730,0.0407947216314163,730000,48.666666666666664,0.745,0.0,Hybrid_AddAnomaly
0.9513333333333334,0.5,0.0,0.0,0.0,0.7846771174319149,0.2383177323283738,0.2383177323283738,0.0,0.0,1.0,0,0,14270,730,0.0407947216314163,730000,48.666666666666664,0.755,0.0,Hybrid_AddAnomaly
0.9513333333333334,0.5,0.0,0.0,0.0,0.7846771174319149,0.2383177323283738,0.2383177323283738,0.0,0.0,1.0,0,0,14270,730,0.0407947216314163,730000,48.666666666666664,0.765,0.0,Hybrid_AddAnomaly
0.9513333333333334,0.5,0.0,0.0,0.0,0.7846771174319149,0.2383177323283738,0.2383177323283738,0.0,0.0,1.0,0,0,14270,730,0.0407947216314163,730000,48.666666666666664,0.775,0.0,Hybrid_AddAnomaly
0.9513333333333334,0.5,0.0,0.0,0.0,0.7846771174319149,0.2383177323283738,0.2383177323283738,0.0,0.0,1.0,0,0,14270,730,0.0407947216314163,730000,48.666666666666664,0.785,0.0,Hybrid_AddAnomaly
0.9513333333333334,0.5,0.0,0.0,0.0,0.7846771174319149,0.2383177323283738,0.2383177323283738,0.0,0.0,1.0,0,0,14270,730,0.0407947216314163,730000,48.666666666666664,0.795,0.0,Hybrid_AddAnomaly
0.9513333333333334,0.5,0.0,0.0,0.0,0.7846771174319149,0.2383177323283738,0.2383177323283738,0.0,0.0,1.0,0,0,14270,730,0.0407947216314163,730000,48.666666666666664,0.805,0.0,Hybrid_AddAnomaly
0.9513333333333334,0.5,0.0,0.0,0.0,0.7846771174319149,0.2383177323283738,0.2383177323283738,0.0,0.0,1.0,0,0,14270,730,0.0407947216314163,730000,48.666666666666664,0.8150000000000001,0.0,Hybrid_AddAnomaly
0.9513333333333334,0.5,0.0,0.0,0.0,0.7846771174319149,0.2383177323283738,0.2383177323283738,0.0,0.0,1.0,0,0,14270,730,0.0407947216314163,730000,48.666666666666664,0.8250000000000001,0.0,Hybrid_AddAnomaly
0.9513333333333334,0.5,0.0,0.0,0.0,0.7846771174319149,0.2383177323283738,0.2383177323283738,0.0,0.0,1.0,0,0,14270,730,0.0407947216314163,730000,48.666666666666664,0.8350000000000001,0.0,Hybrid_AddAnomaly
0.9513333333333334,0.5,0.0,0.0,0.0,0.7846771174319149,0.2383177323283738,0.2383177323283738,0.0,0.0,1.0,0,0,14270,730,0.0407947216314163,730000,48.666666666666664,0.845,0.0,Hybrid_AddAnomaly
0.9513333333333334,0.5,0.0,0.0,0.0,0.7846771174319149,0.2383177323283738,0.2383177323283738,0.0,0.0,1.0,0,0,14270,730,0.0407947216314163,730000,48.666666666666664,0.855,0.0,Hybrid_AddAnomaly
0.9513333333333334,0.5,0.0,0.0,0.0,0.7846771174319149,0.2383177323283738,0.2383177323283738,0.0,0.0,1.0,0,0,14270,730,0.0407947216314163,730000,48.666666666666664,0.865,0.0,Hybrid_AddAnomaly
0.9513333333333334,0.5,0.0,0.0,0.0,0.7846771174319149,0.2383177323283738,0.2383177323283738,0.0,0.0,1.0,0,0,14270,730,0.0407947216314163,730000,48.666666666666664,0.875,0.0,Hybrid_AddAnomaly
0.9513333333333334,0.5,0.0,0.0,0.0,0.7846771174319149,0.2383177323283738,0.2383177323283738,0.0,0.0,1.0,0,0,14270,730,0.0407947216314163,730000,48.666666666666664,0.885,0.0,Hybrid_AddAnomaly
0.9513333333333334,0.5,0.0,0.0,0.0,0.7846771174319149,0.2383177323283738,0.2383177323283738,0.0,0.0,1.0,0,0,14270,730,0.0407947216314163,730000,48.666666666666664,0.895,0.0,Hybrid_AddAnomaly
0.9513333333333334,0.5,0.0,0.0,0.0,0.7846771174319149,0.2383177323283738,0.2383177323283738,0.0,0.0,1.0,0,0,14270,730,0.0407947216314163,730000,48.666666666666664,0.905,0.0,Hybrid_AddAnomaly
0.9513333333333334,0.5,0.0,0.0,0.0,0.7846771174319149,0.2383177323283738,0.2383177323283738,0.0,0.0,1.0,0,0,14270,730,0.0407947216314163,730000,48.666666666666664,0.915,0.0,Hybrid_AddAnomaly
0.9513333333333334,0.5,0.0,0.0,0.0,0.7846771174319149,0.2383177323283738,0.2383177323283738,0.0,0.0,1.0,0,0,14270,730,0.0407947216314163,730000,48.666666666666664,0.925,0.0,Hybrid_AddAnomaly
0.9513333333333334,0.5,0.0,0.0,0.0,0.7846771174319149,0.2383177323283738,0.2383177323283738,0.0,0.0,1.0,0,0,14270,730,0.0407947216314163,730000,48.666666666666664,0.935,0.0,Hybrid_AddAnomaly
0.9513333333333334,0.5,0.0,0.0,0.0,0.7846771174319149,0.2383177323283738,0.2383177323283738,0.0,0.0,1.0,0,0,14270,730,0.0407947216314163,730000,48.666666666666664,0.9450000000000001,0.0,Hybrid_AddAnomaly
0.9513333333333334,0.5,0.0,0.0,0.0,0.7846771174319149,0.2383177323283738,0.2383177323283738,0.0,0.0,1.0,0,0,14270,730,0.0407947216314163,730000,48.666666666666664,0.9550000000000001,0.0,Hybrid_AddAnomaly
0.9513333333333334,0.5,0.0,0.0,0.0,0.7846771174319149,0.2383177323283738,0.2383177323283738,0.0,0.0,1.0,0,0,14270,730,0.0407947216314163,730000,48.666666666666664,0.965,0.0,Hybrid_AddAnomaly
0.9513333333333334,0.5,0.0,0.0,0.0,0.7846771174319149,0.2383177323283738,0.2383177323283738,0.0,0.0,1.0,0,0,14270,730,0.0407947216314163,730000,48.666666666666664,0.975,0.0,Hybrid_AddAnomaly
0.9513333333333334,0.5,0.0,0.0,0.0,0.7846771174319149,0.2383177323283738,0.2383177323283738,0.0,0.0,1.0,0,0,14270,730,0.0407947216314163,730000,48.666666666666664,0.985,0.0,Hybrid_AddAnomaly
0.9513333333333334,0.5,0.0,0.0,0.0,0.7846771174319149,0.2383177323283738,0.2383177323283738,0.0,0.0,1.0,0,0,14270,730,0.0407947216314163,730000,48.666666666666664,0.995,0.0,Hybrid_AddAnomaly
0.9513333333333334,0.5,0.0,0.0,0.0,0.7846771174319149,0.2383177323283738,0.2383177323283738,0.0,0.0,1.0,0,0,14270,730,0.0407947216314163,730000,48.666666666666664,1.000001,0.0,Hybrid_AddAnomaly
0.048666666666666664,0.5,0.048666666666666664,1.0,0.09281627463445645,0.7852546774054198,0.23874045596605648,0.23874045596605648,0.0,1.0,0.0,730,14270,0,0,0.04081453218380049,285400,19.026666666666667,0.0,1.0,Hybrid_AddDeviceRecipient
0.051666666666666666,0.5015767344078487,0.048813105984620526,1.0,0.09308256295824034,0.7852546774054198,0.23874045596605648,0.23874045596605648,0.012406877428258347,0.9968465311843028,0.0,730,14225,45,0,0.04081453218380049,284500,18.966666666666665,0.005,0.997,Hybrid_AddDeviceRecipient
0.051666666666666666,0.5015767344078487,0.048813105984620526,1.0,0.09308256295824034,0.7852546774054198,0.23874045596605648,0.23874045596605648,0.012406877428258347,0.9968465311843028,0.0,730,14225,45,0,0.04081453218380049,284500,18.966666666666665,0.009302325581395349,0.997,Hybrid_AddDeviceRecipient
0.14873333333333333,0.5402448858127502,0.05281925562736795,0.9739726027397261,0.10020435487280671,0.7852546774054198,0.23874045596605648,0.23874045596605648,0.05707634307320622,0.8934828311142257,0.026027397260273973,711,12750,1520,19,0.04081453218380049,274000,18.266666666666666,0.014285714285714285,0.8974,Hybrid_AddDeviceRecipient
0.161,0.5453921916848259,0.053416710615535296,0.9712328767123287,0.10126401485395986,0.7852546774054198,0.23874045596605648,0.23874045596605648,0.061200341949609584,0.8804484933426769,0.028767123287671233,709,12564,1706,21,0.04081453218380049,272280,18.152,0.015,0.8848666666666667,Hybrid_AddDeviceRecipient
0.16113333333333332,0.5454622687696191,0.05342476075653681,0.9712328767123287,0.10127848010856366,0.7852546774054198,0.23874045596605648,0.23874045596605648,0.06126397844691642,0.8803083391730904,0.028767123287671233,709,12562,1708,21,0.04081453218380049,272240,18.149333333333335,0.016949152542372885,0.8847333333333334,Hybrid_AddDeviceRecipient
0.21113333333333334,0.5658921388870223,0.05598656322482604,0.958904109589041,0.10579611577117812,0.7852546774054198,0.23874045596605648,0.23874045596605648,0.07612382999283353,0.8271198318149965,0.0410958904109589,700,11803,2467,30,0.04081453218380049,266060,17.737333333333332,0.019402985074626865,0.8335333333333333,Hybrid_AddDeviceRecipient
0.3366,0.6123378867439114,0.06344096203011078,0.9178082191780822,0.11867859357010008,0.7852546774054198,0.23874045596605648,0.23874045596605648,0.10590941478487378,0.6931324456902593,0.0821917808219178,670,9891,4379,60,0.04081453218380049,257820,17.188,0.01981132075471698,0.7040666666666666,Hybrid_AddDeviceRecipient
0.40526666666666666,0.6367295120522987,0.06866771985255397,0.8931506849315068,0.12753056234718826,0.7852546774054198,0.23874045596605648,0.23874045596605648,0.12207859715604637,0.6196916608269096,0.10684931506849316,652,8843,5427,78,0.04081453218380049,254860,16.990666666666666,0.02,0.633,Hybrid_AddDeviceRecipient
0.4760666666666667,0.6576931199662094,0.07479422641059287,0.8589041095890411,0.13760561834741578,0.7852546774054198,0.23874045596605648,0.23874045596605648,0.1366739851130951,0.5435178696566223,0.1410958904109589,627,7756,6514,103,0.04081453218380049,258120,17.208,0.024806201550387597,0.5588666666666666,Hybrid_AddDeviceRecipient
0.5150666666666667,0.6677923798369988,0.07867628122585629,0.836986301369863,0.14383239171374765,0.7852546774054198,0.23874045596605648,0.23874045596605648,0.14450660593078085,0.5014015416958655,0.16301369863013698,611,7155,7115,119,0.04081453218380049,262100,17.473333333333333,0.025,0.5177333333333334,Hybrid_AddDeviceRecipient
0.5152666666666667,0.6678974954641886,0.0787066855597063,0.836986301369863,0.14388319792770515,0.7852546774054198,0.23874045596605648,0.23874045596605648,0.14459509158540312,0.5011913104414857,0.16301369863013698,611,7152,7118,119,0.04081453218380049,262040,17.469333333333335,0.0275049115913556,0.5175333333333333,Hybrid_AddDeviceRecipient
0.5811333333333333,0.6836686793829376,0.08664582402858419,0.7972602739726027,0.1563045521686585,0.7852546774054198,0.23874045596605648,0.23874045596605648,0.15894871116388387,0.4299229152067274,0.20273972602739726,582,6135,8135,148,0.04081453218380049,270700,18.046666666666667,0.029003783102143757,0.4478,Hybrid_AddDeviceRecipient
0.6301333333333333,0.6964241487554117,0.09458094917536183,0.7698630136986301,0.1684652278177458,0.7852546774054198,0.23874045596605648,0.23874045596605648,0.17282867884927633,0.3770147161878066,0.23013698630136986,562,5380,8890,168,0.04081453218380049,275600,18.373333333333335,0.03194444444444444,0.39613333333333334,Hybrid_AddDeviceRecipient
0.675,0.7089569073926525,0.1041069723018147,0.7465753424657534,0.1827326068734283,0.7852546774054198,0.23874045596605648,0.23874045596605648,0.1886538521082489,0.3286615276804485,0.2534246575342466,545,4690,9580,185,0.04081453218380049,278800,18.586666666666666,0.03269069572506287,0.349,Hybrid_AddDeviceRecipient
0.7430666666666667,0.7141862898503422,0.12087378640776698,0.6821917808219178,0.20536082474226802,0.7852546774054198,0.23874045596605648,0.23874045596605648,0.2065056909609118,0.25381920112123335,0.3178082191780822,498,3622,10648,232,0.04081453218380049,304440,20.296,0.034999999999999996,0.27466666666666667,Hybrid_AddDeviceRecipient
0.7431333333333333,0.7142213283927388,0.12090313182811362,0.6821917808219178,0.20540317591255927,0.7852546774054198,0.23874045596605648,0.23874045596605648,0.2065550508733786,0.25374912403644007,0.3178082191780822,498,3621,10649,232,0.04081453218380049,304420,20.294666666666668,0.0364741641337386,0.2746,Hybrid_AddDeviceRecipient
0.7635333333333333,0.71779429975713,0.12846214719071486,0.6671232876712329,0.21543906215439063,0.7852546774054198,0.23874045596605648,0.23874045596605648,0.21566992854344375,0.23153468815697267,0.33287671232876714,487,3304,10966,243,0.04081453218380049,309080,20.605333333333334,0.045,0.2527333333333333,Hybrid_AddDeviceRecipient
0.7635333333333333,0.71779429975713,0.12846214719071486,0.6671232876712329,0.21543906215439063,0.7852546774054198,0.23874045596605648,0.23874045596605648,0.21566992854344375,0.23153468815697267,0.33287671232876714,487,3304,10966,243,0.04081453218380049,309080,20.605333333333334,0.05014749262536873,0.2527333333333333,Hybrid_AddDeviceRecipient
0.7842,0.7195577463977498,0.13698233420214306,0.647945205479452,0.22615347836480992,0.7852546774054198,0.23874045596605648,0.23874045596605648,0.22444984230638054,0.20882971268395234,0.35205479452054794,473,2980,11290,257,0.04081453218380049,316600,21.106666666666666,0.054285714285714284,0.2302,Hybrid_AddDeviceRecipient
0.8493333333333334,0.7199959681677242,0.17748735244519392,0.5767123287671233,0.27143778207607994,0.7852546774054198,0.23874045596605648,0.23874045596605648,0.25947379572524176,0.13672039243167483,0.4232876712328767,421,1951,12319,309,0.04081453218380049,348020,23.201333333333334,0.055,0.15813333333333332,Hybrid_AddDeviceRecipient
0.8493333333333334,0.7199959681677242,0.17748735244519392,0.5767123287671233,0.27143778207607994,0.7852546774054198,0.23874045596605648,0.23874045596605648,0.25947379572524176,0.13672039243167483,0.4232876712328767,421,1951,12319,309,0.04081453218380049,348020,23.201333333333334,0.065,0.15813333333333332,Hybrid_AddDeviceRecipient
0.8493333333333334,0.7199959681677242,0.17748735244519392,0.5767123287671233,0.27143778207607994,0.7852546774054198,0.23874045596605648,0.23874045596605648,0.25947379572524176,0.13672039243167483,0.4232876712328767,421,1951,12319,309,0.04081453218380049,348020,23.201333333333334,0.07500000000000001,0.15813333333333332,Hybrid_AddDeviceRecipient
0.8493333333333334,0.7199959681677242,0.17748735244519392,0.5767123287671233,0.27143778207607994,0.7852546774054198,0.23874045596605648,0.23874045596605648,0.25947379572524176,0.13672039243167483,0.4232876712328767,421,1951,12319,309,0.04081453218380049,348020,23.201333333333334,0.0782608695652174,0.15813333333333332,Hybrid_AddDeviceRecipient
0.8645333333333334,0.7169365754384618,0.19146919431279621,0.5534246575342465,0.28450704225352114,0.7852546774054198,0.23874045596605648,0.23874045596605648,0.2685149718295131,0.11955150665732306,0.4465753424657534,404,1706,12564,326,0.04081453218380049,360120,24.008,0.085,0.14066666666666666,Hybrid_AddDeviceRecipient
0.8645333333333334,0.7169365754384618,0.19146919431279621,0.5534246575342465,0.28450704225352114,0.7852546774054198,0.23874045596605648,0.23874045596605648,0.2685149718295131,0.11955150665732306,0.4465753424657534,404,1706,12564,326,0.04081453218380049,360120,24.008,0.08996539792387544,0.14066666666666666,Hybrid_AddDeviceRecipient
0.8984666666666666,0.7042262241890738,0.23689449236894491,0.48904109589041095,0.31917746982565937,0.7852546774054198,0.23874045596605648,0.23874045596605648,0.29235062993941635,0.0805886475122635,0.510958904109589,357,1150,13120,373,0.04081453218380049,396000,26.4,0.095,0.10046666666666666,Hybrid_AddDeviceRecipient
0.8984666666666666,0.7042262241890738,0.23689449236894491,0.48904109589041095,0.31917746982565937,0.7852546774054198,0.23874045596605648,0.23874045596605648,0.29235062993941635,0.0805886475122635,0.510958904109589,357,1150,13120,373,0.04081453218380049,396000,26.4,0.10500000000000001,0.10046666666666666,Hybrid_AddDeviceRecipient
0.8984666666666666,0.7042262241890738,0.23689449236894491,0.48904109589041095,0.31917746982565937,0.7852546774054198,0.23874045596605648,0.23874045596605648,0.29235062993941635,0.0805886475122635,0.510958904109589,357,1150,13120,373,0.04081453218380049,396000,26.4,0.10526315789473684,0.10046666666666666,Hybrid_AddDeviceRecipient
0.9006,0.699498420865692,0.23884694577899795,0.4767123287671233,0.31824417009602196,0.7852546774054198,0.23874045596605648,0.23874045596605648,0.2899049691756137,0.07771548703573931,0.5232876712328767,348,1109,13161,382,0.04081453218380049,404180,26.945333333333334,0.115,0.09713333333333334,Hybrid_AddDeviceRecipient
0.9006,0.699498420865692,0.23884694577899795,0.4767123287671233,0.31824417009602196,0.7852546774054198,0.23874045596605648,0.23874045596605648,0.2899049691756137,0.07771548703573931,0.5232876712328767,348,1109,13161,382,0.04081453218380049,404180,26.945333333333334,0.125,0.09713333333333334,Hybrid_AddDeviceRecipient
0.9062,0.6952928358180299,0.24944485566247224,0.46164383561643835,0.3238827486785199,0.7852546774054198,0.23874045596605648,0.23874045596605648,0.29356997285231384,0.07105816398037841,0.5383561643835616,337,1014,13256,393,0.04081453218380049,413280,27.552,0.135,0.09006666666666667,Hybrid_AddDeviceRecipient
0.9062,0.6952928358180299,0.24944485566247224,0.46164383561643835,0.3238827486785199,0.7852546774054198,0.23874045596605648,0.23874045596605648,0.29356997285231384,0.07105816398037841,0.5383561643835616,337,1014,13256,393,0.04081453218380049,413280,27.552,0.14500000000000002,0.09006666666666667,Hybrid_AddDeviceRecipient
0.9062,0.6952928358180299,0.24944485566247224,0.46164383561643835,0.3238827486785199,0.7852546774054198,0.23874045596605648,0.23874045596605648,0.29356997285231384,0.07105816398037841,0.5383561643835616,337,1014,13256,393,0.04081453218380049,413280,27.552,0.1484593837535014,0.09006666666666667,Hybrid_AddDeviceRecipient
0.9265333333333333,0.6747847289552755,0.3042105263157895,0.3958904109589041,0.34404761904761905,0.7852546774054198,0.23874045596605648,0.23874045596605648,0.30882107677835297,0.04632095304835319,0.6041095890410959,289,661,13609,441,0.04081453218380049,454220,30.281333333333333,0.155,0.06333333333333334,Hybrid_AddDeviceRecipient
0.9265333333333333,0.6741348359908228,0.3037974683544304,0.39452054794520547,0.3432657926102503,0.7852546774054198,0.23874045596605648,0.23874045596605648,0.3079752626427721,0.046250875963559916,0.6054794520547945,288,660,13610,442,0.04081453218380049,455200,30.346666666666668,0.165,0.0632,Hybrid_AddDeviceRecipient
0.9265333333333333,0.6741348359908228,0.3037974683544304,0.39452054794520547,0.3432657926102503,0.7852546774054198,0.23874045596605648,0.23874045596605648,0.3079752626427721,0.046250875963559916,0.6054794520547945,288,660,13610,442,0.04081453218380049,455200,30.346666666666668,0.17500000000000002,0.0632,Hybrid_AddDeviceRecipient
0.9265333333333333,0.6728350500619175,0.3029661016949153,0.3917808219178082,0.34169653524492233,0.7852546774054198,0.23874045596605648,0.23874045596605648,0.30627980411055555,0.046110721793973374,0.6082191780821918,286,658,13612,444,0.04081453218380049,457160,30.477333333333334,0.185,0.06293333333333333,Hybrid_AddDeviceRecipient
0.9265333333333333,0.6728350500619175,0.3029661016949153,0.3917808219178082,0.34169653524492233,0.7852546774054198,0.23874045596605648,0.23874045596605648,0.30627980411055555,0.046110721793973374,0.6082191780821918,286,658,13612,444,0.04081453218380049,457160,30.477333333333334,0.1896551724137931,0.06293333333333333,Hybrid_AddDeviceRecipient
0.9288666666666666,0.6688622553301782,0.3113101903695409,0.38082191780821917,0.3425754775107825,0.7852546774054198,0.23874045596605648,0.23874045596605648,0.3071092766513949,0.04309740714786265,0.6191780821917808,278,615,13655,452,0.04081453218380049,464300,30.953333333333333,0.1902439024390244,0.059533333333333334,Hybrid_AddDeviceRecipient
0.938,0.6580651044916532,0.3587570621468927,0.34794520547945207,0.3532684283727399,0.7852546774054198,0.23874045596605648,0.23874045596605648,0.32075710304028743,0.03181499649614576,0.6520547945205479,254,454,13816,476,0.04081453218380049,485080,32.33866666666667,0.195,0.0472,Hybrid_AddDeviceRecipient
0.9380666666666667,0.6581001430340498,0.3592644978783593,0.34794520547945207,0.3535142658315936,0.7852546774054198,0.23874045596605648,0.23874045596605648,0.3210437882706944,0.03174491941135249,0.6520547945205479,254,453,13817,476,0.04081453218380049,485060,32.33733333333333,0.20500000000000002,0.04713333333333333,Hybrid_AddDeviceRecipient
0.9380666666666667,0.6581001430340498,0.3592644978783593,0.34794520547945207,0.3535142658315936,0.7852546774054198,0.23874045596605648,0.23874045596605648,0.3210437882706944,0.03174491941135249,0.6520547945205479,254,453,13817,476,0.04081453218380049,485060,32.33733333333333,0.215,0.04713333333333333,Hybrid_AddDeviceRecipient
0.9380666666666667,0.6581001430340498,0.3592644978783593,0.34794520547945207,0.3535142658315936,0.7852546774054198,0.23874045596605648,0.23874045596605648,0.3210437882706944,0.03174491941135249,0.6520547945205479,254,453,13817,476,0.04081453218380049,485060,32.33733333333333,0.225,0.04713333333333333,Hybrid_AddDeviceRecipient
0.9380666666666667,0.6581001430340498,0.3592644978783593,0.34794520547945207,0.3535142658315936,0.7852546774054198,0.23874045596605648,0.23874045596605648,0.3210437882706944,0.03174491941135249,0.6520547945205479,254,453,13817,476,0.04081453218380049,485060,32.33733333333333,0.23500000000000001,0.04713333333333333,Hybrid_AddDeviceRecipient
0.9381333333333334,0.6581351815764465,0.3597733711048159,0.34794520547945207,0.35376044568245124,0.7852546774054198,0.23874045596605648,0.23874045596605648,0.321331036165766,0.03167484232655921,0.6520547945205479,254,452,13818,476,0.04081453218380049,485040,32.336,0.245,0.047066666666666666,Hybrid_AddDeviceRecipient
0.9381333333333334,0.6581351815764465,0.3597733711048159,0.34794520547945207,0.35376044568245124,0.7852546774054198,0.23874045596605648,0.23874045596605648,0.321331036165766,0.03167484232655921,0.6520547945205479,254,452,13818,476,0.04081453218380049,485040,32.336,0.255,0.047066666666666666,Hybrid_AddDeviceRecipient
0.942,0.6497691296042085,0.38636363636363635,0.32602739726027397,0.35364041604754826,0.7852546774054198,0.23874045596605648,0.23874045596605648,0.3247846720409862,0.026489138051857042,0.673972602739726,238,378,13892,492,0.04081453218380049,499560,33.304,0.265,0.04106666666666667,Hybrid_AddDeviceRecipient
0.942,0.6497691296042085,0.38636363636363635,0.32602739726027397,0.35364041604754826,0.7852546774054198,0.23874045596605648,0.23874045596605648,0.3247846720409862,0.026489138051857042,0.673972602739726,238,378,13892,492,0.04081453218380049,499560,33.304,0.275,0.04106666666666667,Hybrid_AddDeviceRecipient
0.942,0.6497691296042085,0.38636363636363635,0.32602739726027397,0.35364041604754826,0.7852546774054198,0.23874045596605648,0.23874045596605648,0.3247846720409862,0.026489138051857042,0.673972602739726,238,378,13892,492,0.04081453218380049,499560,33.304,0.28500000000000003,0.04106666666666667,Hybrid_AddDeviceRecipient
0.9422,0.648574459302493,0.38752052545155996,0.3232876712328767,0.3525018670649739,0.7852546774054198,0.23874045596605648,0.23874045596605648,0.32396152733544514,0.026138752627890678,0.6767123287671233,236,373,13897,494,0.04081453218380049,501460,33.43066666666667,0.28735632183908044,0.0406,Hybrid_AddDeviceRecipient
0.9454,0.6281599485461404,0.40973630831643004,0.27671232876712326,0.330335241210139,0.7852546774054198,0.23874045596605648,0.23874045596605648,0.3093452640230483,0.020392431674842327,0.7232876712328767,202,291,13979,528,0.04081453218380049,533820,35.588,0.295,0.03286666666666667,Hybrid_AddDeviceRecipient
0.9454,0.6281599485461404,0.40973630831643004,0.27671232876712326,0.330335241210139,0.7852546774054198,0.23874045596605648,0.23874045596605648,0.3093452640230483,0.020392431674842327,0.7232876712328767,202,291,13979,528,0.04081453218380049,533820,35.588,0.305,0.03286666666666667,Hybrid_AddDeviceRecipient
0.9454,0.6281599485461404,0.40973630831643004,0.27671232876712326,0.330335241210139,0.7852546774054198,0.23874045596605648,0.23874045596605648,0.3093452640230483,0.020392431674842327,0.7232876712328767,202,291,13979,528,0.04081453218380049,533820,35.588,0.3090909090909091,0.03286666666666667,Hybrid_AddDeviceRecipient
0.949,0.5904085590039454,0.444794952681388,0.19315068493150686,0.2693409742120344,0.7852546774054198,0.23874045596605648,0.23874045596605648,0.2705053936407732,0.012333566923615978,0.8068493150684931,141,176,14094,589,0.04081453218380049,592520,39.501333333333335,0.3125,0.021133333333333334,Hybrid_AddDeviceRecipient
0.9499333333333333,0.538907661441284,0.42657342657342656,0.08356164383561644,0.13974799541809851,0.7852546774054198,0.23874045596605648,0.23874045596605648,0.17230780895665937,0.005746320953048353,0.9164383561643835,61,82,14188,669,0.04081453218380049,670640,44.70933333333333,0.315,0.009533333333333333,Hybrid_AddDeviceRecipient
0.9499333333333333,0.538907661441284,0.42657342657342656,0.08356164383561644,0.13974799541809851,0.7852546774054198,0.23874045596605648,0.23874045596605648,0.17230780895665937,0.005746320953048353,0.9164383561643835,61,82,14188,669,0.04081453218380049,670640,44.70933333333333,0.325,0.009533333333333333,Hybrid_AddDeviceRecipient
0.9499333333333333,0.538907661441284,0.42657342657342656,0.08356164383561644,0.13974799541809851,0.7852546774054198,0.23874045596605648,0.23874045596605648,0.17230780895665937,0.005746320953048353,0.9164383561643835,61,82,14188,669,0.04081453218380049,670640,44.70933333333333,0.335,0.009533333333333333,Hybrid_AddDeviceRecipient
0.9499333333333333,0.538907661441284,0.42657342657342656,0.08356164383561644,0.13974799541809851,0.7852546774054198,0.23874045596605648,0.23874045596605648,0.17230780895665937,0.005746320953048353,0.9164383561643835,61,82,14188,669,0.04081453218380049,670640,44.70933333333333,0.34500000000000003,0.009533333333333333,Hybrid_AddDeviceRecipient
0.9499333333333333,0.538907661441284,0.42657342657342656,0.08356164383561644,0.13974799541809851,0.7852546774054198,0.23874045596605648,0.23874045596605648,0.17230780895665937,0.005746320953048353,0.9164383561643835,61,82,14188,669,0.04081453218380049,670640,44.70933333333333,0.35500000000000004,0.009533333333333333,Hybrid_AddDeviceRecipient
0.9499333333333333,0.538907661441284,0.42657342657342656,0.08356164383561644,0.13974799541809851,0.7852546774054198,0.23874045596605648,0.23874045596605648,0.17230780895665937,0.005746320953048353,0.9164383561643835,61,82,14188,669,0.04081453218380049,670640,44.70933333333333,0.365,0.009533333333333333,Hybrid_AddDeviceRecipient
0.9499333333333333,0.538907661441284,0.42657342657342656,0.08356164383561644,0.13974799541809851,0.7852546774054198,0.23874045596605648,0.23874045596605648,0.17230780895665937,0.005746320953048353,0.9164383561643835,61,82,14188,669,0.04081453218380049,670640,44.70933333333333,0.375,0.009533333333333333,Hybrid_AddDeviceRecipient
0.9499333333333333,0.538907661441284,0.42657342657342656,0.08356164383561644,0.13974799541809851,0.7852546774054198,0.23874045596605648,0.23874045596605648,0.17230780895665937,0.005746320953048353,0.9164383561643835,61,82,14188,669,0.04081453218380049,670640,44.70933333333333,0.385,0.009533333333333333,Hybrid_AddDeviceRecipient
0.9499333333333333,0.538907661441284,0.42657342657342656,0.08356164383561644,0.13974799541809851,0.7852546774054198,0.23874045596605648,0.23874045596605648,0.17230780895665937,0.005746320953048353,0.9164383561643835,61,82,14188,669,0.04081453218380049,670640,44.70933333333333,0.395,0.009533333333333333,Hybrid_AddDeviceRecipient
0.9499333333333333,0.538907661441284,0.42657342657342656,0.08356164383561644,0.13974799541809851,0.7852546774054198,0.23874045596605648,0.23874045596605648,0.17230780895665937,0.005746320953048353,0.9164383561643835,61,82,14188,669,0.04081453218380049,670640,44.70933333333333,0.405,0.009533333333333333,Hybrid_AddDeviceRecipient
0.9509333333333333,0.5088882702479577,0.4117647058823529,0.019178082191780823,0.03664921465968586,0.7852546774054198,0.23874045596605648,0.23874045596605648,0.08043190115710061,0.001401541695865452,0.9808219178082191,14,20,14250,716,0.04081453218380049,716400,47.76,0.41500000000000004,0.002266666666666667,Hybrid_AddDeviceRecipient
0.9509333333333333,0.5088882702479577,0.4117647058823529,0.019178082191780823,0.03664921465968586,0.7852546774054198,0.23874045596605648,0.23874045596605648,0.08043190115710061,0.001401541695865452,0.9808219178082191,14,20,14250,716,0.04081453218380049,716400,47.76,0.425,0.002266666666666667,Hybrid_AddDeviceRecipient
0.9509333333333333,0.5088882702479577,0.4117647058823529,0.019178082191780823,0.03664921465968586,0.7852546774054198,0.23874045596605648,0.23874045596605648,0.08043190115710061,0.001401541695865452,0.9808219178082191,14,20,14250,716,0.04081453218380049,716400,47.76,0.435,0.002266666666666667,Hybrid_AddDeviceRecipient
0.9509333333333333,0.5088882702479577,0.4117647058823529,0.019178082191780823,0.03664921465968586,0.7852546774054198,0.23874045596605648,0.23874045596605648,0.08043190115710061,0.001401541695865452,0.9808219178082191,14,20,14250,716,0.04081453218380049,716400,47.76,0.445,0.002266666666666667,Hybrid_AddDeviceRecipient
0.9509333333333333,0.5088882702479577,0.4117647058823529,0.019178082191780823,0.03664921465968586,0.7852546774054198,0.23874045596605648,0.23874045596605648,0.08043190115710061,0.001401541695865452,0.9808219178082191,14,20,14250,716,0.04081453218380049,716400,47.76,0.455,0.002266666666666667,Hybrid_AddDeviceRecipient
0.9509333333333333,0.5088882702479577,0.4117647058823529,0.019178082191780823,0.03664921465968586,0.7852546774054198,0.23874045596605648,0.23874045596605648,0.08043190115710061,0.001401541695865452,0.9808219178082191,14,20,14250,716,0.04081453218380049,716400,47.76,0.465,0.002266666666666667,Hybrid_AddDeviceRecipient
0.951,0.5056738439680909,0.391304347826087,0.012328767123287671,0.02390438247011952,0.7852546774054198,0.23874045596605648,0.23874045596605648,0.06240285618099048,0.0009810791871058165,0.9876712328767123,9,14,14256,721,0.04081453218380049,721280,48.08533333333333,0.47500000000000003,0.0015333333333333334,Hybrid_AddDeviceRecipient
0.951,0.5056738439680909,0.391304347826087,0.012328767123287671,0.02390438247011952,0.7852546774054198,0.23874045596605648,0.23874045596605648,0.06240285618099048,0.0009810791871058165,0.9876712328767123,9,14,14256,721,0.04081453218380049,721280,48.08533333333333,0.485,0.0015333333333333334,Hybrid_AddDeviceRecipient
0.951,0.5056738439680909,0.391304347826087,0.012328767123287671,0.02390438247011952,0.7852546774054198,0.23874045596605648,0.23874045596605648,0.06240285618099048,0.0009810791871058165,0.9876712328767123,9,14,14256,721,0.04081453218380049,721280,48.08533333333333,0.495,0.0015333333333333334,Hybrid_AddDeviceRecipient
0.9513333333333334,0.5045492507511687,0.5,0.009589041095890411,0.01881720430107527,0.7852546774054198,0.23874045596605648,0.23874045596605648,0.0641115690427329,0.0004905395935529082,0.9904109589041096,7,7,14263,723,0.04081453218380049,723140,48.20933333333333,0.505,0.0009333333333333333,Hybrid_AddDeviceRecipient
0.9513333333333334,0.5045492507511687,0.5,0.009589041095890411,0.01881720430107527,0.7852546774054198,0.23874045596605648,0.23874045596605648,0.0641115690427329,0.0004905395935529082,0.9904109589041096,7,7,14263,723,0.04081453218380049,723140,48.20933333333333,0.515,0.0009333333333333333,Hybrid_AddDeviceRecipient
0.9513333333333334,0.5045492507511687,0.5,0.009589041095890411,0.01881720430107527,0.7852546774054198,0.23874045596605648,0.23874045596605648,0.0641115690427329,0.0004905395935529082,0.9904109589041096,7,7,14263,723,0.04081453218380049,723140,48.20933333333333,0.525,0.0009333333333333333,Hybrid_AddDeviceRecipient
0.9513333333333334,0.5045492507511687,0.5,0.009589041095890411,0.01881720430107527,0.7852546774054198,0.23874045596605648,0.23874045596605648,0.0641115690427329,0.0004905395935529082,0.9904109589041096,7,7,14263,723,0.04081453218380049,723140,48.20933333333333,0.535,0.0009333333333333333,Hybrid_AddDeviceRecipient
0.9513333333333334,0.5045492507511687,0.5,0.009589041095890411,0.01881720430107527,0.7852546774054198,0.23874045596605648,0.23874045596605648,0.0641115690427329,0.0004905395935529082,0.9904109589041096,7,7,14263,723,0.04081453218380049,723140,48.20933333333333,0.545,0.0009333333333333333,Hybrid_AddDeviceRecipient
0.9513333333333334,0.5045492507511687,0.5,0.009589041095890411,0.01881720430107527,0.7852546774054198,0.23874045596605648,0.23874045596605648,0.0641115690427329,0.0004905395935529082,0.9904109589041096,7,7,14263,723,0.04081453218380049,723140,48.20933333333333,0.555,0.0009333333333333333,Hybrid_AddDeviceRecipient
0.9513333333333334,0.5045492507511687,0.5,0.009589041095890411,0.01881720430107527,0.7852546774054198,0.23874045596605648,0.23874045596605648,0.0641115690427329,0.0004905395935529082,0.9904109589041096,7,7,14263,723,0.04081453218380049,723140,48.20933333333333,0.5650000000000001,0.0009333333333333333,Hybrid_AddDeviceRecipient
0.9513333333333334,0.5045492507511687,0.5,0.009589041095890411,0.01881720430107527,0.7852546774054198,0.23874045596605648,0.23874045596605648,0.0641115690427329,0.0004905395935529082,0.9904109589041096,7,7,14263,723,0.04081453218380049,723140,48.20933333333333,0.5750000000000001,0.0009333333333333333,Hybrid_AddDeviceRecipient
0.9513333333333334,0.5045492507511687,0.5,0.009589041095890411,0.01881720430107527,0.7852546774054198,0.23874045596605648,0.23874045596605648,0.0641115690427329,0.0004905395935529082,0.9904109589041096,7,7,14263,723,0.04081453218380049,723140,48.20933333333333,0.585,0.0009333333333333333,Hybrid_AddDeviceRecipient
0.9513333333333334,0.5045492507511687,0.5,0.009589041095890411,0.01881720430107527,0.7852546774054198,0.23874045596605648,0.23874045596605648,0.0641115690427329,0.0004905395935529082,0.9904109589041096,7,7,14263,723,0.04081453218380049,723140,48.20933333333333,0.595,0.0009333333333333333,Hybrid_AddDeviceRecipient
0.9513333333333334,0.5045492507511687,0.5,0.009589041095890411,0.01881720430107527,0.7852546774054198,0.23874045596605648,0.23874045596605648,0.0641115690427329,0.0004905395935529082,0.9904109589041096,7,7,14263,723,0.04081453218380049,723140,48.20933333333333,0.605,0.0009333333333333333,Hybrid_AddDeviceRecipient
0.9513333333333334,0.5045492507511687,0.5,0.009589041095890411,0.01881720430107527,0.7852546774054198,0.23874045596605648,0.23874045596605648,0.0641115690427329,0.0004905395935529082,0.9904109589041096,7,7,14263,723,0.04081453218380049,723140,48.20933333333333,0.615,0.0009333333333333333,Hybrid_AddDeviceRecipient
0.9513333333333334,0.5045492507511687,0.5,0.009589041095890411,0.01881720430107527,0.7852546774054198,0.23874045596605648,0.23874045596605648,0.0641115690427329,0.0004905395935529082,0.9904109589041096,7,7,14263,723,0.04081453218380049,723140,48.20933333333333,0.625,0.0009333333333333333,Hybrid_AddDeviceRecipient
0.9513333333333334,0.5045492507511687,0.5,0.009589041095890411,0.01881720430107527,0.7852546774054198,0.23874045596605648,0.23874045596605648,0.0641115690427329,0.0004905395935529082,0.9904109589041096,7,7,14263,723,0.04081453218380049,723140,48.20933333333333,0.635,0.0009333333333333333,Hybrid_AddDeviceRecipient
0.9513333333333334,0.5045492507511687,0.5,0.009589041095890411,0.01881720430107527,0.7852546774054198,0.23874045596605648,0.23874045596605648,0.0641115690427329,0.0004905395935529082,0.9904109589041096,7,7,14263,723,0.04081453218380049,723140,48.20933333333333,0.645,0.0009333333333333333,Hybrid_AddDeviceRecipient
0.9513333333333334,0.5045492507511687,0.5,0.009589041095890411,0.01881720430107527,0.7852546774054198,0.23874045596605648,0.23874045596605648,0.0641115690427329,0.0004905395935529082,0.9904109589041096,7,7,14263,723,0.04081453218380049,723140,48.20933333333333,0.655,0.0009333333333333333,Hybrid_AddDeviceRecipient
0.9513333333333334,0.5045492507511687,0.5,0.009589041095890411,0.01881720430107527,0.7852546774054198,0.23874045596605648,0.23874045596605648,0.0641115690427329,0.0004905395935529082,0.9904109589041096,7,7,14263,723,0.04081453218380049,723140,48.20933333333333,0.665,0.0009333333333333333,Hybrid_AddDeviceRecipient
0.9513333333333334,0.5045492507511687,0.5,0.009589041095890411,0.01881720430107527,0.7852546774054198,0.23874045596605648,0.23874045596605648,0.0641115690427329,0.0004905395935529082,0.9904109589041096,7,7,14263,723,0.04081453218380049,723140,48.20933333333333,0.6666666666666666,0.0009333333333333333,Hybrid_AddDeviceRecipient
0.9513333333333334,0.5,0.0,0.0,0.0,0.7852546774054198,0.23874045596605648,0.23874045596605648,0.0,0.0,1.0,0,0,14270,730,0.04081453218380049,730000,48.666666666666664,0.675,0.0,Hybrid_AddDeviceRecipient
0.9513333333333334,0.5,0.0,0.0,0.0,0.7852546774054198,0.23874045596605648,0.23874045596605648,0.0,0.0,1.0,0,0,14270,730,0.04081453218380049,730000,48.666666666666664,0.685,0.0,Hybrid_AddDeviceRecipient
0.9513333333333334,0.5,0.0,0.0,0.0,0.7852546774054198,0.23874045596605648,0.23874045596605648,0.0,0.0,1.0,0,0,14270,730,0.04081453218380049,730000,48.666666666666664,0.6950000000000001,0.0,Hybrid_AddDeviceRecipient
0.9513333333333334,0.5,0.0,0.0,0.0,0.7852546774054198,0.23874045596605648,0.23874045596605648,0.0,0.0,1.0,0,0,14270,730,0.04081453218380049,730000,48.666666666666664,0.7050000000000001,0.0,Hybrid_AddDeviceRecipient
0.9513333333333334,0.5,0.0,0.0,0.0,0.7852546774054198,0.23874045596605648,0.23874045596605648,0.0,0.0,1.0,0,0,14270,730,0.04081453218380049,730000,48.666666666666664,0.715,0.0,Hybrid_AddDeviceRecipient
0.9513333333333334,0.5,0.0,0.0,0.0,0.7852546774054198,0.23874045596605648,0.23874045596605648,0.0,0.0,1.0,0,0,14270,730,0.04081453218380049,730000,48.666666666666664,0.725,0.0,Hybrid_AddDeviceRecipient
0.9513333333333334,0.5,0.0,0.0,0.0,0.7852546774054198,0.23874045596605648,0.23874045596605648,0.0,0.0,1.0,0,0,14270,730,0.04081453218380049,730000,48.666666666666664,0.735,0.0,Hybrid_AddDeviceRecipient
0.9513333333333334,0.5,0.0,0.0,0.0,0.7852546774054198,0.23874045596605648,0.23874045596605648,0.0,0.0,1.0,0,0,14270,730,0.04081453218380049,730000,48.666666666666664,0.745,0.0,Hybrid_AddDeviceRecipient
0.9513333333333334,0.5,0.0,0.0,0.0,0.7852546774054198,0.23874045596605648,0.23874045596605648,0.0,0.0,1.0,0,0,14270,730,0.04081453218380049,730000,48.666666666666664,0.755,0.0,Hybrid_AddDeviceRecipient
0.9513333333333334,0.5,0.0,0.0,0.0,0.7852546774054198,0.23874045596605648,0.23874045596605648,0.0,0.0,1.0,0,0,14270,730,0.04081453218380049,730000,48.666666666666664,0.765,0.0,Hybrid_AddDeviceRecipient
0.9513333333333334,0.5,0.0,0.0,0.0,0.7852546774054198,0.23874045596605648,0.23874045596605648,0.0,0.0,1.0,0,0,14270,730,0.04081453218380049,730000,48.666666666666664,0.775,0.0,Hybrid_AddDeviceRecipient
0.9513333333333334,0.5,0.0,0.0,0.0,0.7852546774054198,0.23874045596605648,0.23874045596605648,0.0,0.0,1.0,0,0,14270,730,0.04081453218380049,730000,48.666666666666664,0.785,0.0,Hybrid_AddDeviceRecipient
0.9513333333333334,0.5,0.0,0.0,0.0,0.7852546774054198,0.23874045596605648,0.23874045596605648,0.0,0.0,1.0,0,0,14270,730,0.04081453218380049,730000,48.666666666666664,0.795,0.0,Hybrid_AddDeviceRecipient
0.9513333333333334,0.5,0.0,0.0,0.0,0.7852546774054198,0.23874045596605648,0.23874045596605648,0.0,0.0,1.0,0,0,14270,730,0.04081453218380049,730000,48.666666666666664,0.805,0.0,Hybrid_AddDeviceRecipient
0.9513333333333334,0.5,0.0,0.0,0.0,0.7852546774054198,0.23874045596605648,0.23874045596605648,0.0,0.0,1.0,0,0,14270,730,0.04081453218380049,730000,48.666666666666664,0.8150000000000001,0.0,Hybrid_AddDeviceRecipient
0.9513333333333334,0.5,0.0,0.0,0.0,0.7852546774054198,0.23874045596605648,0.23874045596605648,0.0,0.0,1.0,0,0,14270,730,0.04081453218380049,730000,48.666666666666664,0.8250000000000001,0.0,Hybrid_AddDeviceRecipient
0.9513333333333334,0.5,0.0,0.0,0.0,0.7852546774054198,0.23874045596605648,0.23874045596605648,0.0,0.0,1.0,0,0,14270,730,0.04081453218380049,730000,48.666666666666664,0.8350000000000001,0.0,Hybrid_AddDeviceRecipient
0.9513333333333334,0.5,0.0,0.0,0.0,0.7852546774054198,0.23874045596605648,0.23874045596605648,0.0,0.0,1.0,0,0,14270,730,0.04081453218380049,730000,48.666666666666664,0.845,0.0,Hybrid_AddDeviceRecipient
0.9513333333333334,0.5,0.0,0.0,0.0,0.7852546774054198,0.23874045596605648,0.23874045596605648,0.0,0.0,1.0,0,0,14270,730,0.04081453218380049,730000,48.666666666666664,0.855,0.0,Hybrid_AddDeviceRecipient
0.9513333333333334,0.5,0.0,0.0,0.0,0.7852546774054198,0.23874045596605648,0.23874045596605648,0.0,0.0,1.0,0,0,14270,730,0.04081453218380049,730000,48.666666666666664,0.865,0.0,Hybrid_AddDeviceRecipient
0.9513333333333334,0.5,0.0,0.0,0.0,0.7852546774054198,0.23874045596605648,0.23874045596605648,0.0,0.0,1.0,0,0,14270,730,0.04081453218380049,730000,48.666666666666664,0.875,0.0,Hybrid_AddDeviceRecipient
0.9513333333333334,0.5,0.0,0.0,0.0,0.7852546774054198,0.23874045596605648,0.23874045596605648,0.0,0.0,1.0,0,0,14270,730,0.04081453218380049,730000,48.666666666666664,0.885,0.0,Hybrid_AddDeviceRecipient
0.9513333333333334,0.5,0.0,0.0,0.0,0.7852546774054198,0.23874045596605648,0.23874045596605648,0.0,0.0,1.0,0,0,14270,730,0.04081453218380049,730000,48.666666666666664,0.895,0.0,Hybrid_AddDeviceRecipient
0.9513333333333334,0.5,0.0,0.0,0.0,0.7852546774054198,0.23874045596605648,0.23874045596605648,0.0,0.0,1.0,0,0,14270,730,0.04081453218380049,730000,48.666666666666664,0.905,0.0,Hybrid_AddDeviceRecipient
0.9513333333333334,0.5,0.0,0.0,0.0,0.7852546774054198,0.23874045596605648,0.23874045596605648,0.0,0.0,1.0,0,0,14270,730,0.04081453218380049,730000,48.666666666666664,0.915,0.0,Hybrid_AddDeviceRecipient
0.9513333333333334,0.5,0.0,0.0,0.0,0.7852546774054198,0.23874045596605648,0.23874045596605648,0.0,0.0,1.0,0,0,14270,730,0.04081453218380049,730000,48.666666666666664,0.925,0.0,Hybrid_AddDeviceRecipient
0.9513333333333334,0.5,0.0,0.0,0.0,0.7852546774054198,0.23874045596605648,0.23874045596605648,0.0,0.0,1.0,0,0,14270,730,0.04081453218380049,730000,48.666666666666664,0.935,0.0,Hybrid_AddDeviceRecipient
0.9513333333333334,0.5,0.0,0.0,0.0,0.7852546774054198,0.23874045596605648,0.23874045596605648,0.0,0.0,1.0,0,0,14270,730,0.04081453218380049,730000,48.666666666666664,0.9450000000000001,0.0,Hybrid_AddDeviceRecipient
0.9513333333333334,0.5,0.0,0.0,0.0,0.7852546774054198,0.23874045596605648,0.23874045596605648,0.0,0.0,1.0,0,0,14270,730,0.04081453218380049,730000,48.666666666666664,0.9550000000000001,0.0,Hybrid_AddDeviceRecipient
0.9513333333333334,0.5,0.0,0.0,0.0,0.7852546774054198,0.23874045596605648,0.23874045596605648,0.0,0.0,1.0,0,0,14270,730,0.04081453218380049,730000,48.666666666666664,0.965,0.0,Hybrid_AddDeviceRecipient
0.9513333333333334,0.5,0.0,0.0,0.0,0.7852546774054198,0.23874045596605648,0.23874045596605648,0.0,0.0,1.0,0,0,14270,730,0.04081453218380049,730000,48.666666666666664,0.975,0.0,Hybrid_AddDeviceRecipient
0.9513333333333334,0.5,0.0,0.0,0.0,0.7852546774054198,0.23874045596605648,0.23874045596605648,0.0,0.0,1.0,0,0,14270,730,0.04081453218380049,730000,48.666666666666664,0.985,0.0,Hybrid_AddDeviceRecipient
0.9513333333333334,0.5,0.0,0.0,0.0,0.7852546774054198,0.23874045596605648,0.23874045596605648,0.0,0.0,1.0,0,0,14270,730,0.04081453218380049,730000,48.666666666666664,0.995,0.0,Hybrid_AddDeviceRecipient
0.9513333333333334,0.5,0.0,0.0,0.0,0.7852546774054198,0.23874045596605648,0.23874045596605648,0.0,0.0,1.0,0,0,14270,730,0.04081453218380049,730000,48.666666666666664,1.000001,0.0,Hybrid_AddDeviceRecipient
0.048666666666666664,0.5,0.048666666666666664,1.0,0.09281627463445645,0.7837013180251702,0.23433946493879745,0.23433946493879745,0.0,1.0,0.0,730,14270,0,0,0.04071598946698524,285400,19.026666666666667,0.0,1.0,FullHybrid
0.05146666666666667,0.5014716187806587,0.04880331595133039,1.0,0.09306476287608363,0.7837013180251702,0.23433946493879745,0.23433946493879745,0.011984980293050073,0.9970567624386826,0.0,730,14228,42,0,0.04071598946698524,284560,18.970666666666666,0.005,0.9972,FullHybrid
0.0584,0.5051156271899089,0.049145011444728694,1.0,0.09368583162217659,0.7837013180251702,0.23433946493879745,0.23433946493879745,0.02242353927438923,0.9897687456201822,0.0,730,14124,146,0,0.04071598946698524,282480,18.832,0.010822510822510822,0.9902666666666666,FullHybrid
0.176,0.5519760777951637,0.054201165286721864,0.9684931506849315,0.10265718019456949,0.7837013180251702,0.23433946493879745,0.23433946493879745,0.06642278727380456,0.864540995094604,0.031506849315068496,707,12337,1933,23,0.04071598946698524,269740,17.982666666666667,0.015,0.8696,FullHybrid
0.17606666666666668,0.5520111163375603,0.05420532086176493,0.9684931506849315,0.10266463370362303,0.7837013180251702,0.23433946493879745,0.23433946493879745,0.06645312789379652,0.8644709180098108,0.031506849315068496,707,12336,1934,23,0.04071598946698524,269720,17.981333333333332,0.0171875,0.8695333333333334,FullHybrid
0.21093333333333333,0.5631874514020216,0.0556889102256361,0.9534246575342465,0.10523132748714849,0.7837013180251702,0.23433946493879745,0.23433946493879745,0.07294076911266766,0.8270497547302033,0.04657534246575343,696,11802,2468,34,0.04071598946698524,270040,18.002666666666666,0.018137847642079808,0.8332,FullHybrid
0.26213333333333333,0.5842480152825642,0.0586577868852459,0.9410958904109589,0.11043240636553608,0.7837013180251702,0.23433946493879745,0.23433946493879745,0.08763581997218421,0.7725998598458305,0.0589041095890411,687,11025,3245,43,0.04071598946698524,263500,17.566666666666666,0.019523809523809523,0.7808,FullHybrid
0.39326666666666665,0.6310724673853568,0.06747959078226723,0.8945205479452055,0.12549245700009606,0.7837013180251702,0.23433946493879745,0.23433946493879745,0.1178870998159536,0.632375613174492,0.10547945205479452,653,9024,5246,77,0.04071598946698524,257480,17.165333333333333,0.01987353206865402,0.6451333333333333,FullHybrid
0.4696666666666667,0.6543294198961322,0.07394739945748319,0.8589041095890411,0.13617113693126287,0.7837013180251702,0.23433946493879745,0.23433946493879745,0.13397467687804016,0.5502452697967765,0.1410958904109589,627,7852,6418,103,0.04071598946698524,260040,17.336,0.025,0.5652666666666667,FullHybrid
0.4696666666666667,0.6543294198961322,0.07394739945748319,0.8589041095890411,0.13617113693126287,0.7837013180251702,0.23433946493879745,0.23433946493879745,0.13397467687804016,0.5502452697967765,0.1410958904109589,627,7852,6418,103,0.04071598946698524,260040,17.336,0.025380710659898477,0.5652666666666667,FullHybrid
0.4932,0.6601990957176181,0.07611645694547249,0.8452054794520548,0.13965595291987326,0.7837013180251702,0.23433946493879745,0.23433946493879745,0.13833259796646674,0.5248072880168185,0.1547945205479452,617,7489,6781,113,0.04071598946698524,262780,17.518666666666668,0.02569593147751606,0.5404,FullHybrid
0.552,0.6768054448934924,0.08286908077994429,0.815068493150685,0.1504424778761062,0.7837013180251702,0.23433946493879745,0.23433946493879745,0.1523117643824495,0.46145760336370006,0.18493150684931506,595,6585,7685,135,0.04071598946698524,266700,17.78,0.027303754266211604,0.4786666666666667,FullHybrid
0.5699333333333333,0.6797318831536607,0.08489333913800609,0.8013698630136986,0.15352315969032934,0.7837013180251702,0.23433946493879745,0.23433946493879745,0.15520430443189034,0.44190609670637704,0.19863013698630136,585,6306,7964,145,0.04071598946698524,271120,18.074666666666666,0.028481012658227847,0.4594,FullHybrid
0.6108,0.688862543318198,0.0907051282051282,0.7753424657534247,0.1624103299856528,0.7837013180251702,0.23433946493879745,0.23433946493879745,0.16489401705564363,0.3976173791170287,0.22465753424657534,566,5674,8596,164,0.04071598946698524,277480,18.498666666666665,0.03086997193638915,0.416,FullHybrid
0.6776666666666666,0.7097085561240652,0.10475640284999037,0.7452054794520548,0.1836906972817829,0.7837013180251702,0.23433946493879745,0.23433946493879745,0.18968907266880106,0.3257883672039243,0.2547945205479452,544,4649,9621,186,0.04071598946698524,278980,18.598666666666666,0.03311735061195104,0.3462,FullHybrid
0.7572,0.7183649960161658,0.12647511544381734,0.6753424657534246,0.21305099394987037,0.7837013180251702,0.23433946493879745,0.23433946493879745,0.21427174450115619,0.2386124737210932,0.32465753424657534,493,3405,10865,237,0.04071598946698524,305100,20.34,0.034999999999999996,0.2598666666666667,FullHybrid
0.7572,0.7183649960161658,0.12647511544381734,0.6753424657534246,0.21305099394987037,0.7837013180251702,0.23433946493879745,0.23433946493879745,0.21427174450115619,0.2386124737210932,0.32465753424657534,493,3405,10865,237,0.04071598946698524,305100,20.34,0.045,0.2598666666666667,FullHybrid
0.7572,0.7183649960161658,0.12647511544381734,0.6753424657534246,0.21305099394987037,0.7837013180251702,0.23433946493879745,0.23433946493879745,0.21427174450115619,0.2386124737210932,0.32465753424657534,493,3405,10865,237,0.04071598946698524,305100,20.34,0.049783549783549784,0.2598666666666667,FullHybrid
0.7862666666666667,0.7173944763897822,0.13716295427901523,0.6410958904109589,0.22597778850796715,0.7837013180251702,0.23433946493879745,0.23433946493879745,0.22317377674198927,0.20630693763139454,0.3589041095890411,468,2944,11326,262,0.04071598946698524,320880,21.392,0.055,0.22746666666666668,FullHybrid
0.7863333333333333,0.7174295149321788,0.13720316622691292,0.6410958904109589,0.22603235933349433,0.7837013180251702,0.23433946493879745,0.23433946493879745,0.22323283161068438,0.20623686054660126,0.3589041095890411,468,2943,11327,262,0.04071598946698524,320860,21.390666666666668,0.05616850551654965,0.2274,FullHybrid
0.8480666666666666,0.7193302358621881,0.17607695524884986,0.5767123287671233,0.26978532521627685,0.7837013180251702,0.23433946493879745,0.23433946493879745,0.25785277374668597,0.13805185704274703,0.4232876712328767,421,1970,12300,309,0.04071598946698524,348400,23.226666666666667,0.065,0.1594,FullHybrid
0.8480666666666666,0.7193302358621881,0.17607695524884986,0.5767123287671233,0.26978532521627685,0.7837013180251702,0.23433946493879745,0.23433946493879745,0.25785277374668597,0.13805185704274703,0.4232876712328767,421,1970,12300,309,0.04071598946698524,348400,23.226666666666667,0.07500000000000001,0.1594,FullHybrid
0.8480666666666666,0.7193302358621881,0.17607695524884986,0.5767123287671233,0.26978532521627685,0.7837013180251702,0.23433946493879745,0.23433946493879745,0.25785277374668597,0.13805185704274703,0.4232876712328767,421,1970,12300,309,0.04071598946698524,348400,23.226666666666667,0.0759493670886076,0.1594,FullHybrid
0.8648666666666667,0.7151620892570869,0.1910433539780848,0.5493150684931507,0.2834924001413927,0.7837013180251702,0.23433946493879745,0.23433946493879745,0.26690164965787716,0.11899088997897687,0.4506849315068493,401,1698,12572,329,0.04071598946698524,362960,24.197333333333333,0.085,0.13993333333333333,FullHybrid
0.8648666666666667,0.7151620892570869,0.1910433539780848,0.5493150684931507,0.2834924001413927,0.7837013180251702,0.23433946493879745,0.23433946493879745,0.26690164965787716,0.11899088997897687,0.4506849315068493,401,1698,12572,329,0.04071598946698524,362960,24.197333333333333,0.087527352297593,0.13993333333333333,FullHybrid
0.8926,0.7024426183870751,0.22451532207629768,0.4917808219178082,0.3082868183769858,0.7837013180251702,0.23433946493879745,0.23433946493879745,0.2823010689538918,0.08689558514365803,0.5082191780821917,359,1240,13030,371,0.04071598946698524,395800,26.386666666666667,0.09183673469387756,0.1066,FullHybrid
0.8986,0.6997470505226983,0.2347417840375587,0.4794520547945205,0.31517334533993696,0.7837013180251702,0.23433946493879745,0.23433946493879745,0.28729850423611747,0.07995795374912404,0.5205479452054794,350,1141,13129,380,0.04071598946698524,402820,26.854666666666667,0.095,0.0994,FullHybrid
0.8986,0.6997470505226983,0.2347417840375587,0.4794520547945205,0.31517334533993696,0.7837013180251702,0.23433946493879745,0.23433946493879745,0.28729850423611747,0.07995795374912404,0.5205479452054794,350,1141,13129,380,0.04071598946698524,402820,26.854666666666667,0.10500000000000001,0.0994,FullHybrid
0.8986666666666666,0.6997820890650949,0.2348993288590604,0.4794520547945205,0.3153153153153153,0.7837013180251702,0.23433946493879745,0.23433946493879745,0.2874346717717431,0.07988787666433077,0.5205479452054794,350,1140,13130,380,0.04071598946698524,402800,26.85333333333333,0.115,0.09933333333333333,FullHybrid
0.8988,0.6998521661498881,0.23521505376344087,0.4794520547945205,0.3155996393146979,0.7837013180251702,0.23433946493879745,0.23433946493879745,0.28770737078024905,0.07974772249474422,0.5205479452054794,350,1138,13132,380,0.04071598946698524,402760,26.850666666666665,0.125,0.0992,FullHybrid
0.9013333333333333,0.6972842729742442,0.23922114047287898,0.4712328767123288,0.31734317343173435,0.7837013180251702,0.23433946493879745,0.23433946493879745,0.28837297971854786,0.07666433076384023,0.5287671232876713,344,1094,13176,386,0.04071598946698524,407880,27.192,0.135,0.09586666666666667,FullHybrid
0.9030666666666667,0.6975453821121042,0.24326241134751772,0.46986301369863015,0.3205607476635514,0.7837013180251702,0.23433946493879745,0.23433946493879745,0.29130705957609426,0.07477224947442186,0.5301369863013699,343,1067,13203,387,0.04071598946698524,408340,27.222666666666665,0.14500000000000002,0.094,FullHybrid
0.9030666666666667,0.6975453821121042,0.24326241134751772,0.46986301369863015,0.3205607476635514,0.7837013180251702,0.23433946493879745,0.23433946493879745,0.29130705957609426,0.07477224947442186,0.5301369863013699,343,1067,13203,387,0.04071598946698524,408340,27.222666666666665,0.1471861471861472,0.094,FullHybrid
0.9170666666666667,0.6860565800462701,0.27495621716287216,0.4301369863013699,0.33547008547008544,0.7837013180251702,0.23433946493879745,0.23433946493879745,0.3019013921259902,0.05802382620882971,0.5698630136986301,314,828,13442,416,0.04071598946698524,432560,28.837333333333333,0.1477832512315271,0.07613333333333333,FullHybrid
0.9284666666666667,0.6699518100047037,0.31007751937984496,0.3835616438356164,0.3429271279853031,0.7837013180251702,0.23433946493879745,0.23433946493879745,0.30748361724552725,0.04365802382620883,0.6164383561643836,280,623,13647,450,0.04071598946698524,462460,30.830666666666666,0.155,0.0602,FullHybrid
0.9284666666666667,0.6699518100047037,0.31007751937984496,0.3835616438356164,0.3429271279853031,0.7837013180251702,0.23433946493879745,0.23433946493879745,0.30748361724552725,0.04365802382620883,0.6164383561643836,280,623,13647,450,0.04071598946698524,462460,30.830666666666666,0.165,0.0602,FullHybrid
0.9288,0.670127002716687,0.311804008908686,0.3835616438356164,0.343980343980344,0.7837013180251702,0.23433946493879745,0.23433946493879745,0.3086015758945442,0.043307638402242464,0.6164383561643836,280,618,13652,450,0.04071598946698524,462360,30.824,0.17500000000000002,0.059866666666666665,FullHybrid
0.9288,0.670127002716687,0.311804008908686,0.3835616438356164,0.343980343980344,0.7837013180251702,0.23433946493879745,0.23433946493879745,0.3086015758945442,0.043307638402242464,0.6164383561643836,280,618,13652,450,0.04071598946698524,462360,30.824,0.185,0.059866666666666665,FullHybrid
0.9288,0.670127002716687,0.311804008908686,0.3835616438356164,0.343980343980344,0.7837013180251702,0.23433946493879745,0.23433946493879745,0.3086015758945442,0.043307638402242464,0.6164383561643836,280,618,13652,450,0.04071598946698524,462360,30.824,0.19186046511627908,0.059866666666666665,FullHybrid
0.9366666666666666,0.6612636914304365,0.35135135135135137,0.3561643835616438,0.35374149659863946,0.7837013180251702,0.23433946493879745,0.23433946493879745,0.3204530330736814,0.03363700070077085,0.6438356164383562,260,480,13790,470,0.04071598946698524,479600,31.973333333333333,0.195,0.04933333333333333,FullHybrid
0.9366666666666666,0.6612636914304365,0.35135135135135137,0.3561643835616438,0.35374149659863946,0.7837013180251702,0.23433946493879745,0.23433946493879745,0.3204530330736814,0.03363700070077085,0.6438356164383562,260,480,13790,470,0.04071598946698524,479600,31.973333333333333,0.20500000000000002,0.04933333333333333,FullHybrid
0.9367333333333333,0.6612987299728331,0.35182679296346414,0.3561643835616438,0.3539823008849558,0.7837013180251702,0.23433946493879745,0.23433946493879745,0.3207282030301369,0.03356692361597757,0.6438356164383562,260,479,13791,470,0.04071598946698524,479580,31.972,0.215,0.04926666666666667,FullHybrid
0.9367333333333333,0.6612987299728331,0.35182679296346414,0.3561643835616438,0.3539823008849558,0.7837013180251702,0.23433946493879745,0.23433946493879745,0.3207282030301369,0.03356692361597757,0.6438356164383562,260,479,13791,470,0.04071598946698524,479580,31.972,0.225,0.04926666666666667,FullHybrid
0.9368666666666666,0.6613688070576265,0.35278154681139756,0.3561643835616438,0.3544648943421949,0.7837013180251702,0.23433946493879745,0.23433946493879745,0.3212800921373582,0.03342676944639103,0.6438356164383562,260,477,13793,470,0.04071598946698524,479540,31.969333333333335,0.23500000000000001,0.049133333333333334,FullHybrid
0.9414,0.6507535686515441,0.3815580286168522,0.3287671232876712,0.3532008830022075,0.7837013180251702,0.23433946493879745,0.23433946493879745,0.3236698126669995,0.02725998598458304,0.6712328767123288,240,389,13881,490,0.04071598946698524,497780,33.18533333333333,0.245,0.041933333333333336,FullHybrid
0.9414,0.6507535686515441,0.3815580286168522,0.3287671232876712,0.3532008830022075,0.7837013180251702,0.23433946493879745,0.23433946493879745,0.3236698126669995,0.02725998598458304,0.6712328767123288,240,389,13881,490,0.04071598946698524,497780,33.18533333333333,0.255,0.041933333333333336,FullHybrid
0.9414,0.6507535686515441,0.3815580286168522,0.3287671232876712,0.3532008830022075,0.7837013180251702,0.23433946493879745,0.23433946493879745,0.3236698126669995,0.02725998598458304,0.6712328767123288,240,389,13881,490,0.04071598946698524,497780,33.18533333333333,0.265,0.041933333333333336,FullHybrid
0.9414,0.6507535686515441,0.3815580286168522,0.3287671232876712,0.3532008830022075,0.7837013180251702,0.23433946493879745,0.23433946493879745,0.3236698126669995,0.02725998598458304,0.6712328767123288,240,389,13881,490,0.04071598946698524,497780,33.18533333333333,0.275,0.041933333333333336,FullHybrid
0.9432666666666667,0.6419862533718597,0.39404553415061294,0.3082191780821918,0.3458877786318217,0.7837013180251702,0.23433946493879745,0.23433946493879745,0.319310750802508,0.02424667133847232,0.6917808219178082,225,346,13924,505,0.04071598946698524,511920,34.128,0.28500000000000003,0.038066666666666665,FullHybrid
0.9432666666666667,0.6419862533718597,0.39404553415061294,0.3082191780821918,0.3458877786318217,0.7837013180251702,0.23433946493879745,0.23433946493879745,0.319310750802508,0.02424667133847232,0.6917808219178082,225,346,13924,505,0.04071598946698524,511920,34.128,0.29069767441860467,0.038066666666666665,FullHybrid
0.9489333333333333,0.581924911923664,0.4383561643835616,0.17534246575342466,0.2504892367906067,0.7837013180251702,0.23433946493879745,0.23433946493879745,0.2551826593792748,0.011492641906096706,0.8246575342465754,128,164,14106,602,0.04071598946698524,605280,40.352,0.295,0.019466666666666667,FullHybrid
0.949,0.5819599504660606,0.43986254295532645,0.17534246575342466,0.2507345739471107,0.7837013180251702,0.23433946493879745,0.23433946493879745,0.2557213750679125,0.011422564821303435,0.8246575342465754,128,163,14107,602,0.04071598946698524,605260,40.35066666666667,0.305,0.0194,FullHybrid
0.949,0.5819599504660606,0.43986254295532645,0.17534246575342466,0.2507345739471107,0.7837013180251702,0.23433946493879745,0.23433946493879745,0.2557213750679125,0.011422564821303435,0.8246575342465754,128,163,14107,602,0.04071598946698524,605260,40.35066666666667,0.315,0.0194,FullHybrid
0.9489333333333333,0.5812750189592113,0.4379310344827586,0.17397260273972603,0.24901960784313726,0.7837013180251702,0.23433946493879745,0.23433946493879745,0.2540125395331995,0.011422564821303435,0.826027397260274,127,163,14107,603,0.04071598946698524,606260,40.41733333333333,0.325,0.019333333333333334,FullHybrid
0.9489333333333333,0.5812750189592113,0.4379310344827586,0.17397260273972603,0.24901960784313726,0.7837013180251702,0.23433946493879745,0.23433946493879745,0.2540125395331995,0.011422564821303435,0.826027397260274,127,163,14107,603,0.04071598946698524,606260,40.41733333333333,0.335,0.019333333333333334,FullHybrid
0.949,0.5813100575016079,0.43944636678200694,0.17397260273972603,0.24926398429833174,0.7837013180251702,0.23433946493879745,0.23433946493879745,0.25455267272445187,0.011352487736510162,0.826027397260274,127,162,14108,603,0.04071598946698524,606240,40.416,0.34500000000000003,0.019266666666666668,FullHybrid
0.949,0.5813100575016079,0.43944636678200694,0.17397260273972603,0.24926398429833174,0.7837013180251702,0.23433946493879745,0.23433946493879745,0.25455267272445187,0.011352487736510162,0.826027397260274,127,162,14108,603,0.04071598946698524,606240,40.416,0.35500000000000004,0.019266666666666668,FullHybrid
0.9494666666666667,0.5711570398671415,0.444,0.15205479452054796,0.22653061224489796,0.7837013180251702,0.23433946493879745,0.23433946493879745,0.23919674801149465,0.009740714786264891,0.8479452054794521,111,139,14131,619,0.04071598946698524,621780,41.452,0.365,0.016666666666666666,FullHybrid
0.9494666666666667,0.5711570398671415,0.444,0.15205479452054796,0.22653061224489796,0.7837013180251702,0.23433946493879745,0.23433946493879745,0.23919674801149465,0.009740714786264891,0.8479452054794521,111,139,14131,619,0.04071598946698524,621780,41.452,0.375,0.016666666666666666,FullHybrid
0.9494666666666667,0.5711570398671415,0.444,0.15205479452054796,0.22653061224489796,0.7837013180251702,0.23433946493879745,0.23433946493879745,0.23919674801149465,0.009740714786264891,0.8479452054794521,111,139,14131,619,0.04071598946698524,621780,41.452,0.3783783783783784,0.016666666666666666,FullHybrid
0.9507333333333333,0.5146321913008419,0.41818181818181815,0.031506849315068496,0.05859872611464969,0.7837013180251702,0.23433946493879745,0.23433946493879745,0.10417979015243131,0.002242466713384723,0.9684931506849315,23,32,14238,707,0.04071598946698524,707640,47.176,0.385,0.0036666666666666666,FullHybrid
0.9507333333333333,0.5146321913008419,0.41818181818181815,0.031506849315068496,0.05859872611464969,0.7837013180251702,0.23433946493879745,0.23433946493879745,0.10417979015243131,0.002242466713384723,0.9684931506849315,23,32,14238,707,0.04071598946698524,707640,47.176,0.395,0.0036666666666666666,FullHybrid
0.9507333333333333,0.5146321913008419,0.41818181818181815,0.031506849315068496,0.05859872611464969,0.7837013180251702,0.23433946493879745,0.23433946493879745,0.10417979015243131,0.002242466713384723,0.9684931506849315,23,32,14238,707,0.04071598946698524,707640,47.176,0.405,0.0036666666666666666,FullHybrid
0.9506666666666667,0.5139472597939926,0.4074074074074074,0.030136986301369864,0.05612244897959184,0.7837013180251702,0.23433946493879745,0.23433946493879745,0.10021504687337271,0.002242466713384723,0.9698630136986301,22,32,14238,708,0.04071598946698524,708640,47.242666666666665,0.41500000000000004,0.0036,FullHybrid
0.9506666666666667,0.5139472597939926,0.4074074074074074,0.030136986301369864,0.05612244897959184,0.7837013180251702,0.23433946493879745,0.23433946493879745,0.10021504687337271,0.002242466713384723,0.9698630136986301,22,32,14238,708,0.04071598946698524,708640,47.242666666666665,0.425,0.0036,FullHybrid
0.9506666666666667,0.5139472597939926,0.4074074074074074,0.030136986301369864,0.05612244897959184,0.7837013180251702,0.23433946493879745,0.23433946493879745,0.10021504687337271,0.002242466713384723,0.9698630136986301,22,32,14238,708,0.04071598946698524,708640,47.242666666666665,0.435,0.0036,FullHybrid
0.9506666666666667,0.5139472597939926,0.4074074074074074,0.030136986301369864,0.05612244897959184,0.7837013180251702,0.23433946493879745,0.23433946493879745,0.10021504687337271,0.002242466713384723,0.9698630136986301,22,32,14238,708,0.04071598946698524,708640,47.242666666666665,0.44,0.0036,FullHybrid
0.9513333333333334,0.5,0.0,0.0,0.0,0.7837013180251702,0.23433946493879745,0.23433946493879745,0.0,0.0,1.0,0,0,14270,730,0.04071598946698524,730000,48.666666666666664,0.445,0.0,FullHybrid
0.9513333333333334,0.5,0.0,0.0,0.0,0.7837013180251702,0.23433946493879745,0.23433946493879745,0.0,0.0,1.0,0,0,14270,730,0.04071598946698524,730000,48.666666666666664,0.455,0.0,FullHybrid
0.9513333333333334,0.5,0.0,0.0,0.0,0.7837013180251702,0.23433946493879745,0.23433946493879745,0.0,0.0,1.0,0,0,14270,730,0.04071598946698524,730000,48.666666666666664,0.465,0.0,FullHybrid
0.9513333333333334,0.5,0.0,0.0,0.0,0.7837013180251702,0.23433946493879745,0.23433946493879745,0.0,0.0,1.0,0,0,14270,730,0.04071598946698524,730000,48.666666666666664,0.47500000000000003,0.0,FullHybrid
0.9513333333333334,0.5,0.0,0.0,0.0,0.7837013180251702,0.23433946493879745,0.23433946493879745,0.0,0.0,1.0,0,0,14270,730,0.04071598946698524,730000,48.666666666666664,0.485,0.0,FullHybrid
0.9513333333333334,0.5,0.0,0.0,0.0,0.7837013180251702,0.23433946493879745,0.23433946493879745,0.0,0.0,1.0,0,0,14270,730,0.04071598946698524,730000,48.666666666666664,0.495,0.0,FullHybrid
0.9513333333333334,0.5,0.0,0.0,0.0,0.7837013180251702,0.23433946493879745,0.23433946493879745,0.0,0.0,1.0,0,0,14270,730,0.04071598946698524,730000,48.666666666666664,0.505,0.0,FullHybrid
0.9513333333333334,0.5,0.0,0.0,0.0,0.7837013180251702,0.23433946493879745,0.23433946493879745,0.0,0.0,1.0,0,0,14270,730,0.04071598946698524,730000,48.666666666666664,0.515,0.0,FullHybrid
0.9513333333333334,0.5,0.0,0.0,0.0,0.7837013180251702,0.23433946493879745,0.23433946493879745,0.0,0.0,1.0,0,0,14270,730,0.04071598946698524,730000,48.666666666666664,0.525,0.0,FullHybrid
0.9513333333333334,0.5,0.0,0.0,0.0,0.7837013180251702,0.23433946493879745,0.23433946493879745,0.0,0.0,1.0,0,0,14270,730,0.04071598946698524,730000,48.666666666666664,0.535,0.0,FullHybrid
0.9513333333333334,0.5,0.0,0.0,0.0,0.7837013180251702,0.23433946493879745,0.23433946493879745,0.0,0.0,1.0,0,0,14270,730,0.04071598946698524,730000,48.666666666666664,0.545,0.0,FullHybrid
0.9513333333333334,0.5,0.0,0.0,0.0,0.7837013180251702,0.23433946493879745,0.23433946493879745,0.0,0.0,1.0,0,0,14270,730,0.04071598946698524,730000,48.666666666666664,0.555,0.0,FullHybrid
0.9513333333333334,0.5,0.0,0.0,0.0,0.7837013180251702,0.23433946493879745,0.23433946493879745,0.0,0.0,1.0,0,0,14270,730,0.04071598946698524,730000,48.666666666666664,0.5650000000000001,0.0,FullHybrid
0.9513333333333334,0.5,0.0,0.0,0.0,0.7837013180251702,0.23433946493879745,0.23433946493879745,0.0,0.0,1.0,0,0,14270,730,0.04071598946698524,730000,48.666666666666664,0.5750000000000001,0.0,FullHybrid
0.9513333333333334,0.5,0.0,0.0,0.0,0.7837013180251702,0.23433946493879745,0.23433946493879745,0.0,0.0,1.0,0,0,14270,730,0.04071598946698524,730000,48.666666666666664,0.585,0.0,FullHybrid
0.9513333333333334,0.5,0.0,0.0,0.0,0.7837013180251702,0.23433946493879745,0.23433946493879745,0.0,0.0,1.0,0,0,14270,730,0.04071598946698524,730000,48.666666666666664,0.595,0.0,FullHybrid
0.9513333333333334,0.5,0.0,0.0,0.0,0.7837013180251702,0.23433946493879745,0.23433946493879745,0.0,0.0,1.0,0,0,14270,730,0.04071598946698524,730000,48.666666666666664,0.605,0.0,FullHybrid
0.9513333333333334,0.5,0.0,0.0,0.0,0.7837013180251702,0.23433946493879745,0.23433946493879745,0.0,0.0,1.0,0,0,14270,730,0.04071598946698524,730000,48.666666666666664,0.615,0.0,FullHybrid
0.9513333333333334,0.5,0.0,0.0,0.0,0.7837013180251702,0.23433946493879745,0.23433946493879745,0.0,0.0,1.0,0,0,14270,730,0.04071598946698524,730000,48.666666666666664,0.625,0.0,FullHybrid
0.9513333333333334,0.5,0.0,0.0,0.0,0.7837013180251702,0.23433946493879745,0.23433946493879745,0.0,0.0,1.0,0,0,14270,730,0.04071598946698524,730000,48.666666666666664,0.635,0.0,FullHybrid
0.9513333333333334,0.5,0.0,0.0,0.0,0.7837013180251702,0.23433946493879745,0.23433946493879745,0.0,0.0,1.0,0,0,14270,730,0.04071598946698524,730000,48.666666666666664,0.645,0.0,FullHybrid
0.9513333333333334,0.5,0.0,0.0,0.0,0.7837013180251702,0.23433946493879745,0.23433946493879745,0.0,0.0,1.0,0,0,14270,730,0.04071598946698524,730000,48.666666666666664,0.655,0.0,FullHybrid
0.9513333333333334,0.5,0.0,0.0,0.0,0.7837013180251702,0.23433946493879745,0.23433946493879745,0.0,0.0,1.0,0,0,14270,730,0.04071598946698524,730000,48.666666666666664,0.665,0.0,FullHybrid
0.9513333333333334,0.5,0.0,0.0,0.0,0.7837013180251702,0.23433946493879745,0.23433946493879745,0.0,0.0,1.0,0,0,14270,730,0.04071598946698524,730000,48.666666666666664,0.675,0.0,FullHybrid
0.9513333333333334,0.5,0.0,0.0,0.0,0.7837013180251702,0.23433946493879745,0.23433946493879745,0.0,0.0,1.0,0,0,14270,730,0.04071598946698524,730000,48.666666666666664,0.685,0.0,FullHybrid
0.9513333333333334,0.5,0.0,0.0,0.0,0.7837013180251702,0.23433946493879745,0.23433946493879745,0.0,0.0,1.0,0,0,14270,730,0.04071598946698524,730000,48.666666666666664,0.6950000000000001,0.0,FullHybrid
0.9513333333333334,0.5,0.0,0.0,0.0,0.7837013180251702,0.23433946493879745,0.23433946493879745,0.0,0.0,1.0,0,0,14270,730,0.04071598946698524,730000,48.666666666666664,0.7050000000000001,0.0,FullHybrid
0.9513333333333334,0.5,0.0,0.0,0.0,0.7837013180251702,0.23433946493879745,0.23433946493879745,0.0,0.0,1.0,0,0,14270,730,0.04071598946698524,730000,48.666666666666664,0.715,0.0,FullHybrid
0.9513333333333334,0.5,0.0,0.0,0.0,0.7837013180251702,0.23433946493879745,0.23433946493879745,0.0,0.0,1.0,0,0,14270,730,0.04071598946698524,730000,48.666666666666664,0.725,0.0,FullHybrid
0.9513333333333334,0.5,0.0,0.0,0.0,0.7837013180251702,0.23433946493879745,0.23433946493879745,0.0,0.0,1.0,0,0,14270,730,0.04071598946698524,730000,48.666666666666664,0.735,0.0,FullHybrid
0.9513333333333334,0.5,0.0,0.0,0.0,0.7837013180251702,0.23433946493879745,0.23433946493879745,0.0,0.0,1.0,0,0,14270,730,0.04071598946698524,730000,48.666666666666664,0.745,0.0,FullHybrid
0.9513333333333334,0.5,0.0,0.0,0.0,0.7837013180251702,0.23433946493879745,0.23433946493879745,0.0,0.0,1.0,0,0,14270,730,0.04071598946698524,730000,48.666666666666664,0.755,0.0,FullHybrid
0.9513333333333334,0.5,0.0,0.0,0.0,0.7837013180251702,0.23433946493879745,0.23433946493879745,0.0,0.0,1.0,0,0,14270,730,0.04071598946698524,730000,48.666666666666664,0.765,0.0,FullHybrid
0.9513333333333334,0.5,0.0,0.0,0.0,0.7837013180251702,0.23433946493879745,0.23433946493879745,0.0,0.0,1.0,0,0,14270,730,0.04071598946698524,730000,48.666666666666664,0.775,0.0,FullHybrid
0.9513333333333334,0.5,0.0,0.0,0.0,0.7837013180251702,0.23433946493879745,0.23433946493879745,0.0,0.0,1.0,0,0,14270,730,0.04071598946698524,730000,48.666666666666664,0.785,0.0,FullHybrid
0.9513333333333334,0.5,0.0,0.0,0.0,0.7837013180251702,0.23433946493879745,0.23433946493879745,0.0,0.0,1.0,0,0,14270,730,0.04071598946698524,730000,48.666666666666664,0.795,0.0,FullHybrid
0.9513333333333334,0.5,0.0,0.0,0.0,0.7837013180251702,0.23433946493879745,0.23433946493879745,0.0,0.0,1.0,0,0,14270,730,0.04071598946698524,730000,48.666666666666664,0.805,0.0,FullHybrid
0.9513333333333334,0.5,0.0,0.0,0.0,0.7837013180251702,0.23433946493879745,0.23433946493879745,0.0,0.0,1.0,0,0,14270,730,0.04071598946698524,730000,48.666666666666664,0.8150000000000001,0.0,FullHybrid
0.9513333333333334,0.5,0.0,0.0,0.0,0.7837013180251702,0.23433946493879745,0.23433946493879745,0.0,0.0,1.0,0,0,14270,730,0.04071598946698524,730000,48.666666666666664,0.8250000000000001,0.0,FullHybrid
0.9513333333333334,0.5,0.0,0.0,0.0,0.7837013180251702,0.23433946493879745,0.23433946493879745,0.0,0.0,1.0,0,0,14270,730,0.04071598946698524,730000,48.666666666666664,0.8350000000000001,0.0,FullHybrid
0.9513333333333334,0.5,0.0,0.0,0.0,0.7837013180251702,0.23433946493879745,0.23433946493879745,0.0,0.0,1.0,0,0,14270,730,0.04071598946698524,730000,48.666666666666664,0.845,0.0,FullHybrid
0.9513333333333334,0.5,0.0,0.0,0.0,0.7837013180251702,0.23433946493879745,0.23433946493879745,0.0,0.0,1.0,0,0,14270,730,0.04071598946698524,730000,48.666666666666664,0.855,0.0,FullHybrid
0.9513333333333334,0.5,0.0,0.0,0.0,0.7837013180251702,0.23433946493879745,0.23433946493879745,0.0,0.0,1.0,0,0,14270,730,0.04071598946698524,730000,48.666666666666664,0.865,0.0,FullHybrid
0.9513333333333334,0.5,0.0,0.0,0.0,0.7837013180251702,0.23433946493879745,0.23433946493879745,0.0,0.0,1.0,0,0,14270,730,0.04071598946698524,730000,48.666666666666664,0.875,0.0,FullHybrid
0.9513333333333334,0.5,0.0,0.0,0.0,0.7837013180251702,0.23433946493879745,0.23433946493879745,0.0,0.0,1.0,0,0,14270,730,0.04071598946698524,730000,48.666666666666664,0.885,0.0,FullHybrid
0.9513333333333334,0.5,0.0,0.0,0.0,0.7837013180251702,0.23433946493879745,0.23433946493879745,0.0,0.0,1.0,0,0,14270,730,0.04071598946698524,730000,48.666666666666664,0.895,0.0,FullHybrid
0.9513333333333334,0.5,0.0,0.0,0.0,0.7837013180251702,0.23433946493879745,0.23433946493879745,0.0,0.0,1.0,0,0,14270,730,0.04071598946698524,730000,48.666666666666664,0.905,0.0,FullHybrid
0.9513333333333334,0.5,0.0,0.0,0.0,0.7837013180251702,0.23433946493879745,0.23433946493879745,0.0,0.0,1.0,0,0,14270,730,0.04071598946698524,730000,48.666666666666664,0.915,0.0,FullHybrid
0.9513333333333334,0.5,0.0,0.0,0.0,0.7837013180251702,0.23433946493879745,0.23433946493879745,0.0,0.0,1.0,0,0,14270,730,0.04071598946698524,730000,48.666666666666664,0.925,0.0,FullHybrid
0.9513333333333334,0.5,0.0,0.0,0.0,0.7837013180251702,0.23433946493879745,0.23433946493879745,0.0,0.0,1.0,0,0,14270,730,0.04071598946698524,730000,48.666666666666664,0.935,0.0,FullHybrid
0.9513333333333334,0.5,0.0,0.0,0.0,0.7837013180251702,0.23433946493879745,0.23433946493879745,0.0,0.0,1.0,0,0,14270,730,0.04071598946698524,730000,48.666666666666664,0.9450000000000001,0.0,FullHybrid
0.9513333333333334,0.5,0.0,0.0,0.0,0.7837013180251702,0.23433946493879745,0.23433946493879745,0.0,0.0,1.0,0,0,14270,730,0.04071598946698524,730000,48.666666666666664,0.9550000000000001,0.0,FullHybrid
0.9513333333333334,0.5,0.0,0.0,0.0,0.7837013180251702,0.23433946493879745,0.23433946493879745,0.0,0.0,1.0,0,0,14270,730,0.04071598946698524,730000,48.666666666666664,0.965,0.0,FullHybrid
0.9513333333333334,0.5,0.0,0.0,0.0,0.7837013180251702,0.23433946493879745,0.23433946493879745,0.0,0.0,1.0,0,0,14270,730,0.04071598946698524,730000,48.666666666666664,0.975,0.0,FullHybrid
0.9513333333333334,0.5,0.0,0.0,0.0,0.7837013180251702,0.23433946493879745,0.23433946493879745,0.0,0.0,1.0,0,0,14270,730,0.04071598946698524,730000,48.666666666666664,0.985,0.0,FullHybrid
0.9513333333333334,0.5,0.0,0.0,0.0,0.7837013180251702,0.23433946493879745,0.23433946493879745,0.0,0.0,1.0,0,0,14270,730,0.04071598946698524,730000,48.666666666666664,0.995,0.0,FullHybrid
0.9513333333333334,0.5,0.0,0.0,0.0,0.7837013180251702,0.23433946493879745,0.23433946493879745,0.0,0.0,1.0,0,0,14270,730,0.04071598946698524,730000,48.666666666666664,1.000001,0.0,FullHybrid
0.048666666666666664,0.5,0.048666666666666664,1.0,0.09281627463445645,0.7835607318735541,0.23281832441281541,0.23281832441281541,0.0,1.0,0.0,730,14270,0,0,0.04074495525328415,285400,19.026666666666667,0.0,1.0,Hybrid_WithoutAnomaly
0.05073333333333333,0.5010861948142957,0.04876745273565369,1.0,0.09299955411172688,0.7835607318735541,0.23281832441281541,0.23281832441281541,0.010292808583460485,0.9978276103714085,0.0,730,14239,31,0,0.04074495525328415,284780,18.985333333333333,0.005,0.9979333333333333,Hybrid_WithoutAnomaly
0.0578,0.5048002803083391,0.049115252640785846,1.0,0.09363175784005644,0.7835607318735541,0.23281832441281541,0.23281832441281541,0.021714832722849506,0.9903994393833216,0.0,730,14133,137,0,0.04074495525328415,282660,18.844,0.01130952380952381,0.9908666666666667,Hybrid_WithoutAnomaly
0.16573333333333334,0.5472300352305344,0.053636363636363635,0.9698630136986301,0.10165111270638909,0.7835607318735541,0.23281832441281541,0.23281832441281541,0.06254584491446627,0.8754029432375613,0.030136986301369864,708,12492,1778,22,0.04074495525328415,271840,18.122666666666667,0.0125,0.88,Hybrid_WithoutAnomaly
0.19246666666666667,0.5567312399804168,0.05482987876417677,0.9602739726027397,0.10373658897521273,0.7835607318735541,0.23281832441281541,0.23281832441281541,0.06881584656807682,0.8468114926419061,0.03972602739726028,701,12084,2186,29,0.04074495525328415,270680,18.045333333333332,0.015,0.8523333333333334,Hybrid_WithoutAnomaly
0.19246666666666667,0.5567312399804168,0.05482987876417677,0.9602739726027397,0.10373658897521273,0.7835607318735541,0.23281832441281541,0.23281832441281541,0.06881584656807682,0.8468114926419061,0.03972602739726028,701,12084,2186,29,0.04074495525328415,270680,18.045333333333332,0.01616161616161616,0.8523333333333334,Hybrid_WithoutAnomaly
0.22126666666666667,0.5686184254735003,0.056388236247265654,0.9534246575342465,0.10647900252428669,0.7835607318735541,0.23281832441281541,0.23281832441281541,0.0773460285407644,0.816187806587246,0.04657534246575343,696,11647,2623,34,0.04074495525328415,266940,17.796,0.019114688128772636,0.8228666666666666,Hybrid_WithoutAnomaly
0.28173333333333334,0.591299881924912,0.059782608695652176,0.9342465753424658,0.1123743615093096,0.7835607318735541,0.23281832441281541,0.23281832441281541,0.09206630381944562,0.7516468114926419,0.06575342465753424,682,10726,3544,48,0.04074495525328415,262520,17.501333333333335,0.019986449864498643,0.7605333333333333,Hybrid_WithoutAnomaly
0.4734,0.6569414712347966,0.07454005934718101,0.8602739726027397,0.13719279082468597,0.7835607318735541,0.23281832441281541,0.23281832441281541,0.13611572430122865,0.5463910301331465,0.13972602739726028,628,7797,6473,102,0.04074495525328415,257940,17.196,0.025,0.5616666666666666,Hybrid_WithoutAnomaly
0.4734,0.6569414712347966,0.07454005934718101,0.8602739726027397,0.13719279082468597,0.7835607318735541,0.23281832441281541,0.23281832441281541,0.13611572430122865,0.5463910301331465,0.13972602739726028,628,7797,6473,102,0.04074495525328415,257940,17.196,0.025856885147324114,0.5616666666666666,Hybrid_WithoutAnomaly
0.5782666666666667,0.6815121290954296,0.08597218111867416,0.7958904109589041,0.15518162393162394,0.7835607318735541,0.23281832441281541,0.23281832441281541,0.15699422036740857,0.43286615276804485,0.20410958904109588,581,6177,8093,149,0.04074495525328415,272540,18.169333333333334,0.028346456692913385,0.45053333333333334,Hybrid_WithoutAnomaly
0.6166,0.6899612176133473,0.09158939319993492,0.7712328767123288,0.16373418641849646,0.7835607318735541,0.23281832441281541,0.23281832441281541,0.16622315388551054,0.3913104414856342,0.22876712328767124,563,5584,8686,167,0.04074495525328415,278680,18.578666666666667,0.03125,0.4098,Hybrid_WithoutAnomaly
0.6688,0.708297894807576,0.10288605697151425,0.7520547945205479,0.18100890207715134,0.7835607318735541,0.23281832441281541,0.23281832441281541,0.18724141820323748,0.33545900490539593,0.24794520547945206,549,4787,9483,181,0.04074495525328415,276740,18.449333333333332,0.03417634996582365,0.35573333333333335,Hybrid_WithoutAnomaly
0.7546666666666667,0.7176834243695462,0.12544438801422042,0.6767123287671233,0.21165381319622967,0.7835607318735541,0.23281832441281541,0.23281832441281541,0.21289922965477404,0.24134548002803083,0.3232876712328767,494,3444,10826,236,0.04074495525328415,304880,20.325333333333333,0.034999999999999996,0.26253333333333334,Hybrid_WithoutAnomaly
0.7546666666666667,0.7176834243695462,0.12544438801422042,0.6767123287671233,0.21165381319622967,0.7835607318735541,0.23281832441281541,0.23281832441281541,0.21289922965477404,0.24134548002803083,0.3232876712328767,494,3444,10826,236,0.04074495525328415,304880,20.325333333333333,0.038089039751901484,0.26253333333333334,Hybrid_WithoutAnomaly
0.7547333333333334,0.7177184629119429,0.1254762509525019,0.6767123287671233,0.2116991643454039,0.7835607318735541,0.23281832441281541,0.23281832441281541,0.21295091390216064,0.24127540294323757,0.3232876712328767,494,3443,10827,236,0.04074495525328415,304860,20.324,0.045,0.2624666666666667,Hybrid_WithoutAnomaly
0.7589333333333333,0.7160265332962149,0.12635939927498704,0.6684931506849315,0.21254355400696862,0.7835607318735541,0.23281832441281541,0.23281832441281541,0.21261836153776953,0.23644008409250175,0.3315068493150685,488,3374,10896,242,0.04074495525328415,309480,20.632,0.048327137546468404,0.2574666666666667,Hybrid_WithoutAnomaly
0.7929333333333334,0.7208983306294459,0.14130434782608695,0.6410958904109589,0.23156853043047995,0.7835607318735541,0.23281832441281541,0.23281832441281541,0.22918203986360747,0.19929922915206727,0.3589041095890411,468,2844,11426,262,0.04074495525328415,318880,21.258666666666667,0.055,0.2208,Hybrid_WithoutAnomaly
0.7929333333333334,0.7208983306294459,0.14130434782608695,0.6410958904109589,0.23156853043047995,0.7835607318735541,0.23281832441281541,0.23281832441281541,0.22918203986360747,0.19929922915206727,0.3589041095890411,468,2844,11426,262,0.04074495525328415,318880,21.258666666666667,0.05649717514124294,0.2208,Hybrid_WithoutAnomaly
0.8478,0.7178902957636962,0.1752404851526558,0.5739726027397261,0.26850368471643704,0.7835607318735541,0.23281832441281541,0.23281832441281541,0.25615992667083404,0.13819201121233357,0.426027397260274,419,1972,12298,311,0.04074495525328415,350440,23.362666666666666,0.065,0.1594,Hybrid_WithoutAnomaly
0.8478666666666667,0.717925334306093,0.17531380753138076,0.5739726027397261,0.2685897435897436,0.7835607318735541,0.23281832441281541,0.23281832441281541,0.2562445512630293,0.13812193412754029,0.426027397260274,419,1971,12299,311,0.04074495525328415,350420,23.361333333333334,0.07500000000000001,0.15933333333333333,Hybrid_WithoutAnomaly
0.8478666666666667,0.717925334306093,0.17531380753138076,0.5739726027397261,0.2685897435897436,0.7835607318735541,0.23281832441281541,0.23281832441281541,0.2562445512630293,0.13812193412754029,0.426027397260274,419,1971,12299,311,0.04074495525328415,350420,23.361333333333334,0.07636363636363637,0.15933333333333333,Hybrid_WithoutAnomaly
0.8662,0.7152129671405669,0.19258545979778527,0.547945205479452,0.28500178126113285,0.7835607318735541,0.23281832441281541,0.23281832441281541,0.2681463730111958,0.11751927119831815,0.4520547945205479,400,1677,12593,330,0.04074495525328415,363540,24.236,0.07894736842105263,0.13846666666666665,Hybrid_WithoutAnomaly
0.8727333333333334,0.7140974935442685,0.2,0.5383561643835616,0.2916512059369202,0.7835607318735541,0.23281832441281541,0.23281832441281541,0.2730726470291428,0.11016117729502453,0.46164383561643835,393,1572,12698,337,0.04074495525328415,368440,24.562666666666665,0.085,0.131,Hybrid_WithoutAnomaly
0.8727333333333334,0.7140974935442685,0.2,0.5383561643835616,0.2916512059369202,0.7835607318735541,0.23281832441281541,0.23281832441281541,0.2730726470291428,0.11016117729502453,0.46164383561643835,393,1572,12698,337,0.04074495525328415,368440,24.562666666666665,0.09059233449477352,0.131,Hybrid_WithoutAnomaly
0.8898,0.7061701433220378,0.22148461074230538,0.5027397260273972,0.30749895266024296,0.7835607318735541,0.23281832441281541,0.23281832441281541,0.2830356806210066,0.09039943938332165,0.49726027397260275,367,1290,12980,363,0.04074495525328415,388800,25.92,0.09340659340659341,0.11046666666666667,Hybrid_WithoutAnomaly
0.9,0.6978832880552169,0.23666210670314639,0.473972602739726,0.31569343065693434,0.7835607318735541,0.23281832441281541,0.23281832441281541,0.2871187728430146,0.07820602662929223,0.5260273972602739,346,1116,13154,384,0.04074495525328415,406320,27.088,0.095,0.09746666666666666,Hybrid_WithoutAnomaly
0.9,0.6978832880552169,0.23666210670314639,0.473972602739726,0.31569343065693434,0.7835607318735541,0.23281832441281541,0.23281832441281541,0.2871187728430146,0.07820602662929223,0.5260273972602739,346,1116,13154,384,0.04074495525328415,406320,27.088,0.10500000000000001,0.09746666666666666,Hybrid_WithoutAnomaly
0.9,0.6978832880552169,0.23666210670314639,0.473972602739726,0.31569343065693434,0.7835607318735541,0.23281832441281541,0.23281832441281541,0.2871187728430146,0.07820602662929223,0.5260273972602739,346,1116,13154,384,0.04074495525328415,406320,27.088,0.115,0.09746666666666666,Hybrid_WithoutAnomaly
0.9008666666666667,0.6983387891063731,0.23878536922015184,0.473972602739726,0.31757687012391006,0.7835607318735541,0.23281832441281541,0.23281832441281541,0.2889290465044211,0.07729502452697967,0.5260273972602739,346,1103,13167,384,0.04074495525328415,406060,27.070666666666668,0.125,0.0966,Hybrid_WithoutAnomaly
0.9008666666666667,0.6983387891063731,0.23878536922015184,0.473972602739726,0.31757687012391006,0.7835607318735541,0.23281832441281541,0.23281832441281541,0.2889290465044211,0.07729502452697967,0.5260273972602739,346,1103,13167,384,0.04074495525328415,406060,27.070666666666668,0.135,0.0966,Hybrid_WithoutAnomaly
0.9008666666666667,0.6983387891063731,0.23878536922015184,0.473972602739726,0.31757687012391006,0.7835607318735541,0.23281832441281541,0.23281832441281541,0.2889290465044211,0.07729502452697967,0.5260273972602739,346,1103,13167,384,0.04074495525328415,406060,27.070666666666668,0.14500000000000002,0.0966,Hybrid_WithoutAnomaly
0.9008666666666667,0.6983387891063731,0.23878536922015184,0.473972602739726,0.31757687012391006,0.7835607318735541,0.23281832441281541,0.23281832441281541,0.2889290465044211,0.07729502452697967,0.5260273972602739,346,1103,13167,384,0.04074495525328415,406060,27.070666666666668,0.14720812182741116,0.0966,Hybrid_WithoutAnomaly
0.9132666666666667,0.6899084198097359,0.2654067378800329,0.44246575342465755,0.3317925012840267,0.7835607318735541,0.23281832441281541,0.23281832441281541,0.29931636695752417,0.06264891380518571,0.5575342465753425,323,894,13376,407,0.04074495525328415,424880,28.325333333333333,0.14760147601476015,0.08113333333333334,Hybrid_WithoutAnomaly
0.929,0.6689323324149715,0.31200897867564537,0.38082191780821917,0.3429981492905614,0.7835607318735541,0.23281832441281541,0.23281832441281541,0.3075595535741715,0.0429572529782761,0.6191780821917808,278,613,13657,452,0.04074495525328415,464260,30.950666666666667,0.155,0.0594,Hybrid_WithoutAnomaly
0.9290666666666667,0.6689673709573682,0.31235955056179776,0.38082191780821917,0.3432098765432099,0.7835607318735541,0.23281832441281541,0.23281832441281541,0.30778521139619924,0.04288717589348283,0.6191780821917808,278,612,13658,452,0.04074495525328415,464240,30.949333333333332,0.165,0.059333333333333335,Hybrid_WithoutAnomaly
0.9290666666666667,0.6689673709573682,0.31235955056179776,0.38082191780821917,0.3432098765432099,0.7835607318735541,0.23281832441281541,0.23281832441281541,0.30778521139619924,0.04288717589348283,0.6191780821917808,278,612,13658,452,0.04074495525328415,464240,30.949333333333332,0.17500000000000002,0.059333333333333335,Hybrid_WithoutAnomaly
0.9290666666666667,0.6689673709573682,0.31235955056179776,0.38082191780821917,0.3432098765432099,0.7835607318735541,0.23281832441281541,0.23281832441281541,0.30778521139619924,0.04288717589348283,0.6191780821917808,278,612,13658,452,0.04074495525328415,464240,30.949333333333332,0.185,0.059333333333333335,Hybrid_WithoutAnomaly
0.9290666666666667,0.6689673709573682,0.31235955056179776,0.38082191780821917,0.3432098765432099,0.7835607318735541,0.23281832441281541,0.23281832441281541,0.30778521139619924,0.04288717589348283,0.6191780821917808,278,612,13658,452,0.04074495525328415,464240,30.949333333333332,0.195,0.059333333333333335,Hybrid_WithoutAnomaly
0.9290666666666667,0.6689673709573682,0.31235955056179776,0.38082191780821917,0.3432098765432099,0.7835607318735541,0.23281832441281541,0.23281832441281541,0.30778521139619924,0.04288717589348283,0.6191780821917808,278,612,13658,452,0.04074495525328415,464240,30.949333333333332,0.19753086419753085,0.059333333333333335,Hybrid_WithoutAnomaly
0.9364,0.6617734302253027,0.34986595174262736,0.35753424657534244,0.35365853658536583,0.7835607318735541,0.23281832441281541,0.23281832441281541,0.32023796376090624,0.03398738612473721,0.6424657534246575,261,485,13785,469,0.04074495525328415,478700,31.913333333333334,0.20500000000000002,0.04973333333333333,Hybrid_WithoutAnomaly
0.9364,0.6617734302253027,0.34986595174262736,0.35753424657534244,0.35365853658536583,0.7835607318735541,0.23281832441281541,0.23281832441281541,0.32023796376090624,0.03398738612473721,0.6424657534246575,261,485,13785,469,0.04074495525328415,478700,31.913333333333334,0.215,0.04973333333333333,Hybrid_WithoutAnomaly
0.9412,0.6519482389532596,0.3805031446540881,0.3315068493150685,0.35431918008784774,0.7835607318735541,0.23281832441281541,0.23281832441281541,0.32451354394850246,0.027610371408549404,0.6684931506849315,242,394,13876,488,0.04074495525328415,495880,33.05866666666667,0.225,0.0424,Hybrid_WithoutAnomaly
0.9412,0.6519482389532596,0.3805031446540881,0.3315068493150685,0.35431918008784774,0.7835607318735541,0.23281832441281541,0.23281832441281541,0.32451354394850246,0.027610371408549404,0.6684931506849315,242,394,13876,488,0.04074495525328415,495880,33.05866666666667,0.23500000000000001,0.0424,Hybrid_WithoutAnomaly
0.9412666666666667,0.6519832774956562,0.38110236220472443,0.3315068493150685,0.35457875457875465,0.7835607318735541,0.23281832441281541,0.23281832441281541,0.3248325491060975,0.027540294323756133,0.6684931506849315,242,393,13877,488,0.04074495525328415,495860,33.05733333333333,0.245,0.042333333333333334,Hybrid_WithoutAnomaly
0.9413333333333334,0.6520183160380528,0.38170347003154576,0.3315068493150685,0.3548387096774193,0.7835607318735541,0.23281832441281541,0.23281832441281541,0.3251522545499598,0.027470217238962858,0.6684931506849315,242,392,13878,488,0.04074495525328415,495840,33.056,0.255,0.04226666666666667,Hybrid_WithoutAnomaly
0.9412666666666667,0.6513333845312035,0.3807266982622433,0.33013698630136984,0.3536316947909024,0.7835607318735541,0.23281832441281541,0.23281832441281541,0.32393155548536295,0.027470217238962858,0.6698630136986301,241,392,13878,489,0.04074495525328415,496840,33.12266666666667,0.265,0.0422,Hybrid_WithoutAnomaly
0.9413333333333334,0.6513684230736001,0.3813291139240506,0.33013698630136984,0.35389133627019087,0.7835607318735541,0.23281832441281541,0.23281832441281541,0.3242515046374491,0.027400140154169587,0.6698630136986301,241,391,13879,489,0.04074495525328415,496820,33.12133333333333,0.275,0.042133333333333335,Hybrid_WithoutAnomaly
0.9413333333333334,0.6513684230736001,0.3813291139240506,0.33013698630136984,0.35389133627019087,0.7835607318735541,0.23281832441281541,0.23281832441281541,0.3242515046374491,0.027400140154169587,0.6698630136986301,241,391,13879,489,0.04074495525328415,496820,33.12133333333333,0.28500000000000003,0.042133333333333335,Hybrid_WithoutAnomaly
0.9413333333333334,0.6513684230736001,0.3813291139240506,0.33013698630136984,0.35389133627019087,0.7835607318735541,0.23281832441281541,0.23281832441281541,0.3242515046374491,0.027400140154169587,0.6698630136986301,241,391,13879,489,0.04074495525328415,496820,33.12133333333333,0.2898089171974522,0.042133333333333335,Hybrid_WithoutAnomaly
0.9489333333333333,0.5754259822791372,0.4338235294117647,0.16164383561643836,0.2355289421157685,0.7835607318735541,0.23281832441281541,0.23281832441281541,0.2432585127831815,0.01079187105816398,0.8383561643835616,118,154,14116,612,0.04074495525328415,615080,41.00533333333333,0.295,0.018133333333333335,Hybrid_WithoutAnomaly
0.9489333333333333,0.5754259822791372,0.4338235294117647,0.16164383561643836,0.2355289421157685,0.7835607318735541,0.23281832441281541,0.23281832441281541,0.2432585127831815,0.01079187105816398,0.8383561643835616,118,154,14116,612,0.04074495525328415,615080,41.00533333333333,0.305,0.018133333333333335,Hybrid_WithoutAnomaly
0.949,0.5754610208215338,0.4354243542435424,0.16164383561643836,0.23576423576423577,0.7835607318735541,0.23281832441281541,0.23281832441281541,0.24381185105535544,0.010721793973370707,0.8383561643835616,118,153,14117,612,0.04074495525328415,615060,41.004,0.315,0.01806666666666667,Hybrid_WithoutAnomaly
0.949,0.5754610208215338,0.4354243542435424,0.16164383561643836,0.23576423576423577,0.7835607318735541,0.23281832441281541,0.23281832441281541,0.24381185105535544,0.010721793973370707,0.8383561643835616,118,153,14117,612,0.04074495525328415,615060,41.004,0.325,0.01806666666666667,Hybrid_WithoutAnomaly
0.949,0.5754610208215338,0.4354243542435424,0.16164383561643836,0.23576423576423577,0.7835607318735541,0.23281832441281541,0.23281832441281541,0.24381185105535544,0.010721793973370707,0.8383561643835616,118,153,14117,612,0.04074495525328415,615060,41.004,0.335,0.01806666666666667,Hybrid_WithoutAnomaly
0.949,0.5754610208215338,0.4354243542435424,0.16164383561643836,0.23576423576423577,0.7835607318735541,0.23281832441281541,0.23281832441281541,0.24381185105535544,0.010721793973370707,0.8383561643835616,118,153,14117,612,0.04074495525328415,615060,41.004,0.34500000000000003,0.01806666666666667,Hybrid_WithoutAnomaly
0.949,0.5754610208215338,0.4354243542435424,0.16164383561643836,0.23576423576423577,0.7835607318735541,0.23281832441281541,0.23281832441281541,0.24381185105535544,0.010721793973370707,0.8383561643835616,118,153,14117,612,0.04074495525328415,615060,41.004,0.35500000000000004,0.01806666666666667,Hybrid_WithoutAnomaly
0.949,0.5754610208215338,0.4354243542435424,0.16164383561643836,0.23576423576423577,0.7835607318735541,0.23281832441281541,0.23281832441281541,0.24381185105535544,0.010721793973370707,0.8383561643835616,118,153,14117,612,0.04074495525328415,615060,41.004,0.365,0.01806666666666667,Hybrid_WithoutAnomaly
0.949,0.5754610208215338,0.4354243542435424,0.16164383561643836,0.23576423576423577,0.7835607318735541,0.23281832441281541,0.23281832441281541,0.24381185105535544,0.010721793973370707,0.8383561643835616,118,153,14117,612,0.04074495525328415,615060,41.004,0.375,0.01806666666666667,Hybrid_WithoutAnomaly
0.949,0.5754610208215338,0.4354243542435424,0.16164383561643836,0.23576423576423577,0.7835607318735541,0.23281832441281541,0.23281832441281541,0.24381185105535544,0.010721793973370707,0.8383561643835616,118,153,14117,612,0.04074495525328415,615060,41.004,0.385,0.01806666666666667,Hybrid_WithoutAnomaly
0.949,0.5754610208215338,0.4354243542435424,0.16164383561643836,0.23576423576423577,0.7835607318735541,0.23281832441281541,0.23281832441281541,0.24381185105535544,0.010721793973370707,0.8383561643835616,118,153,14117,612,0.04074495525328415,615060,41.004,0.39285714285714285,0.01806666666666667,Hybrid_WithoutAnomaly
0.9503333333333334,0.5176714248687254,0.39436619718309857,0.038356164383561646,0.06991260923845194,0.7835607318735541,0.23281832441281541,0.23281832441281541,0.11079762406557361,0.003013314646110722,0.9616438356164384,28,43,14227,702,0.04074495525328415,702860,46.85733333333334,0.395,0.004733333333333333,Hybrid_WithoutAnomaly
0.9507333333333333,0.5126825124074839,0.40816326530612246,0.0273972602739726,0.05134788189987163,0.7835607318735541,0.23281832441281541,0.23281832441281541,0.09564792380456996,0.0020322354590049056,0.9726027397260274,20,29,14241,710,0.04074495525328415,710580,47.372,0.405,0.003266666666666667,Hybrid_WithoutAnomaly
0.9512666666666667,0.4999649614576034,0.0,0.0,0.0,0.7835607318735541,0.23281832441281541,0.23281832441281541,-0.0018467933027203661,7.00770847932726e-05,1.0,0,1,14269,730,0.04074495525328415,730020,48.668,0.41500000000000004,6.666666666666667e-05,Hybrid_WithoutAnomaly
0.9512666666666667,0.4999649614576034,0.0,0.0,0.0,0.7835607318735541,0.23281832441281541,0.23281832441281541,-0.0018467933027203661,7.00770847932726e-05,1.0,0,1,14269,730,0.04074495525328415,730020,48.668,0.425,6.666666666666667e-05,Hybrid_WithoutAnomaly
0.9512666666666667,0.4999649614576034,0.0,0.0,0.0,0.7835607318735541,0.23281832441281541,0.23281832441281541,-0.0018467933027203661,7.00770847932726e-05,1.0,0,1,14269,730,0.04074495525328415,730020,48.668,0.435,6.666666666666667e-05,Hybrid_WithoutAnomaly
0.9512666666666667,0.4999649614576034,0.0,0.0,0.0,0.7835607318735541,0.23281832441281541,0.23281832441281541,-0.0018467933027203661,7.00770847932726e-05,1.0,0,1,14269,730,0.04074495525328415,730020,48.668,0.445,6.666666666666667e-05,Hybrid_WithoutAnomaly
0.9512666666666667,0.4999649614576034,0.0,0.0,0.0,0.7835607318735541,0.23281832441281541,0.23281832441281541,-0.0018467933027203661,7.00770847932726e-05,1.0,0,1,14269,730,0.04074495525328415,730020,48.668,0.455,6.666666666666667e-05,Hybrid_WithoutAnomaly
0.9512666666666667,0.4999649614576034,0.0,0.0,0.0,0.7835607318735541,0.23281832441281541,0.23281832441281541,-0.0018467933027203661,7.00770847932726e-05,1.0,0,1,14269,730,0.04074495525328415,730020,48.668,0.465,6.666666666666667e-05,Hybrid_WithoutAnomaly
0.9512666666666667,0.4999649614576034,0.0,0.0,0.0,0.7835607318735541,0.23281832441281541,0.23281832441281541,-0.0018467933027203661,7.00770847932726e-05,1.0,0,1,14269,730,0.04074495525328415,730020,48.668,0.47500000000000003,6.666666666666667e-05,Hybrid_WithoutAnomaly
0.9512666666666667,0.4999649614576034,0.0,0.0,0.0,0.7835607318735541,0.23281832441281541,0.23281832441281541,-0.0018467933027203661,7.00770847932726e-05,1.0,0,1,14269,730,0.04074495525328415,730020,48.668,0.485,6.666666666666667e-05,Hybrid_WithoutAnomaly
0.9512666666666667,0.4999649614576034,0.0,0.0,0.0,0.7835607318735541,0.23281832441281541,0.23281832441281541,-0.0018467933027203661,7.00770847932726e-05,1.0,0,1,14269,730,0.04074495525328415,730020,48.668,0.495,6.666666666666667e-05,Hybrid_WithoutAnomaly
0.9512666666666667,0.4999649614576034,0.0,0.0,0.0,0.7835607318735541,0.23281832441281541,0.23281832441281541,-0.0018467933027203661,7.00770847932726e-05,1.0,0,1,14269,730,0.04074495525328415,730020,48.668,0.505,6.666666666666667e-05,Hybrid_WithoutAnomaly
0.9512666666666667,0.4999649614576034,0.0,0.0,0.0,0.7835607318735541,0.23281832441281541,0.23281832441281541,-0.0018467933027203661,7.00770847932726e-05,1.0,0,1,14269,730,0.04074495525328415,730020,48.668,0.515,6.666666666666667e-05,Hybrid_WithoutAnomaly
0.9512666666666667,0.4999649614576034,0.0,0.0,0.0,0.7835607318735541,0.23281832441281541,0.23281832441281541,-0.0018467933027203661,7.00770847932726e-05,1.0,0,1,14269,730,0.04074495525328415,730020,48.668,0.525,6.666666666666667e-05,Hybrid_WithoutAnomaly
0.9512666666666667,0.4999649614576034,0.0,0.0,0.0,0.7835607318735541,0.23281832441281541,0.23281832441281541,-0.0018467933027203661,7.00770847932726e-05,1.0,0,1,14269,730,0.04074495525328415,730020,48.668,0.535,6.666666666666667e-05,Hybrid_WithoutAnomaly
0.9512666666666667,0.4999649614576034,0.0,0.0,0.0,0.7835607318735541,0.23281832441281541,0.23281832441281541,-0.0018467933027203661,7.00770847932726e-05,1.0,0,1,14269,730,0.04074495525328415,730020,48.668,0.545,6.666666666666667e-05,Hybrid_WithoutAnomaly
0.9512666666666667,0.4999649614576034,0.0,0.0,0.0,0.7835607318735541,0.23281832441281541,0.23281832441281541,-0.0018467933027203661,7.00770847932726e-05,1.0,0,1,14269,730,0.04074495525328415,730020,48.668,0.555,6.666666666666667e-05,Hybrid_WithoutAnomaly
0.9512666666666667,0.4999649614576034,0.0,0.0,0.0,0.7835607318735541,0.23281832441281541,0.23281832441281541,-0.0018467933027203661,7.00770847932726e-05,1.0,0,1,14269,730,0.04074495525328415,730020,48.668,0.5650000000000001,6.666666666666667e-05,Hybrid_WithoutAnomaly
0.9512666666666667,0.4999649614576034,0.0,0.0,0.0,0.7835607318735541,0.23281832441281541,0.23281832441281541,-0.0018467933027203661,7.00770847932726e-05,1.0,0,1,14269,730,0.04074495525328415,730020,48.668,0.5750000000000001,6.666666666666667e-05,Hybrid_WithoutAnomaly
0.9512666666666667,0.4999649614576034,0.0,0.0,0.0,0.7835607318735541,0.23281832441281541,0.23281832441281541,-0.0018467933027203661,7.00770847932726e-05,1.0,0,1,14269,730,0.04074495525328415,730020,48.668,0.585,6.666666666666667e-05,Hybrid_WithoutAnomaly
0.9512666666666667,0.4999649614576034,0.0,0.0,0.0,0.7835607318735541,0.23281832441281541,0.23281832441281541,-0.0018467933027203661,7.00770847932726e-05,1.0,0,1,14269,730,0.04074495525328415,730020,48.668,0.595,6.666666666666667e-05,Hybrid_WithoutAnomaly
0.9512666666666667,0.4999649614576034,0.0,0.0,0.0,0.7835607318735541,0.23281832441281541,0.23281832441281541,-0.0018467933027203661,7.00770847932726e-05,1.0,0,1,14269,730,0.04074495525328415,730020,48.668,0.605,6.666666666666667e-05,Hybrid_WithoutAnomaly
0.9512666666666667,0.4999649614576034,0.0,0.0,0.0,0.7835607318735541,0.23281832441281541,0.23281832441281541,-0.0018467933027203661,7.00770847932726e-05,1.0,0,1,14269,730,0.04074495525328415,730020,48.668,0.615,6.666666666666667e-05,Hybrid_WithoutAnomaly
0.9512666666666667,0.4999649614576034,0.0,0.0,0.0,0.7835607318735541,0.23281832441281541,0.23281832441281541,-0.0018467933027203661,7.00770847932726e-05,1.0,0,1,14269,730,0.04074495525328415,730020,48.668,0.625,6.666666666666667e-05,Hybrid_WithoutAnomaly
0.9512666666666667,0.4999649614576034,0.0,0.0,0.0,0.7835607318735541,0.23281832441281541,0.23281832441281541,-0.0018467933027203661,7.00770847932726e-05,1.0,0,1,14269,730,0.04074495525328415,730020,48.668,0.635,6.666666666666667e-05,Hybrid_WithoutAnomaly
0.9512666666666667,0.4999649614576034,0.0,0.0,0.0,0.7835607318735541,0.23281832441281541,0.23281832441281541,-0.0018467933027203661,7.00770847932726e-05,1.0,0,1,14269,730,0.04074495525328415,730020,48.668,0.645,6.666666666666667e-05,Hybrid_WithoutAnomaly
0.9512666666666667,0.4999649614576034,0.0,0.0,0.0,0.7835607318735541,0.23281832441281541,0.23281832441281541,-0.0018467933027203661,7.00770847932726e-05,1.0,0,1,14269,730,0.04074495525328415,730020,48.668,0.655,6.666666666666667e-05,Hybrid_WithoutAnomaly
0.9512666666666667,0.4999649614576034,0.0,0.0,0.0,0.7835607318735541,0.23281832441281541,0.23281832441281541,-0.0018467933027203661,7.00770847932726e-05,1.0,0,1,14269,730,0.04074495525328415,730020,48.668,0.665,6.666666666666667e-05,Hybrid_WithoutAnomaly
0.9512666666666667,0.4999649614576034,0.0,0.0,0.0,0.7835607318735541,0.23281832441281541,0.23281832441281541,-0.0018467933027203661,7.00770847932726e-05,1.0,0,1,14269,730,0.04074495525328415,730020,48.668,0.6666666666666666,6.666666666666667e-05,Hybrid_WithoutAnomaly
0.9513333333333334,0.5,0.0,0.0,0.0,0.7835607318735541,0.23281832441281541,0.23281832441281541,0.0,0.0,1.0,0,0,14270,730,0.04074495525328415,730000,48.666666666666664,0.675,0.0,Hybrid_WithoutAnomaly
0.9513333333333334,0.5,0.0,0.0,0.0,0.7835607318735541,0.23281832441281541,0.23281832441281541,0.0,0.0,1.0,0,0,14270,730,0.04074495525328415,730000,48.666666666666664,0.685,0.0,Hybrid_WithoutAnomaly
0.9513333333333334,0.5,0.0,0.0,0.0,0.7835607318735541,0.23281832441281541,0.23281832441281541,0.0,0.0,1.0,0,0,14270,730,0.04074495525328415,730000,48.666666666666664,0.6950000000000001,0.0,Hybrid_WithoutAnomaly
0.9513333333333334,0.5,0.0,0.0,0.0,0.7835607318735541,0.23281832441281541,0.23281832441281541,0.0,0.0,1.0,0,0,14270,730,0.04074495525328415,730000,48.666666666666664,0.7050000000000001,0.0,Hybrid_WithoutAnomaly
0.9513333333333334,0.5,0.0,0.0,0.0,0.7835607318735541,0.23281832441281541,0.23281832441281541,0.0,0.0,1.0,0,0,14270,730,0.04074495525328415,730000,48.666666666666664,0.715,0.0,Hybrid_WithoutAnomaly
0.9513333333333334,0.5,0.0,0.0,0.0,0.7835607318735541,0.23281832441281541,0.23281832441281541,0.0,0.0,1.0,0,0,14270,730,0.04074495525328415,730000,48.666666666666664,0.725,0.0,Hybrid_WithoutAnomaly
0.9513333333333334,0.5,0.0,0.0,0.0,0.7835607318735541,0.23281832441281541,0.23281832441281541,0.0,0.0,1.0,0,0,14270,730,0.04074495525328415,730000,48.666666666666664,0.735,0.0,Hybrid_WithoutAnomaly
0.9513333333333334,0.5,0.0,0.0,0.0,0.7835607318735541,0.23281832441281541,0.23281832441281541,0.0,0.0,1.0,0,0,14270,730,0.04074495525328415,730000,48.666666666666664,0.745,0.0,Hybrid_WithoutAnomaly
0.9513333333333334,0.5,0.0,0.0,0.0,0.7835607318735541,0.23281832441281541,0.23281832441281541,0.0,0.0,1.0,0,0,14270,730,0.04074495525328415,730000,48.666666666666664,0.755,0.0,Hybrid_WithoutAnomaly
0.9513333333333334,0.5,0.0,0.0,0.0,0.7835607318735541,0.23281832441281541,0.23281832441281541,0.0,0.0,1.0,0,0,14270,730,0.04074495525328415,730000,48.666666666666664,0.765,0.0,Hybrid_WithoutAnomaly
0.9513333333333334,0.5,0.0,0.0,0.0,0.7835607318735541,0.23281832441281541,0.23281832441281541,0.0,0.0,1.0,0,0,14270,730,0.04074495525328415,730000,48.666666666666664,0.775,0.0,Hybrid_WithoutAnomaly
0.9513333333333334,0.5,0.0,0.0,0.0,0.7835607318735541,0.23281832441281541,0.23281832441281541,0.0,0.0,1.0,0,0,14270,730,0.04074495525328415,730000,48.666666666666664,0.785,0.0,Hybrid_WithoutAnomaly
0.9513333333333334,0.5,0.0,0.0,0.0,0.7835607318735541,0.23281832441281541,0.23281832441281541,0.0,0.0,1.0,0,0,14270,730,0.04074495525328415,730000,48.666666666666664,0.795,0.0,Hybrid_WithoutAnomaly
0.9513333333333334,0.5,0.0,0.0,0.0,0.7835607318735541,0.23281832441281541,0.23281832441281541,0.0,0.0,1.0,0,0,14270,730,0.04074495525328415,730000,48.666666666666664,0.805,0.0,Hybrid_WithoutAnomaly
0.9513333333333334,0.5,0.0,0.0,0.0,0.7835607318735541,0.23281832441281541,0.23281832441281541,0.0,0.0,1.0,0,0,14270,730,0.04074495525328415,730000,48.666666666666664,0.8150000000000001,0.0,Hybrid_WithoutAnomaly
0.9513333333333334,0.5,0.0,0.0,0.0,0.7835607318735541,0.23281832441281541,0.23281832441281541,0.0,0.0,1.0,0,0,14270,730,0.04074495525328415,730000,48.666666666666664,0.8250000000000001,0.0,Hybrid_WithoutAnomaly
0.9513333333333334,0.5,0.0,0.0,0.0,0.7835607318735541,0.23281832441281541,0.23281832441281541,0.0,0.0,1.0,0,0,14270,730,0.04074495525328415,730000,48.666666666666664,0.8350000000000001,0.0,Hybrid_WithoutAnomaly
0.9513333333333334,0.5,0.0,0.0,0.0,0.7835607318735541,0.23281832441281541,0.23281832441281541,0.0,0.0,1.0,0,0,14270,730,0.04074495525328415,730000,48.666666666666664,0.845,0.0,Hybrid_WithoutAnomaly
0.9513333333333334,0.5,0.0,0.0,0.0,0.7835607318735541,0.23281832441281541,0.23281832441281541,0.0,0.0,1.0,0,0,14270,730,0.04074495525328415,730000,48.666666666666664,0.855,0.0,Hybrid_WithoutAnomaly
0.9513333333333334,0.5,0.0,0.0,0.0,0.7835607318735541,0.23281832441281541,0.23281832441281541,0.0,0.0,1.0,0,0,14270,730,0.04074495525328415,730000,48.666666666666664,0.865,0.0,Hybrid_WithoutAnomaly
0.9513333333333334,0.5,0.0,0.0,0.0,0.7835607318735541,0.23281832441281541,0.23281832441281541,0.0,0.0,1.0,0,0,14270,730,0.04074495525328415,730000,48.666666666666664,0.875,0.0,Hybrid_WithoutAnomaly
0.9513333333333334,0.5,0.0,0.0,0.0,0.7835607318735541,0.23281832441281541,0.23281832441281541,0.0,0.0,1.0,0,0,14270,730,0.04074495525328415,730000,48.666666666666664,0.885,0.0,Hybrid_WithoutAnomaly
0.9513333333333334,0.5,0.0,0.0,0.0,0.7835607318735541,0.23281832441281541,0.23281832441281541,0.0,0.0,1.0,0,0,14270,730,0.04074495525328415,730000,48.666666666666664,0.895,0.0,Hybrid_WithoutAnomaly
0.9513333333333334,0.5,0.0,0.0,0.0,0.7835607318735541,0.23281832441281541,0.23281832441281541,0.0,0.0,1.0,0,0,14270,730,0.04074495525328415,730000,48.666666666666664,0.905,0.0,Hybrid_WithoutAnomaly
0.9513333333333334,0.5,0.0,0.0,0.0,0.7835607318735541,0.23281832441281541,0.23281832441281541,0.0,0.0,1.0,0,0,14270,730,0.04074495525328415,730000,48.666666666666664,0.915,0.0,Hybrid_WithoutAnomaly
0.9513333333333334,0.5,0.0,0.0,0.0,0.7835607318735541,0.23281832441281541,0.23281832441281541,0.0,0.0,1.0,0,0,14270,730,0.04074495525328415,730000,48.666666666666664,0.925,0.0,Hybrid_WithoutAnomaly
0.9513333333333334,0.5,0.0,0.0,0.0,0.7835607318735541,0.23281832441281541,0.23281832441281541,0.0,0.0,1.0,0,0,14270,730,0.04074495525328415,730000,48.666666666666664,0.935,0.0,Hybrid_WithoutAnomaly
0.9513333333333334,0.5,0.0,0.0,0.0,0.7835607318735541,0.23281832441281541,0.23281832441281541,0.0,0.0,1.0,0,0,14270,730,0.04074495525328415,730000,48.666666666666664,0.9450000000000001,0.0,Hybrid_WithoutAnomaly
0.9513333333333334,0.5,0.0,0.0,0.0,0.7835607318735541,0.23281832441281541,0.23281832441281541,0.0,0.0,1.0,0,0,14270,730,0.04074495525328415,730000,48.666666666666664,0.9550000000000001,0.0,Hybrid_WithoutAnomaly
0.9513333333333334,0.5,0.0,0.0,0.0,0.7835607318735541,0.23281832441281541,0.23281832441281541,0.0,0.0,1.0,0,0,14270,730,0.04074495525328415,730000,48.666666666666664,0.965,0.0,Hybrid_WithoutAnomaly
0.9513333333333334,0.5,0.0,0.0,0.0,0.7835607318735541,0.23281832441281541,0.23281832441281541,0.0,0.0,1.0,0,0,14270,730,0.04074495525328415,730000,48.666666666666664,0.975,0.0,Hybrid_WithoutAnomaly
0.9513333333333334,0.5,0.0,0.0,0.0,0.7835607318735541,0.23281832441281541,0.23281832441281541,0.0,0.0,1.0,0,0,14270,730,0.04074495525328415,730000,48.666666666666664,0.985,0.0,Hybrid_WithoutAnomaly
0.9513333333333334,0.5,0.0,0.0,0.0,0.7835607318735541,0.23281832441281541,0.23281832441281541,0.0,0.0,1.0,0,0,14270,730,0.04074495525328415,730000,48.666666666666664,0.995,0.0,Hybrid_WithoutAnomaly
0.9513333333333334,0.5,0.0,0.0,0.0,0.7835607318735541,0.23281832441281541,0.23281832441281541,0.0,0.0,1.0,0,0,14270,730,0.04074495525328415,730000,48.666666666666664,1.000001,0.0,Hybrid_WithoutAnomaly
0.048666666666666664,0.5,0.048666666666666664,1.0,0.09281627463445645,0.7840612550517899,0.23453608170763415,0.23453608170763415,0.0,1.0,0.0,730,14270,0,0,0.040839677793807656,285400,19.026666666666667,0.0,1.0,Hybrid_WithoutGraph
0.051533333333333334,0.5015066573230553,0.04880657885939694,1.0,0.09307069548033403,0.7840612550517899,0.23453608170763415,0.23453608170763415,0.01212722469914608,0.9969866853538892,0.0,730,14227,43,0,0.040839677793807656,284540,18.969333333333335,0.005,0.9971333333333333,Hybrid_WithoutGraph
0.051533333333333334,0.5015066573230553,0.04880657885939694,1.0,0.09307069548033403,0.7840612550517899,0.23453608170763415,0.23453608170763415,0.01212722469914608,0.9969866853538892,0.0,730,14227,43,0,0.040839677793807656,284540,18.969333333333335,0.009156311314584695,0.9971333333333333,Hybrid_WithoutGraph
0.1498,0.5408055024910964,0.0528821123094087,0.9739726027397261,0.10031746031746033,0.7840612550517899,0.23453608170763415,0.23453608170763415,0.057607170252396374,0.8923615977575333,0.026027397260273973,711,12734,1536,19,0.040839677793807656,273680,18.245333333333335,0.012618296529968454,0.8963333333333333,Hybrid_WithoutGraph
0.17053333333333334,0.5504027032475449,0.053998476770754,0.9712328767123287,0.1023088023088023,0.7840612550517899,0.23453608170763415,0.23453608170763415,0.06566048337253627,0.870427470217239,0.028767123287671233,709,12421,1849,21,0.040839677793807656,269420,17.961333333333332,0.015,0.8753333333333333,Hybrid_WithoutGraph
0.17053333333333334,0.5504027032475449,0.053998476770754,0.9712328767123287,0.1023088023088023,0.7840612550517899,0.23453608170763415,0.23453608170763415,0.06566048337253627,0.870427470217239,0.028767123287671233,709,12421,1849,21,0.040839677793807656,269420,17.961333333333332,0.017699115044247787,0.8753333333333333,Hybrid_WithoutGraph
0.18233333333333332,0.5546548463583915,0.05453000695141732,0.9671232876712329,0.10323901440374351,0.7840612550517899,0.23453608170763415,0.23453608170763415,0.06843102440395286,0.8578135949544499,0.03287671232876712,706,12241,2029,24,0.040839677793807656,268820,17.921333333333333,0.018867924528301886,0.8631333333333333,Hybrid_WithoutGraph
0.1858,0.5564768505630165,0.05474990306320279,0.9671232876712329,0.1036330275229358,0.7840612550517899,0.23453608170763415,0.23453608170763415,0.06997407387952355,0.8541695865451997,0.03287671232876712,706,12189,2081,24,0.040839677793807656,267780,17.852,0.01921229586935639,0.8596666666666667,Hybrid_WithoutGraph
0.3784,0.627158230217623,0.06648506860371267,0.9027397260273973,0.12384890058259727,0.7840612550517899,0.23453608170763415,0.23453608170763415,0.1155829272159313,0.6484232655921514,0.09726027397260274,659,9253,5017,71,0.040839677793807656,256060,17.070666666666668,0.02,0.6608,Hybrid_WithoutGraph
0.4580666666666667,0.651482178341381,0.07295394205240678,0.8657534246575342,0.13456829553923133,0.7840612550517899,0.23453608170763415,0.23453608170763415,0.1319741711824007,0.5627890679747722,0.13424657534246576,632,8031,6239,98,0.040839677793807656,258620,17.241333333333333,0.024390243902439025,0.5775333333333333,Hybrid_WithoutGraph
0.4630666666666667,0.6528102830922233,0.0733923578751165,0.863013698630137,0.13528022331973374,0.7840612550517899,0.23453608170763415,0.23453608170763415,0.1329165194880198,0.5573931324456902,0.136986301369863,630,7954,6316,100,0.040839677793807656,259080,17.272,0.024922118380062305,0.5722666666666667,Hybrid_WithoutGraph
0.5645333333333333,0.6820929049351547,0.08485975958786492,0.8123287671232877,0.15366675304483027,0.7840612550517899,0.23453608170763415,0.23453608170763415,0.1570903538997577,0.44814295725297826,0.18767123287671234,593,6395,7875,137,0.040839677793807656,264900,17.66,0.025,0.46586666666666665,Hybrid_WithoutGraph
0.5645333333333333,0.6820929049351547,0.08485975958786492,0.8123287671232877,0.15366675304483027,0.7840612550517899,0.23453608170763415,0.23453608170763415,0.1570903538997577,0.44814295725297826,0.18767123287671234,593,6395,7875,137,0.040839677793807656,264900,17.66,0.02830188679245283,0.46586666666666665,Hybrid_WithoutGraph
0.5851333333333333,0.6851210989622831,0.08730277986476334,0.7958904109589041,0.15734597156398106,0.7840612550517899,0.23453608170763415,0.23453608170763415,0.16035116946545064,0.42564821303433775,0.20410958904109588,581,6074,8196,149,0.040839677793807656,270480,18.032,0.0311284046692607,0.44366666666666665,Hybrid_WithoutGraph
0.6335333333333333,0.6969113284887348,0.09512485136741974,0.7671232876712328,0.16926099440834216,0.7840612550517899,0.23453608170763415,0.23453608170763415,0.17353872864250672,0.3733006306937631,0.2328767123287671,560,5327,8943,170,0.040839677793807656,276540,18.436,0.03225806451612903,0.3924666666666667,Hybrid_WithoutGraph
0.7582,0.7162910022943045,0.1261935483870968,0.6698630136986301,0.21237785016286645,0.7840612550517899,0.23453608170763415,0.23453608170763415,0.21264540480654795,0.23728100911002104,0.33013698630136984,489,3386,10884,241,0.040839677793807656,308720,20.581333333333333,0.034999999999999996,0.25833333333333336,Hybrid_WithoutGraph
0.7642666666666666,0.7162300448301351,0.1282458929517753,0.663013698630137,0.21492007104795738,0.7840612550517899,0.23453608170763415,0.23453608170763415,0.21444009145951315,0.23055360896986685,0.336986301369863,484,3290,10980,246,0.040839677793807656,311800,20.786666666666665,0.045,0.2516,Hybrid_WithoutGraph
0.7642666666666666,0.7162300448301351,0.1282458929517753,0.663013698630137,0.21492007104795738,0.7840612550517899,0.23453608170763415,0.23453608170763415,0.21444009145951315,0.23055360896986685,0.336986301369863,484,3290,10980,246,0.040839677793807656,311800,20.786666666666665,0.047619047619047616,0.2516,Hybrid_WithoutGraph
0.7655333333333333,0.7149460982423131,0.12830088023472927,0.6589041095890411,0.21478008484036615,0.7840612550517899,0.23453608170763415,0.23453608170763415,0.2136385864743171,0.22901191310441485,0.3410958904109589,481,3268,11002,249,0.040839677793807656,314360,20.957333333333334,0.053156146179401995,0.24993333333333334,Hybrid_WithoutGraph
0.7832666666666667,0.7177674208752916,0.13600924054288188,0.6452054794520548,0.2246601478654901,0.7840612550517899,0.23453608170763415,0.23453608170763415,0.22239428759091787,0.20967063770147162,0.3547945205479452,471,2992,11278,259,0.040839677793807656,318840,21.256,0.055,0.23086666666666666,Hybrid_WithoutGraph
0.7832666666666667,0.7177674208752916,0.13600924054288188,0.6452054794520548,0.2246601478654901,0.7840612550517899,0.23453608170763415,0.23453608170763415,0.22239428759091787,0.20967063770147162,0.3547945205479452,471,2992,11278,259,0.040839677793807656,318840,21.256,0.05531914893617021,0.23086666666666666,Hybrid_WithoutGraph
0.7976,0.722051242668305,0.1439159975293391,0.6383561643835617,0.2348790322580645,0.7840612550517899,0.23453608170763415,0.23453608170763415,0.23226170537234803,0.19425367904695165,0.36164383561643837,466,2772,11498,264,0.040839677793807656,319440,21.296,0.05575539568345324,0.21586666666666668,Hybrid_WithoutGraph
0.8324666666666667,0.7215295043726181,0.16447120812946933,0.5986301369863014,0.2580454679657514,0.7840612550517899,0.23453608170763415,0.23453608170763415,0.24970592445964887,0.15557112824106517,0.40136986301369865,437,2220,12050,293,0.040839677793807656,337400,22.493333333333332,0.05653710247349823,0.17713333333333334,Hybrid_WithoutGraph
0.8500666666666666,0.7184317132407292,0.17749469214437366,0.5726027397260274,0.2709886547811993,0.7840612550517899,0.23453608170763415,0.23453608170763415,0.25838317577651126,0.13573931324456903,0.4273972602739726,418,1937,12333,312,0.040839677793807656,350740,23.382666666666665,0.065,0.157,Hybrid_WithoutGraph
0.8501333333333333,0.7184667517831258,0.17757009345794392,0.5726027397260274,0.2710765239948119,0.7840612550517899,0.23453608170763415,0.23453608170763415,0.2584692876052235,0.13566923615977575,0.4273972602739726,418,1936,12334,312,0.040839677793807656,350720,23.381333333333334,0.07500000000000001,0.15693333333333334,Hybrid_WithoutGraph
0.8501333333333333,0.7184667517831258,0.17757009345794392,0.5726027397260274,0.2710765239948119,0.7840612550517899,0.23453608170763415,0.23453608170763415,0.2584692876052235,0.13566923615977575,0.4273972602739726,418,1936,12334,312,0.040839677793807656,350720,23.381333333333334,0.07563025210084033,0.15693333333333334,Hybrid_WithoutGraph
0.8660666666666667,0.716442675984679,0.19299087854056649,0.5506849315068493,0.2858158549591184,0.7840612550517899,0.23453608170763415,0.23453608170763415,0.2693523954275934,0.11779957953749123,0.44931506849315067,402,1681,12589,328,0.040839677793807656,361620,24.108,0.08333333333333333,0.13886666666666667,Hybrid_WithoutGraph
0.8680666666666667,0.7142443674343147,0.1943220753793441,0.5438356164383562,0.286332491886044,0.7840612550517899,0.23453608170763415,0.23453608170763415,0.26879823491407945,0.1153468815697267,0.45616438356164385,397,1646,12624,333,0.040839677793807656,365920,24.394666666666666,0.085,0.1362,Hybrid_WithoutGraph
0.8681333333333333,0.7142794059767115,0.19441723800195887,0.5438356164383562,0.28643578643578643,0.7840612550517899,0.23453608170763415,0.23453608170763415,0.26889763921648435,0.11527680448493342,0.45616438356164385,397,1645,12625,333,0.040839677793807656,365900,24.393333333333334,0.08695652173913043,0.13613333333333333,Hybrid_WithoutGraph
0.8811333333333333,0.7087639554194545,0.208955223880597,0.5178082191780822,0.2977550216620717,0.7840612550517899,0.23453608170763415,0.23453608170763415,0.275867656435678,0.10028030833917309,0.4821917808219178,378,1431,12839,352,0.040839677793807656,380620,25.374666666666666,0.0872093023255814,0.1206,Hybrid_WithoutGraph
0.9004,0.7000431982029547,0.2387140902872777,0.4780821917808219,0.31843065693430656,0.7840612550517899,0.23453608170763415,0.23453608170763415,0.290252694646945,0.0779957953749124,0.5219178082191781,349,1113,13157,381,0.040839677793807656,403260,26.884,0.095,0.09746666666666666,Hybrid_WithoutGraph
0.9004,0.7000431982029547,0.2387140902872777,0.4780821917808219,0.31843065693430656,0.7840612550517899,0.23453608170763415,0.23453608170763415,0.290252694646945,0.0779957953749124,0.5219178082191781,349,1113,13157,381,0.040839677793807656,403260,26.884,0.10500000000000001,0.09746666666666666,Hybrid_WithoutGraph
0.9004,0.7000431982029547,0.2387140902872777,0.4780821917808219,0.31843065693430656,0.7840612550517899,0.23453608170763415,0.23453608170763415,0.290252694646945,0.0779957953749124,0.5219178082191781,349,1113,13157,381,0.040839677793807656,403260,26.884,0.115,0.09746666666666666,Hybrid_WithoutGraph
0.9004,0.7000431982029547,0.2387140902872777,0.4780821917808219,0.31843065693430656,0.7840612550517899,0.23453608170763415,0.23453608170763415,0.290252694646945,0.0779957953749124,0.5219178082191781,349,1113,13157,381,0.040839677793807656,403260,26.884,0.125,0.09746666666666666,Hybrid_WithoutGraph
0.9004,0.7000431982029547,0.2387140902872777,0.4780821917808219,0.31843065693430656,0.7840612550517899,0.23453608170763415,0.23453608170763415,0.290252694646945,0.0779957953749124,0.5219178082191781,349,1113,13157,381,0.040839677793807656,403260,26.884,0.135,0.09746666666666666,Hybrid_WithoutGraph
0.9004,0.7000431982029547,0.2387140902872777,0.4780821917808219,0.31843065693430656,0.7840612550517899,0.23453608170763415,0.23453608170763415,0.290252694646945,0.0779957953749124,0.5219178082191781,349,1113,13157,381,0.040839677793807656,403260,26.884,0.14500000000000002,0.09746666666666666,Hybrid_WithoutGraph
0.9004,0.7000431982029547,0.2387140902872777,0.4780821917808219,0.31843065693430656,0.7840612550517899,0.23453608170763415,0.23453608170763415,0.290252694646945,0.0779957953749124,0.5219178082191781,349,1113,13157,381,0.040839677793807656,403260,26.884,0.15,0.09746666666666666,Hybrid_WithoutGraph
0.9276,0.6720958808113583,0.30735930735930733,0.38904109589041097,0.343409915356711,0.7840612550517899,0.23453608170763415,0.23453608170763415,0.30803372874816265,0.04484933426769446,0.6109589041095891,284,640,13630,446,0.040839677793807656,458800,30.586666666666666,0.155,0.0616,Hybrid_WithoutGraph
0.9276666666666666,0.6721309193537549,0.3076923076923077,0.38904109589041097,0.34361766485178463,0.7840612550517899,0.23453608170763415,0.23453608170763415,0.30825234901852844,0.04477925718290119,0.6109589041095891,284,639,13631,446,0.040839677793807656,458780,30.585333333333335,0.165,0.061533333333333336,Hybrid_WithoutGraph
0.9277333333333333,0.6721659578961515,0.3080260303687636,0.38904109589041097,0.3438256658595642,0.7840612550517899,0.23453608170763415,0.23453608170763415,0.3084712934894182,0.04470918009810792,0.6109589041095891,284,638,13632,446,0.040839677793807656,458760,30.584,0.17500000000000002,0.06146666666666667,Hybrid_WithoutGraph
0.9297333333333333,0.6673680774879766,0.3146453089244851,0.3767123287671233,0.34289276807980046,0.7840612550517899,0.23453608170763415,0.23453608170763415,0.3074756459401028,0.04197617379117029,0.6232876712328768,275,599,13671,455,0.040839677793807656,466980,31.132,0.185,0.05826666666666667,Hybrid_WithoutGraph
0.9355333333333333,0.6593682502807883,0.3426294820717131,0.35342465753424657,0.34794335805799054,0.7840612550517899,0.23453608170763415,0.23453608170763415,0.314084147034914,0.034688156972669935,0.6465753424657534,258,495,13775,472,0.040839677793807656,481900,32.126666666666665,0.195,0.0502,Hybrid_WithoutGraph
0.9356666666666666,0.6594383273655816,0.34354194407456723,0.35342465753424657,0.34841323430114784,0.7840612550517899,0.23453608170763415,0.23453608170763415,0.314618300068463,0.03454800280308339,0.6465753424657534,258,493,13777,472,0.040839677793807656,481860,32.124,0.2,0.05006666666666667,Hybrid_WithoutGraph
0.9364,0.6598237513319446,0.34864864864864864,0.35342465753424657,0.3510204081632653,0.7840612550517899,0.23453608170763415,0.23453608170763415,0.3175916749594453,0.033777154870357394,0.6465753424657534,258,482,13788,472,0.040839677793807656,481640,32.10933333333333,0.20500000000000002,0.04933333333333333,Hybrid_WithoutGraph
0.9402,0.6520725537817627,0.3721286370597244,0.33287671232876714,0.35140997830802606,0.7840612550517899,0.23453608170763415,0.23453608170763415,0.32071340424238143,0.028731604765241767,0.6671232876712329,243,410,13860,487,0.040839677793807656,495200,33.013333333333335,0.215,0.043533333333333334,Hybrid_WithoutGraph
0.9402,0.6520725537817627,0.3721286370597244,0.33287671232876714,0.35140997830802606,0.7840612550517899,0.23453608170763415,0.23453608170763415,0.32071340424238143,0.028731604765241767,0.6671232876712329,243,410,13860,487,0.040839677793807656,495200,33.013333333333335,0.225,0.043533333333333334,Hybrid_WithoutGraph
0.9402,0.6520725537817627,0.3721286370597244,0.33287671232876714,0.35140997830802606,0.7840612550517899,0.23453608170763415,0.23453608170763415,0.32071340424238143,0.028731604765241767,0.6671232876712329,243,410,13860,487,0.040839677793807656,495200,33.013333333333335,0.23500000000000001,0.043533333333333334,Hybrid_WithoutGraph
0.9402,0.6520725537817627,0.3721286370597244,0.33287671232876714,0.35140997830802606,0.7840612550517899,0.23453608170763415,0.23453608170763415,0.32071340424238143,0.028731604765241767,0.6671232876712329,243,410,13860,487,0.040839677793807656,495200,33.013333333333335,0.245,0.043533333333333334,Hybrid_WithoutGraph
0.9402,0.6520725537817627,0.3721286370597244,0.33287671232876714,0.35140997830802606,0.7840612550517899,0.23453608170763415,0.23453608170763415,0.32071340424238143,0.028731604765241767,0.6671232876712329,243,410,13860,487,0.040839677793807656,495200,33.013333333333335,0.255,0.043533333333333334,Hybrid_WithoutGraph
0.9402,0.6520725537817627,0.3721286370597244,0.33287671232876714,0.35140997830802606,0.7840612550517899,0.23453608170763415,0.23453608170763415,0.32071340424238143,0.028731604765241767,0.6671232876712329,243,410,13860,487,0.040839677793807656,495200,33.013333333333335,0.265,0.043533333333333334,Hybrid_WithoutGraph
0.9419333333333333,0.6490841980973592,0.3853658536585366,0.32465753424657534,0.3524163568773234,0.7840612550517899,0.23453608170763415,0.23453608170763415,0.32355084243224375,0.026489138051857042,0.6753424657534246,237,378,13892,493,0.040839677793807656,500560,33.370666666666665,0.275,0.041,Hybrid_WithoutGraph
0.942,0.6491192366397558,0.38599348534201955,0.32465753424657534,0.35267857142857145,0.7840612550517899,0.23453608170763415,0.23453608170763415,0.32387906029116936,0.02641906096706377,0.6753424657534246,237,377,13893,493,0.040839677793807656,500540,33.36933333333333,0.28500000000000003,0.040933333333333335,Hybrid_WithoutGraph
0.9419333333333333,0.6484343051329065,0.38499184339314846,0.3232876712328767,0.351451973194341,0.7840612550517899,0.23453608170763415,0.23453608170763415,0.32264306670682075,0.02641906096706377,0.6767123287671233,236,377,13893,494,0.040839677793807656,501540,33.436,0.295,0.04086666666666667,Hybrid_WithoutGraph
0.9419333333333333,0.6484343051329065,0.38499184339314846,0.3232876712328767,0.351451973194341,0.7840612550517899,0.23453608170763415,0.23453608170763415,0.32264306670682075,0.02641906096706377,0.6767123287671233,236,377,13893,494,0.040839677793807656,501540,33.436,0.29577464788732394,0.04086666666666667,Hybrid_WithoutGraph
0.949,0.5787104856437972,0.4377224199288256,0.1684931506849315,0.24332344213649854,0.7840612550517899,0.23453608170763415,0.23453608170763415,0.24982948440655706,0.011072179397337071,0.8315068493150685,123,158,14112,607,0.040839677793807656,610160,40.67733333333333,0.305,0.018733333333333334,Hybrid_WithoutGraph
0.949,0.5787104856437972,0.4377224199288256,0.1684931506849315,0.24332344213649854,0.7840612550517899,0.23453608170763415,0.23453608170763415,0.24982948440655706,0.011072179397337071,0.8315068493150685,123,158,14112,607,0.040839677793807656,610160,40.67733333333333,0.315,0.018733333333333334,Hybrid_WithoutGraph
0.949,0.5787104856437972,0.4377224199288256,0.1684931506849315,0.24332344213649854,0.7840612550517899,0.23453608170763415,0.23453608170763415,0.24982948440655706,0.011072179397337071,0.8315068493150685,123,158,14112,607,0.040839677793807656,610160,40.67733333333333,0.325,0.018733333333333334,Hybrid_WithoutGraph
0.949,0.5787104856437972,0.4377224199288256,0.1684931506849315,0.24332344213649854,0.7840612550517899,0.23453608170763415,0.23453608170763415,0.24982948440655706,0.011072179397337071,0.8315068493150685,123,158,14112,607,0.040839677793807656,610160,40.67733333333333,0.335,0.018733333333333334,Hybrid_WithoutGraph
0.949,0.5787104856437972,0.4377224199288256,0.1684931506849315,0.24332344213649854,0.7840612550517899,0.23453608170763415,0.23453608170763415,0.24982948440655706,0.011072179397337071,0.8315068493150685,123,158,14112,607,0.040839677793807656,610160,40.67733333333333,0.34500000000000003,0.018733333333333334,Hybrid_WithoutGraph
0.949,0.5787104856437972,0.4377224199288256,0.1684931506849315,0.24332344213649854,0.7840612550517899,0.23453608170763415,0.23453608170763415,0.24982948440655706,0.011072179397337071,0.8315068493150685,123,158,14112,607,0.040839677793807656,610160,40.67733333333333,0.35500000000000004,0.018733333333333334,Hybrid_WithoutGraph
0.9498666666666666,0.5629186625836365,0.44954128440366975,0.13424657534246576,0.2067510548523207,0.7840612550517899,0.23453608170763415,0.23453608170763415,0.22624971930562082,0.008409250175192713,0.8657534246575342,98,120,14150,632,0.040839677793807656,634400,42.29333333333334,0.365,0.014533333333333334,Hybrid_WithoutGraph
0.9499333333333333,0.5629537011260332,0.45161290322580644,0.13424657534246576,0.20696937697993664,0.7840612550517899,0.23453608170763415,0.23453608170763415,0.22688904378920413,0.00833917309039944,0.8657534246575342,98,119,14151,632,0.040839677793807656,634380,42.292,0.375,0.014466666666666666,Hybrid_WithoutGraph
0.9499333333333333,0.5629537011260332,0.45161290322580644,0.13424657534246576,0.20696937697993664,0.7840612550517899,0.23453608170763415,0.23453608170763415,0.22688904378920413,0.00833917309039944,0.8657534246575342,98,119,14151,632,0.040839677793807656,634380,42.292,0.385,0.014466666666666666,Hybrid_WithoutGraph
0.9499333333333333,0.5629537011260332,0.45161290322580644,0.13424657534246576,0.20696937697993664,0.7840612550517899,0.23453608170763415,0.23453608170763415,0.22688904378920413,0.00833917309039944,0.8657534246575342,98,119,14151,632,0.040839677793807656,634380,42.292,0.39325842696629215,0.014466666666666666,Hybrid_WithoutGraph
0.9508666666666666,0.5166519472789932,0.4406779661016949,0.03561643835616438,0.0659062103929024,0.7840612550517899,0.23453608170763415,0.23453608170763415,0.1144860577001721,0.0023125437981779957,0.9643835616438357,26,33,14237,704,0.040839677793807656,704660,46.977333333333334,0.395,0.003933333333333333,Hybrid_WithoutGraph
0.9509333333333333,0.5004396617100728,0.125,0.0013698630136986301,0.0027100271002710027,0.7840612550517899,0.23453608170763415,0.23453608170763415,0.008194968277780549,0.0004905395935529082,0.9986301369863013,1,7,14263,729,0.040839677793807656,729140,48.60933333333333,0.405,0.0005333333333333334,Hybrid_WithoutGraph
0.9509333333333333,0.5004396617100728,0.125,0.0013698630136986301,0.0027100271002710027,0.7840612550517899,0.23453608170763415,0.23453608170763415,0.008194968277780549,0.0004905395935529082,0.9986301369863013,1,7,14263,729,0.040839677793807656,729140,48.60933333333333,0.41500000000000004,0.0005333333333333334,Hybrid_WithoutGraph
0.9509333333333333,0.5004396617100728,0.125,0.0013698630136986301,0.0027100271002710027,0.7840612550517899,0.23453608170763415,0.23453608170763415,0.008194968277780549,0.0004905395935529082,0.9986301369863013,1,7,14263,729,0.040839677793807656,729140,48.60933333333333,0.425,0.0005333333333333334,Hybrid_WithoutGraph
0.9509333333333333,0.5004396617100728,0.125,0.0013698630136986301,0.0027100271002710027,0.7840612550517899,0.23453608170763415,0.23453608170763415,0.008194968277780549,0.0004905395935529082,0.9986301369863013,1,7,14263,729,0.040839677793807656,729140,48.60933333333333,0.435,0.0005333333333333334,Hybrid_WithoutGraph
0.9509333333333333,0.5004396617100728,0.125,0.0013698630136986301,0.0027100271002710027,0.7840612550517899,0.23453608170763415,0.23453608170763415,0.008194968277780549,0.0004905395935529082,0.9986301369863013,1,7,14263,729,0.040839677793807656,729140,48.60933333333333,0.445,0.0005333333333333334,Hybrid_WithoutGraph
0.9509333333333333,0.5004396617100728,0.125,0.0013698630136986301,0.0027100271002710027,0.7840612550517899,0.23453608170763415,0.23453608170763415,0.008194968277780549,0.0004905395935529082,0.9986301369863013,1,7,14263,729,0.040839677793807656,729140,48.60933333333333,0.455,0.0005333333333333334,Hybrid_WithoutGraph
0.9509333333333333,0.5004396617100728,0.125,0.0013698630136986301,0.0027100271002710027,0.7840612550517899,0.23453608170763415,0.23453608170763415,0.008194968277780549,0.0004905395935529082,0.9986301369863013,1,7,14263,729,0.040839677793807656,729140,48.60933333333333,0.465,0.0005333333333333334,Hybrid_WithoutGraph
0.9509333333333333,0.5004396617100728,0.125,0.0013698630136986301,0.0027100271002710027,0.7840612550517899,0.23453608170763415,0.23453608170763415,0.008194968277780549,0.0004905395935529082,0.9986301369863013,1,7,14263,729,0.040839677793807656,729140,48.60933333333333,0.47500000000000003,0.0005333333333333334,Hybrid_WithoutGraph
0.9509333333333333,0.5004396617100728,0.125,0.0013698630136986301,0.0027100271002710027,0.7840612550517899,0.23453608170763415,0.23453608170763415,0.008194968277780549,0.0004905395935529082,0.9986301369863013,1,7,14263,729,0.040839677793807656,729140,48.60933333333333,0.485,0.0005333333333333334,Hybrid_WithoutGraph
0.9509333333333333,0.5004396617100728,0.125,0.0013698630136986301,0.0027100271002710027,0.7840612550517899,0.23453608170763415,0.23453608170763415,0.008194968277780549,0.0004905395935529082,0.9986301369863013,1,7,14263,729,0.040839677793807656,729140,48.60933333333333,0.495,0.0005333333333333334,Hybrid_WithoutGraph
0.9509333333333333,0.5004396617100728,0.125,0.0013698630136986301,0.0027100271002710027,0.7840612550517899,0.23453608170763415,0.23453608170763415,0.008194968277780549,0.0004905395935529082,0.9986301369863013,1,7,14263,729,0.040839677793807656,729140,48.60933333333333,0.505,0.0005333333333333334,Hybrid_WithoutGraph
0.9509333333333333,0.5004396617100728,0.125,0.0013698630136986301,0.0027100271002710027,0.7840612550517899,0.23453608170763415,0.23453608170763415,0.008194968277780549,0.0004905395935529082,0.9986301369863013,1,7,14263,729,0.040839677793807656,729140,48.60933333333333,0.515,0.0005333333333333334,Hybrid_WithoutGraph
0.9509333333333333,0.5004396617100728,0.125,0.0013698630136986301,0.0027100271002710027,0.7840612550517899,0.23453608170763415,0.23453608170763415,0.008194968277780549,0.0004905395935529082,0.9986301369863013,1,7,14263,729,0.040839677793807656,729140,48.60933333333333,0.525,0.0005333333333333334,Hybrid_WithoutGraph
0.951,0.5004747002524695,0.14285714285714285,0.0013698630136986301,0.0027137042062415195,0.7840612550517899,0.23453608170763415,0.23453608170763415,0.00945865934295553,0.0004204625087596356,0.9986301369863013,1,6,14264,729,0.040839677793807656,729120,48.608,0.535,0.00046666666666666666,Hybrid_WithoutGraph
0.951,0.5004747002524695,0.14285714285714285,0.0013698630136986301,0.0027137042062415195,0.7840612550517899,0.23453608170763415,0.23453608170763415,0.00945865934295553,0.0004204625087596356,0.9986301369863013,1,6,14264,729,0.040839677793807656,729120,48.608,0.545,0.00046666666666666666,Hybrid_WithoutGraph
0.951,0.5004747002524695,0.14285714285714285,0.0013698630136986301,0.0027137042062415195,0.7840612550517899,0.23453608170763415,0.23453608170763415,0.00945865934295553,0.0004204625087596356,0.9986301369863013,1,6,14264,729,0.040839677793807656,729120,48.608,0.555,0.00046666666666666666,Hybrid_WithoutGraph
0.951,0.5004747002524695,0.14285714285714285,0.0013698630136986301,0.0027137042062415195,0.7840612550517899,0.23453608170763415,0.23453608170763415,0.00945865934295553,0.0004204625087596356,0.9986301369863013,1,6,14264,729,0.040839677793807656,729120,48.608,0.5650000000000001,0.00046666666666666666,Hybrid_WithoutGraph
0.951,0.5004747002524695,0.14285714285714285,0.0013698630136986301,0.0027137042062415195,0.7840612550517899,0.23453608170763415,0.23453608170763415,0.00945865934295553,0.0004204625087596356,0.9986301369863013,1,6,14264,729,0.040839677793807656,729120,48.608,0.5750000000000001,0.00046666666666666666,Hybrid_WithoutGraph
0.951,0.5004747002524695,0.14285714285714285,0.0013698630136986301,0.0027137042062415195,0.7840612550517899,0.23453608170763415,0.23453608170763415,0.00945865934295553,0.0004204625087596356,0.9986301369863013,1,6,14264,729,0.040839677793807656,729120,48.608,0.585,0.00046666666666666666,Hybrid_WithoutGraph
0.951,0.5004747002524695,0.14285714285714285,0.0013698630136986301,0.0027137042062415195,0.7840612550517899,0.23453608170763415,0.23453608170763415,0.00945865934295553,0.0004204625087596356,0.9986301369863013,1,6,14264,729,0.040839677793807656,729120,48.608,0.595,0.00046666666666666666,Hybrid_WithoutGraph
0.951,0.5004747002524695,0.14285714285714285,0.0013698630136986301,0.0027137042062415195,0.7840612550517899,0.23453608170763415,0.23453608170763415,0.00945865934295553,0.0004204625087596356,0.9986301369863013,1,6,14264,729,0.040839677793807656,729120,48.608,0.605,0.00046666666666666666,Hybrid_WithoutGraph
0.951,0.5004747002524695,0.14285714285714285,0.0013698630136986301,0.0027137042062415195,0.7840612550517899,0.23453608170763415,0.23453608170763415,0.00945865934295553,0.0004204625087596356,0.9986301369863013,1,6,14264,729,0.040839677793807656,729120,48.608,0.615,0.00046666666666666666,Hybrid_WithoutGraph
0.951,0.5004747002524695,0.14285714285714285,0.0013698630136986301,0.0027137042062415195,0.7840612550517899,0.23453608170763415,0.23453608170763415,0.00945865934295553,0.0004204625087596356,0.9986301369863013,1,6,14264,729,0.040839677793807656,729120,48.608,0.625,0.00046666666666666666,Hybrid_WithoutGraph
0.951,0.5004747002524695,0.14285714285714285,0.0013698630136986301,0.0027137042062415195,0.7840612550517899,0.23453608170763415,0.23453608170763415,0.00945865934295553,0.0004204625087596356,0.9986301369863013,1,6,14264,729,0.040839677793807656,729120,48.608,0.635,0.00046666666666666666,Hybrid_WithoutGraph
0.951,0.5004747002524695,0.14285714285714285,0.0013698630136986301,0.0027137042062415195,0.7840612550517899,0.23453608170763415,0.23453608170763415,0.00945865934295553,0.0004204625087596356,0.9986301369863013,1,6,14264,729,0.040839677793807656,729120,48.608,0.645,0.00046666666666666666,Hybrid_WithoutGraph
0.951,0.5004747002524695,0.14285714285714285,0.0013698630136986301,0.0027137042062415195,0.7840612550517899,0.23453608170763415,0.23453608170763415,0.00945865934295553,0.0004204625087596356,0.9986301369863013,1,6,14264,729,0.040839677793807656,729120,48.608,0.655,0.00046666666666666666,Hybrid_WithoutGraph
0.951,0.5004747002524695,0.14285714285714285,0.0013698630136986301,0.0027137042062415195,0.7840612550517899,0.23453608170763415,0.23453608170763415,0.00945865934295553,0.0004204625087596356,0.9986301369863013,1,6,14264,729,0.040839677793807656,729120,48.608,0.665,0.00046666666666666666,Hybrid_WithoutGraph
0.9510666666666666,0.5005097387948662,0.16666666666666666,0.0013698630136986301,0.0027173913043478264,0.7840612550517899,0.23453608170763415,0.23453608170763415,0.010970254973613055,0.000350385423966363,0.9986301369863013,1,5,14265,729,0.040839677793807656,729100,48.60666666666667,0.675,0.0004,Hybrid_WithoutGraph
0.9510666666666666,0.5005097387948662,0.16666666666666666,0.0013698630136986301,0.0027173913043478264,0.7840612550517899,0.23453608170763415,0.23453608170763415,0.010970254973613055,0.000350385423966363,0.9986301369863013,1,5,14265,729,0.040839677793807656,729100,48.60666666666667,0.685,0.0004,Hybrid_WithoutGraph
0.9510666666666666,0.5005097387948662,0.16666666666666666,0.0013698630136986301,0.0027173913043478264,0.7840612550517899,0.23453608170763415,0.23453608170763415,0.010970254973613055,0.000350385423966363,0.9986301369863013,1,5,14265,729,0.040839677793807656,729100,48.60666666666667,0.6950000000000001,0.0004,Hybrid_WithoutGraph
0.9510666666666666,0.5005097387948662,0.16666666666666666,0.0013698630136986301,0.0027173913043478264,0.7840612550517899,0.23453608170763415,0.23453608170763415,0.010970254973613055,0.000350385423966363,0.9986301369863013,1,5,14265,729,0.040839677793807656,729100,48.60666666666667,0.7050000000000001,0.0004,Hybrid_WithoutGraph
0.9511333333333334,0.5005447773372628,0.2,0.0013698630136986301,0.00272108843537415,0.7840612550517899,0.23453608170763415,0.23453608170763415,0.012842932727842279,0.0002803083391730904,0.9986301369863013,1,4,14266,729,0.040839677793807656,729080,48.605333333333334,0.715,0.0003333333333333333,Hybrid_WithoutGraph
0.9511333333333334,0.5005447773372628,0.2,0.0013698630136986301,0.00272108843537415,0.7840612550517899,0.23453608170763415,0.23453608170763415,0.012842932727842279,0.0002803083391730904,0.9986301369863013,1,4,14266,729,0.040839677793807656,729080,48.605333333333334,0.725,0.0003333333333333333,Hybrid_WithoutGraph
0.9511333333333334,0.5005447773372628,0.2,0.0013698630136986301,0.00272108843537415,0.7840612550517899,0.23453608170763415,0.23453608170763415,0.012842932727842279,0.0002803083391730904,0.9986301369863013,1,4,14266,729,0.040839677793807656,729080,48.605333333333334,0.735,0.0003333333333333333,Hybrid_WithoutGraph
0.9511333333333334,0.5005447773372628,0.2,0.0013698630136986301,0.00272108843537415,0.7840612550517899,0.23453608170763415,0.23453608170763415,0.012842932727842279,0.0002803083391730904,0.9986301369863013,1,4,14266,729,0.040839677793807656,729080,48.605333333333334,0.745,0.0003333333333333333,Hybrid_WithoutGraph
0.9511333333333334,0.5005447773372628,0.2,0.0013698630136986301,0.00272108843537415,0.7840612550517899,0.23453608170763415,0.23453608170763415,0.012842932727842279,0.0002803083391730904,0.9986301369863013,1,4,14266,729,0.040839677793807656,729080,48.605333333333334,0.75,0.0003333333333333333,Hybrid_WithoutGraph
0.9513333333333334,0.5,0.0,0.0,0.0,0.7840612550517899,0.23453608170763415,0.23453608170763415,0.0,0.0,1.0,0,0,14270,730,0.040839677793807656,730000,48.666666666666664,0.755,0.0,Hybrid_WithoutGraph
0.9513333333333334,0.5,0.0,0.0,0.0,0.7840612550517899,0.23453608170763415,0.23453608170763415,0.0,0.0,1.0,0,0,14270,730,0.040839677793807656,730000,48.666666666666664,0.765,0.0,Hybrid_WithoutGraph
0.9513333333333334,0.5,0.0,0.0,0.0,0.7840612550517899,0.23453608170763415,0.23453608170763415,0.0,0.0,1.0,0,0,14270,730,0.040839677793807656,730000,48.666666666666664,0.775,0.0,Hybrid_WithoutGraph
0.9513333333333334,0.5,0.0,0.0,0.0,0.7840612550517899,0.23453608170763415,0.23453608170763415,0.0,0.0,1.0,0,0,14270,730,0.040839677793807656,730000,48.666666666666664,0.785,0.0,Hybrid_WithoutGraph
0.9513333333333334,0.5,0.0,0.0,0.0,0.7840612550517899,0.23453608170763415,0.23453608170763415,0.0,0.0,1.0,0,0,14270,730,0.040839677793807656,730000,48.666666666666664,0.795,0.0,Hybrid_WithoutGraph
0.9513333333333334,0.5,0.0,0.0,0.0,0.7840612550517899,0.23453608170763415,0.23453608170763415,0.0,0.0,1.0,0,0,14270,730,0.040839677793807656,730000,48.666666666666664,0.805,0.0,Hybrid_WithoutGraph
0.9513333333333334,0.5,0.0,0.0,0.0,0.7840612550517899,0.23453608170763415,0.23453608170763415,0.0,0.0,1.0,0,0,14270,730,0.040839677793807656,730000,48.666666666666664,0.8150000000000001,0.0,Hybrid_WithoutGraph
0.9513333333333334,0.5,0.0,0.0,0.0,0.7840612550517899,0.23453608170763415,0.23453608170763415,0.0,0.0,1.0,0,0,14270,730,0.040839677793807656,730000,48.666666666666664,0.8250000000000001,0.0,Hybrid_WithoutGraph
0.9513333333333334,0.5,0.0,0.0,0.0,0.7840612550517899,0.23453608170763415,0.23453608170763415,0.0,0.0,1.0,0,0,14270,730,0.040839677793807656,730000,48.666666666666664,0.8350000000000001,0.0,Hybrid_WithoutGraph
0.9513333333333334,0.5,0.0,0.0,0.0,0.7840612550517899,0.23453608170763415,0.23453608170763415,0.0,0.0,1.0,0,0,14270,730,0.040839677793807656,730000,48.666666666666664,0.845,0.0,Hybrid_WithoutGraph
0.9513333333333334,0.5,0.0,0.0,0.0,0.7840612550517899,0.23453608170763415,0.23453608170763415,0.0,0.0,1.0,0,0,14270,730,0.040839677793807656,730000,48.666666666666664,0.855,0.0,Hybrid_WithoutGraph
0.9513333333333334,0.5,0.0,0.0,0.0,0.7840612550517899,0.23453608170763415,0.23453608170763415,0.0,0.0,1.0,0,0,14270,730,0.040839677793807656,730000,48.666666666666664,0.865,0.0,Hybrid_WithoutGraph
0.9513333333333334,0.5,0.0,0.0,0.0,0.7840612550517899,0.23453608170763415,0.23453608170763415,0.0,0.0,1.0,0,0,14270,730,0.040839677793807656,730000,48.666666666666664,0.875,0.0,Hybrid_WithoutGraph
0.9513333333333334,0.5,0.0,0.0,0.0,0.7840612550517899,0.23453608170763415,0.23453608170763415,0.0,0.0,1.0,0,0,14270,730,0.040839677793807656,730000,48.666666666666664,0.885,0.0,Hybrid_WithoutGraph
0.9513333333333334,0.5,0.0,0.0,0.0,0.7840612550517899,0.23453608170763415,0.23453608170763415,0.0,0.0,1.0,0,0,14270,730,0.040839677793807656,730000,48.666666666666664,0.895,0.0,Hybrid_WithoutGraph
0.9513333333333334,0.5,0.0,0.0,0.0,0.7840612550517899,0.23453608170763415,0.23453608170763415,0.0,0.0,1.0,0,0,14270,730,0.040839677793807656,730000,48.666666666666664,0.905,0.0,Hybrid_WithoutGraph
0.9513333333333334,0.5,0.0,0.0,0.0,0.7840612550517899,0.23453608170763415,0.23453608170763415,0.0,0.0,1.0,0,0,14270,730,0.040839677793807656,730000,48.666666666666664,0.915,0.0,Hybrid_WithoutGraph
0.9513333333333334,0.5,0.0,0.0,0.0,0.7840612550517899,0.23453608170763415,0.23453608170763415,0.0,0.0,1.0,0,0,14270,730,0.040839677793807656,730000,48.666666666666664,0.925,0.0,Hybrid_WithoutGraph
0.9513333333333334,0.5,0.0,0.0,0.0,0.7840612550517899,0.23453608170763415,0.23453608170763415,0.0,0.0,1.0,0,0,14270,730,0.040839677793807656,730000,48.666666666666664,0.935,0.0,Hybrid_WithoutGraph
0.9513333333333334,0.5,0.0,0.0,0.0,0.7840612550517899,0.23453608170763415,0.23453608170763415,0.0,0.0,1.0,0,0,14270,730,0.040839677793807656,730000,48.666666666666664,0.9450000000000001,0.0,Hybrid_WithoutGraph
0.9513333333333334,0.5,0.0,0.0,0.0,0.7840612550517899,0.23453608170763415,0.23453608170763415,0.0,0.0,1.0,0,0,14270,730,0.040839677793807656,730000,48.666666666666664,0.9550000000000001,0.0,Hybrid_WithoutGraph
0.9513333333333334,0.5,0.0,0.0,0.0,0.7840612550517899,0.23453608170763415,0.23453608170763415,0.0,0.0,1.0,0,0,14270,730,0.040839677793807656,730000,48.666666666666664,0.965,0.0,Hybrid_WithoutGraph
0.9513333333333334,0.5,0.0,0.0,0.0,0.7840612550517899,0.23453608170763415,0.23453608170763415,0.0,0.0,1.0,0,0,14270,730,0.040839677793807656,730000,48.666666666666664,0.975,0.0,Hybrid_WithoutGraph
0.9513333333333334,0.5,0.0,0.0,0.0,0.7840612550517899,0.23453608170763415,0.23453608170763415,0.0,0.0,1.0,0,0,14270,730,0.040839677793807656,730000,48.666666666666664,0.985,0.0,Hybrid_WithoutGraph
0.9513333333333334,0.5,0.0,0.0,0.0,0.7840612550517899,0.23453608170763415,0.23453608170763415,0.0,0.0,1.0,0,0,14270,730,0.040839677793807656,730000,48.666666666666664,0.995,0.0,Hybrid_WithoutGraph
0.9513333333333334,0.5,0.0,0.0,0.0,0.7840612550517899,0.23453608170763415,0.23453608170763415,0.0,0.0,1.0,0,0,14270,730,0.040839677793807656,730000,48.666666666666664,1.000001,0.0,Hybrid_WithoutGraph
0.048666666666666664,0.5,0.048666666666666664,1.0,0.09281627463445645,0.7836718472511542,0.24258253974892474,0.24258253974892474,0.0,1.0,0.0,730,14270,0,0,0.04077446053419778,285400,19.026666666666667,0.005,1.0,Hybrid_WithoutSequence
0.048666666666666664,0.5,0.048666666666666664,1.0,0.09281627463445645,0.7836718472511542,0.24258253974892474,0.24258253974892474,0.0,1.0,0.0,730,14270,0,0,0.04077446053419778,285400,19.026666666666667,0.00844866828361099,1.0,Hybrid_WithoutSequence
0.0612,0.5065872459705676,0.04928436402916554,1.0,0.09393900398919058,0.7836718472511542,0.24258253974892474,0.24258253974892474,0.02548129621361946,0.9868255080588647,0.0,730,14082,188,0,0.04077446053419778,281640,18.776,0.011136623090412393,0.9874666666666667,Hybrid_WithoutSequence
0.07326666666666666,0.5109795432510007,0.04970940170940171,0.9958904109589041,0.09469228264408988,0.7836718472511542,0.24258253974892474,0.24258253974892474,0.03026384575832163,0.9739313244569026,0.00410958904109589,727,13898,372,3,0.04077446053419778,280960,18.730666666666668,0.011860151859364496,0.975,Hybrid_WithoutSequence
0.08513333333333334,0.5139669389753386,0.05001038997021542,0.989041095890411,0.09520669875387355,0.7836718472511542,0.24258253974892474,0.24258253974892474,0.03162364836199682,0.9611072179397337,0.010958904109589041,722,13715,555,8,0.04077446053419778,282300,18.82,0.012219186203333631,0.9624666666666667,Hybrid_WithoutSequence
0.0972,0.5183592362557717,0.05045614035087719,0.9849315068493151,0.09599465954606143,0.7836718472511542,0.24258253974892474,0.24258253974892474,0.036250997305954144,0.9482130343377716,0.015068493150684932,719,13531,739,11,0.04077446053419778,281620,18.77466666666667,0.012605793576654504,0.95,Hybrid_WithoutSequence
0.10946666666666667,0.5235065421278475,0.05098847959038544,0.9821917808219178,0.09694429421308816,0.7836718472511542,0.24258253974892474,0.24258253974892474,0.04177988057963664,0.9351786965662229,0.01780821917808219,717,13345,925,13,0.04077446053419778,279900,18.66,0.012982782734195815,0.9374666666666667,Hybrid_WithoutSequence
0.1214,0.5271788693590347,0.051387387387387386,0.9767123287671233,0.09763779527559055,0.7836718472511542,0.24258253974892474,0.24258253974892474,0.04440603953844931,0.922354590049054,0.023287671232876714,713,13162,1108,17,0.04077446053419778,280240,18.682666666666666,0.013330178933780577,0.925,Hybrid_WithoutSequence
0.1338,0.5330461452803563,0.05202016512018704,0.9753424657534246,0.09877228272178679,0.7836718472511542,0.24258253974892474,0.24258253974892474,0.050319662944855674,0.909250175192712,0.024657534246575342,712,12975,1295,18,0.04077446053419778,277500,18.5,0.013667305336018948,0.9124666666666666,Hybrid_WithoutSequence
0.14613333333333334,0.5388783826592813,0.05266666666666667,0.9739726027397261,0.0999297259311314,0.7836718472511542,0.24258253974892474,0.24258253974892474,0.05576980018560681,0.8962158374211633,0.026027397260273973,711,12789,1481,19,0.04077446053419778,274780,18.318666666666665,0.01398300041425904,0.9,Hybrid_WithoutSequence
0.15826666666666667,0.5433057184821112,0.05318509615384615,0.9698630136986301,0.10084033613445377,0.7836718472511542,0.24258253974892474,0.24258253974892474,0.058971311306623614,0.8832515767344078,0.030136986301369864,708,12604,1666,22,0.04077446053419778,274080,18.272,0.014275398511142186,0.8874666666666666,Hybrid_WithoutSequence
0.1706,0.5491379558610362,0.05386666666666667,0.9684931506849315,0.10205701912666906,0.7836718472511542,0.24258253974892474,0.24258253974892474,0.06393964284884777,0.8702172389628592,0.031506849315068496,707,12418,1852,23,0.04077446053419778,271360,18.090666666666667,0.014594663542626049,0.875,Hybrid_WithoutSequence
0.18286666666666668,0.5542852617331119,0.05449485970472289,0.9657534246575342,0.10316821540938026,0.7836718472511542,0.24258253974892474,0.24258253974892474,0.0678295514789385,0.8571829011913105,0.03424657534246575,705,12232,2038,25,0.04077446053419778,269640,17.976,0.014873512504509448,0.8624666666666667,Hybrid_WithoutSequence
0.188,0.5563333365332003,0.05475190542852699,0.9643835616438357,0.1036208419193406,0.7836718472511542,0.24258253974892474,0.24258253974892474,0.06929030019472393,0.8517168885774352,0.03561643835616438,704,12154,2116,26,0.04077446053419778,269080,17.938666666666666,0.015,0.8572,Hybrid_WithoutSequence
0.19506666666666667,0.5593975290627909,0.05513725490196079,0.963013698630137,0.1043026706231454,0.7836718472511542,0.24258253974892474,0.24258253974892474,0.07158556211594959,0.844218640504555,0.036986301369863014,703,12047,2223,27,0.04077446053419778,267940,17.862666666666666,0.01517689179368209,0.85,Hybrid_WithoutSequence
0.20706666666666668,0.5631048948363748,0.055644005731571404,0.9575342465753425,0.10517604574179958,0.7836718472511542,0.24258253974892474,0.24258253974892474,0.07360718590602568,0.8313244569025928,0.04246575342465753,699,11863,2407,31,0.04077446053419778,268260,17.884,0.015446759814301677,0.8374666666666667,Hybrid_WithoutSequence
0.21913333333333335,0.5674971921168079,0.05624242424242424,0.9534246575342465,0.10621900038153374,0.7836718472511542,0.24258253974892474,0.24258253974892474,0.07644548866601593,0.8184302733006307,0.04657534246575343,696,11679,2591,34,0.04077446053419778,267580,17.838666666666665,0.015729850951552066,0.825,Hybrid_WithoutSequence
0.23126666666666668,0.5719245279396378,0.05686387133831131,0.9493150684931507,0.10730045676240613,0.7836718472511542,0.24258253974892474,0.24258253974892474,0.07929524783253392,0.8054660126138753,0.050684931506849315,693,11494,2776,37,0.04077446053419778,266880,17.792,0.015982093179539855,0.8124666666666667,Hybrid_WithoutSequence
0.24333333333333335,0.5763168252200709,0.0575,0.9452054794520548,0.10840534171249017,0.7836718472511542,0.24258253974892474,0.24258253974892474,0.08210553916214336,0.7925718290119131,0.0547945205479452,690,11310,2960,40,0.04077446053419778,266200,17.746666666666666,0.01623688156464109,0.8,Hybrid_WithoutSequence
0.2554666666666667,0.5807441610429006,0.058161192008127326,0.9410958904109589,0.10955190559719342,0.7836718472511542,0.24258253974892474,0.24258253974892474,0.08493636354303546,0.7796075683251577,0.0589041095890411,687,11125,3145,43,0.04077446053419778,265500,17.7,0.016491656237314915,0.7874666666666666,Hybrid_WithoutSequence
0.26753333333333335,0.5851364583233338,0.05883870967741935,0.936986301369863,0.11072440307567787,0.7836718472511542,0.24258253974892474,0.24258253974892474,0.0877375741552604,0.7667133847231955,0.06301369863013699,684,10941,3329,46,0.04077446053419778,264820,17.654666666666667,0.016725780911799385,0.775,Hybrid_WithoutSequence
0.2798,0.5902837641954095,0.05963102212118562,0.9342465753424658,0.11210651762965397,0.7836718472511542,0.24258253974892474,0.24258253974892474,0.09129544258473377,0.7536790469516468,0.06575342465753424,682,10755,3515,48,0.04077446053419778,263100,17.54,0.01695508355721614,0.7624666666666666,Hybrid_WithoutSequence
0.29173333333333334,0.5939560914265967,0.06026666666666667,0.9287671232876712,0.11318864774624374,0.7836718472511542,0.24258253974892474,0.24258253974892474,0.09337625653445403,0.740854940434478,0.07123287671232877,678,10572,3698,52,0.04077446053419778,263440,17.562666666666665,0.01719503616717393,0.75,Hybrid_WithoutSequence
0.3041333333333333,0.5998233673479183,0.06120050623757006,0.9273972602739726,0.1148236092265943,0.7836718472511542,0.24258253974892474,0.24258253974892474,0.09762947303621397,0.7277505255781359,0.07260273972602739,677,10385,3885,53,0.04077446053419778,260700,17.38,0.017417823553801278,0.7374666666666667,Hybrid_WithoutSequence
0.31606666666666666,0.6034956945791056,0.06188505747126437,0.9219178082191781,0.11598448944420509,0.7836718472511542,0.24258253974892474,0.24258253974892474,0.09974682633510977,0.7149264190609671,0.07808219178082192,673,10202,4068,57,0.04077446053419778,261040,17.402666666666665,0.01766383232713639,0.725,Hybrid_WithoutSequence
0.3282,0.6079230304019353,0.06269299148498175,0.9178082191780822,0.11736883594639573,0.7836718472511542,0.24258253974892474,0.24258253974892474,0.1026124152614369,0.7019621583742116,0.0821917808219178,670,10017,4253,60,0.04077446053419778,260340,17.356,0.01790006918567321,0.7124666666666667,Hybrid_WithoutSequence
0.34013333333333334,0.6115953576331224,0.06342857142857143,0.9123287671232877,0.11861086375779165,0.7836718472511542,0.24258253974892474,0.24258253974892474,0.10479694783249036,0.6891380518570428,0.08767123287671233,666,9834,4436,64,0.04077446053419778,260680,17.378666666666668,0.018169095924071024,0.7,Hybrid_WithoutSequence
0.3522666666666667,0.6160226934559523,0.06429402637703646,0.9082191780821918,0.12008694077159936,0.7836718472511542,0.24258253974892474,0.24258253974892474,0.10771621933121418,0.6761737911702873,0.09178082191780822,663,9649,4621,67,0.04077446053419778,259980,17.332,0.018405964976475116,0.6874666666666667,Hybrid_WithoutSequence
0.36446666666666666,0.6211349607856314,0.06528395061728395,0.9054794520547945,0.12178719484108706,0.7836718472511542,0.24258253974892474,0.24258253974892474,0.11129818685983857,0.6632095304835319,0.09452054794520548,661,9464,4806,69,0.04077446053419778,258280,17.218666666666667,0.018669605896440216,0.675,Hybrid_WithoutSequence
0.37646666666666667,0.6248423265592151,0.06611653416524102,0.9,0.12318365051092153,0.7836718472511542,0.24258253974892474,0.24258253974892474,0.11361447271393507,0.6503153468815698,0.1,657,9280,4990,73,0.04077446053419778,258600,17.24,0.01893521646850886,0.6624666666666666,Hybrid_WithoutSequence
0.3884,0.6285146537904023,0.06697435897435898,0.8945205479452055,0.12461832061068703,0.7836718472511542,0.24258253974892474,0.24258253974892474,0.11595089449847265,0.6374912403644009,0.10547945205479452,653,9097,5173,77,0.04077446053419778,258940,17.262666666666668,0.019211849972047033,0.65,Hybrid_WithoutSequence
0.40013333333333334,0.6307820794654942,0.06766366868855887,0.8863013698630137,0.12572872133696072,0.7836718472511542,0.24258253974892474,0.24258253974892474,0.11707325127549158,0.6247372109320253,0.1136986301369863,647,8915,5355,83,0.04077446053419778,261300,17.42,0.019519169346935428,0.6374666666666666,Hybrid_WithoutSequence
0.41233333333333333,0.6358943467951733,0.0688,0.8835616438356164,0.1276595744680851,0.7836718472511542,0.24258253974892474,0.24258253974892474,0.12079748743839164,0.6117729502452698,0.11643835616438356,645,8730,5540,85,0.04077446053419778,259600,17.30666666666667,0.019846407555799625,0.625,Hybrid_WithoutSequence
0.4246,0.6410416526672491,0.06999020354849243,0.8808219178082192,0.1296763134012302,0.7836718472511542,0.24258253974892474,0.24258253974892474,0.12458443323267623,0.5987386124737211,0.11917808219178082,643,8544,5726,87,0.04077446053419778,257880,17.192,0.02016844395141644,0.6124666666666667,Hybrid_WithoutSequence
0.4368,0.6461539199969282,0.07122222222222223,0.8780821917808219,0.13175745118191165,0.7836718472511542,0.24258253974892474,0.24258253974892474,0.12838580260591384,0.5857743517869657,0.12191780821917808,641,8359,5911,89,0.04077446053419778,256180,17.078666666666667,0.02053237997280341,0.6,Hybrid_WithoutSequence
0.4484,0.6477013756227741,0.07194734453018611,0.8684931506849315,0.1328861873821002,0.7836718472511542,0.24258253974892474,0.24258253974892474,0.12911465992141102,0.5730903994393833,0.13150684931506848,634,8178,6092,96,0.04077446053419778,259560,17.304,0.020886321590356343,0.5874666666666667,Hybrid_WithoutSequence
0.4603333333333333,0.6513737028539612,0.07304347826086957,0.863013698630137,0.13468733297701765,0.7836718472511542,0.24258253974892474,0.24258253974892474,0.13177535670335272,0.5602662929222144,0.136986301369863,630,7995,6275,100,0.04077446053419778,259900,17.326666666666668,0.02125245388122221,0.575,Hybrid_WithoutSequence
0.4722,0.6543610985782992,0.07407846390897238,0.8561643835616438,0.1363586778662594,0.7836718472511542,0.24258253974892474,0.24258253974892474,0.13390476953359676,0.5474421864050456,0.14383561643835616,625,7812,6458,105,0.04077446053419778,261240,17.416,0.021684844593377373,0.5624666666666667,Hybrid_WithoutSequence
0.48413333333333336,0.6580334258094863,0.07527272727272727,0.8506849315068493,0.13830734966592428,0.7836718472511542,0.24258253974892474,0.24258253974892474,0.13670157123165247,0.5346180798878767,0.14931506849315068,621,7629,6641,109,0.04077446053419778,261580,17.438666666666666,0.022143071465955337,0.55,Hybrid_WithoutSequence
0.4962666666666667,0.662460761632316,0.07665591664599355,0.8465753424657534,0.14058234758871702,0.7836718472511542,0.24258253974892474,0.24258253974892474,0.1402210944519808,0.5216538192011212,0.15342465753424658,618,7444,6826,112,0.04077446053419778,260880,17.392,0.022578545774441648,0.5374666666666666,Hybrid_WithoutSequence
0.5078,0.6639731787157654,0.0775873015873016,0.836986301369863,0.14201045903544454,0.7836718472511542,0.24258253974892474,0.24258253974892474,0.14130531987474462,0.5090399439383322,0.16301369863013698,611,7264,7006,119,0.04077446053419778,264280,17.618666666666666,0.02305533680548546,0.525,Hybrid_WithoutSequence
0.5198,0.6676805444893492,0.07896448549499155,0.8315068493150685,0.1442319116074611,0.7836718472511542,0.24258253974892474,0.24258253974892474,0.1443643170207909,0.49614576033637003,0.1684931506849315,607,7080,7190,123,0.04077446053419778,264600,17.64,0.023555446996418147,0.5124666666666666,Hybrid_WithoutSequence
0.5318666666666667,0.6720728417697823,0.08053333333333333,0.8273972602739726,0.1467800729040097,0.7836718472511542,0.24258253974892474,0.24258253974892474,0.14809980271511142,0.48325157673440783,0.1726027397260274,604,6896,7374,126,0.04077446053419778,263920,17.594666666666665,0.024042870503215873,0.5,Hybrid_WithoutSequence
0.5435333333333333,0.6743052289024776,0.08177218651716121,0.8191780821917808,0.1487007335571304,0.7836718472511542,0.24258253974892474,0.24258253974892474,0.15006782927793477,0.47056762438682553,0.18082191780821918,598,6715,7555,132,0.04077446053419778,266300,17.753333333333334,0.02463461333236362,0.4875333333333333,Hybrid_WithoutSequence
0.5512666666666667,0.6757701279626768,0.0826262345249687,0.8136986301369863,0.15001894178557898,0.7836718472511542,0.24258253974892474,0.24258253974892474,0.15141221768608262,0.4621583742116328,0.1863013698630137,594,6595,7675,136,0.04077446053419778,267900,17.86,0.025,0.4792666666666667,Hybrid_WithoutSequence
0.5552666666666667,0.6765726545775697,0.08308771929824561,0.810958904109589,0.15073201782304263,0.7836718472511542,0.24258253974892474,0.24258253974892474,0.15216302831737044,0.4578135949544499,0.18904109589041096,592,6533,7737,138,0.04077446053419778,268660,17.910666666666668,0.025186293155898792,0.475,Hybrid_WithoutSequence
0.5669333333333333,0.6788050417102649,0.08446238108965119,0.8027397260273973,0.15284298382889933,0.7836718472511542,0.24258253974892474,0.24258253974892474,0.1543279644280465,0.44512964260686755,0.19726027397260273,586,6352,7918,144,0.04077446053419778,271040,18.069333333333333,0.025831446316645648,0.46253333333333335,Hybrid_WithoutSequence
0.5784,0.6796325272868649,0.08562962962962962,0.7917808219178082,0.15454545454545454,0.7836718472511542,0.24258253974892474,0.24258253974892474,0.15538515727698082,0.4325157673440785,0.20821917808219179,578,6172,8098,152,0.04077446053419778,275440,18.362666666666666,0.026508444846964747,0.45,Hybrid_WithoutSequence
0.5903333333333334,0.683304854518052,0.08746000304738687,0.7863013698630137,0.15741121623474566,0.7836718472511542,0.24258253974892474,0.24258253974892474,0.15901282463456085,0.4196916608269096,0.2136986301369863,574,5989,8281,156,0.04077446053419778,275780,18.38533333333333,0.027172278604370985,0.43753333333333333,Hybrid_WithoutSequence
0.6024666666666667,0.6877321903408817,0.08956862745098039,0.7821917808219178,0.16073187895847993,0.7836718472511542,0.24258253974892474,0.24258253974892474,0.16342651253459797,0.4067274001401542,0.21780821917808219,571,5804,8466,159,0.04077446053419778,275080,18.338666666666665,0.02787973380557343,0.425,Hybrid_WithoutSequence
0.6144,0.691404517572069,0.0916289592760181,0.7767123287671233,0.16392020815264527,0.7836718472511542,0.24258253974892474,0.24258253974892474,0.16731820600544842,0.39390329362298526,0.2232876712328767,567,5621,8649,163,0.04077446053419778,275420,18.361333333333334,0.02857161116120663,0.4125333333333333,Hybrid_WithoutSequence
0.6261333333333333,0.693671943247161,0.0935,0.7684931506849315,0.16671619613670133,0.7836718472511542,0.24258253974892474,0.24258253974892474,0.17012699951227006,0.3811492641906097,0.23150684931506849,561,5439,8831,169,0.04077446053419778,277780,18.518666666666668,0.029405101254938205,0.4,Hybrid_WithoutSequence
0.6383333333333333,0.69878421057684,0.09616377085842077,0.7657534246575343,0.17086963166743083,0.7836718472511542,0.24258253974892474,0.24258253974892474,0.17558939321810213,0.36818500350385425,0.23424657534246576,559,5254,9016,171,0.04077446053419778,276080,18.405333333333335,0.030186128813452444,0.38753333333333334,Hybrid_WithoutSequence
0.6499333333333334,0.7003316662026859,0.09813333333333334,0.7561643835616438,0.1737214791502754,0.7836718472511542,0.24258253974892474,0.24258253974892474,0.17807629605156278,0.3555010511562719,0.24383561643835616,552,5073,9197,178,0.04077446053419778,279460,18.630666666666666,0.031153075166750845,0.375,Hybrid_WithoutSequence
0.6622666666666667,0.706163903581611,0.10132401618242001,0.7547945205479452,0.17866407263294423,0.7836718472511542,0.24258253974892474,0.24258253974892474,0.1845534081319935,0.3424667133847232,0.2452054794520548,551,4887,9383,179,0.04077446053419778,276740,18.449333333333332,0.03199555875766134,0.3625333333333333,Hybrid_WithoutSequence
0.674,0.7084313292567029,0.10380952380952381,0.7465753424657534,0.18227424749163879,0.7836718472511542,0.24258253974892474,0.24258253974892474,0.18805481208575817,0.3297126839523476,0.2534246575342466,545,4705,9565,185,0.04077446053419778,279100,18.606666666666666,0.032982131641618305,0.35,Hybrid_WithoutSequence
0.6858,0.7113836864386441,0.10665613272763184,0.7397260273972602,0.18643190056965303,0.7836718472511542,0.24258253974892474,0.24258253974892474,0.19237262503004515,0.31695865451997196,0.2602739726027397,540,4523,9747,190,0.04077446053419778,280460,18.697333333333333,0.03401423878093441,0.33753333333333335,Hybrid_WithoutSequence
0.6953333333333334,0.708595482427931,0.10784313725490197,0.7232876712328767,0.1876999644507643,0.7836718472511542,0.24258253974892474,0.24258253974892474,0.19144363755957108,0.3060967063770147,0.27671232876712326,528,4368,9902,202,0.04077446053419778,289360,19.290666666666667,0.034999999999999996,0.3264,Hybrid_WithoutSequence
0.6967333333333333,0.7093312918182604,0.10830769230769231,0.7232876712328767,0.18840321141837646,0.7836718472511542,0.24258253974892474,0.24258253974892474,0.1923325279613555,0.304625087596356,0.27671232876712326,528,4347,9923,202,0.04077446053419778,288940,19.262666666666668,0.0351313016221663,0.325,Hybrid_WithoutSequence
0.7088,0.7137235890986935,0.11198805460750853,0.7191780821917808,0.19379844961240308,0.7836718472511542,0.24258253974892474,0.24258253974892474,0.19842236302115523,0.29173090399439383,0.2808219178082192,525,4163,10107,205,0.04077446053419778,288260,19.217333333333332,0.0364308763637035,0.31253333333333333,Hybrid_WithoutSequence
0.72,0.7131111345768016,0.11444444444444445,0.7054794520547946,0.19694072657743786,0.7836718472511542,0.24258253974892474,0.24258253974892474,0.20012836489301383,0.27925718290119134,0.2945205479452055,515,3985,10285,215,0.04077446053419778,294700,19.64666666666667,0.03776350380507937,0.3,Hybrid_WithoutSequence
0.7315333333333334,0.7146235516602509,0.11778344539763505,0.6958904109589041,0.2014673805274638,0.7836718472511542,0.24258253974892474,0.24258253974892474,0.20406247791436374,0.2666433076384022,0.3041095890410959,508,3805,10465,222,0.04077446053419778,298100,19.873333333333335,0.039306525223050386,0.2875333333333333,Hybrid_WithoutSequence
0.7428666666666667,0.714731067187605,0.12096969696969696,0.6835616438356165,0.20556127703398555,0.7836718472511542,0.24258253974892474,0.24258253974892474,0.20695298055267122,0.25409950946040644,0.31643835616438354,499,3626,10644,231,0.04077446053419778,303520,20.234666666666666,0.04116478403963365,0.275,Hybrid_WithoutSequence
0.7548,0.7184033944187922,0.12569832402234637,0.678082191780822,0.21208226221079693,0.7836718472511542,0.24258253974892474,0.24258253974892474,0.2136033763728942,0.24127540294323757,0.3219178082191781,495,3443,10827,235,0.04077446053419778,303860,20.25733333333333,0.0433539922642176,0.26253333333333334,Hybrid_WithoutSequence
0.7625333333333333,0.7166188286567279,0.1277602523659306,0.6657534246575343,0.2143802382002647,0.7836718472511542,0.24258253974892474,0.24258253974892474,0.21426336260364362,0.2325157673440785,0.33424657534246577,486,3318,10952,244,0.04077446053419778,310360,20.690666666666665,0.045,0.2536,Hybrid_WithoutSequence
0.7657333333333334,0.7163509997984083,0.1288,0.6616438356164384,0.21562499999999998,0.7836718472511542,0.24258253974892474,0.24258253974892474,0.2150158244337428,0.2289418360196216,0.33835616438356164,483,3267,11003,247,0.04077446053419778,312340,20.822666666666667,0.045657036752732784,0.25,Hybrid_WithoutSequence
0.7771333333333333,0.7171434468326118,0.13331462250912152,0.6506849315068494,0.2212904728627999,0.7836718472511542,0.24258253974892474,0.24258253974892474,0.21957665655200792,0.21639803784162578,0.3493150684931507,475,3088,11182,255,0.04077446053419778,316760,21.117333333333335,0.04824366403019924,0.23753333333333335,Hybrid_WithoutSequence
0.7887333333333333,0.7186909024584578,0.13866666666666666,0.6410958904109589,0.22801461632155906,0.7836718472511542,0.24258253974892474,0.24258253974892474,0.22537241564194796,0.20371408549404343,0.3589041095890411,468,2907,11363,262,0.04077446053419778,320140,21.342666666666666,0.05151055482817164,0.225,Hybrid_WithoutSequence
0.7999333333333334,0.7232775916521873,0.14548860443334374,0.6383561643835617,0.23696923468090514,0.7836718472511542,0.24258253974892474,0.24258253974892474,0.23446838512992382,0.1918009810791871,0.36164383561643837,466,2737,11533,264,0.04077446053419778,318740,21.249333333333333,0.055,0.21353333333333332,Hybrid_WithoutSequence
0.8008,0.7230831997388909,0.1458594730238394,0.636986301369863,0.23736600306278713,0.7836718472511542,0.24258253974892474,0.24258253974892474,0.23466558459005762,0.19081990189208128,0.363013698630137,465,2723,11547,265,0.04077446053419778,319460,21.297333333333334,0.05524437576066687,0.21253333333333332,Hybrid_WithoutSequence
0.8125333333333333,0.7253506254139828,0.153,0.6287671232876713,0.24611260053619302,0.7836718472511542,0.24258253974892474,0.24258253974892474,0.24244371469576295,0.17806587245970568,0.37123287671232874,459,2541,11729,271,0.04077446053419778,321820,21.454666666666668,0.05942060460996424,0.2,Hybrid_WithoutSequence
0.8232666666666667,0.7225432222019564,0.15854959118378956,0.6109589041095891,0.2517640417725092,0.7836718472511542,0.24258253974892474,0.24258253974892474,0.24534912447064836,0.16587245970567624,0.38904109589041097,446,2367,11903,284,0.04077446053419778,331340,22.089333333333332,0.06401898288478902,0.18753333333333333,Hybrid_WithoutSequence
0.8252,0.7209597680736481,0.15922190201729106,0.6054794520547945,0.25213918996006845,0.7836718472511542,0.24258253974892474,0.24258253974892474,0.2448500607795458,0.16355991590749824,0.39452054794520547,442,2334,11936,288,0.04077446053419778,334680,22.312,0.065,0.18506666666666666,Hybrid_WithoutSequence
0.8342,0.7204908275815727,0.16533333333333333,0.5945205479452055,0.2587183308494784,0.7836718472511542,0.24258253974892474,0.24258253974892474,0.24972192964231868,0.15353889278206026,0.4054794520547945,434,2191,12079,296,0.04077446053419778,339820,22.654666666666667,0.06974311098910524,0.175,Hybrid_WithoutSequence
0.8452,0.7191233644680382,0.1735028712059065,0.5794520547945206,0.2670454545454546,0.7836718472511542,0.24258253974892474,0.24258253974892474,0.2555911750835471,0.14120532585844428,0.42054794520547945,423,2015,12255,307,0.04077446053419778,347300,23.153333333333332,0.07461331616592869,0.16253333333333334,Hybrid_WithoutSequence
0.8458666666666667,0.7194737498920045,0.1742174629324547,0.5794520547945206,0.26789107029765674,0.7836718472511542,0.24258253974892474,0.24258253974892474,0.2564244713853293,0.14050455501051157,0.42054794520547945,423,2005,12265,307,0.04077446053419778,347100,23.14,0.07500000000000001,0.16186666666666666,Hybrid_WithoutSequence
0.8561333333333333,0.7170709698476543,0.18266666666666667,0.563013698630137,0.2758389261744967,0.7836718472511542,0.24258253974892474,0.24258253974892474,0.2616126906419249,0.1288717589348283,0.436986301369863,411,1839,12431,319,0.04077446053419778,355780,23.718666666666667,0.08060325394962031,0.15,Hybrid_WithoutSequence
0.8631333333333333,0.7162007660481324,0.18958235570154858,0.5534246575342465,0.282418734708144,0.7836718472511542,0.24258253974892474,0.24258253974892474,0.2664995717086607,0.12102312543798179,0.4465753424657534,404,1727,12543,326,0.04077446053419778,360540,24.036,0.085,0.14206666666666667,Hybrid_WithoutSequence
0.8671333333333333,0.7157035067341199,0.19389238972370335,0.547945205479452,0.2864303616183315,0.7836718472511542,0.24258253974892474,0.24258253974892474,0.26952199634113866,0.11653819201121234,0.4520547945205479,400,1663,12607,330,0.04077446053419778,363260,24.217333333333332,0.08722335876946558,0.13753333333333334,Hybrid_WithoutSequence
0.8778,0.7122111720152442,0.20586666666666667,0.5287671232876713,0.29635316698656433,0.7836718472511542,0.24258253974892474,0.24258253974892474,0.27613494109447445,0.1043447792571829,0.4712328767123288,386,1489,12781,344,0.04077446053419778,373780,24.918666666666667,0.09458110630715631,0.125,Hybrid_WithoutSequence
0.8782,0.712421403269624,0.2065275548421616,0.5287671232876713,0.29703732204694117,0.7836718472511542,0.24258253974892474,0.24258253974892474,0.2767885588319524,0.10392431674842327,0.4712328767123288,386,1483,12787,344,0.04077446053419778,373660,24.910666666666668,0.095,0.1246,Hybrid_WithoutSequence
0.8878666666666667,0.705803918556988,0.21800947867298578,0.5041095890410959,0.304383788254756,0.7836718472511542,0.24258253974892474,0.24258253974892474,0.28025229403272794,0.09250175192711983,0.4958904109589041,368,1320,12950,362,0.04077446053419778,388400,25.893333333333334,0.10357370527907883,0.11253333333333333,Hybrid_WithoutSequence
0.889,0.7050997878488254,0.21955608878224356,0.5013698630136987,0.30538172715894873,0.7836718472511542,0.24258253974892474,0.24258253974892474,0.2808257218909205,0.09117028731604765,0.4986301369863014,366,1301,12969,364,0.04077446053419778,390020,26.001333333333335,0.10500000000000001,0.11113333333333333,Hybrid_WithoutSequence
0.8984,0.7015916137888664,0.23533333333333334,0.48356164383561645,0.3165919282511211,0.7836718472511542,0.24258253974892474,0.24258253974892474,0.28917674170314644,0.08037841625788367,0.5164383561643836,353,1147,13123,377,0.04077446053419778,399940,26.662666666666667,0.11470585129739166,0.1,Hybrid_WithoutSequence
0.8985333333333333,0.701011797909207,0.23529411764705882,0.4821917808219178,0.316262353998203,0.7836718472511542,0.24258253974892474,0.24258253974892474,0.28868747961662383,0.08016818500350385,0.5178082191780822,352,1144,13126,378,0.04077446053419778,400880,26.72533333333333,0.115,0.09973333333333333,Hybrid_WithoutSequence
0.9060666666666667,0.6952227587332367,0.24907612712490762,0.46164383561643835,0.32357177148343735,0.7836718472511542,0.24258253974892474,0.24258253974892474,0.293269138759485,0.07119831814996497,0.5383561643835616,337,1016,13254,393,0.04077446053419778,413320,27.554666666666666,0.125,0.0902,Hybrid_WithoutSequence
0.9084666666666666,0.6951843603306103,0.25514089870525514,0.4589041095890411,0.3279490944689183,0.7836718472511542,0.24258253974892474,0.24258253974892474,0.297208982791159,0.0685353889278206,0.541095890410959,335,978,13292,395,0.04077446053419778,414560,27.637333333333334,0.12860050669411557,0.08753333333333334,Hybrid_WithoutSequence
0.9115333333333333,0.6915969895652341,0.26139088729016785,0.44794520547945205,0.33013629480060575,0.7836718472511542,0.24258253974892474,0.24258253974892474,0.2982139000360623,0.06475122634898388,0.552054794520548,327,924,13346,403,0.04077446053419778,421480,28.098666666666666,0.135,0.0834,Hybrid_WithoutSequence
0.917,0.6834219696460627,0.27312775330396477,0.4246575342465753,0.33243967828418225,0.7836718472511542,0.24258253974892474,0.24258253974892474,0.29846739649792764,0.0578135949544499,0.5753424657534246,310,825,13445,420,0.04077446053419778,436500,29.1,0.14500000000000002,0.07566666666666666,Hybrid_WithoutSequence
0.9174,0.6823324149715372,0.2737777777777778,0.42191780821917807,0.33207547169811324,0.7836718472511542,0.24258253974892474,0.24258253974892474,0.2979027685592659,0.05725297827610371,0.5780821917808219,308,817,13453,422,0.04077446053419778,438340,29.222666666666665,0.14616154939996018,0.075,Hybrid_WithoutSequence
0.9208666666666666,0.6789552754605408,0.28382213812677387,0.410958904109589,0.3357582540570789,0.7836718472511542,0.24258253974892474,0.24258253974892474,0.30090701362646094,0.053048353188507355,0.589041095890411,300,757,13513,430,0.04077446053419778,445140,29.676,0.155,0.07046666666666666,Hybrid_WithoutSequence
0.9239333333333334,0.6766676906240701,0.29429429429429427,0.40273972602739727,0.340080971659919,0.7836718472511542,0.24258253974892474,0.24258253974892474,0.3049286790492343,0.04940434477925718,0.5972602739726027,294,705,13565,436,0.04077446053419778,450100,30.006666666666668,0.165,0.0666,Hybrid_WithoutSequence
0.9269333333333334,0.6730452813162973,0.3049040511727079,0.3917808219178082,0.34292565947242204,0.7836718472511542,0.24258253974892474,0.24258253974892474,0.3075659171367272,0.04569025928521374,0.6082191780821918,286,652,13618,444,0.04077446053419778,457040,30.469333333333335,0.17376905328324155,0.06253333333333333,Hybrid_WithoutSequence
0.9272,0.6718856495569784,0.3053763440860215,0.38904109589041097,0.34216867469879514,0.7836718472511542,0.24258253974892474,0.24258253974892474,0.306728767103519,0.045269796776454096,0.6109589041095891,284,646,13624,446,0.04077446053419778,458920,30.594666666666665,0.17500000000000002,0.062,Hybrid_WithoutSequence
0.9298,0.6693527949237312,0.3162684869169511,0.38082191780821917,0.34555624611559976,0.7836718472511542,0.24258253974892474,0.24258253974892474,0.3102905982055259,0.04211632796075683,0.6191780821917808,278,601,13669,452,0.04077446053419778,464020,30.934666666666665,0.185,0.0586,Hybrid_WithoutSequence
0.9333333333333333,0.6640610150617734,0.332089552238806,0.36575342465753424,0.34810951760104303,0.7836718472511542,0.24258253974892474,0.24258253974892474,0.3134713013335118,0.03763139453398739,0.6342465753424658,267,537,13733,463,0.04077446053419778,473740,31.582666666666668,0.195,0.0536,Hybrid_WithoutSequence
0.9358666666666666,0.6601933359572242,0.3453333333333333,0.3547945205479452,0.35000000000000003,0.7836718472511542,0.24258253974892474,0.24258253974892474,0.3163077215911685,0.03440784863349684,0.6452054794520548,259,491,13779,471,0.04077446053419778,480820,32.05466666666667,0.2041211203102447,0.05,Hybrid_WithoutSequence
0.9362,0.6603685286692074,0.3476510067114094,0.3547945205479452,0.3511864406779661,0.7836718472511542,0.24258253974892474,0.24258253974892474,0.3176587406311265,0.034057463209530486,0.6452054794520548,259,486,13784,471,0.04077446053419778,480720,32.048,0.20500000000000002,0.049666666666666665,Hybrid_WithoutSequence
0.9384666666666667,0.6570105883595243,0.3615494978479197,0.3452054794520548,0.35318850735809393,0.7836718472511542,0.24258253974892474,0.24258253974892474,0.3209980505676228,0.031184302733006306,0.6547945205479452,252,445,13825,478,0.04077446053419778,486900,32.46,0.215,0.04646666666666667,Hybrid_WithoutSequence
0.9401333333333334,0.650087836346008,0.37037037037037035,0.3287671232876712,0.3483309143686502,0.7836718472511542,0.24258253974892474,0.24258253974892474,0.3176912060648267,0.02859145059565522,0.6712328767123288,240,408,13862,490,0.04077446053419778,498160,33.21066666666667,0.225,0.0432,Hybrid_WithoutSequence
0.9423333333333334,0.6486445363872864,0.38879736408566723,0.3232876712328767,0.3530291697830965,0.7836718472511542,0.24258253974892474,0.24258253974892474,0.32462529317305083,0.025998598458304135,0.6767123287671233,236,371,13899,494,0.04077446053419778,501420,33.428,0.23500000000000001,0.040466666666666665,Hybrid_WithoutSequence
0.9436666666666667,0.6447960564840503,0.39965095986038396,0.3136986301369863,0.35149654643131234,0.7836718472511542,0.24258253974892474,0.24258253974892474,0.3250834195364328,0.024106517168885774,0.6863013698630137,229,344,13926,501,0.04077446053419778,507880,33.858666666666664,0.245,0.0382,Hybrid_WithoutSequence
0.9439333333333333,0.6429865317602788,0.40142095914742454,0.3095890410958904,0.34957463263727767,0.7836718472511542,0.24258253974892474,0.24258253974892474,0.3237470865214342,0.023615977575332864,0.6904109589041096,226,337,13933,504,0.04077446053419778,510740,34.04933333333334,0.24666289222121285,0.037533333333333335,Hybrid_WithoutSequence
0.9445333333333333,0.6348532701039636,0.4034090909090909,0.29178082191780824,0.33863275039745633,0.7836718472511542,0.24258253974892474,0.24258253974892474,0.31490797292723394,0.02207428170988087,0.7082191780821918,213,315,13955,517,0.04077446053419778,523300,34.88666666666666,0.255,0.0352,Hybrid_WithoutSequence
0.9450666666666667,0.6273348628697046,0.40524193548387094,0.27534246575342464,0.3278955954323001,0.7836718472511542,0.24258253974892474,0.24258253974892474,0.30645450033928257,0.020672740014015416,0.7246575342465753,201,295,13975,529,0.04077446053419778,534900,35.66,0.265,0.03306666666666667,Hybrid_WithoutSequence
0.9459333333333333,0.6225912202052395,0.4132762312633833,0.26438356164383564,0.32247284878863824,0.7836718472511542,0.24258253974892474,0.24258253974892474,0.3037572854302641,0.019201121233356693,0.7356164383561644,193,274,13996,537,0.04077446053419778,542480,36.165333333333336,0.275,0.031133333333333332,Hybrid_WithoutSequence
0.9467333333333333,0.6139131812116616,0.41920374707259955,0.2452054794520548,0.3094209161624892,0.7836718472511542,0.24258253974892474,0.24258253974892474,0.2947738628952429,0.017379117028731603,0.7547945205479452,179,248,14022,551,0.04077446053419778,555960,37.064,0.28500000000000003,0.028466666666666668,Hybrid_WithoutSequence
0.9472,0.6070096283994586,0.4221105527638191,0.23013698630136986,0.2978723404255319,0.7836718472511542,0.24258253974892474,0.24258253974892474,0.28653558184695566,0.0161177295024527,0.7698630136986301,168,230,14040,562,0.04077446053419778,566600,37.77333333333333,0.295,0.026533333333333332,Hybrid_WithoutSequence
0.9478,0.6027757245298595,0.42933333333333334,0.22054794520547946,0.29140271493212666,0.7836718472511542,0.24258253974892474,0.24258253974892474,0.28328944144265,0.014996496145760336,0.7794520547945205,161,214,14056,569,0.04077446053419778,573280,38.218666666666664,0.30215261801689935,0.025,Hybrid_WithoutSequence
0.9478,0.5982264737786908,0.4265927977839335,0.21095890410958903,0.28230980751604035,0.7836718472511542,0.24258253974892474,0.24258253974892474,0.27581803465437443,0.014505956552207428,0.7890410958904109,154,207,14063,576,0.04077446053419778,580140,38.676,0.305,0.024066666666666667,Hybrid_WithoutSequence
0.9483333333333334,0.5920078524733371,0.43243243243243246,0.19726027397260273,0.27093132643461904,0.7836718472511542,0.24258253974892474,0.24258253974892474,0.2687419992136046,0.013244569025928521,0.8027397260273973,144,189,14081,586,0.04077446053419778,589780,39.318666666666665,0.315,0.0222,Hybrid_WithoutSequence
0.9492,0.5827149590577032,0.44482758620689655,0.17671232876712328,0.2529411764705882,0.7836718472511542,0.24258253974892474,0.24258253974892474,0.25851285027907794,0.011282410651716888,0.8232876712328767,129,161,14109,601,0.04077446053419778,604220,40.281333333333336,0.325,0.019333333333333334,Hybrid_WithoutSequence
0.9493333333333334,0.5717368557468009,0.4409448818897638,0.15342465753424658,0.2276422764227642,0.7836718472511542,0.24258253974892474,0.24258253974892474,0.23927194320757897,0.009950946040644709,0.8465753424657534,112,142,14128,618,0.04077446053419778,620840,41.38933333333333,0.335,0.016933333333333335,Hybrid_WithoutSequence
0.949,0.550765088172332,0.41025641025641024,0.1095890410958904,0.17297297297297298,0.7836718472511542,0.24258253974892474,0.24258253974892474,0.19286216850280247,0.00805886475122635,0.8904109589041096,80,115,14155,650,0.04077446053419778,652300,43.486666666666665,0.34500000000000003,0.013,Hybrid_WithoutSequence
0.9489333333333333,0.5481304777721246,0.40425531914893614,0.10410958904109589,0.16557734204793031,0.7836718472511542,0.24258253974892474,0.24258253974892474,0.18618205035827054,0.007848633496846532,0.8958904109589041,76,112,14158,654,0.04077446053419778,656240,43.74933333333333,0.3476082257813679,0.012533333333333334,Hybrid_WithoutSequence
0.9492666666666667,0.5398570619462231,0.4012738853503185,0.0863013698630137,0.14205186020293123,0.7836718472511542,0.24258253974892474,0.24258253974892474,0.16853807297130421,0.006587245970567625,0.9136986301369863,63,94,14176,667,0.04077446053419778,668880,44.592,0.35500000000000004,0.010466666666666668,Hybrid_WithoutSequence
0.9501333333333334,0.5338136333528526,0.4274193548387097,0.07260273972602739,0.12412177985948476,0.7836718472511542,0.24258253974892474,0.24258253974892474,0.16070941642754563,0.004975473020322354,0.9273972602739726,53,71,14199,677,0.04077446053419778,678420,45.228,0.365,0.008266666666666667,Hybrid_WithoutSequence
0.9504,0.5235555000911962,0.42045454545454547,0.050684931506849315,0.09046454767726161,0.7836718472511542,0.24258253974892474,0.24258253974892474,0.13273530668342817,0.0035739313244569026,0.9493150684931507,37,51,14219,693,0.04077446053419778,694020,46.268,0.375,0.005866666666666667,Hybrid_WithoutSequence
0.9506666666666667,0.5126474738650872,0.4,0.0273972602739726,0.05128205128205128,0.7836718472511542,0.24258253974892474,0.24258253974892474,0.09442817678587767,0.002102312543798178,0.9726027397260274,20,30,14240,710,0.04077446053419778,710600,47.373333333333335,0.385,0.0033333333333333335,Hybrid_WithoutSequence
0.9508,0.5081683001987117,0.38235294117647056,0.01780821917808219,0.034031413612565446,0.7836718472511542,0.24258253974892474,0.24258253974892474,0.07391673473871575,0.0014716187806587246,0.9821917808219178,13,21,14249,717,0.04077446053419778,717420,47.828,0.395,0.002266666666666667,Hybrid_WithoutSequence
0.9508,0.5023192635186376,0.25,0.005479452054794521,0.010723860589812333,0.7836718472511542,0.24258253974892474,0.24258253974892474,0.03057592718653496,0.0008409250175192712,0.9945205479452055,4,12,14258,726,0.04077446053419778,726240,48.416,0.405,0.0010666666666666667,Hybrid_WithoutSequence
0.951,0.5011245932169222,0.2222222222222222,0.0027397260273972603,0.005412719891745603,0.7836718472511542,0.24258253974892474,0.24258253974892474,0.01976342978756613,0.0004905395935529082,0.9972602739726028,2,7,14263,728,0.04077446053419778,728140,48.54266666666667,0.41500000000000004,0.0006,Hybrid_WithoutSequence
0.9512,0.4999299229152067,0.0,0.0,0.0,0.7836718472511542,0.24258253974892474,0.24258253974892474,-0.002611847204436184,0.0001401541695865452,1.0,0,2,14268,730,0.04077446053419778,730040,48.669333333333334,0.425,0.00013333333333333334,Hybrid_WithoutSequence
0.9512666666666667,0.4999649614576034,0.0,0.0,0.0,0.7836718472511542,0.24258253974892474,0.24258253974892474,-0.0018467933027203661,7.00770847932726e-05,1.0,0,1,14269,730,0.04077446053419778,730020,48.668,0.435,6.666666666666667e-05,Hybrid_WithoutSequence
0.9512666666666667,0.4999649614576034,0.0,0.0,0.0,0.7836718472511542,0.24258253974892474,0.24258253974892474,-0.0018467933027203661,7.00770847932726e-05,1.0,0,1,14269,730,0.04077446053419778,730020,48.668,0.43861031649385274,6.666666666666667e-05,Hybrid_WithoutSequence
0.9513333333333334,0.5,0.0,0.0,0.0,0.7836718472511542,0.24258253974892474,0.24258253974892474,0.0,0.0,1.0,0,0,14270,730,0.04077446053419778,730000,48.666666666666664,0.445,0.0,Hybrid_WithoutSequence
0.9513333333333334,0.5,0.0,0.0,0.0,0.7836718472511542,0.24258253974892474,0.24258253974892474,0.0,0.0,1.0,0,0,14270,730,0.04077446053419778,730000,48.666666666666664,0.455,0.0,Hybrid_WithoutSequence
0.9513333333333334,0.5,0.0,0.0,0.0,0.7836718472511542,0.24258253974892474,0.24258253974892474,0.0,0.0,1.0,0,0,14270,730,0.04077446053419778,730000,48.666666666666664,0.465,0.0,Hybrid_WithoutSequence
0.9513333333333334,0.5,0.0,0.0,0.0,0.7836718472511542,0.24258253974892474,0.24258253974892474,0.0,0.0,1.0,0,0,14270,730,0.04077446053419778,730000,48.666666666666664,0.47500000000000003,0.0,Hybrid_WithoutSequence
0.9513333333333334,0.5,0.0,0.0,0.0,0.7836718472511542,0.24258253974892474,0.24258253974892474,0.0,0.0,1.0,0,0,14270,730,0.04077446053419778,730000,48.666666666666664,0.485,0.0,Hybrid_WithoutSequence
0.9513333333333334,0.5,0.0,0.0,0.0,0.7836718472511542,0.24258253974892474,0.24258253974892474,0.0,0.0,1.0,0,0,14270,730,0.04077446053419778,730000,48.666666666666664,0.495,0.0,Hybrid_WithoutSequence
0.9513333333333334,0.5,0.0,0.0,0.0,0.7836718472511542,0.24258253974892474,0.24258253974892474,0.0,0.0,1.0,0,0,14270,730,0.04077446053419778,730000,48.666666666666664,0.505,0.0,Hybrid_WithoutSequence
0.9513333333333334,0.5,0.0,0.0,0.0,0.7836718472511542,0.24258253974892474,0.24258253974892474,0.0,0.0,1.0,0,0,14270,730,0.04077446053419778,730000,48.666666666666664,0.515,0.0,Hybrid_WithoutSequence
0.9513333333333334,0.5,0.0,0.0,0.0,0.7836718472511542,0.24258253974892474,0.24258253974892474,0.0,0.0,1.0,0,0,14270,730,0.04077446053419778,730000,48.666666666666664,0.525,0.0,Hybrid_WithoutSequence
0.9513333333333334,0.5,0.0,0.0,0.0,0.7836718472511542,0.24258253974892474,0.24258253974892474,0.0,0.0,1.0,0,0,14270,730,0.04077446053419778,730000,48.666666666666664,0.535,0.0,Hybrid_WithoutSequence
0.9513333333333334,0.5,0.0,0.0,0.0,0.7836718472511542,0.24258253974892474,0.24258253974892474,0.0,0.0,1.0,0,0,14270,730,0.04077446053419778,730000,48.666666666666664,0.545,0.0,Hybrid_WithoutSequence
0.9513333333333334,0.5,0.0,0.0,0.0,0.7836718472511542,0.24258253974892474,0.24258253974892474,0.0,0.0,1.0,0,0,14270,730,0.04077446053419778,730000,48.666666666666664,0.555,0.0,Hybrid_WithoutSequence
0.9513333333333334,0.5,0.0,0.0,0.0,0.7836718472511542,0.24258253974892474,0.24258253974892474,0.0,0.0,1.0,0,0,14270,730,0.04077446053419778,730000,48.666666666666664,0.5650000000000001,0.0,Hybrid_WithoutSequence
0.9513333333333334,0.5,0.0,0.0,0.0,0.7836718472511542,0.24258253974892474,0.24258253974892474,0.0,0.0,1.0,0,0,14270,730,0.04077446053419778,730000,48.666666666666664,0.5750000000000001,0.0,Hybrid_WithoutSequence
0.9513333333333334,0.5,0.0,0.0,0.0,0.7836718472511542,0.24258253974892474,0.24258253974892474,0.0,0.0,1.0,0,0,14270,730,0.04077446053419778,730000,48.666666666666664,0.585,0.0,Hybrid_WithoutSequence
0.9513333333333334,0.5,0.0,0.0,0.0,0.7836718472511542,0.24258253974892474,0.24258253974892474,0.0,0.0,1.0,0,0,14270,730,0.04077446053419778,730000,48.666666666666664,0.595,0.0,Hybrid_WithoutSequence
0.9513333333333334,0.5,0.0,0.0,0.0,0.7836718472511542,0.24258253974892474,0.24258253974892474,0.0,0.0,1.0,0,0,14270,730,0.04077446053419778,730000,48.666666666666664,0.605,0.0,Hybrid_WithoutSequence
0.9513333333333334,0.5,0.0,0.0,0.0,0.7836718472511542,0.24258253974892474,0.24258253974892474,0.0,0.0,1.0,0,0,14270,730,0.04077446053419778,730000,48.666666666666664,0.615,0.0,Hybrid_WithoutSequence
0.9513333333333334,0.5,0.0,0.0,0.0,0.7836718472511542,0.24258253974892474,0.24258253974892474,0.0,0.0,1.0,0,0,14270,730,0.04077446053419778,730000,48.666666666666664,0.625,0.0,Hybrid_WithoutSequence
0.9513333333333334,0.5,0.0,0.0,0.0,0.7836718472511542,0.24258253974892474,0.24258253974892474,0.0,0.0,1.0,0,0,14270,730,0.04077446053419778,730000,48.666666666666664,0.635,0.0,Hybrid_WithoutSequence
0.9513333333333334,0.5,0.0,0.0,0.0,0.7836718472511542,0.24258253974892474,0.24258253974892474,0.0,0.0,1.0,0,0,14270,730,0.04077446053419778,730000,48.666666666666664,0.645,0.0,Hybrid_WithoutSequence
0.9513333333333334,0.5,0.0,0.0,0.0,0.7836718472511542,0.24258253974892474,0.24258253974892474,0.0,0.0,1.0,0,0,14270,730,0.04077446053419778,730000,48.666666666666664,0.655,0.0,Hybrid_WithoutSequence
0.9513333333333334,0.5,0.0,0.0,0.0,0.7836718472511542,0.24258253974892474,0.24258253974892474,0.0,0.0,1.0,0,0,14270,730,0.04077446053419778,730000,48.666666666666664,0.665,0.0,Hybrid_WithoutSequence
0.9513333333333334,0.5,0.0,0.0,0.0,0.7836718472511542,0.24258253974892474,0.24258253974892474,0.0,0.0,1.0,0,0,14270,730,0.04077446053419778,730000,48.666666666666664,0.675,0.0,Hybrid_WithoutSequence
0.9513333333333334,0.5,0.0,0.0,0.0,0.7836718472511542,0.24258253974892474,0.24258253974892474,0.0,0.0,1.0,0,0,14270,730,0.04077446053419778,730000,48.666666666666664,0.685,0.0,Hybrid_WithoutSequence
0.9513333333333334,0.5,0.0,0.0,0.0,0.7836718472511542,0.24258253974892474,0.24258253974892474,0.0,0.0,1.0,0,0,14270,730,0.04077446053419778,730000,48.666666666666664,0.6950000000000001,0.0,Hybrid_WithoutSequence
0.9513333333333334,0.5,0.0,0.0,0.0,0.7836718472511542,0.24258253974892474,0.24258253974892474,0.0,0.0,1.0,0,0,14270,730,0.04077446053419778,730000,48.666666666666664,0.7050000000000001,0.0,Hybrid_WithoutSequence
0.9513333333333334,0.5,0.0,0.0,0.0,0.7836718472511542,0.24258253974892474,0.24258253974892474,0.0,0.0,1.0,0,0,14270,730,0.04077446053419778,730000,48.666666666666664,0.715,0.0,Hybrid_WithoutSequence
0.9513333333333334,0.5,0.0,0.0,0.0,0.7836718472511542,0.24258253974892474,0.24258253974892474,0.0,0.0,1.0,0,0,14270,730,0.04077446053419778,730000,48.666666666666664,0.725,0.0,Hybrid_WithoutSequence
0.9513333333333334,0.5,0.0,0.0,0.0,0.7836718472511542,0.24258253974892474,0.24258253974892474,0.0,0.0,1.0,0,0,14270,730,0.04077446053419778,730000,48.666666666666664,0.735,0.0,Hybrid_WithoutSequence
0.9513333333333334,0.5,0.0,0.0,0.0,0.7836718472511542,0.24258253974892474,0.24258253974892474,0.0,0.0,1.0,0,0,14270,730,0.04077446053419778,730000,48.666666666666664,0.745,0.0,Hybrid_WithoutSequence
0.9513333333333334,0.5,0.0,0.0,0.0,0.7836718472511542,0.24258253974892474,0.24258253974892474,0.0,0.0,1.0,0,0,14270,730,0.04077446053419778,730000,48.666666666666664,0.755,0.0,Hybrid_WithoutSequence
0.9513333333333334,0.5,0.0,0.0,0.0,0.7836718472511542,0.24258253974892474,0.24258253974892474,0.0,0.0,1.0,0,0,14270,730,0.04077446053419778,730000,48.666666666666664,0.765,0.0,Hybrid_WithoutSequence
0.9513333333333334,0.5,0.0,0.0,0.0,0.7836718472511542,0.24258253974892474,0.24258253974892474,0.0,0.0,1.0,0,0,14270,730,0.04077446053419778,730000,48.666666666666664,0.775,0.0,Hybrid_WithoutSequence
0.9513333333333334,0.5,0.0,0.0,0.0,0.7836718472511542,0.24258253974892474,0.24258253974892474,0.0,0.0,1.0,0,0,14270,730,0.04077446053419778,730000,48.666666666666664,0.785,0.0,Hybrid_WithoutSequence
0.9513333333333334,0.5,0.0,0.0,0.0,0.7836718472511542,0.24258253974892474,0.24258253974892474,0.0,0.0,1.0,0,0,14270,730,0.04077446053419778,730000,48.666666666666664,0.795,0.0,Hybrid_WithoutSequence
0.9513333333333334,0.5,0.0,0.0,0.0,0.7836718472511542,0.24258253974892474,0.24258253974892474,0.0,0.0,1.0,0,0,14270,730,0.04077446053419778,730000,48.666666666666664,0.805,0.0,Hybrid_WithoutSequence
0.9513333333333334,0.5,0.0,0.0,0.0,0.7836718472511542,0.24258253974892474,0.24258253974892474,0.0,0.0,1.0,0,0,14270,730,0.04077446053419778,730000,48.666666666666664,0.8150000000000001,0.0,Hybrid_WithoutSequence
0.9513333333333334,0.5,0.0,0.0,0.0,0.7836718472511542,0.24258253974892474,0.24258253974892474,0.0,0.0,1.0,0,0,14270,730,0.04077446053419778,730000,48.666666666666664,0.8250000000000001,0.0,Hybrid_WithoutSequence
0.9513333333333334,0.5,0.0,0.0,0.0,0.7836718472511542,0.24258253974892474,0.24258253974892474,0.0,0.0,1.0,0,0,14270,730,0.04077446053419778,730000,48.666666666666664,0.8350000000000001,0.0,Hybrid_WithoutSequence
0.9513333333333334,0.5,0.0,0.0,0.0,0.7836718472511542,0.24258253974892474,0.24258253974892474,0.0,0.0,1.0,0,0,14270,730,0.04077446053419778,730000,48.666666666666664,0.845,0.0,Hybrid_WithoutSequence
0.9513333333333334,0.5,0.0,0.0,0.0,0.7836718472511542,0.24258253974892474,0.24258253974892474,0.0,0.0,1.0,0,0,14270,730,0.04077446053419778,730000,48.666666666666664,0.855,0.0,Hybrid_WithoutSequence
0.9513333333333334,0.5,0.0,0.0,0.0,0.7836718472511542,0.24258253974892474,0.24258253974892474,0.0,0.0,1.0,0,0,14270,730,0.04077446053419778,730000,48.666666666666664,0.865,0.0,Hybrid_WithoutSequence
0.9513333333333334,0.5,0.0,0.0,0.0,0.7836718472511542,0.24258253974892474,0.24258253974892474,0.0,0.0,1.0,0,0,14270,730,0.04077446053419778,730000,48.666666666666664,0.875,0.0,Hybrid_WithoutSequence
0.9513333333333334,0.5,0.0,0.0,0.0,0.7836718472511542,0.24258253974892474,0.24258253974892474,0.0,0.0,1.0,0,0,14270,730,0.04077446053419778,730000,48.666666666666664,0.885,0.0,Hybrid_WithoutSequence
0.9513333333333334,0.5,0.0,0.0,0.0,0.7836718472511542,0.24258253974892474,0.24258253974892474,0.0,0.0,1.0,0,0,14270,730,0.04077446053419778,730000,48.666666666666664,0.895,0.0,Hybrid_WithoutSequence
0.9513333333333334,0.5,0.0,0.0,0.0,0.7836718472511542,0.24258253974892474,0.24258253974892474,0.0,0.0,1.0,0,0,14270,730,0.04077446053419778,730000,48.666666666666664,0.905,0.0,Hybrid_WithoutSequence
0.9513333333333334,0.5,0.0,0.0,0.0,0.7836718472511542,0.24258253974892474,0.24258253974892474,0.0,0.0,1.0,0,0,14270,730,0.04077446053419778,730000,48.666666666666664,0.915,0.0,Hybrid_WithoutSequence
0.9513333333333334,0.5,0.0,0.0,0.0,0.7836718472511542,0.24258253974892474,0.24258253974892474,0.0,0.0,1.0,0,0,14270,730,0.04077446053419778,730000,48.666666666666664,0.925,0.0,Hybrid_WithoutSequence
0.9513333333333334,0.5,0.0,0.0,0.0,0.7836718472511542,0.24258253974892474,0.24258253974892474,0.0,0.0,1.0,0,0,14270,730,0.04077446053419778,730000,48.666666666666664,0.935,0.0,Hybrid_WithoutSequence
0.9513333333333334,0.5,0.0,0.0,0.0,0.7836718472511542,0.24258253974892474,0.24258253974892474,0.0,0.0,1.0,0,0,14270,730,0.04077446053419778,730000,48.666666666666664,0.9450000000000001,0.0,Hybrid_WithoutSequence
0.9513333333333334,0.5,0.0,0.0,0.0,0.7836718472511542,0.24258253974892474,0.24258253974892474,0.0,0.0,1.0,0,0,14270,730,0.04077446053419778,730000,48.666666666666664,0.9550000000000001,0.0,Hybrid_WithoutSequence
0.9513333333333334,0.5,0.0,0.0,0.0,0.7836718472511542,0.24258253974892474,0.24258253974892474,0.0,0.0,1.0,0,0,14270,730,0.04077446053419778,730000,48.666666666666664,0.965,0.0,Hybrid_WithoutSequence
0.9513333333333334,0.5,0.0,0.0,0.0,0.7836718472511542,0.24258253974892474,0.24258253974892474,0.0,0.0,1.0,0,0,14270,730,0.04077446053419778,730000,48.666666666666664,0.975,0.0,Hybrid_WithoutSequence
0.9513333333333334,0.5,0.0,0.0,0.0,0.7836718472511542,0.24258253974892474,0.24258253974892474,0.0,0.0,1.0,0,0,14270,730,0.04077446053419778,730000,48.666666666666664,0.985,0.0,Hybrid_WithoutSequence
0.9513333333333334,0.5,0.0,0.0,0.0,0.7836718472511542,0.24258253974892474,0.24258253974892474,0.0,0.0,1.0,0,0,14270,730,0.04077446053419778,730000,48.666666666666664,0.995,0.0,Hybrid_WithoutSequence
0.9513333333333334,0.5,0.0,0.0,0.0,0.7836718472511542,0.24258253974892474,0.24258253974892474,0.0,0.0,1.0,0,0,14270,730,0.04077446053419778,730000,48.666666666666664,1.000001,0.0,Hybrid_WithoutSequence
0.048666666666666664,0.5,0.048666666666666664,1.0,0.09281627463445645,0.7862675792687026,0.2441388014007222,0.2441388014007222,0.0,1.0,0.0,730,14270,0,0,0.04076370596885681,285400,19.026666666666667,0.0,1.0,WithoutGraphFeatures
0.05386666666666667,0.5027330063069376,0.04892105615869186,1.0,0.09327881420904675,0.7862675792687026,0.2441388014007222,0.2441388014007222,0.01635246495325735,0.9945339873861248,0.0,730,14192,78,0,0.04076370596885681,283840,18.922666666666668,0.005,0.9948,WithoutGraphFeatures
0.055933333333333335,0.5038192011212334,0.049022899738096835,1.0,0.0934639267652519,0.7862675792687026,0.2441388014007222,0.2441388014007222,0.0193508818220695,0.9923615977575333,0.0,730,14161,109,0,0.04076370596885681,283220,18.881333333333334,0.009646302089095116,0.9927333333333334,WithoutGraphFeatures
0.15846666666666667,0.5447106200382064,0.05333133027867498,0.9726027397260274,0.1011179947304707,0.7862675792687026,0.2441388014007222,0.2441388014007222,0.06090018299319749,0.8831814996496146,0.0273972602739726,710,12603,1667,20,0.04076370596885681,272060,18.137333333333334,0.00964630302041769,0.8875333333333333,WithoutGraphFeatures
0.1682,0.5498262472281154,0.05392268550163287,0.9726027397260274,0.10218032668921351,0.7862675792687026,0.2441388014007222,0.2441388014007222,0.06546918590368503,0.8729502452697968,0.0273972602739726,710,12457,1813,20,0.04076370596885681,269140,17.942666666666668,0.012987012974917889,0.8778,WithoutGraphFeatures
0.17933333333333334,0.5537280049149955,0.054409727566569185,0.9684931506849315,0.10303118624307782,0.7862675792687026,0.2441388014007222,0.2441388014007222,0.06793087848028251,0.8610371408549404,0.031506849315068496,707,12287,1983,23,0.04076370596885681,268740,17.916,0.014999999664723873,0.8662666666666666,WithoutGraphFeatures
0.18606666666666666,0.5572668976970558,0.05483595749631583,0.9684931506849315,0.10379505248476842,0.7862675792687026,0.2441388014007222,0.2441388014007222,0.0709247494031921,0.8539593552908199,0.031506849315068496,707,12186,2084,23,0.04076370596885681,266720,17.781333333333333,0.015,0.8595333333333334,WithoutGraphFeatures
0.19093333333333334,0.5591748183275576,0.05507879544390701,0.9671232876712329,0.10422202539120166,0.7862675792687026,0.2441388014007222,0.2441388014007222,0.07222754255205302,0.8487736510161177,0.03287671232876712,706,12112,2158,24,0.04076370596885681,266240,17.749333333333333,0.01937984488904476,0.8545333333333334,WithoutGraphFeatures
0.20353333333333334,0.5625476380182585,0.055551153023218953,0.9602739726027397,0.105026593752341,0.7862675792687026,0.2441388014007222,0.2441388014007222,0.07365837923862688,0.8351786965662229,0.03972602739726028,701,11918,2352,29,0.04076370596885681,267360,17.824,0.019506806507706642,0.8412666666666667,WithoutGraphFeatures
0.20813333333333334,0.5643154044791736,0.05578578259483583,0.958904109589041,0.10543756589847868,0.7862675792687026,0.2441388014007222,0.2441388014007222,0.07484640229859522,0.8302733006306937,0.0410958904109589,700,11848,2422,30,0.04076370596885681,266960,17.797333333333334,0.01950680837035179,0.8365333333333334,WithoutGraphFeatures
0.37546666666666667,0.6282161062099817,0.0665395423524689,0.9082191780821918,0.1239947634187395,0.7862675792687026,0.2441388014007222,0.2441388014007222,0.11683858152806617,0.6517869656622285,0.09178082191780822,663,9301,4969,67,0.04076370596885681,253020,16.868,0.01950681023299694,0.6642666666666667,WithoutGraphFeatures
0.3832,0.6296810052701808,0.06697154471544715,0.9027397260273973,0.12469252601702932,0.7862675792687026,0.2441388014007222,0.2441388014007222,0.1174782262535725,0.6433777154870357,0.09726027397260274,659,9181,5089,71,0.04076370596885681,254620,16.974666666666668,0.019786911085247993,0.656,WithoutGraphFeatures
0.41633333333333333,0.6360469804456135,0.06896551724137931,0.8794520547945206,0.12790118537702957,0.7862675792687026,0.2441388014007222,0.2441388014007222,0.12065532988849971,0.6073580939032936,0.12054794520547946,642,8667,5603,88,0.04076370596885681,261340,17.422666666666668,0.019801978021860123,0.6206,WithoutGraphFeatures
0.42973333333333336,0.639840262645074,0.07001538799736205,0.8726027397260274,0.12962962962962962,0.7862675792687026,0.2441388014007222,0.2441388014007222,0.1231864881698028,0.5929222144358794,0.1273972602739726,637,8461,5809,93,0.04076370596885681,262220,17.481333333333332,0.019801979884505272,0.6065333333333334,WithoutGraphFeatures
0.5182,0.6726886561519041,0.07969983180230301,0.8438356164383561,0.1456436931079324,0.7862675792687026,0.2441388014007222,0.2441388014007222,0.14869915348838822,0.498458304134548,0.15616438356164383,616,7113,7157,114,0.04076370596885681,256260,17.084,0.01980198174715042,0.5152666666666667,WithoutGraphFeatures
0.5313333333333333,0.678291463075136,0.08156216790648246,0.8410958904109589,0.14870428675224026,0.7862675792687026,0.2441388014007222,0.2441388014007222,0.15345312049587834,0.48451296426068674,0.1589041095890411,614,6914,7356,116,0.04076370596885681,254280,16.952,0.023839395493268967,0.5018666666666667,WithoutGraphFeatures
0.5395333333333333,0.6793517389676589,0.08235294117647059,0.8342465753424657,0.14990769230769233,0.7862675792687026,0.2441388014007222,0.2441388014007222,0.15437974022524084,0.47554309740714784,0.16575342465753426,609,6786,7484,121,0.04076370596885681,256720,17.11466666666667,0.023839397355914116,0.493,WithoutGraphFeatures
0.5718,0.6872118919852934,0.08644486415807061,0.815068493150685,0.15631157231052145,0.7862675792687026,0.2441388014007222,0.2441388014007222,0.16167772401105185,0.4406447091800981,0.18493150684931506,595,6288,7982,135,0.04076370596885681,260760,17.384,0.023839399218559265,0.45886666666666664,WithoutGraphFeatures
0.5806666666666667,0.6873227673728772,0.08729216152019002,0.8054794520547945,0.15751406375569246,0.7862675792687026,0.2441388014007222,0.2441388014007222,0.16206819074919787,0.43083391730903997,0.19452054794520549,588,6148,8122,142,0.04076370596885681,264960,17.664,0.025,0.44906666666666667,WithoutGraphFeatures
0.5894666666666667,0.6886983901469699,0.08841370943281772,0.7986301369863014,0.159202621518296,0.7862675792687026,0.2441388014007222,0.2441388014007222,0.1636072116723163,0.4212333566923616,0.20136986301369864,583,6011,8259,147,0.04076370596885681,267220,17.814666666666668,0.030263155698776245,0.4396,WithoutGraphFeatures
0.6004,0.6918451392422076,0.09015882902522579,0.7931506849315069,0.16191275167785235,0.7862675792687026,0.2441388014007222,0.2441388014007222,0.16684993458435113,0.4094604064470918,0.20684931506849316,579,5843,8427,151,0.04076370596885681,267860,17.857333333333333,0.030263157561421394,0.4281333333333333,WithoutGraphFeatures
0.6258666666666667,0.6967812538998378,0.09411373461922182,0.7753424657534247,0.16785290628707,0.7862675792687026,0.2441388014007222,0.2441388014007222,0.17279143717979303,0.38177995795374914,0.22465753424657534,566,5448,8822,164,0.04076370596885681,272960,18.197333333333333,0.030263159424066544,0.4009333333333333,WithoutGraphFeatures
0.6372666666666666,0.6995233798273992,0.09617692439567975,0.7684931506849315,0.17095840316928235,0.7862675792687026,0.2441388014007222,0.2441388014007222,0.17613173019433073,0.36944639103013316,0.23150684931506849,561,5272,8998,169,0.04076370596885681,274440,18.296,0.031073445454239845,0.3888666666666667,WithoutGraphFeatures
0.6386666666666667,0.7002591892177286,0.0965244322092223,0.7684931506849315,0.17150718434729442,0.7862675792687026,0.2441388014007222,0.2441388014007222,0.17689785617509252,0.36797477224947445,0.23150684931506849,561,5251,9019,169,0.04076370596885681,274020,18.268,0.031073447316884995,0.3874666666666667,WithoutGraphFeatures
0.6554,0.7038547196436629,0.09972948602344454,0.7575342465753425,0.17625498007968127,0.7862675792687026,0.2441388014007222,0.2441388014007222,0.18173670139263415,0.3498248072880168,0.24246575342465754,553,4992,9278,177,0.04076370596885681,276840,18.456,0.034999999999999996,0.36966666666666664,WithoutGraphFeatures
0.6611333333333334,0.7049183553964156,0.10086191087474784,0.7534246575342466,0.17790716480672814,0.7862675792687026,0.2441388014007222,0.2441388014007222,0.18332979967174695,0.3435879467414156,0.2465753424657534,550,4903,9367,180,0.04076370596885681,278060,18.537333333333333,0.036164846271276474,0.3635333333333333,WithoutGraphFeatures
0.7204,0.7159209376889921,0.1152820968458463,0.7109589041095891,0.198394495412844,0.7862675792687026,0.2441388014007222,0.2441388014007222,0.20274125957368105,0.27911702873160477,0.28904109589041094,519,3983,10287,211,0.04076370596885681,290660,19.377333333333333,0.03616484999656677,0.3001333333333333,WithoutGraphFeatures
0.7261333333333333,0.7163346804772921,0.11683303085299455,0.7054794520547946,0.20046710782405605,0.7862675792687026,0.2441388014007222,0.2441388014007222,0.20437123992181222,0.2728100911002102,0.2945205479452055,515,3893,10377,215,0.04076370596885681,292860,19.524,0.03978779911994934,0.29386666666666666,WithoutGraphFeatures
0.7493333333333333,0.7142304480133626,0.1227589641434263,0.6753424657534246,0.20775389801938474,0.7862675792687026,0.2441388014007222,0.2441388014007222,0.20821283338041727,0.24688156972669936,0.32465753424657534,493,3523,10747,237,0.04076370596885681,307460,20.497333333333334,0.04270462691783905,0.2677333333333333,WithoutGraphFeatures
0.7836,0.7198922924806328,0.13683602771362588,0.6493150684931507,0.22603719599427755,0.7862675792687026,0.2441388014007222,0.2441388014007222,0.22454162119993903,0.20953048353188508,0.3506849315068493,474,2990,11280,256,0.04076370596885681,315800,21.053333333333335,0.04494382068514824,0.23093333333333332,WithoutGraphFeatures
0.7932666666666667,0.7217234163058817,0.14173466304019341,0.6424657534246575,0.2322357019064125,0.7862675792687026,0.2441388014007222,0.2441388014007222,0.23011279103763885,0.19901892081289418,0.35753424657534244,469,2840,11430,261,0.04076370596885681,317800,21.186666666666667,0.045,0.2206,WithoutGraphFeatures
0.7933333333333333,0.7217584548482783,0.14177750906892383,0.6424657534246575,0.23229321446260526,0.7862675792687026,0.2441388014007222,0.2441388014007222,0.2301740955997981,0.1989488437281009,0.35753424657534244,469,2839,11431,261,0.04076370596885681,317780,21.185333333333332,0.055,0.22053333333333333,WithoutGraphFeatures
0.7933333333333333,0.7217584548482783,0.14177750906892383,0.6424657534246575,0.23229321446260526,0.7862675792687026,0.2441388014007222,0.2441388014007222,0.2301740955997981,0.1989488437281009,0.35753424657534244,469,2839,11431,261,0.04076370596885681,317780,21.185333333333332,0.05827814340591431,0.22053333333333333,WithoutGraphFeatures
0.8034666666666667,0.7199354906835875,0.14613911933631143,0.6273972602739726,0.2370600414078675,0.7862675792687026,0.2441388014007222,0.2441388014007222,0.2328075501361199,0.1875262789067975,0.3726027397260274,458,2676,11594,272,0.04076370596885681,325520,21.701333333333334,0.058278147131204605,0.20893333333333333,WithoutGraphFeatures
0.8280666666666666,0.7172672816810821,0.159735001840265,0.5945205479452055,0.2518131708732231,0.7862675792687026,0.2441388014007222,0.2441388014007222,0.24277317490308156,0.15998598458304134,0.4054794520547945,434,2283,11987,296,0.04076370596885681,341660,22.777333333333335,0.058278150856494904,0.18113333333333334,WithoutGraphFeatures
0.8414,0.7177760605158825,0.1698037645174209,0.5808219178082191,0.2627827703749612,0.7862675792687026,0.2441388014007222,0.2441388014007222,0.2515921942622682,0.1452697967764541,0.4191780821917808,424,2073,12197,306,0.04076370596885681,347460,23.164,0.06008583679795265,0.16646666666666668,WithoutGraphFeatures
0.8518666666666667,0.7161282890631749,0.17817083692838653,0.5657534246575342,0.270997375328084,0.7862675792687026,0.2441388014007222,0.2441388014007222,0.2573146052061273,0.1334968465311843,0.43424657534246575,413,1905,12365,317,0.04076370596885681,355100,23.673333333333332,0.06417112052440643,0.15453333333333333,WithoutGraphFeatures
0.8631333333333333,0.7136011941903216,0.18841262364578426,0.547945205479452,0.28040658955485454,0.7862675792687026,0.2441388014007222,0.2441388014007222,0.2637088736194664,0.12074281709880869,0.4520547945205479,400,1723,12547,330,0.04076370596885681,364460,24.297333333333334,0.065,0.14153333333333334,WithoutGraphFeatures
0.8631333333333333,0.7136011941903216,0.18841262364578426,0.547945205479452,0.28040658955485454,0.7862675792687026,0.2441388014007222,0.2441388014007222,0.2637088736194664,0.12074281709880869,0.4520547945205479,400,1723,12547,330,0.04076370596885681,364460,24.297333333333334,0.07500000000000001,0.14153333333333334,WithoutGraphFeatures
0.8631333333333333,0.7136011941903216,0.18841262364578426,0.547945205479452,0.28040658955485454,0.7862675792687026,0.2441388014007222,0.2441388014007222,0.2637088736194664,0.12074281709880869,0.4520547945205479,400,1723,12547,330,0.04076370596885681,364460,24.297333333333334,0.085,0.14153333333333334,WithoutGraphFeatures
0.8631333333333333,0.7136011941903216,0.18841262364578426,0.547945205479452,0.28040658955485454,0.7862675792687026,0.2441388014007222,0.2441388014007222,0.2637088736194664,0.12074281709880869,0.4520547945205479,400,1723,12547,330,0.04076370596885681,364460,24.297333333333334,0.095,0.14153333333333334,WithoutGraphFeatures
0.8643333333333333,0.7129321020245558,0.1894336030461685,0.5452054794520548,0.28117273048392794,0.7862675792687026,0.2441388014007222,0.2441388014007222,0.26403014005777664,0.11934127540294323,0.4547945205479452,398,1703,12567,332,0.04076370596885681,366060,24.404,0.09579439461231232,0.14006666666666667,WithoutGraphFeatures
0.8920666666666667,0.708011346727976,0.22646153846153846,0.5041095890410959,0.3125265392781316,0.7862675792687026,0.2441388014007222,0.2441388014007222,0.28801616279949915,0.08808689558514365,0.4958904109589041,368,1257,13013,362,0.04076370596885681,387140,25.809333333333335,0.09756097197532654,0.10833333333333334,WithoutGraphFeatures
0.902,0.700884123220474,0.2426981919332406,0.4780821917808219,0.32195571955719554,0.7862675792687026,0.2441388014007222,0.2441388014007222,0.2936349274977373,0.07631394533987386,0.5219178082191781,349,1089,13181,381,0.04076370596885681,402780,26.852,0.10500000000000001,0.09586666666666667,WithoutGraphFeatures
0.902,0.700884123220474,0.2426981919332406,0.4780821917808219,0.32195571955719554,0.7862675792687026,0.2441388014007222,0.2441388014007222,0.2936349274977373,0.07631394533987386,0.5219178082191781,349,1089,13181,381,0.04076370596885681,402780,26.852,0.115,0.09586666666666667,WithoutGraphFeatures
0.902,0.700884123220474,0.2426981919332406,0.4780821917808219,0.32195571955719554,0.7862675792687026,0.2441388014007222,0.2441388014007222,0.2936349274977373,0.07631394533987386,0.5219178082191781,349,1089,13181,381,0.04076370596885681,402780,26.852,0.125,0.09586666666666667,WithoutGraphFeatures
0.9019333333333334,0.699549298749172,0.24181184668989547,0.47534246575342465,0.320554272517321,0.7862675792687026,0.2441388014007222,0.2441388014007222,0.29195624453314456,0.07624386825508059,0.5246575342465754,347,1088,13182,383,0.04076370596885681,404760,26.984,0.12931033968925476,0.09566666666666666,WithoutGraphFeatures
0.9197333333333333,0.6829088709909668,0.2821691176470588,0.42054794520547945,0.3377337733773377,0.7862675792687026,0.2441388014007222,0.2441388014007222,0.3034792130035119,0.0547302032235459,0.5794520547945206,307,781,13489,423,0.04076370596885681,438620,29.241333333333333,0.135,0.07253333333333334,WithoutGraphFeatures
0.9198,0.6829439095333634,0.2824287028518859,0.42054794520547945,0.33791964777105116,0.7862675792687026,0.2441388014007222,0.2441388014007222,0.3036660242210734,0.05466012613875263,0.5794520547945206,307,780,13490,423,0.04076370596885681,438600,29.24,0.14500000000000002,0.07246666666666667,WithoutGraphFeatures
0.9198,0.6822940165689108,0.2820276497695853,0.4191780821917808,0.33719008264462813,0.7862675792687026,0.2441388014007222,0.2441388014007222,0.30284426368930367,0.05459004905395935,0.5808219178082191,306,779,13491,424,0.04076370596885681,439580,29.305333333333333,0.155,0.07233333333333333,WithoutGraphFeatures
0.9222,0.6777063674151155,0.2880698351115422,0.40684931506849314,0.33730834752981265,0.7862675792687026,0.2441388014007222,0.2441388014007222,0.3022695575390681,0.051436580238262086,0.5931506849315068,297,734,13536,433,0.04076370596885681,447680,29.845333333333333,0.165,0.06873333333333333,WithoutGraphFeatures
0.9222666666666667,0.6777414059575122,0.2883495145631068,0.40684931506849314,0.3375,0.7862675792687026,0.2441388014007222,0.2441388014007222,0.30246505635005644,0.051366503153468815,0.5931506849315068,297,733,13537,433,0.04076370596885681,447660,29.844,0.17500000000000002,0.06866666666666667,WithoutGraphFeatures
0.9245333333333333,0.6750333586122816,0.29573170731707316,0.39863013698630134,0.33955659276546085,0.7862675792687026,0.2441388014007222,0.2441388014007222,0.3042388318824086,0.04856341976173791,0.6013698630136987,291,693,13577,439,0.04076370596885681,452860,30.190666666666665,0.17878787219524384,0.0656,WithoutGraphFeatures
0.9381333333333334,0.652936037860825,0.3565217391304348,0.336986301369863,0.34647887323943666,0.7862675792687026,0.2441388014007222,0.2441388014007222,0.31417301853000595,0.031114225648213034,0.663013698630137,246,444,13826,484,0.04076370596885681,492880,32.858666666666664,0.185,0.046,WithoutGraphFeatures
0.9381333333333334,0.652936037860825,0.3565217391304348,0.336986301369863,0.34647887323943666,0.7862675792687026,0.2441388014007222,0.2441388014007222,0.31417301853000595,0.031114225648213034,0.663013698630137,246,444,13826,484,0.04076370596885681,492880,32.858666666666664,0.195,0.046,WithoutGraphFeatures
0.9381333333333334,0.652936037860825,0.3565217391304348,0.336986301369863,0.34647887323943666,0.7862675792687026,0.2441388014007222,0.2441388014007222,0.31417301853000595,0.031114225648213034,0.663013698630137,246,444,13826,484,0.04076370596885681,492880,32.858666666666664,0.20500000000000002,0.046,WithoutGraphFeatures
0.9381333333333334,0.652936037860825,0.3565217391304348,0.336986301369863,0.34647887323943666,0.7862675792687026,0.2441388014007222,0.2441388014007222,0.31417301853000595,0.031114225648213034,0.663013698630137,246,444,13826,484,0.04076370596885681,492880,32.858666666666664,0.215,0.046,WithoutGraphFeatures
0.9381333333333334,0.652936037860825,0.3565217391304348,0.336986301369863,0.34647887323943666,0.7862675792687026,0.2441388014007222,0.2441388014007222,0.31417301853000595,0.031114225648213034,0.663013698630137,246,444,13826,484,0.04076370596885681,492880,32.858666666666664,0.225,0.046,WithoutGraphFeatures
0.9381333333333334,0.652936037860825,0.3565217391304348,0.336986301369863,0.34647887323943666,0.7862675792687026,0.2441388014007222,0.2441388014007222,0.31417301853000595,0.031114225648213034,0.663013698630137,246,444,13826,484,0.04076370596885681,492880,32.858666666666664,0.23500000000000001,0.046,WithoutGraphFeatures
0.9381333333333334,0.652936037860825,0.3565217391304348,0.336986301369863,0.34647887323943666,0.7862675792687026,0.2441388014007222,0.2441388014007222,0.31417301853000595,0.031114225648213034,0.663013698630137,246,444,13826,484,0.04076370596885681,492880,32.858666666666664,0.245,0.046,WithoutGraphFeatures
0.9382,0.6529710764032216,0.3570391872278665,0.336986301369863,0.346723044397463,0.7862675792687026,0.2441388014007222,0.2441388014007222,0.31446197169162077,0.031044148563419763,0.663013698630137,246,443,13827,484,0.04076370596885681,492860,32.85733333333334,0.255,0.04593333333333333,WithoutGraphFeatures
0.9382,0.6529710764032216,0.3570391872278665,0.336986301369863,0.346723044397463,0.7862675792687026,0.2441388014007222,0.2441388014007222,0.31446197169162077,0.031044148563419763,0.663013698630137,246,443,13827,484,0.04076370596885681,492860,32.85733333333334,0.265,0.04593333333333333,WithoutGraphFeatures
0.9382,0.6529710764032216,0.3570391872278665,0.336986301369863,0.346723044397463,0.7862675792687026,0.2441388014007222,0.2441388014007222,0.31446197169162077,0.031044148563419763,0.663013698630137,246,443,13827,484,0.04076370596885681,492860,32.85733333333334,0.275,0.04593333333333333,WithoutGraphFeatures
0.9382,0.6529710764032216,0.3570391872278665,0.336986301369863,0.346723044397463,0.7862675792687026,0.2441388014007222,0.2441388014007222,0.31446197169162077,0.031044148563419763,0.663013698630137,246,443,13827,484,0.04076370596885681,492860,32.85733333333334,0.28500000000000003,0.04593333333333333,WithoutGraphFeatures
0.9382,0.652321183438769,0.35662299854439594,0.3356164383561644,0.3458009880028229,0.7862675792687026,0.2441388014007222,0.2441388014007222,0.3135595361762342,0.030974071478626488,0.6643835616438356,245,442,13828,485,0.04076370596885681,493840,32.922666666666665,0.2879999876022339,0.0458,WithoutGraphFeatures
0.9443333333333334,0.6340982615123211,0.4007561436672968,0.29041095890410956,0.3367752184273232,0.7862675792687026,0.2441388014007222,0.2441388014007222,0.3128595757697914,0.022214435879467413,0.7095890410958904,212,317,13953,518,0.04076370596885681,524340,34.956,0.295,0.03526666666666667,WithoutGraphFeatures
0.9448,0.6284944946290234,0.4027777777777778,0.27808219178082194,0.32901134521880065,0.7862675792687026,0.2441388014007222,0.2441388014007222,0.30686586023381096,0.021093202522775054,0.7219178082191781,203,301,13969,527,0.04076370596885681,533020,35.534666666666666,0.305,0.0336,WithoutGraphFeatures
0.9449333333333333,0.6272647857849113,0.4036144578313253,0.27534246575342464,0.32736156351791534,0.7862675792687026,0.2441388014007222,0.2441388014007222,0.30569127359573284,0.020812894183601962,0.7246575342465753,201,297,13973,529,0.04076370596885681,534940,35.66266666666667,0.30985915660858154,0.0332,WithoutGraphFeatures
0.9489333333333333,0.5929730923193595,0.4447852760736196,0.19863013698630136,0.2746212121212121,0.7862675792687026,0.2441388014007222,0.2441388014007222,0.27439590820088866,0.01268395234758234,0.8013698630136986,145,181,14089,585,0.04076370596885681,588620,39.24133333333333,0.315,0.021733333333333334,WithoutGraphFeatures
0.9489333333333333,0.5929730923193595,0.4447852760736196,0.19863013698630136,0.2746212121212121,0.7862675792687026,0.2441388014007222,0.2441388014007222,0.27439590820088866,0.01268395234758234,0.8013698630136986,145,181,14089,585,0.04076370596885681,588620,39.24133333333333,0.325,0.021733333333333334,WithoutGraphFeatures
0.9498666666666666,0.5648683414769945,0.45089285714285715,0.13835616438356163,0.21174004192872117,0.7862675792687026,0.2441388014007222,0.2441388014007222,0.23016207070868078,0.00861948142957253,0.8616438356164383,101,123,14147,629,0.04076370596885681,631460,42.09733333333333,0.335,0.014933333333333333,WithoutGraphFeatures
0.9501333333333334,0.5650084956465811,0.4590909090909091,0.13835616438356163,0.21263157894736837,0.7862675792687026,0.2441388014007222,0.2441388014007222,0.23271531815409358,0.00833917309039944,0.8616438356164383,101,119,14151,629,0.04076370596885681,631380,42.092,0.34500000000000003,0.014666666666666666,WithoutGraphFeatures
0.9501333333333334,0.5643586026821283,0.45871559633027525,0.136986301369863,0.21097046413502107,0.7862675792687026,0.2441388014007222,0.2441388014007222,0.23142761136058368,0.008269096005606167,0.863013698630137,100,118,14152,630,0.04076370596885681,632360,42.157333333333334,0.35500000000000004,0.014533333333333334,WithoutGraphFeatures
0.9500666666666666,0.561723992281921,0.4549763033175355,0.13150684931506848,0.20403825717321997,0.7862675792687026,0.2441388014007222,0.2441388014007222,0.22555205507614812,0.00805886475122635,0.8684931506849315,96,115,14155,634,0.04076370596885681,636300,42.42,0.3607594966888428,0.014066666666666667,WithoutGraphFeatures
0.9514666666666667,0.50656900672932,0.5555555555555556,0.0136986301369863,0.0267379679144385,0.7862675792687026,0.2441388014007222,0.2441388014007222,0.08165484713800349,0.0005606166783461808,0.9863013698630136,10,8,14262,720,0.04076370596885681,720160,48.010666666666665,0.365,0.0012,WithoutGraphFeatures
0.9514666666666667,0.50656900672932,0.5555555555555556,0.0136986301369863,0.0267379679144385,0.7862675792687026,0.2441388014007222,0.2441388014007222,0.08165484713800349,0.0005606166783461808,0.9863013698630136,10,8,14262,720,0.04076370596885681,720160,48.010666666666665,0.375,0.0012,WithoutGraphFeatures
0.9514666666666667,0.50656900672932,0.5555555555555556,0.0136986301369863,0.0267379679144385,0.7862675792687026,0.2441388014007222,0.2441388014007222,0.08165484713800349,0.0005606166783461808,0.9863013698630136,10,8,14262,720,0.04076370596885681,720160,48.010666666666665,0.385,0.0012,WithoutGraphFeatures
0.9514666666666667,0.50656900672932,0.5555555555555556,0.0136986301369863,0.0267379679144385,0.7862675792687026,0.2441388014007222,0.2441388014007222,0.08165484713800349,0.0005606166783461808,0.9863013698630136,10,8,14262,720,0.04076370596885681,720160,48.010666666666665,0.395,0.0012,WithoutGraphFeatures
0.9514666666666667,0.50656900672932,0.5555555555555556,0.0136986301369863,0.0267379679144385,0.7862675792687026,0.2441388014007222,0.2441388014007222,0.08165484713800349,0.0005606166783461808,0.9863013698630136,10,8,14262,720,0.04076370596885681,720160,48.010666666666665,0.405,0.0012,WithoutGraphFeatures
0.9514666666666667,0.50656900672932,0.5555555555555556,0.0136986301369863,0.0267379679144385,0.7862675792687026,0.2441388014007222,0.2441388014007222,0.08165484713800349,0.0005606166783461808,0.9863013698630136,10,8,14262,720,0.04076370596885681,720160,48.010666666666665,0.41500000000000004,0.0012,WithoutGraphFeatures
0.9514666666666667,0.50656900672932,0.5555555555555556,0.0136986301369863,0.0267379679144385,0.7862675792687026,0.2441388014007222,0.2441388014007222,0.08165484713800349,0.0005606166783461808,0.9863013698630136,10,8,14262,720,0.04076370596885681,720160,48.010666666666665,0.425,0.0012,WithoutGraphFeatures
0.9514,0.5058840752224707,0.5294117647058824,0.012328767123287671,0.024096385542168672,0.7862675792687026,0.2441388014007222,0.2441388014007222,0.07525888469642296,0.0005606166783461808,0.9876712328767123,9,8,14262,721,0.04076370596885681,721160,48.077333333333335,0.435,0.0011333333333333334,WithoutGraphFeatures
0.9514,0.5058840752224707,0.5294117647058824,0.012328767123287671,0.024096385542168672,0.7862675792687026,0.2441388014007222,0.2441388014007222,0.07525888469642296,0.0005606166783461808,0.9876712328767123,9,8,14262,721,0.04076370596885681,721160,48.077333333333335,0.445,0.0011333333333333334,WithoutGraphFeatures
0.9514,0.5058840752224707,0.5294117647058824,0.012328767123287671,0.024096385542168672,0.7862675792687026,0.2441388014007222,0.2441388014007222,0.07525888469642296,0.0005606166783461808,0.9876712328767123,9,8,14262,721,0.04076370596885681,721160,48.077333333333335,0.455,0.0011333333333333334,WithoutGraphFeatures
0.9514,0.5058840752224707,0.5294117647058824,0.012328767123287671,0.024096385542168672,0.7862675792687026,0.2441388014007222,0.2441388014007222,0.07525888469642296,0.0005606166783461808,0.9876712328767123,9,8,14262,721,0.04076370596885681,721160,48.077333333333335,0.465,0.0011333333333333334,WithoutGraphFeatures
0.9514,0.5058840752224707,0.5294117647058824,0.012328767123287671,0.024096385542168672,0.7862675792687026,0.2441388014007222,0.2441388014007222,0.07525888469642296,0.0005606166783461808,0.9876712328767123,9,8,14262,721,0.04076370596885681,721160,48.077333333333335,0.47500000000000003,0.0011333333333333334,WithoutGraphFeatures
0.9514,0.5058840752224707,0.5294117647058824,0.012328767123287671,0.024096385542168672,0.7862675792687026,0.2441388014007222,0.2441388014007222,0.07525888469642296,0.0005606166783461808,0.9876712328767123,9,8,14262,721,0.04076370596885681,721160,48.077333333333335,0.485,0.0011333333333333334,WithoutGraphFeatures
0.9514,0.5058840752224707,0.5294117647058824,0.012328767123287671,0.024096385542168672,0.7862675792687026,0.2441388014007222,0.2441388014007222,0.07525888469642296,0.0005606166783461808,0.9876712328767123,9,8,14262,721,0.04076370596885681,721160,48.077333333333335,0.495,0.0011333333333333334,WithoutGraphFeatures
0.9514,0.5058840752224707,0.5294117647058824,0.012328767123287671,0.024096385542168672,0.7862675792687026,0.2441388014007222,0.2441388014007222,0.07525888469642296,0.0005606166783461808,0.9876712328767123,9,8,14262,721,0.04076370596885681,721160,48.077333333333335,0.505,0.0011333333333333334,WithoutGraphFeatures
0.9514,0.5058840752224707,0.5294117647058824,0.012328767123287671,0.024096385542168672,0.7862675792687026,0.2441388014007222,0.2441388014007222,0.07525888469642296,0.0005606166783461808,0.9876712328767123,9,8,14262,721,0.04076370596885681,721160,48.077333333333335,0.515,0.0011333333333333334,WithoutGraphFeatures
0.9514,0.5058840752224707,0.5294117647058824,0.012328767123287671,0.024096385542168672,0.7862675792687026,0.2441388014007222,0.2441388014007222,0.07525888469642296,0.0005606166783461808,0.9876712328767123,9,8,14262,721,0.04076370596885681,721160,48.077333333333335,0.525,0.0011333333333333334,WithoutGraphFeatures
0.9514,0.5058840752224707,0.5294117647058824,0.012328767123287671,0.024096385542168672,0.7862675792687026,0.2441388014007222,0.2441388014007222,0.07525888469642296,0.0005606166783461808,0.9876712328767123,9,8,14262,721,0.04076370596885681,721160,48.077333333333335,0.535,0.0011333333333333334,WithoutGraphFeatures
0.9513333333333334,0.5051991437156215,0.5,0.010958904109589041,0.021447721179624665,0.7862675792687026,0.2441388014007222,0.2441388014007222,0.06854272418968267,0.0005606166783461808,0.989041095890411,8,8,14262,722,0.04076370596885681,722160,48.144,0.545,0.0010666666666666667,WithoutGraphFeatures
0.9513333333333334,0.5051991437156215,0.5,0.010958904109589041,0.021447721179624665,0.7862675792687026,0.2441388014007222,0.2441388014007222,0.06854272418968267,0.0005606166783461808,0.989041095890411,8,8,14262,722,0.04076370596885681,722160,48.144,0.555,0.0010666666666666667,WithoutGraphFeatures
0.9514,0.5052341822580181,0.5333333333333333,0.010958904109589041,0.021476510067114096,0.7862675792687026,0.2441388014007222,0.2441388014007222,0.07126532173168354,0.0004905395935529082,0.989041095890411,8,7,14263,722,0.04076370596885681,722140,48.14266666666666,0.5650000000000001,0.001,WithoutGraphFeatures
0.9514666666666667,0.5052692208004147,0.5714285714285714,0.010958904109589041,0.021505376344086023,0.7862675792687026,0.2441388014007222,0.2441388014007222,0.07425794523645513,0.0004204625087596356,0.989041095890411,8,6,14264,722,0.04076370596885681,722120,48.141333333333336,0.5750000000000001,0.0009333333333333333,WithoutGraphFeatures
0.9514,0.5045842892935654,0.5384615384615384,0.009589041095890411,0.018842530282637954,0.7862675792687026,0.2441388014007222,0.2441388014007222,0.06704191307920493,0.0004204625087596356,0.9904109589041096,7,6,14264,723,0.04076370596885681,723120,48.208,0.585,0.0008666666666666666,WithoutGraphFeatures
0.9514,0.5045842892935654,0.5384615384615384,0.009589041095890411,0.018842530282637954,0.7862675792687026,0.2441388014007222,0.2441388014007222,0.06704191307920493,0.0004204625087596356,0.9904109589041096,7,6,14264,723,0.04076370596885681,723120,48.208,0.595,0.0008666666666666666,WithoutGraphFeatures
0.9512,0.5005798158796594,0.25,0.0013698630136986301,0.0027247956403269754,0.7862675792687026,0.2441388014007222,0.2441388014007222,0.015281845552499595,0.0002102312543798178,0.9986301369863013,1,3,14267,729,0.04076370596885681,729060,48.604,0.605,0.0002666666666666667,WithoutGraphFeatures
0.9512,0.5005798158796594,0.25,0.0013698630136986301,0.0027247956403269754,0.7862675792687026,0.2441388014007222,0.2441388014007222,0.015281845552499595,0.0002102312543798178,0.9986301369863013,1,3,14267,729,0.04076370596885681,729060,48.604,0.615,0.0002666666666666667,WithoutGraphFeatures
0.9512,0.5005798158796594,0.25,0.0013698630136986301,0.0027247956403269754,0.7862675792687026,0.2441388014007222,0.2441388014007222,0.015281845552499595,0.0002102312543798178,0.9986301369863013,1,3,14267,729,0.04076370596885681,729060,48.604,0.625,0.0002666666666666667,WithoutGraphFeatures
0.9512,0.5005798158796594,0.25,0.0013698630136986301,0.0027247956403269754,0.7862675792687026,0.2441388014007222,0.2441388014007222,0.015281845552499595,0.0002102312543798178,0.9986301369863013,1,3,14267,729,0.04076370596885681,729060,48.604,0.635,0.0002666666666666667,WithoutGraphFeatures
0.9512,0.5005798158796594,0.25,0.0013698630136986301,0.0027247956403269754,0.7862675792687026,0.2441388014007222,0.2441388014007222,0.015281845552499595,0.0002102312543798178,0.9986301369863013,1,3,14267,729,0.04076370596885681,729060,48.604,0.645,0.0002666666666666667,WithoutGraphFeatures
0.9512,0.5005798158796594,0.25,0.0013698630136986301,0.0027247956403269754,0.7862675792687026,0.2441388014007222,0.2441388014007222,0.015281845552499595,0.0002102312543798178,0.9986301369863013,1,3,14267,729,0.04076370596885681,729060,48.604,0.655,0.0002666666666666667,WithoutGraphFeatures
0.9512,0.5005798158796594,0.25,0.0013698630136986301,0.0027247956403269754,0.7862675792687026,0.2441388014007222,0.2441388014007222,0.015281845552499595,0.0002102312543798178,0.9986301369863013,1,3,14267,729,0.04076370596885681,729060,48.604,0.665,0.0002666666666666667,WithoutGraphFeatures
0.9512,0.5005798158796594,0.25,0.0013698630136986301,0.0027247956403269754,0.7862675792687026,0.2441388014007222,0.2441388014007222,0.015281845552499595,0.0002102312543798178,0.9986301369863013,1,3,14267,729,0.04076370596885681,729060,48.604,0.675,0.0002666666666666667,WithoutGraphFeatures
0.9512,0.5005798158796594,0.25,0.0013698630136986301,0.0027247956403269754,0.7862675792687026,0.2441388014007222,0.2441388014007222,0.015281845552499595,0.0002102312543798178,0.9986301369863013,1,3,14267,729,0.04076370596885681,729060,48.604,0.685,0.0002666666666666667,WithoutGraphFeatures
0.9512666666666667,0.500614854422056,0.3333333333333333,0.0013698630136986301,0.002728512960436562,0.7862675792687026,0.2441388014007222,0.2441388014007222,0.018711684666339302,0.0001401541695865452,0.9986301369863013,1,2,14268,729,0.04076370596885681,729040,48.602666666666664,0.6950000000000001,0.0002,WithoutGraphFeatures
0.9512666666666667,0.500614854422056,0.3333333333333333,0.0013698630136986301,0.002728512960436562,0.7862675792687026,0.2441388014007222,0.2441388014007222,0.018711684666339302,0.0001401541695865452,0.9986301369863013,1,2,14268,729,0.04076370596885681,729040,48.602666666666664,0.7050000000000001,0.0002,WithoutGraphFeatures
0.9513333333333334,0.5006498929644527,0.5,0.0013698630136986301,0.0027322404371584695,0.7862675792687026,0.2441388014007222,0.2441388014007222,0.024222199416483514,7.00770847932726e-05,0.9986301369863013,1,1,14269,729,0.04076370596885681,729020,48.601333333333336,0.7142857313156128,0.00013333333333333334,WithoutGraphFeatures
0.9513333333333334,0.5,0.0,0.0,0.0,0.7862675792687026,0.2441388014007222,0.2441388014007222,0.0,0.0,1.0,0,0,14270,730,0.04076370596885681,730000,48.666666666666664,0.715,0.0,WithoutGraphFeatures
0.9513333333333334,0.5,0.0,0.0,0.0,0.7862675792687026,0.2441388014007222,0.2441388014007222,0.0,0.0,1.0,0,0,14270,730,0.04076370596885681,730000,48.666666666666664,0.725,0.0,WithoutGraphFeatures
0.9513333333333334,0.5,0.0,0.0,0.0,0.7862675792687026,0.2441388014007222,0.2441388014007222,0.0,0.0,1.0,0,0,14270,730,0.04076370596885681,730000,48.666666666666664,0.735,0.0,WithoutGraphFeatures
0.9513333333333334,0.5,0.0,0.0,0.0,0.7862675792687026,0.2441388014007222,0.2441388014007222,0.0,0.0,1.0,0,0,14270,730,0.04076370596885681,730000,48.666666666666664,0.745,0.0,WithoutGraphFeatures
0.9513333333333334,0.5,0.0,0.0,0.0,0.7862675792687026,0.2441388014007222,0.2441388014007222,0.0,0.0,1.0,0,0,14270,730,0.04076370596885681,730000,48.666666666666664,0.755,0.0,WithoutGraphFeatures
0.9513333333333334,0.5,0.0,0.0,0.0,0.7862675792687026,0.2441388014007222,0.2441388014007222,0.0,0.0,1.0,0,0,14270,730,0.04076370596885681,730000,48.666666666666664,0.765,0.0,WithoutGraphFeatures
0.9513333333333334,0.5,0.0,0.0,0.0,0.7862675792687026,0.2441388014007222,0.2441388014007222,0.0,0.0,1.0,0,0,14270,730,0.04076370596885681,730000,48.666666666666664,0.775,0.0,WithoutGraphFeatures
0.9513333333333334,0.5,0.0,0.0,0.0,0.7862675792687026,0.2441388014007222,0.2441388014007222,0.0,0.0,1.0,0,0,14270,730,0.04076370596885681,730000,48.666666666666664,0.785,0.0,WithoutGraphFeatures
0.9513333333333334,0.5,0.0,0.0,0.0,0.7862675792687026,0.2441388014007222,0.2441388014007222,0.0,0.0,1.0,0,0,14270,730,0.04076370596885681,730000,48.666666666666664,0.795,0.0,WithoutGraphFeatures
0.9513333333333334,0.5,0.0,0.0,0.0,0.7862675792687026,0.2441388014007222,0.2441388014007222,0.0,0.0,1.0,0,0,14270,730,0.04076370596885681,730000,48.666666666666664,0.805,0.0,WithoutGraphFeatures
0.9513333333333334,0.5,0.0,0.0,0.0,0.7862675792687026,0.2441388014007222,0.2441388014007222,0.0,0.0,1.0,0,0,14270,730,0.04076370596885681,730000,48.666666666666664,0.8150000000000001,0.0,WithoutGraphFeatures
0.9513333333333334,0.5,0.0,0.0,0.0,0.7862675792687026,0.2441388014007222,0.2441388014007222,0.0,0.0,1.0,0,0,14270,730,0.04076370596885681,730000,48.666666666666664,0.8250000000000001,0.0,WithoutGraphFeatures
0.9513333333333334,0.5,0.0,0.0,0.0,0.7862675792687026,0.2441388014007222,0.2441388014007222,0.0,0.0,1.0,0,0,14270,730,0.04076370596885681,730000,48.666666666666664,0.8350000000000001,0.0,WithoutGraphFeatures
0.9513333333333334,0.5,0.0,0.0,0.0,0.7862675792687026,0.2441388014007222,0.2441388014007222,0.0,0.0,1.0,0,0,14270,730,0.04076370596885681,730000,48.666666666666664,0.845,0.0,WithoutGraphFeatures
0.9513333333333334,0.5,0.0,0.0,0.0,0.7862675792687026,0.2441388014007222,0.2441388014007222,0.0,0.0,1.0,0,0,14270,730,0.04076370596885681,730000,48.666666666666664,0.855,0.0,WithoutGraphFeatures
0.9513333333333334,0.5,0.0,0.0,0.0,0.7862675792687026,0.2441388014007222,0.2441388014007222,0.0,0.0,1.0,0,0,14270,730,0.04076370596885681,730000,48.666666666666664,0.865,0.0,WithoutGraphFeatures
0.9513333333333334,0.5,0.0,0.0,0.0,0.7862675792687026,0.2441388014007222,0.2441388014007222,0.0,0.0,1.0,0,0,14270,730,0.04076370596885681,730000,48.666666666666664,0.875,0.0,WithoutGraphFeatures
0.9513333333333334,0.5,0.0,0.0,0.0,0.7862675792687026,0.2441388014007222,0.2441388014007222,0.0,0.0,1.0,0,0,14270,730,0.04076370596885681,730000,48.666666666666664,0.885,0.0,WithoutGraphFeatures
0.9513333333333334,0.5,0.0,0.0,0.0,0.7862675792687026,0.2441388014007222,0.2441388014007222,0.0,0.0,1.0,0,0,14270,730,0.04076370596885681,730000,48.666666666666664,0.895,0.0,WithoutGraphFeatures
0.9513333333333334,0.5,0.0,0.0,0.0,0.7862675792687026,0.2441388014007222,0.2441388014007222,0.0,0.0,1.0,0,0,14270,730,0.04076370596885681,730000,48.666666666666664,0.905,0.0,WithoutGraphFeatures
0.9513333333333334,0.5,0.0,0.0,0.0,0.7862675792687026,0.2441388014007222,0.2441388014007222,0.0,0.0,1.0,0,0,14270,730,0.04076370596885681,730000,48.666666666666664,0.915,0.0,WithoutGraphFeatures
0.9513333333333334,0.5,0.0,0.0,0.0,0.7862675792687026,0.2441388014007222,0.2441388014007222,0.0,0.0,1.0,0,0,14270,730,0.04076370596885681,730000,48.666666666666664,0.925,0.0,WithoutGraphFeatures
0.9513333333333334,0.5,0.0,0.0,0.0,0.7862675792687026,0.2441388014007222,0.2441388014007222,0.0,0.0,1.0,0,0,14270,730,0.04076370596885681,730000,48.666666666666664,0.935,0.0,WithoutGraphFeatures
0.9513333333333334,0.5,0.0,0.0,0.0,0.7862675792687026,0.2441388014007222,0.2441388014007222,0.0,0.0,1.0,0,0,14270,730,0.04076370596885681,730000,48.666666666666664,0.9450000000000001,0.0,WithoutGraphFeatures
0.9513333333333334,0.5,0.0,0.0,0.0,0.7862675792687026,0.2441388014007222,0.2441388014007222,0.0,0.0,1.0,0,0,14270,730,0.04076370596885681,730000,48.666666666666664,0.9550000000000001,0.0,WithoutGraphFeatures
0.9513333333333334,0.5,0.0,0.0,0.0,0.7862675792687026,0.2441388014007222,0.2441388014007222,0.0,0.0,1.0,0,0,14270,730,0.04076370596885681,730000,48.666666666666664,0.965,0.0,WithoutGraphFeatures
0.9513333333333334,0.5,0.0,0.0,0.0,0.7862675792687026,0.2441388014007222,0.2441388014007222,0.0,0.0,1.0,0,0,14270,730,0.04076370596885681,730000,48.666666666666664,0.975,0.0,WithoutGraphFeatures
0.9513333333333334,0.5,0.0,0.0,0.0,0.7862675792687026,0.2441388014007222,0.2441388014007222,0.0,0.0,1.0,0,0,14270,730,0.04076370596885681,730000,48.666666666666664,0.985,0.0,WithoutGraphFeatures
0.9513333333333334,0.5,0.0,0.0,0.0,0.7862675792687026,0.2441388014007222,0.2441388014007222,0.0,0.0,1.0,0,0,14270,730,0.04076370596885681,730000,48.666666666666664,0.995,0.0,WithoutGraphFeatures
0.9513333333333334,0.5,0.0,0.0,0.0,0.7862675792687026,0.2441388014007222,0.2441388014007222,0.0,0.0,1.0,0,0,14270,730,0.04076370596885681,730000,48.666666666666664,1.000001,0.0,WithoutGraphFeatures
0.048666666666666664,0.5,0.048666666666666664,1.0,0.09281627463445645,0.7837702431578846,0.2435377120902379,0.2435377120902379,0.0,1.0,0.0,730,14270,0,0,0.040659353137016296,285400,19.026666666666667,0.0,1.0,WithoutSequenceFeatures
0.052,0.5017519271198319,0.04882943143812709,1.0,0.09311224489795919,0.7837702431578846,0.2435377120902379,0.2435377120902379,0.01308018388115573,0.9964961457603364,0.0,730,14220,50,0,0.040659353137016296,284400,18.96,0.005,0.9966666666666667,WithoutSequenceFeatures
0.052,0.5017519271198319,0.04882943143812709,1.0,0.09311224489795919,0.7837702431578846,0.2435377120902379,0.2435377120902379,0.01308018388115573,0.9964961457603364,0.0,730,14220,50,0,0.040659353137016296,284400,18.96,0.00722021609544754,0.9966666666666667,WithoutSequenceFeatures
0.0678,0.5074564898100239,0.04937096225773546,0.9945205479452055,0.09407191448007775,0.7837702431578846,0.2435377120902379,0.2435377120902379,0.023109700578297587,0.9796075683251577,0.005479452054794521,726,13979,291,4,0.040659353137016296,283580,18.905333333333335,0.007220216561108828,0.9803333333333333,WithoutSequenceFeatures
0.10666666666666667,0.5226848163116414,0.050900326102367784,0.9835616438356164,0.09679158802911836,0.7837702431578846,0.2435377120902379,0.2435377120902379,0.041235188108097925,0.9381920112123335,0.01643835616438356,718,13388,882,12,0.040659353137016296,279760,18.650666666666666,0.007220217026770115,0.9404,WithoutSequenceFeatures
0.1258,0.5301413061216653,0.051697921946274705,0.9780821917808219,0.09820507530431194,0.7837702431578846,0.2435377120902379,0.2435377120902379,0.04801334794317832,0.9177995795374913,0.021917808219178082,714,13097,1173,16,0.040659353137016296,277940,18.529333333333334,0.009732360020279884,0.9207333333333333,WithoutSequenceFeatures
0.1778,0.5522722254754202,0.05424510180560891,0.9671232876712329,0.10272826482357221,0.7837702431578846,0.2435377120902379,0.2435377120902379,0.0663853212109731,0.8625788367203925,0.03287671232876712,706,12309,1961,24,0.040659353137016296,270180,18.012,0.015,0.8676666666666667,WithoutSequenceFeatures
0.18053333333333332,0.5530589127492296,0.05434782608695652,0.9657534246575342,0.10290468544737995,0.7837702431578846,0.2435377120902379,0.2435377120902379,0.0667766016398145,0.859635599159075,0.03424657534246575,705,12267,2003,25,0.040659353137016296,270340,18.022666666666666,0.0186612568795681,0.8648,WithoutSequenceFeatures
0.32553333333333334,0.6052217027771645,0.06229599925394013,0.915068493150685,0.11665065921592596,0.7837702431578846,0.2435377120902379,0.2435377120902379,0.1002953872955303,0.704625087596356,0.08493150684931507,668,10055,4215,62,0.040659353137016296,263100,17.54,0.023255813866853714,0.7148666666666667,WithoutSequenceFeatures
0.3472,0.615309443127166,0.06407542813161439,0.9123287671232877,0.11974110032362459,0.7837702431578846,0.2435377120902379,0.2435377120902379,0.10757589401485161,0.6817098808689559,0.08767123287671233,666,9728,4542,64,0.040659353137016296,258560,17.237333333333332,0.023677580058574677,0.6929333333333333,WithoutSequenceFeatures
0.38713333333333333,0.6258992425915082,0.06657789613848203,0.8904109589041096,0.1238921185552273,0.7837702431578846,0.2435377120902379,0.2435377120902379,0.11365632205875545,0.6386124737210932,0.1095890410958904,650,9113,5157,80,0.040659353137016296,262260,17.484,0.023677581921219826,0.6508666666666667,WithoutSequenceFeatures
0.5597333333333333,0.6808699158115022,0.0842298980747452,0.815068493150685,0.15268154991018731,0.7837702431578846,0.2435377120902379,0.2435377120902379,0.15593498895891986,0.4533286615276804,0.18493150684931506,595,6469,7801,135,0.040659353137016296,264380,17.625333333333334,0.023677583783864975,0.4709333333333333,WithoutSequenceFeatures
0.6002,0.6917400236150176,0.09011673151750972,0.7931506849315069,0.16184486373165619,0.7837702431578846,0.2435377120902379,0.2435377120902379,0.16674873903836607,0.4096706377014716,0.20684931506849316,579,5846,8424,151,0.040659353137016296,267920,17.861333333333334,0.025,0.42833333333333334,WithoutSequenceFeatures
0.6018,0.6919310556680842,0.09032661353336459,0.7917808219178082,0.16215457988497686,0.7837702431578846,0.2435377120902379,0.2435377120902379,0.1670006399591909,0.4079187105816398,0.20821917808219179,578,5821,8449,152,0.040659353137016296,268420,17.894666666666666,0.03399433568120003,0.4266,WithoutSequenceFeatures
0.6207333333333334,0.6979826439220129,0.09372439783712928,0.7835616438356164,0.1674228011122494,0.7837702431578846,0.2435377120902379,0.2435377120902379,0.17343512260860391,0.38759635599159076,0.21643835616438356,572,5531,8739,158,0.040659353137016296,268620,17.908,0.03401360660791397,0.40686666666666665,WithoutSequenceFeatures
0.6741333333333334,0.7098011922704015,0.10415079969535415,0.7493150684931507,0.18288197927114677,0.7837702431578846,0.2435377120902379,0.2435377120902379,0.18927412415652634,0.3297126839523476,0.25068493150684934,547,4705,9565,183,0.040659353137016296,277100,18.473333333333333,0.03401361033320427,0.35013333333333335,WithoutSequenceFeatures
0.6746666666666666,0.7100815006095746,0.10430968726163234,0.7493150684931507,0.18312688316036158,0.7837702431578846,0.2435377120902379,0.2435377120902379,0.1895937365733558,0.3291520672740014,0.25068493150684934,547,4697,9573,183,0.040659353137016296,276940,18.462666666666667,0.034999999999999996,0.3496,WithoutSequenceFeatures
0.6749333333333334,0.7102216547791611,0.10438931297709923,0.7493150684931507,0.18324958123953097,0.7837702431578846,0.2435377120902379,0.2435377120902379,0.18975372506591956,0.3288717589348283,0.25068493150684934,547,4693,9577,183,0.040659353137016296,276860,18.457333333333334,0.036402568221092224,0.34933333333333333,WithoutSequenceFeatures
0.7074666666666667,0.7169221760374769,0.1125,0.7273972602739726,0.19486238532110092,0.7837702431578846,0.2435377120902379,0.2435377120902379,0.2010202496506938,0.2935529081990189,0.2726027397260274,531,4189,10081,199,0.040659353137016296,282780,18.852,0.03841807693243027,0.31466666666666665,WithoutSequenceFeatures
0.7117333333333333,0.7165650708930509,0.11338209982788296,0.7219178082191781,0.19598363703979174,0.7837702431578846,0.2435377120902379,0.2435377120902379,0.20153321487903245,0.2887876664330764,0.27808219178082194,527,4121,10149,203,0.040659353137016296,285420,19.028,0.038418080657720566,0.3098666666666667,WithoutSequenceFeatures
0.7523333333333333,0.7197065402079273,0.12528245041426062,0.6835616438356165,0.21175472098451095,0.7837702431578846,0.2435377120902379,0.2435377120902379,0.2140965009428961,0.24414856341976174,0.31643835616438354,499,3484,10786,231,0.040659353137016296,300680,20.045333333333332,0.038418084383010864,0.26553333333333334,WithoutSequenceFeatures
0.7586,0.7204005913354005,0.127544447307395,0.678082191780822,0.21470396877033182,0.7837702431578846,0.2435377120902379,0.2435377120902379,0.2165765749043588,0.23728100911002104,0.3219178082191781,495,3386,10884,235,0.040659353137016296,302720,20.181333333333335,0.0407523512840271,0.2587333333333333,WithoutSequenceFeatures
0.7978,0.7202066794021369,0.14338804583462372,0.6342465753424658,0.23389744885071986,0.7837702431578846,0.2435377120902379,0.2435377120902379,0.23056490249587874,0.19383321653819202,0.36575342465753424,463,2766,11504,267,0.040659353137016296,322320,21.488,0.045,0.21526666666666666,WithoutSequenceFeatures
0.7978,0.7202066794021369,0.14338804583462372,0.6342465753424658,0.23389744885071986,0.7837702431578846,0.2435377120902379,0.2435377120902379,0.23056490249587874,0.19383321653819202,0.36575342465753424,463,2766,11504,267,0.040659353137016296,322320,21.488,0.055,0.21526666666666666,WithoutSequenceFeatures
0.7978,0.7202066794021369,0.14338804583462372,0.6342465753424658,0.23389744885071986,0.7837702431578846,0.2435377120902379,0.2435377120902379,0.23056490249587874,0.19383321653819202,0.36575342465753424,463,2766,11504,267,0.040659353137016296,322320,21.488,0.0590277723968029,0.21526666666666666,WithoutSequenceFeatures
0.8018,0.7190595271236717,0.14498258942703388,0.6273972602739726,0.23553612753921316,0.7837702431578846,0.2435377120902379,0.2435377120902379,0.23120464479313504,0.1892782060266293,0.3726027397260274,458,2701,11569,272,0.040659353137016296,326020,21.734666666666666,0.0590277761220932,0.2106,WithoutSequenceFeatures
0.8484666666666667,0.7162910022943045,0.1751578947368421,0.5698630136986301,0.2679549114331723,0.7837702431578846,0.2435377120902379,0.2435377120902379,0.25497310050659516,0.13728100911002103,0.4301369863013699,416,1959,12311,314,0.040659353137016296,353180,23.545333333333332,0.065,0.15833333333333333,WithoutSequenceFeatures
0.8488,0.7164661950062877,0.17552742616033756,0.5698630136986301,0.2683870967741936,0.7837702431578846,0.2435377120902379,0.2435377120902379,0.2553980913069573,0.13693062368605466,0.4301369863013699,416,1954,12316,314,0.040659353137016296,353080,23.538666666666668,0.07079645991325378,0.158,WithoutSequenceFeatures
0.8727333333333334,0.7127977076153632,0.19938806731259562,0.5356164383561643,0.2905982905982906,0.7837702431578846,0.2435377120902379,0.2435377120902379,0.2716498177186826,0.11002102312543798,0.4643835616438356,391,1570,12700,339,0.040659353137016296,370400,24.69333333333333,0.07500000000000001,0.13073333333333334,WithoutSequenceFeatures
0.8733333333333333,0.7124631615324802,0.2,0.5342465753424658,0.29104477611940294,0.7837702431578846,0.2435377120902379,0.2435377120902379,0.27187200523492067,0.10932025227750526,0.4657534246575342,390,1560,12710,340,0.040659353137016296,371200,24.746666666666666,0.07958477735519409,0.13,WithoutSequenceFeatures
0.8900666666666667,0.7017610467404556,0.21964612568639413,0.4931506849315068,0.30392570704938787,0.7837702431578846,0.2435377120902379,0.2435377120902379,0.27831189978326354,0.08962859145059565,0.5068493150684932,360,1279,12991,370,0.040659353137016296,395580,26.372,0.085,0.10926666666666666,WithoutSequenceFeatures
0.8900666666666667,0.7017610467404556,0.21964612568639413,0.4931506849315068,0.30392570704938787,0.7837702431578846,0.2435377120902379,0.2435377120902379,0.27831189978326354,0.08962859145059565,0.5068493150684932,360,1279,12991,370,0.040659353137016296,395580,26.372,0.095,0.10926666666666666,WithoutSequenceFeatures
0.8900666666666667,0.7017610467404556,0.21964612568639413,0.4931506849315068,0.30392570704938787,0.7837702431578846,0.2435377120902379,0.2435377120902379,0.27831189978326354,0.08962859145059565,0.5068493150684932,360,1279,12991,370,0.040659353137016296,395580,26.372,0.10500000000000001,0.10926666666666666,WithoutSequenceFeatures
0.8900666666666667,0.7017610467404556,0.21964612568639413,0.4931506849315068,0.30392570704938787,0.7837702431578846,0.2435377120902379,0.2435377120902379,0.27831189978326354,0.08962859145059565,0.5068493150684932,360,1279,12991,370,0.040659353137016296,395580,26.372,0.115,0.10926666666666666,WithoutSequenceFeatures
0.8900666666666667,0.7017610467404556,0.21964612568639413,0.4931506849315068,0.30392570704938787,0.7837702431578846,0.2435377120902379,0.2435377120902379,0.27831189978326354,0.08962859145059565,0.5068493150684932,360,1279,12991,370,0.040659353137016296,395580,26.372,0.125,0.10926666666666666,WithoutSequenceFeatures
0.8906,0.701391462115176,0.2203806015960712,0.4917808219178082,0.3043662568885121,0.7837702431578846,0.2435377120902379,0.2435377120902379,0.27854924178846113,0.0889978976874562,0.5082191780821917,359,1270,13000,371,0.040659353137016296,396400,26.426666666666666,0.1292775720357895,0.1086,WithoutSequenceFeatures
0.9032666666666667,0.689851782165862,0.2393347794649313,0.4534246575342466,0.3132986275437767,0.7837702431578846,0.2435377120902379,0.2435377120902379,0.28240103350622625,0.07372109320252278,0.5465753424657535,331,1052,13218,399,0.040659353137016296,420040,28.002666666666666,0.13173653185367584,0.0922,WithoutSequenceFeatures
0.9137333333333333,0.6856044388553436,0.26421404682274247,0.4328767123287671,0.328141225337487,0.7837702431578846,0.2435377120902379,0.2435377120902379,0.29486532592537906,0.06166783461807989,0.5671232876712329,316,880,13390,414,0.040659353137016296,431600,28.773333333333333,0.135,0.07973333333333334,WithoutSequenceFeatures
0.9142666666666667,0.6858847471945166,0.265993265993266,0.4328767123287671,0.3295099061522419,0.7837702431578846,0.2435377120902379,0.2435377120902379,0.2962174658695228,0.061107217939733706,0.5671232876712329,316,872,13398,414,0.040659353137016296,431440,28.762666666666668,0.14000000059604645,0.0792,WithoutSequenceFeatures
0.9196666666666666,0.6809241535552121,0.2807017543859649,0.41643835616438357,0.33535576392719246,0.7837702431578846,0.2435377120902379,0.2435377120902379,0.300824303483864,0.05459004905395935,0.5835616438356165,304,779,13491,426,0.040659353137016296,441580,29.438666666666666,0.14500000000000002,0.0722,WithoutSequenceFeatures
0.9204666666666667,0.678745044206161,0.28222013170272814,0.410958904109589,0.33463469046291133,0.7837702431578846,0.2435377120902379,0.2435377120902379,0.2997685999738075,0.053468815697267,0.589041095890411,300,763,13507,430,0.040659353137016296,445260,29.684,0.1535087674856186,0.07086666666666666,WithoutSequenceFeatures
0.9307333333333333,0.6685435485883787,0.3205574912891986,0.3780821917808219,0.3469516027655562,0.7837702431578846,0.2435377120902379,0.2435377120902379,0.3118204707252194,0.04099509460406447,0.6219178082191781,276,585,13685,454,0.040659353137016296,465700,31.046666666666667,0.155,0.0574,WithoutSequenceFeatures
0.9308,0.6685785871307753,0.3209302325581395,0.3780821917808219,0.34716981132075464,0.7837702431578846,0.2435377120902379,0.2435377120902379,0.31205553602526037,0.040925017519271197,0.6219178082191781,276,584,13686,454,0.040659353137016296,465680,31.045333333333332,0.165,0.05733333333333333,WithoutSequenceFeatures
0.9308666666666666,0.6686136256731721,0.3213038416763679,0.3780821917808219,0.3473882945248584,0.7837702431578846,0.2435377120902379,0.2435377120902379,0.31229097694035474,0.040854940434477925,0.6219178082191781,276,583,13687,454,0.040659353137016296,465660,31.044,0.17500000000000002,0.05726666666666667,WithoutSequenceFeatures
0.9308666666666666,0.6686136256731721,0.3213038416763679,0.3780821917808219,0.3473882945248584,0.7837702431578846,0.2435377120902379,0.2435377120902379,0.31229097694035474,0.040854940434477925,0.6219178082191781,276,583,13687,454,0.040659353137016296,465660,31.044,0.185,0.05726666666666667,WithoutSequenceFeatures
0.9308666666666666,0.6686136256731721,0.3213038416763679,0.3780821917808219,0.3473882945248584,0.7837702431578846,0.2435377120902379,0.2435377120902379,0.31229097694035474,0.040854940434477925,0.6219178082191781,276,583,13687,454,0.040659353137016296,465660,31.044,0.195,0.05726666666666667,WithoutSequenceFeatures
0.9322,0.6686645035566521,0.32855436081242534,0.3767123287671233,0.3509891512444161,0.7837702431578846,0.2435377120902379,0.2435377120902379,0.3162181168860528,0.0393833216538192,0.6232876712328768,275,562,13708,455,0.040659353137016296,466240,31.082666666666668,0.20224718749523163,0.0558,WithoutSequenceFeatures
0.938,0.6509162818826737,0.35422740524781343,0.33287671232876714,0.3432203389830508,0.7837702431578846,0.2435377120902379,0.2435377120902379,0.31088297907533585,0.031044148563419763,0.6671232876712329,243,443,13827,487,0.040659353137016296,495860,33.05733333333333,0.20500000000000002,0.045733333333333334,WithoutSequenceFeatures
0.938,0.6509162818826737,0.35422740524781343,0.33287671232876714,0.3432203389830508,0.7837702431578846,0.2435377120902379,0.2435377120902379,0.31088297907533585,0.031044148563419763,0.6671232876712329,243,443,13827,487,0.040659353137016296,495860,33.05733333333333,0.215,0.045733333333333334,WithoutSequenceFeatures
0.938,0.6509162818826737,0.35422740524781343,0.33287671232876714,0.3432203389830508,0.7837702431578846,0.2435377120902379,0.2435377120902379,0.31088297907533585,0.031044148563419763,0.6671232876712329,243,443,13827,487,0.040659353137016296,495860,33.05733333333333,0.225,0.045733333333333334,WithoutSequenceFeatures
0.938,0.6509162818826737,0.35422740524781343,0.33287671232876714,0.3432203389830508,0.7837702431578846,0.2435377120902379,0.2435377120902379,0.31088297907533585,0.031044148563419763,0.6671232876712329,243,443,13827,487,0.040659353137016296,495860,33.05733333333333,0.23500000000000001,0.045733333333333334,WithoutSequenceFeatures
0.9414,0.6462043179003754,0.37886178861788616,0.31917808219178084,0.3464684014869889,0.7837702431578846,0.2435377120902379,0.2435377120902379,0.3173007657928031,0.026769446391030134,0.6808219178082192,233,382,13888,497,0.040659353137016296,504640,33.64266666666666,0.245,0.041,WithoutSequenceFeatures
0.9414,0.6462043179003754,0.37886178861788616,0.31917808219178084,0.3464684014869889,0.7837702431578846,0.2435377120902379,0.2435377120902379,0.3173007657928031,0.026769446391030134,0.6808219178082192,233,382,13888,497,0.040659353137016296,504640,33.64266666666666,0.255,0.041,WithoutSequenceFeatures
0.9414,0.6462043179003754,0.37886178861788616,0.31917808219178084,0.3464684014869889,0.7837702431578846,0.2435377120902379,0.2435377120902379,0.3173007657928031,0.026769446391030134,0.6808219178082192,233,382,13888,497,0.040659353137016296,504640,33.64266666666666,0.265,0.041,WithoutSequenceFeatures
0.9414,0.6462043179003754,0.37886178861788616,0.31917808219178084,0.3464684014869889,0.7837702431578846,0.2435377120902379,0.2435377120902379,0.3173007657928031,0.026769446391030134,0.6808219178082192,233,382,13888,497,0.040659353137016296,504640,33.64266666666666,0.275,0.041,WithoutSequenceFeatures
0.9415333333333333,0.6462743949851686,0.3800978792822186,0.31917808219178084,0.34698436336559946,0.7837702431578846,0.2435377120902379,0.2435377120902379,0.31794819490307336,0.026629292221443588,0.6808219178082192,233,380,13890,497,0.040659353137016296,504600,33.64,0.27551019191741943,0.04086666666666667,WithoutSequenceFeatures
0.9458666666666666,0.6290551113073697,0.41598360655737704,0.27808219178082194,0.3333333333333333,0.7837702431578846,0.2435377120902379,0.2435377120902379,0.3130437779231287,0.019971969166082692,0.7219178082191781,203,285,13985,527,0.040659353137016296,532700,35.513333333333335,0.28500000000000003,0.03253333333333333,WithoutSequenceFeatures
0.9458666666666666,0.6290551113073697,0.41598360655737704,0.27808219178082194,0.3333333333333333,0.7837702431578846,0.2435377120902379,0.2435377120902379,0.3130437779231287,0.019971969166082692,0.7219178082191781,203,285,13985,527,0.040659353137016296,532700,35.513333333333335,0.295,0.03253333333333333,WithoutSequenceFeatures
0.9458666666666666,0.6290551113073697,0.41598360655737704,0.27808219178082194,0.3333333333333333,0.7837702431578846,0.2435377120902379,0.2435377120902379,0.3130437779231287,0.019971969166082692,0.7219178082191781,203,285,13985,527,0.040659353137016296,532700,35.513333333333335,0.305,0.03253333333333333,WithoutSequenceFeatures
0.9458666666666666,0.6290551113073697,0.41598360655737704,0.27808219178082194,0.3333333333333333,0.7837702431578846,0.2435377120902379,0.2435377120902379,0.3130437779231287,0.019971969166082692,0.7219178082191781,203,285,13985,527,0.040659353137016296,532700,35.513333333333335,0.315,0.03253333333333333,WithoutSequenceFeatures
0.9458666666666666,0.6258056464851063,0.41422594142259417,0.27123287671232876,0.32781456953642385,0.7837702431578846,0.2435377120902379,0.2435377120902379,0.30823104705608995,0.019621583742116328,0.7287671232876712,198,280,13990,532,0.040659353137016296,537600,35.84,0.31698113679885864,0.03186666666666667,WithoutSequenceFeatures
0.951,0.5596149600176633,0.48677248677248675,0.12602739726027398,0.2002176278563656,0.7837702431578846,0.2435377120902379,0.2435377120902379,0.23000409921893294,0.006797477224947442,0.873972602739726,92,97,14173,638,0.040659353137016296,639940,42.66266666666667,0.31698116660118103,0.0126,WithoutSequenceFeatures
0.951,0.5576652811243052,0.48633879781420764,0.12191780821917808,0.1949616648411829,0.7837702431578846,0.2435377120902379,0.2435377120902379,0.22605397103167102,0.006587245970567625,0.8780821917808219,89,94,14176,641,0.040659353137016296,642880,42.858666666666664,0.325,0.0122,WithoutSequenceFeatures
0.951,0.5576652811243052,0.48633879781420764,0.12191780821917808,0.1949616648411829,0.7837702431578846,0.2435377120902379,0.2435377120902379,0.22605397103167102,0.006587245970567625,0.8780821917808219,89,94,14176,641,0.040659353137016296,642880,42.858666666666664,0.335,0.0122,WithoutSequenceFeatures
0.951,0.5576652811243052,0.48633879781420764,0.12191780821917808,0.1949616648411829,0.7837702431578846,0.2435377120902379,0.2435377120902379,0.22605397103167102,0.006587245970567625,0.8780821917808219,89,94,14176,641,0.040659353137016296,642880,42.858666666666664,0.34500000000000003,0.0122,WithoutSequenceFeatures
0.9509333333333333,0.5569803496174559,0.4835164835164835,0.12054794520547946,0.1929824561403509,0.7837702431578846,0.2435377120902379,0.2435377120902379,0.22397421994115882,0.006587245970567625,0.8794520547945206,88,94,14176,642,0.040659353137016296,643880,42.925333333333334,0.35500000000000004,0.012133333333333333,WithoutSequenceFeatures
0.9509333333333333,0.5569803496174559,0.4835164835164835,0.12054794520547946,0.1929824561403509,0.7837702431578846,0.2435377120902379,0.2435377120902379,0.22397421994115882,0.006587245970567625,0.8794520547945206,88,94,14176,642,0.040659353137016296,643880,42.925333333333334,0.365,0.012133333333333333,WithoutSequenceFeatures
0.9509333333333333,0.5569803496174559,0.4835164835164835,0.12054794520547946,0.1929824561403509,0.7837702431578846,0.2435377120902379,0.2435377120902379,0.22397421994115882,0.006587245970567625,0.8794520547945206,88,94,14176,642,0.040659353137016296,643880,42.925333333333334,0.375,0.012133333333333333,WithoutSequenceFeatures
0.9509333333333333,0.5569803496174559,0.4835164835164835,0.12054794520547946,0.1929824561403509,0.7837702431578846,0.2435377120902379,0.2435377120902379,0.22397421994115882,0.006587245970567625,0.8794520547945206,88,94,14176,642,0.040659353137016296,643880,42.925333333333334,0.385,0.012133333333333333,WithoutSequenceFeatures
0.9509333333333333,0.5569803496174559,0.4835164835164835,0.12054794520547946,0.1929824561403509,0.7837702431578846,0.2435377120902379,0.2435377120902379,0.22397421994115882,0.006587245970567625,0.8794520547945206,88,94,14176,642,0.040659353137016296,643880,42.925333333333334,0.395,0.012133333333333333,WithoutSequenceFeatures
0.9510666666666666,0.5557506407733438,0.48863636363636365,0.1178082191780822,0.18984547461368656,0.7837702431578846,0.2435377120902379,0.2435377120902379,0.22279951369012355,0.006306937631394534,0.8821917808219178,86,90,14180,644,0.040659353137016296,645800,43.053333333333335,0.405,0.011733333333333333,WithoutSequenceFeatures
0.9514,0.5019847174357547,0.6,0.00410958904109589,0.008163265306122446,0.7837702431578846,0.2435377120902379,0.2435377120902379,0.04678901042257958,0.0001401541695865452,0.9958904109589041,3,2,14268,727,0.040659353137016296,727040,48.46933333333333,0.41500000000000004,0.0003333333333333333,WithoutSequenceFeatures
0.9514,0.5019847174357547,0.6,0.00410958904109589,0.008163265306122446,0.7837702431578846,0.2435377120902379,0.2435377120902379,0.04678901042257958,0.0001401541695865452,0.9958904109589041,3,2,14268,727,0.040659353137016296,727040,48.46933333333333,0.425,0.0003333333333333333,WithoutSequenceFeatures
0.9514,0.5019847174357547,0.6,0.00410958904109589,0.008163265306122446,0.7837702431578846,0.2435377120902379,0.2435377120902379,0.04678901042257958,0.0001401541695865452,0.9958904109589041,3,2,14268,727,0.040659353137016296,727040,48.46933333333333,0.435,0.0003333333333333333,WithoutSequenceFeatures
0.9514,0.5019847174357547,0.6,0.00410958904109589,0.008163265306122446,0.7837702431578846,0.2435377120902379,0.2435377120902379,0.04678901042257958,0.0001401541695865452,0.9958904109589041,3,2,14268,727,0.040659353137016296,727040,48.46933333333333,0.445,0.0003333333333333333,WithoutSequenceFeatures
0.9514,0.5019847174357547,0.6,0.00410958904109589,0.008163265306122446,0.7837702431578846,0.2435377120902379,0.2435377120902379,0.04678901042257958,0.0001401541695865452,0.9958904109589041,3,2,14268,727,0.040659353137016296,727040,48.46933333333333,0.455,0.0003333333333333333,WithoutSequenceFeatures
0.9514,0.5019847174357547,0.6,0.00410958904109589,0.008163265306122446,0.7837702431578846,0.2435377120902379,0.2435377120902379,0.04678901042257958,0.0001401541695865452,0.9958904109589041,3,2,14268,727,0.040659353137016296,727040,48.46933333333333,0.465,0.0003333333333333333,WithoutSequenceFeatures
0.9514,0.5019847174357547,0.6,0.00410958904109589,0.008163265306122446,0.7837702431578846,0.2435377120902379,0.2435377120902379,0.04678901042257958,0.0001401541695865452,0.9958904109589041,3,2,14268,727,0.040659353137016296,727040,48.46933333333333,0.47500000000000003,0.0003333333333333333,WithoutSequenceFeatures
0.9514,0.5019847174357547,0.6,0.00410958904109589,0.008163265306122446,0.7837702431578846,0.2435377120902379,0.2435377120902379,0.04678901042257958,0.0001401541695865452,0.9958904109589041,3,2,14268,727,0.040659353137016296,727040,48.46933333333333,0.485,0.0003333333333333333,WithoutSequenceFeatures
0.9514,0.5019847174357547,0.6,0.00410958904109589,0.008163265306122446,0.7837702431578846,0.2435377120902379,0.2435377120902379,0.04678901042257958,0.0001401541695865452,0.9958904109589041,3,2,14268,727,0.040659353137016296,727040,48.46933333333333,0.495,0.0003333333333333333,WithoutSequenceFeatures
0.9514,0.5019847174357547,0.6,0.00410958904109589,0.008163265306122446,0.7837702431578846,0.2435377120902379,0.2435377120902379,0.04678901042257958,0.0001401541695865452,0.9958904109589041,3,2,14268,727,0.040659353137016296,727040,48.46933333333333,0.505,0.0003333333333333333,WithoutSequenceFeatures
0.9514,0.5019847174357547,0.6,0.00410958904109589,0.008163265306122446,0.7837702431578846,0.2435377120902379,0.2435377120902379,0.04678901042257958,0.0001401541695865452,0.9958904109589041,3,2,14268,727,0.040659353137016296,727040,48.46933333333333,0.515,0.0003333333333333333,WithoutSequenceFeatures
0.9514,0.5019847174357547,0.6,0.00410958904109589,0.008163265306122446,0.7837702431578846,0.2435377120902379,0.2435377120902379,0.04678901042257958,0.0001401541695865452,0.9958904109589041,3,2,14268,727,0.040659353137016296,727040,48.46933333333333,0.525,0.0003333333333333333,WithoutSequenceFeatures
0.9514,0.5019847174357547,0.6,0.00410958904109589,0.008163265306122446,0.7837702431578846,0.2435377120902379,0.2435377120902379,0.04678901042257958,0.0001401541695865452,0.9958904109589041,3,2,14268,727,0.040659353137016296,727040,48.46933333333333,0.535,0.0003333333333333333,WithoutSequenceFeatures
0.9514,0.5019847174357547,0.6,0.00410958904109589,0.008163265306122446,0.7837702431578846,0.2435377120902379,0.2435377120902379,0.04678901042257958,0.0001401541695865452,0.9958904109589041,3,2,14268,727,0.040659353137016296,727040,48.46933333333333,0.545,0.0003333333333333333,WithoutSequenceFeatures
0.9514,0.5019847174357547,0.6,0.00410958904109589,0.008163265306122446,0.7837702431578846,0.2435377120902379,0.2435377120902379,0.04678901042257958,0.0001401541695865452,0.9958904109589041,3,2,14268,727,0.040659353137016296,727040,48.46933333333333,0.555,0.0003333333333333333,WithoutSequenceFeatures
0.9514,0.5019847174357547,0.6,0.00410958904109589,0.008163265306122446,0.7837702431578846,0.2435377120902379,0.2435377120902379,0.04678901042257958,0.0001401541695865452,0.9958904109589041,3,2,14268,727,0.040659353137016296,727040,48.46933333333333,0.5650000000000001,0.0003333333333333333,WithoutSequenceFeatures
0.9514,0.5019847174357547,0.6,0.00410958904109589,0.008163265306122446,0.7837702431578846,0.2435377120902379,0.2435377120902379,0.04678901042257958,0.0001401541695865452,0.9958904109589041,3,2,14268,727,0.040659353137016296,727040,48.46933333333333,0.5750000000000001,0.0003333333333333333,WithoutSequenceFeatures
0.9514,0.5019847174357547,0.6,0.00410958904109589,0.008163265306122446,0.7837702431578846,0.2435377120902379,0.2435377120902379,0.04678901042257958,0.0001401541695865452,0.9958904109589041,3,2,14268,727,0.040659353137016296,727040,48.46933333333333,0.585,0.0003333333333333333,WithoutSequenceFeatures
0.9514,0.5019847174357547,0.6,0.00410958904109589,0.008163265306122446,0.7837702431578846,0.2435377120902379,0.2435377120902379,0.04678901042257958,0.0001401541695865452,0.9958904109589041,3,2,14268,727,0.040659353137016296,727040,48.46933333333333,0.595,0.0003333333333333333,WithoutSequenceFeatures
0.9514,0.5019847174357547,0.6,0.00410958904109589,0.008163265306122446,0.7837702431578846,0.2435377120902379,0.2435377120902379,0.04678901042257958,0.0001401541695865452,0.9958904109589041,3,2,14268,727,0.040659353137016296,727040,48.46933333333333,0.605,0.0003333333333333333,WithoutSequenceFeatures
0.9514,0.5019847174357547,0.6,0.00410958904109589,0.008163265306122446,0.7837702431578846,0.2435377120902379,0.2435377120902379,0.04678901042257958,0.0001401541695865452,0.9958904109589041,3,2,14268,727,0.040659353137016296,727040,48.46933333333333,0.615,0.0003333333333333333,WithoutSequenceFeatures
0.9514,0.5019847174357547,0.6,0.00410958904109589,0.008163265306122446,0.7837702431578846,0.2435377120902379,0.2435377120902379,0.04678901042257958,0.0001401541695865452,0.9958904109589041,3,2,14268,727,0.040659353137016296,727040,48.46933333333333,0.625,0.0003333333333333333,WithoutSequenceFeatures
0.9514,0.5019847174357547,0.6,0.00410958904109589,0.008163265306122446,0.7837702431578846,0.2435377120902379,0.2435377120902379,0.04678901042257958,0.0001401541695865452,0.9958904109589041,3,2,14268,727,0.040659353137016296,727040,48.46933333333333,0.635,0.0003333333333333333,WithoutSequenceFeatures
0.9514,0.5019847174357547,0.6,0.00410958904109589,0.008163265306122446,0.7837702431578846,0.2435377120902379,0.2435377120902379,0.04678901042257958,0.0001401541695865452,0.9958904109589041,3,2,14268,727,0.040659353137016296,727040,48.46933333333333,0.645,0.0003333333333333333,WithoutSequenceFeatures
0.9514,0.5019847174357547,0.6,0.00410958904109589,0.008163265306122446,0.7837702431578846,0.2435377120902379,0.2435377120902379,0.04678901042257958,0.0001401541695865452,0.9958904109589041,3,2,14268,727,0.040659353137016296,727040,48.46933333333333,0.655,0.0003333333333333333,WithoutSequenceFeatures
0.9514,0.5019847174357547,0.6,0.00410958904109589,0.008163265306122446,0.7837702431578846,0.2435377120902379,0.2435377120902379,0.04678901042257958,0.0001401541695865452,0.9958904109589041,3,2,14268,727,0.040659353137016296,727040,48.46933333333333,0.665,0.0003333333333333333,WithoutSequenceFeatures
0.9514,0.5006849315068493,1.0,0.0013698630136986301,0.0027359781121751026,0.7837702431578846,0.2435377120902379,0.2435377120902379,0.03610101428742415,0.0,0.9986301369863013,1,0,14270,729,0.040659353137016296,729000,48.6,0.6666667461395264,6.666666666666667e-05,WithoutSequenceFeatures
0.9513333333333334,0.5,0.0,0.0,0.0,0.7837702431578846,0.2435377120902379,0.2435377120902379,0.0,0.0,1.0,0,0,14270,730,0.040659353137016296,730000,48.666666666666664,0.675,0.0,WithoutSequenceFeatures
0.9513333333333334,0.5,0.0,0.0,0.0,0.7837702431578846,0.2435377120902379,0.2435377120902379,0.0,0.0,1.0,0,0,14270,730,0.040659353137016296,730000,48.666666666666664,0.685,0.0,WithoutSequenceFeatures
0.9513333333333334,0.5,0.0,0.0,0.0,0.7837702431578846,0.2435377120902379,0.2435377120902379,0.0,0.0,1.0,0,0,14270,730,0.040659353137016296,730000,48.666666666666664,0.6950000000000001,0.0,WithoutSequenceFeatures
0.9513333333333334,0.5,0.0,0.0,0.0,0.7837702431578846,0.2435377120902379,0.2435377120902379,0.0,0.0,1.0,0,0,14270,730,0.040659353137016296,730000,48.666666666666664,0.7050000000000001,0.0,WithoutSequenceFeatures
0.9513333333333334,0.5,0.0,0.0,0.0,0.7837702431578846,0.2435377120902379,0.2435377120902379,0.0,0.0,1.0,0,0,14270,730,0.040659353137016296,730000,48.666666666666664,0.715,0.0,WithoutSequenceFeatures
0.9513333333333334,0.5,0.0,0.0,0.0,0.7837702431578846,0.2435377120902379,0.2435377120902379,0.0,0.0,1.0,0,0,14270,730,0.040659353137016296,730000,48.666666666666664,0.725,0.0,WithoutSequenceFeatures
0.9513333333333334,0.5,0.0,0.0,0.0,0.7837702431578846,0.2435377120902379,0.2435377120902379,0.0,0.0,1.0,0,0,14270,730,0.040659353137016296,730000,48.666666666666664,0.735,0.0,WithoutSequenceFeatures
0.9513333333333334,0.5,0.0,0.0,0.0,0.7837702431578846,0.2435377120902379,0.2435377120902379,0.0,0.0,1.0,0,0,14270,730,0.040659353137016296,730000,48.666666666666664,0.745,0.0,WithoutSequenceFeatures
0.9513333333333334,0.5,0.0,0.0,0.0,0.7837702431578846,0.2435377120902379,0.2435377120902379,0.0,0.0,1.0,0,0,14270,730,0.040659353137016296,730000,48.666666666666664,0.755,0.0,WithoutSequenceFeatures
0.9513333333333334,0.5,0.0,0.0,0.0,0.7837702431578846,0.2435377120902379,0.2435377120902379,0.0,0.0,1.0,0,0,14270,730,0.040659353137016296,730000,48.666666666666664,0.765,0.0,WithoutSequenceFeatures
0.9513333333333334,0.5,0.0,0.0,0.0,0.7837702431578846,0.2435377120902379,0.2435377120902379,0.0,0.0,1.0,0,0,14270,730,0.040659353137016296,730000,48.666666666666664,0.775,0.0,WithoutSequenceFeatures
0.9513333333333334,0.5,0.0,0.0,0.0,0.7837702431578846,0.2435377120902379,0.2435377120902379,0.0,0.0,1.0,0,0,14270,730,0.040659353137016296,730000,48.666666666666664,0.785,0.0,WithoutSequenceFeatures
0.9513333333333334,0.5,0.0,0.0,0.0,0.7837702431578846,0.2435377120902379,0.2435377120902379,0.0,0.0,1.0,0,0,14270,730,0.040659353137016296,730000,48.666666666666664,0.795,0.0,WithoutSequenceFeatures
0.9513333333333334,0.5,0.0,0.0,0.0,0.7837702431578846,0.2435377120902379,0.2435377120902379,0.0,0.0,1.0,0,0,14270,730,0.040659353137016296,730000,48.666666666666664,0.805,0.0,WithoutSequenceFeatures
0.9513333333333334,0.5,0.0,0.0,0.0,0.7837702431578846,0.2435377120902379,0.2435377120902379,0.0,0.0,1.0,0,0,14270,730,0.040659353137016296,730000,48.666666666666664,0.8150000000000001,0.0,WithoutSequenceFeatures
0.9513333333333334,0.5,0.0,0.0,0.0,0.7837702431578846,0.2435377120902379,0.2435377120902379,0.0,0.0,1.0,0,0,14270,730,0.040659353137016296,730000,48.666666666666664,0.8250000000000001,0.0,WithoutSequenceFeatures
0.9513333333333334,0.5,0.0,0.0,0.0,0.7837702431578846,0.2435377120902379,0.2435377120902379,0.0,0.0,1.0,0,0,14270,730,0.040659353137016296,730000,48.666666666666664,0.8350000000000001,0.0,WithoutSequenceFeatures
0.9513333333333334,0.5,0.0,0.0,0.0,0.7837702431578846,0.2435377120902379,0.2435377120902379,0.0,0.0,1.0,0,0,14270,730,0.040659353137016296,730000,48.666666666666664,0.845,0.0,WithoutSequenceFeatures
0.9513333333333334,0.5,0.0,0.0,0.0,0.7837702431578846,0.2435377120902379,0.2435377120902379,0.0,0.0,1.0,0,0,14270,730,0.040659353137016296,730000,48.666666666666664,0.855,0.0,WithoutSequenceFeatures
0.9513333333333334,0.5,0.0,0.0,0.0,0.7837702431578846,0.2435377120902379,0.2435377120902379,0.0,0.0,1.0,0,0,14270,730,0.040659353137016296,730000,48.666666666666664,0.865,0.0,WithoutSequenceFeatures
0.9513333333333334,0.5,0.0,0.0,0.0,0.7837702431578846,0.2435377120902379,0.2435377120902379,0.0,0.0,1.0,0,0,14270,730,0.040659353137016296,730000,48.666666666666664,0.875,0.0,WithoutSequenceFeatures
0.9513333333333334,0.5,0.0,0.0,0.0,0.7837702431578846,0.2435377120902379,0.2435377120902379,0.0,0.0,1.0,0,0,14270,730,0.040659353137016296,730000,48.666666666666664,0.885,0.0,WithoutSequenceFeatures
0.9513333333333334,0.5,0.0,0.0,0.0,0.7837702431578846,0.2435377120902379,0.2435377120902379,0.0,0.0,1.0,0,0,14270,730,0.040659353137016296,730000,48.666666666666664,0.895,0.0,WithoutSequenceFeatures
0.9513333333333334,0.5,0.0,0.0,0.0,0.7837702431578846,0.2435377120902379,0.2435377120902379,0.0,0.0,1.0,0,0,14270,730,0.040659353137016296,730000,48.666666666666664,0.905,0.0,WithoutSequenceFeatures
0.9513333333333334,0.5,0.0,0.0,0.0,0.7837702431578846,0.2435377120902379,0.2435377120902379,0.0,0.0,1.0,0,0,14270,730,0.040659353137016296,730000,48.666666666666664,0.915,0.0,WithoutSequenceFeatures
0.9513333333333334,0.5,0.0,0.0,0.0,0.7837702431578846,0.2435377120902379,0.2435377120902379,0.0,0.0,1.0,0,0,14270,730,0.040659353137016296,730000,48.666666666666664,0.925,0.0,WithoutSequenceFeatures
0.9513333333333334,0.5,0.0,0.0,0.0,0.7837702431578846,0.2435377120902379,0.2435377120902379,0.0,0.0,1.0,0,0,14270,730,0.040659353137016296,730000,48.666666666666664,0.935,0.0,WithoutSequenceFeatures
0.9513333333333334,0.5,0.0,0.0,0.0,0.7837702431578846,0.2435377120902379,0.2435377120902379,0.0,0.0,1.0,0,0,14270,730,0.040659353137016296,730000,48.666666666666664,0.9450000000000001,0.0,WithoutSequenceFeatures
0.9513333333333334,0.5,0.0,0.0,0.0,0.7837702431578846,0.2435377120902379,0.2435377120902379,0.0,0.0,1.0,0,0,14270,730,0.040659353137016296,730000,48.666666666666664,0.9550000000000001,0.0,WithoutSequenceFeatures
0.9513333333333334,0.5,0.0,0.0,0.0,0.7837702431578846,0.2435377120902379,0.2435377120902379,0.0,0.0,1.0,0,0,14270,730,0.040659353137016296,730000,48.666666666666664,0.965,0.0,WithoutSequenceFeatures
0.9513333333333334,0.5,0.0,0.0,0.0,0.7837702431578846,0.2435377120902379,0.2435377120902379,0.0,0.0,1.0,0,0,14270,730,0.040659353137016296,730000,48.666666666666664,0.975,0.0,WithoutSequenceFeatures
0.9513333333333334,0.5,0.0,0.0,0.0,0.7837702431578846,0.2435377120902379,0.2435377120902379,0.0,0.0,1.0,0,0,14270,730,0.040659353137016296,730000,48.666666666666664,0.985,0.0,WithoutSequenceFeatures
0.9513333333333334,0.5,0.0,0.0,0.0,0.7837702431578846,0.2435377120902379,0.2435377120902379,0.0,0.0,1.0,0,0,14270,730,0.040659353137016296,730000,48.666666666666664,0.995,0.0,WithoutSequenceFeatures
0.9513333333333334,0.5,0.0,0.0,0.0,0.7837702431578846,0.2435377120902379,0.2435377120902379,0.0,0.0,1.0,0,0,14270,730,0.040659353137016296,730000,48.666666666666664,1.000001,0.0,WithoutSequenceFeatures
