accuracy,balanced_accuracy,precision,recall,f1,roc_auc,pr_auc,average_precision,mcc,false_positive_rate,false_negative_rate,true_positive,false_positive,true_negative,false_negative,brier_score,expected_business_cost,cost_per_transaction,threshold,review_volume,model
0.03966666666666667,0.5,0.03966666666666667,1.0,0.07630650849631292,0.72613493505698,0.14676435910054075,0.14676435910054075,0.0,1.0,0.0,238,5762,0,0,0.03706975281238556,115240,19.206666666666667,0.0,1.0,LogisticRegression
0.059166666666666666,0.5081386598374164,0.04029926883183132,0.9957983193277311,0.07746363784932177,0.72613493505698,0.14676435910054075,0.14676435910054075,0.022785519140225204,0.9795209996528983,0.004201680672268907,237,5644,118,1,0.03706975281238556,113880,18.98,0.005,0.9801666666666666,LogisticRegression
0.059166666666666666,0.5081386598374164,0.04029926883183132,0.9957983193277311,0.07746363784932177,0.72613493505698,0.14676435910054075,0.14676435910054075,0.022785519140225204,0.9795209996528983,0.004201680672268907,237,5644,118,1,0.03706975281238556,113880,18.98,0.014598539099097252,0.9801666666666666,LogisticRegression
0.075,0.514368260320442,0.04080221300138313,0.9915966386554622,0.07837927598804384,0.72613493505698,0.14676435910054075,0.14676435910054075,0.030107054676354324,0.9628601180145783,0.008403361344537815,236,5548,214,2,0.03706975281238556,112960,18.826666666666668,0.014598540961742401,0.964,LogisticRegression
0.08016666666666666,0.5150442335906942,0.04086245870283429,0.9873949579831933,0.07847720821506095,0.72613493505698,0.14676435910054075,0.14676435910054075,0.029444474776148664,0.957306490801805,0.012605042016806723,235,5516,246,3,0.03706975281238556,113320,18.886666666666667,0.015,0.9585,LogisticRegression
0.08033333333333334,0.5151310090158938,0.0408695652173913,0.9873949579831933,0.07849031396125584,0.72613493505698,0.14676435910054075,0.14676435910054075,0.029557592986888516,0.9571329399514058,0.012605042016806723,235,5515,247,3,0.03706975281238556,113300,18.883333333333333,0.02056961879134178,0.9583333333333334,LogisticRegression
0.09266666666666666,0.5175242606587932,0.04107898448519041,0.9789915966386554,0.07884940778341794,0.72613493505698,0.14676435910054075,0.14676435910054075,0.030091218384050905,0.943943075321069,0.02100840336134454,233,5439,323,5,0.03706975281238556,113780,18.963333333333335,0.02056962065398693,0.9453333333333334,LogisticRegression
0.16633333333333333,0.5498368038642045,0.044027565084226644,0.9663865546218487,0.08421823507872574,0.72613493505698,0.14676435910054075,0.14676435910054075,0.05797260805906479,0.8667129468934398,0.03361344537815126,230,4994,768,8,0.03706975281238556,107880,17.98,0.02056962251663208,0.8706666666666667,LogisticRegression
0.178,0.5538970187172405,0.04444875776397515,0.9621848739495799,0.0849721706864564,0.72613493505698,0.14676435910054075,0.14676435910054075,0.06039263669261819,0.854390836515099,0.037815126050420166,229,4923,839,9,0.03706975281238556,107460,17.91,0.023676278069615364,0.8586666666666667,LogisticRegression
0.19416666666666665,0.5623142349616,0.04530168150346192,0.9621848739495799,0.08652937842433403,0.72613493505698,0.14676435910054075,0.14676435910054075,0.06677530562964284,0.8375564040263798,0.037815126050420166,229,4826,936,9,0.03706975281238556,105520,17.586666666666666,0.023676279932260513,0.8425,LogisticRegression
0.5326666666666666,0.6358378130842757,0.06091718001368925,0.7478991596638656,0.11265822784810126,0.72613493505698,0.14676435910054075,0.14676435910054075,0.10608436195672362,0.4762235334953141,0.25210084033613445,178,2744,3018,60,0.03706975281238556,114880,19.14666666666667,0.023676281794905663,0.487,LogisticRegression
0.5493333333333333,0.644515355604234,0.06307583274273565,0.7478991596638656,0.11633986928104574,0.72613493505698,0.14676435910054075,0.14676435910054075,0.11302217117182811,0.4588684484553974,0.25210084033613445,178,2644,3118,60,0.03706975281238556,112880,18.813333333333333,0.025,0.4703333333333333,LogisticRegression
0.5558333333333333,0.645885532276083,0.06364617044228695,0.7436974789915967,0.11725736999006293,0.72613493505698,0.14676435910054075,0.14676435910054075,0.11419743326084507,0.45192641443943077,0.25630252100840334,177,2604,3158,61,0.03706975281238556,113080,18.846666666666668,0.034999999999999996,0.4635,LogisticRegression
0.5558333333333333,0.645885532276083,0.06364617044228695,0.7436974789915967,0.11725736999006293,0.72613493505698,0.14676435910054075,0.14676435910054075,0.11419743326084507,0.45192641443943077,0.25630252100840334,177,2604,3158,61,0.03706975281238556,113080,18.846666666666668,0.04027777537703514,0.4635,LogisticRegression
0.5608333333333333,0.6464747301211355,0.06402328119316116,0.7394957983193278,0.1178439906260462,0.72613493505698,0.14676435910054075,0.14676435910054075,0.11475508869938396,0.44654633807705657,0.2605042016806723,176,2573,3189,62,0.03706975281238556,113460,18.91,0.04027777910232544,0.45816666666666667,LogisticRegression
0.7741666666666667,0.6689284182954682,0.09558291093410572,0.5546218487394958,0.1630636195182211,0.72613493505698,0.14676435910054075,0.14676435910054075,0.15665237964341638,0.21676501214855953,0.44537815126050423,132,1249,4513,106,0.03706975281238556,130980,21.83,0.04027778282761574,0.23016666666666666,LogisticRegression
0.7815,0.670732472093315,0.09812734082397004,0.5504201680672269,0.16656071201525746,0.72613493505698,0.14676435910054075,0.14676435910054075,0.16023403638346653,0.208955223880597,0.4495798319327731,131,1204,4558,107,0.03706975281238556,131080,21.846666666666668,0.045,0.2225,LogisticRegression
0.7885,0.6723629750407625,0.10069713400464755,0.5462184873949579,0.1700457815565729,0.72613493505698,0.14676435910054075,0.14676435910054075,0.16372749466230313,0.20149253731343283,0.453781512605042,130,1161,4601,108,0.03706975281238556,131220,21.87,0.04721030220389366,0.21516666666666667,LogisticRegression
0.8116666666666666,0.6703263047669605,0.10808435852372583,0.5168067226890757,0.17877906976744187,0.72613493505698,0.14676435910054075,0.14676435910054075,0.16959311508598446,0.17615411315515447,0.4831932773109244,123,1015,4747,115,0.03706975281238556,135300,22.55,0.04721030592918396,0.18966666666666668,LogisticRegression
0.8165,0.6708287271868136,0.1102077687443541,0.5126050420168067,0.18141263940520447,0.72613493505698,0.14676435910054075,0.14676435910054075,0.17191136468504925,0.17094758764317944,0.48739495798319327,122,985,4777,116,0.03706975281238556,135700,22.616666666666667,0.055,0.1845,LogisticRegression
0.8166666666666667,0.6709155026120133,0.11030741410488246,0.5126050420168067,0.18154761904761907,0.72613493505698,0.14676435910054075,0.14676435910054075,0.17205884833525975,0.17077403679278028,0.48739495798319327,122,984,4778,116,0.03706975281238556,135680,22.613333333333333,0.065,0.18433333333333332,LogisticRegression
0.8166666666666667,0.6709155026120133,0.11030741410488246,0.5126050420168067,0.18154761904761907,0.72613493505698,0.14676435910054075,0.14676435910054075,0.17205884833525975,0.17077403679278028,0.48739495798319327,122,984,4778,116,0.03706975281238556,135680,22.613333333333333,0.06692913174629211,0.18433333333333332,LogisticRegression
0.853,0.6737200260180435,0.13073394495412843,0.4789915966386555,0.20540540540540542,0.72613493505698,0.14676435910054075,0.14676435910054075,0.1924078276007816,0.13155154460256854,0.5210084033613446,114,758,5004,124,0.03706975281238556,139160,23.19333333333333,0.07500000000000001,0.14533333333333334,LogisticRegression
0.853,0.6737200260180435,0.13073394495412843,0.4789915966386555,0.20540540540540542,0.72613493505698,0.14676435910054075,0.14676435910054075,0.1924078276007816,0.13155154460256854,0.5210084033613446,114,758,5004,124,0.03706975281238556,139160,23.19333333333333,0.085,0.14533333333333334,LogisticRegression
0.853,0.6737200260180435,0.13073394495412843,0.4789915966386555,0.20540540540540542,0.72613493505698,0.14676435910054075,0.14676435910054075,0.1924078276007816,0.13155154460256854,0.5210084033613446,114,758,5004,124,0.03706975281238556,139160,23.19333333333333,0.095,0.14533333333333334,LogisticRegression
0.853,0.6737200260180435,0.13073394495412843,0.4789915966386555,0.20540540540540542,0.72613493505698,0.14676435910054075,0.14676435910054075,0.1924078276007816,0.13155154460256854,0.5210084033613446,114,758,5004,124,0.03706975281238556,139160,23.19333333333333,0.10500000000000001,0.14533333333333334,LogisticRegression
0.8563333333333333,0.6714274047001654,0.1320754716981132,0.47058823529411764,0.20626151012891344,0.72613493505698,0.14676435910054075,0.14676435910054075,0.19208767419085163,0.1277334258937869,0.5294117647058824,112,736,5026,126,0.03706975281238556,140720,23.453333333333333,0.1071428582072258,0.14133333333333334,LogisticRegression
0.8698333333333333,0.6744280843194619,0.14416775884665792,0.46218487394957986,0.21978021978021975,0.72613493505698,0.14676435910054075,0.14676435910054075,0.20437038183865888,0.11332870531065602,0.5378151260504201,110,653,5109,128,0.03706975281238556,141060,23.51,0.1071428656578064,0.12716666666666668,LogisticRegression
0.8763333333333333,0.6717701311694411,0.149025069637883,0.4495798319327731,0.2238493723849372,0.72613493505698,0.14676435910054075,0.14676435910054075,0.20658145308254877,0.106039569593891,0.5504201680672269,107,611,5151,131,0.03706975281238556,143220,23.87,0.1094527393579483,0.11966666666666667,LogisticRegression
0.9048333333333334,0.6503555604817421,0.17416829745596868,0.3739495798319328,0.2376502002670227,0.72613493505698,0.14676435910054075,0.14676435910054075,0.21026526245888558,0.07323845886844846,0.6260504201680672,89,422,5340,149,0.03706975281238556,157440,26.24,0.115,0.08516666666666667,LogisticRegression
0.905,0.6504423359069418,0.17450980392156862,0.3739495798319328,0.23796791443850265,0.72613493505698,0.14676435910054075,0.14676435910054075,0.210573593690866,0.07306490801804928,0.6260504201680672,89,421,5341,149,0.03706975281238556,157420,26.236666666666668,0.125,0.085,LogisticRegression
0.905,0.6504423359069418,0.17450980392156862,0.3739495798319328,0.23796791443850265,0.72613493505698,0.14676435910054075,0.14676435910054075,0.210573593690866,0.07306490801804928,0.6260504201680672,89,421,5341,149,0.03706975281238556,157420,26.236666666666668,0.135,0.085,LogisticRegression
0.905,0.6504423359069418,0.17450980392156862,0.3739495798319328,0.23796791443850265,0.72613493505698,0.14676435910054075,0.14676435910054075,0.210573593690866,0.07306490801804928,0.6260504201680672,89,421,5341,149,0.03706975281238556,157420,26.236666666666668,0.14500000000000002,0.085,LogisticRegression
0.9048333333333334,0.6483414955708073,0.17288801571709234,0.3697478991596639,0.23560910307898258,0.72613493505698,0.14676435910054075,0.14676435910054075,0.2078179906361669,0.07306490801804928,0.6302521008403361,88,421,5341,150,0.03706975281238556,158420,26.403333333333332,0.155,0.08483333333333333,LogisticRegression
0.9048333333333334,0.6483414955708073,0.17288801571709234,0.3697478991596639,0.23560910307898258,0.72613493505698,0.14676435910054075,0.14676435910054075,0.2078179906361669,0.07306490801804928,0.6302521008403361,88,421,5341,150,0.03706975281238556,158420,26.403333333333332,0.165,0.08483333333333333,LogisticRegression
0.9088333333333334,0.6484100408646624,0.18012422360248448,0.36554621848739494,0.24133148404993063,0.72613493505698,0.14676435910054075,0.14676435910054075,0.2129331743446219,0.06872613675807011,0.634453781512605,87,396,5366,151,0.03706975281238556,158920,26.486666666666668,0.17500000000000002,0.0805,LogisticRegression
0.9088333333333334,0.6484100408646624,0.18012422360248448,0.36554621848739494,0.24133148404993063,0.72613493505698,0.14676435910054075,0.14676435910054075,0.2129331743446219,0.06872613675807011,0.634453781512605,87,396,5366,151,0.03706975281238556,158920,26.486666666666668,0.185,0.0805,LogisticRegression
0.91,0.6490174688410595,0.18277310924369747,0.36554621848739494,0.24369747899159663,0.72613493505698,0.14676435910054075,0.14676435910054075,0.21523454283843677,0.06751128080527595,0.634453781512605,87,389,5373,151,0.03706975281238556,158780,26.463333333333335,0.1875,0.07933333333333334,LogisticRegression
0.919,0.6456470821580975,0.20048309178743962,0.3487394957983193,0.25460122699386506,0.72613493505698,0.14676435910054075,0.14676435910054075,0.22431393473116978,0.05744533148212426,0.6512605042016807,83,331,5431,155,0.03706975281238556,161620,26.936666666666667,0.195,0.069,LogisticRegression
0.9206666666666666,0.6465148364100934,0.20544554455445543,0.3487394957983193,0.25856697819314645,0.72613493505698,0.14676435910054075,0.14676435910054075,0.22822182304949762,0.055709822978132595,0.6512605042016807,83,321,5441,155,0.03706975281238556,161420,26.903333333333332,0.20500000000000002,0.06733333333333333,LogisticRegression
0.9206666666666666,0.6465148364100934,0.20544554455445543,0.3487394957983193,0.25856697819314645,0.72613493505698,0.14676435910054075,0.14676435910054075,0.22822182304949762,0.055709822978132595,0.6512605042016807,83,321,5441,155,0.03706975281238556,161420,26.903333333333332,0.215,0.06733333333333333,LogisticRegression
0.9223333333333333,0.6433544608402195,0.2076923076923077,0.3403361344537815,0.25796178343949044,0.72613493505698,0.14676435910054075,0.14676435910054075,0.22698783296358377,0.05362721277334259,0.6596638655462185,81,309,5453,157,0.03706975281238556,163180,27.196666666666665,0.225,0.065,LogisticRegression
0.9223333333333333,0.6433544608402195,0.2076923076923077,0.3403361344537815,0.25796178343949044,0.72613493505698,0.14676435910054075,0.14676435910054075,0.22698783296358377,0.05362721277334259,0.6596638655462185,81,309,5453,157,0.03706975281238556,163180,27.196666666666665,0.23500000000000001,0.065,LogisticRegression
0.9235,0.6379196940838119,0.20689655172413793,0.3277310924369748,0.2536585365853658,0.72613493505698,0.14676435910054075,0.14676435910054075,0.22185880503872668,0.05189170426935092,0.6722689075630253,78,299,5463,160,0.03706975281238556,165980,27.663333333333334,0.23728813230991364,0.06283333333333334,LogisticRegression
0.9286666666666666,0.6285253427993898,0.2155688622754491,0.3025210084033613,0.2517482517482518,0.72613493505698,0.14676435910054075,0.14676435910054075,0.21881765198741723,0.04547032280458174,0.6974789915966386,72,262,5500,166,0.03706975281238556,171240,28.54,0.245,0.05566666666666667,LogisticRegression
0.9293333333333333,0.6268583795892533,0.21646341463414634,0.29831932773109243,0.25088339222614836,0.72613493505698,0.14676435910054075,0.14676435910054075,0.21783077063234718,0.04460256855258591,0.7016806722689075,71,257,5505,167,0.03706975281238556,172140,28.69,0.255,0.05466666666666667,LogisticRegression
0.9301666666666667,0.6252781918043163,0.21806853582554517,0.29411764705882354,0.25044722719141327,0.72613493505698,0.14676435910054075,0.14676435910054075,0.21731621234842433,0.04356126345019091,0.7058823529411765,70,251,5511,168,0.03706975281238556,173020,28.836666666666666,0.25641027092933655,0.0535,LogisticRegression
0.9451666666666667,0.6028770064082558,0.2736318407960199,0.23109243697478993,0.2505694760820045,0.72613493505698,0.14676435910054075,0.14676435910054075,0.22317669219798197,0.025338424158278375,0.7689075630252101,55,146,5616,183,0.03706975281238556,185920,30.986666666666668,0.265,0.0335,LogisticRegression
0.9451666666666667,0.6028770064082558,0.2736318407960199,0.23109243697478993,0.2505694760820045,0.72613493505698,0.14676435910054075,0.14676435910054075,0.22317669219798197,0.025338424158278375,0.7689075630252101,55,146,5616,183,0.03706975281238556,185920,30.986666666666668,0.275,0.0335,LogisticRegression
0.9451666666666667,0.6028770064082558,0.2736318407960199,0.23109243697478993,0.2505694760820045,0.72613493505698,0.14676435910054075,0.14676435910054075,0.22317669219798197,0.025338424158278375,0.7689075630252101,55,146,5616,183,0.03706975281238556,185920,30.986666666666668,0.28500000000000003,0.0335,LogisticRegression
0.9451666666666667,0.6028770064082558,0.2736318407960199,0.23109243697478993,0.2505694760820045,0.72613493505698,0.14676435910054075,0.14676435910054075,0.22317669219798197,0.025338424158278375,0.7689075630252101,55,146,5616,183,0.03706975281238556,185920,30.986666666666668,0.295,0.0335,LogisticRegression
0.9478333333333333,0.5780825693692958,0.2641509433962264,0.17647058823529413,0.2115869017632242,0.72613493505698,0.14676435910054075,0.14676435910054075,0.1897654005938964,0.020305449496702533,0.8235294117647058,42,117,5645,196,0.03706975281238556,198340,33.056666666666665,0.305,0.0265,LogisticRegression
0.948,0.5781693447944953,0.26582278481012656,0.17647058823529413,0.2121212121212121,0.72613493505698,0.14676435910054075,0.14676435910054075,0.19056022333991404,0.020131898646303367,0.8235294117647058,42,116,5646,196,0.03706975281238556,198320,33.053333333333335,0.315,0.026333333333333334,LogisticRegression
0.9478333333333333,0.5760685044583609,0.2611464968152866,0.1722689075630252,0.20759493670886076,0.72613493505698,0.14676435910054075,0.14676435910054075,0.18601253427370387,0.020131898646303367,0.8277310924369747,41,116,5646,197,0.03706975281238556,199320,33.22,0.31707316637039185,0.026166666666666668,LogisticRegression
0.9515,0.557836914703403,0.26956521739130435,0.13025210084033614,0.17563739376770543,0.72613493505698,0.14676435910054075,0.14676435910054075,0.16465998251764866,0.014578271433530025,0.8697478991596639,31,84,5678,207,0.03706975281238556,208680,34.78,0.325,0.019166666666666665,LogisticRegression
0.9515,0.557836914703403,0.26956521739130435,0.13025210084033614,0.17563739376770543,0.72613493505698,0.14676435910054075,0.14676435910054075,0.16465998251764866,0.014578271433530025,0.8697478991596639,31,84,5678,207,0.03706975281238556,208680,34.78,0.335,0.019166666666666665,LogisticRegression
0.9515,0.557836914703403,0.26956521739130435,0.13025210084033614,0.17563739376770543,0.72613493505698,0.14676435910054075,0.14676435910054075,0.16465998251764866,0.014578271433530025,0.8697478991596639,31,84,5678,207,0.03706975281238556,208680,34.78,0.34500000000000003,0.019166666666666665,LogisticRegression
0.9558333333333333,0.5500227512039179,0.3291139240506329,0.1092436974789916,0.16403785488958988,0.72613493505698,0.14676435910054075,0.14676435910054075,0.1713016707660624,0.009198195071155848,0.8907563025210085,26,53,5709,212,0.03706975281238556,213060,35.51,0.3454545736312866,0.013166666666666667,LogisticRegression
0.9563333333333334,0.5482690125685817,0.33783783783783783,0.10504201680672269,0.16025641025641027,0.72613493505698,0.14676435910054075,0.14676435910054075,0.17071702438286898,0.008503991669559181,0.8949579831932774,25,49,5713,213,0.03706975281238556,213980,35.663333333333334,0.35500000000000004,0.012333333333333333,LogisticRegression
0.9563333333333334,0.5482690125685817,0.33783783783783783,0.10504201680672269,0.16025641025641027,0.72613493505698,0.14676435910054075,0.14676435910054075,0.17071702438286898,0.008503991669559181,0.8949579831932774,25,49,5713,213,0.03706975281238556,213980,35.663333333333334,0.365,0.012333333333333333,LogisticRegression
0.9563333333333334,0.5482690125685817,0.33783783783783783,0.10504201680672269,0.16025641025641027,0.72613493505698,0.14676435910054075,0.14676435910054075,0.17071702438286898,0.008503991669559181,0.8949579831932774,25,49,5713,213,0.03706975281238556,213980,35.663333333333334,0.375,0.012333333333333333,LogisticRegression
0.9563333333333334,0.5482690125685817,0.33783783783783783,0.10504201680672269,0.16025641025641027,0.72613493505698,0.14676435910054075,0.14676435910054075,0.17071702438286898,0.008503991669559181,0.8949579831932774,25,49,5713,213,0.03706975281238556,213980,35.663333333333334,0.385,0.012333333333333333,LogisticRegression
0.9565,0.5483557879937814,0.3424657534246575,0.10504201680672269,0.1607717041800643,0.72613493505698,0.14676435910054075,0.14676435910054075,0.1721768160029542,0.008330440819160014,0.8949579831932774,25,48,5714,213,0.03706975281238556,213960,35.66,0.395,0.012166666666666666,LogisticRegression
0.9565,0.5483557879937814,0.3424657534246575,0.10504201680672269,0.1607717041800643,0.72613493505698,0.14676435910054075,0.14676435910054075,0.1721768160029542,0.008330440819160014,0.8949579831932774,25,48,5714,213,0.03706975281238556,213960,35.66,0.405,0.012166666666666666,LogisticRegression
0.9565,0.5483557879937814,0.3424657534246575,0.10504201680672269,0.1607717041800643,0.72613493505698,0.14676435910054075,0.14676435910054075,0.1721768160029542,0.008330440819160014,0.8949579831932774,25,48,5714,213,0.03706975281238556,213960,35.66,0.41500000000000004,0.012166666666666666,LogisticRegression
0.9565,0.5483557879937814,0.3424657534246575,0.10504201680672269,0.1607717041800643,0.72613493505698,0.14676435910054075,0.14676435910054075,0.1721768160029542,0.008330440819160014,0.8949579831932774,25,48,5714,213,0.03706975281238556,213960,35.66,0.425,0.012166666666666666,LogisticRegression
0.9565,0.5483557879937814,0.3424657534246575,0.10504201680672269,0.1607717041800643,0.72613493505698,0.14676435910054075,0.14676435910054075,0.1721768160029542,0.008330440819160014,0.8949579831932774,25,48,5714,213,0.03706975281238556,213960,35.66,0.435,0.012166666666666666,LogisticRegression
0.9565,0.5483557879937814,0.3424657534246575,0.10504201680672269,0.1607717041800643,0.72613493505698,0.14676435910054075,0.14676435910054075,0.1721768160029542,0.008330440819160014,0.8949579831932774,25,48,5714,213,0.03706975281238556,213960,35.66,0.445,0.012166666666666666,LogisticRegression
0.9565,0.5483557879937814,0.3424657534246575,0.10504201680672269,0.1607717041800643,0.72613493505698,0.14676435910054075,0.14676435910054075,0.1721768160029542,0.008330440819160014,0.8949579831932774,25,48,5714,213,0.03706975281238556,213960,35.66,0.455,0.012166666666666666,LogisticRegression
0.9565,0.5483557879937814,0.3424657534246575,0.10504201680672269,0.1607717041800643,0.72613493505698,0.14676435910054075,0.14676435910054075,0.1721768160029542,0.008330440819160014,0.8949579831932774,25,48,5714,213,0.03706975281238556,213960,35.66,0.465,0.012166666666666666,LogisticRegression
0.9565,0.5483557879937814,0.3424657534246575,0.10504201680672269,0.1607717041800643,0.72613493505698,0.14676435910054075,0.14676435910054075,0.1721768160029542,0.008330440819160014,0.8949579831932774,25,48,5714,213,0.03706975281238556,213960,35.66,0.47500000000000003,0.012166666666666666,LogisticRegression
0.9565,0.5483557879937814,0.3424657534246575,0.10504201680672269,0.1607717041800643,0.72613493505698,0.14676435910054075,0.14676435910054075,0.1721768160029542,0.008330440819160014,0.8949579831932774,25,48,5714,213,0.03706975281238556,213960,35.66,0.485,0.012166666666666666,LogisticRegression
0.9565,0.5483557879937814,0.3424657534246575,0.10504201680672269,0.1607717041800643,0.72613493505698,0.14676435910054075,0.14676435910054075,0.1721768160029542,0.008330440819160014,0.8949579831932774,25,48,5714,213,0.03706975281238556,213960,35.66,0.495,0.012166666666666666,LogisticRegression
0.9568333333333333,0.5485293388441805,0.352112676056338,0.10504201680672269,0.16181229773462782,0.72613493505698,0.14676435910054075,0.14676435910054075,0.17518203871837465,0.00798333911836168,0.8949579831932774,25,46,5716,213,0.03706975281238556,213920,35.653333333333336,0.505,0.011833333333333333,LogisticRegression
0.9595,0.5035942526958719,0.2222222222222222,0.008403361344537815,0.016194331983805668,0.72613493505698,0.14676435910054075,0.14676435910054075,0.03625290339974489,0.0012148559527941688,0.9915966386554622,2,7,5755,236,0.03706975281238556,236140,39.35666666666667,0.515,0.0015,LogisticRegression
0.9595,0.5035942526958719,0.2222222222222222,0.008403361344537815,0.016194331983805668,0.72613493505698,0.14676435910054075,0.14676435910054075,0.03625290339974489,0.0012148559527941688,0.9915966386554622,2,7,5755,236,0.03706975281238556,236140,39.35666666666667,0.525,0.0015,LogisticRegression
0.9595,0.5035942526958719,0.2222222222222222,0.008403361344537815,0.016194331983805668,0.72613493505698,0.14676435910054075,0.14676435910054075,0.03625290339974489,0.0012148559527941688,0.9915966386554622,2,7,5755,236,0.03706975281238556,236140,39.35666666666667,0.535,0.0015,LogisticRegression
0.9595,0.5035942526958719,0.2222222222222222,0.008403361344537815,0.016194331983805668,0.72613493505698,0.14676435910054075,0.14676435910054075,0.03625290339974489,0.0012148559527941688,0.9915966386554622,2,7,5755,236,0.03706975281238556,236140,39.35666666666667,0.545,0.0015,LogisticRegression
0.9595,0.5035942526958719,0.2222222222222222,0.008403361344537815,0.016194331983805668,0.72613493505698,0.14676435910054075,0.14676435910054075,0.03625290339974489,0.0012148559527941688,0.9915966386554622,2,7,5755,236,0.03706975281238556,236140,39.35666666666667,0.555,0.0015,LogisticRegression
0.9595,0.5035942526958719,0.2222222222222222,0.008403361344537815,0.016194331983805668,0.72613493505698,0.14676435910054075,0.14676435910054075,0.03625290339974489,0.0012148559527941688,0.9915966386554622,2,7,5755,236,0.03706975281238556,236140,39.35666666666667,0.5650000000000001,0.0015,LogisticRegression
0.9595,0.5035942526958719,0.2222222222222222,0.008403361344537815,0.016194331983805668,0.72613493505698,0.14676435910054075,0.14676435910054075,0.03625290339974489,0.0012148559527941688,0.9915966386554622,2,7,5755,236,0.03706975281238556,236140,39.35666666666667,0.5750000000000001,0.0015,LogisticRegression
0.9595,0.5035942526958719,0.2222222222222222,0.008403361344537815,0.016194331983805668,0.72613493505698,0.14676435910054075,0.14676435910054075,0.03625290339974489,0.0012148559527941688,0.9915966386554622,2,7,5755,236,0.03706975281238556,236140,39.35666666666667,0.585,0.0015,LogisticRegression
0.9595,0.5035942526958719,0.2222222222222222,0.008403361344537815,0.016194331983805668,0.72613493505698,0.14676435910054075,0.14676435910054075,0.03625290339974489,0.0012148559527941688,0.9915966386554622,2,7,5755,236,0.03706975281238556,236140,39.35666666666667,0.595,0.0015,LogisticRegression
0.9601666666666666,0.4999132245748004,0.0,0.0,0.0,0.72613493505698,0.14676435910054075,0.14676435910054075,-0.0026239914801147713,0.00017355085039916696,1.0,0,1,5761,238,0.03706975281238556,238020,39.67,0.6000000834465027,0.00016666666666666666,LogisticRegression
0.9603333333333334,0.5,0.0,0.0,0.0,0.72613493505698,0.14676435910054075,0.14676435910054075,0.0,0.0,1.0,0,0,5762,238,0.03706975281238556,238000,39.666666666666664,0.605,0.0,LogisticRegression
0.9603333333333334,0.5,0.0,0.0,0.0,0.72613493505698,0.14676435910054075,0.14676435910054075,0.0,0.0,1.0,0,0,5762,238,0.03706975281238556,238000,39.666666666666664,0.615,0.0,LogisticRegression
0.9603333333333334,0.5,0.0,0.0,0.0,0.72613493505698,0.14676435910054075,0.14676435910054075,0.0,0.0,1.0,0,0,5762,238,0.03706975281238556,238000,39.666666666666664,0.625,0.0,LogisticRegression
0.9603333333333334,0.5,0.0,0.0,0.0,0.72613493505698,0.14676435910054075,0.14676435910054075,0.0,0.0,1.0,0,0,5762,238,0.03706975281238556,238000,39.666666666666664,0.635,0.0,LogisticRegression
0.9603333333333334,0.5,0.0,0.0,0.0,0.72613493505698,0.14676435910054075,0.14676435910054075,0.0,0.0,1.0,0,0,5762,238,0.03706975281238556,238000,39.666666666666664,0.645,0.0,LogisticRegression
0.9603333333333334,0.5,0.0,0.0,0.0,0.72613493505698,0.14676435910054075,0.14676435910054075,0.0,0.0,1.0,0,0,5762,238,0.03706975281238556,238000,39.666666666666664,0.655,0.0,LogisticRegression
0.9603333333333334,0.5,0.0,0.0,0.0,0.72613493505698,0.14676435910054075,0.14676435910054075,0.0,0.0,1.0,0,0,5762,238,0.03706975281238556,238000,39.666666666666664,0.665,0.0,LogisticRegression
0.9603333333333334,0.5,0.0,0.0,0.0,0.72613493505698,0.14676435910054075,0.14676435910054075,0.0,0.0,1.0,0,0,5762,238,0.03706975281238556,238000,39.666666666666664,0.675,0.0,LogisticRegression
0.9603333333333334,0.5,0.0,0.0,0.0,0.72613493505698,0.14676435910054075,0.14676435910054075,0.0,0.0,1.0,0,0,5762,238,0.03706975281238556,238000,39.666666666666664,0.685,0.0,LogisticRegression
0.9603333333333334,0.5,0.0,0.0,0.0,0.72613493505698,0.14676435910054075,0.14676435910054075,0.0,0.0,1.0,0,0,5762,238,0.03706975281238556,238000,39.666666666666664,0.6950000000000001,0.0,LogisticRegression
0.9603333333333334,0.5,0.0,0.0,0.0,0.72613493505698,0.14676435910054075,0.14676435910054075,0.0,0.0,1.0,0,0,5762,238,0.03706975281238556,238000,39.666666666666664,0.7050000000000001,0.0,LogisticRegression
0.9603333333333334,0.5,0.0,0.0,0.0,0.72613493505698,0.14676435910054075,0.14676435910054075,0.0,0.0,1.0,0,0,5762,238,0.03706975281238556,238000,39.666666666666664,0.715,0.0,LogisticRegression
0.9603333333333334,0.5,0.0,0.0,0.0,0.72613493505698,0.14676435910054075,0.14676435910054075,0.0,0.0,1.0,0,0,5762,238,0.03706975281238556,238000,39.666666666666664,0.725,0.0,LogisticRegression
0.9603333333333334,0.5,0.0,0.0,0.0,0.72613493505698,0.14676435910054075,0.14676435910054075,0.0,0.0,1.0,0,0,5762,238,0.03706975281238556,238000,39.666666666666664,0.735,0.0,LogisticRegression
0.9603333333333334,0.5,0.0,0.0,0.0,0.72613493505698,0.14676435910054075,0.14676435910054075,0.0,0.0,1.0,0,0,5762,238,0.03706975281238556,238000,39.666666666666664,0.745,0.0,LogisticRegression
0.9603333333333334,0.5,0.0,0.0,0.0,0.72613493505698,0.14676435910054075,0.14676435910054075,0.0,0.0,1.0,0,0,5762,238,0.03706975281238556,238000,39.666666666666664,0.755,0.0,LogisticRegression
0.9603333333333334,0.5,0.0,0.0,0.0,0.72613493505698,0.14676435910054075,0.14676435910054075,0.0,0.0,1.0,0,0,5762,238,0.03706975281238556,238000,39.666666666666664,0.765,0.0,LogisticRegression
0.9603333333333334,0.5,0.0,0.0,0.0,0.72613493505698,0.14676435910054075,0.14676435910054075,0.0,0.0,1.0,0,0,5762,238,0.03706975281238556,238000,39.666666666666664,0.775,0.0,LogisticRegression
0.9603333333333334,0.5,0.0,0.0,0.0,0.72613493505698,0.14676435910054075,0.14676435910054075,0.0,0.0,1.0,0,0,5762,238,0.03706975281238556,238000,39.666666666666664,0.785,0.0,LogisticRegression
0.9603333333333334,0.5,0.0,0.0,0.0,0.72613493505698,0.14676435910054075,0.14676435910054075,0.0,0.0,1.0,0,0,5762,238,0.03706975281238556,238000,39.666666666666664,0.795,0.0,LogisticRegression
0.9603333333333334,0.5,0.0,0.0,0.0,0.72613493505698,0.14676435910054075,0.14676435910054075,0.0,0.0,1.0,0,0,5762,238,0.03706975281238556,238000,39.666666666666664,0.805,0.0,LogisticRegression
0.9603333333333334,0.5,0.0,0.0,0.0,0.72613493505698,0.14676435910054075,0.14676435910054075,0.0,0.0,1.0,0,0,5762,238,0.03706975281238556,238000,39.666666666666664,0.8150000000000001,0.0,LogisticRegression
0.9603333333333334,0.5,0.0,0.0,0.0,0.72613493505698,0.14676435910054075,0.14676435910054075,0.0,0.0,1.0,0,0,5762,238,0.03706975281238556,238000,39.666666666666664,0.8250000000000001,0.0,LogisticRegression
0.9603333333333334,0.5,0.0,0.0,0.0,0.72613493505698,0.14676435910054075,0.14676435910054075,0.0,0.0,1.0,0,0,5762,238,0.03706975281238556,238000,39.666666666666664,0.8350000000000001,0.0,LogisticRegression
0.9603333333333334,0.5,0.0,0.0,0.0,0.72613493505698,0.14676435910054075,0.14676435910054075,0.0,0.0,1.0,0,0,5762,238,0.03706975281238556,238000,39.666666666666664,0.845,0.0,LogisticRegression
0.9603333333333334,0.5,0.0,0.0,0.0,0.72613493505698,0.14676435910054075,0.14676435910054075,0.0,0.0,1.0,0,0,5762,238,0.03706975281238556,238000,39.666666666666664,0.855,0.0,LogisticRegression
0.9603333333333334,0.5,0.0,0.0,0.0,0.72613493505698,0.14676435910054075,0.14676435910054075,0.0,0.0,1.0,0,0,5762,238,0.03706975281238556,238000,39.666666666666664,0.865,0.0,LogisticRegression
0.9603333333333334,0.5,0.0,0.0,0.0,0.72613493505698,0.14676435910054075,0.14676435910054075,0.0,0.0,1.0,0,0,5762,238,0.03706975281238556,238000,39.666666666666664,0.875,0.0,LogisticRegression
0.9603333333333334,0.5,0.0,0.0,0.0,0.72613493505698,0.14676435910054075,0.14676435910054075,0.0,0.0,1.0,0,0,5762,238,0.03706975281238556,238000,39.666666666666664,0.885,0.0,LogisticRegression
0.9603333333333334,0.5,0.0,0.0,0.0,0.72613493505698,0.14676435910054075,0.14676435910054075,0.0,0.0,1.0,0,0,5762,238,0.03706975281238556,238000,39.666666666666664,0.895,0.0,LogisticRegression
0.9603333333333334,0.5,0.0,0.0,0.0,0.72613493505698,0.14676435910054075,0.14676435910054075,0.0,0.0,1.0,0,0,5762,238,0.03706975281238556,238000,39.666666666666664,0.905,0.0,LogisticRegression
0.9603333333333334,0.5,0.0,0.0,0.0,0.72613493505698,0.14676435910054075,0.14676435910054075,0.0,0.0,1.0,0,0,5762,238,0.03706975281238556,238000,39.666666666666664,0.915,0.0,LogisticRegression
0.9603333333333334,0.5,0.0,0.0,0.0,0.72613493505698,0.14676435910054075,0.14676435910054075,0.0,0.0,1.0,0,0,5762,238,0.03706975281238556,238000,39.666666666666664,0.925,0.0,LogisticRegression
0.9603333333333334,0.5,0.0,0.0,0.0,0.72613493505698,0.14676435910054075,0.14676435910054075,0.0,0.0,1.0,0,0,5762,238,0.03706975281238556,238000,39.666666666666664,0.935,0.0,LogisticRegression
0.9603333333333334,0.5,0.0,0.0,0.0,0.72613493505698,0.14676435910054075,0.14676435910054075,0.0,0.0,1.0,0,0,5762,238,0.03706975281238556,238000,39.666666666666664,0.9450000000000001,0.0,LogisticRegression
0.9603333333333334,0.5,0.0,0.0,0.0,0.72613493505698,0.14676435910054075,0.14676435910054075,0.0,0.0,1.0,0,0,5762,238,0.03706975281238556,238000,39.666666666666664,0.9550000000000001,0.0,LogisticRegression
0.9603333333333334,0.5,0.0,0.0,0.0,0.72613493505698,0.14676435910054075,0.14676435910054075,0.0,0.0,1.0,0,0,5762,238,0.03706975281238556,238000,39.666666666666664,0.965,0.0,LogisticRegression
0.9603333333333334,0.5,0.0,0.0,0.0,0.72613493505698,0.14676435910054075,0.14676435910054075,0.0,0.0,1.0,0,0,5762,238,0.03706975281238556,238000,39.666666666666664,0.975,0.0,LogisticRegression
0.9603333333333334,0.5,0.0,0.0,0.0,0.72613493505698,0.14676435910054075,0.14676435910054075,0.0,0.0,1.0,0,0,5762,238,0.03706975281238556,238000,39.666666666666664,0.985,0.0,LogisticRegression
0.9603333333333334,0.5,0.0,0.0,0.0,0.72613493505698,0.14676435910054075,0.14676435910054075,0.0,0.0,1.0,0,0,5762,238,0.03706975281238556,238000,39.666666666666664,0.995,0.0,LogisticRegression
0.9603333333333334,0.5,0.0,0.0,0.0,0.72613493505698,0.14676435910054075,0.14676435910054075,0.0,0.0,1.0,0,0,5762,238,0.03706975281238556,238000,39.666666666666664,1.000001,0.0,LogisticRegression
0.03966666666666667,0.5,0.03966666666666667,1.0,0.07630650849631292,0.7278277850536257,0.15451872492613541,0.15451872492613541,0.0,1.0,0.0,238,5762,0,0,0.03686757682753928,115240,19.206666666666667,0.005,1.0,RandomForest
0.03966666666666667,0.5,0.03966666666666667,1.0,0.07630650849631292,0.7278277850536257,0.15451872492613541,0.15451872492613541,0.0,1.0,0.0,238,5762,0,0,0.03686757682753928,115240,19.206666666666667,0.007848182981823704,1.0,RandomForest
0.05216666666666667,0.5065081568899688,0.040168776371308015,1.0,0.07723511276975498,0.7278277850536257,0.15451872492613541,0.15451872492613541,0.022865900319145215,0.9869836862200625,0.0,238,5687,75,0,0.03686757682753928,113740,18.956666666666667,0.01356155457753992,0.9875,RandomForest
0.06366666666666666,0.5064534664959355,0.040170940170940174,0.9873949579831933,0.07720105124835742,0.7278277850536257,0.15451872492613541,0.15451872492613541,0.016135209114522195,0.9744880249913225,0.012605042016806723,235,5615,147,3,0.03686757682753928,115300,19.216666666666665,0.014788432483999367,0.975,RandomForest
0.067,0.5061749100889922,0.040150995195607414,0.9831932773109243,0.0771513353115727,0.7278277850536257,0.15451872492613541,0.15451872492613541,0.01444480703279298,0.97084345713294,0.01680672268907563,234,5594,168,4,0.03686757682753928,115880,19.313333333333333,0.015,0.9713333333333334,RandomForest
0.07583333333333334,0.5107740076245701,0.04051948051948052,0.9831932773109243,0.07783136537502079,0.7278277850536257,0.15451872492613541,0.15451872492613541,0.02213681452850942,0.9616452620617841,0.01680672268907563,234,5541,221,4,0.03686757682753928,114820,19.136666666666667,0.015666929164601065,0.9625,RandomForest
0.08833333333333333,0.5172821645145389,0.04105263157894737,0.9831932773109243,0.07881441562815762,0.7278277850536257,0.15451872492613541,0.15451872492613541,0.030953173424005206,0.9486289482818466,0.01680672268907563,234,5466,296,4,0.03686757682753928,113320,18.886666666666667,0.016342172643324653,0.95,RandomForest
0.10083333333333333,0.5237903214045077,0.0416,0.9831932773109243,0.07982261640798226,0.7278277850536257,0.15451872492613541,0.15451872492613541,0.038364409082188924,0.935612634501909,0.01680672268907563,234,5391,371,4,0.03686757682753928,111820,18.636666666666667,0.01706693069205062,0.9375,RandomForest
0.11333333333333333,0.5302984782944764,0.04216216216216216,0.9831932773109243,0.08085694540428473,0.7278277850536257,0.15451872492613541,0.15451872492613541,0.044902773813127676,0.9225963207219715,0.01680672268907563,234,5316,446,4,0.03686757682753928,110320,18.386666666666667,0.017610357391232585,0.925,RandomForest
0.1255,0.5346190194231111,0.042557077625570774,0.9789915966386554,0.08156835287939787,0.7278277850536257,0.15451872492613541,0.15451872492613541,0.04782424803431227,0.9097535577924332,0.02100840336134454,233,5242,520,5,0.03686757682753928,109840,18.30666666666667,0.018077743678310006,0.9125,RandomForest
0.138,0.5411271763130798,0.04314814814814815,0.9789915966386554,0.08265342319971623,0.7278277850536257,0.15451872492613541,0.15451872492613541,0.053513269890675064,0.8967372440124957,0.02100840336134454,233,5167,595,5,0.03686757682753928,108340,18.05666666666667,0.01852247705534211,0.9,RandomForest
0.1505,0.5476353332030487,0.04375586854460094,0.9789915966386554,0.08376775121337407,0.7278277850536257,0.15451872492613541,0.15451872492613541,0.0588467680962732,0.8837209302325582,0.02100840336134454,233,5092,670,5,0.03686757682753928,106840,17.80666666666667,0.018946184460246776,0.8875,RandomForest
0.163,0.5541434900930174,0.04438095238095238,0.9789915966386554,0.0849125364431487,0.7278277850536257,0.15451872492613541,0.15451872492613541,0.06390591607882101,0.8707046164526206,0.02100840336134454,233,5017,745,5,0.03686757682753928,105340,17.55666666666667,0.019441793750892486,0.875,RandomForest
0.1745,0.5540887996989841,0.044444444444444446,0.9663865546218487,0.08498060225383337,0.7278277850536257,0.15451872492613541,0.15451872492613541,0.061309855678539464,0.8582089552238806,0.03361344537815126,230,4945,817,8,0.03686757682753928,106900,17.816666666666666,0.019824615489941185,0.8625,RandomForest
0.186,0.5540341093049508,0.04450980392156863,0.9537815126050421,0.08505058074185087,0.7278277850536257,0.15451872492613541,0.15451872492613541,0.05906997069129136,0.8457132939951406,0.046218487394957986,227,4873,889,11,0.03686757682753928,108460,18.076666666666668,0.020203866277513215,0.85,RandomForest
0.19816666666666666,0.5583546504335855,0.04497512437810945,0.9495798319327731,0.08588257647729432,0.7278277850536257,0.15451872492613541,0.15451872492613541,0.06174619954348755,0.8328705310656023,0.05042016806722689,226,4799,963,12,0.03686757682753928,107980,17.996666666666666,0.020611087896905883,0.8375,RandomForest
0.21033333333333334,0.5626751915622201,0.045454545454545456,0.9453781512605042,0.08673862760215884,0.7278277850536257,0.15451872492613541,0.15451872492613541,0.0643877904814005,0.8200277681360638,0.0546218487394958,225,4725,1037,13,0.03686757682753928,107500,17.916666666666668,0.021084035297000592,0.825,RandomForest
0.2225,0.5669957326908549,0.04594871794871795,0.9411764705882353,0.08761979268531195,0.7278277850536257,0.15451872492613541,0.15451872492613541,0.06700213954335488,0.8071850052065255,0.058823529411764705,224,4651,1111,14,0.03686757682753928,107020,17.836666666666666,0.021406070197684392,0.8125,RandomForest
0.235,0.5735038895808237,0.04666666666666667,0.9411764705882353,0.0889241762604208,0.7278277850536257,0.15451872492613541,0.15451872492613541,0.07173055325771338,0.794168691426588,0.058823529411764705,224,4576,1186,14,0.03686757682753928,105520,17.586666666666666,0.021773744063552418,0.8,RandomForest
0.2465,0.5734491991867903,0.04677248677248677,0.9285714285714286,0.08905903687285915,0.7278277850536257,0.15451872492613541,0.15451872492613541,0.07008678964812162,0.781673030197848,0.07142857142857142,221,4504,1258,17,0.03686757682753928,107080,17.846666666666668,0.022156224756620303,0.7875,RandomForest
0.258,0.5733945087927569,0.04688172043010753,0.9159663865546218,0.08919803600654665,0.7278277850536257,0.15451872492613541,0.15451872492613541,0.06860808678484058,0.7691773689691079,0.08403361344537816,218,4432,1330,20,0.03686757682753928,108640,18.106666666666666,0.022500932057028102,0.775,RandomForest
0.2698333333333333,0.5755274341600576,0.04721311475409836,0.907563025210084,0.08975690837315603,0.7278277850536257,0.15451872492613541,0.15451872492613541,0.06927983597074237,0.7565081568899688,0.09243697478991597,216,4359,1403,22,0.03686757682753928,109180,18.196666666666665,0.022845154861773936,0.7625,RandomForest
0.2823333333333333,0.5820355910500263,0.048,0.907563025210084,0.09117771211481637,0.7278277850536257,0.15451872492613541,0.15451872492613541,0.07395295398653859,0.7434918431100312,0.09243697478991597,216,4284,1478,22,0.03686757682753928,107680,17.946666666666665,0.023266166874875073,0.75,RandomForest
0.29483333333333334,0.5885437479399951,0.0488135593220339,0.907563025210084,0.09264422045893202,0.7278277850536257,0.15451872492613541,0.15451872492613541,0.07855359869716032,0.7304755293300937,0.09243697478991597,216,4209,1553,22,0.03686757682753928,106180,17.696666666666665,0.02359333546191986,0.7375,RandomForest
0.30733333333333335,0.595051904829964,0.0496551724137931,0.907563025210084,0.09415867480383609,0.7278277850536257,0.15451872492613541,0.15451872492613541,0.08309584816975064,0.7174592155501562,0.09243697478991597,216,4134,1628,22,0.03686757682753928,104680,17.446666666666665,0.023952496645010254,0.725,RandomForest
0.31883333333333336,0.5949972144359306,0.04982456140350877,0.8949579831932774,0.09439397296698426,0.7278277850536257,0.15451872492613541,0.15451872492613541,0.08193196348332162,0.7049635543214162,0.10504201680672269,213,4062,1700,25,0.03686757682753928,106240,17.706666666666667,0.0242194788203071,0.7125,RandomForest
0.3303333333333333,0.5949425240418972,0.05,0.8823529411764706,0.09463722397476342,0.7278277850536257,0.15451872492613541,0.15451872492613541,0.0808732649863533,0.6924678930926762,0.11764705882352941,210,3990,1772,28,0.03686757682753928,107800,17.966666666666665,0.02449688279407452,0.7,RandomForest
0.3428333333333333,0.6014506809318659,0.05090909090909091,0.8823529411764706,0.0962640385056154,0.7278277850536257,0.15451872492613541,0.15451872492613541,0.08543728814868064,0.6794515793127386,0.11764705882352941,210,3915,1847,28,0.03686757682753928,106300,17.716666666666665,0.02488769293389655,0.6875,RandomForest
0.3456666666666667,0.5988977333383891,0.050682261208576995,0.8739495798319328,0.09580838323353293,0.7278277850536257,0.15451872492613541,0.15451872492613541,0.08303641612172119,0.6761541131551545,0.12605042016806722,208,3896,1866,30,0.03686757682753928,107920,17.986666666666668,0.025,0.684,RandomForest
0.3536666666666667,0.5970207590151646,0.050617283950617285,0.8613445378151261,0.09561567164179105,0.7278277850536257,0.15451872492613541,0.15451872492613541,0.08085836431966772,0.6673030197847969,0.13865546218487396,205,3845,1917,33,0.03686757682753928,109900,18.316666666666666,0.025208856687824598,0.675,RandomForest
0.36516666666666664,0.5969660686211312,0.05081761006289308,0.8487394957983193,0.09589366247329693,0.7278277850536257,0.15451872492613541,0.15451872492613541,0.08004676938626763,0.6548073585560569,0.15126050420168066,202,3773,1989,36,0.03686757682753928,111460,18.576666666666668,0.025526906258323837,0.6625,RandomForest
0.37733333333333335,0.6012866097497659,0.05153846153846154,0.8445378151260504,0.09714838086031899,0.7278277850536257,0.15451872492613541,0.15451872492613541,0.0828924898962078,0.6419645956265185,0.15546218487394958,201,3699,2063,37,0.03686757682753928,110980,18.496666666666666,0.02584988911832584,0.65,RandomForest
0.3895,0.6056071508784007,0.05228758169934641,0.8403361344537815,0.09844942160964805,0.7278277850536257,0.15451872492613541,0.15451872492613541,0.08575374134649982,0.6291218326969802,0.15966386554621848,200,3625,2137,38,0.03686757682753928,110500,18.416666666666668,0.02616183753431882,0.6375,RandomForest
0.4013333333333333,0.6077400762457014,0.0528,0.8319327731092437,0.09929789368104314,0.7278277850536257,0.15451872492613541,0.15451872492613541,0.08687113320909447,0.616452620617841,0.16806722689075632,198,3552,2210,40,0.03686757682753928,111040,18.506666666666668,0.026442693107907676,0.625,RandomForest
0.4131666666666667,0.6098730016130021,0.05333333333333334,0.8235294117647058,0.1001788908765653,0.7278277850536257,0.15451872492613541,0.15451872492613541,0.08803511582972837,0.6037834085387018,0.17647058823529413,196,3479,2283,42,0.03686757682753928,111580,18.596666666666668,0.026759077180039996,0.6125,RandomForest
0.42433333333333334,0.6076306954576347,0.05333333333333334,0.8067226890756303,0.10005211047420531,0.7278277850536257,0.15451872492613541,0.15451872492613541,0.08575992181435939,0.591461298160361,0.19327731092436976,192,3408,2354,46,0.03686757682753928,114160,19.026666666666667,0.027126741073432662,0.6,RandomForest
0.43683333333333335,0.6141388523476035,0.05446808510638298,0.8067226890756303,0.10204623970236512,0.7278277850536257,0.15451872492613541,0.15451872492613541,0.09050476401526489,0.5784449843804235,0.19327731092436976,192,3333,2429,46,0.03686757682753928,112660,18.776666666666667,0.0275399226911825,0.5875,RandomForest
0.4483333333333333,0.61408416195357,0.05478260869565217,0.7941176470588235,0.10249457700650758,0.7278277850536257,0.15451872492613541,0.15451872492613541,0.0900846550493886,0.5659493231516834,0.20588235294117646,189,3261,2501,49,0.03686757682753928,114220,19.036666666666665,0.027916922316106374,0.575,RandomForest
0.4598333333333333,0.6140294715595367,0.05511111111111111,0.7815126050420168,0.1029615278162192,0.7278277850536257,0.15451872492613541,0.15451872492613541,0.08972648823188001,0.5534536619229434,0.2184873949579832,186,3189,2573,52,0.03686757682753928,115780,19.296666666666667,0.028289280124707064,0.5625,RandomForest
0.472,0.6183500126881714,0.05606060606060606,0.7773109243697479,0.10457885811192764,0.7278277850536257,0.15451872492613541,0.15451872492613541,0.09286125696810844,0.5406108989934051,0.22268907563025211,185,3115,2647,53,0.03686757682753928,115300,19.216666666666665,0.0287347861516613,0.55,RandomForest
0.4835,0.6182953222941381,0.056434108527131786,0.7647058823529411,0.1051111752815478,0.7278277850536257,0.15451872492613541,0.15451872492613541,0.09261393133034822,0.5281152377646651,0.23529411764705882,182,3043,2719,56,0.03686757682753928,116860,19.476666666666667,0.029094709966822896,0.5375,RandomForest
0.49566666666666664,0.6226158634227728,0.05746031746031746,0.7605042016806722,0.10684769775678868,0.7278277850536257,0.15451872492613541,0.15451872492613541,0.09584601368328259,0.5152724748351267,0.23949579831932774,181,2969,2793,57,0.03686757682753928,116380,19.39666666666667,0.029489374279811215,0.525,RandomForest
0.5071666666666667,0.6225611730287395,0.057886178861788616,0.7478991596638656,0.10745547841835194,0.7278277850536257,0.15451872492613541,0.15451872492613541,0.09571334953153571,0.5027768136063867,0.25210084033613445,178,2897,2865,60,0.03686757682753928,117940,19.656666666666666,0.029918964542338382,0.5125,RandomForest
0.5193333333333333,0.6268817141573741,0.059,0.7436974789915967,0.10932674490426189,0.7278277850536257,0.15451872492613541,0.15451872492613541,0.09905647830827086,0.4899340506768483,0.25630252100840334,177,2823,2939,61,0.03686757682753928,117460,19.576666666666668,0.030354110114290456,0.5,RandomForest
0.5318333333333334,0.6333898710473429,0.06051282051282051,0.7436974789915967,0.11191906417957637,0.7278277850536257,0.15451872492613541,0.15451872492613541,0.10416995069496457,0.4769177368969108,0.25630252100840334,177,2748,3014,61,0.03686757682753928,115960,19.326666666666668,0.03079448798869824,0.4875,RandomForest
0.544,0.6377104121759777,0.061754385964912284,0.7394957983193278,0.11398963730569947,0.7278277850536257,0.15451872492613541,0.15451872492613541,0.10764507691994003,0.46407497396737246,0.2605042016806723,176,2674,3088,62,0.03686757682753928,115480,19.246666666666666,0.03125202452056087,0.475,RandomForest
0.5561666666666667,0.6420309533046125,0.06306306306306306,0.7352941176470589,0.11616329239960171,0.7278277850536257,0.15451872492613541,0.15451872492613541,0.11119666188854106,0.45123221103783406,0.2647058823529412,175,2600,3162,63,0.03686757682753928,115000,19.166666666666668,0.03166620593552427,0.4625,RandomForest
0.5683333333333334,0.6463514944332471,0.06444444444444444,0.7310924369747899,0.11844792375765827,0.7278277850536257,0.15451872492613541,0.15451872492613541,0.11483212737830786,0.4383894481082957,0.2689075630252101,174,2526,3236,64,0.03686757682753928,114520,19.086666666666666,0.03210195085321537,0.45,RandomForest
0.5805,0.6506720355618818,0.06590476190476191,0.726890756302521,0.12085225288159275,0.7278277850536257,0.15451872492613541,0.15451872492613541,0.11855946046946254,0.4255466851787574,0.27310924369747897,173,2452,3310,65,0.03686757682753928,114040,19.006666666666668,0.03265022040288473,0.4375,RandomForest
0.592,0.6506173451678485,0.06666666666666667,0.7142857142857143,0.12195121951219512,0.7278277850536257,0.15451872492613541,0.15451872492613541,0.1189324736366329,0.41305102395001736,0.2857142857142857,170,2380,3382,68,0.03686757682753928,115600,19.266666666666666,0.033229772378871106,0.425,RandomForest
0.6045,0.6571255020578173,0.06868686868686869,0.7142857142857143,0.12532252119424991,0.7278277850536257,0.15451872492613541,0.15451872492613541,0.1245904106448759,0.40003471017007985,0.2857142857142857,170,2305,3457,68,0.03686757682753928,114100,19.016666666666666,0.03385308064295494,0.4125,RandomForest
0.6156666666666667,0.6548831959024498,0.06916666666666667,0.6974789915966386,0.1258529188779378,0.7278277850536257,0.15451872492613541,0.15451872492613541,0.12341061919627326,0.387712599791739,0.3025210084033613,166,2234,3528,72,0.03686757682753928,116680,19.446666666666665,0.03454178652345556,0.4,RandomForest
0.6243333333333333,0.6573814531018933,0.07033248081841433,0.6932773109243697,0.12770897832817338,0.7278277850536257,0.15451872492613541,0.15451872492613541,0.125895549165516,0.3785144047205831,0.3067226890756303,165,2181,3581,73,0.03686757682753928,116620,19.436666666666667,0.034999999999999996,0.391,RandomForest
0.6278333333333334,0.6592037370310846,0.07096774193548387,0.6932773109243697,0.12875536480686697,0.7278277850536257,0.15451872492613541,0.15451872492613541,0.12756108620225948,0.3748698368622006,0.3067226890756303,165,2160,3602,73,0.03686757682753928,116200,19.366666666666667,0.035158494158869104,0.3875,RandomForest
0.6393333333333333,0.6591490466370512,0.072,0.680672268907563,0.1302250803858521,0.7278277850536257,0.15451872492613541,0.15451872492613541,0.12832233382663194,0.3623741756334606,0.31932773109243695,162,2088,3674,76,0.03686757682753928,117760,19.626666666666665,0.035902051148406396,0.375,RandomForest
0.6518333333333334,0.66565720352702,0.07448275862068965,0.680672268907563,0.13427268959801075,0.7278277850536257,0.15451872492613541,0.15451872492613541,0.13451480193606835,0.3493578618535231,0.31932773109243695,162,2013,3749,76,0.03686757682753928,116260,19.376666666666665,0.03682429930554929,0.3625,RandomForest
0.6643333333333333,0.6721653604169888,0.07714285714285714,0.680672268907563,0.13857998289136012,0.7278277850536257,0.15451872492613541,0.15451872492613541,0.14089932947800332,0.3363415480735856,0.31932773109243695,162,1938,3824,76,0.03686757682753928,114760,19.126666666666665,0.03786561032272188,0.35,RandomForest
0.6761666666666667,0.6742982857842894,0.07901234567901234,0.6722689075630253,0.14140521431727796,0.7278277850536257,0.15451872492613541,0.15451872492613541,0.14388553527018327,0.3236723359944464,0.3277310924369748,160,1865,3897,78,0.03686757682753928,115300,19.216666666666665,0.03896833280912704,0.3375,RandomForest
0.6876666666666666,0.6742435953902561,0.08051282051282051,0.6596638655462185,0.14351005484460694,0.7278277850536257,0.15451872492613541,0.15451872492613541,0.14521688203069977,0.3111766747657064,0.3403361344537815,157,1793,3969,81,0.03686757682753928,116860,19.476666666666667,0.03990342584054871,0.325,RandomForest
0.6988333333333333,0.6720012892348888,0.0816,0.6428571428571429,0.14481779460482727,0.7278277850536257,0.15451872492613541,0.15451872492613541,0.14485189823590328,0.2988545643873655,0.35714285714285715,153,1722,4040,85,0.03686757682753928,119440,19.906666666666666,0.04112450774738486,0.3125,RandomForest
0.7106666666666667,0.6741342146021894,0.08388888888888889,0.634453781512605,0.1481844946025515,0.7278277850536257,0.15451872492613541,0.15451872492613541,0.14832976711782772,0.28618535230822634,0.36554621848739494,151,1649,4113,87,0.03686757682753928,119980,19.996666666666666,0.0426046260155473,0.3,RandomForest
0.7221666666666666,0.6740795242081561,0.08579710144927537,0.6218487394957983,0.15078960774325015,0.7278277850536257,0.15451872492613541,0.15451872492613541,0.15013784672850472,0.27368969107948626,0.37815126050420167,148,1577,4185,90,0.03686757682753928,121540,20.256666666666668,0.04454806600178366,0.2875,RandomForest
0.724,0.6750340538853514,0.08634772462077013,0.6218487394957983,0.15163934426229508,0.7278277850536257,0.15451872492613541,0.15451872492613541,0.15125027063709343,0.2717806317250955,0.37815126050420167,148,1566,4196,90,0.03686757682753928,121320,20.22,0.045,0.2856666666666667,RandomForest
0.734,0.6762124495754567,0.08848484848484849,0.6134453781512605,0.15466101694915255,0.7278277850536257,0.15451872492613541,0.15451872492613541,0.15404765408684498,0.2610204790003471,0.3865546218487395,146,1504,4258,92,0.03686757682753928,122080,20.346666666666668,0.04678154575120915,0.275,RandomForest
0.7448333333333333,0.6717825276587552,0.08952380952380952,0.592436974789916,0.15554329840044123,0.7278277850536257,0.15451872492613541,0.15451872492613541,0.1524007742481659,0.24887191947240542,0.40756302521008403,141,1434,4328,97,0.03686757682753928,125680,20.946666666666665,0.04966237547198733,0.2625,RandomForest
0.7556666666666667,0.6673526057420538,0.09066666666666667,0.5714285714285714,0.1565017261219793,0.7278277850536257,0.15451872492613541,0.15451872492613541,0.15086402613253871,0.23672335994446372,0.42857142857142855,136,1364,4398,102,0.03686757682753928,129280,21.546666666666667,0.05287223501619522,0.25,RandomForest
0.7626666666666667,0.6629409139566969,0.0910344827586207,0.5546218487394958,0.15639810426540285,0.7278277850536257,0.15451872492613541,0.15451872492613541,0.14857493526784382,0.22874002082610204,0.44537815126050423,132,1318,4444,106,0.03686757682753928,132360,22.06,0.055,0.24166666666666667,RandomForest
0.7665,0.6629226838253525,0.09192982456140351,0.5504201680672269,0.15754660252555625,0.7278277850536257,0.15451872492613541,0.15451872492613541,0.1494457866450699,0.22457480041652203,0.4495798319327731,131,1294,4468,107,0.03686757682753928,132880,22.14666666666667,0.05569834290204531,0.2375,RandomForest
0.7786666666666666,0.6672432249539871,0.0962962962962963,0.5462184873949579,0.163727959697733,0.7278277850536257,0.15451872492613541,0.15451872492613541,0.15633646005070231,0.2117320374869837,0.453781512605042,130,1220,4542,108,0.03686757682753928,132400,22.066666666666666,0.0588272000518522,0.225,RandomForest
0.7908333333333334,0.6715637660826219,0.1011764705882353,0.542016806722689,0.17052214144084601,0.7278277850536257,0.15451872492613541,0.15451872492613541,0.1637097983068932,0.19888927455744534,0.4579831932773109,129,1146,4616,109,0.03686757682753928,131920,21.986666666666668,0.06302675198658507,0.2125,RandomForest
0.7971666666666667,0.674861232240206,0.10428455941794665,0.542016806722689,0.17491525423728813,0.7278277850536257,0.15451872492613541,0.15451872492613541,0.16872269164349377,0.19229434224227698,0.4579831932773109,129,1108,4654,109,0.03686757682753928,131160,21.86,0.065,0.20616666666666666,RandomForest
0.803,0.6758843072112566,0.10666666666666667,0.5378151260504201,0.17802503477051462,0.7278277850536257,0.15451872492613541,0.15451872492613541,0.17164096672381415,0.18604651162790697,0.46218487394957986,128,1072,4690,110,0.03686757682753928,131440,21.906666666666666,0.06660640498868889,0.2,RandomForest
0.8151666666666667,0.6802048483398913,0.11288888888888889,0.5336134453781513,0.18635363169479088,0.7278277850536257,0.15451872492613541,0.15451872492613541,0.18022208146559535,0.17320374869836863,0.46638655462184875,127,998,4764,111,0.03686757682753928,130960,21.826666666666668,0.07151708228332658,0.1875,RandomForest
0.824,0.67271955640986,0.11415094339622642,0.5084033613445378,0.1864406779661017,0.7278277850536257,0.15451872492613541,0.15451872492613541,0.17677881078421284,0.16296424852481778,0.49159663865546216,121,939,4823,117,0.03686757682753928,135780,22.63,0.07500000000000001,0.17666666666666667,RandomForest
0.8253333333333334,0.6713996949005219,0.11428571428571428,0.5042016806722689,0.18633540372670807,0.7278277850536257,0.15451872492613541,0.15451872492613541,0.17608318967601147,0.16140229087122526,0.4957983193277311,120,930,4832,118,0.03686757682753928,136600,22.766666666666666,0.07573373878574752,0.175,RandomForest
0.8368333333333333,0.6713450045064885,0.12,0.49159663865546216,0.19291014014839242,0.7278277850536257,0.15451872492613541,0.15451872492613541,0.18130350812534818,0.14890662964248524,0.5084033613445378,117,858,4904,121,0.03686757682753928,138160,23.026666666666667,0.07958708923414753,0.1625,RandomForest
0.8483333333333334,0.6712903141124551,0.12666666666666668,0.4789915966386555,0.20035149384885767,0.7278277850536257,0.15451872492613541,0.15451872492613541,0.1872541985881827,0.13641096841374523,0.5210084033613446,114,786,4976,124,0.03686757682753928,139720,23.286666666666665,0.08454809996606086,0.15,RandomForest
0.8483333333333334,0.6672621842905854,0.125,0.47058823529411764,0.19753086419753085,0.7278277850536257,0.15451872492613541,0.15451872492613541,0.18318652633679153,0.1360638667129469,0.5294117647058824,112,784,4978,126,0.03686757682753928,141680,23.613333333333333,0.085,0.14933333333333335,RandomForest
0.8588333333333333,0.6646727764344197,0.13090909090909092,0.453781512605042,0.20319849482596428,0.7278277850536257,0.15451872492613541,0.15451872492613541,0.1866572046997799,0.12443595973620271,0.5462184873949579,108,717,5045,130,0.03686757682753928,144340,24.05666666666667,0.09098967598851211,0.1375,RandomForest
0.866,0.6623619249851971,0.13530927835051546,0.4411764705882353,0.20710059171597633,0.7278277850536257,0.15451872492613541,0.15451872492613541,0.18886733319675655,0.11645262061784102,0.5588235294117647,105,671,5091,133,0.03686757682753928,146420,24.403333333333332,0.095,0.12933333333333333,RandomForest
0.8703333333333333,0.6646180860403863,0.14,0.4411764705882353,0.2125506072874494,0.7278277850536257,0.15451872492613541,0.15451872492613541,0.19429980545176892,0.11194029850746269,0.5588235294117647,105,645,5117,133,0.03686757682753928,145900,24.316666666666666,0.09674462394990069,0.125,RandomForest
0.8818333333333334,0.6645633956463529,0.1511111111111111,0.42857142857142855,0.2234392113910186,0.7278277850536257,0.15451872492613541,0.15451872492613541,0.2032949772694444,0.09944463727872267,0.5714285714285714,102,573,5189,136,0.03686757682753928,147460,24.576666666666668,0.10409540359135952,0.1125,RandomForest
0.8828333333333334,0.6650840481975504,0.15246636771300448,0.42857142857142855,0.22491730981256888,0.7278277850536257,0.15451872492613541,0.15451872492613541,0.2047353386300672,0.09840333217632767,0.5714285714285714,102,567,5195,136,0.03686757682753928,147340,24.55666666666667,0.10500000000000001,0.1115,RandomForest
0.8931666666666667,0.66442192982712,0.16472545757071547,0.41596638655462187,0.23599523241954706,0.7278277850536257,0.15451872492613541,0.15451872492613541,0.21378190496580712,0.08712252690038182,0.5840336134453782,99,502,5260,139,0.03686757682753928,149040,24.84,0.115,0.10016666666666667,RandomForest
0.8933333333333333,0.6645087052523196,0.165,0.41596638655462187,0.23627684964200482,0.7278277850536257,0.15451872492613541,0.15451872492613541,0.21405307956270025,0.08694897604998264,0.5840336134453782,99,501,5261,139,0.03686757682753928,149020,24.836666666666666,0.1150369762029333,0.1,RandomForest
0.9013333333333333,0.6565895361962903,0.17222222222222222,0.3907563025210084,0.2390745501285347,0.7278277850536257,0.15451872492613541,0.15451872492613541,0.2135869124107471,0.07757723012842763,0.6092436974789915,93,447,5315,145,0.03686757682753928,153940,25.656666666666666,0.125,0.09,RandomForest
0.9031666666666667,0.6535159360516161,0.17333333333333334,0.38235294117647056,0.2385321100917431,0.7278277850536257,0.15451872492613541,0.15451872492613541,0.2120737191663737,0.07532106907323846,0.6176470588235294,91,434,5328,147,0.03686757682753928,155680,25.946666666666665,0.12707413874269677,0.0875,RandomForest
0.9093333333333333,0.650684432051196,0.1825726141078838,0.3697478991596639,0.2444444444444444,0.7278277850536257,0.15451872492613541,0.15451872492613541,0.2164009283339633,0.06837903505727178,0.6302521008403361,88,394,5368,150,0.03686757682753928,157880,26.313333333333333,0.135,0.08033333333333334,RandomForest
0.914,0.6490860141349146,0.19111111111111112,0.36134453781512604,0.25000000000000006,0.7278277850536257,0.15451872492613541,0.15451872492613541,0.22094758378084126,0.06317250954529677,0.6386554621848739,86,364,5398,152,0.03686757682753928,159280,26.546666666666667,0.13957377763304446,0.075,RandomForest
0.9171666666666667,0.6366362928371626,0.18944844124700239,0.3319327731092437,0.2412213740458015,0.7278277850536257,0.15451872492613541,0.15451872492613541,0.20973423685472817,0.05866018743491843,0.6680672268907563,79,338,5424,159,0.03686757682753928,165760,27.626666666666665,0.14500000000000002,0.0695,RandomForest
0.9213333333333333,0.6327634837343477,0.19689119170984457,0.31932773109243695,0.24358974358974358,0.7278277850536257,0.15451872492613541,0.15451872492613541,0.21122916610281645,0.053800763623741754,0.680672268907563,76,310,5452,162,0.03686757682753928,168200,28.033333333333335,0.155,0.06433333333333334,RandomForest
0.9228333333333333,0.6315303976502089,0.2,0.31512605042016806,0.2446982055464927,0.7278277850536257,0.15451872492613541,0.15451872492613541,0.21210667550037784,0.05206525511975009,0.6848739495798319,75,300,5462,163,0.03686757682753928,169000,28.166666666666668,0.15793778268984845,0.0625,RandomForest
0.9256666666666666,0.6269633851457973,0.20454545454545456,0.3025210084033613,0.2440677966101695,0.7278277850536257,0.15451872492613541,0.15451872492613541,0.21089433726327722,0.04859423811176675,0.6974789915966386,72,280,5482,166,0.03686757682753928,171600,28.6,0.165,0.058666666666666666,RandomForest
0.9293333333333333,0.6268583795892533,0.21646341463414634,0.29831932773109243,0.25088339222614836,0.7278277850536257,0.15451872492613541,0.15451872492613541,0.21783077063234718,0.04460256855258591,0.7016806722689075,71,257,5505,167,0.03686757682753928,172140,28.69,0.17500000000000002,0.05466666666666667,RandomForest
0.9323333333333333,0.6183500126881714,0.22,0.2773109243697479,0.24535315985130113,0.7278277850536257,0.15451872492613541,0.15451872492613541,0.21197046610616224,0.040610898993405066,0.7226890756302521,66,234,5528,172,0.03686757682753928,176680,29.446666666666665,0.1842022601210571,0.05,RandomForest
0.9326666666666666,0.6165094986276357,0.2195945945945946,0.27310924369747897,0.24344569288389514,0.7278277850536257,0.15451872492613541,0.15451872492613541,0.21000557331811018,0.040090246442207565,0.726890756302521,65,231,5531,173,0.03686757682753928,177620,29.60333333333333,0.185,0.04933333333333333,RandomForest
0.9356666666666666,0.6160573913702934,0.2318840579710145,0.2689075630252101,0.24902723735408563,0.7278277850536257,0.15451872492613541,0.15451872492613541,0.21625868221339473,0.03679278028462339,0.7310924369747899,64,212,5550,174,0.03686757682753928,178240,29.706666666666667,0.195,0.046,RandomForest
0.9371666666666667,0.6087821105533502,0.23166023166023167,0.25210084033613445,0.2414486921529175,0.7278277850536257,0.15451872492613541,0.15451872492613541,0.20893871830671787,0.034536619229434226,0.7478991596638656,60,199,5563,178,0.03686757682753928,181980,30.33,0.20500000000000002,0.043166666666666666,RandomForest
0.94,0.6062291629598733,0.24369747899159663,0.24369747899159663,0.24369747899159663,0.7278277850536257,0.15451872492613541,0.15451872492613541,0.2124583259197466,0.031239153071850052,0.7563025210084033,58,180,5582,180,0.03686757682753928,183600,30.6,0.215,0.03966666666666667,RandomForest
0.9411666666666667,0.6007943962034658,0.24444444444444444,0.23109243697478993,0.23758099352051837,0.7278277850536257,0.15451872492613541,0.15451872492613541,0.20709720393930386,0.02950364456785838,0.7689075630252101,55,170,5592,183,0.03686757682753928,186400,31.066666666666666,0.21962336627778964,0.0375,RandomForest
0.9418333333333333,0.6011414979042641,0.248868778280543,0.23109243697478993,0.23965141612200436,0.7278277850536257,0.15451872492613541,0.15451872492613541,0.2096100001710714,0.028809441166261714,0.7689075630252101,55,166,5596,183,0.03686757682753928,186320,31.053333333333335,0.225,0.036833333333333336,RandomForest
0.9435,0.6020092521562599,0.26066350710900477,0.23109243697478993,0.24498886414253898,0.7278277850536257,0.15451872492613541,0.15451872492613541,0.21617310592160108,0.027073932662270046,0.7689075630252101,55,156,5606,183,0.03686757682753928,186120,31.02,0.23500000000000001,0.035166666666666666,RandomForest
0.944,0.598241448609989,0.25980392156862747,0.22268907563025211,0.2398190045248869,0.7278277850536257,0.15451872492613541,0.15451872492613541,0.2116023988179173,0.02620617841027421,0.7773109243697479,53,151,5611,185,0.03686757682753928,188020,31.336666666666666,0.245,0.034,RandomForest
0.9453333333333334,0.5908793923678461,0.26063829787234044,0.20588235294117646,0.2300469483568075,0.7278277850536257,0.15451872492613541,0.15451872492613541,0.20362391740875627,0.024123568205484208,0.7941176470588235,49,139,5623,189,0.03686757682753928,191780,31.963333333333335,0.255,0.03133333333333333,RandomForest
0.9456666666666667,0.5809826186635709,0.25,0.18487394957983194,0.21256038647342995,0.7278277850536257,0.15451872492613541,0.15451872492613541,0.1873397343942482,0.022908712252690037,0.8151260504201681,44,132,5630,194,0.03686757682753928,196640,32.77333333333333,0.265,0.029333333333333333,RandomForest
0.9465,0.5753743010567642,0.24848484848484848,0.1722689075630252,0.20347394540942926,0.7278277850536257,0.15451872492613541,0.15451872492613541,0.1799144298317276,0.021520305449496704,0.8277310924369747,41,124,5638,197,0.03686757682753928,199480,33.24666666666667,0.275,0.0275,RandomForest
0.9476666666666667,0.5759817290331614,0.25949367088607594,0.1722689075630252,0.20707070707070704,0.7278277850536257,0.15451872492613541,0.15451872492613541,0.18522728177365588,0.020305449496702533,0.8277310924369747,41,117,5645,197,0.03686757682753928,199340,33.223333333333336,0.28500000000000003,0.026333333333333334,RandomForest
0.9483333333333334,0.57230070091209,0.26,0.1638655462184874,0.20103092783505155,0.7278277850536257,0.15451872492613541,0.15451872492613541,0.1807690377067656,0.01926414439430753,0.8361344537815126,39,111,5651,199,0.03686757682753928,201220,33.53666666666667,0.28945219215877455,0.025,RandomForest
0.949,0.5726478026128883,0.2671232876712329,0.1638655462184874,0.203125,0.7278277850536257,0.15451872492613541,0.15451872492613541,0.18404532781427776,0.018569940992710865,0.8361344537815126,39,107,5655,199,0.03686757682753928,201140,33.52333333333333,0.295,0.024333333333333332,RandomForest
0.95,0.5671262604312811,0.26865671641791045,0.15126050420168066,0.19354838709677416,0.7278277850536257,0.15451872492613541,0.15451872492613541,0.17732669761360698,0.017007983339118363,0.8487394957983193,36,98,5664,202,0.03686757682753928,203960,33.99333333333333,0.305,0.022333333333333334,RandomForest
0.9513333333333334,0.563792334011008,0.2786885245901639,0.14285714285714285,0.18888888888888888,0.7278277850536257,0.15451872492613541,0.15451872492613541,0.17643262155508693,0.015272474835126693,0.8571428571428571,34,88,5674,204,0.03686757682753928,205760,34.29333333333334,0.315,0.02033333333333333,RandomForest
0.9513333333333334,0.5577501392782035,0.2672413793103448,0.13025210084033614,0.1751412429378531,0.7278277850536257,0.15451872492613541,0.15451872492613541,0.16371663531395914,0.01475182228392919,0.8697478991596639,31,85,5677,207,0.03686757682753928,208700,34.78333333333333,0.325,0.019333333333333334,RandomForest
0.9523333333333334,0.5562567269184662,0.2777777777777778,0.12605042016806722,0.17341040462427745,0.7278277850536257,0.15451872492613541,0.15451872492613541,0.16517195726410963,0.013536966331135023,0.8739495798319328,30,78,5684,208,0.03686757682753928,209560,34.92666666666667,0.335,0.018,RandomForest
0.953,0.5566038286192645,0.28846153846153844,0.12605042016806722,0.17543859649122806,0.7278277850536257,0.15451872492613541,0.15451872492613541,0.1692994321594207,0.012842762929538355,0.8739495798319328,30,74,5688,208,0.03686757682753928,209480,34.913333333333334,0.34500000000000003,0.017333333333333333,RandomForest
0.9538333333333333,0.5530095759233926,0.29473684210526313,0.11764705882352941,0.16816816816816818,0.7278277850536257,0.15451872492613541,0.15451872492613541,0.16576303029662076,0.011627906976744186,0.8823529411764706,28,67,5695,210,0.03686757682753928,211340,35.223333333333336,0.35500000000000004,0.015833333333333335,RandomForest
0.9548333333333333,0.5535302284745901,0.3146067415730337,0.11764705882352941,0.17125382262996938,0.7278277850536257,0.15451872492613541,0.15451872492613541,0.17285371391711285,0.010586601874349184,0.8823529411764706,28,61,5701,210,0.03686757682753928,211220,35.20333333333333,0.365,0.014833333333333334,RandomForest
0.9546666666666667,0.5474012583165859,0.2976190476190476,0.10504201680672269,0.15527950310559005,0.7278277850536257,0.15451872492613541,0.15451872492613541,0.15748574385978997,0.010239500173550851,0.8949579831932774,25,59,5703,213,0.03686757682753928,214180,35.696666666666665,0.375,0.014,RandomForest
0.9551666666666667,0.5456475196812498,0.3037974683544304,0.10084033613445378,0.15141955835962145,0.7278277850536257,0.15451872492613541,0.15451872492613541,0.15631879893707984,0.009545296771954183,0.8991596638655462,24,55,5707,214,0.03686757682753928,215100,35.85,0.385,0.013166666666666667,RandomForest
0.9555,0.5438070056207142,0.30666666666666664,0.09663865546218488,0.14696485623003197,0.7278277850536257,0.15451872492613541,0.15451872492613541,0.1539124887028178,0.009024644220756682,0.9033613445378151,23,52,5710,215,0.03686757682753928,216040,36.00666666666667,0.38993019931841555,0.0125,RandomForest
0.956,0.5440673318963128,0.3194444444444444,0.09663865546218488,0.14838709677419354,0.7278277850536257,0.15451872492613541,0.15451872492613541,0.15797978263611276,0.008503991669559181,0.9033613445378151,23,49,5713,215,0.03686757682753928,215980,35.99666666666667,0.395,0.012,RandomForest
0.956,0.5400392020744431,0.3088235294117647,0.08823529411764706,0.13725490196078433,0.7278277850536257,0.15451872492613541,0.15451872492613541,0.14765069231014277,0.008156889968760846,0.9117647058823529,21,47,5715,217,0.03686757682753928,217940,36.32333333333333,0.405,0.011333333333333334,RandomForest
0.9563333333333334,0.5361846231029725,0.3064516129032258,0.07983193277310924,0.12666666666666665,0.7278277850536257,0.15451872492613541,0.15451872492613541,0.13967324179838295,0.007462686567164179,0.9201680672268907,19,43,5719,219,0.03686757682753928,219860,36.64333333333333,0.41500000000000004,0.010333333333333333,RandomForest
0.9568333333333333,0.5364449493785712,0.3220338983050847,0.07983193277310924,0.12794612794612795,0.7278277850536257,0.15451872492613541,0.15451872492613541,0.14417390794158472,0.006942034015966678,0.9201680672268907,19,40,5722,219,0.03686757682753928,219800,36.63333333333333,0.425,0.009833333333333333,RandomForest
0.9568333333333333,0.5344308844676364,0.3157894736842105,0.07563025210084033,0.12203389830508472,0.7278277850536257,0.15451872492613541,0.15451872492613541,0.13855206000362424,0.006768483165567512,0.9243697478991597,18,39,5723,220,0.03686757682753928,220780,36.79666666666667,0.435,0.0095,RandomForest
0.957,0.534517659892836,0.32142857142857145,0.07563025210084033,0.12244897959183673,0.7278277850536257,0.15451872492613541,0.15451872492613541,0.1401241633556298,0.006594932315168344,0.9243697478991597,18,38,5724,220,0.03686757682753928,220760,36.79333333333334,0.445,0.009333333333333334,RandomForest
0.9571666666666667,0.5346044353180356,0.32727272727272727,0.07563025210084033,0.1228668941979522,0.7278277850536257,0.15451872492613541,0.15451872492613541,0.14173581120378922,0.0064213814647691774,0.9243697478991597,18,37,5725,220,0.03686757682753928,220740,36.79,0.455,0.009166666666666667,RandomForest
0.9571666666666667,0.5325903704071007,0.32075471698113206,0.07142857142857142,0.11683848797250858,0.7278277850536257,0.15451872492613541,0.15451872492613541,0.13595885348310446,0.006247830614370011,0.9285714285714286,17,36,5726,221,0.03686757682753928,221720,36.95333333333333,0.465,0.008833333333333334,RandomForest
0.9575,0.530749856346565,0.32653061224489793,0.06722689075630252,0.11149825783972125,0.7278277850536257,0.15451872492613541,0.15451872492613541,0.13336908672418682,0.005727178063172509,0.9327731092436975,16,33,5729,222,0.03686757682753928,222660,37.11,0.47500000000000003,0.008166666666666666,RandomForest
0.9575,0.5287357914356301,0.3191489361702128,0.06302521008403361,0.10526315789473684,0.7278277850536257,0.15451872492613541,0.15451872492613541,0.12723640616351106,0.0055536272127733426,0.9369747899159664,15,32,5730,223,0.03686757682753928,223640,37.27333333333333,0.485,0.007833333333333333,RandomForest
0.9575,0.5226935967028256,0.2926829268292683,0.05042016806722689,0.08602150537634409,0.7278277850536257,0.15451872492613541,0.15451872492613541,0.10753004131391296,0.005032974661575842,0.9495798319327731,12,29,5733,226,0.03686757682753928,226580,37.763333333333335,0.495,0.006833333333333334,RandomForest
0.9576666666666667,0.5227803721280251,0.3,0.05042016806722689,0.08633093525179857,0.7278277850536257,0.15451872492613541,0.15451872492613541,0.1092729807261164,0.004859423811176675,0.9495798319327731,12,28,5734,226,0.03686757682753928,226560,37.76,0.505,0.006666666666666667,RandomForest
0.9578333333333333,0.5228671475532247,0.3076923076923077,0.05042016806722689,0.08664259927797834,0.7278277850536257,0.15451872492613541,0.15451872492613541,0.11107727857017631,0.004685872960777508,0.9495798319327731,12,27,5735,226,0.03686757682753928,226540,37.75666666666667,0.515,0.0065,RandomForest
0.9581666666666667,0.521026633492689,0.3142857142857143,0.046218487394957986,0.08058608058608059,0.7278277850536257,0.15451872492613541,0.15451872492613541,0.10777935983370528,0.004165220409580007,0.9537815126050421,11,24,5738,227,0.03686757682753928,227480,37.913333333333334,0.525,0.005833333333333334,RandomForest
0.9585,0.5191861194321533,0.3225806451612903,0.04201680672268908,0.07434944237918216,0.7278277850536257,0.15451872492613541,0.15451872492613541,0.10446254647574577,0.003644567858382506,0.957983193277311,10,21,5741,228,0.03686757682753928,228420,38.07,0.535,0.005166666666666667,RandomForest
0.959,0.5174323807968172,0.34615384615384615,0.037815126050420166,0.06818181818181818,0.7278277850536257,0.15451872492613541,0.15451872492613541,0.10359588914010254,0.0029503644567858383,0.9621848739495799,9,17,5745,229,0.03686757682753928,229340,38.223333333333336,0.545,0.004333333333333333,RandomForest
0.9595,0.5136645772505462,0.3684210526315789,0.029411764705882353,0.05447470817120622,0.7278277850536257,0.15451872492613541,0.15451872492613541,0.09493745813240878,0.0020826102047900035,0.9705882352941176,7,12,5750,231,0.03686757682753928,231240,38.54,0.555,0.0031666666666666666,RandomForest
0.9593333333333334,0.5115637369144117,0.3333333333333333,0.025210084033613446,0.046875,0.7278277850536257,0.15451872492613541,0.15451872492613541,0.08253608157658808,0.0020826102047900035,0.9747899159663865,6,12,5750,232,0.03686757682753928,232240,38.70666666666666,0.5650000000000001,0.003,RandomForest
0.9596666666666667,0.5117372877648109,0.375,0.025210084033613446,0.04724409448818898,0.7278277850536257,0.15451872492613541,0.15451872492613541,0.08884174286336258,0.0017355085039916696,0.9747899159663865,6,10,5752,232,0.03686757682753928,232200,38.7,0.5750000000000001,0.0026666666666666666,RandomForest
0.9596666666666667,0.5097232228538761,0.35714285714285715,0.02100840336134454,0.03968253968253969,0.7278277850536257,0.15451872492613541,0.15451872492613541,0.07866525718429249,0.0015619576535925027,0.9789915966386554,5,9,5753,233,0.03686757682753928,233180,38.86333333333334,0.585,0.0023333333333333335,RandomForest
0.9596666666666667,0.5097232228538761,0.35714285714285715,0.02100840336134454,0.03968253968253969,0.7278277850536257,0.15451872492613541,0.15451872492613541,0.07866525718429249,0.0015619576535925027,0.9789915966386554,5,9,5753,233,0.03686757682753928,233180,38.86333333333334,0.595,0.0023333333333333335,RandomForest
0.9598333333333333,0.5098099982790756,0.38461538461538464,0.02100840336134454,0.03984063745019921,0.7278277850536257,0.15451872492613541,0.15451872492613541,0.08235647070390961,0.0013884068031933356,0.9789915966386554,5,8,5754,233,0.03686757682753928,233160,38.86,0.605,0.0021666666666666666,RandomForest
0.9598333333333333,0.5077959333681408,0.36363636363636365,0.01680672268907563,0.0321285140562249,0.7278277850536257,0.15451872492613541,0.15451872492613541,0.07113768377948336,0.0012148559527941688,0.9831932773109243,4,7,5755,234,0.03686757682753928,234140,39.02333333333333,0.615,0.0018333333333333333,RandomForest
0.9596666666666667,0.5036810281210714,0.25,0.008403361344537815,0.016260162601626015,0.7278277850536257,0.15451872492613541,0.15451872492613541,0.03937706482089861,0.0010413051023950017,0.9915966386554622,2,6,5756,236,0.03686757682753928,236120,39.35333333333333,0.625,0.0013333333333333333,RandomForest
0.9596666666666667,0.5036810281210714,0.25,0.008403361344537815,0.016260162601626015,0.7278277850536257,0.15451872492613541,0.15451872492613541,0.03937706482089861,0.0010413051023950017,0.9915966386554622,2,6,5756,236,0.03686757682753928,236120,39.35333333333333,0.635,0.0013333333333333333,RandomForest
0.9596666666666667,0.5016669632101366,0.16666666666666666,0.004201680672268907,0.008196721311475409,0.7278277850536257,0.15451872492613541,0.15451872492613541,0.020587192325874425,0.0008677542519958348,0.9957983193277311,1,5,5757,237,0.03686757682753928,237100,39.516666666666666,0.645,0.001,RandomForest
0.9601666666666666,0.5019272894857353,0.3333333333333333,0.004201680672268907,0.008298755186721992,0.7278277850536257,0.15451872492613541,0.15451872492613541,0.03365304773369085,0.0003471017007983339,0.9957983193277311,1,2,5760,237,0.03686757682753928,237040,39.50666666666667,0.655,0.0005,RandomForest
0.9601666666666666,0.5019272894857353,0.3333333333333333,0.004201680672268907,0.008298755186721992,0.7278277850536257,0.15451872492613541,0.15451872492613541,0.03365304773369085,0.0003471017007983339,0.9957983193277311,1,2,5760,237,0.03686757682753928,237040,39.50666666666667,0.665,0.0005,RandomForest
0.9601666666666666,0.5019272894857353,0.3333333333333333,0.004201680672268907,0.008298755186721992,0.7278277850536257,0.15451872492613541,0.15451872492613541,0.03365304773369085,0.0003471017007983339,0.9957983193277311,1,2,5760,237,0.03686757682753928,237040,39.50666666666667,0.675,0.0005,RandomForest
0.9605,0.5021008403361344,1.0,0.004201680672268907,0.008368200836820083,0.7278277850536257,0.15451872492613541,0.15451872492613541,0.06352705423706434,0.0,0.9957983193277311,1,0,5762,237,0.03686757682753928,237000,39.5,0.685,0.00016666666666666666,RandomForest
0.9605,0.5021008403361344,1.0,0.004201680672268907,0.008368200836820083,0.7278277850536257,0.15451872492613541,0.15451872492613541,0.06352705423706434,0.0,0.9957983193277311,1,0,5762,237,0.03686757682753928,237000,39.5,0.6950000000000001,0.00016666666666666666,RandomForest
0.9605,0.5021008403361344,1.0,0.004201680672268907,0.008368200836820083,0.7278277850536257,0.15451872492613541,0.15451872492613541,0.06352705423706434,0.0,0.9957983193277311,1,0,5762,237,0.03686757682753928,237000,39.5,0.6992707114043667,0.00016666666666666666,RandomForest
0.9603333333333334,0.5,0.0,0.0,0.0,0.7278277850536257,0.15451872492613541,0.15451872492613541,0.0,0.0,1.0,0,0,5762,238,0.03686757682753928,238000,39.666666666666664,0.7050000000000001,0.0,RandomForest
0.9603333333333334,0.5,0.0,0.0,0.0,0.7278277850536257,0.15451872492613541,0.15451872492613541,0.0,0.0,1.0,0,0,5762,238,0.03686757682753928,238000,39.666666666666664,0.715,0.0,RandomForest
0.9603333333333334,0.5,0.0,0.0,0.0,0.7278277850536257,0.15451872492613541,0.15451872492613541,0.0,0.0,1.0,0,0,5762,238,0.03686757682753928,238000,39.666666666666664,0.725,0.0,RandomForest
0.9603333333333334,0.5,0.0,0.0,0.0,0.7278277850536257,0.15451872492613541,0.15451872492613541,0.0,0.0,1.0,0,0,5762,238,0.03686757682753928,238000,39.666666666666664,0.735,0.0,RandomForest
0.9603333333333334,0.5,0.0,0.0,0.0,0.7278277850536257,0.15451872492613541,0.15451872492613541,0.0,0.0,1.0,0,0,5762,238,0.03686757682753928,238000,39.666666666666664,0.745,0.0,RandomForest
0.9603333333333334,0.5,0.0,0.0,0.0,0.7278277850536257,0.15451872492613541,0.15451872492613541,0.0,0.0,1.0,0,0,5762,238,0.03686757682753928,238000,39.666666666666664,0.755,0.0,RandomForest
0.9603333333333334,0.5,0.0,0.0,0.0,0.7278277850536257,0.15451872492613541,0.15451872492613541,0.0,0.0,1.0,0,0,5762,238,0.03686757682753928,238000,39.666666666666664,0.765,0.0,RandomForest
0.9603333333333334,0.5,0.0,0.0,0.0,0.7278277850536257,0.15451872492613541,0.15451872492613541,0.0,0.0,1.0,0,0,5762,238,0.03686757682753928,238000,39.666666666666664,0.775,0.0,RandomForest
0.9603333333333334,0.5,0.0,0.0,0.0,0.7278277850536257,0.15451872492613541,0.15451872492613541,0.0,0.0,1.0,0,0,5762,238,0.03686757682753928,238000,39.666666666666664,0.785,0.0,RandomForest
0.9603333333333334,0.5,0.0,0.0,0.0,0.7278277850536257,0.15451872492613541,0.15451872492613541,0.0,0.0,1.0,0,0,5762,238,0.03686757682753928,238000,39.666666666666664,0.795,0.0,RandomForest
0.9603333333333334,0.5,0.0,0.0,0.0,0.7278277850536257,0.15451872492613541,0.15451872492613541,0.0,0.0,1.0,0,0,5762,238,0.03686757682753928,238000,39.666666666666664,0.805,0.0,RandomForest
0.9603333333333334,0.5,0.0,0.0,0.0,0.7278277850536257,0.15451872492613541,0.15451872492613541,0.0,0.0,1.0,0,0,5762,238,0.03686757682753928,238000,39.666666666666664,0.8150000000000001,0.0,RandomForest
0.9603333333333334,0.5,0.0,0.0,0.0,0.7278277850536257,0.15451872492613541,0.15451872492613541,0.0,0.0,1.0,0,0,5762,238,0.03686757682753928,238000,39.666666666666664,0.8250000000000001,0.0,RandomForest
0.9603333333333334,0.5,0.0,0.0,0.0,0.7278277850536257,0.15451872492613541,0.15451872492613541,0.0,0.0,1.0,0,0,5762,238,0.03686757682753928,238000,39.666666666666664,0.8350000000000001,0.0,RandomForest
0.9603333333333334,0.5,0.0,0.0,0.0,0.7278277850536257,0.15451872492613541,0.15451872492613541,0.0,0.0,1.0,0,0,5762,238,0.03686757682753928,238000,39.666666666666664,0.845,0.0,RandomForest
0.9603333333333334,0.5,0.0,0.0,0.0,0.7278277850536257,0.15451872492613541,0.15451872492613541,0.0,0.0,1.0,0,0,5762,238,0.03686757682753928,238000,39.666666666666664,0.855,0.0,RandomForest
0.9603333333333334,0.5,0.0,0.0,0.0,0.7278277850536257,0.15451872492613541,0.15451872492613541,0.0,0.0,1.0,0,0,5762,238,0.03686757682753928,238000,39.666666666666664,0.865,0.0,RandomForest
0.9603333333333334,0.5,0.0,0.0,0.0,0.7278277850536257,0.15451872492613541,0.15451872492613541,0.0,0.0,1.0,0,0,5762,238,0.03686757682753928,238000,39.666666666666664,0.875,0.0,RandomForest
0.9603333333333334,0.5,0.0,0.0,0.0,0.7278277850536257,0.15451872492613541,0.15451872492613541,0.0,0.0,1.0,0,0,5762,238,0.03686757682753928,238000,39.666666666666664,0.885,0.0,RandomForest
0.9603333333333334,0.5,0.0,0.0,0.0,0.7278277850536257,0.15451872492613541,0.15451872492613541,0.0,0.0,1.0,0,0,5762,238,0.03686757682753928,238000,39.666666666666664,0.895,0.0,RandomForest
0.9603333333333334,0.5,0.0,0.0,0.0,0.7278277850536257,0.15451872492613541,0.15451872492613541,0.0,0.0,1.0,0,0,5762,238,0.03686757682753928,238000,39.666666666666664,0.905,0.0,RandomForest
0.9603333333333334,0.5,0.0,0.0,0.0,0.7278277850536257,0.15451872492613541,0.15451872492613541,0.0,0.0,1.0,0,0,5762,238,0.03686757682753928,238000,39.666666666666664,0.915,0.0,RandomForest
0.9603333333333334,0.5,0.0,0.0,0.0,0.7278277850536257,0.15451872492613541,0.15451872492613541,0.0,0.0,1.0,0,0,5762,238,0.03686757682753928,238000,39.666666666666664,0.925,0.0,RandomForest
0.9603333333333334,0.5,0.0,0.0,0.0,0.7278277850536257,0.15451872492613541,0.15451872492613541,0.0,0.0,1.0,0,0,5762,238,0.03686757682753928,238000,39.666666666666664,0.935,0.0,RandomForest
0.9603333333333334,0.5,0.0,0.0,0.0,0.7278277850536257,0.15451872492613541,0.15451872492613541,0.0,0.0,1.0,0,0,5762,238,0.03686757682753928,238000,39.666666666666664,0.9450000000000001,0.0,RandomForest
0.9603333333333334,0.5,0.0,0.0,0.0,0.7278277850536257,0.15451872492613541,0.15451872492613541,0.0,0.0,1.0,0,0,5762,238,0.03686757682753928,238000,39.666666666666664,0.9550000000000001,0.0,RandomForest
0.9603333333333334,0.5,0.0,0.0,0.0,0.7278277850536257,0.15451872492613541,0.15451872492613541,0.0,0.0,1.0,0,0,5762,238,0.03686757682753928,238000,39.666666666666664,0.965,0.0,RandomForest
0.9603333333333334,0.5,0.0,0.0,0.0,0.7278277850536257,0.15451872492613541,0.15451872492613541,0.0,0.0,1.0,0,0,5762,238,0.03686757682753928,238000,39.666666666666664,0.975,0.0,RandomForest
0.9603333333333334,0.5,0.0,0.0,0.0,0.7278277850536257,0.15451872492613541,0.15451872492613541,0.0,0.0,1.0,0,0,5762,238,0.03686757682753928,238000,39.666666666666664,0.985,0.0,RandomForest
0.9603333333333334,0.5,0.0,0.0,0.0,0.7278277850536257,0.15451872492613541,0.15451872492613541,0.0,0.0,1.0,0,0,5762,238,0.03686757682753928,238000,39.666666666666664,0.995,0.0,RandomForest
0.9603333333333334,0.5,0.0,0.0,0.0,0.7278277850536257,0.15451872492613541,0.15451872492613541,0.0,0.0,1.0,0,0,5762,238,0.03686757682753928,238000,39.666666666666664,1.000001,0.0,RandomForest
0.03966666666666667,0.5,0.03966666666666667,1.0,0.07630650849631292,0.765172938317986,0.16643639664890594,0.16643639664890594,0.0,1.0,0.0,238,5762,0,0,0.03626285622960712,115240,19.206666666666667,0.0,1.0,HistGradientBoosting
0.045,0.5027768136063867,0.03987935656836461,1.0,0.07669996777312278,0.765172938317986,0.16643639664890594,0.16643639664890594,0.014882038834311684,0.9944463727872267,0.0,238,5730,32,0,0.03626285622960712,114600,19.1,0.005,0.9946666666666667,HistGradientBoosting
0.045,0.5027768136063867,0.03987935656836461,1.0,0.07669996777312278,0.765172938317986,0.16643639664890594,0.16643639664890594,0.014882038834311684,0.9944463727872267,0.0,238,5730,32,0,0.03626285622960712,114600,19.1,0.010714285714285714,0.9946666666666667,HistGradientBoosting
0.08766666666666667,0.5229772575465452,0.0415061295971979,0.9957983193277311,0.0796906523201076,0.765172938317986,0.16643639664890594,0.16643639664890594,0.041820212982260234,0.9498438042346408,0.004201680672268907,237,5473,289,1,0.03626285622960712,110460,18.41,0.015,0.9516666666666667,HistGradientBoosting
0.08766666666666667,0.5229772575465452,0.0415061295971979,0.9957983193277311,0.0796906523201076,0.765172938317986,0.16643639664890594,0.16643639664890594,0.041820212982260234,0.9498438042346408,0.004201680672268907,237,5473,289,1,0.03626285622960712,110460,18.41,0.015873015873015872,0.9516666666666667,HistGradientBoosting
0.13916666666666666,0.5397205393785421,0.043034687442033016,0.9747899159663865,0.08243027180671522,0.765172938317986,0.16643639664890594,0.16643639664890594,0.05134248988604144,0.8953488372093024,0.025210084033613446,232,5159,603,6,0.03626285622960712,109180,18.196666666666665,0.02252252252252252,0.8985,HistGradientBoosting
0.2115,0.5652966844495521,0.04570273003033367,0.9495798319327731,0.08720818059039166,0.765172938317986,0.16643639664890594,0.16643639664890594,0.06695559182816693,0.8189864630336688,0.05042016806722689,226,4719,1043,12,0.03626285622960712,106380,17.73,0.023737591713422528,0.8241666666666667,HistGradientBoosting
0.5823333333333334,0.6878797336359049,0.07207547169811321,0.8025210084033614,0.1322714681440443,0.765172938317986,0.16643639664890594,0.16643639664890594,0.14768612530067443,0.42676154113155157,0.19747899159663865,191,2459,3303,47,0.03626285622960712,96180,16.03,0.025,0.44166666666666665,HistGradientBoosting
0.5823333333333334,0.6878797336359049,0.07207547169811321,0.8025210084033614,0.1322714681440443,0.765172938317986,0.16643639664890594,0.16643639664890594,0.14768612530067443,0.42676154113155157,0.19747899159663865,191,2459,3303,47,0.03626285622960712,96180,16.03,0.034999999999999996,0.44166666666666665,HistGradientBoosting
0.5855,0.689528466714697,0.072595971113645,0.8025210084033614,0.13314743813175323,0.765172938317986,0.16643639664890594,0.16643639664890594,0.14909690241924636,0.4234640749739674,0.19747899159663865,191,2440,3322,47,0.03626285622960712,95800,15.966666666666667,0.039473684210526314,0.4385,HistGradientBoosting
0.7406666666666667,0.7038522455146585,0.0966952264381885,0.6638655462184874,0.1688034188034188,0.765172938317986,0.16643639664890594,0.16643639664890594,0.17875274063530097,0.25616105518917043,0.33613445378151263,158,1476,4286,80,0.03626285622960712,109520,18.253333333333334,0.045,0.2723333333333333,HistGradientBoosting
0.7406666666666667,0.7038522455146585,0.0966952264381885,0.6638655462184874,0.1688034188034188,0.765172938317986,0.16643639664890594,0.16643639664890594,0.17875274063530097,0.25616105518917043,0.33613445378151263,158,1476,4286,80,0.03626285622960712,109520,18.253333333333334,0.048859934853420196,0.2723333333333333,HistGradientBoosting
0.792,0.6943259080793025,0.10852713178294573,0.5882352941176471,0.18324607329842932,0.765172938317986,0.16643639664890594,0.16643639664890594,0.18464200110466178,0.199583477959042,0.4117647058823529,140,1150,4612,98,0.03626285622960712,121000,20.166666666666668,0.049079754601226995,0.215,HistGradientBoosting
0.8158333333333333,0.6906222745953641,0.11671087533156499,0.5546218487394958,0.19284149013878743,0.765172938317986,0.16643639664890594,0.16643639664890594,0.19025126752230956,0.1733772995487678,0.44537815126050423,132,999,4763,106,0.03626285622960712,125980,20.996666666666666,0.05,0.1885,HistGradientBoosting
0.8216666666666667,0.6936594144773495,0.12043795620437957,0.5546218487394958,0.19790104947526238,0.765172938317986,0.16643639664890594,0.16643639664890594,0.19564250180294251,0.16730301978479695,0.44537815126050423,132,964,4798,106,0.03626285622960712,125280,20.88,0.055,0.18266666666666667,HistGradientBoosting
0.8221666666666667,0.6939197407529483,0.12076852698993595,0.5546218487394958,0.19834710743801653,0.765172938317986,0.16643639664890594,0.16643639664890594,0.19611418754147403,0.16678236723359943,0.44537815126050423,132,961,4801,106,0.03626285622960712,125220,20.87,0.0641025641025641,0.18216666666666667,HistGradientBoosting
0.8323333333333334,0.6891427171354484,0.12426614481409001,0.5336134453781513,0.20158730158730157,0.765172938317986,0.16643639664890594,0.16643639664890594,0.19640015705581795,0.15532801110725442,0.46638655462184875,127,895,4867,111,0.03626285622960712,128900,21.483333333333334,0.065,0.17033333333333334,HistGradientBoosting
0.8323333333333334,0.6891427171354484,0.12426614481409001,0.5336134453781513,0.20158730158730157,0.765172938317986,0.16643639664890594,0.16643639664890594,0.19640015705581795,0.15532801110725442,0.46638655462184875,127,895,4867,111,0.03626285622960712,128900,21.483333333333334,0.07500000000000001,0.17033333333333334,HistGradientBoosting
0.8323333333333334,0.6891427171354484,0.12426614481409001,0.5336134453781513,0.20158730158730157,0.765172938317986,0.16643639664890594,0.16643639664890594,0.19640015705581795,0.15532801110725442,0.46638655462184875,127,895,4867,111,0.03626285622960712,128900,21.483333333333334,0.085,0.17033333333333334,HistGradientBoosting
0.8323333333333334,0.6891427171354484,0.12426614481409001,0.5336134453781513,0.20158730158730157,0.765172938317986,0.16643639664890594,0.16643639664890594,0.19640015705581795,0.15532801110725442,0.46638655462184875,127,895,4867,111,0.03626285622960712,128900,21.483333333333334,0.08823529411764705,0.17033333333333334,HistGradientBoosting
0.8585,0.6947101992480436,0.14352392065344224,0.5168067226890757,0.2246575342465754,0.765172938317986,0.16643639664890594,0.16643639664890594,0.2172176591659085,0.12738632419298854,0.4831932773109244,123,734,5028,115,0.03626285622960712,129680,21.613333333333333,0.08854166666666667,0.14283333333333334,HistGradientBoosting
0.8845,0.6719939971823509,0.15789473684210525,0.4411764705882353,0.23255813953488372,0.765172938317986,0.16643639664890594,0.16643639664890594,0.21386531529873115,0.0971884762235335,0.5588235294117647,105,560,5202,133,0.03626285622960712,144200,24.033333333333335,0.095,0.11083333333333334,HistGradientBoosting
0.8845,0.6719939971823509,0.15789473684210525,0.4411764705882353,0.23255813953488372,0.765172938317986,0.16643639664890594,0.16643639664890594,0.21386531529873115,0.0971884762235335,0.5588235294117647,105,560,5202,133,0.03626285622960712,144200,24.033333333333335,0.10500000000000001,0.11083333333333334,HistGradientBoosting
0.8845,0.6719939971823509,0.15789473684210525,0.4411764705882353,0.23255813953488372,0.765172938317986,0.16643639664890594,0.16643639664890594,0.21386531529873115,0.0971884762235335,0.5588235294117647,105,560,5202,133,0.03626285622960712,144200,24.033333333333335,0.115,0.11083333333333334,HistGradientBoosting
0.8896666666666667,0.6746840353635379,0.16561514195583596,0.4411764705882353,0.24082568807339452,0.765172938317986,0.16643639664890594,0.16643639664890594,0.22181369377883947,0.09180839986115932,0.5588235294117647,105,529,5233,133,0.03626285622960712,143580,23.93,0.1206896551724138,0.10566666666666667,HistGradientBoosting
0.9163333333333333,0.6643993244642529,0.20666666666666667,0.3907563025210084,0.2703488372093023,0.765172938317986,0.16643639664890594,0.16643639664890594,0.24364212650227762,0.061957653592502604,0.6092436974789915,93,357,5405,145,0.03626285622960712,152140,25.356666666666666,0.12163784222941564,0.075,HistGradientBoosting
0.9163333333333333,0.6643993244642529,0.20666666666666667,0.3907563025210084,0.2703488372093023,0.765172938317986,0.16643639664890594,0.16643639664890594,0.24364212650227762,0.061957653592502604,0.6092436974789915,93,357,5405,145,0.03626285622960712,152140,25.356666666666666,0.125,0.075,HistGradientBoosting
0.9165,0.6644860998894525,0.2071269487750557,0.3907563025210084,0.27074235807860264,0.765172938317986,0.16643639664890594,0.16643639664890594,0.2440200547428261,0.061784102742103435,0.6092436974789915,93,356,5406,145,0.03626285622960712,152120,25.35333333333333,0.135,0.07483333333333334,HistGradientBoosting
0.9165,0.6644860998894525,0.2071269487750557,0.3907563025210084,0.27074235807860264,0.765172938317986,0.16643639664890594,0.16643639664890594,0.2440200547428261,0.061784102742103435,0.6092436974789915,93,356,5406,145,0.03626285622960712,152120,25.35333333333333,0.14500000000000002,0.07483333333333334,HistGradientBoosting
0.9186666666666666,0.6575579207733075,0.20794392523364486,0.3739495798319328,0.2672672672672673,0.765172938317986,0.16643639664890594,0.16643639664890594,0.23895598017051292,0.0588337382853176,0.6260504201680672,89,339,5423,149,0.03626285622960712,155780,25.963333333333335,0.155,0.07133333333333333,HistGradientBoosting
0.9186666666666666,0.6575579207733075,0.20794392523364486,0.3739495798319328,0.2672672672672673,0.765172938317986,0.16643639664890594,0.16643639664890594,0.23895598017051292,0.0588337382853176,0.6260504201680672,89,339,5423,149,0.03626285622960712,155780,25.963333333333335,0.165,0.07133333333333333,HistGradientBoosting
0.9186666666666666,0.6575579207733075,0.20794392523364486,0.3739495798319328,0.2672672672672673,0.765172938317986,0.16643639664890594,0.16643639664890594,0.23895598017051292,0.0588337382853176,0.6260504201680672,89,339,5423,149,0.03626285622960712,155780,25.963333333333335,0.17500000000000002,0.07133333333333333,HistGradientBoosting
0.9186666666666666,0.6575579207733075,0.20794392523364486,0.3739495798319328,0.2672672672672673,0.765172938317986,0.16643639664890594,0.16643639664890594,0.23895598017051292,0.0588337382853176,0.6260504201680672,89,339,5423,149,0.03626285622960712,155780,25.963333333333335,0.185,0.07133333333333333,HistGradientBoosting
0.925,0.6467569325543476,0.21808510638297873,0.3445378151260504,0.2671009771986971,0.765172938317986,0.16643639664890594,0.16643639664890594,0.23636716618159367,0.05102395001735509,0.6554621848739496,82,294,5468,156,0.03626285622960712,161880,26.98,0.195,0.06266666666666666,HistGradientBoosting
0.9251666666666667,0.6468437079795473,0.21866666666666668,0.3445378151260504,0.267536704730832,0.765172938317986,0.16643639664890594,0.16643639664890594,0.23680100778316612,0.05085039916695592,0.6554621848739496,82,293,5469,156,0.03626285622960712,161860,26.976666666666667,0.19644807233188388,0.0625,HistGradientBoosting
0.9251666666666667,0.6448296430686125,0.21715817694369974,0.3403361344537815,0.265139116202946,0.765172938317986,0.16643639664890594,0.16643639664890594,0.234136805170352,0.05067684831655675,0.6596638655462185,81,292,5470,157,0.03626285622960712,162840,27.14,0.20500000000000002,0.06216666666666667,HistGradientBoosting
0.9251666666666667,0.6448296430686125,0.21715817694369974,0.3403361344537815,0.265139116202946,0.765172938317986,0.16643639664890594,0.16643639664890594,0.234136805170352,0.05067684831655675,0.6596638655462185,81,292,5470,157,0.03626285622960712,162840,27.14,0.215,0.06216666666666667,HistGradientBoosting
0.9251666666666667,0.6448296430686125,0.21715817694369974,0.3403361344537815,0.265139116202946,0.765172938317986,0.16643639664890594,0.16643639664890594,0.234136805170352,0.05067684831655675,0.6596638655462185,81,292,5470,157,0.03626285622960712,162840,27.14,0.225,0.06216666666666667,HistGradientBoosting
0.9251666666666667,0.6448296430686125,0.21715817694369974,0.3403361344537815,0.265139116202946,0.765172938317986,0.16643639664890594,0.16643639664890594,0.234136805170352,0.05067684831655675,0.6596638655462185,81,292,5470,157,0.03626285622960712,162840,27.14,0.23500000000000001,0.06216666666666667,HistGradientBoosting
0.9251666666666667,0.6448296430686125,0.21715817694369974,0.3403361344537815,0.265139116202946,0.765172938317986,0.16643639664890594,0.16643639664890594,0.234136805170352,0.05067684831655675,0.6596638655462185,81,292,5470,157,0.03626285622960712,162840,27.14,0.24285714285714285,0.06216666666666667,HistGradientBoosting
0.9335,0.6149293108426988,0.22145328719723184,0.2689075630252101,0.24288425047438328,0.765172938317986,0.16643639664890594,0.16643639664890594,0.20952261329019636,0.039048941339812564,0.7310924369747899,64,225,5537,174,0.03626285622960712,178500,29.75,0.245,0.04816666666666667,HistGradientBoosting
0.9335,0.6149293108426988,0.22145328719723184,0.2689075630252101,0.24288425047438328,0.765172938317986,0.16643639664890594,0.16643639664890594,0.20952261329019636,0.039048941339812564,0.7310924369747899,64,225,5537,174,0.03626285622960712,178500,29.75,0.255,0.04816666666666667,HistGradientBoosting
0.9335,0.6149293108426988,0.22145328719723184,0.2689075630252101,0.24288425047438328,0.765172938317986,0.16643639664890594,0.16643639664890594,0.20952261329019636,0.039048941339812564,0.7310924369747899,64,225,5537,174,0.03626285622960712,178500,29.75,0.265,0.04816666666666667,HistGradientBoosting
0.9335,0.6149293108426988,0.22145328719723184,0.2689075630252101,0.24288425047438328,0.765172938317986,0.16643639664890594,0.16643639664890594,0.20952261329019636,0.039048941339812564,0.7310924369747899,64,225,5537,174,0.03626285622960712,178500,29.75,0.275,0.04816666666666667,HistGradientBoosting
0.9336666666666666,0.6150160862678984,0.2222222222222222,0.2689075630252101,0.24334600760456274,0.765172938317986,0.16643639664890594,0.16643639664890594,0.21002613646108112,0.0388753904894134,0.7310924369747899,64,224,5538,174,0.03626285622960712,178480,29.746666666666666,0.28500000000000003,0.048,HistGradientBoosting
0.9336666666666666,0.6150160862678984,0.2222222222222222,0.2689075630252101,0.24334600760456274,0.765172938317986,0.16643639664890594,0.16643639664890594,0.21002613646108112,0.0388753904894134,0.7310924369747899,64,224,5538,174,0.03626285622960712,178480,29.746666666666666,0.295,0.048,HistGradientBoosting
0.9338333333333333,0.6151028616930979,0.2229965156794425,0.2689075630252101,0.2438095238095238,0.765172938317986,0.16643639664890594,0.16643639664890594,0.2105320222093685,0.03870183963901423,0.7310924369747899,64,223,5539,174,0.03626285622960712,178460,29.743333333333332,0.305,0.04783333333333333,HistGradientBoosting
0.934,0.6151896371182975,0.22377622377622378,0.2689075630252101,0.24427480916030533,0.765172938317986,0.16643639664890594,0.16643639664890594,0.21104029083206946,0.03852828878861506,0.7310924369747899,64,222,5540,174,0.03626285622960712,178440,29.74,0.315,0.04766666666666667,HistGradientBoosting
0.934,0.6151896371182975,0.22377622377622378,0.2689075630252101,0.24427480916030533,0.765172938317986,0.16643639664890594,0.16643639664890594,0.21104029083206946,0.03852828878861506,0.7310924369747899,64,222,5540,174,0.03626285622960712,178440,29.74,0.3157894736842105,0.04766666666666667,HistGradientBoosting
0.956,0.5601798511837919,0.3522727272727273,0.13025210084033614,0.19018404907975464,0.765172938317986,0.16643639664890594,0.16643639664890594,0.19541039465829105,0.009892398472752516,0.8697478991596639,31,57,5705,207,0.03626285622960712,208140,34.69,0.325,0.014666666666666666,HistGradientBoosting
0.9561666666666667,0.5602666266089914,0.3563218390804598,0.13025210084033614,0.19076923076923077,0.765172938317986,0.16643639664890594,0.16643639664890594,0.19679697480932012,0.00971884762235335,0.8697478991596639,31,56,5706,207,0.03626285622960712,208120,34.68666666666667,0.335,0.0145,HistGradientBoosting
0.9561666666666667,0.5602666266089914,0.3563218390804598,0.13025210084033614,0.19076923076923077,0.765172938317986,0.16643639664890594,0.16643639664890594,0.19679697480932012,0.00971884762235335,0.8697478991596639,31,56,5706,207,0.03626285622960712,208120,34.68666666666667,0.34500000000000003,0.0145,HistGradientBoosting
0.9563333333333334,0.560353402034191,0.36046511627906974,0.13025210084033614,0.19135802469135804,0.765172938317986,0.16643639664890594,0.16643639664890594,0.19820607941811647,0.009545296771954183,0.8697478991596639,31,55,5707,207,0.03626285622960712,208100,34.68333333333333,0.35500000000000004,0.014333333333333333,HistGradientBoosting
0.9563333333333334,0.560353402034191,0.36046511627906974,0.13025210084033614,0.19135802469135804,0.765172938317986,0.16643639664890594,0.16643639664890594,0.19820607941811647,0.009545296771954183,0.8697478991596639,31,55,5707,207,0.03626285622960712,208100,34.68333333333333,0.365,0.014333333333333333,HistGradientBoosting
0.9563333333333334,0.560353402034191,0.36046511627906974,0.13025210084033614,0.19135802469135804,0.765172938317986,0.16643639664890594,0.16643639664890594,0.19820607941811647,0.009545296771954183,0.8697478991596639,31,55,5707,207,0.03626285622960712,208100,34.68333333333333,0.375,0.014333333333333333,HistGradientBoosting
0.9571666666666667,0.5547450844273842,0.37333333333333335,0.11764705882352941,0.17891373801916935,0.765172938317986,0.16643639664890594,0.16643639664890594,0.19234257327280974,0.008156889968760846,0.8823529411764706,28,47,5715,210,0.03626285622960712,210940,35.156666666666666,0.3750738593253212,0.0125,HistGradientBoosting
0.9573333333333334,0.5548318598525839,0.3783783783783784,0.11764705882352941,0.1794871794871795,0.765172938317986,0.16643639664890594,0.16643639664890594,0.19392839126575595,0.00798333911836168,0.8823529411764706,28,46,5716,210,0.03626285622960712,210920,35.153333333333336,0.385,0.012333333333333333,HistGradientBoosting
0.9573333333333334,0.5548318598525839,0.3783783783783784,0.11764705882352941,0.1794871794871795,0.765172938317986,0.16643639664890594,0.16643639664890594,0.19392839126575595,0.00798333911836168,0.8823529411764706,28,46,5716,210,0.03626285622960712,210920,35.153333333333336,0.395,0.012333333333333333,HistGradientBoosting
0.9573333333333334,0.5508037300307141,0.37142857142857144,0.1092436974789916,0.16883116883116883,0.765172938317986,0.16643639664890594,0.16643639664890594,0.18468190004358448,0.0076362374175633465,0.8907563025210085,26,44,5718,212,0.03626285622960712,212880,35.48,0.405,0.011666666666666667,HistGradientBoosting
0.9573333333333334,0.5508037300307141,0.37142857142857144,0.1092436974789916,0.16883116883116883,0.765172938317986,0.16643639664890594,0.16643639664890594,0.18468190004358448,0.0076362374175633465,0.8907563025210085,26,44,5718,212,0.03626285622960712,212880,35.48,0.41500000000000004,0.011666666666666667,HistGradientBoosting
0.9573333333333334,0.5508037300307141,0.37142857142857144,0.1092436974789916,0.16883116883116883,0.765172938317986,0.16643639664890594,0.16643639664890594,0.18468190004358448,0.0076362374175633465,0.8907563025210085,26,44,5718,212,0.03626285622960712,212880,35.48,0.425,0.011666666666666667,HistGradientBoosting
0.9573333333333334,0.5508037300307141,0.37142857142857144,0.1092436974789916,0.16883116883116883,0.765172938317986,0.16643639664890594,0.16643639664890594,0.18468190004358448,0.0076362374175633465,0.8907563025210085,26,44,5718,212,0.03626285622960712,212880,35.48,0.435,0.011666666666666667,HistGradientBoosting
0.9573333333333334,0.5508037300307141,0.37142857142857144,0.1092436974789916,0.16883116883116883,0.765172938317986,0.16643639664890594,0.16643639664890594,0.18468190004358448,0.0076362374175633465,0.8907563025210085,26,44,5718,212,0.03626285622960712,212880,35.48,0.445,0.011666666666666667,HistGradientBoosting
0.9573333333333334,0.5508037300307141,0.37142857142857144,0.1092436974789916,0.16883116883116883,0.765172938317986,0.16643639664890594,0.16643639664890594,0.18468190004358448,0.0076362374175633465,0.8907563025210085,26,44,5718,212,0.03626285622960712,212880,35.48,0.4473684210526316,0.011666666666666667,HistGradientBoosting
0.9603333333333334,0.5,0.0,0.0,0.0,0.765172938317986,0.16643639664890594,0.16643639664890594,0.0,0.0,1.0,0,0,5762,238,0.03626285622960712,238000,39.666666666666664,0.455,0.0,HistGradientBoosting
0.9603333333333334,0.5,0.0,0.0,0.0,0.765172938317986,0.16643639664890594,0.16643639664890594,0.0,0.0,1.0,0,0,5762,238,0.03626285622960712,238000,39.666666666666664,0.465,0.0,HistGradientBoosting
0.9603333333333334,0.5,0.0,0.0,0.0,0.765172938317986,0.16643639664890594,0.16643639664890594,0.0,0.0,1.0,0,0,5762,238,0.03626285622960712,238000,39.666666666666664,0.47500000000000003,0.0,HistGradientBoosting
0.9603333333333334,0.5,0.0,0.0,0.0,0.765172938317986,0.16643639664890594,0.16643639664890594,0.0,0.0,1.0,0,0,5762,238,0.03626285622960712,238000,39.666666666666664,0.485,0.0,HistGradientBoosting
0.9603333333333334,0.5,0.0,0.0,0.0,0.765172938317986,0.16643639664890594,0.16643639664890594,0.0,0.0,1.0,0,0,5762,238,0.03626285622960712,238000,39.666666666666664,0.495,0.0,HistGradientBoosting
0.9603333333333334,0.5,0.0,0.0,0.0,0.765172938317986,0.16643639664890594,0.16643639664890594,0.0,0.0,1.0,0,0,5762,238,0.03626285622960712,238000,39.666666666666664,0.505,0.0,HistGradientBoosting
0.9603333333333334,0.5,0.0,0.0,0.0,0.765172938317986,0.16643639664890594,0.16643639664890594,0.0,0.0,1.0,0,0,5762,238,0.03626285622960712,238000,39.666666666666664,0.515,0.0,HistGradientBoosting
0.9603333333333334,0.5,0.0,0.0,0.0,0.765172938317986,0.16643639664890594,0.16643639664890594,0.0,0.0,1.0,0,0,5762,238,0.03626285622960712,238000,39.666666666666664,0.525,0.0,HistGradientBoosting
0.9603333333333334,0.5,0.0,0.0,0.0,0.765172938317986,0.16643639664890594,0.16643639664890594,0.0,0.0,1.0,0,0,5762,238,0.03626285622960712,238000,39.666666666666664,0.535,0.0,HistGradientBoosting
0.9603333333333334,0.5,0.0,0.0,0.0,0.765172938317986,0.16643639664890594,0.16643639664890594,0.0,0.0,1.0,0,0,5762,238,0.03626285622960712,238000,39.666666666666664,0.545,0.0,HistGradientBoosting
0.9603333333333334,0.5,0.0,0.0,0.0,0.765172938317986,0.16643639664890594,0.16643639664890594,0.0,0.0,1.0,0,0,5762,238,0.03626285622960712,238000,39.666666666666664,0.555,0.0,HistGradientBoosting
0.9603333333333334,0.5,0.0,0.0,0.0,0.765172938317986,0.16643639664890594,0.16643639664890594,0.0,0.0,1.0,0,0,5762,238,0.03626285622960712,238000,39.666666666666664,0.5650000000000001,0.0,HistGradientBoosting
0.9603333333333334,0.5,0.0,0.0,0.0,0.765172938317986,0.16643639664890594,0.16643639664890594,0.0,0.0,1.0,0,0,5762,238,0.03626285622960712,238000,39.666666666666664,0.5750000000000001,0.0,HistGradientBoosting
0.9603333333333334,0.5,0.0,0.0,0.0,0.765172938317986,0.16643639664890594,0.16643639664890594,0.0,0.0,1.0,0,0,5762,238,0.03626285622960712,238000,39.666666666666664,0.585,0.0,HistGradientBoosting
0.9603333333333334,0.5,0.0,0.0,0.0,0.765172938317986,0.16643639664890594,0.16643639664890594,0.0,0.0,1.0,0,0,5762,238,0.03626285622960712,238000,39.666666666666664,0.595,0.0,HistGradientBoosting
0.9603333333333334,0.5,0.0,0.0,0.0,0.765172938317986,0.16643639664890594,0.16643639664890594,0.0,0.0,1.0,0,0,5762,238,0.03626285622960712,238000,39.666666666666664,0.605,0.0,HistGradientBoosting
0.9603333333333334,0.5,0.0,0.0,0.0,0.765172938317986,0.16643639664890594,0.16643639664890594,0.0,0.0,1.0,0,0,5762,238,0.03626285622960712,238000,39.666666666666664,0.615,0.0,HistGradientBoosting
0.9603333333333334,0.5,0.0,0.0,0.0,0.765172938317986,0.16643639664890594,0.16643639664890594,0.0,0.0,1.0,0,0,5762,238,0.03626285622960712,238000,39.666666666666664,0.625,0.0,HistGradientBoosting
0.9603333333333334,0.5,0.0,0.0,0.0,0.765172938317986,0.16643639664890594,0.16643639664890594,0.0,0.0,1.0,0,0,5762,238,0.03626285622960712,238000,39.666666666666664,0.635,0.0,HistGradientBoosting
0.9603333333333334,0.5,0.0,0.0,0.0,0.765172938317986,0.16643639664890594,0.16643639664890594,0.0,0.0,1.0,0,0,5762,238,0.03626285622960712,238000,39.666666666666664,0.645,0.0,HistGradientBoosting
0.9603333333333334,0.5,0.0,0.0,0.0,0.765172938317986,0.16643639664890594,0.16643639664890594,0.0,0.0,1.0,0,0,5762,238,0.03626285622960712,238000,39.666666666666664,0.655,0.0,HistGradientBoosting
0.9603333333333334,0.5,0.0,0.0,0.0,0.765172938317986,0.16643639664890594,0.16643639664890594,0.0,0.0,1.0,0,0,5762,238,0.03626285622960712,238000,39.666666666666664,0.665,0.0,HistGradientBoosting
0.9603333333333334,0.5,0.0,0.0,0.0,0.765172938317986,0.16643639664890594,0.16643639664890594,0.0,0.0,1.0,0,0,5762,238,0.03626285622960712,238000,39.666666666666664,0.675,0.0,HistGradientBoosting
0.9603333333333334,0.5,0.0,0.0,0.0,0.765172938317986,0.16643639664890594,0.16643639664890594,0.0,0.0,1.0,0,0,5762,238,0.03626285622960712,238000,39.666666666666664,0.685,0.0,HistGradientBoosting
0.9603333333333334,0.5,0.0,0.0,0.0,0.765172938317986,0.16643639664890594,0.16643639664890594,0.0,0.0,1.0,0,0,5762,238,0.03626285622960712,238000,39.666666666666664,0.6950000000000001,0.0,HistGradientBoosting
0.9603333333333334,0.5,0.0,0.0,0.0,0.765172938317986,0.16643639664890594,0.16643639664890594,0.0,0.0,1.0,0,0,5762,238,0.03626285622960712,238000,39.666666666666664,0.7050000000000001,0.0,HistGradientBoosting
0.9603333333333334,0.5,0.0,0.0,0.0,0.765172938317986,0.16643639664890594,0.16643639664890594,0.0,0.0,1.0,0,0,5762,238,0.03626285622960712,238000,39.666666666666664,0.715,0.0,HistGradientBoosting
0.9603333333333334,0.5,0.0,0.0,0.0,0.765172938317986,0.16643639664890594,0.16643639664890594,0.0,0.0,1.0,0,0,5762,238,0.03626285622960712,238000,39.666666666666664,0.725,0.0,HistGradientBoosting
0.9603333333333334,0.5,0.0,0.0,0.0,0.765172938317986,0.16643639664890594,0.16643639664890594,0.0,0.0,1.0,0,0,5762,238,0.03626285622960712,238000,39.666666666666664,0.735,0.0,HistGradientBoosting
0.9603333333333334,0.5,0.0,0.0,0.0,0.765172938317986,0.16643639664890594,0.16643639664890594,0.0,0.0,1.0,0,0,5762,238,0.03626285622960712,238000,39.666666666666664,0.745,0.0,HistGradientBoosting
0.9603333333333334,0.5,0.0,0.0,0.0,0.765172938317986,0.16643639664890594,0.16643639664890594,0.0,0.0,1.0,0,0,5762,238,0.03626285622960712,238000,39.666666666666664,0.755,0.0,HistGradientBoosting
0.9603333333333334,0.5,0.0,0.0,0.0,0.765172938317986,0.16643639664890594,0.16643639664890594,0.0,0.0,1.0,0,0,5762,238,0.03626285622960712,238000,39.666666666666664,0.765,0.0,HistGradientBoosting
0.9603333333333334,0.5,0.0,0.0,0.0,0.765172938317986,0.16643639664890594,0.16643639664890594,0.0,0.0,1.0,0,0,5762,238,0.03626285622960712,238000,39.666666666666664,0.775,0.0,HistGradientBoosting
0.9603333333333334,0.5,0.0,0.0,0.0,0.765172938317986,0.16643639664890594,0.16643639664890594,0.0,0.0,1.0,0,0,5762,238,0.03626285622960712,238000,39.666666666666664,0.785,0.0,HistGradientBoosting
0.9603333333333334,0.5,0.0,0.0,0.0,0.765172938317986,0.16643639664890594,0.16643639664890594,0.0,0.0,1.0,0,0,5762,238,0.03626285622960712,238000,39.666666666666664,0.795,0.0,HistGradientBoosting
0.9603333333333334,0.5,0.0,0.0,0.0,0.765172938317986,0.16643639664890594,0.16643639664890594,0.0,0.0,1.0,0,0,5762,238,0.03626285622960712,238000,39.666666666666664,0.805,0.0,HistGradientBoosting
0.9603333333333334,0.5,0.0,0.0,0.0,0.765172938317986,0.16643639664890594,0.16643639664890594,0.0,0.0,1.0,0,0,5762,238,0.03626285622960712,238000,39.666666666666664,0.8150000000000001,0.0,HistGradientBoosting
0.9603333333333334,0.5,0.0,0.0,0.0,0.765172938317986,0.16643639664890594,0.16643639664890594,0.0,0.0,1.0,0,0,5762,238,0.03626285622960712,238000,39.666666666666664,0.8250000000000001,0.0,HistGradientBoosting
0.9603333333333334,0.5,0.0,0.0,0.0,0.765172938317986,0.16643639664890594,0.16643639664890594,0.0,0.0,1.0,0,0,5762,238,0.03626285622960712,238000,39.666666666666664,0.8350000000000001,0.0,HistGradientBoosting
0.9603333333333334,0.5,0.0,0.0,0.0,0.765172938317986,0.16643639664890594,0.16643639664890594,0.0,0.0,1.0,0,0,5762,238,0.03626285622960712,238000,39.666666666666664,0.845,0.0,HistGradientBoosting
0.9603333333333334,0.5,0.0,0.0,0.0,0.765172938317986,0.16643639664890594,0.16643639664890594,0.0,0.0,1.0,0,0,5762,238,0.03626285622960712,238000,39.666666666666664,0.855,0.0,HistGradientBoosting
0.9603333333333334,0.5,0.0,0.0,0.0,0.765172938317986,0.16643639664890594,0.16643639664890594,0.0,0.0,1.0,0,0,5762,238,0.03626285622960712,238000,39.666666666666664,0.865,0.0,HistGradientBoosting
0.9603333333333334,0.5,0.0,0.0,0.0,0.765172938317986,0.16643639664890594,0.16643639664890594,0.0,0.0,1.0,0,0,5762,238,0.03626285622960712,238000,39.666666666666664,0.875,0.0,HistGradientBoosting
0.9603333333333334,0.5,0.0,0.0,0.0,0.765172938317986,0.16643639664890594,0.16643639664890594,0.0,0.0,1.0,0,0,5762,238,0.03626285622960712,238000,39.666666666666664,0.885,0.0,HistGradientBoosting
0.9603333333333334,0.5,0.0,0.0,0.0,0.765172938317986,0.16643639664890594,0.16643639664890594,0.0,0.0,1.0,0,0,5762,238,0.03626285622960712,238000,39.666666666666664,0.895,0.0,HistGradientBoosting
0.9603333333333334,0.5,0.0,0.0,0.0,0.765172938317986,0.16643639664890594,0.16643639664890594,0.0,0.0,1.0,0,0,5762,238,0.03626285622960712,238000,39.666666666666664,0.905,0.0,HistGradientBoosting
0.9603333333333334,0.5,0.0,0.0,0.0,0.765172938317986,0.16643639664890594,0.16643639664890594,0.0,0.0,1.0,0,0,5762,238,0.03626285622960712,238000,39.666666666666664,0.915,0.0,HistGradientBoosting
0.9603333333333334,0.5,0.0,0.0,0.0,0.765172938317986,0.16643639664890594,0.16643639664890594,0.0,0.0,1.0,0,0,5762,238,0.03626285622960712,238000,39.666666666666664,0.925,0.0,HistGradientBoosting
0.9603333333333334,0.5,0.0,0.0,0.0,0.765172938317986,0.16643639664890594,0.16643639664890594,0.0,0.0,1.0,0,0,5762,238,0.03626285622960712,238000,39.666666666666664,0.935,0.0,HistGradientBoosting
0.9603333333333334,0.5,0.0,0.0,0.0,0.765172938317986,0.16643639664890594,0.16643639664890594,0.0,0.0,1.0,0,0,5762,238,0.03626285622960712,238000,39.666666666666664,0.9450000000000001,0.0,HistGradientBoosting
0.9603333333333334,0.5,0.0,0.0,0.0,0.765172938317986,0.16643639664890594,0.16643639664890594,0.0,0.0,1.0,0,0,5762,238,0.03626285622960712,238000,39.666666666666664,0.9550000000000001,0.0,HistGradientBoosting
0.9603333333333334,0.5,0.0,0.0,0.0,0.765172938317986,0.16643639664890594,0.16643639664890594,0.0,0.0,1.0,0,0,5762,238,0.03626285622960712,238000,39.666666666666664,0.965,0.0,HistGradientBoosting
0.9603333333333334,0.5,0.0,0.0,0.0,0.765172938317986,0.16643639664890594,0.16643639664890594,0.0,0.0,1.0,0,0,5762,238,0.03626285622960712,238000,39.666666666666664,0.975,0.0,HistGradientBoosting
0.9603333333333334,0.5,0.0,0.0,0.0,0.765172938317986,0.16643639664890594,0.16643639664890594,0.0,0.0,1.0,0,0,5762,238,0.03626285622960712,238000,39.666666666666664,0.985,0.0,HistGradientBoosting
0.9603333333333334,0.5,0.0,0.0,0.0,0.765172938317986,0.16643639664890594,0.16643639664890594,0.0,0.0,1.0,0,0,5762,238,0.03626285622960712,238000,39.666666666666664,0.995,0.0,HistGradientBoosting
0.9603333333333334,0.5,0.0,0.0,0.0,0.765172938317986,0.16643639664890594,0.16643639664890594,0.0,0.0,1.0,0,0,5762,238,0.03626285622960712,238000,39.666666666666664,1.000001,0.0,HistGradientBoosting
0.03966666666666667,0.5,0.03966666666666667,1.0,0.07630650849631292,0.752260536286712,0.18880570742122194,0.18880570742122194,0.0,1.0,0.0,238,5762,0,0,0.03617757931351662,115240,19.206666666666667,0.005,1.0,XGBoost
0.03966666666666667,0.5,0.03966666666666667,1.0,0.07630650849631292,0.752260536286712,0.18880570742122194,0.18880570742122194,0.0,1.0,0.0,238,5762,0,0,0.03617757931351662,115240,19.206666666666667,0.009864176623523235,1.0,XGBoost
0.05216666666666667,0.5065081568899688,0.040168776371308015,1.0,0.07723511276975498,0.752260536286712,0.18880570742122194,0.18880570742122194,0.022865900319145215,0.9869836862200625,0.0,238,5687,75,0,0.03617757931351662,113740,18.956666666666667,0.01378354667685926,0.9875,XGBoost
0.06416666666666666,0.5107419225934039,0.040505896427961034,0.9957983193277311,0.07784529479389063,0.752260536286712,0.18880570742122194,0.18880570742122194,0.026945046438312394,0.9743144741409233,0.004201680672268907,237,5614,148,1,0.03617757931351662,113280,18.88,0.015,0.9751666666666666,XGBoost
0.06433333333333334,0.5108286980186035,0.04051282051282051,0.9957983193277311,0.0778580814717477,0.752260536286712,0.18880570742122194,0.18880570742122194,0.027074333937927075,0.9741409232905242,0.004201680672268907,237,5613,149,1,0.03617757931351662,113260,18.876666666666665,0.015045175445266068,0.975,XGBoost
0.0765,0.5151492391472382,0.04086580086580087,0.9915966386554622,0.07849659072010644,0.752260536286712,0.18880570742122194,0.18880570742122194,0.031126383880188374,0.9612981603609858,0.008403361344537815,236,5539,223,2,0.03617757931351662,112780,18.796666666666667,0.01577491029165685,0.9625,XGBoost
0.08866666666666667,0.519469780275873,0.0412280701754386,0.9873949579831933,0.0791512293701583,0.752260536286712,0.18880570742122194,0.18880570742122194,0.034871296642233714,0.9484553974314475,0.012605042016806723,235,5465,297,3,0.03617757931351662,112300,18.716666666666665,0.016319221071898937,0.95,XGBoost
0.10083333333333333,0.5237903214045077,0.0416,0.9831932773109243,0.07982261640798226,0.752260536286712,0.18880570742122194,0.18880570742122194,0.038364409082188924,0.935612634501909,0.01680672268907563,234,5391,371,4,0.03617757931351662,111820,18.636666666666667,0.0168873529182747,0.9375,XGBoost
0.113,0.5281108625331423,0.04198198198198198,0.9789915966386554,0.08051140290255702,0.752260536286712,0.18880570742122194,0.18880570742122194,0.04166069628149391,0.9227698715723707,0.02100840336134454,233,5317,445,5,0.03617757931351662,111340,18.55666666666667,0.017360791750252246,0.925,XGBoost
0.1255,0.5346190194231111,0.042557077625570774,0.9789915966386554,0.08156835287939787,0.752260536286712,0.18880570742122194,0.18880570742122194,0.04782424803431227,0.9097535577924332,0.02100840336134454,233,5242,520,5,0.03617757931351662,109840,18.30666666666667,0.01782088908366859,0.9125,XGBoost
0.13766666666666666,0.5389395605517459,0.04296296296296296,0.9747899159663865,0.08229868747782901,0.752260536286712,0.18880570742122194,0.18880570742122194,0.05066681936457533,0.8969107948628948,0.025210084033613446,232,5168,594,6,0.03617757931351662,109360,18.226666666666667,0.018356296047568322,0.9,XGBoost
0.14983333333333335,0.5432601016803806,0.04338028169014085,0.9705882352941176,0.08304871472227217,0.752260536286712,0.18880570742122194,0.18880570742122194,0.05344178365574294,0.8840680319333565,0.029411764705882353,231,5094,668,7,0.03617757931351662,108880,18.14666666666667,0.018749003182165325,0.8875,XGBoost
0.16233333333333333,0.5497682585703494,0.044,0.9705882352941176,0.08418367346938777,0.752260536286712,0.18880570742122194,0.18880570742122194,0.05874180164820921,0.871051718153419,0.029411764705882353,231,5019,743,7,0.03617757931351662,107380,17.89666666666667,0.019189499085769057,0.875,XGBoost
0.1745,0.5540887996989841,0.044444444444444446,0.9663865546218487,0.08498060225383337,0.752260536286712,0.18880570742122194,0.18880570742122194,0.061309855678539464,0.8582089552238806,0.03361344537815126,230,4945,817,8,0.03617757931351662,106900,17.816666666666666,0.019634713558480142,0.8625,XGBoost
0.18633333333333332,0.5562217250662848,0.04470588235294118,0.957983193277311,0.08542525290370925,0.752260536286712,0.18880570742122194,0.18880570742122194,0.061461467480412466,0.8455397431447415,0.04201680672268908,228,4872,890,10,0.03617757931351662,107440,17.906666666666666,0.02005729451775551,0.85,XGBoost
0.1985,0.5605422661949195,0.04517412935323383,0.9537815126050421,0.08626258787763633,0.752260536286712,0.18880570742122194,0.18880570742122194,0.06406095866414313,0.8326969802152031,0.046218487394957986,227,4798,964,11,0.03617757931351662,106960,17.826666666666668,0.020355539838783444,0.8375,XGBoost
0.21033333333333334,0.5626751915622201,0.045454545454545456,0.9453781512605042,0.08673862760215884,0.752260536286712,0.18880570742122194,0.18880570742122194,0.0643877904814005,0.8200277681360638,0.0546218487394958,225,4725,1037,13,0.03617757931351662,107500,17.916666666666668,0.020616557076573373,0.825,XGBoost
0.22283333333333333,0.5691833484521889,0.046153846153846156,0.9453781512605042,0.08801095247408568,0.752260536286712,0.18880570742122194,0.18880570742122194,0.06918996450803586,0.8070114543561263,0.0546218487394958,225,4650,1112,13,0.03617757931351662,106000,17.666666666666668,0.0209337396081537,0.8125,XGBoost
0.235,0.5735038895808237,0.04666666666666667,0.9411764705882353,0.0889241762604208,0.752260536286712,0.18880570742122194,0.18880570742122194,0.07173055325771338,0.794168691426588,0.058823529411764705,224,4576,1186,14,0.03617757931351662,105520,17.586666666666666,0.021249185502529144,0.8,XGBoost
0.24716666666666667,0.5778244307094584,0.047195767195767194,0.9369747899159664,0.08986500100745516,0.752260536286712,0.18880570742122194,0.18880570742122194,0.0742617287187469,0.7813259284970496,0.06302521008403361,223,4502,1260,15,0.03617757931351662,105040,17.506666666666668,0.021616481267847123,0.7875,XGBoost
0.25933333333333336,0.5821449718380931,0.04774193548387097,0.9327731092436975,0.09083469721767594,0.752260536286712,0.18880570742122194,0.18880570742122194,0.07678788848795123,0.7684831655675113,0.06722689075630252,222,4428,1334,16,0.03617757931351662,104560,17.426666666666666,0.02192628919146955,0.775,XGBoost
0.27116666666666667,0.5842778972053938,0.048087431693989074,0.9243697478991597,0.0914190733430293,0.752260536286712,0.18880570742122194,0.18880570742122194,0.07730646432361622,0.7558139534883721,0.07563025210084033,220,4355,1407,18,0.03617757931351662,105100,17.516666666666666,0.02229122444987297,0.7625,XGBoost
0.2823333333333333,0.5820355910500263,0.048,0.907563025210084,0.09117771211481637,0.752260536286712,0.18880570742122194,0.18880570742122194,0.07395295398653859,0.7434918431100312,0.09243697478991597,216,4284,1478,22,0.03617757931351662,107680,17.946666666666665,0.022586179431527853,0.75,XGBoost
0.2941666666666667,0.5841685164173271,0.04836158192090396,0.8991596638655462,0.09178640360283079,0.752260536286712,0.18880570742122194,0.18880570742122194,0.07467201259723887,0.7308226310308921,0.10084033613445378,214,4211,1551,24,0.03617757931351662,108220,18.036666666666665,0.022911066398955883,0.7375,XGBoost
0.30566666666666664,0.5841138260232936,0.04850574712643678,0.8865546218487395,0.09197907585004358,0.752260536286712,0.18880570742122194,0.18880570742122194,0.07353361017553307,0.718326969802152,0.1134453781512605,211,4139,1623,27,0.03617757931351662,109780,18.296666666666667,0.023189147002995014,0.725,XGBoost
0.31816666666666665,0.5906219829132625,0.04935672514619883,0.8865546218487395,0.09350764458231774,0.752260536286712,0.18880570742122194,0.18880570742122194,0.07815847063434883,0.7053106560222145,0.1134453781512605,211,4064,1698,27,0.03617757931351662,108280,18.046666666666667,0.023509385786019264,0.7125,XGBoost
0.33,0.5927549082805632,0.049761904761904764,0.8781512605042017,0.09418657052726453,0.752260536286712,0.18880570742122194,0.18880570742122194,0.07900982570095347,0.6926414439430754,0.12184873949579832,209,3991,1771,29,0.03617757931351662,108820,18.136666666666667,0.023863454908132554,0.7,XGBoost
0.3418333333333333,0.5948878336478639,0.05018181818181818,0.8697478991596639,0.09488883795553518,0.752260536286712,0.18880570742122194,0.18880570742122194,0.07991034767545062,0.6799722318639362,0.13025210084033614,207,3918,1844,31,0.03617757931351662,109360,18.226666666666667,0.024231636663898826,0.6875,XGBoost
0.354,0.5992083747764986,0.0508641975308642,0.865546218487395,0.0960820895522388,0.752260536286712,0.18880570742122194,0.18880570742122194,0.0826815517902352,0.6671294689343977,0.13445378151260504,206,3844,1918,32,0.03617757931351662,108880,18.14666666666667,0.02460143049247563,0.675,XGBoost
0.36583333333333334,0.6013413001437993,0.05132075471698113,0.8571428571428571,0.09684310467600284,0.752260536286712,0.18880570742122194,0.18880570742122194,0.08365858075169426,0.6544602568552585,0.14285714285714285,204,3771,1991,34,0.03617757931351662,109420,18.236666666666668,0.024932742211967708,0.6625,XGBoost
0.36833333333333335,0.602642931521793,0.051515151515151514,0.8571428571428571,0.09718913768461171,0.752260536286712,0.18880570742122194,0.18880570742122194,0.08458073827936562,0.6518569940992711,0.14285714285714285,204,3756,2006,34,0.03617757931351662,109120,18.186666666666667,0.025,0.66,XGBoost
0.37833333333333335,0.607849457033768,0.052307692307692305,0.8571428571428571,0.09859835669405509,0.752260536286712,0.18880570742122194,0.18880570742122194,0.08826349356118887,0.641443943075321,0.14285714285714285,204,3696,2066,34,0.03617757931351662,107920,17.986666666666668,0.025344405230134724,0.65,XGBoost
0.3908333333333333,0.6143576139237368,0.05333333333333334,0.8571428571428571,0.100418410041841,0.752260536286712,0.18880570742122194,0.18880570742122194,0.09285917822658267,0.6284276292953835,0.14285714285714285,204,3621,2141,34,0.03617757931351662,106420,17.736666666666668,0.02574087886605412,0.6375,XGBoost
0.403,0.6186781550523714,0.05413333333333333,0.8529411764705882,0.10180541624874624,0.752260536286712,0.18880570742122194,0.18880570742122194,0.09569053759580456,0.6155848663658452,0.14705882352941177,203,3547,2215,35,0.03617757931351662,105940,17.656666666666666,0.026187372859567404,0.625,XGBoost
0.4151666666666667,0.6229986961810062,0.054965986394557825,0.8487394957983193,0.10324559161768464,0.752260536286712,0.18880570742122194,0.18880570742122194,0.09855200373372779,0.6027421034363069,0.15126050420168066,202,3473,2289,36,0.03617757931351662,105460,17.576666666666668,0.02655501428525895,0.6125,XGBoost
0.42766666666666664,0.629506853070975,0.05611111111111111,0.8487394957983193,0.10526315789473684,0.752260536286712,0.18880570742122194,0.18880570742122194,0.1031908002319121,0.5897257896563693,0.15126050420168066,202,3398,2364,36,0.03617757931351662,103960,17.326666666666668,0.027027169615030287,0.6,XGBoost
0.43983333333333335,0.6338273941996098,0.05702127659574468,0.8445378151260504,0.1068296571884135,0.752260536286712,0.18880570742122194,0.18880570742122194,0.10611651056317833,0.576883026726831,0.15546218487394958,201,3324,2438,37,0.03617757931351662,103480,17.246666666666666,0.027427424443885684,0.5875,XGBoost
0.452,0.6381479353282444,0.057971014492753624,0.8403361344537815,0.10845986984815618,0.752260536286712,0.18880570742122194,0.18880570742122194,0.10908621220266328,0.5640402637972926,0.15966386554621848,200,3250,2512,38,0.03617757931351662,103000,17.166666666666668,0.027959720231592655,0.575,XGBoost
0.4645,0.6446560922182132,0.05925925925925926,0.8403361344537815,0.11071132023249379,0.752260536286712,0.18880570742122194,0.18880570742122194,0.11382568890806839,0.551023950017355,0.15966386554621848,200,3175,2587,38,0.03617757931351662,101500,16.916666666666668,0.028479029540903866,0.5625,XGBoost
0.477,0.6511642491081819,0.06060606060606061,0.8403361344537815,0.11305822498586772,0.752260536286712,0.18880570742122194,0.18880570742122194,0.11860837073006088,0.5380076362374175,0.15966386554621848,200,3100,2662,38,0.03617757931351662,100000,16.666666666666668,0.02894133720546961,0.55,XGBoost
0.4891666666666667,0.6554847902368167,0.06170542635658915,0.8361344537815126,0.1149292520935605,0.752260536286712,0.18880570742122194,0.18880570742122194,0.12172973036161812,0.5251648733078792,0.1638655462184874,199,3026,2736,39,0.03617757931351662,99520,16.586666666666666,0.029458174132741988,0.5375,XGBoost
0.5003333333333333,0.6532424840814492,0.06190476190476191,0.819327731092437,0.11511216056670602,0.752260536286712,0.18880570742122194,0.18880570742122194,0.11978614198954407,0.5128427629295383,0.18067226890756302,195,2955,2807,43,0.03617757931351662,102100,17.016666666666666,0.03009134428575635,0.525,XGBoost
0.5118333333333334,0.653187793687416,0.0624390243902439,0.8067226890756303,0.11590703290069423,0.752260536286712,0.18880570742122194,0.18880570742122194,0.11963100938769813,0.5003471017007983,0.19327731092436976,192,2883,2879,46,0.03617757931351662,103660,17.276666666666667,0.03072610883973539,0.5125,XGBoost
0.5243333333333333,0.6596959505773847,0.064,0.8067226890756303,0.11859172328597899,0.752260536286712,0.18880570742122194,0.18880570742122194,0.12467453304316849,0.4873307879208608,0.19327731092436976,192,2808,2954,46,0.03617757931351662,102160,17.026666666666667,0.03138921596109867,0.5,XGBoost
0.5361666666666667,0.6618288759446854,0.06495726495726496,0.7983193277310925,0.12013910844135316,0.752260536286712,0.18880570742122194,0.18880570742122194,0.1263792062756868,0.47466157584172164,0.20168067226890757,190,2735,3027,48,0.03617757931351662,102700,17.116666666666667,0.03205379480496049,0.4875,XGBoost
0.5483333333333333,0.6661494170733201,0.06631578947368422,0.7941176470588235,0.12240932642487047,0.752260536286712,0.18880570742122194,0.18880570742122194,0.12987519606146855,0.4618188129121833,0.20588235294117646,189,2661,3101,49,0.03617757931351662,102220,17.036666666666665,0.0327833991497755,0.475,XGBoost
0.5605,0.6704699582019549,0.06774774774774775,0.7899159663865546,0.12479256554928643,0.752260536286712,0.18880570742122194,0.18880570742122194,0.13346168467715921,0.4489760499826449,0.21008403361344538,188,2587,3175,50,0.03617757931351662,101740,16.956666666666667,0.03343686605803668,0.4625,XGBoost
0.572,0.6704152678079215,0.06851851851851852,0.7773109243697479,0.1259360108917631,0.752260536286712,0.18880570742122194,0.18880570742122194,0.13371334413707298,0.4364803887539049,0.22268907563025211,185,2515,3247,53,0.03617757931351662,103300,17.216666666666665,0.03422408141195774,0.45,XGBoost
0.5835,0.674388707235758,0.0699885888170407,0.773109243697479,0.1283571677711894,0.752260536286712,0.18880570742122194,0.18880570742122194,0.1371983189308026,0.4243318292259632,0.226890756302521,184,2445,3317,54,0.03617757931351662,102900,17.15,0.034999999999999996,0.43816666666666665,XGBoost
0.5841666666666666,0.6747358089365563,0.0700952380952381,0.773109243697479,0.128536500174642,0.752260536286712,0.18880570742122194,0.18880570742122194,0.13749454671503913,0.42363762582436654,0.226890756302521,184,2441,3321,54,0.03617757931351662,102820,17.136666666666667,0.03502761060371995,0.4375,XGBoost
0.596,0.6768687343038569,0.07137254901960784,0.7647058823529411,0.13055954088952654,0.752260536286712,0.18880570742122194,0.18880570742122194,0.1396614450765689,0.41096841374522736,0.23529411764705882,182,2368,3394,56,0.03617757931351662,103360,17.226666666666667,0.03584109591320157,0.425,XGBoost
0.6081666666666666,0.6811892754324916,0.07313131313131313,0.7605042016806722,0.13343162550681903,0.752260536286712,0.18880570742122194,0.18880570742122194,0.14367143420343678,0.398125650815689,0.23949579831932774,181,2294,3468,57,0.03617757931351662,102880,17.14666666666667,0.03663291311822831,0.4125,XGBoost
0.6203333333333333,0.6855098165611264,0.075,0.7563025210084033,0.13646702047005307,0.752260536286712,0.18880570742122194,0.18880570742122194,0.14781384898084707,0.3852828878861506,0.24369747899159663,180,2220,3542,58,0.03617757931351662,102400,17.066666666666666,0.037468823045492185,0.4,XGBoost
0.6318333333333334,0.685455126167093,0.07612903225806451,0.7436974789915967,0.13811939133827544,0.752260536286712,0.18880570742122194,0.18880570742122194,0.1485948620102583,0.3727872266574106,0.25630252100840334,177,2148,3614,61,0.03617757931351662,103960,17.326666666666668,0.038402598956599844,0.3875,XGBoost
0.6426666666666667,0.6810252042503916,0.07644444444444444,0.7226890756302521,0.1382636655948553,0.752260536286712,0.18880570742122194,0.18880570742122194,0.14596114260005214,0.36063866712946896,0.2773109243697479,172,2078,3684,66,0.03617757931351662,107560,17.926666666666666,0.03953295014798641,0.375,XGBoost
0.6538333333333334,0.6787828980950242,0.07724137931034483,0.7058823529411765,0.1392457521757149,0.752260536286712,0.18880570742122194,0.18880570742122194,0.14517295725619261,0.3483165567511281,0.29411764705882354,168,2007,3755,70,0.03617757931351662,110140,18.356666666666666,0.04064620439894497,0.3625,XGBoost
0.666,0.6831034392236589,0.07952380952380952,0.7016806722689075,0.14285714285714285,0.752260536286712,0.18880570742122194,0.18880570742122194,0.14985100225297177,0.3354737938215897,0.29831932773109243,167,1933,3829,71,0.03617757931351662,109660,18.276666666666667,0.04155658073723316,0.35,XGBoost
0.6775,0.6830487488296255,0.08098765432098766,0.6890756302521008,0.14494034467520991,0.752260536286712,0.18880570742122194,0.18880570742122194,0.15110915800103653,0.3229781325928497,0.31092436974789917,164,1861,3901,74,0.03617757931351662,111220,18.536666666666665,0.04273997861891985,0.3375,XGBoost
0.6893333333333334,0.6851816741969263,0.08307692307692308,0.680672268907563,0.1480804387568556,0.752260536286712,0.18880570742122194,0.18880570742122194,0.15433281938353716,0.3103089205137105,0.31932773109243695,162,1788,3974,76,0.03617757931351662,111760,18.626666666666665,0.04414164256304503,0.325,XGBoost
0.698,0.6836518015744999,0.08403805496828752,0.6680672268907563,0.14929577464788732,0.752260536286712,0.18880570742122194,0.18880570742122194,0.15428528627739352,0.30076362374175636,0.3319327731092437,159,1733,4029,79,0.03617757931351662,113660,18.94333333333333,0.045,0.31533333333333335,XGBoost
0.7008333333333333,0.6851269838028928,0.0848,0.6680672268907563,0.15049692380501656,0.752260536286712,0.18880570742122194,0.18880570742122194,0.1559057791823633,0.2978132592849705,0.3319327731092437,159,1716,4046,79,0.03617757931351662,113320,18.886666666666667,0.045267985900864005,0.3125,XGBoost
0.712,0.6828846776475255,0.08611111111111111,0.6512605042016807,0.1521099116781158,0.752260536286712,0.18880570742122194,0.18880570742122194,0.15578352425942713,0.28549114890662963,0.3487394957983193,155,1645,4117,83,0.03617757931351662,115900,19.316666666666666,0.04676296003162861,0.3,XGBoost
0.7238333333333333,0.6850176030148263,0.08869565217391304,0.6428571428571429,0.15588385124808965,0.752260536286712,0.18880570742122194,0.18880570742122194,0.1595715788509367,0.27282193682749045,0.35714285714285715,153,1572,4190,85,0.03617757931351662,116440,19.406666666666666,0.04843314443714917,0.2875,XGBoost
0.736,0.689338144143461,0.09212121212121212,0.6386554621848739,0.16101694915254236,0.752260536286712,0.18880570742122194,0.18880570742122194,0.16552233967990607,0.2599791738979521,0.36134453781512604,152,1498,4264,86,0.03617757931351662,115960,19.326666666666668,0.0501905563287437,0.275,XGBoost
0.7475,0.6892834537494276,0.0946031746031746,0.6260504201680672,0.16436845008273582,0.752260536286712,0.18880570742122194,0.18880570742122194,0.16792711864785168,0.2474835126692121,0.3739495798319328,149,1426,4336,89,0.03617757931351662,117520,19.586666666666666,0.05211683353409171,0.2625,XGBoost
0.759,0.6892287633553942,0.09733333333333333,0.6134453781512605,0.16800920598388952,0.752260536286712,0.18880570742122194,0.18880570742122194,0.17058481386228233,0.23498785144047205,0.3865546218487395,146,1354,4408,92,0.03617757931351662,119080,19.846666666666668,0.053856708109378815,0.25,XGBoost
0.7641666666666667,0.6878906717147115,0.09829351535836177,0.6050420168067226,0.16911332941867294,0.752260536286712,0.18880570742122194,0.18880570742122194,0.17072725676244566,0.22926067337729955,0.3949579831932773,144,1321,4441,94,0.03617757931351662,120420,20.07,0.055,0.24416666666666667,XGBoost
0.7695,0.6826112256773588,0.09824561403508772,0.5882352941176471,0.1683704149128082,0.752260536286712,0.18880570742122194,0.18880570742122194,0.16750570043903606,0.22301284276292954,0.4117647058823529,140,1285,4477,98,0.03617757931351662,123700,20.616666666666667,0.05605457136407495,0.2375,XGBoost
0.7813333333333333,0.6847441510446595,0.10222222222222223,0.5798319327731093,0.17380352644836272,0.752260536286712,0.18880570742122194,0.18880570742122194,0.17269606345692362,0.21034363068379036,0.42016806722689076,138,1212,4550,100,0.03617757931351662,124240,20.706666666666667,0.05887920847162606,0.225,XGBoost
0.7921666666666667,0.680314229127958,0.10431372549019607,0.5588235294117647,0.17580964970257767,0.752260536286712,0.18880570742122194,0.18880570742122194,0.1720596764481437,0.19819507115584867,0.4411764705882353,133,1142,4620,105,0.03617757931351662,127840,21.30666666666667,0.06220417818985885,0.2125,XGBoost
0.8003333333333333,0.6805380951408679,0.1072013093289689,0.5504201680672269,0.17945205479452056,0.752260536286712,0.18880570742122194,0.18880570742122194,0.1749908261108277,0.18934397778549114,0.4495798319327731,131,1091,4671,107,0.03617757931351662,128820,21.47,0.065,0.20366666666666666,XGBoost
0.804,0.6824471544952587,0.10916666666666666,0.5504201680672269,0.18219749652294856,0.752260536286712,0.18880570742122194,0.18880570742122194,0.17804548040753856,0.1855258590767095,0.4495798319327731,131,1069,4693,107,0.03617757931351662,128380,21.39666666666667,0.06591018736362453,0.2,XGBoost
0.8155,0.6823924641012253,0.11377777777777778,0.5378151260504201,0.18782098312545856,0.752260536286712,0.18880570742122194,0.18880570742122194,0.18240990643027633,0.17303019784796944,0.46218487394957986,128,997,4765,110,0.03617757931351662,129940,21.656666666666666,0.07033802103251219,0.1875,XGBoost
0.8273333333333334,0.684525389468526,0.12,0.5294117647058824,0.19565217391304346,0.752260536286712,0.18880570742122194,0.18880570742122194,0.1895675437035299,0.16036098576883026,0.47058823529411764,126,924,4838,112,0.03617757931351662,130480,21.746666666666666,0.07487851828336715,0.175,XGBoost
0.828,0.6848724911693244,0.12045889101338432,0.5294117647058824,0.19626168224299065,0.752260536286712,0.18880570742122194,0.18880570742122194,0.19021009005282935,0.1596667823672336,0.47058823529411764,126,920,4842,112,0.03617757931351662,130400,21.733333333333334,0.07500000000000001,0.17433333333333334,XGBoost
0.8395,0.6888459305971608,0.1282051282051282,0.5252100840336135,0.2061005770816158,0.752260536286712,0.18880570742122194,0.18880570742122194,0.1998215810905928,0.14751822283929192,0.47478991596638653,125,850,4912,113,0.03617757931351662,130000,21.666666666666668,0.07900332491844893,0.1625,XGBoost
0.851,0.6887912402031273,0.13555555555555557,0.5126050420168067,0.21441124780316345,0.752260536286712,0.18880570742122194,0.18880570742122194,0.20638617290115158,0.1350225616105519,0.48739495798319327,122,778,4984,116,0.03617757931351662,131560,21.926666666666666,0.08361324779689312,0.15,XGBoost
0.8553333333333333,0.6890333363473817,0.13876146788990826,0.5084033613445378,0.218018018018018,0.752260536286712,0.18880570742122194,0.18880570742122194,0.20936845581032698,0.13033668864977438,0.49159663865546216,121,751,5011,117,0.03617757931351662,132020,22.003333333333334,0.085,0.14533333333333334,XGBoost
0.8618333333333333,0.684361318286426,0.14181818181818182,0.49159663865546216,0.22013170272812796,0.752260536286712,0.18880570742122194,0.18880570742122194,0.20897424013382865,0.1228740020826102,0.5084033613445378,117,708,5054,121,0.03617757931351662,135160,22.526666666666667,0.08870818000286818,0.1375,XGBoost
0.8736666666666667,0.6864942436537267,0.15333333333333332,0.4831932773109244,0.23279352226720645,0.752260536286712,0.18880570742122194,0.18880570742122194,0.22012037760482792,0.11020479000347101,0.5168067226890757,115,635,5127,123,0.03617757931351662,135700,22.616666666666667,0.09476208779960871,0.125,XGBoost
0.8743333333333333,0.686841345354525,0.15415549597855227,0.4831932773109244,0.23373983739837395,0.752260536286712,0.18880570742122194,0.18880570742122194,0.2210363187324103,0.10951058660187435,0.5168067226890757,115,631,5131,123,0.03617757931351662,135620,22.60333333333333,0.095,0.12433333333333334,XGBoost
0.8838333333333334,0.6776890902143572,0.16,0.453781512605042,0.23658269441401972,0.752260536286712,0.18880570742122194,0.18880570742122194,0.21950993059103516,0.09840333217632767,0.5462184873949579,108,567,5195,130,0.03617757931351662,141340,23.55666666666667,0.10028497138991954,0.1125,XGBoost
0.8895,0.6725831950274035,0.16429699842022116,0.4369747899159664,0.23880597014925375,0.752260536286712,0.18880570742122194,0.18880570742122194,0.2192986475491566,0.09180839986115932,0.5630252100840336,104,529,5233,134,0.03617757931351662,144580,24.096666666666668,0.10500000000000001,0.1055,XGBoost
0.8946666666666667,0.6732591682976558,0.17166666666666666,0.4327731092436975,0.2458233890214797,0.752260536286712,0.18880570742122194,0.18880570742122194,0.22543888166709922,0.08625477264838598,0.5672268907563025,103,497,5265,135,0.03617757931351662,144940,24.156666666666666,0.10771499946713448,0.1,XGBoost
0.9033333333333333,0.6677011658533598,0.1821561338289963,0.4117647058823529,0.25257731958762886,0.752260536286712,0.18880570742122194,0.18880570742122194,0.22912590705794575,0.07636237417563346,0.5882352941176471,98,440,5322,140,0.03617757931351662,148800,24.8,0.115,0.08966666666666667,XGBoost
0.9055,0.6688292463809543,0.18666666666666668,0.4117647058823529,0.25688073394495414,0.752260536286712,0.18880570742122194,0.18880570742122194,0.23322820486875512,0.07410621312044428,0.5882352941176471,98,427,5335,140,0.03617757931351662,148540,24.756666666666668,0.11676627388224016,0.0875,XGBoost
0.913,0.6646778808711961,0.19915254237288135,0.3949579831932773,0.26478873239436623,0.752260536286712,0.18880570742122194,0.18880570742122194,0.23877307606342993,0.06560222145088511,0.6050420168067226,94,378,5384,144,0.03617757931351662,151560,25.26,0.125,0.07866666666666666,XGBoost
0.9156666666666666,0.6600240929415848,0.20222222222222222,0.38235294117647056,0.2645348837209302,0.752260536286712,0.18880570742122194,0.18880570742122194,0.23715797143901007,0.062304755293300935,0.6176470588235294,91,359,5403,147,0.03617757931351662,154180,25.696666666666665,0.12880895435810086,0.075,XGBoost
0.9198333333333333,0.6541372189278349,0.20863309352517986,0.36554621848739494,0.2656488549618321,0.752260536286712,0.18880570742122194,0.18880570742122194,0.23659784169690984,0.0572717806317251,0.634453781512605,87,330,5432,151,0.03617757931351662,157600,26.266666666666666,0.135,0.0695,XGBoost
0.9265,0.6555941710248834,0.22933333333333333,0.36134453781512604,0.28058727569331154,0.752260536286712,0.18880570742122194,0.18880570742122194,0.25091205480190226,0.05015619576535925,0.6386554621848739,86,289,5473,152,0.03617757931351662,157780,26.296666666666667,0.1435017017647624,0.0625,XGBoost
0.9275,0.6561148235760809,0.23306233062330622,0.36134453781512604,0.2833607907742998,0.752260536286712,0.18880570742122194,0.18880570742122194,0.25365492380543325,0.04911489066296425,0.6386554621848739,86,283,5479,152,0.03617757931351662,157660,26.276666666666667,0.14500000000000002,0.0615,XGBoost
0.9328333333333333,0.6488213126277933,0.24770642201834864,0.3403361344537815,0.2867256637168142,0.752260536286712,0.18880570742122194,0.18880570742122194,0.2559115951194023,0.04269350919819507,0.6596638655462185,81,246,5516,157,0.03617757931351662,161920,26.986666666666668,0.155,0.0545,XGBoost
0.9343333333333333,0.6334897721671104,0.24172185430463577,0.3067226890756303,0.2703703703703704,0.752260536286712,0.18880570742122194,0.18880570742122194,0.23833531553621784,0.039743144741409234,0.6932773109243697,73,229,5533,165,0.03617757931351662,169580,28.263333333333332,0.165,0.050333333333333334,XGBoost
0.9346666666666666,0.6336633230175097,0.24333333333333335,0.3067226890756303,0.27137546468401486,0.752260536286712,0.18880570742122194,0.18880570742122194,0.23939732863376179,0.0393960430406109,0.6932773109243697,73,227,5535,165,0.03617757931351662,169540,28.256666666666668,0.16537046656012536,0.05,XGBoost
0.9383333333333334,0.6355723823719005,0.26258992805755393,0.3067226890756303,0.28294573643410853,0.752260536286712,0.18880570742122194,0.18880570742122194,0.25175610121200453,0.03557792433182923,0.6932773109243697,73,205,5557,165,0.03617757931351662,169100,28.183333333333334,0.17500000000000002,0.04633333333333333,XGBoost
0.94,0.6344260717129615,0.2706766917293233,0.3025210084033613,0.28571428571428564,0.752260536286712,0.18880570742122194,0.18880570742122194,0.254928826093738,0.03366886497743839,0.6974789915966386,72,194,5568,166,0.03617757931351662,169880,28.313333333333333,0.185,0.044333333333333336,XGBoost
0.9406666666666667,0.6267169137700204,0.2677165354330709,0.2857142857142857,0.2764227642276422,0.752260536286712,0.18880570742122194,0.18880570742122194,0.2456631515625606,0.032280458174245054,0.7142857142857143,68,186,5576,170,0.03617757931351662,173720,28.953333333333333,0.195,0.042333333333333334,XGBoost
0.9416666666666667,0.6191813066774784,0.26666666666666666,0.2689075630252101,0.26778242677824265,0.752260536286712,0.18880570742122194,0.18880570742122194,0.23740856404706803,0.030544949670253386,0.7310924369747899,64,176,5586,174,0.03617757931351662,177520,29.586666666666666,0.20500000000000002,0.04,XGBoost
0.9425,0.609544859248802,0.26222222222222225,0.24789915966386555,0.2548596112311015,0.752260536286712,0.18880570742122194,0.18880570742122194,0.22507634264266177,0.028809441166261714,0.7521008403361344,59,166,5596,179,0.03617757931351662,182320,30.386666666666667,0.21335148960351974,0.0375,XGBoost
0.9428333333333333,0.609718410099201,0.2645739910313901,0.24789915966386555,0.2559652928416486,0.752260536286712,0.18880570742122194,0.18880570742122194,0.2264023818999163,0.02846233946546338,0.7521008403361344,59,164,5598,179,0.03617757931351662,182280,30.38,0.215,0.03716666666666667,XGBoost
0.944,0.6083117731646632,0.27102803738317754,0.24369747899159663,0.2566371681415929,0.752260536286712,0.18880570742122194,0.18880570742122194,0.22797365678273082,0.027073932662270046,0.7563025210084033,58,156,5606,180,0.03617757931351662,183120,30.52,0.225,0.035666666666666666,XGBoost
0.9455,0.6070786870805247,0.28078817733990147,0.23949579831932774,0.2585034013605442,0.752260536286712,0.18880570742122194,0.18880570742122194,0.23118437041361264,0.025338424158278375,0.7605042016806722,57,146,5616,181,0.03617757931351662,183920,30.653333333333332,0.23500000000000001,0.03383333333333333,XGBoost
0.9465,0.6035712098098525,0.2849740932642487,0.23109243697478993,0.2552204176334107,0.752260536286712,0.18880570742122194,0.18880570742122194,0.2291340243886451,0.02395001735508504,0.7689075630252101,55,138,5624,183,0.03617757931351662,185760,30.96,0.245,0.03216666666666667,XGBoost
0.9473333333333334,0.6019910220249155,0.2903225806451613,0.226890756302521,0.25471698113207547,0.752260536286712,0.18880570742122194,0.18880570742122194,0.22970638073050895,0.022908712252690037,0.773109243697479,54,132,5630,184,0.03617757931351662,186640,31.106666666666666,0.255,0.031,XGBoost
0.9483333333333334,0.5984835447542433,0.29545454545454547,0.2184873949579832,0.251207729468599,0.752260536286712,0.18880570742122194,0.18880570742122194,0.22782519781326166,0.021520305449496704,0.7815126050420168,52,124,5638,186,0.03617757931351662,188480,31.413333333333334,0.265,0.029333333333333333,XGBoost
0.948,0.5862256044382349,0.27710843373493976,0.19327731092436976,0.22772277227722776,0.752260536286712,0.18880570742122194,0.18880570742122194,0.2052126327755952,0.020826102047900034,0.8067226890756303,46,120,5642,192,0.03617757931351662,194400,32.4,0.275,0.027666666666666666,XGBoost
0.9493333333333334,0.5869198078398316,0.2911392405063291,0.19327731092436976,0.23232323232323235,0.752260536286712,0.18880570742122194,0.18880570742122194,0.21189198960494668,0.0194376952447067,0.8067226890756303,46,112,5650,192,0.03617757931351662,194240,32.373333333333335,0.28500000000000003,0.026333333333333334,XGBoost
0.9493333333333334,0.5828916780179618,0.2857142857142857,0.18487394957983194,0.22448979591836735,0.752260536286712,0.18880570742122194,0.18880570742122194,0.20460972261219737,0.019090593543908366,0.8151260504201681,44,110,5652,194,0.03617757931351662,196200,32.7,0.295,0.025666666666666667,XGBoost
0.95,0.5832387797187601,0.29333333333333333,0.18487394957983194,0.2268041237113402,0.752260536286712,0.18880570742122194,0.18880570742122194,0.20811684976527783,0.018396390142311696,0.8151260504201681,44,106,5656,194,0.03617757931351662,196120,32.68666666666667,0.2990144290030004,0.025,XGBoost
0.9506666666666667,0.5835858814195585,0.3013698630136986,0.18487394957983194,0.22916666666666669,0.752260536286712,0.18880570742122194,0.18880570742122194,0.2117557640178207,0.01770218674071503,0.8151260504201681,44,102,5660,194,0.03617757931351662,196040,32.67333333333333,0.305,0.024333333333333332,XGBoost
0.9513333333333334,0.5819189182094219,0.30714285714285716,0.18067226890756302,0.2275132275132275,0.752260536286712,0.18880570742122194,0.18880570742122194,0.21182464334966292,0.016834432488719193,0.819327731092437,43,97,5665,195,0.03617757931351662,196940,32.82333333333333,0.315,0.023333333333333334,XGBoost
0.9511666666666667,0.5737758831404829,0.2932330827067669,0.1638655462184874,0.21024258760107814,0.752260536286712,0.18880570742122194,0.18880570742122194,0.1956075680138932,0.016313779937521693,0.8361344537815126,39,94,5668,199,0.03617757931351662,200880,33.48,0.325,0.022166666666666668,XGBoost
0.9521666666666667,0.5742965356916804,0.30708661417322836,0.1638655462184874,0.21369863013698634,0.752260536286712,0.18880570742122194,0.18880570742122194,0.20148457526652622,0.015272474835126693,0.8361344537815126,39,88,5674,199,0.03617757931351662,200760,33.46,0.335,0.021166666666666667,XGBoost
0.9526666666666667,0.5745568619672791,0.31451612903225806,0.1638655462184874,0.2154696132596685,0.752260536286712,0.18880570742122194,0.18880570742122194,0.2045695480461994,0.01475182228392919,0.8361344537815126,39,85,5677,199,0.03617757931351662,200700,33.45,0.34500000000000003,0.020666666666666667,XGBoost
0.9526666666666667,0.5725427970563441,0.3114754098360656,0.15966386554621848,0.2111111111111111,0.752260536286712,0.18880570742122194,0.18880570742122194,0.20063407395284924,0.014578271433530025,0.8403361344537815,38,84,5678,200,0.03617757931351662,201680,33.61333333333334,0.35500000000000004,0.02033333333333333,XGBoost
0.9535,0.5709626092714073,0.3217391304347826,0.15546218487394958,0.20963172804532576,0.752260536286712,0.18880570742122194,0.18880570742122194,0.20202844605314224,0.013536966331135023,0.8445378151260504,37,78,5684,201,0.03617757931351662,202560,33.76,0.365,0.019166666666666665,XGBoost
0.9543333333333334,0.5713964863974053,0.33636363636363636,0.15546218487394958,0.21264367816091953,0.752260536286712,0.18880570742122194,0.18880570742122194,0.20774374230642711,0.012669212079139187,0.8445378151260504,37,73,5689,201,0.03617757931351662,202460,33.74333333333333,0.375,0.018333333333333333,XGBoost
0.9546666666666667,0.5715700372478043,0.3425925925925926,0.15546218487394958,0.2138728323699422,0.752260536286712,0.18880570742122194,0.18880570742122194,0.21013243715401347,0.012322110378340854,0.8445378151260504,37,71,5691,201,0.03617757931351662,202420,33.736666666666665,0.385,0.018,XGBoost
0.9555,0.5720039143738023,0.3592233009708738,0.15546218487394958,0.21700879765395897,0.752260536286712,0.18880570742122194,0.18880570742122194,0.21638494015990403,0.011454356126345018,0.8445378151260504,37,66,5696,201,0.03617757931351662,202320,33.72,0.395,0.017166666666666667,XGBoost
0.9556666666666667,0.570076624888067,0.36,0.15126050420168066,0.21301775147928992,0.752260536286712,0.18880570742122194,0.18880570742122194,0.21367429120903378,0.011107254425546685,0.8487394957983193,36,64,5698,202,0.03617757931351662,203280,33.88,0.405,0.016666666666666666,XGBoost
0.9566666666666667,0.5685832125283297,0.3804347826086957,0.14705882352941177,0.21212121212121213,0.752260536286712,0.18880570742122194,0.18880570742122194,0.21787568641218674,0.009892398472752516,0.8529411764705882,35,57,5705,203,0.03617757931351662,204140,34.02333333333333,0.41500000000000004,0.015333333333333332,XGBoost
0.9565,0.5644683072812603,0.3707865168539326,0.13865546218487396,0.20183486238532114,0.752260536286712,0.18880570742122194,0.18880570742122194,0.2081737115843838,0.00971884762235335,0.8613445378151261,33,56,5706,205,0.03617757931351662,206120,34.35333333333333,0.425,0.014833333333333334,XGBoost
0.9575,0.560960830010588,0.3924050632911392,0.13025210084033614,0.19558359621451107,0.752260536286712,0.18880570742122194,0.18880570742122194,0.20875885033851876,0.008330440819160014,0.8697478991596639,31,48,5714,207,0.03617757931351662,207960,34.66,0.435,0.013166666666666667,XGBoost
0.9578333333333333,0.5591203159500524,0.4,0.12605042016806722,0.19169329073482427,0.752260536286712,0.18880570742122194,0.18880570742122194,0.20771460710080653,0.007809788267962513,0.8739495798319328,30,45,5717,208,0.03617757931351662,208900,34.81666666666667,0.4403238140046594,0.0125,XGBoost
0.958,0.5551789615533822,0.4,0.11764705882352941,0.1818181818181818,0.752260536286712,0.18880570742122194,0.18880570742122194,0.20058675723120478,0.007289135716765012,0.8823529411764706,28,42,5720,210,0.03617757931351662,210840,35.14,0.445,0.011666666666666667,XGBoost
0.9583333333333334,0.5553525124037814,0.4117647058823529,0.11764705882352941,0.1830065359477124,0.752260536286712,0.18880570742122194,0.18880570742122194,0.20412087039918259,0.006942034015966678,0.8823529411764706,28,40,5722,210,0.03617757931351662,210800,35.13333333333333,0.455,0.011333333333333334,XGBoost
0.958,0.5511508317315125,0.3939393939393939,0.1092436974789916,0.17105263157894737,0.752260536286712,0.18880570742122194,0.18880570742122194,0.1914309093199324,0.006942034015966678,0.8907563025210085,26,40,5722,212,0.03617757931351662,212800,35.46666666666667,0.465,0.011,XGBoost
0.9576666666666667,0.5449350861483087,0.3709677419354839,0.09663865546218488,0.15333333333333332,0.752260536286712,0.18880570742122194,0.18880570742122194,0.17345017343315372,0.006768483165567512,0.9033613445378151,23,39,5723,215,0.03617757931351662,215780,35.96333333333333,0.47500000000000003,0.010333333333333333,XGBoost
0.958,0.5451086369987078,0.38333333333333336,0.09663865546218488,0.15436241610738258,0.752260536286712,0.18880570742122194,0.18880570742122194,0.17696849525715308,0.0064213814647691774,0.9033613445378151,23,37,5725,215,0.03617757931351662,215740,35.95666666666666,0.485,0.01,XGBoost
0.958,0.5430945720877729,0.3793103448275862,0.09243697478991597,0.14864864864864866,0.752260536286712,0.18880570742122194,0.18880570742122194,0.17192829381673427,0.006247830614370011,0.907563025210084,22,36,5726,216,0.03617757931351662,216720,36.12,0.495,0.009666666666666667,XGBoost
0.9578333333333333,0.5369656019297688,0.3584905660377358,0.07983193277310924,0.13058419243986252,0.752260536286712,0.18880570742122194,0.18880570742122194,0.15421122233054424,0.005900728913571677,0.9201680672268907,19,34,5728,219,0.03617757931351662,219680,36.61333333333334,0.505,0.008833333333333334,XGBoost
0.958,0.5350383124440335,0.36,0.07563025210084033,0.12499999999999999,0.752260536286712,0.18880570742122194,0.18880570742122194,0.150454366757658,0.0055536272127733426,0.9243697478991597,18,32,5730,220,0.03617757931351662,220640,36.77333333333333,0.515,0.008333333333333333,XGBoost
0.9583333333333334,0.5352118632944327,0.375,0.07563025210084033,0.12587412587412586,0.752260536286712,0.18880570742122194,0.18880570742122194,0.15429150962492463,0.0052065255119750084,0.9243697478991597,18,30,5732,220,0.03617757931351662,220600,36.766666666666666,0.525,0.008,XGBoost
0.9583333333333334,0.5331977983834978,0.3695652173913043,0.07142857142857142,0.11971830985915494,0.752260536286712,0.18880570742122194,0.18880570742122194,0.14856997600739877,0.005032974661575842,0.9285714285714286,17,29,5733,221,0.03617757931351662,221580,36.93,0.535,0.007666666666666666,XGBoost
0.9586666666666667,0.5313572843229621,0.38095238095238093,0.06722689075630252,0.11428571428571428,0.752260536286712,0.18880570742122194,0.18880570742122194,0.1468143985781152,0.004512322110378341,0.9327731092436975,16,26,5736,222,0.03617757931351662,222520,37.086666666666666,0.545,0.007,XGBoost
0.9586666666666667,0.5293432194120272,0.375,0.06302521008403361,0.1079136690647482,0.752260536286712,0.18880570742122194,0.18880570742122194,0.14075367299676453,0.0043387712599791736,0.9369747899159664,15,25,5737,223,0.03617757931351662,223500,37.25,0.555,0.006666666666666667,XGBoost
0.959,0.5295167702624264,0.39473684210526316,0.06302521008403361,0.10869565217391305,0.752260536286712,0.18880570742122194,0.18880570742122194,0.14523997051365745,0.00399166955918084,0.9369747899159664,15,23,5739,223,0.03617757931351662,223460,37.24333333333333,0.5650000000000001,0.006333333333333333,XGBoost
0.9593333333333334,0.5296903211128255,0.4166666666666667,0.06302521008403361,0.1094890510948905,0.752260536286712,0.18880570742122194,0.18880570742122194,0.1500720890456772,0.003644567858382506,0.9369747899159664,15,21,5741,223,0.03617757931351662,223420,37.236666666666665,0.5750000000000001,0.006,XGBoost
0.9595,0.5257489667161553,0.41935483870967744,0.0546218487394958,0.09665427509293681,0.752260536286712,0.18880570742122194,0.18880570742122194,0.14019524072080342,0.0031239153071850054,0.9453781512605042,13,18,5744,225,0.03617757931351662,225360,37.56,0.585,0.005166666666666667,XGBoost
0.9596666666666667,0.525835742141355,0.43333333333333335,0.0546218487394958,0.09701492537313432,0.752260536286712,0.18880570742122194,0.18880570742122194,0.14298097346556038,0.0029503644567858383,0.9453781512605042,13,17,5745,225,0.03617757931351662,225340,37.556666666666665,0.595,0.005,XGBoost
0.9593333333333334,0.5216340614690861,0.39285714285714285,0.046218487394957986,0.08270676691729323,0.752260536286712,0.18880570742122194,0.18880570742122194,0.12390939751325378,0.0029503644567858383,0.9537815126050421,11,17,5745,227,0.03617757931351662,227340,37.89,0.605,0.004666666666666667,XGBoost
0.9596666666666667,0.5218076123194852,0.4230769230769231,0.046218487394957986,0.08333333333333333,0.752260536286712,0.18880570742122194,0.18880570742122194,0.1295966979262071,0.0026032627559875042,0.9537815126050421,11,15,5747,227,0.03617757931351662,227300,37.88333333333333,0.615,0.004333333333333333,XGBoost
0.9601666666666666,0.5220679385950839,0.4782608695652174,0.046218487394957986,0.08429118773946362,0.752260536286712,0.18880570742122194,0.18880570742122194,0.13939953404082137,0.0020826102047900035,0.9537815126050421,11,12,5750,227,0.03617757931351662,227240,37.873333333333335,0.625,0.003833333333333333,XGBoost
0.9601666666666666,0.5220679385950839,0.4782608695652174,0.046218487394957986,0.08429118773946362,0.752260536286712,0.18880570742122194,0.18880570742122194,0.13939953404082137,0.0020826102047900035,0.9537815126050421,11,12,5750,227,0.03617757931351662,227240,37.873333333333335,0.635,0.003833333333333333,XGBoost
0.9601666666666666,0.5200538736841491,0.47619047619047616,0.04201680672268908,0.07722007722007723,0.752260536286712,0.18880570742122194,0.18880570742122194,0.13254991456847673,0.0019090593543908366,0.957983193277311,10,11,5751,228,0.03617757931351662,228220,38.03666666666667,0.645,0.0035,XGBoost
0.9601666666666666,0.5200538736841491,0.47619047619047616,0.04201680672268908,0.07722007722007723,0.752260536286712,0.18880570742122194,0.18880570742122194,0.13254991456847673,0.0019090593543908366,0.957983193277311,10,11,5751,228,0.03617757931351662,228220,38.03666666666667,0.655,0.0035,XGBoost
0.96,0.5179530333480147,0.45,0.037815126050420166,0.06976744186046512,0.752260536286712,0.18880570742122194,0.18880570742122194,0.12158425805572269,0.0019090593543908366,0.9621848739495799,9,11,5751,229,0.03617757931351662,229220,38.20333333333333,0.665,0.0033333333333333335,XGBoost
0.9596666666666667,0.5137513526757458,0.3888888888888889,0.029411764705882353,0.05468749999999999,0.752260536286712,0.18880570742122194,0.18880570742122194,0.09815017192403191,0.0019090593543908366,0.9705882352941176,7,11,5751,231,0.03617757931351662,231220,38.53666666666667,0.675,0.003,XGBoost
0.9596666666666667,0.5117372877648109,0.375,0.025210084033613446,0.04724409448818898,0.752260536286712,0.18880570742122194,0.18880570742122194,0.08884174286336258,0.0017355085039916696,0.9747899159663865,6,10,5752,232,0.03617757931351662,232200,38.7,0.685,0.0026666666666666666,XGBoost
0.9601666666666666,0.5119976140404097,0.46153846153846156,0.025210084033613446,0.04780876494023904,0.752260536286712,0.18880570742122194,0.18880570742122194,0.10072184735682933,0.0012148559527941688,0.9747899159663865,6,7,5755,232,0.03617757931351662,232140,38.69,0.6950000000000001,0.0021666666666666666,XGBoost
0.9601666666666666,0.5099835491294747,0.45454545454545453,0.02100840336134454,0.04016064257028113,0.752260536286712,0.18880570742122194,0.18880570742122194,0.09109961917733671,0.0010413051023950017,0.9789915966386554,5,6,5756,233,0.03617757931351662,233120,38.85333333333333,0.7050000000000001,0.0018333333333333333,XGBoost
0.9603333333333334,0.5100703245546744,0.5,0.02100840336134454,0.04032258064516129,0.752260536286712,0.18880570742122194,0.18880570742122194,0.09636851296189886,0.0008677542519958348,0.9789915966386554,5,5,5757,233,0.03617757931351662,233100,38.85,0.715,0.0016666666666666668,XGBoost
0.9601666666666666,0.5079694842185399,0.4444444444444444,0.01680672268907563,0.032388663967611336,0.752260536286712,0.18880570742122194,0.18880570742122194,0.0803830353531775,0.0008677542519958348,0.9831932773109243,4,5,5757,234,0.03617757931351662,234100,39.016666666666666,0.725,0.0015,XGBoost
0.9603333333333334,0.5060421947328047,0.5,0.012605042016806723,0.024590163934426233,0.752260536286712,0.18880570742122194,0.18880570742122194,0.07462181785310389,0.0005206525511975009,0.9873949579831933,3,3,5759,235,0.03617757931351662,235060,39.17666666666667,0.735,0.001,XGBoost
0.9605,0.5061289701580042,0.6,0.012605042016806723,0.02469135802469136,0.752260536286712,0.18880570742122194,0.18880570742122194,0.08291116395271123,0.0003471017007983339,0.9873949579831933,3,2,5760,235,0.03617757931351662,235040,39.17333333333333,0.745,0.0008333333333333334,XGBoost
0.9606666666666667,0.5062157455832038,0.75,0.012605042016806723,0.02479338842975207,0.752260536286712,0.18880570742122194,0.18880570742122194,0.0940020929954746,0.00017355085039916696,0.9873949579831933,3,1,5761,235,0.03617757931351662,235020,39.17,0.755,0.0006666666666666666,XGBoost
0.9606666666666667,0.5042016806722689,1.0,0.008403361344537815,0.016666666666666666,0.752260536286712,0.18880570742122194,0.18880570742122194,0.08984831059908872,0.0,0.9915966386554622,2,0,5762,236,0.03617757931351662,236000,39.333333333333336,0.765,0.0003333333333333333,XGBoost
0.9605,0.5021008403361344,1.0,0.004201680672268907,0.008368200836820083,0.752260536286712,0.18880570742122194,0.18880570742122194,0.06352705423706434,0.0,0.9957983193277311,1,0,5762,237,0.03617757931351662,237000,39.5,0.775,0.00016666666666666666,XGBoost
0.9605,0.5021008403361344,1.0,0.004201680672268907,0.008368200836820083,0.752260536286712,0.18880570742122194,0.18880570742122194,0.06352705423706434,0.0,0.9957983193277311,1,0,5762,237,0.03617757931351662,237000,39.5,0.785,0.00016666666666666666,XGBoost
0.9605,0.5021008403361344,1.0,0.004201680672268907,0.008368200836820083,0.752260536286712,0.18880570742122194,0.18880570742122194,0.06352705423706434,0.0,0.9957983193277311,1,0,5762,237,0.03617757931351662,237000,39.5,0.795,0.00016666666666666666,XGBoost
0.9605,0.5021008403361344,1.0,0.004201680672268907,0.008368200836820083,0.752260536286712,0.18880570742122194,0.18880570742122194,0.06352705423706434,0.0,0.9957983193277311,1,0,5762,237,0.03617757931351662,237000,39.5,0.7952965497970581,0.00016666666666666666,XGBoost
0.9603333333333334,0.5,0.0,0.0,0.0,0.752260536286712,0.18880570742122194,0.18880570742122194,0.0,0.0,1.0,0,0,5762,238,0.03617757931351662,238000,39.666666666666664,0.805,0.0,XGBoost
0.9603333333333334,0.5,0.0,0.0,0.0,0.752260536286712,0.18880570742122194,0.18880570742122194,0.0,0.0,1.0,0,0,5762,238,0.03617757931351662,238000,39.666666666666664,0.8150000000000001,0.0,XGBoost
0.9603333333333334,0.5,0.0,0.0,0.0,0.752260536286712,0.18880570742122194,0.18880570742122194,0.0,0.0,1.0,0,0,5762,238,0.03617757931351662,238000,39.666666666666664,0.8250000000000001,0.0,XGBoost
0.9603333333333334,0.5,0.0,0.0,0.0,0.752260536286712,0.18880570742122194,0.18880570742122194,0.0,0.0,1.0,0,0,5762,238,0.03617757931351662,238000,39.666666666666664,0.8350000000000001,0.0,XGBoost
0.9603333333333334,0.5,0.0,0.0,0.0,0.752260536286712,0.18880570742122194,0.18880570742122194,0.0,0.0,1.0,0,0,5762,238,0.03617757931351662,238000,39.666666666666664,0.845,0.0,XGBoost
0.9603333333333334,0.5,0.0,0.0,0.0,0.752260536286712,0.18880570742122194,0.18880570742122194,0.0,0.0,1.0,0,0,5762,238,0.03617757931351662,238000,39.666666666666664,0.855,0.0,XGBoost
0.9603333333333334,0.5,0.0,0.0,0.0,0.752260536286712,0.18880570742122194,0.18880570742122194,0.0,0.0,1.0,0,0,5762,238,0.03617757931351662,238000,39.666666666666664,0.865,0.0,XGBoost
0.9603333333333334,0.5,0.0,0.0,0.0,0.752260536286712,0.18880570742122194,0.18880570742122194,0.0,0.0,1.0,0,0,5762,238,0.03617757931351662,238000,39.666666666666664,0.875,0.0,XGBoost
0.9603333333333334,0.5,0.0,0.0,0.0,0.752260536286712,0.18880570742122194,0.18880570742122194,0.0,0.0,1.0,0,0,5762,238,0.03617757931351662,238000,39.666666666666664,0.885,0.0,XGBoost
0.9603333333333334,0.5,0.0,0.0,0.0,0.752260536286712,0.18880570742122194,0.18880570742122194,0.0,0.0,1.0,0,0,5762,238,0.03617757931351662,238000,39.666666666666664,0.895,0.0,XGBoost
0.9603333333333334,0.5,0.0,0.0,0.0,0.752260536286712,0.18880570742122194,0.18880570742122194,0.0,0.0,1.0,0,0,5762,238,0.03617757931351662,238000,39.666666666666664,0.905,0.0,XGBoost
0.9603333333333334,0.5,0.0,0.0,0.0,0.752260536286712,0.18880570742122194,0.18880570742122194,0.0,0.0,1.0,0,0,5762,238,0.03617757931351662,238000,39.666666666666664,0.915,0.0,XGBoost
0.9603333333333334,0.5,0.0,0.0,0.0,0.752260536286712,0.18880570742122194,0.18880570742122194,0.0,0.0,1.0,0,0,5762,238,0.03617757931351662,238000,39.666666666666664,0.925,0.0,XGBoost
0.9603333333333334,0.5,0.0,0.0,0.0,0.752260536286712,0.18880570742122194,0.18880570742122194,0.0,0.0,1.0,0,0,5762,238,0.03617757931351662,238000,39.666666666666664,0.935,0.0,XGBoost
0.9603333333333334,0.5,0.0,0.0,0.0,0.752260536286712,0.18880570742122194,0.18880570742122194,0.0,0.0,1.0,0,0,5762,238,0.03617757931351662,238000,39.666666666666664,0.9450000000000001,0.0,XGBoost
0.9603333333333334,0.5,0.0,0.0,0.0,0.752260536286712,0.18880570742122194,0.18880570742122194,0.0,0.0,1.0,0,0,5762,238,0.03617757931351662,238000,39.666666666666664,0.9550000000000001,0.0,XGBoost
0.9603333333333334,0.5,0.0,0.0,0.0,0.752260536286712,0.18880570742122194,0.18880570742122194,0.0,0.0,1.0,0,0,5762,238,0.03617757931351662,238000,39.666666666666664,0.965,0.0,XGBoost
0.9603333333333334,0.5,0.0,0.0,0.0,0.752260536286712,0.18880570742122194,0.18880570742122194,0.0,0.0,1.0,0,0,5762,238,0.03617757931351662,238000,39.666666666666664,0.975,0.0,XGBoost
0.9603333333333334,0.5,0.0,0.0,0.0,0.752260536286712,0.18880570742122194,0.18880570742122194,0.0,0.0,1.0,0,0,5762,238,0.03617757931351662,238000,39.666666666666664,0.985,0.0,XGBoost
0.9603333333333334,0.5,0.0,0.0,0.0,0.752260536286712,0.18880570742122194,0.18880570742122194,0.0,0.0,1.0,0,0,5762,238,0.03617757931351662,238000,39.666666666666664,0.995,0.0,XGBoost
0.9603333333333334,0.5,0.0,0.0,0.0,0.752260536286712,0.18880570742122194,0.18880570742122194,0.0,0.0,1.0,0,0,5762,238,0.03617757931351662,238000,39.666666666666664,1.000001,0.0,XGBoost
0.03966666666666667,0.5,0.03966666666666667,1.0,0.07630650849631292,0.7576085276179197,0.18116811467157784,0.18116811467157784,0.0,1.0,0.0,238,5762,0,0,0.03602721439105441,115240,19.206666666666667,0.005,1.0,LightGBM
0.03966666666666667,0.5,0.03966666666666667,1.0,0.07630650849631292,0.7576085276179197,0.18116811467157784,0.18116811467157784,0.0,1.0,0.0,238,5762,0,0,0.03602721439105441,115240,19.206666666666667,0.0069476643489777236,1.0,LightGBM
0.051833333333333335,0.5043205411286348,0.04,0.9957983193277311,0.0769105954892098,0.7576085276179197,0.18116811467157784,0.18116811467157784,0.015179883405146822,0.9871572370704617,0.004201680672268907,237,5688,74,1,0.03602721439105441,114760,19.126666666666665,0.011271691023904415,0.9875,LightGBM
0.064,0.5086410822572695,0.04034188034188034,0.9915966386554622,0.07752956636005257,0.7576085276179197,0.18116811467157784,0.18116811467157784,0.021604771526224635,0.9743144741409233,0.008403361344537815,236,5614,148,2,0.03602721439105441,114280,19.046666666666667,0.012332216482010553,0.975,LightGBM
0.07583333333333334,0.5107740076245701,0.04051948051948052,0.9831932773109243,0.07783136537502079,0.7576085276179197,0.18116811467157784,0.18116811467157784,0.02213681452850942,0.9616452620617841,0.01680672268907563,234,5541,221,4,0.03602721439105441,114820,19.136666666666667,0.013199171581985905,0.9625,LightGBM
0.08766666666666667,0.5129069329918708,0.04070175438596491,0.9747899159663865,0.07814078814415627,0.7576085276179197,0.18116811467157784,0.18116811467157784,0.023116926987548192,0.948976049982645,0.025210084033613446,232,5468,294,6,0.03602721439105441,115360,19.226666666666667,0.013966865740033583,0.95,LightGBM
0.10016666666666667,0.5194150898818396,0.041244444444444445,0.9747899159663865,0.07914037182329865,0.7576085276179197,0.18116811467157784,0.18116811467157784,0.03130888557282085,0.9359597362027074,0.025210084033613446,232,5393,369,6,0.03602721439105441,113860,18.976666666666667,0.014798499612427922,0.9375,LightGBM
0.104,0.52141092466143,0.04141378079257408,0.9747899159663865,0.07945205479452054,0.7576085276179197,0.18116811467157784,0.18116811467157784,0.03358361451004806,0.9319680666435266,0.025210084033613446,232,5370,392,6,0.03602721439105441,113400,18.9,0.015,0.9336666666666666,LightGBM
0.11233333333333333,0.5237356310104743,0.04162162162162162,0.9705882352941176,0.07982031789910159,0.7576085276179197,0.18116811467157784,0.18116811467157784,0.03517654121822637,0.923116973273169,0.029411764705882353,231,5319,443,7,0.03602721439105441,113380,18.89666666666667,0.015416798942736265,0.925,LightGBM
0.12483333333333334,0.530243787900443,0.04219178082191781,0.9705882352941176,0.0808681953439524,0.7576085276179197,0.18116811467157784,0.18116811467157784,0.0417801092622033,0.9101006594932315,0.029411764705882353,231,5244,518,7,0.03602721439105441,111880,18.64666666666667,0.01584444735343657,0.9125,LightGBM
0.137,0.5345643290290778,0.04259259259259259,0.9663865546218487,0.08158921603405463,0.7576085276179197,0.18116811467157784,0.18116811467157784,0.044973918312375856,0.8972578965636931,0.03361344537815126,230,5170,592,8,0.03602721439105441,111400,18.566666666666666,0.016418936507398705,0.9,LightGBM
0.14916666666666667,0.5388848701577125,0.04300469483568075,0.9621848739495799,0.08232967823117023,0.7576085276179197,0.18116811467157784,0.18116811467157784,0.04803679921521268,0.8844151336341548,0.037815126050420166,229,5096,666,9,0.03602721439105441,110920,18.486666666666668,0.016885785467802682,0.8875,LightGBM
0.161,0.5410177955250133,0.043238095238095235,0.9537815126050421,0.08272594752186589,0.7576085276179197,0.18116811467157784,0.18116811467157784,0.04841357278698562,0.8717459215550156,0.046218487394957986,227,5023,739,11,0.03602721439105441,111460,18.576666666666668,0.017317898263003534,0.875,LightGBM
0.17316666666666666,0.545338336653648,0.043671497584541065,0.9495798319327731,0.0835026787363754,0.7576085276179197,0.18116811467157784,0.18116811467157784,0.051391173263406684,0.8589031586254773,0.05042016806722689,226,4949,813,12,0.03602721439105441,110980,18.496666666666666,0.017785867788643415,0.8625,LightGBM
0.18566666666666667,0.5518464935436167,0.044313725490196076,0.9495798319327731,0.0846759085799925,0.7576085276179197,0.18116811467157784,0.18116811467157784,0.05667847390217025,0.8458868448455398,0.05042016806722689,226,4874,888,12,0.03602721439105441,109480,18.246666666666666,0.018101746341351015,0.85,LightGBM
0.1975,0.5539794189109174,0.0445771144278607,0.9411764705882353,0.0851225536766103,0.7576085276179197,0.18116811467157784,0.18116811467157784,0.0571166813021764,0.8332176327664006,0.058823529411764705,224,4801,961,14,0.03602721439105441,110020,18.336666666666666,0.018491537188245973,0.8375,LightGBM
0.20933333333333334,0.5561123442782181,0.044848484848484846,0.9327731092436975,0.08558211256746338,0.7576085276179197,0.18116811467157784,0.18116811467157784,0.057645613467641285,0.8205484206872614,0.06722689075630252,222,4728,1034,16,0.03602721439105441,110560,18.426666666666666,0.018864586555738794,0.825,LightGBM
0.2215,0.5604328854068528,0.04533333333333334,0.9285714285714286,0.08644631331899082,0.7576085276179197,0.18116811467157784,0.18116811467157784,0.06043866464931195,0.807705657757723,0.07142857142857142,221,4654,1108,17,0.03602721439105441,110080,18.346666666666668,0.01919773949960485,0.8125,LightGBM
0.23366666666666666,0.5647534265354875,0.04583333333333333,0.9243697478991597,0.08733624454148473,0.7576085276179197,0.18116811467157784,0.18116811467157784,0.06319120167941417,0.7948628948281846,0.07563025210084033,220,4580,1182,18,0.03602721439105441,109600,18.266666666666666,0.019658329770209666,0.8,LightGBM
0.24583333333333332,0.5690739676641222,0.04634920634920635,0.9201680672268907,0.08825307273826315,0.7576085276179197,0.18116811467157784,0.18116811467157784,0.06591185057749636,0.7820201318986463,0.07983193277310924,219,4506,1256,19,0.03602721439105441,109120,18.186666666666667,0.0201276788587141,0.7875,LightGBM
0.258,0.5733945087927569,0.04688172043010753,0.9159663865546218,0.08919803600654665,0.7576085276179197,0.18116811467157784,0.18116811467157784,0.06860808678484058,0.7691773689691079,0.08403361344537816,218,4432,1330,20,0.03602721439105441,108640,18.106666666666666,0.020526586189729478,0.775,LightGBM
0.27016666666666667,0.5777150499213917,0.04743169398907104,0.9117647058823529,0.09017244961562436,0.7576085276179197,0.18116811467157784,0.18116811467157784,0.07128649305896084,0.7563346060395696,0.08823529411764706,217,4358,1404,21,0.03602721439105441,108160,18.026666666666667,0.020913997262562663,0.7625,LightGBM
0.2826666666666667,0.5842232068113604,0.04822222222222222,0.9117647058823529,0.09159983115238497,0.7576085276179197,0.18116811467157784,0.18116811467157784,0.07592503275951296,0.7433182922596321,0.08823529411764706,217,4283,1479,21,0.03602721439105441,106660,17.776666666666667,0.021280634689029652,0.75,LightGBM
0.2941666666666667,0.5841685164173271,0.04836158192090396,0.8991596638655462,0.09178640360283079,0.7576085276179197,0.18116811467157784,0.18116811467157784,0.07467201259723887,0.7308226310308921,0.10084033613445378,214,4211,1551,24,0.03602721439105441,108220,18.036666666666665,0.021641192343969242,0.7375,LightGBM
0.30666666666666664,0.5906766733072959,0.049195402298850575,0.8991596638655462,0.09328683522231909,0.7576085276179197,0.18116811467157784,0.18116811467157784,0.07927095297206362,0.7178063172509546,0.10084033613445378,214,4136,1626,24,0.03602721439105441,106720,17.786666666666665,0.02206540198903903,0.725,LightGBM
0.3185,0.5928095986745966,0.0495906432748538,0.8907563025210085,0.093950808774651,0.7576085276179197,0.18116811467157784,0.18116811467157784,0.08004521705883523,0.7051371051718154,0.1092436974789916,212,4063,1699,26,0.03602721439105441,107260,17.876666666666665,0.022417814557716038,0.7125,LightGBM
0.331,0.5993177555645653,0.05047619047619047,0.8907563025210085,0.09553853086976115,0.7576085276179197,0.18116811467157784,0.18116811467157784,0.084600143557153,0.6921207913918778,0.1092436974789916,212,3988,1774,26,0.03602721439105441,105760,17.626666666666665,0.02276433583966782,0.7,LightGBM
0.3431666666666667,0.6036382966932,0.05115151515151515,0.8865546218487395,0.09672243868897547,0.7576085276179197,0.18116811467157784,0.18116811467157784,0.0872796016397573,0.6792780284623394,0.1134453781512605,211,3914,1848,27,0.03602721439105441,105280,17.546666666666667,0.023225200278253505,0.6875,LightGBM
0.35533333333333333,0.6079588378218347,0.05185185185185185,0.8823529411764706,0.09794776119402986,0.7576085276179197,0.18116811467157784,0.18116811467157784,0.08997430167250513,0.6664352655328011,0.11764705882352941,210,3840,1922,28,0.03602721439105441,104800,17.466666666666665,0.023660067982281992,0.675,LightGBM
0.3675,0.6122793789504695,0.052578616352201256,0.8781512605042017,0.0992167101827676,0.7576085276179197,0.18116811467157784,0.18116811467157784,0.09268810916526084,0.6535925026032627,0.12184873949579832,209,3766,1996,29,0.03602721439105441,104320,17.386666666666667,0.024102295558072084,0.6625,LightGBM
0.379,0.6122246885564362,0.05282051282051282,0.865546218487395,0.09956500724987916,0.7576085276179197,0.18116811467157784,0.18116811467157784,0.09184416267117625,0.6410968413745227,0.13445378151260504,206,3694,2068,32,0.03602721439105441,105880,17.64666666666667,0.024520848751110685,0.65,LightGBM
0.3915,0.6187328454464049,0.053856209150326795,0.865546218487395,0.10140290425793749,0.7576085276179197,0.18116811467157784,0.18116811467157784,0.09641189666662409,0.6280805275945852,0.13445378151260504,206,3619,2143,32,0.03602721439105441,104380,17.39666666666667,0.02493296417156675,0.6375,LightGBM
0.3925,0.6192534979976024,0.05394082220476565,0.865546218487395,0.1015528715799852,0.7576085276179197,0.18116811467157784,0.18116811467157784,0.09677731437200161,0.6270392224921902,0.13445378151260504,206,3613,2149,32,0.03602721439105441,104260,17.376666666666665,0.025,0.6365,LightGBM
0.4036666666666667,0.6230533865750396,0.05466666666666667,0.8613445378151261,0.1028084252758275,0.7576085276179197,0.18116811467157784,0.18116811467157784,0.0992182993504886,0.6152377646650469,0.13865546218487396,205,3545,2217,33,0.03602721439105441,103900,17.316666666666666,0.025364214210808395,0.625,LightGBM
0.4155,0.6251863119423402,0.05523809523809524,0.8529411764705882,0.10375670840787121,0.7576085276179197,0.18116811467157784,0.18116811467157784,0.10030481838439435,0.6025685525859077,0.14705882352941177,203,3472,2290,35,0.03602721439105441,104440,17.406666666666666,0.025868604609304804,0.6125,LightGBM
0.42766666666666664,0.629506853070975,0.05611111111111111,0.8487394957983193,0.10526315789473684,0.7576085276179197,0.18116811467157784,0.18116811467157784,0.1031908002319121,0.5897257896563693,0.15126050420168066,202,3398,2364,36,0.03602721439105441,103960,17.326666666666668,0.026402321132770235,0.6,LightGBM
0.4395,0.6316397784382757,0.05673758865248227,0.8403361344537815,0.10629816635663035,0.7576085276179197,0.18116811467157784,0.18116811467157784,0.10438187205785461,0.5770565775772302,0.15966386554621848,200,3325,2437,38,0.03602721439105441,104500,17.416666666666668,0.026808214713749258,0.5875,LightGBM
0.45166666666666666,0.6359603195669105,0.057681159420289854,0.8361344537815126,0.1079175704989154,0.7576085276179197,0.18116811467157784,0.18116811467157784,0.10735879791600195,0.5642138146476918,0.1638655462184874,199,3251,2511,39,0.03602721439105441,104020,17.336666666666666,0.02735244261312138,0.575,LightGBM
0.4638333333333333,0.6402808606955451,0.058666666666666666,0.8319327731092437,0.10960420703016883,0.7576085276179197,0.18116811467157784,0.18116811467157784,0.1103829459543272,0.5513710517181534,0.16806722689075632,198,3177,2585,40,0.03602721439105441,103540,17.256666666666668,0.027977128908449972,0.5625,LightGBM
0.4756666666666667,0.6424137860628458,0.059393939393939395,0.8235294117647058,0.11079706048615036,0.7576085276179197,0.18116811467157784,0.18116811467157784,0.11174247372687357,0.5387018396390142,0.17647058823529413,196,3104,2658,42,0.03602721439105441,104080,17.346666666666668,0.02859766096652347,0.55,LightGBM
0.4881666666666667,0.6489219429528146,0.06077519379844961,0.8235294117647058,0.1131966503032053,0.7576085276179197,0.18116811467157784,0.18116811467157784,0.11659164817962932,0.5256855258590767,0.17647058823529413,196,3029,2733,42,0.03602721439105441,102580,17.096666666666668,0.029268452427670406,0.5375,LightGBM
0.5,0.6510548683201153,0.061587301587301586,0.8151260504201681,0.11452184179456906,0.7576085276179197,0.18116811467157784,0.18116811467157784,0.11807613282481111,0.5130163137799375,0.18487394957983194,194,2956,2806,44,0.03602721439105441,103120,17.186666666666667,0.029935128194425432,0.525,LightGBM
0.5121666666666667,0.6553754094487501,0.06276422764227642,0.8109243697478992,0.11651071536371868,0.7576085276179197,0.18116811467157784,0.18116811467157784,0.1213394136631383,0.5001735508503992,0.18907563025210083,193,2882,2880,45,0.03602721439105441,102640,17.106666666666666,0.030530960671756088,0.5125,LightGBM
0.524,0.6575083348160506,0.06366666666666666,0.8025210084033614,0.1179740580605312,0.7576085276179197,0.18116811467157784,0.18116811467157784,0.12296666272750864,0.48750433877126,0.19747899159663865,191,2809,2953,47,0.03602721439105441,103180,17.196666666666665,0.03110531253455976,0.5,LightGBM
0.5365,0.6640164917060194,0.0652991452991453,0.8025210084033614,0.12077141953841289,0.7576085276179197,0.18116811467157784,0.18116811467157784,0.128087610551127,0.4744880249913225,0.19747899159663865,191,2734,3028,47,0.03602721439105441,101680,16.946666666666665,0.031815494014981134,0.4875,LightGBM
0.549,0.6705246485959881,0.06701754385964913,0.8025210084033614,0.12370466321243524,0.7576085276179197,0.18116811467157784,0.18116811467157784,0.13329521439093447,0.4614717112113849,0.19747899159663865,191,2659,3103,47,0.03602721439105441,100180,16.696666666666665,0.032520032839158775,0.475,LightGBM
0.5615,0.6770328054859569,0.06882882882882883,0.8025210084033614,0.12678393627613674,0.7576085276179197,0.18116811467157784,0.18116811467157784,0.13859976685914804,0.4484553974314474,0.19747899159663865,191,2584,3178,47,0.03602721439105441,98680,16.446666666666665,0.03326936890204433,0.4625,LightGBM
0.5733333333333334,0.6791657308532577,0.07,0.7941176470588235,0.12865895166780122,0.7576085276179197,0.18116811467157784,0.18116811467157784,0.1405792411402603,0.43578618535230823,0.20588235294117646,189,2511,3251,49,0.03602721439105441,99220,16.536666666666665,0.03393369998285195,0.45,LightGBM
0.5858333333333333,0.6856738877432265,0.072,0.7941176470588235,0.13202933985330073,0.7576085276179197,0.18116811467157784,0.18116811467157784,0.14610140409939215,0.4227698715723707,0.20588235294117646,189,2436,3326,49,0.03602721439105441,97720,16.286666666666665,0.0347288373533387,0.4375,LightGBM
0.5896666666666667,0.685655657611882,0.07230769230769231,0.7899159663865546,0.1324876673713883,0.7576085276179197,0.18116811467157784,0.18116811467157784,0.1462470642904258,0.4186046511627907,0.21008403361344538,188,2412,3350,50,0.03602721439105441,98240,16.373333333333335,0.034999999999999996,0.43333333333333335,LightGBM
0.598,0.6899944288718611,0.07372549019607844,0.7899159663865546,0.13486370157819227,0.7576085276179197,0.18116811467157784,0.18116811467157784,0.15002593079653692,0.4099271086428323,0.21008403361344538,188,2362,3400,50,0.03602721439105441,97240,16.206666666666667,0.03555372210165729,0.425,LightGBM
0.6101666666666666,0.6943149700004958,0.07555555555555556,0.7857142857142857,0.13785477331367488,0.7576085276179197,0.18116811467157784,0.18116811467157784,0.15407926523537907,0.397084345713294,0.21428571428571427,187,2288,3474,51,0.03602721439105441,96760,16.126666666666665,0.036536924705906984,0.4125,LightGBM
0.6223333333333333,0.6986355111291306,0.0775,0.7815126050420168,0.14101592115238817,0.7576085276179197,0.18116811467157784,0.18116811467157784,0.1582723760313787,0.38424158278375564,0.2184873949579832,186,2214,3548,52,0.03602721439105441,96280,16.046666666666667,0.03734065190623851,0.4,LightGBM
0.6338333333333334,0.6985808207350972,0.07870967741935483,0.7689075630252101,0.1428014046039797,0.7576085276179197,0.18116811467157784,0.18116811467157784,0.1591117499142577,0.3717459215550156,0.23109243697478993,183,2142,3620,55,0.03602721439105441,97840,16.30666666666667,0.03827431814422292,0.3875,LightGBM
0.6453333333333333,0.6985261303410639,0.08,0.7563025210084033,0.14469453376205788,0.7576085276179197,0.18116811467157784,0.18116811467157784,0.16007218961878827,0.3592502603262756,0.24369747899159663,180,2070,3692,58,0.03602721439105441,99400,16.566666666666666,0.03930921009212718,0.375,LightGBM
0.6571666666666667,0.7006590557083645,0.08183908045977012,0.7478991596638656,0.1475341898052217,0.7576085276179197,0.18116811467157784,0.18116811467157784,0.1629365494563997,0.3465810482471364,0.25210084033613445,178,1997,3765,60,0.03602721439105441,99940,16.656666666666666,0.0402905444148701,0.3625,LightGBM
0.6683333333333333,0.6984167495529972,0.08285714285714285,0.7310924369747899,0.14884516680923865,0.7576085276179197,0.18116811467157784,0.18116811467157784,0.1623833441379276,0.33425893786879557,0.2689075630252101,174,1926,3836,64,0.03602721439105441,102520,17.086666666666666,0.04142562168851876,0.35,LightGBM
0.6805,0.7027372906816318,0.0854320987654321,0.726890756302521,0.1528943879805568,0.7576085276179197,0.18116811467157784,0.18116811467157784,0.16736230914545636,0.3214161749392572,0.27310924369747897,173,1852,3910,65,0.03602721439105441,102040,17.006666666666668,0.042663204209095716,0.3375,LightGBM
0.6923333333333334,0.7048702160489326,0.0876923076923077,0.7184873949579832,0.1563071297989031,0.7576085276179197,0.18116811467157784,0.18116811467157784,0.17074150661864448,0.308746962860118,0.2815126050420168,171,1779,3983,67,0.03602721439105441,102580,17.096666666666668,0.043792205945862694,0.325,LightGBM
0.7035,0.7046419748045001,0.08950452850293021,0.7058823529411765,0.15886524822695033,0.7576085276179197,0.18116811467157784,0.18116811467157784,0.1722903747225671,0.29659840333217635,0.29411764705882354,168,1709,4053,70,0.03602721439105441,104180,17.363333333333333,0.045,0.31283333333333335,LightGBM
0.7038333333333333,0.7048155256548992,0.0896,0.7058823529411765,0.15901561760530053,0.7576085276179197,0.18116811467157784,0.18116811467157784,0.17248660060205334,0.296251301631378,0.29411764705882354,168,1707,4055,70,0.03602721439105441,104140,17.356666666666666,0.045068828477688755,0.3125,LightGBM
0.716,0.7091360667835339,0.09277777777777778,0.7016806722689075,0.16388616290480865,0.7576085276179197,0.18116811467157784,0.18116811467157784,0.17814479568422525,0.28340853870183963,0.29831932773109243,167,1633,4129,71,0.03602721439105441,103660,17.276666666666667,0.04645703381975476,0.3,LightGBM
0.7275,0.7090813763895005,0.09507246376811594,0.6890756302521008,0.16709118695873665,0.7576085276179197,0.18116811467157784,0.18116811467157784,0.18032578952028702,0.2709128774730996,0.31092436974789917,164,1561,4201,74,0.03602721439105441,105220,17.536666666666665,0.048212917601327634,0.2875,LightGBM
0.7393333333333333,0.7112143017568013,0.09818181818181818,0.680672268907563,0.17161016949152544,0.7576085276179197,0.18116811467157784,0.18116811467157784,0.18464681566834118,0.25824366539396043,0.31932773109243695,162,1488,4274,76,0.03602721439105441,105760,17.626666666666665,0.049955235852239564,0.275,LightGBM
0.7508333333333334,0.711159611362768,0.10095238095238095,0.6680672268907563,0.17539988968560397,0.7576085276179197,0.18116811467157784,0.18116811467157784,0.1873350491474589,0.2457480041652204,0.3319327731092437,159,1416,4346,79,0.03602721439105441,107320,17.886666666666667,0.05185013770656263,0.2625,LightGBM
0.7616666666666667,0.7067296894460665,0.10266666666666667,0.6470588235294118,0.17721518987341772,0.7576085276179197,0.18116811467157784,0.18116811467157784,0.18636144404607724,0.23359944463727872,0.35294117647058826,154,1346,4416,84,0.03602721439105441,110920,18.486666666666668,0.05362851603843513,0.25,LightGBM
0.7686666666666667,0.7003039327497746,0.10290055248618785,0.6260504201680672,0.17674970344009489,0.7576085276179197,0.18116811467157784,0.18116811467157784,0.18272971203637656,0.22544255466851787,0.3739495798319328,149,1299,4463,89,0.03602721439105441,114980,19.163333333333334,0.055,0.24133333333333334,LightGBM
0.7725,0.7022997675293651,0.10456140350877192,0.6260504201680672,0.1791942273000601,0.7576085276179197,0.18116811467157784,0.18116811467157784,0.18556561423300222,0.22145088510933703,0.3739495798319328,149,1276,4486,89,0.03602721439105441,114520,19.086666666666666,0.05581581252524391,0.2375,LightGBM
0.784,0.7022450771353317,0.10814814814814815,0.6134453781512605,0.18387909319899245,0.7576085276179197,0.18116811467157784,0.18116811467157784,0.1890556668631449,0.208955223880597,0.3865546218487395,146,1204,4558,92,0.03602721439105441,116080,19.346666666666668,0.05843704088444369,0.225,LightGBM
0.7955,0.7021903867412984,0.11215686274509803,0.6008403361344538,0.18902842035690678,0.7576085276179197,0.18116811467157784,0.18116811467157784,0.19293437180127004,0.196459562651857,0.39915966386554624,143,1132,4630,95,0.03602721439105441,117640,19.606666666666666,0.060854164771130585,0.2125,LightGBM
0.8063333333333333,0.697760464824597,0.115,0.5798319327731093,0.19193324061196107,0.7576085276179197,0.18116811467157784,0.18116811467157784,0.19298934566956216,0.1843110031239153,0.42016806722689076,138,1062,4700,100,0.03602721439105441,121240,20.206666666666667,0.0641161719509988,0.2,LightGBM
0.8081666666666667,0.6967009295908575,0.11541701769165964,0.5756302521008403,0.19228070175438594,0.7576085276179197,0.18116811467157784,0.18116811467157784,0.19274282638984308,0.1822283929191253,0.42436974789915966,137,1050,4712,101,0.03602721439105441,122000,20.333333333333332,0.065,0.19783333333333333,LightGBM
0.8168333333333333,0.6911429271465614,0.11733333333333333,0.5546218487394958,0.1936903888481291,0.7576085276179197,0.18116811467157784,0.18116811467157784,0.19116120628900024,0.1723359944463728,0.44537815126050423,132,993,4769,106,0.03602721439105441,125860,20.976666666666667,0.06763118792409777,0.1875,LightGBM
0.8283333333333334,0.6910882367525282,0.12285714285714286,0.542016806722689,0.2003105590062112,0.7576085276179197,0.18116811467157784,0.18116811467157784,0.1963097207172891,0.15984033321763277,0.4579831932773109,129,921,4841,109,0.03602721439105441,127420,21.236666666666668,0.07201067843218405,0.175,LightGBM
0.8346666666666667,0.6883435081773077,0.12524850894632206,0.5294117647058824,0.20257234726688098,0.7576085276179197,0.18116811467157784,0.18116811467157784,0.19680335479736366,0.15272474835126693,0.47058823529411764,126,880,4882,112,0.03602721439105441,129600,21.6,0.07500000000000001,0.16766666666666666,LightGBM
0.8388333333333333,0.6844706990744927,0.12615384615384614,0.5168067226890757,0.20280296784830995,0.7576085276179197,0.18116811467157784,0.18116811467157784,0.19519206284928164,0.14786532454009024,0.4831932773109244,123,852,4910,115,0.03602721439105441,132040,22.006666666666668,0.07743772083302793,0.1625,LightGBM
0.8503333333333334,0.6844160086804594,0.13333333333333333,0.5042016806722689,0.210896309314587,0.7576085276179197,0.18116811467157784,0.18116811467157784,0.20160317932290936,0.13536966331135022,0.4957983193277311,120,780,4982,118,0.03602721439105441,133600,22.266666666666666,0.08222925285928323,0.15,LightGBM
0.8551666666666666,0.6768621714565729,0.13356562137049943,0.4831932773109244,0.2092811646951774,0.7576085276179197,0.18116811467157784,0.18116811467157784,0.19692423609362059,0.12946893439777854,0.5168067226890757,115,746,5016,123,0.03602721439105441,137920,22.986666666666668,0.085,0.1435,LightGBM
0.8598333333333333,0.6712356237184218,0.13454545454545455,0.46638655462184875,0.20884289746001883,0.7576085276179197,0.18116811467157784,0.18116811467157784,0.1940962165111295,0.12391530718500521,0.5336134453781513,111,714,5048,127,0.03602721439105441,141280,23.546666666666667,0.08829259344890547,0.1375,LightGBM
0.87,0.6684726650118569,0.14153439153439154,0.4495798319327731,0.21529175050301808,0.7576085276179197,0.18116811467157784,0.18116811467157784,0.19817200701464124,0.11263450190905935,0.5504201680672269,107,649,5113,131,0.03602721439105441,143980,23.996666666666666,0.095,0.126,LightGBM
0.871,0.6689933175630544,0.14266666666666666,0.4495798319327731,0.2165991902834008,0.7576085276179197,0.18116811467157784,0.18116811467157784,0.19946391988238074,0.11159319680666435,0.5504201680672269,107,643,5119,131,0.03602721439105441,143860,23.976666666666667,0.0954334196325275,0.125,LightGBM
0.8828333333333334,0.671126242930355,0.15555555555555556,0.4411764705882353,0.2300109529025192,0.7576085276179197,0.18116811467157784,0.18116811467157784,0.21140245393023976,0.09892398472752517,0.5588235294117647,105,570,5192,133,0.03602721439105441,144400,24.066666666666666,0.10370766734584574,0.1125,LightGBM
0.8841666666666667,0.6718204463319517,0.15742128935532235,0.4411764705882353,0.23204419889502761,0.7576085276179197,0.18116811467157784,0.18116811467157784,0.21336895745992457,0.09753557792433183,0.5588235294117647,105,562,5200,133,0.03602721439105441,144240,24.04,0.10500000000000001,0.11116666666666666,LightGBM
0.8936666666666667,0.6666963210136536,0.16666666666666666,0.42016806722689076,0.2386634844868735,0.7576085276179197,0.18116811467157784,0.18116811467157784,0.2168995300888,0.08677542519958348,0.5798319327731093,100,500,5262,138,0.03602721439105441,148000,24.666666666666668,0.11308327970435753,0.1,LightGBM
0.8955,0.6616086559580445,0.16638078902229847,0.40756302521008403,0.23629719853836786,0.7576085276179197,0.18116811467157784,0.18116811467157784,0.2129884359589411,0.08434571329399514,0.592436974789916,97,486,5276,141,0.03602721439105441,150720,25.12,0.115,0.09716666666666667,LightGBM
0.9025,0.6551828992617527,0.17325800376647835,0.3865546218487395,0.23927178153446035,0.7576085276179197,0.18116811467157784,0.18116811467157784,0.21327882547077145,0.0761888233252343,0.6134453781512605,92,439,5323,146,0.03602721439105441,154780,25.796666666666667,0.125,0.0885,LightGBM
0.9031666666666667,0.6535159360516161,0.17333333333333334,0.38235294117647056,0.2385321100917431,0.7576085276179197,0.18116811467157784,0.18116811467157784,0.2120737191663737,0.07532106907323846,0.6176470588235294,91,434,5328,147,0.03602721439105441,155680,25.946666666666665,0.12561591061658747,0.0875,LightGBM
0.9108333333333334,0.6554935406998621,0.18867924528301888,0.37815126050420167,0.2517482517482518,0.7576085276179197,0.18116811467157784,0.18116811467157784,0.22437307653773783,0.06716417910447761,0.6218487394957983,90,387,5375,148,0.03602721439105441,155740,25.956666666666667,0.135,0.0795,LightGBM
0.9146666666666666,0.6534612456575828,0.19555555555555557,0.3697478991596639,0.2558139534883721,0.7576085276179197,0.18116811467157784,0.18116811467157784,0.22743173884410878,0.06282540784449844,0.6302521008403361,88,362,5400,150,0.03602721439105441,157240,26.206666666666667,0.14106644582704314,0.075,LightGBM
0.9163333333333333,0.6543289999095785,0.2,0.3697478991596639,0.25958702064896755,0.7576085276179197,0.18116811467157784,0.18116811467157784,0.2310941272558944,0.06108989934050677,0.6302521008403361,88,352,5410,150,0.03602721439105441,157040,26.173333333333332,0.14500000000000002,0.07333333333333333,LightGBM
0.9195,0.6479214733446311,0.2033898305084746,0.35294117647058826,0.2580645161290323,0.7576085276179197,0.18116811467157784,0.18116811467157784,0.22807199609432854,0.05709822978132593,0.6470588235294118,84,329,5433,154,0.03602721439105441,160580,26.763333333333332,0.155,0.06883333333333333,LightGBM
0.9218333333333333,0.6430941345646207,0.20610687022900764,0.3403361344537815,0.2567353407290016,0.7576085276179197,0.18116811467157784,0.18116811467157784,0.22576955672960008,0.05414786532454009,0.6596638655462185,81,312,5450,157,0.03602721439105441,163240,27.206666666666667,0.165,0.0655,LightGBM
0.9238333333333333,0.6380932449342112,0.208,0.3277310924369748,0.25448613376835233,0.7576085276179197,0.18116811467157784,0.18116811467157784,0.22268996076442998,0.05154460256855259,0.6722689075630253,78,297,5465,160,0.03602721439105441,165940,27.656666666666666,0.17255664235580442,0.0625,LightGBM
0.9246666666666666,0.638527122060209,0.21081081081081082,0.3277310924369748,0.2565789473684211,0.7576085276179197,0.18116811467157784,0.18116811467157784,0.22479407152166583,0.05067684831655675,0.6722689075630253,78,292,5470,160,0.03602721439105441,165840,27.64,0.17500000000000002,0.06166666666666667,LightGBM
0.9276666666666666,0.632032820070062,0.21511627906976744,0.31092436974789917,0.25429553264604815,0.7576085276179197,0.18116811467157784,0.18116811467157784,0.2216935607497296,0.046858729607775075,0.6890756302521008,74,270,5492,164,0.03602721439105441,169400,28.233333333333334,0.185,0.05733333333333333,LightGBM
0.931,0.629740198752184,0.225,0.3025210084033613,0.25806451612903225,0.7576085276179197,0.18116811467157784,0.18116811467157784,0.22538785117011184,0.04304061089899341,0.6974789915966386,72,248,5514,166,0.03602721439105441,170960,28.493333333333332,0.195,0.05333333333333334,LightGBM
0.9335,0.6270137003083079,0.23255813953488372,0.29411764705882354,0.2597402597402597,0.7576085276179197,0.18116811467157784,0.18116811467157784,0.22712926392427885,0.040090246442207565,0.7058823529411765,70,231,5531,168,0.03602721439105441,172620,28.77,0.20500000000000002,0.050166666666666665,LightGBM
0.9336666666666666,0.6271004757335076,0.23333333333333334,0.29411764705882354,0.26022304832713755,0.7576085276179197,0.18116811467157784,0.18116811467157784,0.22764295897907624,0.0399166955918084,0.7058823529411765,70,230,5532,168,0.03602721439105441,172600,28.766666666666666,0.20516681058569758,0.05,LightGBM
0.9358333333333333,0.6201722966173626,0.23655913978494625,0.2773109243697479,0.2553191489361702,0.7576085276179197,0.18116811467157784,0.18116811467157784,0.2227775311434533,0.03696633113502256,0.7226890756302521,66,213,5549,172,0.03602721439105441,176260,29.376666666666665,0.215,0.0465,LightGBM
0.9375,0.6149978561365539,0.23954372623574144,0.2647058823529412,0.25149700598802394,0.7576085276179197,0.18116811467157784,0.18116811467157784,0.21926764188801068,0.03471017007983339,0.7352941176470589,63,200,5562,175,0.03602721439105441,179000,29.833333333333332,0.225,0.043833333333333335,LightGBM
0.9406666666666667,0.6085903295716065,0.25,0.24789915966386555,0.2489451476793249,0.7576085276179197,0.18116811467157784,0.18116811467157784,0.21806113328261106,0.03071850052065255,0.7521008403361344,59,177,5585,179,0.03602721439105441,182540,30.423333333333332,0.23500000000000001,0.03933333333333333,LightGBM
0.9421666666666667,0.6073572434874679,0.2577777777777778,0.24369747899159663,0.2505399568034557,0.7576085276179197,0.18116811467157784,0.18116811467157784,0.2205815579668223,0.02898299201666088,0.7563025210084033,58,167,5595,180,0.03602721439105441,183340,30.55666666666667,0.24036735088351865,0.0375,LightGBM
0.9436666666666667,0.6081382223142641,0.26851851851851855,0.24369747899159663,0.2555066079295154,0.7576085276179197,0.18116811467157784,0.18116811467157784,0.22659134085894445,0.027421034363068378,0.7563025210084033,58,158,5604,180,0.03602721439105441,183160,30.526666666666667,0.245,0.036,LightGBM
0.9448333333333333,0.6027034555578566,0.270935960591133,0.23109243697478993,0.2494331065759637,0.7576085276179197,0.18116811467157784,0.18116811467157784,0.22173818487884642,0.02568552585907671,0.7689075630252101,55,148,5614,183,0.03602721439105441,185960,30.993333333333332,0.255,0.03383333333333333,LightGBM
0.9465,0.6035712098098525,0.2849740932642487,0.23109243697478993,0.2552204176334107,0.7576085276179197,0.18116811467157784,0.18116811467157784,0.2291340243886451,0.02395001735508504,0.7689075630252101,55,138,5624,183,0.03602721439105441,185760,30.96,0.265,0.03216666666666667,LightGBM
0.9478333333333333,0.6022513483005143,0.29508196721311475,0.226890756302521,0.2565320665083135,0.7576085276179197,0.18116811467157784,0.18116811467157784,0.2321127878345765,0.022388059701492536,0.773109243697479,54,129,5633,184,0.03602721439105441,186580,31.096666666666668,0.275,0.0305,LightGBM
0.949,0.5968165815441067,0.3,0.21428571428571427,0.25,0.7576085276179197,0.18116811467157784,0.18116811467157784,0.22776978264030523,0.020652551197500868,0.7857142857142857,51,119,5643,187,0.03602721439105441,189380,31.563333333333333,0.28500000000000003,0.028333333333333332,LightGBM
0.9505,0.595583495459968,0.31446540880503143,0.21008403361344538,0.2518891687657431,0.7576085276179197,0.18116811467157784,0.18116811467157784,0.23229819987530093,0.018917042693509196,0.7899159663865546,50,109,5653,188,0.03602721439105441,190180,31.696666666666665,0.295,0.0265,LightGBM
0.9511666666666667,0.5939165322498315,0.3202614379084967,0.20588235294117646,0.2506393861892583,0.7576085276179197,0.18116811467157784,0.18116811467157784,0.2325599295805732,0.018049288441513364,0.7941176470588235,49,104,5658,189,0.03602721439105441,191080,31.846666666666668,0.305,0.0255,LightGBM
0.9516666666666667,0.5941768585254303,0.32666666666666666,0.20588235294117646,0.25257731958762886,0.7576085276179197,0.18116811467157784,0.18116811467157784,0.23546466182379003,0.017528635890315863,0.7941176470588235,49,101,5661,189,0.03602721439105441,191020,31.836666666666666,0.30709963298760584,0.025,LightGBM
0.9526666666666667,0.5926834461656929,0.3380281690140845,0.20168067226890757,0.25263157894736843,0.7576085276179197,0.18116811467157784,0.18116811467157784,0.23800628123921055,0.016313779937521693,0.7983193277310925,48,94,5668,190,0.03602721439105441,191880,31.98,0.315,0.023666666666666666,LightGBM
0.9528333333333333,0.5867280268580879,0.3333333333333333,0.18907563025210083,0.2412868632707775,0.7576085276179197,0.18116811467157784,0.18116811467157784,0.2282777979822954,0.015619576535925026,0.8109243697478992,45,90,5672,193,0.03602721439105441,194800,32.46666666666667,0.325,0.0225,LightGBM
0.9538333333333333,0.5832205495874156,0.344,0.18067226890756302,0.23691460055096417,0.7576085276179197,0.18116811467157784,0.18116811467157784,0.22744518052385845,0.01423116973273169,0.819327731092437,43,82,5680,195,0.03602721439105441,196640,32.77333333333333,0.335,0.020833333333333332,LightGBM
0.9535,0.5729766741823421,0.3247863247863248,0.15966386554621848,0.2140845070422535,0.7576085276179197,0.18116811467157784,0.18116811467157784,0.2060140373050074,0.013710517181534189,0.8403361344537815,38,79,5683,200,0.03602721439105441,201580,33.596666666666664,0.34500000000000003,0.0195,LightGBM
0.954,0.5651807408142014,0.32075471698113206,0.14285714285714285,0.19767441860465115,0.7576085276179197,0.18116811467157784,0.18116811467157784,0.1931374063377527,0.012495661228740022,0.8571428571428571,34,72,5690,204,0.03602721439105441,205440,34.24,0.35500000000000004,0.017666666666666667,LightGBM
0.9541666666666667,0.5612393864175312,0.31683168316831684,0.13445378151260504,0.1887905604719764,0.7576085276179197,0.18116811467157784,0.18116811467157784,0.18581725787692902,0.01197500867754252,0.865546218487395,32,69,5693,206,0.03602721439105441,207380,34.56333333333333,0.365,0.016833333333333332,LightGBM
0.9551666666666667,0.5597459740577939,0.3333333333333333,0.13025210084033614,0.18731117824773413,0.7576085276179197,0.18116811467157784,0.18116811467157784,0.1887942605732619,0.010760152724748352,0.8697478991596639,31,62,5700,207,0.03602721439105441,208240,34.70666666666666,0.375,0.0155,LightGBM
0.9563333333333334,0.560353402034191,0.36046511627906974,0.13025210084033614,0.19135802469135804,0.7576085276179197,0.18116811467157784,0.18116811467157784,0.19820607941811647,0.009545296771954183,0.8697478991596639,31,55,5707,207,0.03602721439105441,208100,34.68333333333333,0.385,0.014333333333333333,LightGBM
0.9568333333333333,0.5606137283097897,0.37349397590361444,0.13025210084033614,0.1931464174454829,0.7576085276179197,0.18116811467157784,0.18116811467157784,0.20257519625860448,0.009024644220756682,0.8697478991596639,31,52,5710,207,0.03602721439105441,208040,34.67333333333333,0.395,0.013833333333333333,LightGBM
0.9566666666666667,0.5564988230627204,0.3625,0.12184873949579832,0.18238993710691823,0.7576085276179197,0.18116811467157784,0.18116811467157784,0.19228201089462024,0.008851093370357515,0.8781512605042017,29,51,5711,209,0.03602721439105441,210020,35.00333333333333,0.405,0.013333333333333334,LightGBM
0.9568333333333333,0.5525574686660503,0.36,0.1134453781512605,0.17252396166134185,0.7576085276179197,0.18116811467157784,0.18116811467157784,0.18465655635881134,0.008330440819160014,0.8865546218487395,27,48,5714,211,0.03602721439105441,211960,35.32666666666667,0.40755159724348283,0.0125,LightGBM
0.957,0.550630179180315,0.3611111111111111,0.1092436974789916,0.16774193548387095,0.7576085276179197,0.18116811467157784,0.18116811467157784,0.1815073515354544,0.00798333911836168,0.8907563025210085,26,46,5716,212,0.03602721439105441,212920,35.486666666666665,0.41500000000000004,0.012,LightGBM
0.9573333333333334,0.5508037300307141,0.37142857142857144,0.1092436974789916,0.16883116883116883,0.7576085276179197,0.18116811467157784,0.18116811467157784,0.18468190004358448,0.0076362374175633465,0.8907563025210085,26,44,5718,212,0.03602721439105441,212880,35.48,0.425,0.011666666666666667,LightGBM
0.9576666666666667,0.5489632159701784,0.3787878787878788,0.10504201680672269,0.1644736842105263,0.7576085276179197,0.18116811467157784,0.18116811467157784,0.18324380345559518,0.007115584866365845,0.8949579831932774,25,41,5721,213,0.03602721439105441,213820,35.63666666666666,0.435,0.011,LightGBM
0.9578333333333333,0.5409937317516385,0.3684210526315789,0.08823529411764706,0.1423728813559322,0.7576085276179197,0.18116811467157784,0.18116811467157784,0.16496137317541867,0.006247830614370011,0.9117647058823529,21,36,5726,217,0.03602721439105441,217720,36.28666666666667,0.445,0.0095,LightGBM
0.958,0.5370523773549684,0.36538461538461536,0.07983193277310924,0.13103448275862067,0.7576085276179197,0.18116811467157784,0.18116811467157784,0.15603931238133706,0.005727178063172509,0.9201680672268907,19,33,5729,219,0.03602721439105441,219660,36.61,0.455,0.008666666666666666,LightGBM
0.958,0.5330242475330986,0.3541666666666667,0.07142857142857142,0.11888111888111887,0.7576085276179197,0.18116811467157784,0.18116811467157784,0.14470580450409185,0.005380076362374176,0.9285714285714286,17,31,5731,221,0.03602721439105441,221620,36.93666666666667,0.465,0.008,LightGBM
0.9586666666666667,0.533371349233897,0.38636363636363635,0.07142857142857142,0.12056737588652483,0.7576085276179197,0.18116811467157784,0.18116811467157784,0.15267755072202185,0.004685872960777508,0.9285714285714286,17,27,5735,221,0.03602721439105441,221540,36.92333333333333,0.47500000000000003,0.007333333333333333,LightGBM
0.959,0.5335449000842961,0.40476190476190477,0.07142857142857142,0.12142857142857143,0.7576085276179197,0.18116811467157784,0.18116811467157784,0.1570567872050243,0.0043387712599791736,0.9285714285714286,17,25,5737,221,0.03602721439105441,221500,36.916666666666664,0.485,0.007,LightGBM
0.9593333333333334,0.5296903211128255,0.4166666666666667,0.06302521008403361,0.1094890510948905,0.7576085276179197,0.18116811467157784,0.18116811467157784,0.1500720890456772,0.003644567858382506,0.9369747899159664,15,21,5741,223,0.03602721439105441,223420,37.236666666666665,0.495,0.006,LightGBM
0.9595,0.5257489667161553,0.41935483870967744,0.0546218487394958,0.09665427509293681,0.7576085276179197,0.18116811467157784,0.18116811467157784,0.14019524072080342,0.0031239153071850054,0.9453781512605042,13,18,5744,225,0.03602721439105441,225360,37.56,0.505,0.005166666666666667,LightGBM
0.9598333333333333,0.5239084526556197,0.4444444444444444,0.05042016806722689,0.09056603773584906,0.7576085276179197,0.18116811467157784,0.18116811467157784,0.13943712877155118,0.0026032627559875042,0.9495798319327731,12,15,5747,226,0.03602721439105441,226300,37.71666666666667,0.515,0.0045,LightGBM
0.9596666666666667,0.5197935474085503,0.4166666666666667,0.04201680672268908,0.07633587786259544,0.7576085276179197,0.18116811467157784,0.18116811467157784,0.12241026032723115,0.0024297119055883376,0.957983193277311,10,14,5748,228,0.03602721439105441,228280,38.04666666666667,0.525,0.004,LightGBM
0.9595,0.5136645772505462,0.3684210526315789,0.029411764705882353,0.05447470817120622,0.7576085276179197,0.18116811467157784,0.18116811467157784,0.09493745813240878,0.0020826102047900035,0.9705882352941176,7,12,5750,231,0.03602721439105441,231240,38.54,0.535,0.0031666666666666666,LightGBM
0.9598333333333333,0.5118240631900105,0.4,0.025210084033613446,0.04743083003952569,0.7576085276179197,0.18116811467157784,0.18116811467157784,0.09242599535381665,0.0015619576535925027,0.9747899159663865,6,9,5753,232,0.03602721439105441,232180,38.696666666666665,0.545,0.0025,LightGBM
0.9598333333333333,0.5098099982790756,0.38461538461538464,0.02100840336134454,0.03984063745019921,0.7576085276179197,0.18116811467157784,0.18116811467157784,0.08235647070390961,0.0013884068031933356,0.9789915966386554,5,8,5754,233,0.03602721439105441,233160,38.86,0.555,0.0021666666666666666,LightGBM
0.96,0.5098967737042752,0.4166666666666667,0.02100840336134454,0.04000000000000001,0.7576085276179197,0.18116811467157784,0.18116811467157784,0.08647035108206744,0.0012148559527941688,0.9789915966386554,5,7,5755,233,0.03602721439105441,233140,38.85666666666667,0.5650000000000001,0.002,LightGBM
0.9601666666666666,0.5079694842185399,0.4444444444444444,0.01680672268907563,0.032388663967611336,0.7576085276179197,0.18116811467157784,0.18116811467157784,0.0803830353531775,0.0008677542519958348,0.9831932773109243,4,5,5757,234,0.03602721439105441,234100,39.016666666666666,0.5750000000000001,0.0015,LightGBM
0.9601666666666666,0.5079694842185399,0.4444444444444444,0.01680672268907563,0.032388663967611336,0.7576085276179197,0.18116811467157784,0.18116811467157784,0.0803830353531775,0.0008677542519958348,0.9831932773109243,4,5,5757,234,0.03602721439105441,234100,39.016666666666666,0.585,0.0015,LightGBM
0.9601666666666666,0.5079694842185399,0.4444444444444444,0.01680672268907563,0.032388663967611336,0.7576085276179197,0.18116811467157784,0.18116811467157784,0.0803830353531775,0.0008677542519958348,0.9831932773109243,4,5,5757,234,0.03602721439105441,234100,39.016666666666666,0.595,0.0015,LightGBM
0.9605,0.5081430350689391,0.5714285714285714,0.01680672268907563,0.03265306122448979,0.7576085276179197,0.18116811467157784,0.18116811467157784,0.09311512860956603,0.0005206525511975009,0.9831932773109243,4,3,5759,234,0.03602721439105441,234060,39.01,0.605,0.0011666666666666668,LightGBM
0.9603333333333334,0.5060421947328047,0.5,0.012605042016806723,0.024590163934426233,0.7576085276179197,0.18116811467157784,0.18116811467157784,0.07462181785310389,0.0005206525511975009,0.9873949579831933,3,3,5759,235,0.03602721439105441,235060,39.17666666666667,0.615,0.001,LightGBM
0.9605,0.5061289701580042,0.6,0.012605042016806723,0.02469135802469136,0.7576085276179197,0.18116811467157784,0.18116811467157784,0.08291116395271123,0.0003471017007983339,0.9873949579831933,3,2,5760,235,0.03602721439105441,235040,39.17333333333333,0.625,0.0008333333333333334,LightGBM
0.9603333333333334,0.5020140649109349,0.5,0.004201680672268907,0.008333333333333333,0.7576085276179197,0.18116811467157784,0.18116811467157784,0.04306855846488772,0.00017355085039916696,0.9957983193277311,1,1,5761,237,0.03602721439105441,237020,39.50333333333333,0.635,0.0003333333333333333,LightGBM
0.9601666666666666,0.4999132245748004,0.0,0.0,0.0,0.7576085276179197,0.18116811467157784,0.18116811467157784,-0.0026239914801147713,0.00017355085039916696,1.0,0,1,5761,238,0.03602721439105441,238020,39.67,0.6433416783656721,0.00016666666666666666,LightGBM
0.9603333333333334,0.5,0.0,0.0,0.0,0.7576085276179197,0.18116811467157784,0.18116811467157784,0.0,0.0,1.0,0,0,5762,238,0.03602721439105441,238000,39.666666666666664,0.645,0.0,LightGBM
0.9603333333333334,0.5,0.0,0.0,0.0,0.7576085276179197,0.18116811467157784,0.18116811467157784,0.0,0.0,1.0,0,0,5762,238,0.03602721439105441,238000,39.666666666666664,0.655,0.0,LightGBM
0.9603333333333334,0.5,0.0,0.0,0.0,0.7576085276179197,0.18116811467157784,0.18116811467157784,0.0,0.0,1.0,0,0,5762,238,0.03602721439105441,238000,39.666666666666664,0.665,0.0,LightGBM
0.9603333333333334,0.5,0.0,0.0,0.0,0.7576085276179197,0.18116811467157784,0.18116811467157784,0.0,0.0,1.0,0,0,5762,238,0.03602721439105441,238000,39.666666666666664,0.675,0.0,LightGBM
0.9603333333333334,0.5,0.0,0.0,0.0,0.7576085276179197,0.18116811467157784,0.18116811467157784,0.0,0.0,1.0,0,0,5762,238,0.03602721439105441,238000,39.666666666666664,0.685,0.0,LightGBM
0.9603333333333334,0.5,0.0,0.0,0.0,0.7576085276179197,0.18116811467157784,0.18116811467157784,0.0,0.0,1.0,0,0,5762,238,0.03602721439105441,238000,39.666666666666664,0.6950000000000001,0.0,LightGBM
0.9603333333333334,0.5,0.0,0.0,0.0,0.7576085276179197,0.18116811467157784,0.18116811467157784,0.0,0.0,1.0,0,0,5762,238,0.03602721439105441,238000,39.666666666666664,0.7050000000000001,0.0,LightGBM
0.9603333333333334,0.5,0.0,0.0,0.0,0.7576085276179197,0.18116811467157784,0.18116811467157784,0.0,0.0,1.0,0,0,5762,238,0.03602721439105441,238000,39.666666666666664,0.715,0.0,LightGBM
0.9603333333333334,0.5,0.0,0.0,0.0,0.7576085276179197,0.18116811467157784,0.18116811467157784,0.0,0.0,1.0,0,0,5762,238,0.03602721439105441,238000,39.666666666666664,0.725,0.0,LightGBM
0.9603333333333334,0.5,0.0,0.0,0.0,0.7576085276179197,0.18116811467157784,0.18116811467157784,0.0,0.0,1.0,0,0,5762,238,0.03602721439105441,238000,39.666666666666664,0.735,0.0,LightGBM
0.9603333333333334,0.5,0.0,0.0,0.0,0.7576085276179197,0.18116811467157784,0.18116811467157784,0.0,0.0,1.0,0,0,5762,238,0.03602721439105441,238000,39.666666666666664,0.745,0.0,LightGBM
0.9603333333333334,0.5,0.0,0.0,0.0,0.7576085276179197,0.18116811467157784,0.18116811467157784,0.0,0.0,1.0,0,0,5762,238,0.03602721439105441,238000,39.666666666666664,0.755,0.0,LightGBM
0.9603333333333334,0.5,0.0,0.0,0.0,0.7576085276179197,0.18116811467157784,0.18116811467157784,0.0,0.0,1.0,0,0,5762,238,0.03602721439105441,238000,39.666666666666664,0.765,0.0,LightGBM
0.9603333333333334,0.5,0.0,0.0,0.0,0.7576085276179197,0.18116811467157784,0.18116811467157784,0.0,0.0,1.0,0,0,5762,238,0.03602721439105441,238000,39.666666666666664,0.775,0.0,LightGBM
0.9603333333333334,0.5,0.0,0.0,0.0,0.7576085276179197,0.18116811467157784,0.18116811467157784,0.0,0.0,1.0,0,0,5762,238,0.03602721439105441,238000,39.666666666666664,0.785,0.0,LightGBM
0.9603333333333334,0.5,0.0,0.0,0.0,0.7576085276179197,0.18116811467157784,0.18116811467157784,0.0,0.0,1.0,0,0,5762,238,0.03602721439105441,238000,39.666666666666664,0.795,0.0,LightGBM
0.9603333333333334,0.5,0.0,0.0,0.0,0.7576085276179197,0.18116811467157784,0.18116811467157784,0.0,0.0,1.0,0,0,5762,238,0.03602721439105441,238000,39.666666666666664,0.805,0.0,LightGBM
0.9603333333333334,0.5,0.0,0.0,0.0,0.7576085276179197,0.18116811467157784,0.18116811467157784,0.0,0.0,1.0,0,0,5762,238,0.03602721439105441,238000,39.666666666666664,0.8150000000000001,0.0,LightGBM
0.9603333333333334,0.5,0.0,0.0,0.0,0.7576085276179197,0.18116811467157784,0.18116811467157784,0.0,0.0,1.0,0,0,5762,238,0.03602721439105441,238000,39.666666666666664,0.8250000000000001,0.0,LightGBM
0.9603333333333334,0.5,0.0,0.0,0.0,0.7576085276179197,0.18116811467157784,0.18116811467157784,0.0,0.0,1.0,0,0,5762,238,0.03602721439105441,238000,39.666666666666664,0.8350000000000001,0.0,LightGBM
0.9603333333333334,0.5,0.0,0.0,0.0,0.7576085276179197,0.18116811467157784,0.18116811467157784,0.0,0.0,1.0,0,0,5762,238,0.03602721439105441,238000,39.666666666666664,0.845,0.0,LightGBM
0.9603333333333334,0.5,0.0,0.0,0.0,0.7576085276179197,0.18116811467157784,0.18116811467157784,0.0,0.0,1.0,0,0,5762,238,0.03602721439105441,238000,39.666666666666664,0.855,0.0,LightGBM
0.9603333333333334,0.5,0.0,0.0,0.0,0.7576085276179197,0.18116811467157784,0.18116811467157784,0.0,0.0,1.0,0,0,5762,238,0.03602721439105441,238000,39.666666666666664,0.865,0.0,LightGBM
0.9603333333333334,0.5,0.0,0.0,0.0,0.7576085276179197,0.18116811467157784,0.18116811467157784,0.0,0.0,1.0,0,0,5762,238,0.03602721439105441,238000,39.666666666666664,0.875,0.0,LightGBM
0.9603333333333334,0.5,0.0,0.0,0.0,0.7576085276179197,0.18116811467157784,0.18116811467157784,0.0,0.0,1.0,0,0,5762,238,0.03602721439105441,238000,39.666666666666664,0.885,0.0,LightGBM
0.9603333333333334,0.5,0.0,0.0,0.0,0.7576085276179197,0.18116811467157784,0.18116811467157784,0.0,0.0,1.0,0,0,5762,238,0.03602721439105441,238000,39.666666666666664,0.895,0.0,LightGBM
0.9603333333333334,0.5,0.0,0.0,0.0,0.7576085276179197,0.18116811467157784,0.18116811467157784,0.0,0.0,1.0,0,0,5762,238,0.03602721439105441,238000,39.666666666666664,0.905,0.0,LightGBM
0.9603333333333334,0.5,0.0,0.0,0.0,0.7576085276179197,0.18116811467157784,0.18116811467157784,0.0,0.0,1.0,0,0,5762,238,0.03602721439105441,238000,39.666666666666664,0.915,0.0,LightGBM
0.9603333333333334,0.5,0.0,0.0,0.0,0.7576085276179197,0.18116811467157784,0.18116811467157784,0.0,0.0,1.0,0,0,5762,238,0.03602721439105441,238000,39.666666666666664,0.925,0.0,LightGBM
0.9603333333333334,0.5,0.0,0.0,0.0,0.7576085276179197,0.18116811467157784,0.18116811467157784,0.0,0.0,1.0,0,0,5762,238,0.03602721439105441,238000,39.666666666666664,0.935,0.0,LightGBM
0.9603333333333334,0.5,0.0,0.0,0.0,0.7576085276179197,0.18116811467157784,0.18116811467157784,0.0,0.0,1.0,0,0,5762,238,0.03602721439105441,238000,39.666666666666664,0.9450000000000001,0.0,LightGBM
0.9603333333333334,0.5,0.0,0.0,0.0,0.7576085276179197,0.18116811467157784,0.18116811467157784,0.0,0.0,1.0,0,0,5762,238,0.03602721439105441,238000,39.666666666666664,0.9550000000000001,0.0,LightGBM
0.9603333333333334,0.5,0.0,0.0,0.0,0.7576085276179197,0.18116811467157784,0.18116811467157784,0.0,0.0,1.0,0,0,5762,238,0.03602721439105441,238000,39.666666666666664,0.965,0.0,LightGBM
0.9603333333333334,0.5,0.0,0.0,0.0,0.7576085276179197,0.18116811467157784,0.18116811467157784,0.0,0.0,1.0,0,0,5762,238,0.03602721439105441,238000,39.666666666666664,0.975,0.0,LightGBM
0.9603333333333334,0.5,0.0,0.0,0.0,0.7576085276179197,0.18116811467157784,0.18116811467157784,0.0,0.0,1.0,0,0,5762,238,0.03602721439105441,238000,39.666666666666664,0.985,0.0,LightGBM
0.9603333333333334,0.5,0.0,0.0,0.0,0.7576085276179197,0.18116811467157784,0.18116811467157784,0.0,0.0,1.0,0,0,5762,238,0.03602721439105441,238000,39.666666666666664,0.995,0.0,LightGBM
0.9603333333333334,0.5,0.0,0.0,0.0,0.7576085276179197,0.18116811467157784,0.18116811467157784,0.0,0.0,1.0,0,0,5762,238,0.03602721439105441,238000,39.666666666666664,1.000001,0.0,LightGBM
0.03966666666666667,0.5,0.03966666666666667,1.0,0.07630650849631292,0.6500937757956359,0.09633045833830245,0.09633045833830245,0.0,1.0,0.0,238,5762,0,0,0.03798831254243851,115240,19.206666666666667,0.005,1.0,RulesOnly
0.03966666666666667,0.5,0.03966666666666667,1.0,0.07630650849631292,0.6500937757956359,0.09633045833830245,0.09633045833830245,0.0,1.0,0.0,238,5762,0,0,0.03798831254243851,115240,19.206666666666667,0.015,1.0,RulesOnly
0.03966666666666667,0.5,0.03966666666666667,1.0,0.07630650849631292,0.6500937757956359,0.09633045833830245,0.09633045833830245,0.0,1.0,0.0,238,5762,0,0,0.03798831254243851,115240,19.206666666666667,0.025,1.0,RulesOnly
0.03966666666666667,0.5,0.03966666666666667,1.0,0.07630650849631292,0.6500937757956359,0.09633045833830245,0.09633045833830245,0.0,1.0,0.0,238,5762,0,0,0.03798831254243851,115240,19.206666666666667,0.034999999999999996,1.0,RulesOnly
0.03966666666666667,0.5,0.03966666666666667,1.0,0.07630650849631292,0.6500937757956359,0.09633045833830245,0.09633045833830245,0.0,1.0,0.0,238,5762,0,0,0.03798831254243851,115240,19.206666666666667,0.044499948620796204,1.0,RulesOnly
0.6455,0.6140221795069989,0.06374133949191686,0.5798319327731093,0.11485642946317105,0.6500937757956359,0.09633045833830245,0.09633045833830245,0.09267931278817278,0.3517875737591114,0.42016806722689076,138,2027,3735,100,0.03798831254243851,140540,23.423333333333332,0.045,0.36083333333333334,RulesOnly
0.6455,0.6140221795069989,0.06374133949191686,0.5798319327731093,0.11485642946317105,0.6500937757956359,0.09633045833830245,0.09633045833830245,0.09267931278817278,0.3517875737591114,0.42016806722689076,138,2027,3735,100,0.03798831254243851,140540,23.423333333333332,0.055,0.36083333333333334,RulesOnly
0.6455,0.6140221795069989,0.06374133949191686,0.5798319327731093,0.11485642946317105,0.6500937757956359,0.09633045833830245,0.09633045833830245,0.09267931278817278,0.3517875737591114,0.42016806722689076,138,2027,3735,100,0.03798831254243851,140540,23.423333333333332,0.065,0.36083333333333334,RulesOnly
0.6455,0.6140221795069989,0.06374133949191686,0.5798319327731093,0.11485642946317105,0.6500937757956359,0.09633045833830245,0.09633045833830245,0.09267931278817278,0.3517875737591114,0.42016806722689076,138,2027,3735,100,0.03798831254243851,140540,23.423333333333332,0.0741971880197525,0.36083333333333334,RulesOnly
0.6685,0.6159268636298671,0.06593951412989589,0.5588235294117647,0.11796008869179601,0.6500937757956359,0.09633045833830245,0.09633045833830245,0.09579240680880541,0.32696980215203053,0.4411764705882353,133,1884,3878,105,0.03798831254243851,142680,23.78,0.07500000000000001,0.33616666666666667,RulesOnly
0.6685,0.6159268636298671,0.06593951412989589,0.5588235294117647,0.11796008869179601,0.6500937757956359,0.09633045833830245,0.09633045833830245,0.09579240680880541,0.32696980215203053,0.4411764705882353,133,1884,3878,105,0.03798831254243851,142680,23.78,0.07527920603752136,0.33616666666666667,RulesOnly
0.7096666666666667,0.625276004188555,0.07224118316268487,0.5336134453781513,0.12725450901803606,0.6500937757956359,0.09633045833830245,0.09633045833830245,0.10744302480146162,0.2830614370010413,0.46638655462184875,127,1631,4131,111,0.03798831254243851,143620,23.936666666666667,0.07613743841648102,0.293,RulesOnly
0.7323333333333333,0.6290212023719588,0.0762081784386617,0.5168067226890757,0.132829373650108,0.6500937757956359,0.09633045833830245,0.09633045833830245,0.11357431003366093,0.2587643179451579,0.4831932773109244,123,1491,4271,115,0.03798831254243851,144820,24.136666666666667,0.07685286551713943,0.269,RulesOnly
0.7558333333333334,0.627158082948556,0.07950651130911583,0.48739495798319327,0.13671184443134943,0.6500937757956359,0.09633045833830245,0.09633045833830245,0.11570328144163966,0.23307879208608123,0.5126050420168067,116,1343,4419,122,0.03798831254243851,148860,24.81,0.07801240682601929,0.24316666666666667,RulesOnly
0.8343333333333334,0.6076073608895137,0.09267241379310345,0.36134453781512604,0.14751286449399656,0.6500937757956359,0.09633045833830245,0.09633045833830245,0.11616718644111769,0.14612981603609856,0.6386554621848739,86,842,4920,152,0.03798831254243851,168840,28.14,0.07894306629896164,0.15466666666666667,RulesOnly
0.9065,0.6089279516041057,0.14814814814814814,0.2857142857142857,0.1951219512195122,0.6500937757956359,0.09633045833830245,0.09633045833830245,0.15997201680548817,0.06785838250607427,0.7142857142857143,68,391,5371,170,0.03798831254243851,177820,29.636666666666667,0.07972835749387741,0.0765,RulesOnly
0.916,0.5917194368201983,0.15,0.23949579831932774,0.1844660194174757,0.6500937757956359,0.09633045833830245,0.09633045833830245,0.1469963409801606,0.056056924678930926,0.7605042016806722,57,323,5439,181,0.03798831254243851,187460,31.243333333333332,0.08041337132453918,0.06333333333333334,RulesOnly
0.9248333333333333,0.5822200799792322,0.1597444089456869,0.21008403361344538,0.18148820326678763,0.6500937757956359,0.09633045833830245,0.09633045833830245,0.14433418795893355,0.04564387365498091,0.7899159663865546,50,263,5499,188,0.03798831254243851,193260,32.21,0.08102523535490036,0.05216666666666667,RulesOnly
0.9311666666666667,0.5714190917602723,0.16475095785440613,0.18067226890756302,0.17234468937875752,0.6500937757956359,0.09633045833830245,0.09633045833830245,0.1366724746690443,0.03783408538701839,0.819327731092437,43,218,5544,195,0.03798831254243851,199360,33.22666666666667,0.08158157765865326,0.0435,RulesOnly
0.941,0.5604263225595688,0.1881720430107527,0.14705882352941177,0.16509433962264153,0.6500937757956359,0.09633045833830245,0.09633045833830245,0.1360934676448483,0.02620617841027421,0.8529411764705882,35,151,5611,203,0.03798831254243851,206020,34.336666666666666,0.08209462463855743,0.031,RulesOnly
0.9535,0.5326953759636448,0.23376623376623376,0.07563025210084033,0.1142857142857143,0.6500937757956359,0.09633045833830245,0.09633045833830245,0.11339011817890826,0.010239500173550851,0.9243697478991597,18,59,5703,220,0.03798831254243851,221180,36.86333333333334,0.08323992788791656,0.012833333333333334,RulesOnly
0.9598333333333333,0.5077959333681408,0.36363636363636365,0.01680672268907563,0.0321285140562249,0.6500937757956359,0.09633045833830245,0.09633045833830245,0.07113768377948336,0.0012148559527941688,0.9831932773109243,4,7,5755,234,0.03798831254243851,234140,39.02333333333333,0.085,0.0018333333333333333,RulesOnly
0.9601666666666666,0.4999132245748004,0.0,0.0,0.0,0.6500937757956359,0.09633045833830245,0.09633045833830245,-0.0026239914801147713,0.00017355085039916696,1.0,0,1,5761,238,0.03798831254243851,238020,39.67,0.08741259574890137,0.00016666666666666666,RulesOnly
0.9603333333333334,0.5,0.0,0.0,0.0,0.6500937757956359,0.09633045833830245,0.09633045833830245,0.0,0.0,1.0,0,0,5762,238,0.03798831254243851,238000,39.666666666666664,0.095,0.0,RulesOnly
0.9603333333333334,0.5,0.0,0.0,0.0,0.6500937757956359,0.09633045833830245,0.09633045833830245,0.0,0.0,1.0,0,0,5762,238,0.03798831254243851,238000,39.666666666666664,0.10500000000000001,0.0,RulesOnly
0.9603333333333334,0.5,0.0,0.0,0.0,0.6500937757956359,0.09633045833830245,0.09633045833830245,0.0,0.0,1.0,0,0,5762,238,0.03798831254243851,238000,39.666666666666664,0.115,0.0,RulesOnly
0.9603333333333334,0.5,0.0,0.0,0.0,0.6500937757956359,0.09633045833830245,0.09633045833830245,0.0,0.0,1.0,0,0,5762,238,0.03798831254243851,238000,39.666666666666664,0.125,0.0,RulesOnly
0.9603333333333334,0.5,0.0,0.0,0.0,0.6500937757956359,0.09633045833830245,0.09633045833830245,0.0,0.0,1.0,0,0,5762,238,0.03798831254243851,238000,39.666666666666664,0.135,0.0,RulesOnly
0.9603333333333334,0.5,0.0,0.0,0.0,0.6500937757956359,0.09633045833830245,0.09633045833830245,0.0,0.0,1.0,0,0,5762,238,0.03798831254243851,238000,39.666666666666664,0.14500000000000002,0.0,RulesOnly
0.9603333333333334,0.5,0.0,0.0,0.0,0.6500937757956359,0.09633045833830245,0.09633045833830245,0.0,0.0,1.0,0,0,5762,238,0.03798831254243851,238000,39.666666666666664,0.155,0.0,RulesOnly
0.9603333333333334,0.5,0.0,0.0,0.0,0.6500937757956359,0.09633045833830245,0.09633045833830245,0.0,0.0,1.0,0,0,5762,238,0.03798831254243851,238000,39.666666666666664,0.165,0.0,RulesOnly
0.9603333333333334,0.5,0.0,0.0,0.0,0.6500937757956359,0.09633045833830245,0.09633045833830245,0.0,0.0,1.0,0,0,5762,238,0.03798831254243851,238000,39.666666666666664,0.17500000000000002,0.0,RulesOnly
0.9603333333333334,0.5,0.0,0.0,0.0,0.6500937757956359,0.09633045833830245,0.09633045833830245,0.0,0.0,1.0,0,0,5762,238,0.03798831254243851,238000,39.666666666666664,0.185,0.0,RulesOnly
0.9603333333333334,0.5,0.0,0.0,0.0,0.6500937757956359,0.09633045833830245,0.09633045833830245,0.0,0.0,1.0,0,0,5762,238,0.03798831254243851,238000,39.666666666666664,0.195,0.0,RulesOnly
0.9603333333333334,0.5,0.0,0.0,0.0,0.6500937757956359,0.09633045833830245,0.09633045833830245,0.0,0.0,1.0,0,0,5762,238,0.03798831254243851,238000,39.666666666666664,0.20500000000000002,0.0,RulesOnly
0.9603333333333334,0.5,0.0,0.0,0.0,0.6500937757956359,0.09633045833830245,0.09633045833830245,0.0,0.0,1.0,0,0,5762,238,0.03798831254243851,238000,39.666666666666664,0.215,0.0,RulesOnly
0.9603333333333334,0.5,0.0,0.0,0.0,0.6500937757956359,0.09633045833830245,0.09633045833830245,0.0,0.0,1.0,0,0,5762,238,0.03798831254243851,238000,39.666666666666664,0.225,0.0,RulesOnly
0.9603333333333334,0.5,0.0,0.0,0.0,0.6500937757956359,0.09633045833830245,0.09633045833830245,0.0,0.0,1.0,0,0,5762,238,0.03798831254243851,238000,39.666666666666664,0.23500000000000001,0.0,RulesOnly
0.9603333333333334,0.5,0.0,0.0,0.0,0.6500937757956359,0.09633045833830245,0.09633045833830245,0.0,0.0,1.0,0,0,5762,238,0.03798831254243851,238000,39.666666666666664,0.245,0.0,RulesOnly
0.9603333333333334,0.5,0.0,0.0,0.0,0.6500937757956359,0.09633045833830245,0.09633045833830245,0.0,0.0,1.0,0,0,5762,238,0.03798831254243851,238000,39.666666666666664,0.255,0.0,RulesOnly
0.9603333333333334,0.5,0.0,0.0,0.0,0.6500937757956359,0.09633045833830245,0.09633045833830245,0.0,0.0,1.0,0,0,5762,238,0.03798831254243851,238000,39.666666666666664,0.265,0.0,RulesOnly
0.9603333333333334,0.5,0.0,0.0,0.0,0.6500937757956359,0.09633045833830245,0.09633045833830245,0.0,0.0,1.0,0,0,5762,238,0.03798831254243851,238000,39.666666666666664,0.275,0.0,RulesOnly
0.9603333333333334,0.5,0.0,0.0,0.0,0.6500937757956359,0.09633045833830245,0.09633045833830245,0.0,0.0,1.0,0,0,5762,238,0.03798831254243851,238000,39.666666666666664,0.28500000000000003,0.0,RulesOnly
0.9603333333333334,0.5,0.0,0.0,0.0,0.6500937757956359,0.09633045833830245,0.09633045833830245,0.0,0.0,1.0,0,0,5762,238,0.03798831254243851,238000,39.666666666666664,0.295,0.0,RulesOnly
0.9603333333333334,0.5,0.0,0.0,0.0,0.6500937757956359,0.09633045833830245,0.09633045833830245,0.0,0.0,1.0,0,0,5762,238,0.03798831254243851,238000,39.666666666666664,0.305,0.0,RulesOnly
0.9603333333333334,0.5,0.0,0.0,0.0,0.6500937757956359,0.09633045833830245,0.09633045833830245,0.0,0.0,1.0,0,0,5762,238,0.03798831254243851,238000,39.666666666666664,0.315,0.0,RulesOnly
0.9603333333333334,0.5,0.0,0.0,0.0,0.6500937757956359,0.09633045833830245,0.09633045833830245,0.0,0.0,1.0,0,0,5762,238,0.03798831254243851,238000,39.666666666666664,0.325,0.0,RulesOnly
0.9603333333333334,0.5,0.0,0.0,0.0,0.6500937757956359,0.09633045833830245,0.09633045833830245,0.0,0.0,1.0,0,0,5762,238,0.03798831254243851,238000,39.666666666666664,0.335,0.0,RulesOnly
0.9603333333333334,0.5,0.0,0.0,0.0,0.6500937757956359,0.09633045833830245,0.09633045833830245,0.0,0.0,1.0,0,0,5762,238,0.03798831254243851,238000,39.666666666666664,0.34500000000000003,0.0,RulesOnly
0.9603333333333334,0.5,0.0,0.0,0.0,0.6500937757956359,0.09633045833830245,0.09633045833830245,0.0,0.0,1.0,0,0,5762,238,0.03798831254243851,238000,39.666666666666664,0.35500000000000004,0.0,RulesOnly
0.9603333333333334,0.5,0.0,0.0,0.0,0.6500937757956359,0.09633045833830245,0.09633045833830245,0.0,0.0,1.0,0,0,5762,238,0.03798831254243851,238000,39.666666666666664,0.365,0.0,RulesOnly
0.9603333333333334,0.5,0.0,0.0,0.0,0.6500937757956359,0.09633045833830245,0.09633045833830245,0.0,0.0,1.0,0,0,5762,238,0.03798831254243851,238000,39.666666666666664,0.375,0.0,RulesOnly
0.9603333333333334,0.5,0.0,0.0,0.0,0.6500937757956359,0.09633045833830245,0.09633045833830245,0.0,0.0,1.0,0,0,5762,238,0.03798831254243851,238000,39.666666666666664,0.385,0.0,RulesOnly
0.9603333333333334,0.5,0.0,0.0,0.0,0.6500937757956359,0.09633045833830245,0.09633045833830245,0.0,0.0,1.0,0,0,5762,238,0.03798831254243851,238000,39.666666666666664,0.395,0.0,RulesOnly
0.9603333333333334,0.5,0.0,0.0,0.0,0.6500937757956359,0.09633045833830245,0.09633045833830245,0.0,0.0,1.0,0,0,5762,238,0.03798831254243851,238000,39.666666666666664,0.405,0.0,RulesOnly
0.9603333333333334,0.5,0.0,0.0,0.0,0.6500937757956359,0.09633045833830245,0.09633045833830245,0.0,0.0,1.0,0,0,5762,238,0.03798831254243851,238000,39.666666666666664,0.41500000000000004,0.0,RulesOnly
0.9603333333333334,0.5,0.0,0.0,0.0,0.6500937757956359,0.09633045833830245,0.09633045833830245,0.0,0.0,1.0,0,0,5762,238,0.03798831254243851,238000,39.666666666666664,0.425,0.0,RulesOnly
0.9603333333333334,0.5,0.0,0.0,0.0,0.6500937757956359,0.09633045833830245,0.09633045833830245,0.0,0.0,1.0,0,0,5762,238,0.03798831254243851,238000,39.666666666666664,0.435,0.0,RulesOnly
0.9603333333333334,0.5,0.0,0.0,0.0,0.6500937757956359,0.09633045833830245,0.09633045833830245,0.0,0.0,1.0,0,0,5762,238,0.03798831254243851,238000,39.666666666666664,0.445,0.0,RulesOnly
0.9603333333333334,0.5,0.0,0.0,0.0,0.6500937757956359,0.09633045833830245,0.09633045833830245,0.0,0.0,1.0,0,0,5762,238,0.03798831254243851,238000,39.666666666666664,0.455,0.0,RulesOnly
0.9603333333333334,0.5,0.0,0.0,0.0,0.6500937757956359,0.09633045833830245,0.09633045833830245,0.0,0.0,1.0,0,0,5762,238,0.03798831254243851,238000,39.666666666666664,0.465,0.0,RulesOnly
0.9603333333333334,0.5,0.0,0.0,0.0,0.6500937757956359,0.09633045833830245,0.09633045833830245,0.0,0.0,1.0,0,0,5762,238,0.03798831254243851,238000,39.666666666666664,0.47500000000000003,0.0,RulesOnly
0.9603333333333334,0.5,0.0,0.0,0.0,0.6500937757956359,0.09633045833830245,0.09633045833830245,0.0,0.0,1.0,0,0,5762,238,0.03798831254243851,238000,39.666666666666664,0.485,0.0,RulesOnly
0.9603333333333334,0.5,0.0,0.0,0.0,0.6500937757956359,0.09633045833830245,0.09633045833830245,0.0,0.0,1.0,0,0,5762,238,0.03798831254243851,238000,39.666666666666664,0.495,0.0,RulesOnly
0.9603333333333334,0.5,0.0,0.0,0.0,0.6500937757956359,0.09633045833830245,0.09633045833830245,0.0,0.0,1.0,0,0,5762,238,0.03798831254243851,238000,39.666666666666664,0.505,0.0,RulesOnly
0.9603333333333334,0.5,0.0,0.0,0.0,0.6500937757956359,0.09633045833830245,0.09633045833830245,0.0,0.0,1.0,0,0,5762,238,0.03798831254243851,238000,39.666666666666664,0.515,0.0,RulesOnly
0.9603333333333334,0.5,0.0,0.0,0.0,0.6500937757956359,0.09633045833830245,0.09633045833830245,0.0,0.0,1.0,0,0,5762,238,0.03798831254243851,238000,39.666666666666664,0.525,0.0,RulesOnly
0.9603333333333334,0.5,0.0,0.0,0.0,0.6500937757956359,0.09633045833830245,0.09633045833830245,0.0,0.0,1.0,0,0,5762,238,0.03798831254243851,238000,39.666666666666664,0.535,0.0,RulesOnly
0.9603333333333334,0.5,0.0,0.0,0.0,0.6500937757956359,0.09633045833830245,0.09633045833830245,0.0,0.0,1.0,0,0,5762,238,0.03798831254243851,238000,39.666666666666664,0.545,0.0,RulesOnly
0.9603333333333334,0.5,0.0,0.0,0.0,0.6500937757956359,0.09633045833830245,0.09633045833830245,0.0,0.0,1.0,0,0,5762,238,0.03798831254243851,238000,39.666666666666664,0.555,0.0,RulesOnly
0.9603333333333334,0.5,0.0,0.0,0.0,0.6500937757956359,0.09633045833830245,0.09633045833830245,0.0,0.0,1.0,0,0,5762,238,0.03798831254243851,238000,39.666666666666664,0.5650000000000001,0.0,RulesOnly
0.9603333333333334,0.5,0.0,0.0,0.0,0.6500937757956359,0.09633045833830245,0.09633045833830245,0.0,0.0,1.0,0,0,5762,238,0.03798831254243851,238000,39.666666666666664,0.5750000000000001,0.0,RulesOnly
0.9603333333333334,0.5,0.0,0.0,0.0,0.6500937757956359,0.09633045833830245,0.09633045833830245,0.0,0.0,1.0,0,0,5762,238,0.03798831254243851,238000,39.666666666666664,0.585,0.0,RulesOnly
0.9603333333333334,0.5,0.0,0.0,0.0,0.6500937757956359,0.09633045833830245,0.09633045833830245,0.0,0.0,1.0,0,0,5762,238,0.03798831254243851,238000,39.666666666666664,0.595,0.0,RulesOnly
0.9603333333333334,0.5,0.0,0.0,0.0,0.6500937757956359,0.09633045833830245,0.09633045833830245,0.0,0.0,1.0,0,0,5762,238,0.03798831254243851,238000,39.666666666666664,0.605,0.0,RulesOnly
0.9603333333333334,0.5,0.0,0.0,0.0,0.6500937757956359,0.09633045833830245,0.09633045833830245,0.0,0.0,1.0,0,0,5762,238,0.03798831254243851,238000,39.666666666666664,0.615,0.0,RulesOnly
0.9603333333333334,0.5,0.0,0.0,0.0,0.6500937757956359,0.09633045833830245,0.09633045833830245,0.0,0.0,1.0,0,0,5762,238,0.03798831254243851,238000,39.666666666666664,0.625,0.0,RulesOnly
0.9603333333333334,0.5,0.0,0.0,0.0,0.6500937757956359,0.09633045833830245,0.09633045833830245,0.0,0.0,1.0,0,0,5762,238,0.03798831254243851,238000,39.666666666666664,0.635,0.0,RulesOnly
0.9603333333333334,0.5,0.0,0.0,0.0,0.6500937757956359,0.09633045833830245,0.09633045833830245,0.0,0.0,1.0,0,0,5762,238,0.03798831254243851,238000,39.666666666666664,0.645,0.0,RulesOnly
0.9603333333333334,0.5,0.0,0.0,0.0,0.6500937757956359,0.09633045833830245,0.09633045833830245,0.0,0.0,1.0,0,0,5762,238,0.03798831254243851,238000,39.666666666666664,0.655,0.0,RulesOnly
0.9603333333333334,0.5,0.0,0.0,0.0,0.6500937757956359,0.09633045833830245,0.09633045833830245,0.0,0.0,1.0,0,0,5762,238,0.03798831254243851,238000,39.666666666666664,0.665,0.0,RulesOnly
0.9603333333333334,0.5,0.0,0.0,0.0,0.6500937757956359,0.09633045833830245,0.09633045833830245,0.0,0.0,1.0,0,0,5762,238,0.03798831254243851,238000,39.666666666666664,0.675,0.0,RulesOnly
0.9603333333333334,0.5,0.0,0.0,0.0,0.6500937757956359,0.09633045833830245,0.09633045833830245,0.0,0.0,1.0,0,0,5762,238,0.03798831254243851,238000,39.666666666666664,0.685,0.0,RulesOnly
0.9603333333333334,0.5,0.0,0.0,0.0,0.6500937757956359,0.09633045833830245,0.09633045833830245,0.0,0.0,1.0,0,0,5762,238,0.03798831254243851,238000,39.666666666666664,0.6950000000000001,0.0,RulesOnly
0.9603333333333334,0.5,0.0,0.0,0.0,0.6500937757956359,0.09633045833830245,0.09633045833830245,0.0,0.0,1.0,0,0,5762,238,0.03798831254243851,238000,39.666666666666664,0.7050000000000001,0.0,RulesOnly
0.9603333333333334,0.5,0.0,0.0,0.0,0.6500937757956359,0.09633045833830245,0.09633045833830245,0.0,0.0,1.0,0,0,5762,238,0.03798831254243851,238000,39.666666666666664,0.715,0.0,RulesOnly
0.9603333333333334,0.5,0.0,0.0,0.0,0.6500937757956359,0.09633045833830245,0.09633045833830245,0.0,0.0,1.0,0,0,5762,238,0.03798831254243851,238000,39.666666666666664,0.725,0.0,RulesOnly
0.9603333333333334,0.5,0.0,0.0,0.0,0.6500937757956359,0.09633045833830245,0.09633045833830245,0.0,0.0,1.0,0,0,5762,238,0.03798831254243851,238000,39.666666666666664,0.735,0.0,RulesOnly
0.9603333333333334,0.5,0.0,0.0,0.0,0.6500937757956359,0.09633045833830245,0.09633045833830245,0.0,0.0,1.0,0,0,5762,238,0.03798831254243851,238000,39.666666666666664,0.745,0.0,RulesOnly
0.9603333333333334,0.5,0.0,0.0,0.0,0.6500937757956359,0.09633045833830245,0.09633045833830245,0.0,0.0,1.0,0,0,5762,238,0.03798831254243851,238000,39.666666666666664,0.755,0.0,RulesOnly
0.9603333333333334,0.5,0.0,0.0,0.0,0.6500937757956359,0.09633045833830245,0.09633045833830245,0.0,0.0,1.0,0,0,5762,238,0.03798831254243851,238000,39.666666666666664,0.765,0.0,RulesOnly
0.9603333333333334,0.5,0.0,0.0,0.0,0.6500937757956359,0.09633045833830245,0.09633045833830245,0.0,0.0,1.0,0,0,5762,238,0.03798831254243851,238000,39.666666666666664,0.775,0.0,RulesOnly
0.9603333333333334,0.5,0.0,0.0,0.0,0.6500937757956359,0.09633045833830245,0.09633045833830245,0.0,0.0,1.0,0,0,5762,238,0.03798831254243851,238000,39.666666666666664,0.785,0.0,RulesOnly
0.9603333333333334,0.5,0.0,0.0,0.0,0.6500937757956359,0.09633045833830245,0.09633045833830245,0.0,0.0,1.0,0,0,5762,238,0.03798831254243851,238000,39.666666666666664,0.795,0.0,RulesOnly
0.9603333333333334,0.5,0.0,0.0,0.0,0.6500937757956359,0.09633045833830245,0.09633045833830245,0.0,0.0,1.0,0,0,5762,238,0.03798831254243851,238000,39.666666666666664,0.805,0.0,RulesOnly
0.9603333333333334,0.5,0.0,0.0,0.0,0.6500937757956359,0.09633045833830245,0.09633045833830245,0.0,0.0,1.0,0,0,5762,238,0.03798831254243851,238000,39.666666666666664,0.8150000000000001,0.0,RulesOnly
0.9603333333333334,0.5,0.0,0.0,0.0,0.6500937757956359,0.09633045833830245,0.09633045833830245,0.0,0.0,1.0,0,0,5762,238,0.03798831254243851,238000,39.666666666666664,0.8250000000000001,0.0,RulesOnly
0.9603333333333334,0.5,0.0,0.0,0.0,0.6500937757956359,0.09633045833830245,0.09633045833830245,0.0,0.0,1.0,0,0,5762,238,0.03798831254243851,238000,39.666666666666664,0.8350000000000001,0.0,RulesOnly
0.9603333333333334,0.5,0.0,0.0,0.0,0.6500937757956359,0.09633045833830245,0.09633045833830245,0.0,0.0,1.0,0,0,5762,238,0.03798831254243851,238000,39.666666666666664,0.845,0.0,RulesOnly
0.9603333333333334,0.5,0.0,0.0,0.0,0.6500937757956359,0.09633045833830245,0.09633045833830245,0.0,0.0,1.0,0,0,5762,238,0.03798831254243851,238000,39.666666666666664,0.855,0.0,RulesOnly
0.9603333333333334,0.5,0.0,0.0,0.0,0.6500937757956359,0.09633045833830245,0.09633045833830245,0.0,0.0,1.0,0,0,5762,238,0.03798831254243851,238000,39.666666666666664,0.865,0.0,RulesOnly
0.9603333333333334,0.5,0.0,0.0,0.0,0.6500937757956359,0.09633045833830245,0.09633045833830245,0.0,0.0,1.0,0,0,5762,238,0.03798831254243851,238000,39.666666666666664,0.875,0.0,RulesOnly
0.9603333333333334,0.5,0.0,0.0,0.0,0.6500937757956359,0.09633045833830245,0.09633045833830245,0.0,0.0,1.0,0,0,5762,238,0.03798831254243851,238000,39.666666666666664,0.885,0.0,RulesOnly
0.9603333333333334,0.5,0.0,0.0,0.0,0.6500937757956359,0.09633045833830245,0.09633045833830245,0.0,0.0,1.0,0,0,5762,238,0.03798831254243851,238000,39.666666666666664,0.895,0.0,RulesOnly
0.9603333333333334,0.5,0.0,0.0,0.0,0.6500937757956359,0.09633045833830245,0.09633045833830245,0.0,0.0,1.0,0,0,5762,238,0.03798831254243851,238000,39.666666666666664,0.905,0.0,RulesOnly
0.9603333333333334,0.5,0.0,0.0,0.0,0.6500937757956359,0.09633045833830245,0.09633045833830245,0.0,0.0,1.0,0,0,5762,238,0.03798831254243851,238000,39.666666666666664,0.915,0.0,RulesOnly
0.9603333333333334,0.5,0.0,0.0,0.0,0.6500937757956359,0.09633045833830245,0.09633045833830245,0.0,0.0,1.0,0,0,5762,238,0.03798831254243851,238000,39.666666666666664,0.925,0.0,RulesOnly
0.9603333333333334,0.5,0.0,0.0,0.0,0.6500937757956359,0.09633045833830245,0.09633045833830245,0.0,0.0,1.0,0,0,5762,238,0.03798831254243851,238000,39.666666666666664,0.935,0.0,RulesOnly
0.9603333333333334,0.5,0.0,0.0,0.0,0.6500937757956359,0.09633045833830245,0.09633045833830245,0.0,0.0,1.0,0,0,5762,238,0.03798831254243851,238000,39.666666666666664,0.9450000000000001,0.0,RulesOnly
0.9603333333333334,0.5,0.0,0.0,0.0,0.6500937757956359,0.09633045833830245,0.09633045833830245,0.0,0.0,1.0,0,0,5762,238,0.03798831254243851,238000,39.666666666666664,0.9550000000000001,0.0,RulesOnly
0.9603333333333334,0.5,0.0,0.0,0.0,0.6500937757956359,0.09633045833830245,0.09633045833830245,0.0,0.0,1.0,0,0,5762,238,0.03798831254243851,238000,39.666666666666664,0.965,0.0,RulesOnly
0.9603333333333334,0.5,0.0,0.0,0.0,0.6500937757956359,0.09633045833830245,0.09633045833830245,0.0,0.0,1.0,0,0,5762,238,0.03798831254243851,238000,39.666666666666664,0.975,0.0,RulesOnly
0.9603333333333334,0.5,0.0,0.0,0.0,0.6500937757956359,0.09633045833830245,0.09633045833830245,0.0,0.0,1.0,0,0,5762,238,0.03798831254243851,238000,39.666666666666664,0.985,0.0,RulesOnly
0.9603333333333334,0.5,0.0,0.0,0.0,0.6500937757956359,0.09633045833830245,0.09633045833830245,0.0,0.0,1.0,0,0,5762,238,0.03798831254243851,238000,39.666666666666664,0.995,0.0,RulesOnly
0.9603333333333334,0.5,0.0,0.0,0.0,0.6500937757956359,0.09633045833830245,0.09633045833830245,0.0,0.0,1.0,0,0,5762,238,0.03798831254243851,238000,39.666666666666664,1.000001,0.0,RulesOnly
0.03966666666666667,0.5,0.03966666666666667,1.0,0.07630650849631292,0.5986250105734763,0.06697832257552197,0.06697832257552197,0.0,1.0,0.0,238,5762,0,0,0.03818238101400564,115240,19.206666666666667,0.005,1.0,IsolationForest
0.03966666666666667,0.5,0.03966666666666667,1.0,0.07630650849631292,0.5986250105734763,0.06697832257552197,0.06697832257552197,0.0,1.0,0.0,238,5762,0,0,0.03818238101400564,115240,19.206666666666667,0.012847257258230868,1.0,IsolationForest
0.04,0.5001735508503992,0.039679893297765924,1.0,0.07633098139833226,0.5986250105734763,0.06697832257552197,0.06697832257552197,0.0037111936693132795,0.9996528982992017,0.0,238,5760,2,0,0.03818238101400564,115200,19.2,0.015,0.9996666666666667,IsolationForest
0.0465,0.49751559770037834,0.039475894506971275,0.9873949579831933,0.07591665320626716,0.5986250105734763,0.06697832257552197,0.06697832257552197,-0.011000442454362987,0.9923637625824366,0.012605042016806723,235,5718,44,3,0.03818238101400564,117360,19.56,0.025,0.9921666666666666,IsolationForest
0.0505,0.49557007808329856,0.039324894514767936,0.9789915966386554,0.07561252636702905,0.5986250105734763,0.06697832257552197,0.06697832257552197,-0.015564184250846743,0.9878514404720583,0.02100840336134454,233,5692,70,5,0.03818238101400564,118840,19.80666666666667,0.02685588091789829,0.9875,IsolationForest
0.062,0.49551538768926523,0.039316239316239315,0.9663865546218487,0.07555847568988174,0.5986250105734763,0.06697832257552197,0.06697832257552197,-0.011212602943990001,0.9753557792433183,0.03361344537815126,230,5620,142,8,0.03818238101400564,120400,20.066666666666666,0.029569823570983644,0.975,IsolationForest
0.07383333333333333,0.4976483130565659,0.039480519480519484,0.957983193277311,0.07583568933976385,0.5986250105734763,0.06697832257552197,0.06697832257552197,-0.0048318935265274365,0.9626865671641791,0.04201680672268908,228,5547,215,10,0.03818238101400564,120940,20.156666666666666,0.03200555197343535,0.9625,IsolationForest
0.08533333333333333,0.49759362266253254,0.039473684210526314,0.9453781512605042,0.07578309195015157,0.5986250105734763,0.06697832257552197,0.06697832257552197,-0.004309935540051358,0.9501909059354391,0.0546218487394958,225,5475,287,13,0.03818238101400564,122500,20.416666666666668,0.033870817020029705,0.95,IsolationForest
0.09633333333333334,0.5013067358147701,0.03977272727272727,0.9411764705882353,0.07632027257240204,0.5986250105734763,0.06697832257552197,0.06697832257552197,0.002125874698306766,0.9385629989586949,0.058823529411764705,224,5408,354,14,0.03818238101400564,122160,20.36,0.034999999999999996,0.9386666666666666,IsolationForest
0.0975,0.5019141637911673,0.039822222222222224,0.9411764705882353,0.07641139348456422,0.5986250105734763,0.06697832257552197,0.06697832257552197,0.0030867915353485344,0.9373481430059007,0.058823529411764705,224,5401,361,14,0.03818238101400564,122020,20.336666666666666,0.03512146256057529,0.9375,IsolationForest
0.11,0.508422320681136,0.04036036036036036,0.9411764705882353,0.0774015203870076,0.5986250105734763,0.06697832257552197,0.06697832257552197,0.012481998496790004,0.9243318292259632,0.058823529411764705,224,5326,436,14,0.03818238101400564,120520,20.086666666666666,0.036282986788476086,0.925,IsolationForest
0.12183333333333334,0.5105552460484367,0.040547945205479455,0.9327731092436975,0.07771748643444776,0.5986250105734763,0.06697832257552197,0.06697832257552197,0.014581484787712904,0.9116626171468241,0.06722689075630252,222,5253,509,16,0.03818238101400564,121060,20.176666666666666,0.03740453105607653,0.9125,IsolationForest
0.13433333333333333,0.5170634029384055,0.04111111111111111,0.9327731092436975,0.07875133025895707,0.5986250105734763,0.06697832257552197,0.06697832257552197,0.022202314103577953,0.8986463033668864,0.06722689075630252,222,5178,584,16,0.03818238101400564,119560,19.926666666666666,0.038394776166294324,0.9,IsolationForest
0.14583333333333334,0.5170087125443721,0.04112676056338028,0.9201680672268907,0.0787344957756606,0.5986250105734763,0.06697832257552197,0.06697832257552197,0.021011877012561384,0.8861506421381464,0.07983193277310924,219,5106,656,19,0.03818238101400564,121120,20.186666666666667,0.03912446993804025,0.8875,IsolationForest
0.157,0.5147664063890047,0.040952380952380955,0.9033613445378151,0.0783527696793003,0.5986250105734763,0.06697832257552197,0.06697832257552197,0.01742888620331482,0.8738285317598056,0.09663865546218488,215,5035,727,23,0.03818238101400564,123700,20.616666666666667,0.03984784888866106,0.875,IsolationForest
0.16883333333333334,0.5168993317563054,0.04115942028985507,0.8949579831932774,0.07869942730463698,0.5986250105734763,0.06697832257552197,0.06697832257552197,0.01915545541422517,0.8611593196806664,0.10504201680672269,213,4962,800,25,0.03818238101400564,124240,20.706666666666667,0.04060821320690823,0.8625,IsolationForest
0.181,0.5212198728849402,0.04156862745098039,0.8907563025210085,0.07943049831397525,0.5986250105734763,0.06697832257552197,0.06697832257552197,0.023197518854474745,0.848316556751128,0.1092436974789916,212,4888,874,26,0.03818238101400564,123760,20.626666666666665,0.04154325604413956,0.85,IsolationForest
0.19316666666666665,0.5255404140135749,0.041990049751243784,0.8865546218487395,0.08018240547216417,0.5986250105734763,0.06697832257552197,0.06697832257552197,0.027024812733653876,0.8354737938215897,0.1134453781512605,211,4814,948,27,0.03818238101400564,123280,20.546666666666667,0.042153972756285164,0.8375,IsolationForest
0.204,0.5211104920968734,0.041616161616161614,0.865546218487395,0.07941403238242095,0.5986250105734763,0.06697832257552197,0.06697832257552197,0.02168733606092547,0.823325234293648,0.13445378151260504,206,4744,1018,32,0.03818238101400564,126880,21.14666666666667,0.042837740953912996,0.825,IsolationForest
0.21583333333333332,0.5232434174641741,0.041846153846153845,0.8571428571428571,0.07979659690983766,0.5986250105734763,0.06697832257552197,0.06697832257552197,0.023245640249735366,0.8106560222145088,0.14285714285714285,204,4671,1091,34,0.03818238101400564,127420,21.236666666666668,0.043615388609977476,0.8125,IsolationForest
0.228,0.5275639585928089,0.042291666666666665,0.8529411764705882,0.08058753473600636,0.5986250105734763,0.06697832257552197,0.06697832257552197,0.026898957471642514,0.7978132592849705,0.14705882352941177,203,4597,1165,35,0.03818238101400564,126940,21.156666666666666,0.04414543467004641,0.8,IsolationForest
0.23883333333333334,0.5231340366761075,0.0419047619047619,0.8319327731092437,0.07979044932500504,0.5986250105734763,0.06697832257552197,0.06697832257552197,0.022074990335931088,0.7856646997570288,0.16806722689075632,198,4527,1235,40,0.03818238101400564,130540,21.756666666666668,0.04462175188630177,0.7875,IsolationForest
0.24833333333333332,0.5280802359124838,0.042416452442159386,0.8319327731092437,0.08071748878923768,0.5986250105734763,0.06697832257552197,0.06697832257552197,0.026374747901895392,0.7757723012842763,0.16806722689075632,198,4470,1292,40,0.03818238101400564,129400,21.566666666666666,0.045,0.778,IsolationForest
0.251,0.5274545778047421,0.04236559139784946,0.8277310924369747,0.08060556464811784,0.5986250105734763,0.06697832257552197,0.06697832257552197,0.025664127843509667,0.7728219368274905,0.1722689075630252,197,4453,1309,41,0.03818238101400564,130060,21.676666666666666,0.045118024230751154,0.775,IsolationForest
0.2628333333333333,0.5295875031720428,0.04262295081967213,0.819327731092437,0.08103054228132141,0.5986250105734763,0.06697832257552197,0.06697832257552197,0.02714003711815469,0.7601527247483513,0.18067226890756302,195,4380,1382,43,0.03818238101400564,130600,21.766666666666666,0.04552188570725713,0.7625,IsolationForest
0.27466666666666667,0.5317204285393435,0.042888888888888886,0.8109243697478992,0.0814689742507387,0.5986250105734763,0.06697832257552197,0.06697832257552197,0.028595142208128255,0.7474835126692121,0.18907563025210083,193,4307,1455,45,0.03818238101400564,131140,21.856666666666666,0.04593116519189553,0.75,IsolationForest
0.2861666666666667,0.5316657381453103,0.04293785310734463,0.7983193277310925,0.08149260132961612,0.5986250105734763,0.06697832257552197,0.06697832257552197,0.028092979398181485,0.7349878514404721,0.20168067226890757,190,4235,1527,48,0.03818238101400564,132700,22.116666666666667,0.04634332023044976,0.7375,IsolationForest
0.2976666666666667,0.5316110477512768,0.04298850574712643,0.7857142857142857,0.08151700087183958,0.5986250105734763,0.06697832257552197,0.06697832257552197,0.027634867803288766,0.722492190211732,0.21428571428571427,187,4163,1599,51,0.03818238101400564,134260,22.376666666666665,0.046856124273658484,0.725,IsolationForest
0.30916666666666665,0.5315563573572435,0.04304093567251462,0.773109243697479,0.08154221138931975,0.5986250105734763,0.06697832257552197,0.06697832257552197,0.02721631717321622,0.709996528982992,0.226890756302521,184,4091,1671,54,0.03818238101400564,135820,22.636666666666667,0.04738185463546831,0.7125,IsolationForest
0.32166666666666666,0.5380645142472122,0.04380952380952381,0.773109243697479,0.0829202343397927,0.5986250105734763,0.06697832257552197,0.06697832257552197,0.03242384356595732,0.6969802152030545,0.226890756302521,184,4016,1746,54,0.03818238101400564,134320,22.386666666666667,0.04788390268822121,0.7,IsolationForest
0.3338333333333333,0.542385055375847,0.04436363636363636,0.7689075630252101,0.08388723355489341,0.5986250105734763,0.06697832257552197,0.06697832257552197,0.035694823889610504,0.6841374522735162,0.23109243697478993,183,3942,1820,55,0.03818238101400564,133840,22.30666666666667,0.048340208152006695,0.6875,IsolationForest
0.3463333333333333,0.5488932122658158,0.04518518518518518,0.7689075630252101,0.08535447761194029,0.5986250105734763,0.06697832257552197,0.06697832257552197,0.04074823996718317,0.6711211384935786,0.23109243697478993,183,3867,1895,55,0.03818238101400564,132340,22.05666666666667,0.0487529700606793,0.675,IsolationForest
0.35783333333333334,0.5488385218717824,0.045283018867924525,0.7563025210084033,0.08544979824353192,0.5986250105734763,0.06697832257552197,0.06697832257552197,0.04031684436657473,0.6586254772648386,0.24369747899159663,180,3795,1967,58,0.03818238101400564,133900,22.316666666666666,0.04915724155970469,0.6625,IsolationForest
0.36933333333333335,0.548783831477749,0.045384615384615384,0.7436974789915967,0.08554857419043017,0.5986250105734763,0.06697832257552197,0.06697832257552197,0.03992446057635927,0.6461298160360985,0.25630252100840334,177,3723,2039,61,0.03818238101400564,135460,22.576666666666668,0.04957069967712988,0.65,IsolationForest
0.38116666666666665,0.5509167568450497,0.0457516339869281,0.7352941176470589,0.08614324390844204,0.5986250105734763,0.06697832257552197,0.06697832257552197,0.04134476084598205,0.6334606039569594,0.2647058823529412,175,3650,2112,63,0.03818238101400564,136000,22.666666666666668,0.05001611287702336,0.6375,IsolationForest
0.393,0.5530496822123504,0.04613333333333333,0.726890756302521,0.08676028084252757,0.5986250105734763,0.06697832257552197,0.06697832257552197,0.04277411127554397,0.6207913918778202,0.27310924369747897,173,3577,2185,65,0.03818238101400564,136540,22.756666666666668,0.05047840309990866,0.625,IsolationForest
0.4048333333333333,0.5551826075796511,0.04653061224489796,0.7184873949579832,0.08740097112190136,0.5986250105734763,0.06697832257552197,0.06697832257552197,0.044214749563064176,0.608122179798681,0.2815126050420168,171,3504,2258,67,0.03818238101400564,137080,22.846666666666668,0.050896530829585146,0.6125,IsolationForest
0.41633333333333333,0.5551279171856178,0.04666666666666667,0.7058823529411765,0.08754559666492966,0.5986250105734763,0.06697832257552197,0.06697832257552197,0.043925813612232856,0.595626518569941,0.29411764705882354,168,3432,2330,70,0.03818238101400564,138640,23.106666666666666,0.051383087178936256,0.6,IsolationForest
0.42883333333333334,0.5616360740755866,0.04765957446808511,0.7058823529411765,0.0892904597395695,0.5986250105734763,0.06697832257552197,0.06697832257552197,0.0488734398874957,0.5826102047900035,0.29411764705882354,168,3357,2405,70,0.03818238101400564,137140,22.856666666666666,0.05177974599979671,0.5875,IsolationForest
0.44033333333333335,0.5615813836815531,0.04782608695652174,0.6932773109243697,0.08947939262472887,0.5986250105734763,0.06697832257552197,0.06697832257552197,0.04862671216951657,0.5701145435612635,0.3067226890756303,165,3285,2477,73,0.03818238101400564,138700,23.116666666666667,0.0521920396684854,0.575,IsolationForest
0.45116666666666666,0.5571514617648518,0.047407407407407405,0.6722689075630253,0.088569056185995,0.5986250105734763,0.06697832257552197,0.06697832257552197,0.044970829833244415,0.5579659840333218,0.3277310924369748,160,3215,2547,78,0.03818238101400564,142300,23.716666666666665,0.05256173212356043,0.5625,IsolationForest
0.46366666666666667,0.5636596186548205,0.048484848484848485,0.6722689075630253,0.09044657998869418,0.5986250105734763,0.06697832257552197,0.06697832257552197,0.04994940069818772,0.5449496702533843,0.3277310924369748,160,3140,2622,78,0.03818238101400564,140800,23.466666666666665,0.05300063764812962,0.55,IsolationForest
0.47483333333333333,0.561417312499453,0.04837209302325581,0.6554621848739496,0.09009529309846953,0.5986250105734763,0.06697832257552197,0.06697832257552197,0.048083885753111906,0.5326275598750434,0.3445378151260504,156,3069,2693,82,0.03818238101400564,143380,23.89666666666667,0.05345613586266336,0.5375,IsolationForest
0.486,0.5591750063440857,0.04825396825396826,0.6386554621848739,0.08972845336481701,0.5986250105734763,0.06697832257552197,0.06697832257552197,0.046255747906026656,0.5203054494967025,0.36134453781512604,152,2998,2764,86,0.03818238101400564,145960,24.326666666666668,0.05388087076530149,0.525,IsolationForest
0.49783333333333335,0.5613079317113864,0.04878048780487805,0.6302521008403361,0.09055236945366736,0.5986250105734763,0.06697832257552197,0.06697832257552197,0.047878029819210854,0.5076362374175634,0.3697478991596639,150,2925,2837,88,0.03818238101400564,146500,24.416666666666668,0.05437600853788643,0.5125,IsolationForest
0.5096666666666667,0.5634408570786871,0.04933333333333333,0.6218487394957983,0.09141445336627547,0.5986250105734763,0.06697832257552197,0.06697832257552197,0.04952823915413543,0.4949670253384242,0.37815126050420167,148,2852,2910,90,0.03818238101400564,147040,24.506666666666668,0.054766075704376686,0.5,IsolationForest
0.5148333333333334,0.5641168303489393,0.04954499494438827,0.6176470588235294,0.09173166926677068,0.5986250105734763,0.06697832257552197,0.06697832257552197,0.05005899974277853,0.4894133981256508,0.38235294117647056,147,2820,2942,91,0.03818238101400564,147400,24.566666666666666,0.055,0.4945,IsolationForest
0.5211666666666667,0.5633861666846537,0.04957264957264957,0.6092436974789915,0.09168510907366423,0.5986250105734763,0.06697832257552197,0.06697832257552197,0.04950101388087902,0.48247136410968416,0.3907563025210084,145,2780,2982,93,0.03818238101400564,148600,24.766666666666666,0.05525474460863977,0.4875,IsolationForest
0.5333333333333333,0.5677067078132885,0.05052631578947368,0.6050420168067226,0.09326424870466321,0.5986250105734763,0.06697832257552197,0.06697832257552197,0.05292478364848521,0.46962860118014577,0.3949579831932773,144,2706,3056,94,0.03818238101400564,148120,24.686666666666667,0.0558438986894792,0.475,IsolationForest
0.5448333333333333,0.5676520174192551,0.05081081081081081,0.592436974789916,0.09359442416196483,0.5986250105734763,0.06697832257552197,0.06697832257552197,0.052965063826001274,0.45713293995140575,0.40756302521008403,141,2634,3128,97,0.03818238101400564,149680,24.946666666666665,0.05630783109109437,0.4625,IsolationForest
0.5563333333333333,0.5675973270252217,0.051111111111111114,0.5798319327731093,0.09394145677331518,0.5986250105734763,0.06697832257552197,0.06697832257552197,0.053039054349622014,0.44463727872266573,0.42016806722689076,138,2562,3200,100,0.03818238101400564,151240,25.206666666666667,0.05671064963831834,0.45,IsolationForest
0.5681666666666667,0.5697302523925224,0.05180952380952381,0.5714285714285714,0.095005239259518,0.5986250105734763,0.06697832257552197,0.06697832257552197,0.05486871582525036,0.43196806664352655,0.42857142857142855,136,2489,3273,102,0.03818238101400564,151780,25.296666666666667,0.057206274814878486,0.4375,IsolationForest
0.5801666666666667,0.5739640180959575,0.052920423363386905,0.5672268907563025,0.09680889207601291,0.5986250105734763,0.06697832257552197,0.06697832257552197,0.05840146894480376,0.41929885456438737,0.4327731092436975,135,2416,3346,103,0.03818238101400564,151320,25.22,0.05760016383619987,0.4251666666666667,IsolationForest
0.5928333333333333,0.5805589504111259,0.05454545454545454,0.5672268907563025,0.09952082565425728,0.5986250105734763,0.06697832257552197,0.06697832257552197,0.06387806295854584,0.4061089899340507,0.4327731092436975,135,2340,3422,103,0.03818238101400564,149800,24.966666666666665,0.05804548661302375,0.4125,IsolationForest
0.6046666666666667,0.5826918757784266,0.05541666666666667,0.5588235294117647,0.10083396512509478,0.5986250105734763,0.06697832257552197,0.06697832257552197,0.06588872041834928,0.39343977785491147,0.4411764705882353,133,2267,3495,105,0.03818238101400564,150340,25.05666666666667,0.05853498889644881,0.4,IsolationForest
0.6155,0.5782619538617252,0.055053763440860215,0.5378151260504201,0.0998829496683574,0.5986250105734763,0.06697832257552197,0.06697832257552197,0.06270694412759646,0.3812912183269698,0.46218487394957986,128,2197,3565,110,0.03818238101400564,153940,25.656666666666666,0.059216810962805864,0.3875,IsolationForest
0.628,0.5847701107516939,0.05688888888888889,0.5378151260504201,0.10289389067524116,0.5986250105734763,0.06697832257552197,0.06697832257552197,0.06835038399700326,0.36827490454703227,0.46218487394957986,128,2122,3640,110,0.03818238101400564,152440,25.406666666666666,0.05970928588339865,0.375,IsolationForest
0.6391666666666667,0.5825278045963266,0.057011494252873565,0.5210084033613446,0.1027766266058848,0.5986250105734763,0.06697832257552197,0.06697832257552197,0.06701315157528133,0.3559527941686914,0.4789915966386555,124,2051,3711,114,0.03818238101400564,155020,25.836666666666666,0.06022518040215181,0.3625,IsolationForest
0.651,0.5846607299636273,0.058095238095238096,0.5126050420168067,0.10436270316509838,0.5986250105734763,0.06697832257552197,0.06697832257552197,0.06928594727825577,0.34328358208955223,0.48739495798319327,122,1978,3784,116,0.03818238101400564,155560,25.926666666666666,0.060781775356065396,0.35,IsolationForest
0.6625,0.5846060395695939,0.05876543209876543,0.5,0.10517012814847548,0.5986250105734763,0.06697832257552197,0.06697832257552197,0.06984340227893741,0.3307879208608122,0.5,119,1906,3856,119,0.03818238101400564,157120,26.186666666666667,0.06133412664595606,0.3375,IsolationForest
0.6726666666666666,0.5758008861302244,0.057435897435897436,0.47058823529411764,0.10237659963436929,0.5986250105734763,0.06697832257552197,0.06697832257552197,0.06317344585516317,0.31898646303366884,0.5294117647058824,112,1838,3924,126,0.03818238101400564,162760,27.126666666666665,0.061897902153898704,0.325,IsolationForest
0.6841666666666667,0.575746195736191,0.058133333333333335,0.4579831932773109,0.10317084713677237,0.5986250105734763,0.06697832257552197,0.06697832257552197,0.06379010462852974,0.3064908018049288,0.542016806722689,109,1766,3996,129,0.03818238101400564,164320,27.386666666666667,0.06249581134409834,0.3125,IsolationForest
0.6963333333333334,0.5800667368648258,0.06,0.453781512605042,0.10598626104023552,0.5986250105734763,0.06697832257552197,0.06697832257552197,0.06820187784563436,0.2936480388753905,0.5462184873949579,108,1692,4070,130,0.03818238101400564,163840,27.30666666666667,0.06312932134145782,0.3,IsolationForest
0.7085,0.5843872779934605,0.06202898550724638,0.4495798319327731,0.10901681100356597,0.5986250105734763,0.06697832257552197,0.06697832257552197,0.07278124332456261,0.28080527594585214,0.5504201680672269,107,1618,4144,131,0.03818238101400564,163360,27.226666666666667,0.06372080556725926,0.2875,IsolationForest
0.7203333333333334,0.5865202033607612,0.06363636363636363,0.4411764705882353,0.11122881355932203,0.5986250105734763,0.06697832257552197,0.06697832257552197,0.07563730253426094,0.26813606386671296,0.5588235294117647,105,1545,4217,133,0.03818238101400564,163900,27.316666666666666,0.06442869665334033,0.275,IsolationForest
0.7291666666666666,0.5870911710744693,0.06465787821720025,0.4327731092436975,0.11250682687056253,0.5986250105734763,0.06697832257552197,0.06697832257552197,0.07698388399426297,0.25859076709475876,0.5672268907563025,103,1490,4272,135,0.03818238101400564,164800,27.466666666666665,0.065,0.2655,IsolationForest
0.7321666666666666,0.5886531287280619,0.0653968253968254,0.4327731092436975,0.1136238279095422,0.5986250105734763,0.06697832257552197,0.06697832257552197,0.07865063834965835,0.2554668517875738,0.5672268907563025,103,1472,4290,135,0.03818238101400564,164440,27.406666666666666,0.06516308096697998,0.2625,IsolationForest
0.7415,0.5753859683408247,0.0626249167221852,0.3949579831932773,0.10810810810810809,0.5986250105734763,0.06697832257552197,0.06697832257552197,0.06794340005191137,0.2441860465116279,0.6050420168067226,94,1407,4355,144,0.03818238101400564,172140,28.69,0.06604343279882326,0.25016666666666665,IsolationForest
0.7538333333333334,0.579793284894659,0.06526315789473684,0.3907563025210084,0.11184606133493687,0.5986250105734763,0.06697832257552197,0.06697832257552197,0.07319281729276837,0.2311697327316904,0.6092436974789915,93,1332,4430,145,0.03818238101400564,171640,28.606666666666666,0.06674837294416097,0.2375,IsolationForest
0.766,0.5841138260232938,0.06814814814814815,0.3865546218487395,0.11586901763224183,0.5986250105734763,0.06697832257552197,0.06697832257552197,0.07862834387115113,0.21832696980215202,0.6134453781512605,92,1258,4504,146,0.03818238101400564,171160,28.526666666666667,0.06748031165188265,0.225,IsolationForest
0.7773333333333333,0.5839723602040607,0.06974921630094044,0.3739495798319328,0.11756935270805813,0.5986250105734763,0.06697832257552197,0.06697832257552197,0.08010528677757986,0.20600485942381117,0.6260504201680672,89,1187,4575,149,0.03818238101400564,172740,28.79,0.06824667700582195,0.21266666666666667,IsolationForest
0.789,0.584004445235227,0.07166666666666667,0.36134453781512604,0.1196105702364395,0.5986250105734763,0.06697832257552197,0.06697832257552197,0.08197777515167243,0.19333564734467198,0.6386554621848739,86,1114,4648,152,0.03818238101400564,174280,29.046666666666667,0.06914541424997901,0.2,IsolationForest
0.7985,0.5708240602731894,0.06844444444444445,0.3235294117647059,0.11298606016140865,0.5986250105734763,0.06697832257552197,0.06697832257552197,0.07083083323154658,0.18188129121832697,0.6764705882352942,77,1048,4714,161,0.03818238101400564,181960,30.326666666666668,0.07011058224295609,0.1875,IsolationForest
0.8103333333333333,0.5729569856404901,0.07142857142857142,0.31512605042016806,0.11645962732919254,0.5986250105734763,0.06697832257552197,0.06697832257552197,0.07495053446962327,0.1692120791391878,0.6848739495798319,75,975,4787,163,0.03818238101400564,182500,30.416666666666668,0.07119051060319483,0.175,IsolationForest
0.8215,0.5707146794851228,0.07282051282051281,0.29831932773109243,0.11706512778235778,0.5986250105734763,0.06697832257552197,0.06697832257552197,0.07482458857519157,0.15688996876084693,0.7016806722689075,71,904,4858,167,0.03818238101400564,185080,30.846666666666668,0.07235079964112527,0.1625,IsolationForest
0.8326666666666667,0.5684723733297554,0.07444444444444444,0.2815126050420168,0.11775043936731107,0.5986250105734763,0.06697832257552197,0.06697832257552197,0.07485384949949067,0.14456785838250608,0.7184873949579832,67,833,4929,171,0.03818238101400564,187660,31.276666666666667,0.07330660792051587,0.15,IsolationForest
0.8438333333333333,0.566230067174388,0.07636363636363637,0.2647058823529412,0.11853245531514582,0.5986250105734763,0.06697832257552197,0.06697832257552197,0.07507202752953618,0.13224574800416522,0.7352941176470589,63,762,5000,175,0.03818238101400564,190240,31.706666666666667,0.07448120649942164,0.1375,IsolationForest
0.847,0.5638506704313103,0.07605985037406483,0.25630252100840334,0.1173076923076923,0.5986250105734763,0.06697832257552197,0.06697832257552197,0.07324285102501749,0.1286011801457827,0.7436974789915967,61,741,5021,177,0.03818238101400564,191820,31.97,0.07500000000000001,0.13366666666666666,IsolationForest
0.855,0.5639877610190206,0.07866666666666666,0.24789915966386555,0.11943319838056679,0.5986250105734763,0.06697832257552197,0.06697832257552197,0.07552517354769755,0.11992363762582436,0.7521008403361344,59,691,5071,179,0.03818238101400564,192820,32.13666666666666,0.07587240526995315,0.125,IsolationForest
0.8668333333333333,0.5661206863863213,0.08444444444444445,0.23949579831932774,0.1248630887185104,0.5986250105734763,0.06697832257552197,0.06697832257552197,0.08168282735751355,0.10725442554668518,0.7605042016806722,57,618,5144,181,0.03818238101400564,193360,32.22666666666667,0.07748292693554736,0.1125,IsolationForest
0.8753333333333333,0.5463774541402816,0.075,0.18907563025210083,0.10739856801909306,0.5986250105734763,0.06697832257552197,0.06697832257552197,0.06034475115331444,0.09632072197153765,0.8109243697478992,45,555,5207,193,0.03818238101400564,204100,34.016666666666666,0.07933087544779156,0.1,IsolationForest
0.8858333333333334,0.5397599164622462,0.07428571428571429,0.1638655462184874,0.10222804718217564,0.5986250105734763,0.06697832257552197,0.06697832257552197,0.05492611109154032,0.08434571329399514,0.8361344537815126,39,486,5276,199,0.03818238101400564,208720,34.78666666666667,0.08182750571593053,0.0875,IsolationForest
0.897,0.5375176103068787,0.07777777777777778,0.14705882352941177,0.10174418604651163,0.5986250105734763,0.06697832257552197,0.06697832257552197,0.05560162966751911,0.07202360291565428,0.8529411764705882,35,415,5347,203,0.03818238101400564,211300,35.21666666666667,0.08370113311822695,0.075,IsolationForest
0.9023333333333333,0.5282100344476561,0.07142857142857142,0.12184873949579832,0.09006211180124224,0.5986250105734763,0.06697832257552197,0.06697832257552197,0.043841405621690664,0.06542867060048595,0.8781512605042017,29,377,5385,209,0.03818238101400564,216540,36.09,0.085,0.06766666666666667,IsolationForest
0.9068333333333334,0.5265248411061751,0.072,0.1134453781512605,0.08809135399673736,0.5986250105734763,0.06697832257552197,0.06697832257552197,0.04277411127554397,0.0603956959389101,0.8865546218487395,27,348,5414,211,0.03818238101400564,217960,36.32666666666667,0.0861740587205801,0.0625,IsolationForest
0.9183333333333333,0.5264701507121419,0.08,0.10084033613445378,0.08921933085501858,0.5986250105734763,0.06697832257552197,0.06697832257552197,0.04740929094056493,0.04790003471017008,0.8991596638655462,24,276,5486,214,0.03818238101400564,219520,36.586666666666666,0.08916906103010247,0.05,IsolationForest
0.9298333333333333,0.5264154603181085,0.09333333333333334,0.08823529411764706,0.09071274298056156,0.5986250105734763,0.06697832257552197,0.06697832257552197,0.054274524960761676,0.03540437348143006,0.9117647058823529,21,204,5558,217,0.03818238101400564,221080,36.846666666666664,0.0938901479778762,0.0375,IsolationForest
0.9321666666666667,0.5215881215380981,0.08780487804878048,0.07563025210084033,0.08126410835214447,0.5986250105734763,0.06697832257552197,0.06697832257552197,0.0463891382502092,0.03245400902464422,0.9243697478991597,18,187,5575,220,0.03818238101400564,223740,37.29,0.095,0.034166666666666665,IsolationForest
0.939,0.5110474595947369,0.07333333333333333,0.046218487394957986,0.05670103092783505,0.5986250105734763,0.06697832257552197,0.06697832257552197,0.02762129017909732,0.024123568205484208,0.9537815126050421,11,139,5623,227,0.03818238101400564,229780,38.29666666666667,0.10002907852439662,0.025,IsolationForest
0.9455,0.510403571355651,0.08411214953271028,0.037815126050420166,0.052173913043478265,0.5986250105734763,0.06697832257552197,0.06697832257552197,0.030685092868537055,0.017007983339118363,0.9621848739495799,9,98,5664,229,0.03818238101400564,230960,38.49333333333333,0.10500000000000001,0.017833333333333333,IsolationForest
0.9508333333333333,0.5131803849620376,0.12,0.037815126050420166,0.05750798722044728,0.5986250105734763,0.06697832257552197,0.06697832257552197,0.046308251906840306,0.011454356126345018,0.9621848739495799,9,66,5696,229,0.03818238101400564,230320,38.38666666666666,0.11039314203346272,0.0125,IsolationForest
0.9531666666666667,0.510367111092962,0.12280701754385964,0.029411764705882353,0.04745762711864407,0.5986250105734763,0.06697832257552197,0.06697832257552197,0.04171791170704462,0.008677542519958347,0.9705882352941176,7,50,5712,231,0.03818238101400564,232000,38.666666666666664,0.115,0.0095,IsolationForest
0.9566666666666667,0.5121893950221532,0.19444444444444445,0.029411764705882353,0.0510948905109489,0.5986250105734763,0.06697832257552197,0.06697832257552197,0.06161226644286129,0.005032974661575842,0.9705882352941176,7,29,5733,231,0.03818238101400564,231580,38.596666666666664,0.125,0.006,IsolationForest
0.9586666666666667,0.5092025703026785,0.25,0.02100840336134454,0.03875968992248063,0.5986250105734763,0.06697832257552197,0.06697832257552197,0.06232304373124372,0.0026032627559875042,0.9789915966386554,5,15,5747,233,0.03818238101400564,233300,38.88333333333333,0.135,0.0033333333333333335,IsolationForest
0.9598333333333333,0.5077959333681408,0.36363636363636365,0.01680672268907563,0.0321285140562249,0.5986250105734763,0.06697832257552197,0.06697832257552197,0.07113768377948336,0.0012148559527941688,0.9831932773109243,4,7,5755,234,0.03818238101400564,234140,39.02333333333333,0.14500000000000002,0.0018333333333333333,IsolationForest
0.9595,0.501580187784937,0.14285714285714285,0.004201680672268907,0.008163265306122448,0.5986250105734763,0.06697832257552197,0.06697832257552197,0.018069354678689854,0.0010413051023950017,0.9957983193277311,1,6,5756,237,0.03818238101400564,237120,39.52,0.155,0.0011666666666666668,IsolationForest
0.96,0.49982644914960084,0.0,0.0,0.0,0.5986250105734763,0.06697832257552197,0.06697832257552197,-0.0037111936693132795,0.0003471017007983339,1.0,0,2,5760,238,0.03818238101400564,238040,39.67333333333333,0.165,0.0003333333333333333,IsolationForest
0.9601666666666666,0.4999132245748004,0.0,0.0,0.0,0.5986250105734763,0.06697832257552197,0.06697832257552197,-0.0026239914801147713,0.00017355085039916696,1.0,0,1,5761,238,0.03818238101400564,238020,39.67,0.17500000000000002,0.00016666666666666666,IsolationForest
0.9601666666666666,0.4999132245748004,0.0,0.0,0.0,0.5986250105734763,0.06697832257552197,0.06697832257552197,-0.0026239914801147713,0.00017355085039916696,1.0,0,1,5761,238,0.03818238101400564,238020,39.67,0.185,0.00016666666666666666,IsolationForest
0.9601666666666666,0.4999132245748004,0.0,0.0,0.0,0.5986250105734763,0.06697832257552197,0.06697832257552197,-0.0026239914801147713,0.00017355085039916696,1.0,0,1,5761,238,0.03818238101400564,238020,39.67,0.19144495446645213,0.00016666666666666666,IsolationForest
0.9603333333333334,0.5,0.0,0.0,0.0,0.5986250105734763,0.06697832257552197,0.06697832257552197,0.0,0.0,1.0,0,0,5762,238,0.03818238101400564,238000,39.666666666666664,0.195,0.0,IsolationForest
0.9603333333333334,0.5,0.0,0.0,0.0,0.5986250105734763,0.06697832257552197,0.06697832257552197,0.0,0.0,1.0,0,0,5762,238,0.03818238101400564,238000,39.666666666666664,0.20500000000000002,0.0,IsolationForest
0.9603333333333334,0.5,0.0,0.0,0.0,0.5986250105734763,0.06697832257552197,0.06697832257552197,0.0,0.0,1.0,0,0,5762,238,0.03818238101400564,238000,39.666666666666664,0.215,0.0,IsolationForest
0.9603333333333334,0.5,0.0,0.0,0.0,0.5986250105734763,0.06697832257552197,0.06697832257552197,0.0,0.0,1.0,0,0,5762,238,0.03818238101400564,238000,39.666666666666664,0.225,0.0,IsolationForest
0.9603333333333334,0.5,0.0,0.0,0.0,0.5986250105734763,0.06697832257552197,0.06697832257552197,0.0,0.0,1.0,0,0,5762,238,0.03818238101400564,238000,39.666666666666664,0.23500000000000001,0.0,IsolationForest
0.9603333333333334,0.5,0.0,0.0,0.0,0.5986250105734763,0.06697832257552197,0.06697832257552197,0.0,0.0,1.0,0,0,5762,238,0.03818238101400564,238000,39.666666666666664,0.245,0.0,IsolationForest
0.9603333333333334,0.5,0.0,0.0,0.0,0.5986250105734763,0.06697832257552197,0.06697832257552197,0.0,0.0,1.0,0,0,5762,238,0.03818238101400564,238000,39.666666666666664,0.255,0.0,IsolationForest
0.9603333333333334,0.5,0.0,0.0,0.0,0.5986250105734763,0.06697832257552197,0.06697832257552197,0.0,0.0,1.0,0,0,5762,238,0.03818238101400564,238000,39.666666666666664,0.265,0.0,IsolationForest
0.9603333333333334,0.5,0.0,0.0,0.0,0.5986250105734763,0.06697832257552197,0.06697832257552197,0.0,0.0,1.0,0,0,5762,238,0.03818238101400564,238000,39.666666666666664,0.275,0.0,IsolationForest
0.9603333333333334,0.5,0.0,0.0,0.0,0.5986250105734763,0.06697832257552197,0.06697832257552197,0.0,0.0,1.0,0,0,5762,238,0.03818238101400564,238000,39.666666666666664,0.28500000000000003,0.0,IsolationForest
0.9603333333333334,0.5,0.0,0.0,0.0,0.5986250105734763,0.06697832257552197,0.06697832257552197,0.0,0.0,1.0,0,0,5762,238,0.03818238101400564,238000,39.666666666666664,0.295,0.0,IsolationForest
0.9603333333333334,0.5,0.0,0.0,0.0,0.5986250105734763,0.06697832257552197,0.06697832257552197,0.0,0.0,1.0,0,0,5762,238,0.03818238101400564,238000,39.666666666666664,0.305,0.0,IsolationForest
0.9603333333333334,0.5,0.0,0.0,0.0,0.5986250105734763,0.06697832257552197,0.06697832257552197,0.0,0.0,1.0,0,0,5762,238,0.03818238101400564,238000,39.666666666666664,0.315,0.0,IsolationForest
0.9603333333333334,0.5,0.0,0.0,0.0,0.5986250105734763,0.06697832257552197,0.06697832257552197,0.0,0.0,1.0,0,0,5762,238,0.03818238101400564,238000,39.666666666666664,0.325,0.0,IsolationForest
0.9603333333333334,0.5,0.0,0.0,0.0,0.5986250105734763,0.06697832257552197,0.06697832257552197,0.0,0.0,1.0,0,0,5762,238,0.03818238101400564,238000,39.666666666666664,0.335,0.0,IsolationForest
0.9603333333333334,0.5,0.0,0.0,0.0,0.5986250105734763,0.06697832257552197,0.06697832257552197,0.0,0.0,1.0,0,0,5762,238,0.03818238101400564,238000,39.666666666666664,0.34500000000000003,0.0,IsolationForest
0.9603333333333334,0.5,0.0,0.0,0.0,0.5986250105734763,0.06697832257552197,0.06697832257552197,0.0,0.0,1.0,0,0,5762,238,0.03818238101400564,238000,39.666666666666664,0.35500000000000004,0.0,IsolationForest
0.9603333333333334,0.5,0.0,0.0,0.0,0.5986250105734763,0.06697832257552197,0.06697832257552197,0.0,0.0,1.0,0,0,5762,238,0.03818238101400564,238000,39.666666666666664,0.365,0.0,IsolationForest
0.9603333333333334,0.5,0.0,0.0,0.0,0.5986250105734763,0.06697832257552197,0.06697832257552197,0.0,0.0,1.0,0,0,5762,238,0.03818238101400564,238000,39.666666666666664,0.375,0.0,IsolationForest
0.9603333333333334,0.5,0.0,0.0,0.0,0.5986250105734763,0.06697832257552197,0.06697832257552197,0.0,0.0,1.0,0,0,5762,238,0.03818238101400564,238000,39.666666666666664,0.385,0.0,IsolationForest
0.9603333333333334,0.5,0.0,0.0,0.0,0.5986250105734763,0.06697832257552197,0.06697832257552197,0.0,0.0,1.0,0,0,5762,238,0.03818238101400564,238000,39.666666666666664,0.395,0.0,IsolationForest
0.9603333333333334,0.5,0.0,0.0,0.0,0.5986250105734763,0.06697832257552197,0.06697832257552197,0.0,0.0,1.0,0,0,5762,238,0.03818238101400564,238000,39.666666666666664,0.405,0.0,IsolationForest
0.9603333333333334,0.5,0.0,0.0,0.0,0.5986250105734763,0.06697832257552197,0.06697832257552197,0.0,0.0,1.0,0,0,5762,238,0.03818238101400564,238000,39.666666666666664,0.41500000000000004,0.0,IsolationForest
0.9603333333333334,0.5,0.0,0.0,0.0,0.5986250105734763,0.06697832257552197,0.06697832257552197,0.0,0.0,1.0,0,0,5762,238,0.03818238101400564,238000,39.666666666666664,0.425,0.0,IsolationForest
0.9603333333333334,0.5,0.0,0.0,0.0,0.5986250105734763,0.06697832257552197,0.06697832257552197,0.0,0.0,1.0,0,0,5762,238,0.03818238101400564,238000,39.666666666666664,0.435,0.0,IsolationForest
0.9603333333333334,0.5,0.0,0.0,0.0,0.5986250105734763,0.06697832257552197,0.06697832257552197,0.0,0.0,1.0,0,0,5762,238,0.03818238101400564,238000,39.666666666666664,0.445,0.0,IsolationForest
0.9603333333333334,0.5,0.0,0.0,0.0,0.5986250105734763,0.06697832257552197,0.06697832257552197,0.0,0.0,1.0,0,0,5762,238,0.03818238101400564,238000,39.666666666666664,0.455,0.0,IsolationForest
0.9603333333333334,0.5,0.0,0.0,0.0,0.5986250105734763,0.06697832257552197,0.06697832257552197,0.0,0.0,1.0,0,0,5762,238,0.03818238101400564,238000,39.666666666666664,0.465,0.0,IsolationForest
0.9603333333333334,0.5,0.0,0.0,0.0,0.5986250105734763,0.06697832257552197,0.06697832257552197,0.0,0.0,1.0,0,0,5762,238,0.03818238101400564,238000,39.666666666666664,0.47500000000000003,0.0,IsolationForest
0.9603333333333334,0.5,0.0,0.0,0.0,0.5986250105734763,0.06697832257552197,0.06697832257552197,0.0,0.0,1.0,0,0,5762,238,0.03818238101400564,238000,39.666666666666664,0.485,0.0,IsolationForest
0.9603333333333334,0.5,0.0,0.0,0.0,0.5986250105734763,0.06697832257552197,0.06697832257552197,0.0,0.0,1.0,0,0,5762,238,0.03818238101400564,238000,39.666666666666664,0.495,0.0,IsolationForest
0.9603333333333334,0.5,0.0,0.0,0.0,0.5986250105734763,0.06697832257552197,0.06697832257552197,0.0,0.0,1.0,0,0,5762,238,0.03818238101400564,238000,39.666666666666664,0.505,0.0,IsolationForest
0.9603333333333334,0.5,0.0,0.0,0.0,0.5986250105734763,0.06697832257552197,0.06697832257552197,0.0,0.0,1.0,0,0,5762,238,0.03818238101400564,238000,39.666666666666664,0.515,0.0,IsolationForest
0.9603333333333334,0.5,0.0,0.0,0.0,0.5986250105734763,0.06697832257552197,0.06697832257552197,0.0,0.0,1.0,0,0,5762,238,0.03818238101400564,238000,39.666666666666664,0.525,0.0,IsolationForest
0.9603333333333334,0.5,0.0,0.0,0.0,0.5986250105734763,0.06697832257552197,0.06697832257552197,0.0,0.0,1.0,0,0,5762,238,0.03818238101400564,238000,39.666666666666664,0.535,0.0,IsolationForest
0.9603333333333334,0.5,0.0,0.0,0.0,0.5986250105734763,0.06697832257552197,0.06697832257552197,0.0,0.0,1.0,0,0,5762,238,0.03818238101400564,238000,39.666666666666664,0.545,0.0,IsolationForest
0.9603333333333334,0.5,0.0,0.0,0.0,0.5986250105734763,0.06697832257552197,0.06697832257552197,0.0,0.0,1.0,0,0,5762,238,0.03818238101400564,238000,39.666666666666664,0.555,0.0,IsolationForest
0.9603333333333334,0.5,0.0,0.0,0.0,0.5986250105734763,0.06697832257552197,0.06697832257552197,0.0,0.0,1.0,0,0,5762,238,0.03818238101400564,238000,39.666666666666664,0.5650000000000001,0.0,IsolationForest
0.9603333333333334,0.5,0.0,0.0,0.0,0.5986250105734763,0.06697832257552197,0.06697832257552197,0.0,0.0,1.0,0,0,5762,238,0.03818238101400564,238000,39.666666666666664,0.5750000000000001,0.0,IsolationForest
0.9603333333333334,0.5,0.0,0.0,0.0,0.5986250105734763,0.06697832257552197,0.06697832257552197,0.0,0.0,1.0,0,0,5762,238,0.03818238101400564,238000,39.666666666666664,0.585,0.0,IsolationForest
0.9603333333333334,0.5,0.0,0.0,0.0,0.5986250105734763,0.06697832257552197,0.06697832257552197,0.0,0.0,1.0,0,0,5762,238,0.03818238101400564,238000,39.666666666666664,0.595,0.0,IsolationForest
0.9603333333333334,0.5,0.0,0.0,0.0,0.5986250105734763,0.06697832257552197,0.06697832257552197,0.0,0.0,1.0,0,0,5762,238,0.03818238101400564,238000,39.666666666666664,0.605,0.0,IsolationForest
0.9603333333333334,0.5,0.0,0.0,0.0,0.5986250105734763,0.06697832257552197,0.06697832257552197,0.0,0.0,1.0,0,0,5762,238,0.03818238101400564,238000,39.666666666666664,0.615,0.0,IsolationForest
0.9603333333333334,0.5,0.0,0.0,0.0,0.5986250105734763,0.06697832257552197,0.06697832257552197,0.0,0.0,1.0,0,0,5762,238,0.03818238101400564,238000,39.666666666666664,0.625,0.0,IsolationForest
0.9603333333333334,0.5,0.0,0.0,0.0,0.5986250105734763,0.06697832257552197,0.06697832257552197,0.0,0.0,1.0,0,0,5762,238,0.03818238101400564,238000,39.666666666666664,0.635,0.0,IsolationForest
0.9603333333333334,0.5,0.0,0.0,0.0,0.5986250105734763,0.06697832257552197,0.06697832257552197,0.0,0.0,1.0,0,0,5762,238,0.03818238101400564,238000,39.666666666666664,0.645,0.0,IsolationForest
0.9603333333333334,0.5,0.0,0.0,0.0,0.5986250105734763,0.06697832257552197,0.06697832257552197,0.0,0.0,1.0,0,0,5762,238,0.03818238101400564,238000,39.666666666666664,0.655,0.0,IsolationForest
0.9603333333333334,0.5,0.0,0.0,0.0,0.5986250105734763,0.06697832257552197,0.06697832257552197,0.0,0.0,1.0,0,0,5762,238,0.03818238101400564,238000,39.666666666666664,0.665,0.0,IsolationForest
0.9603333333333334,0.5,0.0,0.0,0.0,0.5986250105734763,0.06697832257552197,0.06697832257552197,0.0,0.0,1.0,0,0,5762,238,0.03818238101400564,238000,39.666666666666664,0.675,0.0,IsolationForest
0.9603333333333334,0.5,0.0,0.0,0.0,0.5986250105734763,0.06697832257552197,0.06697832257552197,0.0,0.0,1.0,0,0,5762,238,0.03818238101400564,238000,39.666666666666664,0.685,0.0,IsolationForest
0.9603333333333334,0.5,0.0,0.0,0.0,0.5986250105734763,0.06697832257552197,0.06697832257552197,0.0,0.0,1.0,0,0,5762,238,0.03818238101400564,238000,39.666666666666664,0.6950000000000001,0.0,IsolationForest
0.9603333333333334,0.5,0.0,0.0,0.0,0.5986250105734763,0.06697832257552197,0.06697832257552197,0.0,0.0,1.0,0,0,5762,238,0.03818238101400564,238000,39.666666666666664,0.7050000000000001,0.0,IsolationForest
0.9603333333333334,0.5,0.0,0.0,0.0,0.5986250105734763,0.06697832257552197,0.06697832257552197,0.0,0.0,1.0,0,0,5762,238,0.03818238101400564,238000,39.666666666666664,0.715,0.0,IsolationForest
0.9603333333333334,0.5,0.0,0.0,0.0,0.5986250105734763,0.06697832257552197,0.06697832257552197,0.0,0.0,1.0,0,0,5762,238,0.03818238101400564,238000,39.666666666666664,0.725,0.0,IsolationForest
0.9603333333333334,0.5,0.0,0.0,0.0,0.5986250105734763,0.06697832257552197,0.06697832257552197,0.0,0.0,1.0,0,0,5762,238,0.03818238101400564,238000,39.666666666666664,0.735,0.0,IsolationForest
0.9603333333333334,0.5,0.0,0.0,0.0,0.5986250105734763,0.06697832257552197,0.06697832257552197,0.0,0.0,1.0,0,0,5762,238,0.03818238101400564,238000,39.666666666666664,0.745,0.0,IsolationForest
0.9603333333333334,0.5,0.0,0.0,0.0,0.5986250105734763,0.06697832257552197,0.06697832257552197,0.0,0.0,1.0,0,0,5762,238,0.03818238101400564,238000,39.666666666666664,0.755,0.0,IsolationForest
0.9603333333333334,0.5,0.0,0.0,0.0,0.5986250105734763,0.06697832257552197,0.06697832257552197,0.0,0.0,1.0,0,0,5762,238,0.03818238101400564,238000,39.666666666666664,0.765,0.0,IsolationForest
0.9603333333333334,0.5,0.0,0.0,0.0,0.5986250105734763,0.06697832257552197,0.06697832257552197,0.0,0.0,1.0,0,0,5762,238,0.03818238101400564,238000,39.666666666666664,0.775,0.0,IsolationForest
0.9603333333333334,0.5,0.0,0.0,0.0,0.5986250105734763,0.06697832257552197,0.06697832257552197,0.0,0.0,1.0,0,0,5762,238,0.03818238101400564,238000,39.666666666666664,0.785,0.0,IsolationForest
0.9603333333333334,0.5,0.0,0.0,0.0,0.5986250105734763,0.06697832257552197,0.06697832257552197,0.0,0.0,1.0,0,0,5762,238,0.03818238101400564,238000,39.666666666666664,0.795,0.0,IsolationForest
0.9603333333333334,0.5,0.0,0.0,0.0,0.5986250105734763,0.06697832257552197,0.06697832257552197,0.0,0.0,1.0,0,0,5762,238,0.03818238101400564,238000,39.666666666666664,0.805,0.0,IsolationForest
0.9603333333333334,0.5,0.0,0.0,0.0,0.5986250105734763,0.06697832257552197,0.06697832257552197,0.0,0.0,1.0,0,0,5762,238,0.03818238101400564,238000,39.666666666666664,0.8150000000000001,0.0,IsolationForest
0.9603333333333334,0.5,0.0,0.0,0.0,0.5986250105734763,0.06697832257552197,0.06697832257552197,0.0,0.0,1.0,0,0,5762,238,0.03818238101400564,238000,39.666666666666664,0.8250000000000001,0.0,IsolationForest
0.9603333333333334,0.5,0.0,0.0,0.0,0.5986250105734763,0.06697832257552197,0.06697832257552197,0.0,0.0,1.0,0,0,5762,238,0.03818238101400564,238000,39.666666666666664,0.8350000000000001,0.0,IsolationForest
0.9603333333333334,0.5,0.0,0.0,0.0,0.5986250105734763,0.06697832257552197,0.06697832257552197,0.0,0.0,1.0,0,0,5762,238,0.03818238101400564,238000,39.666666666666664,0.845,0.0,IsolationForest
0.9603333333333334,0.5,0.0,0.0,0.0,0.5986250105734763,0.06697832257552197,0.06697832257552197,0.0,0.0,1.0,0,0,5762,238,0.03818238101400564,238000,39.666666666666664,0.855,0.0,IsolationForest
0.9603333333333334,0.5,0.0,0.0,0.0,0.5986250105734763,0.06697832257552197,0.06697832257552197,0.0,0.0,1.0,0,0,5762,238,0.03818238101400564,238000,39.666666666666664,0.865,0.0,IsolationForest
0.9603333333333334,0.5,0.0,0.0,0.0,0.5986250105734763,0.06697832257552197,0.06697832257552197,0.0,0.0,1.0,0,0,5762,238,0.03818238101400564,238000,39.666666666666664,0.875,0.0,IsolationForest
0.9603333333333334,0.5,0.0,0.0,0.0,0.5986250105734763,0.06697832257552197,0.06697832257552197,0.0,0.0,1.0,0,0,5762,238,0.03818238101400564,238000,39.666666666666664,0.885,0.0,IsolationForest
0.9603333333333334,0.5,0.0,0.0,0.0,0.5986250105734763,0.06697832257552197,0.06697832257552197,0.0,0.0,1.0,0,0,5762,238,0.03818238101400564,238000,39.666666666666664,0.895,0.0,IsolationForest
0.9603333333333334,0.5,0.0,0.0,0.0,0.5986250105734763,0.06697832257552197,0.06697832257552197,0.0,0.0,1.0,0,0,5762,238,0.03818238101400564,238000,39.666666666666664,0.905,0.0,IsolationForest
0.9603333333333334,0.5,0.0,0.0,0.0,0.5986250105734763,0.06697832257552197,0.06697832257552197,0.0,0.0,1.0,0,0,5762,238,0.03818238101400564,238000,39.666666666666664,0.915,0.0,IsolationForest
0.9603333333333334,0.5,0.0,0.0,0.0,0.5986250105734763,0.06697832257552197,0.06697832257552197,0.0,0.0,1.0,0,0,5762,238,0.03818238101400564,238000,39.666666666666664,0.925,0.0,IsolationForest
0.9603333333333334,0.5,0.0,0.0,0.0,0.5986250105734763,0.06697832257552197,0.06697832257552197,0.0,0.0,1.0,0,0,5762,238,0.03818238101400564,238000,39.666666666666664,0.935,0.0,IsolationForest
0.9603333333333334,0.5,0.0,0.0,0.0,0.5986250105734763,0.06697832257552197,0.06697832257552197,0.0,0.0,1.0,0,0,5762,238,0.03818238101400564,238000,39.666666666666664,0.9450000000000001,0.0,IsolationForest
0.9603333333333334,0.5,0.0,0.0,0.0,0.5986250105734763,0.06697832257552197,0.06697832257552197,0.0,0.0,1.0,0,0,5762,238,0.03818238101400564,238000,39.666666666666664,0.9550000000000001,0.0,IsolationForest
0.9603333333333334,0.5,0.0,0.0,0.0,0.5986250105734763,0.06697832257552197,0.06697832257552197,0.0,0.0,1.0,0,0,5762,238,0.03818238101400564,238000,39.666666666666664,0.965,0.0,IsolationForest
0.9603333333333334,0.5,0.0,0.0,0.0,0.5986250105734763,0.06697832257552197,0.06697832257552197,0.0,0.0,1.0,0,0,5762,238,0.03818238101400564,238000,39.666666666666664,0.975,0.0,IsolationForest
0.9603333333333334,0.5,0.0,0.0,0.0,0.5986250105734763,0.06697832257552197,0.06697832257552197,0.0,0.0,1.0,0,0,5762,238,0.03818238101400564,238000,39.666666666666664,0.985,0.0,IsolationForest
0.9603333333333334,0.5,0.0,0.0,0.0,0.5986250105734763,0.06697832257552197,0.06697832257552197,0.0,0.0,1.0,0,0,5762,238,0.03818238101400564,238000,39.666666666666664,0.995,0.0,IsolationForest
0.9603333333333334,0.5,0.0,0.0,0.0,0.5986250105734763,0.06697832257552197,0.06697832257552197,0.0,0.0,1.0,0,0,5762,238,0.03818238101400564,238000,39.666666666666664,1.000001,0.0,IsolationForest
0.03966666666666667,0.5,0.03966666666666667,1.0,0.07630650849631292,0.7608527617919781,0.17900008918228177,0.17900008918228177,0.0,1.0,0.0,238,5762,0,0,0.03564962034810667,115240,19.206666666666667,0.00497612532459422,1.0,Hybrid_RulesSupervised
0.03983333333333333,0.5000867754251996,0.039673278879813305,1.0,0.07631874298540965,0.7608527617919781,0.17900008918228177,0.17900008918228177,0.0026239914801147713,0.9998264491496008,0.0,238,5761,1,0,0.03564962034810667,115220,19.203333333333333,0.005,0.9998333333333334,Hybrid_RulesSupervised
0.05216666666666667,0.5065081568899688,0.040168776371308015,1.0,0.07723511276975498,0.7608527617919781,0.17900008918228177,0.17900008918228177,0.022865900319145215,0.9869836862200625,0.0,238,5687,75,0,0.03564962034810667,113740,18.956666666666667,0.006971831014939033,0.9875,Hybrid_RulesSupervised
0.06366666666666666,0.5064534664959355,0.040170940170940174,0.9873949579831933,0.07720105124835742,0.7608527617919781,0.17900008918228177,0.17900008918228177,0.016135209114522195,0.9744880249913225,0.012605042016806723,235,5615,147,3,0.03564962034810667,115300,19.216666666666665,0.007523011164699896,0.975,Hybrid_RulesSupervised
0.07583333333333334,0.5107740076245701,0.04051948051948052,0.9831932773109243,0.07783136537502079,0.7608527617919781,0.17900008918228177,0.17900008918228177,0.02213681452850942,0.9616452620617841,0.01680672268907563,234,5541,221,4,0.03564962034810667,114820,19.136666666666667,0.00803415574470888,0.9625,Hybrid_RulesSupervised
0.088,0.5150945487532048,0.04087719298245614,0.9789915966386554,0.07847760188615695,0.7608527617919781,0.17900008918228177,0.17900008918228177,0.0270350502057767,0.9488024991322458,0.02100840336134454,233,5467,295,5,0.03564962034810667,114340,19.05666666666667,0.00852650572775363,0.95,Hybrid_RulesSupervised
0.10016666666666667,0.5194150898818396,0.041244444444444445,0.9747899159663865,0.07914037182329865,0.7608527617919781,0.17900008918228177,0.17900008918228177,0.03130888557282085,0.9359597362027074,0.025210084033613446,232,5393,369,6,0.03564962034810667,113860,18.976666666666667,0.00890513324225723,0.9375,Hybrid_RulesSupervised
0.11266666666666666,0.5259232467718084,0.041801801801801805,0.9747899159663865,0.08016586040082932,0.7608527617919781,0.17900008918228177,0.17900008918228177,0.03841861874986014,0.9229434224227698,0.025210084033613446,232,5318,444,6,0.03564962034810667,112360,18.726666666666667,0.00916164970836657,0.925,Hybrid_RulesSupervised
0.12516666666666668,0.5324314036617771,0.04237442922374429,0.9747899159663865,0.08121827411167512,0.7608527617919781,0.17900008918228177,0.17900008918228177,0.044802178648257786,0.9099271086428323,0.025210084033613446,232,5243,519,6,0.03564962034810667,110860,18.476666666666667,0.009489731636867107,0.9125,Hybrid_RulesSupervised
0.13733333333333334,0.5367519447904118,0.042777777777777776,0.9705882352941176,0.08194395175594182,0.7608527617919781,0.17900008918228177,0.17900008918228177,0.04782036883847559,0.897084345713294,0.029411764705882353,231,5169,593,7,0.03564962034810667,110380,18.39666666666667,0.009810673178551253,0.9,Hybrid_RulesSupervised
0.14883333333333335,0.5366972543963785,0.0428169014084507,0.957983193277311,0.08197015998561927,0.7608527617919781,0.17900008918228177,0.17900008918228177,0.04533430699494755,0.884588684484554,0.04201680672268908,228,5097,665,10,0.03564962034810667,111940,18.656666666666666,0.010132339395855786,0.8875,Hybrid_RulesSupervised
0.161,0.5410177955250133,0.043238095238095235,0.9537815126050421,0.08272594752186589,0.7608527617919781,0.17900008918228177,0.17900008918228177,0.04841357278698562,0.8717459215550156,0.046218487394957986,227,5023,739,11,0.03564962034810667,111460,18.576666666666668,0.010364514724416494,0.875,Hybrid_RulesSupervised
0.17316666666666666,0.545338336653648,0.043671497584541065,0.9495798319327731,0.0835026787363754,0.7608527617919781,0.17900008918228177,0.17900008918228177,0.051391173263406684,0.8589031586254773,0.05042016806722689,226,4949,813,12,0.03564962034810667,110980,18.496666666666666,0.010633616954920686,0.8625,Hybrid_RulesSupervised
0.18533333333333332,0.5496588777822826,0.04411764705882353,0.9453781512605042,0.08430123641813414,0.7608527617919781,0.17900008918228177,0.17900008918228177,0.05428697711304914,0.8460603956959389,0.0546218487394958,225,4875,887,13,0.03564962034810667,110500,18.416666666666668,0.010893571160510268,0.85,Hybrid_RulesSupervised
0.19716666666666666,0.5517918031495833,0.04437810945273632,0.9369747899159664,0.08474254227626829,0.7608527617919781,0.17900008918228177,0.17900008918228177,0.054801922181520815,0.8333911836167998,0.06302521008403361,223,4802,960,15,0.03564962034810667,111040,18.506666666666668,0.011110276016148253,0.8375,Hybrid_RulesSupervised
0.209,0.553924728516884,0.04464646464646465,0.9285714285714286,0.08519660755589824,0.7608527617919781,0.17900008918228177,0.17900008918228177,0.055398221129721543,0.8207219715376606,0.07142857142857142,221,4729,1033,17,0.03564962034810667,111580,18.596666666666668,0.011419435586377527,0.825,Hybrid_RulesSupervised
0.2215,0.5604328854068528,0.04533333333333334,0.9285714285714286,0.08644631331899082,0.7608527617919781,0.17900008918228177,0.17900008918228177,0.06043866464931195,0.807705657757723,0.07142857142857142,221,4654,1108,17,0.03564962034810667,110080,18.346666666666668,0.011699508467986949,0.8125,Hybrid_RulesSupervised
0.23333333333333334,0.5625658107741535,0.045625,0.9201680672268907,0.08693926161175068,0.7608527617919781,0.17900008918228177,0.17900008918228177,0.06105636378483936,0.7950364456785838,0.07983193277310924,219,4581,1181,19,0.03564962034810667,110620,18.436666666666667,0.011944777544655312,0.8,Hybrid_RulesSupervised
0.24583333333333332,0.5690739676641222,0.04634920634920635,0.9201680672268907,0.08825307273826315,0.7608527617919781,0.17900008918228177,0.17900008918228177,0.06591185057749636,0.7820201318986463,0.07983193277310924,219,4506,1256,19,0.03564962034810667,109120,18.186666666666667,0.012173651513465647,0.7875,Hybrid_RulesSupervised
0.25833333333333336,0.575582124554091,0.04709677419354839,0.9201680672268907,0.08960720130932898,0.7608527617919781,0.17900008918228177,0.17900008918228177,0.07065303721061825,0.7690038181187088,0.07983193277310924,219,4431,1331,19,0.03564962034810667,107620,17.936666666666667,0.012398037755602088,0.775,Hybrid_RulesSupervised
0.27016666666666667,0.5777150499213917,0.04743169398907104,0.9117647058823529,0.09017244961562436,0.7608527617919781,0.17900008918228177,0.17900008918228177,0.07128649305896084,0.7563346060395696,0.08823529411764706,217,4358,1404,21,0.03564962034810667,108160,18.026666666666667,0.012692579712048378,0.7625,Hybrid_RulesSupervised
0.2823333333333333,0.5820355910500263,0.048,0.907563025210084,0.09117771211481637,0.7608527617919781,0.17900008918228177,0.17900008918228177,0.07395295398653859,0.7434918431100312,0.09243697478991597,216,4284,1478,22,0.03564962034810667,107680,17.946666666666665,0.012919306270520764,0.75,Hybrid_RulesSupervised
0.2945,0.5863561321786611,0.04858757062146893,0.9033613445378151,0.09221531203088142,0.7608527617919781,0.17900008918228177,0.17900008918228177,0.07661280564719959,0.7306490801804929,0.09663865546218488,215,4210,1552,23,0.03564962034810667,107200,17.866666666666667,0.01317052693231399,0.7375,Hybrid_RulesSupervised
0.306,0.5863014417846277,0.04873563218390804,0.8907563025210085,0.09241499564080208,0.7608527617919781,0.17900008918228177,0.17900008918228177,0.07544605777437659,0.7181534189517529,0.1092436974789916,212,4138,1624,26,0.03564962034810667,108760,18.126666666666665,0.013464619761721126,0.725,Hybrid_RulesSupervised
0.3185,0.5928095986745966,0.0495906432748538,0.8907563025210085,0.093950808774651,0.7608527617919781,0.17900008918228177,0.17900008918228177,0.08004521705883523,0.7051371051718154,0.1092436974789916,212,4063,1699,26,0.03564962034810667,107260,17.876666666666665,0.013746880211875258,0.7125,Hybrid_RulesSupervised
0.331,0.5993177555645653,0.05047619047619047,0.8907563025210085,0.09553853086976115,0.7608527617919781,0.17900008918228177,0.17900008918228177,0.084600143557153,0.6921207913918778,0.1092436974789916,212,3988,1774,26,0.03564962034810667,105760,17.626666666666665,0.01404129011770884,0.7,Hybrid_RulesSupervised
0.3428333333333333,0.6014506809318659,0.05090909090909091,0.8823529411764706,0.0962640385056154,0.7608527617919781,0.17900008918228177,0.17900008918228177,0.08543728814868064,0.6794515793127386,0.11764705882352941,210,3915,1847,28,0.03564962034810667,106300,17.716666666666665,0.014367834553146205,0.6875,Hybrid_RulesSupervised
0.355,0.6057712220605007,0.051604938271604936,0.8781512605042017,0.09748134328358209,0.7608527617919781,0.17900008918228177,0.17900008918228177,0.08815111420193764,0.6666088163832002,0.12184873949579832,209,3841,1921,29,0.03564962034810667,105820,17.636666666666667,0.014684918610779977,0.675,Hybrid_RulesSupervised
0.367,0.6100049877639359,0.052313883299798795,0.8739495798319328,0.09871855719031798,0.7608527617919781,0.17900008918228177,0.17900008918228177,0.09082157651530046,0.6539396043040611,0.12605042016806722,208,3768,1994,30,0.03564962034810667,105360,17.56,0.015,0.6626666666666666,Hybrid_RulesSupervised
0.36716666666666664,0.6100917631891354,0.052327044025157234,0.8739495798319328,0.09874198908141468,0.7608527617919781,0.17900008918228177,0.17900008918228177,0.09088220348254752,0.6537660534536619,0.12605042016806722,208,3767,1995,30,0.03564962034810667,105340,17.55666666666667,0.015010501388852201,0.6625,Hybrid_RulesSupervised
0.379,0.6122246885564362,0.05282051282051282,0.865546218487395,0.09956500724987916,0.7608527617919781,0.17900008918228177,0.17900008918228177,0.09184416267117625,0.6410968413745227,0.13445378151260504,206,3694,2068,32,0.03564962034810667,105880,17.64666666666667,0.01534550619849538,0.65,Hybrid_RulesSupervised
0.39116666666666666,0.6165452296850709,0.05359477124183006,0.8613445378151261,0.10091065714988924,0.7608527617919781,0.17900008918228177,0.17900008918228177,0.09463553744660338,0.6282540784449844,0.13865546218487396,205,3620,2142,33,0.03564962034810667,105400,17.566666666666666,0.015677343778199734,0.6375,Hybrid_RulesSupervised
0.4033333333333333,0.6208657708137055,0.0544,0.8571428571428571,0.10230692076228685,0.7608527617919781,0.17900008918228177,0.17900008918228177,0.09745441847314658,0.615411315515446,0.14285714285714285,204,3546,2216,34,0.03564962034810667,104920,17.486666666666668,0.015991733580139805,0.625,Hybrid_RulesSupervised
0.4155,0.6251863119423402,0.05523809523809524,0.8529411764705882,0.10375670840787121,0.7608527617919781,0.17900008918228177,0.17900008918228177,0.10030481838439435,0.6025685525859077,0.14705882352941177,203,3472,2290,35,0.03564962034810667,104440,17.406666666666666,0.016408789783273973,0.6125,Hybrid_RulesSupervised
0.42766666666666664,0.629506853070975,0.05611111111111111,0.8487394957983193,0.10526315789473684,0.7608527617919781,0.17900008918228177,0.17900008918228177,0.1031908002319121,0.5897257896563693,0.15126050420168066,202,3398,2364,36,0.03564962034810667,103960,17.326666666666668,0.016832680993354155,0.6,Hybrid_RulesSupervised
0.43916666666666665,0.6294521626769417,0.05645390070921986,0.8361344537815126,0.1057666755248472,0.7608527617919781,0.17900008918228177,0.17900008918228177,0.1026472335525309,0.5772301284276293,0.1638655462184874,199,3326,2436,39,0.03564962034810667,105520,17.586666666666666,0.017223144878289028,0.5875,Hybrid_RulesSupervised
0.45166666666666666,0.6359603195669105,0.057681159420289854,0.8361344537815126,0.1079175704989154,0.7608527617919781,0.17900008918228177,0.17900008918228177,0.10735879791600195,0.5642138146476918,0.1638655462184874,199,3251,2511,39,0.03564962034810667,104020,17.336666666666666,0.017637599558047133,0.575,Hybrid_RulesSupervised
0.4635,0.638093244934211,0.05837037037037037,0.8277310924369747,0.10905065042900636,0.7608527617919781,0.17900008918228177,0.17900008918228177,0.1086615744774566,0.5515446025685525,0.1722689075630252,197,3178,2584,41,0.03564962034810667,104560,17.426666666666666,0.018139793253114513,0.5625,Hybrid_RulesSupervised
0.4756666666666667,0.6424137860628458,0.059393939393939395,0.8235294117647058,0.11079706048615036,0.7608527617919781,0.17900008918228177,0.17900008918228177,0.11174247372687357,0.5387018396390142,0.17647058823529413,196,3104,2658,42,0.03564962034810667,104080,17.346666666666668,0.018510285488121263,0.55,Hybrid_RulesSupervised
0.4875,0.6445467114301465,0.06015503875968992,0.8151260504201681,0.11204158244296851,0.7608527617919781,0.17900008918228177,0.17900008918228177,0.11316626005830345,0.526032627559875,0.18487394957983194,194,3031,2731,44,0.03564962034810667,104620,17.436666666666667,0.01897946908016428,0.5375,Hybrid_RulesSupervised
0.49966666666666665,0.6488672525587813,0.06126984126984127,0.8109243697478992,0.11393152302243212,0.7608527617919781,0.17900008918228177,0.17900008918228177,0.11636612366007815,0.5131898646303367,0.18907563025210083,193,2957,2805,45,0.03564962034810667,104140,17.356666666666666,0.019509644051511656,0.525,Hybrid_RulesSupervised
0.5121666666666667,0.6553754094487501,0.06276422764227642,0.8109243697478992,0.11651071536371868,0.7608527617919781,0.17900008918228177,0.17900008918228177,0.1213394136631383,0.5001735508503992,0.18907563025210083,193,2882,2880,45,0.03564962034810667,102640,17.106666666666666,0.020002813092743547,0.5125,Hybrid_RulesSupervised
0.5246666666666666,0.6618835663387188,0.06433333333333334,0.8109243697478992,0.11920938851142682,0.7608527617919781,0.17900008918228177,0.17900008918228177,0.12638240335882833,0.48715723707046166,0.18907563025210083,193,2807,2955,45,0.03564962034810667,101140,16.856666666666666,0.020492315574822124,0.5,Hybrid_RulesSupervised
0.5371666666666667,0.6683917232286876,0.06598290598290599,0.8109243697478992,0.12203604173253242,0.7608527617919781,0.17900008918228177,0.17900008918228177,0.13150441910200733,0.4741409232905241,0.18907563025210083,193,2732,3030,45,0.03564962034810667,99640,16.606666666666666,0.02112600991783661,0.4875,Hybrid_RulesSupervised
0.5493333333333333,0.6727122643573222,0.06736842105263158,0.8067226890756303,0.12435233160621763,0.7608527617919781,0.17900008918228177,0.17900008918228177,0.13500522355566744,0.46129816036098575,0.19327731092436976,192,2658,3104,46,0.03564962034810667,99160,16.526666666666667,0.021708811069955678,0.475,Hybrid_RulesSupervised
0.5615,0.6770328054859569,0.06882882882882883,0.8025210084033614,0.12678393627613674,0.7608527617919781,0.17900008918228177,0.17900008918228177,0.13859976685914804,0.4484553974314474,0.19747899159663865,191,2584,3178,47,0.03564962034810667,98680,16.446666666666665,0.02246715123166051,0.4625,Hybrid_RulesSupervised
0.5736666666666667,0.6813533466145918,0.07037037037037037,0.7983193277310925,0.12933968686181074,0.7608527617919781,0.17900008918228177,0.17900008918228177,0.14229571539105712,0.43561263450190907,0.20168067226890757,190,2510,3252,48,0.03564962034810667,98200,16.366666666666667,0.02324991063994954,0.45,Hybrid_RulesSupervised
0.5858333333333333,0.6856738877432265,0.072,0.7941176470588235,0.13202933985330073,0.7608527617919781,0.17900008918228177,0.17900008918228177,0.14610140409939215,0.4227698715723707,0.20588235294117646,189,2436,3326,49,0.03564962034810667,97720,16.286666666666665,0.023893911425107522,0.4375,Hybrid_RulesSupervised
0.598,0.6899944288718611,0.07372549019607844,0.7899159663865546,0.13486370157819227,0.7608527617919781,0.17900008918228177,0.17900008918228177,0.15002593079653692,0.4099271086428323,0.21008403361344538,188,2362,3400,50,0.03564962034810667,97240,16.206666666666667,0.02460655950893241,0.425,Hybrid_RulesSupervised
0.6041666666666666,0.6911910546933109,0.07447232178414974,0.7857142857142857,0.13604947253546743,0.7608527617919781,0.17900008918228177,0.17900008918228177,0.15128603091882564,0.403332176327664,0.21428571428571427,187,2324,3438,51,0.03564962034810667,97480,16.246666666666666,0.025,0.4185,Hybrid_RulesSupervised
0.6101666666666666,0.6943149700004958,0.07555555555555556,0.7857142857142857,0.13785477331367488,0.7608527617919781,0.17900008918228177,0.17900008918228177,0.15407926523537907,0.397084345713294,0.21428571428571427,187,2288,3474,51,0.03564962034810667,96760,16.126666666666665,0.02539370948116766,0.4125,Hybrid_RulesSupervised
0.622,0.6964478953677966,0.07708333333333334,0.7773109243697479,0.14025777103866566,0.7608527617919781,0.17900008918228177,0.17900008918228177,0.15652928818962342,0.3844151336341548,0.22268907563025211,185,2215,3547,53,0.03564962034810667,97300,16.216666666666665,0.026197037956739208,0.4,Hybrid_RulesSupervised
0.6338333333333334,0.6985808207350972,0.07870967741935483,0.7689075630252101,0.1428014046039797,0.7608527617919781,0.17900008918228177,0.17900008918228177,0.1591117499142577,0.3717459215550156,0.23109243697478993,183,2142,3620,55,0.03564962034810667,97840,16.30666666666667,0.026958715809634024,0.3875,Hybrid_RulesSupervised
0.6456666666666667,0.7007137461023979,0.08044444444444444,0.7605042016806722,0.1454983922829582,0.7608527617919781,0.17900008918228177,0.17900008918228177,0.1618360704961303,0.35907670947587644,0.23949579831932774,181,2069,3693,57,0.03564962034810667,98380,16.39666666666667,0.027977332373288123,0.375,Hybrid_RulesSupervised
0.6581666666666667,0.7072219029923666,0.0832183908045977,0.7605042016806722,0.15002072109407374,0.7608527617919781,0.17900008918228177,0.17900008918228177,0.16826562711646184,0.3460603956959389,0.23949579831932774,181,1994,3768,57,0.03564962034810667,96880,16.14666666666667,0.029073777706522367,0.3625,Hybrid_RulesSupervised
0.6696666666666666,0.7071672125983333,0.08476190476190476,0.7478991596638656,0.15226689478186484,0.7608527617919781,0.17900008918228177,0.17900008918228177,0.16954468235790235,0.33356473446719886,0.25210084033613445,178,1922,3840,60,0.03564962034810667,98440,16.406666666666666,0.030151398656014468,0.35,Hybrid_RulesSupervised
0.6811666666666667,0.7071125222043,0.08641975308641975,0.7352941176470589,0.15466195315952277,0.7608527617919781,0.17900008918228177,0.17900008918228177,0.17097412051088298,0.32106907323845885,0.2647058823529412,175,1850,3912,63,0.03564962034810667,100000,16.666666666666668,0.0312092065015726,0.3375,Hybrid_RulesSupervised
0.693,0.7092454475716006,0.08871794871794872,0.726890756302521,0.1581352833638026,0.7608527617919781,0.17900008918228177,0.17900008918228177,0.17438788155977944,0.30839986115931967,0.27310924369747897,173,1777,3985,65,0.03564962034810667,100540,16.756666666666668,0.03257440564410961,0.325,Hybrid_RulesSupervised
0.7045,0.7091907571775673,0.09066666666666667,0.7142857142857143,0.1609086606720303,0.7608527617919781,0.17900008918228177,0.17900008918228177,0.1761712275842067,0.29590419993057965,0.2857142857142857,170,1705,4057,68,0.03564962034810667,102100,17.016666666666666,0.03386138111840243,0.3125,Hybrid_RulesSupervised
0.7131666666666666,0.7096749494660759,0.09235843870258384,0.7058823529411765,0.16334467671366065,0.7608527617919781,0.17900008918228177,0.17900008918228177,0.17807182713704367,0.28653245400902466,0.29411764705882354,168,1651,4111,70,0.03564962034810667,103020,17.17,0.034999999999999996,0.30316666666666664,Hybrid_RulesSupervised
0.7163333333333334,0.711323682544868,0.09333333333333334,0.7058823529411765,0.16486751717369968,0.7608527617919781,0.17900008918228177,0.17900008918228177,0.18000823496962512,0.28323498785144047,0.29411764705882354,168,1632,4130,70,0.03564962034810667,102640,17.106666666666666,0.03525230665323448,0.3,Hybrid_RulesSupervised
0.7278333333333333,0.7112689921508346,0.09565217391304348,0.6932773109243697,0.16811003565970456,0.7608527617919781,0.17900008918228177,0.17900008918228177,0.1822125359447734,0.27073932662270045,0.3067226890756303,165,1560,4202,73,0.03564962034810667,104200,17.366666666666667,0.03670803577521443,0.2875,Hybrid_RulesSupervised
0.7393333333333333,0.7112143017568013,0.09818181818181818,0.680672268907563,0.17161016949152544,0.7608527617919781,0.17900008918228177,0.17900008918228177,0.18464681566834118,0.25824366539396043,0.31932773109243695,162,1488,4274,76,0.03564962034810667,105760,17.626666666666665,0.0385867502796711,0.275,Hybrid_RulesSupervised
0.7505,0.7089719956014339,0.10031746031746032,0.6638655462184874,0.17429674572531714,0.7608527617919781,0.17900008918228177,0.17900008918228177,0.18539425609749818,0.24592155501561958,0.33613445378151263,158,1417,4345,80,0.03564962034810667,108340,18.05666666666667,0.04019946468923581,0.2625,Hybrid_RulesSupervised
0.762,0.7089173052074006,0.10333333333333333,0.6512605042016807,0.17836593785960872,0.7608527617919781,0.17900008918228177,0.17900008918228177,0.1883335228190516,0.23342589378687956,0.3487394957983193,155,1345,4417,83,0.03564962034810667,109900,18.316666666666666,0.04225178236769598,0.25,Hybrid_RulesSupervised
0.7721666666666667,0.7061543465008356,0.10552061495457722,0.634453781512605,0.18094667465548234,0.7608527617919781,0.17900008918228177,0.17900008918228177,0.18882835121185967,0.2221450885109337,0.36554621848739494,151,1280,4482,87,0.03564962034810667,112600,18.766666666666666,0.045,0.2385,Hybrid_RulesSupervised
0.7731666666666667,0.7066749990520331,0.10596491228070175,0.634453781512605,0.18159951894167167,0.7608527617919781,0.17900008918228177,0.17900008918228177,0.18957892840943913,0.2211037834085387,0.36554621848739494,151,1274,4488,87,0.03564962034810667,112480,18.746666666666666,0.04518084619342523,0.2375,Hybrid_RulesSupervised
0.785,0.7088079244193339,0.11037037037037037,0.6260504201680672,0.1876574307304786,0.7608527617919781,0.17900008918228177,0.17900008918228177,0.1951905181404779,0.20843457132939952,0.3739495798319328,149,1201,4561,89,0.03564962034810667,113020,18.836666666666666,0.04753153639544415,0.225,Hybrid_RulesSupervised
0.7965,0.7087532340253005,0.11450980392156863,0.6134453781512605,0.1929940515532056,0.7608527617919781,0.17900008918228177,0.17900008918228177,0.19919678040720792,0.1959389101006595,0.3865546218487395,146,1129,4633,92,0.03564962034810667,114580,19.096666666666668,0.05091737778966184,0.2125,Hybrid_RulesSupervised
0.807,0.702135696347265,0.11666666666666667,0.5882352941176471,0.19471488178025034,0.7608527617919781,0.17900008918228177,0.17900008918228177,0.19725902145871177,0.18396390142311697,0.4117647058823529,140,1060,4702,98,0.03564962034810667,119200,19.866666666666667,0.05475941967208473,0.2,Hybrid_RulesSupervised
0.808,0.7026563488984625,0.11725293132328309,0.5882352941176471,0.19553072625698326,0.7608527617919781,0.17900008918228177,0.17900008918228177,0.1981395939145014,0.18292259632072197,0.4117647058823529,140,1054,4708,98,0.03564962034810667,119080,19.846666666666668,0.055,0.199,Hybrid_RulesSupervised
0.8188333333333333,0.7042686217145657,0.12266666666666666,0.5798319327731093,0.20249449743213496,0.7608527617919781,0.17900008918228177,0.17900008918228177,0.20428815607708609,0.1712946893439778,0.42016806722689076,138,987,4775,100,0.03564962034810667,119740,19.956666666666667,0.059993255646111306,0.1875,Hybrid_RulesSupervised
0.8285,0.6992312718214673,0.12582781456953643,0.5588235294117647,0.20540540540540544,0.7608527617919781,0.17900008918228177,0.17900008918228177,0.2041407987072426,0.16036098576883026,0.4411764705882353,133,924,4838,105,0.03564962034810667,123480,20.58,0.065,0.17616666666666667,Hybrid_RulesSupervised
0.8293333333333334,0.6976510840365302,0.12571428571428572,0.5546218487394958,0.20496894409937894,0.7608527617919781,0.17900008918228177,0.17900008918228177,0.20305189773104834,0.15931968066643526,0.44537815126050423,132,918,4844,106,0.03564962034810667,124360,20.726666666666667,0.06536276129466986,0.175,Hybrid_RulesSupervised
0.8401666666666666,0.6932211621198288,0.13025641025641024,0.5336134453781513,0.20939818631492169,0.7608527617919781,0.17900008918228177,0.17900008918228177,0.20445109933190395,0.14717112113849357,0.46638655462184875,127,848,4914,111,0.03564962034810667,127960,21.326666666666668,0.07019145145515612,0.1625,Hybrid_RulesSupervised
0.8473333333333334,0.6868821808487365,0.13232104121475055,0.5126050420168067,0.21034482758620693,0.7608527617919781,0.17900008918228177,0.17900008918228177,0.20228383839016797,0.13884068031933355,0.48739495798319327,122,800,4962,116,0.03564962034810667,132000,22.0,0.07500000000000001,0.15366666666666667,Hybrid_RulesSupervised
0.8503333333333334,0.6844160086804594,0.13333333333333333,0.5042016806722689,0.210896309314587,0.7608527617919781,0.17900008918228177,0.17900008918228177,0.20160317932290936,0.13536966331135022,0.4957983193277311,120,780,4982,118,0.03564962034810667,133600,22.266666666666666,0.07682440225558294,0.15,Hybrid_RulesSupervised
0.8615,0.6821737025250919,0.1406060606060606,0.48739495798319327,0.21825023518344308,0.7608527617919781,0.17900008918228177,0.17900008918228177,0.20649456953004544,0.12304755293300937,0.5126050420168067,116,709,5053,122,0.03564962034810667,136180,22.696666666666665,0.08437720781606144,0.1375,Hybrid_RulesSupervised
0.8626666666666667,0.682781130501489,0.14180929095354522,0.48739495798319327,0.21969696969696972,0.7608527617919781,0.17900008918228177,0.17900008918228177,0.20792710368455772,0.1218326969802152,0.5126050420168067,116,702,5060,122,0.03564962034810667,136040,22.673333333333332,0.085,0.13633333333333333,Hybrid_RulesSupervised
0.872,0.6755561648470565,0.14666666666666667,0.46218487394957986,0.22267206477732798,0.7608527617919781,0.17900008918228177,0.17900008918228177,0.20721009152829842,0.11107254425546685,0.5378151260504201,110,640,5122,128,0.03564962034810667,140800,23.466666666666665,0.09377474627722465,0.125,Hybrid_RulesSupervised
0.8731666666666666,0.6741495279125187,0.14709851551956815,0.4579831932773109,0.2226762002042901,0.7608527617919781,0.17900008918228177,0.17900008918228177,0.20661731485680274,0.10968413745227351,0.542016806722689,109,632,5130,129,0.03564962034810667,141640,23.606666666666666,0.095,0.1235,Hybrid_RulesSupervised
0.8818333333333334,0.6706055903791576,0.15418502202643172,0.4411764705882353,0.22850924918389556,0.7608527617919781,0.17900008918228177,0.17900008918228177,0.2099470651485119,0.09996528982992017,0.5588235294117647,105,576,5186,133,0.03564962034810667,144520,24.086666666666666,0.10500000000000001,0.1135,Hybrid_RulesSupervised
0.8825,0.668938627169021,0.15407407407407409,0.4369747899159664,0.22782037239868566,0.7608527617919781,0.17900008918228177,0.17900008918228177,0.20869996170997465,0.09909753557792433,0.5630252100840336,104,571,5191,134,0.03564962034810667,145420,24.236666666666668,0.10583245046929998,0.1125,Hybrid_RulesSupervised
0.8905,0.6670616528457964,0.16264090177133655,0.42436974789915966,0.23515715948777652,0.7608527617919781,0.17900008918228177,0.17900008918228177,0.21408453836836622,0.09024644220756682,0.5756302521008403,101,520,5242,137,0.03564962034810667,147400,24.566666666666666,0.115,0.1035,Hybrid_RulesSupervised
0.8936666666666667,0.6666963210136536,0.16666666666666666,0.42016806722689076,0.2386634844868735,0.7608527617919781,0.17900008918228177,0.17900008918228177,0.2168995300888,0.08677542519958348,0.5798319327731093,100,500,5262,138,0.03564962034810667,148000,24.666666666666668,0.11848541064988413,0.1,Hybrid_RulesSupervised
0.8993333333333333,0.6615904258267,0.17204301075268819,0.40336134453781514,0.24120603015075381,0.7608527617919781,0.17900008918228177,0.17900008918228177,0.21718226515075575,0.08018049288441513,0.5966386554621849,96,462,5300,142,0.03564962034810667,151240,25.206666666666667,0.125,0.093,Hybrid_RulesSupervised
0.9041666666666667,0.6600787833356182,0.17904761904761904,0.3949579831932773,0.24639580602883351,0.7608527617919781,0.17900008918228177,0.17900008918228177,0.22113992732453716,0.07480041652204096,0.6050420168067226,94,431,5331,144,0.03564962034810667,152620,25.436666666666667,0.13213144011857475,0.0875,Hybrid_RulesSupervised
0.905,0.660512660461616,0.18076923076923077,0.3949579831932773,0.24802110817941952,0.7608527617919781,0.17900008918228177,0.17900008918228177,0.2227011415710794,0.07393266227004512,0.6050420168067226,94,426,5336,144,0.03564962034810667,152520,25.42,0.135,0.08666666666666667,Hybrid_RulesSupervised
0.9118333333333334,0.6620563879838641,0.1949685534591195,0.3907563025210084,0.2601398601398601,0.7608527617919781,0.17900008918228177,0.17900008918228177,0.23384309200803446,0.06664352655328011,0.6092436974789915,93,384,5378,145,0.03564962034810667,152680,25.446666666666665,0.14500000000000002,0.0795,Hybrid_RulesSupervised
0.9156666666666666,0.6600240929415848,0.20222222222222222,0.38235294117647056,0.2645348837209302,0.7608527617919781,0.17900008918228177,0.17900008918228177,0.23715797143901007,0.062304755293300935,0.6176470588235294,91,359,5403,147,0.03564962034810667,154180,25.696666666666665,0.15049312375038482,0.075,Hybrid_RulesSupervised
0.9171666666666667,0.6567769419465113,0.2036613272311213,0.3739495798319328,0.2637037037037037,0.7608527617919781,0.17900008918228177,0.17900008918228177,0.23550061285805426,0.0603956959389101,0.6260504201680672,89,348,5414,149,0.03564962034810667,155960,25.993333333333332,0.155,0.07283333333333333,Hybrid_RulesSupervised
0.9196666666666666,0.6500223136807656,0.20531400966183574,0.35714285714285715,0.2607361963190184,0.7608527617919781,0.17900008918228177,0.17900008918228177,0.23105231481862118,0.05709822978132593,0.6428571428571429,85,329,5433,153,0.03564962034810667,159580,26.596666666666668,0.165,0.069,Hybrid_RulesSupervised
0.9238333333333333,0.6481635694888854,0.21558441558441557,0.3487394957983193,0.26645264847512035,0.7608527617919781,0.17900008918228177,0.17900008918228177,0.23601591453397902,0.05241235682054842,0.6512605042016807,83,302,5460,155,0.03564962034810667,161040,26.84,0.17500000000000002,0.06416666666666666,Hybrid_RulesSupervised
0.9251666666666667,0.6468437079795473,0.21866666666666668,0.3445378151260504,0.267536704730832,0.7608527617919781,0.17900008918228177,0.17900008918228177,0.23680100778316612,0.05085039916695592,0.6554621848739496,82,293,5469,156,0.03564962034810667,161860,26.976666666666667,0.17755683112822887,0.0625,Hybrid_RulesSupervised
0.928,0.6483188902079402,0.22905027932960895,0.3445378151260504,0.2751677852348993,0.7608527617919781,0.17900008918228177,0.17900008918228177,0.24442381263942448,0.04790003471017008,0.6554621848739496,82,276,5486,156,0.03564962034810667,161520,26.92,0.185,0.059666666666666666,Hybrid_RulesSupervised
0.9303333333333333,0.6414774865169949,0.23214285714285715,0.3277310924369748,0.27177700348432055,0.7608527617919781,0.17900008918228177,0.17900008918228177,0.24019345858827415,0.04477611940298507,0.6722689075630253,78,258,5504,160,0.03564962034810667,165160,27.526666666666667,0.195,0.056,Hybrid_RulesSupervised
0.9328333333333333,0.6347228582512492,0.2364217252396166,0.31092436974789917,0.26860254083484575,0.7608527617919781,0.17900008918228177,0.17900008918228177,0.23650079579236782,0.041478653245400905,0.6890756302521008,74,239,5523,164,0.03564962034810667,168780,28.13,0.20500000000000002,0.05216666666666667,Hybrid_RulesSupervised
0.9343333333333333,0.6314757072561756,0.24,0.3025210084033613,0.26765799256505574,0.7608527617919781,0.17900008918228177,0.17900008918228177,0.23547920541553327,0.039569593891010064,0.6974789915966386,72,228,5534,166,0.03564962034810667,170560,28.426666666666666,0.20960693440647726,0.05,Hybrid_RulesSupervised
0.936,0.6283153316863017,0.24475524475524477,0.29411764705882354,0.26717557251908397,0.7608527617919781,0.17900008918228177,0.17900008918228177,0.2350880304404488,0.03748698368622006,0.7058823529411765,70,216,5546,168,0.03564962034810667,172320,28.72,0.215,0.04766666666666667,Hybrid_RulesSupervised
0.9371666666666667,0.6248946298408291,0.24727272727272728,0.2857142857142857,0.2651072124756335,0.7608527617919781,0.17900008918228177,0.17900008918228177,0.2331281803858239,0.03592502603262756,0.7142857142857143,68,207,5555,170,0.03564962034810667,174140,29.023333333333333,0.225,0.04583333333333333,Hybrid_RulesSupervised
0.9405,0.622602008522951,0.26294820717131473,0.2773109243697479,0.26993865030674846,0.7608527617919781,0.17900008918228177,0.17900008918228177,0.23903949968882562,0.032106907323845885,0.7226890756302521,66,185,5577,172,0.03564962034810667,175700,29.283333333333335,0.23500000000000001,0.041833333333333333,Hybrid_RulesSupervised
0.9431666666666667,0.6139200907714699,0.27111111111111114,0.25630252100840334,0.2634989200863931,0.7608527617919781,0.17900008918228177,0.17900008918228177,0.23406591199434074,0.02846233946546338,0.7436974789915967,61,164,5598,177,0.03564962034810667,180280,30.046666666666667,0.2445030103641089,0.0375,Hybrid_RulesSupervised
0.9433333333333334,0.6140068661966696,0.27232142857142855,0.25630252100840334,0.264069264069264,0.7608527617919781,0.17900008918228177,0.17900008918228177,0.23474616592805994,0.028288788615064214,0.7436974789915967,61,163,5599,177,0.03564962034810667,180260,30.043333333333333,0.245,0.037333333333333336,Hybrid_RulesSupervised
0.9443333333333334,0.6084853240150625,0.27358490566037735,0.24369747899159663,0.2577777777777778,0.7608527617919781,0.17900008918228177,0.17900008918228177,0.2293738477364618,0.02672683096147171,0.7563025210084033,58,154,5608,180,0.03564962034810667,183080,30.513333333333332,0.255,0.035333333333333335,Hybrid_RulesSupervised
0.9468333333333333,0.6057588255711864,0.29015544041450775,0.23529411764705882,0.25986078886310904,0.7608527617919781,0.17900008918228177,0.17900008918228177,0.2339737593316931,0.023776466504685873,0.7647058823529411,56,137,5625,182,0.03564962034810667,184740,30.79,0.265,0.03216666666666667,Hybrid_RulesSupervised
0.9481666666666667,0.6024248991509135,0.2983425414364641,0.226890756302521,0.2577565632458234,0.7608527617919781,0.17900008918228177,0.17900008918228177,0.2337476105978213,0.022040958000694204,0.773109243697479,54,127,5635,184,0.03564962034810667,186540,31.09,0.275,0.030166666666666668,Hybrid_RulesSupervised
0.9495,0.5970769078197055,0.30538922155688625,0.21428571428571427,0.2518518518518519,0.7608527617919781,0.17900008918228177,0.17900008918228177,0.23036516737083057,0.020131898646303367,0.7857142857142857,51,116,5646,187,0.03564962034810667,189320,31.553333333333335,0.28500000000000003,0.027833333333333335,Hybrid_RulesSupervised
0.951,0.593829756824632,0.3181818181818182,0.20588235294117646,0.25,0.7608527617919781,0.17900008918228177,0.17900008918228177,0.23160926374898294,0.01822283929191253,0.7941176470588235,49,105,5657,189,0.03564962034810667,191100,31.85,0.295,0.025666666666666667,Hybrid_RulesSupervised
0.9516666666666667,0.5941768585254303,0.32666666666666666,0.20588235294117646,0.25257731958762886,0.7608527617919781,0.17900008918228177,0.17900008918228177,0.23546466182379003,0.017528635890315863,0.7941176470588235,49,101,5661,189,0.03564962034810667,191020,31.836666666666666,0.29852341600529597,0.025,Hybrid_RulesSupervised
0.9521666666666667,0.5904090549791593,0.32867132867132864,0.19747899159663865,0.2467191601049869,0.7608527617919781,0.17900008918228177,0.17900008918228177,0.23137231935798575,0.016660881638320028,0.8025210084033614,47,96,5666,191,0.03564962034810667,192920,32.153333333333336,0.305,0.023833333333333335,Hybrid_RulesSupervised
0.954,0.5913635846563547,0.3560606060606061,0.19747899159663865,0.25405405405405407,0.7608527617919781,0.17900008918228177,0.17900008918228177,0.243134290388525,0.01475182228392919,0.8025210084033614,47,85,5677,191,0.03564962034810667,192700,32.11666666666667,0.315,0.022,Hybrid_RulesSupervised
0.9546666666666667,0.5876825565352833,0.3629032258064516,0.18907563025210083,0.24861878453038674,0.7608527617919781,0.17900008918228177,0.17900008918228177,0.24058390453490866,0.013710517181534189,0.8109243697478992,45,79,5683,193,0.03564962034810667,194580,32.43,0.325,0.020666666666666667,Hybrid_RulesSupervised
0.9551666666666667,0.5798866231671426,0.36283185840707965,0.1722689075630252,0.23361823361823364,0.7608527617919781,0.17900008918228177,0.17900008918228177,0.22939974209100417,0.012495661228740022,0.8277310924369747,41,72,5690,197,0.03564962034810667,198440,33.07333333333333,0.335,0.018833333333333334,Hybrid_RulesSupervised
0.9556666666666667,0.5781328845318064,0.37037037037037035,0.16806722689075632,0.23121387283236997,0.7608527617919781,0.17900008918228177,0.17900008918228177,0.22940121424968657,0.011801457827143353,0.8319327731092437,40,68,5694,198,0.03564962034810667,199360,33.22666666666667,0.34500000000000003,0.018,Hybrid_RulesSupervised
0.9565,0.570510502014065,0.37894736842105264,0.15126050420168066,0.2162162162162162,0.7608527617919781,0.17900008918228177,0.17900008918228177,0.22048911499459034,0.010239500173550851,0.8487394957983193,36,59,5703,202,0.03564962034810667,203180,33.86333333333334,0.35500000000000004,0.015833333333333335,Hybrid_RulesSupervised
0.9576666666666667,0.5650757352576574,0.4024390243902439,0.13865546218487396,0.20625,0.7608527617919781,0.17900008918228177,0.17900008918228177,0.21879116372033877,0.008503991669559181,0.8613445378151261,33,49,5713,205,0.03564962034810667,205980,34.33,0.365,0.013666666666666667,Hybrid_RulesSupervised
0.9575,0.5569327001887183,0.38666666666666666,0.12184873949579832,0.1853035143769968,0.7608527617919781,0.17900008918228177,0.17900008918228177,0.20002859018680813,0.00798333911836168,0.8781512605042017,29,46,5716,209,0.03564962034810667,209920,34.986666666666665,0.37455435470446113,0.0125,Hybrid_RulesSupervised
0.9575,0.5569327001887183,0.38666666666666666,0.12184873949579832,0.1853035143769968,0.7608527617919781,0.17900008918228177,0.17900008918228177,0.20002859018680813,0.00798333911836168,0.8781512605042017,29,46,5716,209,0.03564962034810667,209920,34.986666666666665,0.375,0.0125,Hybrid_RulesSupervised
0.9578333333333333,0.549049991395378,0.38461538461538464,0.10504201680672269,0.16501650165016502,0.7608527617919781,0.17900008918228177,0.17900008918228177,0.18495965076811235,0.006942034015966678,0.8949579831932774,25,40,5722,213,0.03564962034810667,213800,35.63333333333333,0.385,0.010833333333333334,Hybrid_RulesSupervised
0.957,0.5385457897147057,0.3333333333333333,0.08403361344537816,0.13422818791946312,0.7608527617919781,0.17900008918228177,0.17900008918228177,0.15122138149520065,0.006942034015966678,0.9159663865546218,20,40,5722,218,0.03564962034810667,218800,36.46666666666667,0.395,0.01,Hybrid_RulesSupervised
0.9571666666666667,0.5346044353180356,0.32727272727272727,0.07563025210084033,0.1228668941979522,0.7608527617919781,0.17900008918228177,0.17900008918228177,0.14173581120378922,0.0064213814647691774,0.9243697478991597,18,37,5725,220,0.03564962034810667,220740,36.79,0.405,0.009166666666666667,Hybrid_RulesSupervised
0.9573333333333334,0.5286490160104306,0.3125,0.06302521008403361,0.1048951048951049,0.7608527617919781,0.17900008918228177,0.17900008918228177,0.12553439426242627,0.005727178063172509,0.9369747899159664,15,33,5729,223,0.03564962034810667,223660,37.276666666666664,0.41500000000000004,0.008,Hybrid_RulesSupervised
0.9575,0.5267217265246953,0.3111111111111111,0.058823529411764705,0.0989399293286219,0.7608527617919781,0.17900008918228177,0.17900008918228177,0.12089893534036109,0.005380076362374176,0.9411764705882353,14,31,5731,224,0.03564962034810667,224620,37.43666666666667,0.425,0.0075,Hybrid_RulesSupervised
0.958,0.5209398580674894,0.3055555555555556,0.046218487394957986,0.08029197080291971,0.7608527617919781,0.17900008918228177,0.17900008918228177,0.10584217774426925,0.0043387712599791736,0.9537815126050421,11,25,5737,227,0.03564962034810667,227500,37.916666666666664,0.435,0.006,Hybrid_RulesSupervised
0.9586666666666667,0.5192728948573528,0.3333333333333333,0.04201680672268908,0.0746268656716418,0.7608527617919781,0.17900008918228177,0.17900008918228177,0.1066606584446729,0.003471017007983339,0.957983193277311,10,20,5742,228,0.03564962034810667,228400,38.06666666666667,0.445,0.005,Hybrid_RulesSupervised
0.9588333333333333,0.5133174755497478,0.30434782608695654,0.029411764705882353,0.053639846743295014,0.7608527617919781,0.17900008918228177,0.17900008918228177,0.08412429997645707,0.0027768136063866713,0.9705882352941176,7,16,5746,231,0.03564962034810667,231320,38.553333333333335,0.455,0.003833333333333333,Hybrid_RulesSupervised
0.9593333333333334,0.5135778018253465,0.35,0.029411764705882353,0.05426356589147287,0.7608527617919781,0.17900008918228177,0.17900008918228177,0.0919536508934832,0.0022561610551891705,0.9705882352941176,7,13,5749,231,0.03564962034810667,231260,38.54333333333334,0.465,0.0033333333333333335,Hybrid_RulesSupervised
0.9593333333333334,0.5115637369144117,0.3333333333333333,0.025210084033613446,0.046875,0.7608527617919781,0.17900008918228177,0.17900008918228177,0.08253608157658808,0.0020826102047900035,0.9747899159663865,6,12,5750,232,0.03564962034810667,232240,38.70666666666666,0.47500000000000003,0.003,Hybrid_RulesSupervised
0.9596666666666667,0.5097232228538761,0.35714285714285715,0.02100840336134454,0.03968253968253969,0.7608527617919781,0.17900008918228177,0.17900008918228177,0.07866525718429249,0.0015619576535925027,0.9789915966386554,5,9,5753,233,0.03564962034810667,233180,38.86333333333334,0.485,0.0023333333333333335,Hybrid_RulesSupervised
0.9598333333333333,0.5077959333681408,0.36363636363636365,0.01680672268907563,0.0321285140562249,0.7608527617919781,0.17900008918228177,0.17900008918228177,0.07113768377948336,0.0012148559527941688,0.9831932773109243,4,7,5755,234,0.03564962034810667,234140,39.02333333333333,0.495,0.0018333333333333333,Hybrid_RulesSupervised
0.96,0.5078827087933403,0.4,0.01680672268907563,0.03225806451612903,0.7608527617919781,0.17900008918228177,0.17900008918228177,0.07543400616351387,0.0010413051023950017,0.9831932773109243,4,6,5756,234,0.03564962034810667,234120,39.02,0.505,0.0016666666666666668,Hybrid_RulesSupervised
0.9598333333333333,0.503767803546271,0.2857142857142857,0.008403361344537815,0.016326530612244896,0.7608527617919781,0.17900008918228177,0.17900008918228177,0.04308461265564858,0.0008677542519958348,0.9915966386554622,2,5,5757,236,0.03564962034810667,236100,39.35,0.515,0.0011666666666666668,Hybrid_RulesSupervised
0.96,0.5038545789714706,0.3333333333333333,0.008403361344537815,0.016393442622950817,0.7608527617919781,0.17900008918228177,0.17900008918228177,0.04760450508948916,0.0006942034015966678,0.9915966386554622,2,4,5758,236,0.03564962034810667,236080,39.346666666666664,0.525,0.001,Hybrid_RulesSupervised
0.96,0.5018405140605358,0.25,0.004201680672268907,0.008264462809917356,0.7608527617919781,0.17900008918228177,0.17900008918228177,0.02783450055379844,0.0005206525511975009,0.9957983193277311,1,3,5759,237,0.03564962034810667,237060,39.51,0.535,0.0006666666666666666,Hybrid_RulesSupervised
0.9598333333333333,0.49973967372440126,0.0,0.0,0.0,0.7608527617919781,0.17900008918228177,0.17900008918228177,-0.004545644359034292,0.0005206525511975009,1.0,0,3,5759,238,0.03564962034810667,238060,39.67666666666667,0.545,0.0005,Hybrid_RulesSupervised
0.9598333333333333,0.49973967372440126,0.0,0.0,0.0,0.7608527617919781,0.17900008918228177,0.17900008918228177,-0.004545644359034292,0.0005206525511975009,1.0,0,3,5759,238,0.03564962034810667,238060,39.67666666666667,0.555,0.0005,Hybrid_RulesSupervised
0.9598333333333333,0.49973967372440126,0.0,0.0,0.0,0.7608527617919781,0.17900008918228177,0.17900008918228177,-0.004545644359034292,0.0005206525511975009,1.0,0,3,5759,238,0.03564962034810667,238060,39.67666666666667,0.5650000000000001,0.0005,Hybrid_RulesSupervised
0.9598333333333333,0.49973967372440126,0.0,0.0,0.0,0.7608527617919781,0.17900008918228177,0.17900008918228177,-0.004545644359034292,0.0005206525511975009,1.0,0,3,5759,238,0.03564962034810667,238060,39.67666666666667,0.5750000000000001,0.0005,Hybrid_RulesSupervised
0.9598333333333333,0.49973967372440126,0.0,0.0,0.0,0.7608527617919781,0.17900008918228177,0.17900008918228177,-0.004545644359034292,0.0005206525511975009,1.0,0,3,5759,238,0.03564962034810667,238060,39.67666666666667,0.585,0.0005,Hybrid_RulesSupervised
0.96,0.49982644914960084,0.0,0.0,0.0,0.7608527617919781,0.17900008918228177,0.17900008918228177,-0.0037111936693132795,0.0003471017007983339,1.0,0,2,5760,238,0.03564962034810667,238040,39.67333333333333,0.595,0.0003333333333333333,Hybrid_RulesSupervised
0.9601666666666666,0.4999132245748004,0.0,0.0,0.0,0.7608527617919781,0.17900008918228177,0.17900008918228177,-0.0026239914801147713,0.00017355085039916696,1.0,0,1,5761,238,0.03564962034810667,238020,39.67,0.605,0.00016666666666666666,Hybrid_RulesSupervised
0.9601666666666666,0.4999132245748004,0.0,0.0,0.0,0.7608527617919781,0.17900008918228177,0.17900008918228177,-0.0026239914801147713,0.00017355085039916696,1.0,0,1,5761,238,0.03564962034810667,238020,39.67,0.6131458191081722,0.00016666666666666666,Hybrid_RulesSupervised
0.9603333333333334,0.5,0.0,0.0,0.0,0.7608527617919781,0.17900008918228177,0.17900008918228177,0.0,0.0,1.0,0,0,5762,238,0.03564962034810667,238000,39.666666666666664,0.615,0.0,Hybrid_RulesSupervised
0.9603333333333334,0.5,0.0,0.0,0.0,0.7608527617919781,0.17900008918228177,0.17900008918228177,0.0,0.0,1.0,0,0,5762,238,0.03564962034810667,238000,39.666666666666664,0.625,0.0,Hybrid_RulesSupervised
0.9603333333333334,0.5,0.0,0.0,0.0,0.7608527617919781,0.17900008918228177,0.17900008918228177,0.0,0.0,1.0,0,0,5762,238,0.03564962034810667,238000,39.666666666666664,0.635,0.0,Hybrid_RulesSupervised
0.9603333333333334,0.5,0.0,0.0,0.0,0.7608527617919781,0.17900008918228177,0.17900008918228177,0.0,0.0,1.0,0,0,5762,238,0.03564962034810667,238000,39.666666666666664,0.645,0.0,Hybrid_RulesSupervised
0.9603333333333334,0.5,0.0,0.0,0.0,0.7608527617919781,0.17900008918228177,0.17900008918228177,0.0,0.0,1.0,0,0,5762,238,0.03564962034810667,238000,39.666666666666664,0.655,0.0,Hybrid_RulesSupervised
0.9603333333333334,0.5,0.0,0.0,0.0,0.7608527617919781,0.17900008918228177,0.17900008918228177,0.0,0.0,1.0,0,0,5762,238,0.03564962034810667,238000,39.666666666666664,0.665,0.0,Hybrid_RulesSupervised
0.9603333333333334,0.5,0.0,0.0,0.0,0.7608527617919781,0.17900008918228177,0.17900008918228177,0.0,0.0,1.0,0,0,5762,238,0.03564962034810667,238000,39.666666666666664,0.675,0.0,Hybrid_RulesSupervised
0.9603333333333334,0.5,0.0,0.0,0.0,0.7608527617919781,0.17900008918228177,0.17900008918228177,0.0,0.0,1.0,0,0,5762,238,0.03564962034810667,238000,39.666666666666664,0.685,0.0,Hybrid_RulesSupervised
0.9603333333333334,0.5,0.0,0.0,0.0,0.7608527617919781,0.17900008918228177,0.17900008918228177,0.0,0.0,1.0,0,0,5762,238,0.03564962034810667,238000,39.666666666666664,0.6950000000000001,0.0,Hybrid_RulesSupervised
0.9603333333333334,0.5,0.0,0.0,0.0,0.7608527617919781,0.17900008918228177,0.17900008918228177,0.0,0.0,1.0,0,0,5762,238,0.03564962034810667,238000,39.666666666666664,0.7050000000000001,0.0,Hybrid_RulesSupervised
0.9603333333333334,0.5,0.0,0.0,0.0,0.7608527617919781,0.17900008918228177,0.17900008918228177,0.0,0.0,1.0,0,0,5762,238,0.03564962034810667,238000,39.666666666666664,0.715,0.0,Hybrid_RulesSupervised
0.9603333333333334,0.5,0.0,0.0,0.0,0.7608527617919781,0.17900008918228177,0.17900008918228177,0.0,0.0,1.0,0,0,5762,238,0.03564962034810667,238000,39.666666666666664,0.725,0.0,Hybrid_RulesSupervised
0.9603333333333334,0.5,0.0,0.0,0.0,0.7608527617919781,0.17900008918228177,0.17900008918228177,0.0,0.0,1.0,0,0,5762,238,0.03564962034810667,238000,39.666666666666664,0.735,0.0,Hybrid_RulesSupervised
0.9603333333333334,0.5,0.0,0.0,0.0,0.7608527617919781,0.17900008918228177,0.17900008918228177,0.0,0.0,1.0,0,0,5762,238,0.03564962034810667,238000,39.666666666666664,0.745,0.0,Hybrid_RulesSupervised
0.9603333333333334,0.5,0.0,0.0,0.0,0.7608527617919781,0.17900008918228177,0.17900008918228177,0.0,0.0,1.0,0,0,5762,238,0.03564962034810667,238000,39.666666666666664,0.755,0.0,Hybrid_RulesSupervised
0.9603333333333334,0.5,0.0,0.0,0.0,0.7608527617919781,0.17900008918228177,0.17900008918228177,0.0,0.0,1.0,0,0,5762,238,0.03564962034810667,238000,39.666666666666664,0.765,0.0,Hybrid_RulesSupervised
0.9603333333333334,0.5,0.0,0.0,0.0,0.7608527617919781,0.17900008918228177,0.17900008918228177,0.0,0.0,1.0,0,0,5762,238,0.03564962034810667,238000,39.666666666666664,0.775,0.0,Hybrid_RulesSupervised
0.9603333333333334,0.5,0.0,0.0,0.0,0.7608527617919781,0.17900008918228177,0.17900008918228177,0.0,0.0,1.0,0,0,5762,238,0.03564962034810667,238000,39.666666666666664,0.785,0.0,Hybrid_RulesSupervised
0.9603333333333334,0.5,0.0,0.0,0.0,0.7608527617919781,0.17900008918228177,0.17900008918228177,0.0,0.0,1.0,0,0,5762,238,0.03564962034810667,238000,39.666666666666664,0.795,0.0,Hybrid_RulesSupervised
0.9603333333333334,0.5,0.0,0.0,0.0,0.7608527617919781,0.17900008918228177,0.17900008918228177,0.0,0.0,1.0,0,0,5762,238,0.03564962034810667,238000,39.666666666666664,0.805,0.0,Hybrid_RulesSupervised
0.9603333333333334,0.5,0.0,0.0,0.0,0.7608527617919781,0.17900008918228177,0.17900008918228177,0.0,0.0,1.0,0,0,5762,238,0.03564962034810667,238000,39.666666666666664,0.8150000000000001,0.0,Hybrid_RulesSupervised
0.9603333333333334,0.5,0.0,0.0,0.0,0.7608527617919781,0.17900008918228177,0.17900008918228177,0.0,0.0,1.0,0,0,5762,238,0.03564962034810667,238000,39.666666666666664,0.8250000000000001,0.0,Hybrid_RulesSupervised
0.9603333333333334,0.5,0.0,0.0,0.0,0.7608527617919781,0.17900008918228177,0.17900008918228177,0.0,0.0,1.0,0,0,5762,238,0.03564962034810667,238000,39.666666666666664,0.8350000000000001,0.0,Hybrid_RulesSupervised
0.9603333333333334,0.5,0.0,0.0,0.0,0.7608527617919781,0.17900008918228177,0.17900008918228177,0.0,0.0,1.0,0,0,5762,238,0.03564962034810667,238000,39.666666666666664,0.845,0.0,Hybrid_RulesSupervised
0.9603333333333334,0.5,0.0,0.0,0.0,0.7608527617919781,0.17900008918228177,0.17900008918228177,0.0,0.0,1.0,0,0,5762,238,0.03564962034810667,238000,39.666666666666664,0.855,0.0,Hybrid_RulesSupervised
0.9603333333333334,0.5,0.0,0.0,0.0,0.7608527617919781,0.17900008918228177,0.17900008918228177,0.0,0.0,1.0,0,0,5762,238,0.03564962034810667,238000,39.666666666666664,0.865,0.0,Hybrid_RulesSupervised
0.9603333333333334,0.5,0.0,0.0,0.0,0.7608527617919781,0.17900008918228177,0.17900008918228177,0.0,0.0,1.0,0,0,5762,238,0.03564962034810667,238000,39.666666666666664,0.875,0.0,Hybrid_RulesSupervised
0.9603333333333334,0.5,0.0,0.0,0.0,0.7608527617919781,0.17900008918228177,0.17900008918228177,0.0,0.0,1.0,0,0,5762,238,0.03564962034810667,238000,39.666666666666664,0.885,0.0,Hybrid_RulesSupervised
0.9603333333333334,0.5,0.0,0.0,0.0,0.7608527617919781,0.17900008918228177,0.17900008918228177,0.0,0.0,1.0,0,0,5762,238,0.03564962034810667,238000,39.666666666666664,0.895,0.0,Hybrid_RulesSupervised
0.9603333333333334,0.5,0.0,0.0,0.0,0.7608527617919781,0.17900008918228177,0.17900008918228177,0.0,0.0,1.0,0,0,5762,238,0.03564962034810667,238000,39.666666666666664,0.905,0.0,Hybrid_RulesSupervised
0.9603333333333334,0.5,0.0,0.0,0.0,0.7608527617919781,0.17900008918228177,0.17900008918228177,0.0,0.0,1.0,0,0,5762,238,0.03564962034810667,238000,39.666666666666664,0.915,0.0,Hybrid_RulesSupervised
0.9603333333333334,0.5,0.0,0.0,0.0,0.7608527617919781,0.17900008918228177,0.17900008918228177,0.0,0.0,1.0,0,0,5762,238,0.03564962034810667,238000,39.666666666666664,0.925,0.0,Hybrid_RulesSupervised
0.9603333333333334,0.5,0.0,0.0,0.0,0.7608527617919781,0.17900008918228177,0.17900008918228177,0.0,0.0,1.0,0,0,5762,238,0.03564962034810667,238000,39.666666666666664,0.935,0.0,Hybrid_RulesSupervised
0.9603333333333334,0.5,0.0,0.0,0.0,0.7608527617919781,0.17900008918228177,0.17900008918228177,0.0,0.0,1.0,0,0,5762,238,0.03564962034810667,238000,39.666666666666664,0.9450000000000001,0.0,Hybrid_RulesSupervised
0.9603333333333334,0.5,0.0,0.0,0.0,0.7608527617919781,0.17900008918228177,0.17900008918228177,0.0,0.0,1.0,0,0,5762,238,0.03564962034810667,238000,39.666666666666664,0.9550000000000001,0.0,Hybrid_RulesSupervised
0.9603333333333334,0.5,0.0,0.0,0.0,0.7608527617919781,0.17900008918228177,0.17900008918228177,0.0,0.0,1.0,0,0,5762,238,0.03564962034810667,238000,39.666666666666664,0.965,0.0,Hybrid_RulesSupervised
0.9603333333333334,0.5,0.0,0.0,0.0,0.7608527617919781,0.17900008918228177,0.17900008918228177,0.0,0.0,1.0,0,0,5762,238,0.03564962034810667,238000,39.666666666666664,0.975,0.0,Hybrid_RulesSupervised
0.9603333333333334,0.5,0.0,0.0,0.0,0.7608527617919781,0.17900008918228177,0.17900008918228177,0.0,0.0,1.0,0,0,5762,238,0.03564962034810667,238000,39.666666666666664,0.985,0.0,Hybrid_RulesSupervised
0.9603333333333334,0.5,0.0,0.0,0.0,0.7608527617919781,0.17900008918228177,0.17900008918228177,0.0,0.0,1.0,0,0,5762,238,0.03564962034810667,238000,39.666666666666664,0.995,0.0,Hybrid_RulesSupervised
0.9603333333333334,0.5,0.0,0.0,0.0,0.7608527617919781,0.17900008918228177,0.17900008918228177,0.0,0.0,1.0,0,0,5762,238,0.03564962034810667,238000,39.666666666666664,1.000001,0.0,Hybrid_RulesSupervised
0.03966666666666667,0.5,0.03966666666666667,1.0,0.07630650849631292,0.7609913107901959,0.17654232199300746,0.17654232199300746,0.0,1.0,0.0,238,5762,0,0,0.035693310226556536,115240,19.206666666666667,0.005,1.0,Hybrid_AddAnomaly
0.03966666666666667,0.5,0.03966666666666667,1.0,0.07630650849631292,0.7609913107901959,0.17654232199300746,0.17654232199300746,0.0,1.0,0.0,238,5762,0,0,0.035693310226556536,115240,19.206666666666667,0.0050922212069685,1.0,Hybrid_AddAnomaly
0.05216666666666667,0.5065081568899688,0.040168776371308015,1.0,0.07723511276975498,0.7609913107901959,0.17654232199300746,0.17654232199300746,0.022865900319145215,0.9869836862200625,0.0,238,5687,75,0,0.035693310226556536,113740,18.956666666666667,0.007034297664901724,0.9875,Hybrid_AddAnomaly
0.06366666666666666,0.5064534664959355,0.040170940170940174,0.9873949579831933,0.07720105124835742,0.7609913107901959,0.17654232199300746,0.17654232199300746,0.016135209114522195,0.9744880249913225,0.012605042016806723,235,5615,147,3,0.035693310226556536,115300,19.216666666666665,0.007573811822096533,0.975,Hybrid_AddAnomaly
0.07616666666666666,0.5129616233859042,0.04069264069264069,0.9873949579831933,0.0781639780475636,0.7609913107901959,0.17654232199300746,0.17654232199300746,0.026631599204348898,0.961471711211385,0.012605042016806723,235,5540,222,3,0.035693310226556536,113800,18.966666666666665,0.008119779348887983,0.9625,Hybrid_AddAnomaly
0.088,0.5150945487532048,0.04087719298245614,0.9789915966386554,0.07847760188615695,0.7609913107901959,0.17654232199300746,0.17654232199300746,0.0270350502057767,0.9488024991322458,0.02100840336134454,233,5467,295,5,0.035693310226556536,114340,19.05666666666667,0.008548821741281422,0.95,Hybrid_AddAnomaly
0.10016666666666667,0.5194150898818396,0.041244444444444445,0.9747899159663865,0.07914037182329865,0.7609913107901959,0.17654232199300746,0.17654232199300746,0.03130888557282085,0.9359597362027074,0.025210084033613446,232,5393,369,6,0.035693310226556536,113860,18.976666666666667,0.00896642684873554,0.9375,Hybrid_AddAnomaly
0.11266666666666666,0.5259232467718084,0.041801801801801805,0.9747899159663865,0.08016586040082932,0.7609913107901959,0.17654232199300746,0.17654232199300746,0.03841861874986014,0.9229434224227698,0.025210084033613446,232,5318,444,6,0.035693310226556536,112360,18.726666666666667,0.009296542861607792,0.925,Hybrid_AddAnomaly
0.12516666666666668,0.5324314036617771,0.04237442922374429,0.9747899159663865,0.08121827411167512,0.7609913107901959,0.17654232199300746,0.17654232199300746,0.044802178648257786,0.9099271086428323,0.025210084033613446,232,5243,519,6,0.035693310226556536,110860,18.476666666666667,0.009576062072722664,0.9125,Hybrid_AddAnomaly
0.13666666666666666,0.5323767132677437,0.04240740740740741,0.9621848739495799,0.08123448031216744,0.7609913107901959,0.17654232199300746,0.17654232199300746,0.042127467786276115,0.8974314474140923,0.037815126050420166,229,5171,591,9,0.035693310226556536,112420,18.736666666666668,0.009839041521595805,0.9,Hybrid_AddAnomaly
0.1485,0.5345096386350444,0.04262910798122066,0.9537815126050421,0.08161064174006831,0.7609913107901959,0.17654232199300746,0.17654232199300746,0.04263181477468242,0.8847622353349531,0.046218487394957986,227,5098,664,11,0.035693310226556536,112960,18.826666666666668,0.010163440191284945,0.8875,Hybrid_AddAnomaly
0.161,0.5410177955250133,0.043238095238095235,0.9537815126050421,0.08272594752186589,0.7609913107901959,0.17654232199300746,0.17654232199300746,0.04841357278698562,0.8717459215550156,0.046218487394957986,227,5023,739,11,0.035693310226556536,111460,18.576666666666668,0.010488606526655344,0.875,Hybrid_AddAnomaly
0.17316666666666666,0.545338336653648,0.043671497584541065,0.9495798319327731,0.0835026787363754,0.7609913107901959,0.17654232199300746,0.17654232199300746,0.051391173263406684,0.8589031586254773,0.05042016806722689,226,4949,813,12,0.035693310226556536,110980,18.496666666666666,0.01073984596529575,0.8625,Hybrid_AddAnomaly
0.18566666666666667,0.5518464935436167,0.044313725490196076,0.9495798319327731,0.0846759085799925,0.7609913107901959,0.17654232199300746,0.17654232199300746,0.05667847390217025,0.8458868448455398,0.05042016806722689,226,4874,888,12,0.035693310226556536,109480,18.246666666666666,0.010981117658761488,0.85,Hybrid_AddAnomaly
0.19716666666666666,0.5517918031495833,0.04437810945273632,0.9369747899159664,0.08474254227626829,0.7609913107901959,0.17654232199300746,0.17654232199300746,0.054801922181520815,0.8333911836167998,0.06302521008403361,223,4802,960,15,0.035693310226556536,111040,18.506666666666668,0.011223320978369351,0.8375,Hybrid_AddAnomaly
0.20933333333333334,0.5561123442782181,0.044848484848484846,0.9327731092436975,0.08558211256746338,0.7609913107901959,0.17654232199300746,0.17654232199300746,0.057645613467641285,0.8205484206872614,0.06722689075630252,222,4728,1034,16,0.035693310226556536,110560,18.426666666666666,0.011491860821502931,0.825,Hybrid_AddAnomaly
0.2215,0.5604328854068528,0.04533333333333334,0.9285714285714286,0.08644631331899082,0.7609913107901959,0.17654232199300746,0.17654232199300746,0.06043866464931195,0.807705657757723,0.07142857142857142,221,4654,1108,17,0.035693310226556536,110080,18.346666666666668,0.011760504100127071,0.8125,Hybrid_AddAnomaly
0.23366666666666666,0.5647534265354875,0.04583333333333333,0.9243697478991597,0.08733624454148473,0.7609913107901959,0.17654232199300746,0.17654232199300746,0.06319120167941417,0.7948628948281846,0.07563025210084033,220,4580,1182,18,0.035693310226556536,109600,18.266666666666666,0.01200220835317527,0.8,Hybrid_AddAnomaly
0.24583333333333332,0.5690739676641222,0.04634920634920635,0.9201680672268907,0.08825307273826315,0.7609913107901959,0.17654232199300746,0.17654232199300746,0.06591185057749636,0.7820201318986463,0.07983193277310924,219,4506,1256,19,0.035693310226556536,109120,18.186666666666667,0.01224960921080923,0.7875,Hybrid_AddAnomaly
0.25766666666666665,0.5712068930314229,0.04666666666666667,0.9117647058823529,0.08878887070376433,0.7609913107901959,0.17654232199300746,0.17654232199300746,0.06656313635906291,0.7693509198195071,0.08823529411764706,217,4433,1329,21,0.035693310226556536,109660,18.276666666666667,0.012545474849481965,0.775,Hybrid_AddAnomaly
0.2698333333333333,0.5755274341600576,0.04721311475409836,0.907563025210084,0.08975690837315603,0.7609913107901959,0.17654232199300746,0.17654232199300746,0.06927983597074237,0.7565081568899688,0.09243697478991597,216,4359,1403,22,0.035693310226556536,109180,18.196666666666665,0.012750075789677302,0.7625,Hybrid_AddAnomaly
0.2823333333333333,0.5820355910500263,0.048,0.907563025210084,0.09117771211481637,0.7609913107901959,0.17654232199300746,0.17654232199300746,0.07395295398653859,0.7434918431100312,0.09243697478991597,216,4284,1478,22,0.035693310226556536,107680,17.946666666666665,0.012941494493750611,0.75,Hybrid_AddAnomaly
0.2941666666666667,0.5841685164173271,0.04836158192090396,0.8991596638655462,0.09178640360283079,0.7609913107901959,0.17654232199300746,0.17654232199300746,0.07467201259723887,0.7308226310308921,0.10084033613445378,214,4211,1551,24,0.035693310226556536,108220,18.036666666666665,0.013252942374751423,0.7375,Hybrid_AddAnomaly
0.30633333333333335,0.5884890575459618,0.04896551724137931,0.8949579831932774,0.0928509154315606,0.7609913107901959,0.17654232199300746,0.17654232199300746,0.0773585053732201,0.7179798681013537,0.10504201680672269,213,4137,1625,25,0.035693310226556536,107740,17.956666666666667,0.01354097771064133,0.725,Hybrid_AddAnomaly
0.3185,0.5928095986745966,0.0495906432748538,0.8907563025210085,0.093950808774651,0.7609913107901959,0.17654232199300746,0.17654232199300746,0.08004521705883523,0.7051371051718154,0.1092436974789916,212,4063,1699,26,0.035693310226556536,107260,17.876666666666665,0.013817857766391979,0.7125,Hybrid_AddAnomaly
0.3303333333333333,0.5949425240418972,0.05,0.8823529411764706,0.09463722397476342,0.7609913107901959,0.17654232199300746,0.17654232199300746,0.0808732649863533,0.6924678930926762,0.11764705882352941,210,3990,1772,28,0.035693310226556536,107800,17.966666666666665,0.014087747163977073,0.7,Hybrid_AddAnomaly
0.3428333333333333,0.6014506809318659,0.05090909090909091,0.8823529411764706,0.0962640385056154,0.7609913107901959,0.17654232199300746,0.17654232199300746,0.08543728814868064,0.6794515793127386,0.11764705882352941,210,3915,1847,28,0.035693310226556536,106300,17.716666666666665,0.014362375785563056,0.6875,Hybrid_AddAnomaly
0.355,0.6057712220605007,0.051604938271604936,0.8781512605042017,0.09748134328358209,0.7609913107901959,0.17654232199300746,0.17654232199300746,0.08815111420193764,0.6666088163832002,0.12184873949579832,209,3841,1921,29,0.035693310226556536,105820,17.636666666666667,0.014672817205327215,0.675,Hybrid_AddAnomaly
0.36666666666666664,0.6098314369135367,0.05228758169934641,0.8739495798319328,0.09867172675521822,0.7609913107901959,0.17654232199300746,0.17654232199300746,0.09070031630627637,0.6542867060048594,0.12605042016806722,208,3770,1992,30,0.035693310226556536,105400,17.566666666666666,0.015,0.663,Hybrid_AddAnomaly
0.36716666666666664,0.6100917631891354,0.052327044025157234,0.8739495798319328,0.09874198908141468,0.7609913107901959,0.17654232199300746,0.17654232199300746,0.09088220348254752,0.6537660534536619,0.12605042016806722,208,3767,1995,30,0.035693310226556536,105340,17.55666666666667,0.015009367215887685,0.6625,Hybrid_AddAnomaly
0.37933333333333336,0.6144123043177702,0.05307692307692308,0.8697478991596639,0.1000483325277912,0.7609913107901959,0.17654232199300746,0.17654232199300746,0.09363449722616993,0.6409232905241236,0.13025210084033614,207,3693,2069,31,0.035693310226556536,104860,17.476666666666667,0.0153734481378834,0.65,Hybrid_AddAnomaly
0.3918333333333333,0.6209204612077389,0.05411764705882353,0.8697478991596639,0.10189515136598572,0.7609913107901959,0.17654232199300746,0.17654232199300746,0.0981882558866448,0.627906976744186,0.13025210084033614,207,3618,2144,31,0.035693310226556536,103360,17.226666666666667,0.015690017426613967,0.6375,Hybrid_AddAnomaly
0.404,0.6252410023363737,0.054933333333333334,0.865546218487395,0.10330992978936811,0.7609913107901959,0.17654232199300746,0.17654232199300746,0.10098218022783062,0.6150642138146477,0.13445378151260504,206,3544,2218,32,0.035693310226556536,102880,17.14666666666667,0.016040960284836713,0.625,Hybrid_AddAnomaly
0.4155,0.6251863119423402,0.05523809523809524,0.8529411764705882,0.10375670840787121,0.7609913107901959,0.17654232199300746,0.17654232199300746,0.10030481838439435,0.6025685525859077,0.14705882352941177,203,3472,2290,35,0.035693310226556536,104440,17.406666666666666,0.016393597344221966,0.6125,Hybrid_AddAnomaly
0.42766666666666664,0.629506853070975,0.05611111111111111,0.8487394957983193,0.10526315789473684,0.7609913107901959,0.17654232199300746,0.17654232199300746,0.1031908002319121,0.5897257896563693,0.15126050420168066,202,3398,2364,36,0.035693310226556536,103960,17.326666666666668,0.01676377902232099,0.6,Hybrid_AddAnomaly
0.43983333333333335,0.6338273941996098,0.05702127659574468,0.8445378151260504,0.1068296571884135,0.7609913107901959,0.17654232199300746,0.17654232199300746,0.10611651056317833,0.576883026726831,0.15546218487394958,201,3324,2438,37,0.035693310226556536,103480,17.246666666666666,0.017178788340026854,0.5875,Hybrid_AddAnomaly
0.452,0.6381479353282444,0.057971014492753624,0.8403361344537815,0.10845986984815618,0.7609913107901959,0.17654232199300746,0.17654232199300746,0.10908621220266328,0.5640402637972926,0.15966386554621848,200,3250,2512,38,0.035693310226556536,103000,17.166666666666668,0.01762971432650127,0.575,Hybrid_AddAnomaly
0.46416666666666667,0.6424684764568792,0.05896296296296296,0.8361344537815126,0.1101577636313313,0.7609913107901959,0.17654232199300746,0.17654232199300746,0.1121043174311978,0.5511975008677542,0.1638655462184874,199,3176,2586,39,0.035693310226556536,102520,17.086666666666666,0.018002428961568347,0.5625,Hybrid_AddAnomaly
0.4756666666666667,0.6424137860628458,0.059393939393939395,0.8235294117647058,0.11079706048615036,0.7609913107901959,0.17654232199300746,0.17654232199300746,0.11174247372687357,0.5387018396390142,0.17647058823529413,196,3104,2658,42,0.035693310226556536,104080,17.346666666666668,0.01852521114623231,0.55,Hybrid_AddAnomaly
0.48783333333333334,0.6467343271914805,0.06046511627906977,0.819327731092437,0.11261911637308691,0.7609913107901959,0.17654232199300746,0.17654232199300746,0.11487895411896638,0.5258590767094758,0.18067226890756302,195,3030,2732,43,0.035693310226556536,103600,17.266666666666666,0.018971298761892644,0.5375,Hybrid_AddAnomaly
0.5,0.6510548683201153,0.061587301587301586,0.8151260504201681,0.11452184179456906,0.7609913107901959,0.17654232199300746,0.17654232199300746,0.11807613282481111,0.5130163137799375,0.18487394957983194,194,2956,2806,44,0.035693310226556536,103120,17.186666666666667,0.0193572187242101,0.525,Hybrid_AddAnomaly
0.5121666666666667,0.6553754094487501,0.06276422764227642,0.8109243697478992,0.11651071536371868,0.7609913107901959,0.17654232199300746,0.17654232199300746,0.1213394136631383,0.5001735508503992,0.18907563025210083,193,2882,2880,45,0.035693310226556536,102640,17.106666666666666,0.019901376525910425,0.5125,Hybrid_AddAnomaly
0.5246666666666666,0.6618835663387188,0.06433333333333334,0.8109243697478992,0.11920938851142682,0.7609913107901959,0.17654232199300746,0.17654232199300746,0.12638240335882833,0.48715723707046166,0.18907563025210083,193,2807,2955,45,0.035693310226556536,101140,16.856666666666666,0.020408337590404876,0.5,Hybrid_AddAnomaly
0.5371666666666667,0.6683917232286876,0.06598290598290599,0.8109243697478992,0.12203604173253242,0.7609913107901959,0.17654232199300746,0.17654232199300746,0.13150441910200733,0.4741409232905241,0.18907563025210083,193,2732,3030,45,0.035693310226556536,99640,16.606666666666666,0.02113936825413158,0.4875,Hybrid_AddAnomaly
0.5496666666666666,0.6748998801186563,0.06771929824561404,0.8109243697478992,0.125,0.7609913107901959,0.17654232199300746,0.17654232199300746,0.1367152327204004,0.4611246095105866,0.18907563025210083,193,2657,3105,45,0.035693310226556536,98140,16.356666666666666,0.021793024489163756,0.475,Hybrid_AddAnomaly
0.5615,0.6770328054859569,0.06882882882882883,0.8025210084033614,0.12678393627613674,0.7609913107901959,0.17654232199300746,0.17654232199300746,0.13859976685914804,0.4484553974314474,0.19747899159663865,191,2584,3178,47,0.035693310226556536,98680,16.446666666666665,0.02248112307962032,0.4625,Hybrid_AddAnomaly
0.574,0.6835409623759258,0.07074074074074074,0.8025210084033614,0.1300204220558203,0.7609913107901959,0.17654232199300746,0.17654232199300746,0.14401218964185394,0.4354390836515099,0.19747899159663865,191,2509,3253,47,0.035693310226556536,97180,16.196666666666665,0.023221769907059257,0.45,Hybrid_AddAnomaly
0.5861666666666666,0.6878615035045605,0.07238095238095238,0.7983193277310925,0.13272790778903246,0.7609913107901959,0.17654232199300746,0.17654232199300746,0.14782277557626275,0.42259632072197156,0.20168067226890757,190,2435,3327,48,0.035693310226556536,96700,16.116666666666667,0.02386589891469104,0.4375,Hybrid_AddAnomaly
0.5976666666666667,0.687806813110527,0.07333333333333333,0.7857142857142857,0.13414634146341464,0.7609913107901959,0.17654232199300746,0.17654232199300746,0.14829851650987558,0.4101006594932315,0.21428571428571427,187,2363,3399,51,0.035693310226556536,98260,16.376666666666665,0.02453169688478937,0.425,Hybrid_AddAnomaly
0.6055,0.6918852580949075,0.07471034758290052,0.7857142857142857,0.13644655235315578,0.7609913107901959,0.17654232199300746,0.17654232199300746,0.15190374144407517,0.4019437695244707,0.21428571428571427,187,2316,3446,51,0.035693310226556536,97320,16.22,0.025,0.4171666666666667,Hybrid_AddAnomaly
0.6098333333333333,0.6921273542391618,0.07515151515151515,0.7815126050420168,0.13711758201253224,0.7609913107901959,0.17654232199300746,0.17654232199300746,0.15234462673005536,0.39725789656369315,0.2184873949579832,186,2289,3473,52,0.035693310226556536,97780,16.296666666666667,0.02525908988488144,0.4125,Hybrid_AddAnomaly
0.622,0.6964478953677966,0.07708333333333334,0.7773109243697479,0.14025777103866566,0.7609913107901959,0.17654232199300746,0.17654232199300746,0.15652928818962342,0.3844151336341548,0.22268907563025211,185,2215,3547,53,0.035693310226556536,97300,16.216666666666665,0.026022414065897826,0.4,Hybrid_AddAnomaly
0.6341666666666667,0.7007684364964313,0.07913978494623657,0.773109243697479,0.14358174014826378,0.7609913107901959,0.17654232199300746,0.17654232199300746,0.16086456456492426,0.37157237070461646,0.226890756302521,184,2141,3621,54,0.035693310226556536,96820,16.136666666666667,0.026956154526189845,0.3875,Hybrid_AddAnomaly
0.6456666666666667,0.7007137461023979,0.08044444444444444,0.7605042016806722,0.1454983922829582,0.7609913107901959,0.17654232199300746,0.17654232199300746,0.1618360704961303,0.35907670947587644,0.23949579831932774,181,2069,3693,57,0.035693310226556536,98380,16.39666666666667,0.027880057945841908,0.375,Hybrid_AddAnomaly
0.6578333333333334,0.7050342872310327,0.08275862068965517,0.7563025210084033,0.1491918773311231,0.7609913107901959,0.17654232199300746,0.17654232199300746,0.16648926789644114,0.3462339465463381,0.24369747899159663,180,1995,3767,58,0.035693310226556536,97900,16.316666666666666,0.028970114745213903,0.3625,Hybrid_AddAnomaly
0.6696666666666666,0.7071672125983333,0.08476190476190476,0.7478991596638656,0.15226689478186484,0.7609913107901959,0.17654232199300746,0.17654232199300746,0.16954468235790235,0.33356473446719886,0.25210084033613445,178,1922,3840,60,0.035693310226556536,98440,16.406666666666666,0.02996049963360611,0.35,Hybrid_AddAnomaly
0.6815,0.7093001379656341,0.08691358024691358,0.7394957983193278,0.15554573574900574,0.7609913107901959,0.17654232199300746,0.17654232199300746,0.1727800261935963,0.3208955223880597,0.2605042016806723,176,1849,3913,62,0.035693310226556536,98980,16.496666666666666,0.03128835877029831,0.3375,Hybrid_AddAnomaly
0.693,0.7092454475716006,0.08871794871794872,0.726890756302521,0.1581352833638026,0.7609913107901959,0.17654232199300746,0.17654232199300746,0.17438788155977944,0.30839986115931967,0.27310924369747897,173,1777,3985,65,0.035693310226556536,100540,16.756666666666668,0.03244434751646192,0.325,Hybrid_AddAnomaly
0.7048333333333333,0.7113783729389014,0.0912,0.7184873949579832,0.16185518220539516,0.7609913107901959,0.17654232199300746,0.17654232199300746,0.17801354107528336,0.2957306490801805,0.2815126050420168,171,1704,4058,67,0.035693310226556536,101080,16.846666666666668,0.03390000139318328,0.3125,Hybrid_AddAnomaly
0.7148333333333333,0.7085286388071368,0.09241837299391256,0.7016806722689075,0.16332518337408314,0.7609913107901959,0.17654232199300746,0.17654232199300746,0.17743091901817157,0.2846233946546338,0.29831932773109243,167,1640,4122,71,0.035693310226556536,103800,17.3,0.034999999999999996,0.3011666666666667,Hybrid_AddAnomaly
0.716,0.7091360667835339,0.09277777777777778,0.7016806722689075,0.16388616290480865,0.7609913107901959,0.17654232199300746,0.17654232199300746,0.17814479568422525,0.28340853870183963,0.29831932773109243,167,1633,4129,71,0.035693310226556536,103660,17.276666666666667,0.03518954858010985,0.3,Hybrid_AddAnomaly
0.7281666666666666,0.7134566079121687,0.09623188405797102,0.6974789915966386,0.16912888436067247,0.7609913107901959,0.17654232199300746,0.17654232199300746,0.1840992823692598,0.2705657757723013,0.3025210084033613,166,1559,4203,72,0.035693310226556536,103180,17.196666666666665,0.03673102477188739,0.2875,Hybrid_AddAnomaly
0.7393333333333333,0.7112143017568013,0.09818181818181818,0.680672268907563,0.17161016949152544,0.7609913107901959,0.17654232199300746,0.17654232199300746,0.18464681566834118,0.25824366539396043,0.31932773109243695,162,1488,4274,76,0.035693310226556536,105760,17.626666666666665,0.03859149803056032,0.275,Hybrid_AddAnomaly
0.7508333333333334,0.711159611362768,0.10095238095238095,0.6680672268907563,0.17539988968560397,0.7609913107901959,0.17654232199300746,0.17654232199300746,0.1873350491474589,0.2457480041652204,0.3319327731092437,159,1416,4346,79,0.035693310226556536,107320,17.886666666666667,0.04050841151403625,0.2625,Hybrid_AddAnomaly
0.7623333333333333,0.7111049209687346,0.104,0.6554621848739496,0.17951668584579977,0.7609913107901959,0.17654232199300746,0.17654232199300746,0.19030560159202597,0.2332523429364804,0.3445378151260504,156,1344,4418,82,0.035693310226556536,108880,18.14666666666667,0.04237147391541396,0.25,Hybrid_AddAnomaly
0.7731666666666667,0.7066749990520331,0.10596491228070175,0.634453781512605,0.18159951894167167,0.7609913107901959,0.17654232199300746,0.17654232199300746,0.18957892840943913,0.2211037834085387,0.36554621848739494,151,1274,4488,87,0.035693310226556536,112480,18.746666666666666,0.0448925851876502,0.2375,Hybrid_AddAnomaly
0.7736666666666666,0.704921260416697,0.1056338028169014,0.6302521008403361,0.18094089264173702,0.7609913107901959,0.17654232199300746,0.17654232199300746,0.18819808865829565,0.22040958000694202,0.3697478991596639,150,1270,4492,88,0.035693310226556536,113400,18.9,0.045,0.23666666666666666,Hybrid_AddAnomaly
0.7843333333333333,0.7044326928966658,0.10888888888888888,0.6176470588235294,0.18513853904282115,0.7609913107901959,0.17654232199300746,0.17654232199300746,0.19110061728892258,0.20878167303019785,0.38235294117647056,147,1203,4559,91,0.035693310226556536,115060,19.176666666666666,0.047858114881491026,0.225,Hybrid_AddAnomaly
0.7961666666666667,0.7065656182639665,0.11372549019607843,0.6092436974789915,0.19167217448777263,0.7609913107901959,0.17654232199300746,0.17654232199300746,0.19710931087189532,0.19611246095105866,0.3907563025210084,145,1130,4632,93,0.035693310226556536,115600,19.266666666666666,0.051166550006068824,0.2125,Hybrid_AddAnomaly
0.8076666666666666,0.7065109278699331,0.11833333333333333,0.5966386554621849,0.19749652294853964,0.7609913107901959,0.17654232199300746,0.17654232199300746,0.20152869724786138,0.18361679972231865,0.40336134453781514,142,1058,4704,96,0.035693310226556536,117160,19.526666666666667,0.054946737143683116,0.2,Hybrid_AddAnomaly
0.8078333333333333,0.7065977032951327,0.11843202668890743,0.5966386554621849,0.19763395963813501,0.7609913107901959,0.17654232199300746,0.17654232199300746,0.20167643039818153,0.18344324887191948,0.40336134453781514,142,1057,4705,96,0.035693310226556536,117140,19.523333333333333,0.055,0.19983333333333334,Hybrid_AddAnomaly
0.8181666666666667,0.6998933901918976,0.12088888888888889,0.5714285714285714,0.1995597945707997,0.7609913107901959,0.17654232199300746,0.17654232199300746,0.19991250614772413,0.17164179104477612,0.42857142857142855,136,989,4773,102,0.035693310226556536,121780,20.296666666666667,0.059993753529504916,0.1875,Hybrid_AddAnomaly
0.8283333333333334,0.6951163665743979,0.12428842504743833,0.5504201680672269,0.20278637770897834,0.7609913107901959,0.17654232199300746,0.17654232199300746,0.20014808526014513,0.1601874349184311,0.4495798319327731,131,923,4839,107,0.035693310226556536,125460,20.91,0.065,0.17566666666666667,Hybrid_AddAnomaly
0.829,0.6954634682751962,0.12476190476190477,0.5504201680672269,0.20341614906832303,0.7609913107901959,0.17654232199300746,0.17654232199300746,0.2008045053931286,0.15949323151683442,0.4495798319327731,131,919,4843,107,0.035693310226556536,125380,20.89666666666667,0.06511511411681185,0.175,Hybrid_AddAnomaly
0.8401666666666666,0.6932211621198288,0.13025641025641024,0.5336134453781513,0.20939818631492169,0.7609913107901959,0.17654232199300746,0.17654232199300746,0.20445109933190395,0.14717112113849357,0.46638655462184875,127,848,4914,111,0.035693310226556536,127960,21.326666666666668,0.07033744795076532,0.1625,Hybrid_AddAnomaly
0.8473333333333334,0.6828540510268668,0.13071895424836602,0.5042016806722689,0.20761245674740483,0.7609913107901959,0.17654232199300746,0.17654232199300746,0.19827639611209283,0.13849357861853523,0.4957983193277311,120,798,4964,118,0.035693310226556536,133960,22.326666666666668,0.07500000000000001,0.153,Hybrid_AddAnomaly
0.85,0.6822283929191253,0.1322222222222222,0.5,0.20913884007029876,0.7609913107901959,0.17654232199300746,0.17654232199300746,0.19921168253378826,0.1355432141617494,0.5,119,781,4981,119,0.035693310226556536,134620,22.436666666666667,0.07676334977277474,0.15,Hybrid_AddAnomaly
0.8615,0.6821737025250919,0.1406060606060606,0.48739495798319327,0.21825023518344308,0.7609913107901959,0.17654232199300746,0.17654232199300746,0.20649456953004544,0.12304755293300937,0.5126050420168067,116,709,5053,122,0.035693310226556536,136180,22.696666666666665,0.08398785676027004,0.1375,Hybrid_AddAnomaly
0.8625,0.6806802901653546,0.14075887392900857,0.4831932773109244,0.21800947867298576,0.7609913107901959,0.17654232199300746,0.17654232199300746,0.20564315006980774,0.1218326969802152,0.5168067226890757,115,702,5060,123,0.035693310226556536,137040,22.84,0.085,0.13616666666666666,Hybrid_AddAnomaly
0.872,0.6755561648470565,0.14666666666666667,0.46218487394957986,0.22267206477732798,0.7609913107901959,0.17654232199300746,0.17654232199300746,0.20721009152829842,0.11107254425546685,0.5378151260504201,110,640,5122,128,0.035693310226556536,140800,23.466666666666665,0.09325484119840192,0.125,Hybrid_AddAnomaly
0.8735,0.6763371436738528,0.1484480431848853,0.46218487394957986,0.22471910112359555,0.7609913107901959,0.17654232199300746,0.17654232199300746,0.20921278152250805,0.10951058660187435,0.5378151260504201,110,631,5131,128,0.035693310226556536,140620,23.436666666666667,0.095,0.1235,Hybrid_AddAnomaly
0.8815,0.6704320395287584,0.15373352855051245,0.4411764705882353,0.22801302931596093,0.7609913107901959,0.17654232199300746,0.17654232199300746,0.20946557599566892,0.1003123915307185,0.5588235294117647,105,578,5184,133,0.035693310226556536,144560,24.093333333333334,0.10500000000000001,0.11383333333333333,Hybrid_AddAnomaly
0.8825,0.668938627169021,0.15407407407407409,0.4369747899159664,0.22782037239868566,0.7609913107901959,0.17654232199300746,0.17654232199300746,0.20869996170997465,0.09909753557792433,0.5630252100840336,104,571,5191,134,0.035693310226556536,145420,24.236666666666668,0.10639459965868471,0.1125,Hybrid_AddAnomaly
0.891,0.6673219791213951,0.1634304207119741,0.42436974789915966,0.23598130841121492,0.7609913107901959,0.17654232199300746,0.17654232199300746,0.21487802804152742,0.08972578965636932,0.5756302521008403,101,517,5245,137,0.035693310226556536,147340,24.55666666666667,0.115,0.103,Hybrid_AddAnomaly
0.8936666666666667,0.6666963210136536,0.16666666666666666,0.42016806722689076,0.2386634844868735,0.7609913107901959,0.17654232199300746,0.17654232199300746,0.2168995300888,0.08677542519958348,0.5798319327731093,100,500,5262,138,0.035693310226556536,148000,24.666666666666668,0.11717022883695995,0.1,Hybrid_AddAnomaly
0.9003333333333333,0.6641251432888324,0.17509025270758122,0.40756302521008403,0.24494949494949494,0.7609913107901959,0.17654232199300746,0.17654232199300746,0.22130260114006997,0.0793127386324193,0.592436974789916,97,457,5305,141,0.035693310226556536,150140,25.023333333333333,0.125,0.09233333333333334,Hybrid_AddAnomaly
0.9045,0.6622663990969522,0.18095238095238095,0.39915966386554624,0.2490170380078637,0.7609913107901959,0.17654232199300746,0.17654232199300746,0.22416199671059164,0.07462686567164178,0.6008403361344538,95,430,5332,143,0.035693310226556536,151600,25.266666666666666,0.13171065335788523,0.0875,Hybrid_AddAnomaly
0.905,0.660512660461616,0.18076923076923077,0.3949579831932773,0.24802110817941952,0.7609913107901959,0.17654232199300746,0.17654232199300746,0.2227011415710794,0.07393266227004512,0.6050420168067226,94,426,5336,144,0.035693310226556536,152520,25.42,0.135,0.08666666666666667,Hybrid_AddAnomaly
0.9113333333333333,0.6617960617082654,0.19375,0.3907563025210084,0.2590529247910864,0.7609913107901959,0.17654232199300746,0.17654232199300746,0.23279995381468627,0.06716417910447761,0.6092436974789915,93,387,5375,145,0.035693310226556536,152740,25.456666666666667,0.14500000000000002,0.08,Hybrid_AddAnomaly
0.915,0.6556488614189168,0.19777777777777777,0.3739495798319328,0.2587209302325581,0.7609913107901959,0.17654232199300746,0.17654232199300746,0.23067381637574255,0.06265185699409927,0.6260504201680672,89,361,5401,149,0.035693310226556536,156220,26.036666666666665,0.15176103896405682,0.075,Hybrid_AddAnomaly
0.917,0.6566901665213117,0.20319634703196346,0.3739495798319328,0.26331360946745563,0.7609913107901959,0.17654232199300746,0.17654232199300746,0.23512255679848965,0.06056924678930927,0.6260504201680672,89,349,5413,149,0.035693310226556536,155980,25.996666666666666,0.155,0.073,Hybrid_AddAnomaly
0.9203333333333333,0.6523834802924988,0.2087378640776699,0.36134453781512604,0.2646153846153846,0.7609913107901959,0.17654232199300746,0.17654232199300746,0.2352156330114459,0.05657757723012843,0.6386554621848739,86,326,5436,152,0.035693310226556536,158520,26.42,0.165,0.06866666666666667,Hybrid_AddAnomaly
0.9241666666666667,0.6483371203392846,0.21671018276762402,0.3487394957983193,0.2673107890499195,0.7609913107901959,0.17654232199300746,0.17654232199300746,0.23686633813093264,0.05206525511975009,0.6512605042016807,83,300,5462,155,0.035693310226556536,161000,26.833333333333332,0.17500000000000002,0.06383333333333334,Hybrid_AddAnomaly
0.9255,0.6490313237408813,0.22133333333333333,0.3487394957983193,0.2707993474714519,0.7609913107901959,0.17654232199300746,0.17654232199300746,0.24032876953785018,0.05067684831655675,0.6512605042016807,83,292,5470,155,0.035693310226556536,160840,26.80666666666667,0.1781732423283848,0.0625,Hybrid_AddAnomaly
0.9271666666666667,0.6458709481710074,0.22437673130193905,0.3403361344537815,0.2704507512520868,0.7609913107901959,0.17654232199300746,0.17654232199300746,0.2394524355890773,0.04859423811176675,0.6596638655462185,81,280,5482,157,0.035693310226556536,162600,27.1,0.185,0.06016666666666667,Hybrid_AddAnomaly
0.93,0.6392898707556608,0.22916666666666666,0.3235294117647059,0.26829268292682923,0.7609913107901959,0.17654232199300746,0.17654232199300746,0.23647943306581815,0.04494967025338424,0.6764705882352942,77,259,5503,161,0.035693310226556536,166180,27.696666666666665,0.195,0.056,Hybrid_AddAnomaly
0.9328333333333333,0.6327087933403143,0.2347266881028939,0.3067226890756303,0.2659380692167578,0.7609913107901959,0.17654232199300746,0.17654232199300746,0.23367198085374644,0.041305102395001736,0.6932773109243697,73,238,5524,165,0.035693310226556536,169760,28.293333333333333,0.20500000000000002,0.051833333333333335,Hybrid_AddAnomaly
0.9343333333333333,0.6314757072561756,0.24,0.3025210084033613,0.26765799256505574,0.7609913107901959,0.17654232199300746,0.17654232199300746,0.23547920541553327,0.039569593891010064,0.6974789915966386,72,228,5534,166,0.035693310226556536,170560,28.426666666666666,0.2103452533312557,0.05,Hybrid_AddAnomaly
0.935,0.6257806142241694,0.23793103448275862,0.28991596638655465,0.2613636363636364,0.7609913107901959,0.17654232199300746,0.17654232199300746,0.22892949975595264,0.0383547379382159,0.7100840336134454,69,221,5541,169,0.035693310226556536,173420,28.903333333333332,0.215,0.04833333333333333,Hybrid_AddAnomaly
0.938,0.6273425718777619,0.2536764705882353,0.28991596638655465,0.27058823529411763,0.7609913107901959,0.17654232199300746,0.17654232199300746,0.2389421468093198,0.03523082263103089,0.7100840336134454,69,203,5559,169,0.035693310226556536,173060,28.843333333333334,0.225,0.04533333333333334,Hybrid_AddAnomaly
0.9405,0.6246160734338859,0.2648221343873518,0.2815126050420168,0.2729124236252546,0.7609913107901959,0.17654232199300746,0.17654232199300746,0.2420462200605491,0.032280458174245054,0.7184873949579832,67,186,5576,171,0.035693310226556536,174720,29.12,0.23500000000000001,0.042166666666666665,Hybrid_AddAnomaly
0.9431666666666667,0.6199622855042746,0.27705627705627706,0.2689075630252101,0.27292110874200426,0.7609913107901959,0.17654232199300746,0.17654232199300746,0.24338486785286068,0.02898299201666088,0.7310924369747899,64,167,5595,174,0.035693310226556536,177340,29.55666666666667,0.245,0.0385,Hybrid_AddAnomaly
0.9435,0.616107706532804,0.27555555555555555,0.2605042016806723,0.2678185745140389,0.7609913107901959,0.17654232199300746,0.17654232199300746,0.2385606966701802,0.028288788615064214,0.7394957983193278,62,163,5599,176,0.035693310226556536,179260,29.876666666666665,0.2475255189974447,0.0375,Hybrid_AddAnomaly
0.9448333333333333,0.6067315853797264,0.2753623188405797,0.23949579831932774,0.25617977528089886,0.7609913107901959,0.17654232199300746,0.17654232199300746,0.22827645764676233,0.026032627559875045,0.7605042016806722,57,150,5612,181,0.035693310226556536,184000,30.666666666666668,0.255,0.0345,Hybrid_AddAnomaly
0.9465,0.6055852747207873,0.28717948717948716,0.23529411764705882,0.2586605080831409,0.7609913107901959,0.17654232199300746,0.17654232199300746,0.23242885227760873,0.024123568205484208,0.7647058823529411,56,139,5623,182,0.035693310226556536,184780,30.796666666666667,0.265,0.0325,Hybrid_AddAnomaly
0.9485,0.6005843850903777,0.2994350282485876,0.22268907563025211,0.25542168674698795,0.7609913107901959,0.17654232199300746,0.17654232199300746,0.23204682909412408,0.021520305449496704,0.7773109243697479,53,124,5638,185,0.035693310226556536,187480,31.246666666666666,0.275,0.0295,Hybrid_AddAnomaly
0.9491666666666667,0.5948892920583714,0.2994011976047904,0.21008403361344538,0.24691358024691362,0.7609913107901959,0.17654232199300746,0.17654232199300746,0.22517391764603778,0.020305449496702533,0.7899159663865546,50,117,5645,188,0.035693310226556536,190340,31.723333333333333,0.28500000000000003,0.027833333333333335,Hybrid_AddAnomaly
0.9513333333333334,0.5940033076750312,0.3223684210526316,0.20588235294117646,0.2512820512820513,0.7609913107901959,0.17654232199300746,0.17654232199300746,0.2335192894504604,0.017875737591114195,0.7941176470588235,49,103,5659,189,0.035693310226556536,191060,31.843333333333334,0.295,0.025333333333333333,Hybrid_AddAnomaly
0.9516666666666667,0.5941768585254303,0.32666666666666666,0.20588235294117646,0.25257731958762886,0.7609913107901959,0.17654232199300746,0.17654232199300746,0.23546466182379003,0.017528635890315863,0.7941176470588235,49,101,5661,189,0.035693310226556536,191020,31.836666666666666,0.2958038232129754,0.025,Hybrid_AddAnomaly
0.9525,0.5925966707404934,0.3356643356643357,0.20168067226890757,0.2519685039370079,0.7609913107901959,0.17654232199300746,0.17654232199300746,0.23697080429603334,0.016487330787920862,0.7983193277310925,48,95,5667,190,0.035693310226556536,191900,31.983333333333334,0.305,0.023833333333333335,Hybrid_AddAnomaly
0.9538333333333333,0.5912768092311551,0.3533834586466165,0.19747899159663865,0.25336927223719674,0.7609913107901959,0.17654232199300746,0.17654232199300746,0.2420090944323392,0.014925373134328358,0.8025210084033614,47,86,5676,191,0.035693310226556536,192720,32.12,0.315,0.022166666666666668,Hybrid_AddAnomaly
0.9548333333333333,0.5897833968714178,0.368,0.19327731092436976,0.2534435261707989,0.7609913107901959,0.17654232199300746,0.17654232199300746,0.24538171173713097,0.013710517181534189,0.8067226890756303,46,79,5683,192,0.035693310226556536,193580,32.263333333333335,0.325,0.020833333333333332,Hybrid_AddAnomaly
0.955,0.5838279775638128,0.3644067796610169,0.18067226890756302,0.24157303370786518,0.7609913107901959,0.17654232199300746,0.17654232199300746,0.23566255175327533,0.013016313779937522,0.819327731092437,43,75,5687,195,0.035693310226556536,196500,32.75,0.335,0.019666666666666666,Hybrid_AddAnomaly
0.956,0.5783064353822056,0.37735849056603776,0.16806722689075632,0.23255813953488375,0.7609913107901959,0.17654232199300746,0.17654232199300746,0.2320302230437195,0.011454356126345018,0.8319327731092437,40,66,5696,198,0.035693310226556536,199320,33.22,0.34500000000000003,0.017666666666666667,Hybrid_AddAnomaly
0.9565,0.5745386318359347,0.3838383838383838,0.15966386554621848,0.2255192878338279,0.7609913107901959,0.17654232199300746,0.17654232199300746,0.22840526649865012,0.010586601874349184,0.8403361344537815,38,61,5701,200,0.035693310226556536,201220,33.53666666666667,0.35500000000000004,0.0165,Hybrid_AddAnomaly
0.9568333333333333,0.5606137283097897,0.37349397590361444,0.13025210084033614,0.1931464174454829,0.7609913107901959,0.17654232199300746,0.17654232199300746,0.20257519625860448,0.009024644220756682,0.8697478991596639,31,52,5710,207,0.035693310226556536,208040,34.67333333333333,0.365,0.013833333333333333,Hybrid_AddAnomaly
0.9568333333333333,0.5545715335769851,0.36363636363636365,0.11764705882352941,0.17777777777777776,0.7609913107901959,0.17654232199300746,0.17654232199300746,0.189258341863973,0.008503991669559181,0.8823529411764706,28,49,5713,210,0.035693310226556536,210980,35.163333333333334,0.375,0.012833333333333334,Hybrid_AddAnomaly
0.9571666666666667,0.5547450844273842,0.37333333333333335,0.11764705882352941,0.17891373801916935,0.7609913107901959,0.17654232199300746,0.17654232199300746,0.19234257327280974,0.008156889968760846,0.8823529411764706,28,47,5715,210,0.035693310226556536,210940,35.156666666666666,0.3788472381148042,0.0125,Hybrid_AddAnomaly
0.9573333333333334,0.5487896651197792,0.36764705882352944,0.10504201680672269,0.16339869281045752,0.7609913107901959,0.17654232199300746,0.17654232199300746,0.1799193655038798,0.007462686567164179,0.8949579831932774,25,43,5719,213,0.035693310226556536,213860,35.64333333333333,0.385,0.011333333333333334,Hybrid_AddAnomaly
0.9568333333333333,0.5364449493785712,0.3220338983050847,0.07983193277310924,0.12794612794612795,0.7609913107901959,0.17654232199300746,0.17654232199300746,0.14417390794158472,0.006942034015966678,0.9201680672268907,19,40,5722,219,0.035693310226556536,219800,36.63333333333333,0.395,0.009833333333333333,Hybrid_AddAnomaly
0.9571666666666667,0.5346044353180356,0.32727272727272727,0.07563025210084033,0.1228668941979522,0.7609913107901959,0.17654232199300746,0.17654232199300746,0.14173581120378922,0.0064213814647691774,0.9243697478991597,18,37,5725,220,0.035693310226556536,220740,36.79,0.405,0.009166666666666667,Hybrid_AddAnomaly
0.9573333333333334,0.5286490160104306,0.3125,0.06302521008403361,0.1048951048951049,0.7609913107901959,0.17654232199300746,0.17654232199300746,0.12553439426242627,0.005727178063172509,0.9369747899159664,15,33,5729,223,0.035693310226556536,223660,37.276666666666664,0.41500000000000004,0.008,Hybrid_AddAnomaly
0.9575,0.5267217265246953,0.3111111111111111,0.058823529411764705,0.0989399293286219,0.7609913107901959,0.17654232199300746,0.17654232199300746,0.12089893534036109,0.005380076362374176,0.9411764705882353,14,31,5731,224,0.035693310226556536,224620,37.43666666666667,0.425,0.0075,Hybrid_AddAnomaly
0.9576666666666667,0.5207663072170903,0.2894736842105263,0.046218487394957986,0.07971014492753624,0.7609913107901959,0.17654232199300746,0.17654232199300746,0.10218251594169517,0.004685872960777508,0.9537815126050421,11,27,5735,227,0.035693310226556536,227540,37.92333333333333,0.435,0.006333333333333333,Hybrid_AddAnomaly
0.9581666666666667,0.5169985036708192,0.2903225806451613,0.037815126050420166,0.06691449814126393,0.7609913107901959,0.17654232199300746,0.17654232199300746,0.09255164839405988,0.0038181187087816732,0.9621848739495799,9,22,5740,229,0.035693310226556536,229440,38.24,0.445,0.005166666666666667,Hybrid_AddAnomaly
0.9588333333333333,0.5133174755497478,0.30434782608695654,0.029411764705882353,0.053639846743295014,0.7609913107901959,0.17654232199300746,0.17654232199300746,0.08412429997645707,0.0027768136063866713,0.9705882352941176,7,16,5746,231,0.035693310226556536,231320,38.553333333333335,0.455,0.003833333333333333,Hybrid_AddAnomaly
0.9593333333333334,0.5135778018253465,0.35,0.029411764705882353,0.05426356589147287,0.7609913107901959,0.17654232199300746,0.17654232199300746,0.0919536508934832,0.0022561610551891705,0.9705882352941176,7,13,5749,231,0.035693310226556536,231260,38.54333333333334,0.465,0.0033333333333333335,Hybrid_AddAnomaly
0.9593333333333334,0.5095496720034769,0.3125,0.02100840336134454,0.03937007874015749,0.7609913107901959,0.17654232199300746,0.17654232199300746,0.07228326693206985,0.0019090593543908366,0.9789915966386554,5,11,5751,233,0.035693310226556536,233220,38.87,0.47500000000000003,0.0026666666666666666,Hybrid_AddAnomaly
0.9596666666666667,0.5097232228538761,0.35714285714285715,0.02100840336134454,0.03968253968253969,0.7609913107901959,0.17654232199300746,0.17654232199300746,0.07866525718429249,0.0015619576535925027,0.9789915966386554,5,9,5753,233,0.035693310226556536,233180,38.86333333333334,0.485,0.0023333333333333335,Hybrid_AddAnomaly
0.9598333333333333,0.5077959333681408,0.36363636363636365,0.01680672268907563,0.0321285140562249,0.7609913107901959,0.17654232199300746,0.17654232199300746,0.07113768377948336,0.0012148559527941688,0.9831932773109243,4,7,5755,234,0.035693310226556536,234140,39.02333333333333,0.495,0.0018333333333333333,Hybrid_AddAnomaly
0.9598333333333333,0.5057818684572059,0.3333333333333333,0.012605042016806723,0.024291497975708502,0.7609913107901959,0.17654232199300746,0.17654232199300746,0.05831796937646121,0.0010413051023950017,0.9873949579831933,3,6,5756,235,0.035693310226556536,235120,39.18666666666667,0.505,0.0015,Hybrid_AddAnomaly
0.9598333333333333,0.503767803546271,0.2857142857142857,0.008403361344537815,0.016326530612244896,0.7609913107901959,0.17654232199300746,0.17654232199300746,0.04308461265564858,0.0008677542519958348,0.9915966386554622,2,5,5757,236,0.035693310226556536,236100,39.35,0.515,0.0011666666666666668,Hybrid_AddAnomaly
0.96,0.5038545789714706,0.3333333333333333,0.008403361344537815,0.016393442622950817,0.7609913107901959,0.17654232199300746,0.17654232199300746,0.04760450508948916,0.0006942034015966678,0.9915966386554622,2,4,5758,236,0.035693310226556536,236080,39.346666666666664,0.525,0.001,Hybrid_AddAnomaly
0.9598333333333333,0.5017537386353361,0.2,0.004201680672268907,0.008230452674897118,0.7609913107901959,0.17654232199300746,0.17654232199300746,0.023724134361245746,0.0006942034015966678,0.9957983193277311,1,4,5758,237,0.035693310226556536,237080,39.513333333333335,0.535,0.0008333333333333334,Hybrid_AddAnomaly
0.9596666666666667,0.4996528982992017,0.0,0.0,0.0,0.7609913107901959,0.17654232199300746,0.17654232199300746,-0.0052492956670396424,0.0006942034015966678,1.0,0,4,5758,238,0.035693310226556536,238080,39.68,0.545,0.0006666666666666666,Hybrid_AddAnomaly
0.9598333333333333,0.49973967372440126,0.0,0.0,0.0,0.7609913107901959,0.17654232199300746,0.17654232199300746,-0.004545644359034292,0.0005206525511975009,1.0,0,3,5759,238,0.035693310226556536,238060,39.67666666666667,0.555,0.0005,Hybrid_AddAnomaly
0.9598333333333333,0.49973967372440126,0.0,0.0,0.0,0.7609913107901959,0.17654232199300746,0.17654232199300746,-0.004545644359034292,0.0005206525511975009,1.0,0,3,5759,238,0.035693310226556536,238060,39.67666666666667,0.5650000000000001,0.0005,Hybrid_AddAnomaly
0.9598333333333333,0.49973967372440126,0.0,0.0,0.0,0.7609913107901959,0.17654232199300746,0.17654232199300746,-0.004545644359034292,0.0005206525511975009,1.0,0,3,5759,238,0.035693310226556536,238060,39.67666666666667,0.5750000000000001,0.0005,Hybrid_AddAnomaly
0.9598333333333333,0.49973967372440126,0.0,0.0,0.0,0.7609913107901959,0.17654232199300746,0.17654232199300746,-0.004545644359034292,0.0005206525511975009,1.0,0,3,5759,238,0.035693310226556536,238060,39.67666666666667,0.585,0.0005,Hybrid_AddAnomaly
0.96,0.49982644914960084,0.0,0.0,0.0,0.7609913107901959,0.17654232199300746,0.17654232199300746,-0.0037111936693132795,0.0003471017007983339,1.0,0,2,5760,238,0.035693310226556536,238040,39.67333333333333,0.595,0.0003333333333333333,Hybrid_AddAnomaly
0.9601666666666666,0.4999132245748004,0.0,0.0,0.0,0.7609913107901959,0.17654232199300746,0.17654232199300746,-0.0026239914801147713,0.00017355085039916696,1.0,0,1,5761,238,0.035693310226556536,238020,39.67,0.605,0.00016666666666666666,Hybrid_AddAnomaly
0.9601666666666666,0.4999132245748004,0.0,0.0,0.0,0.7609913107901959,0.17654232199300746,0.17654232199300746,-0.0026239914801147713,0.00017355085039916696,1.0,0,1,5761,238,0.035693310226556536,238020,39.67,0.615,0.00016666666666666666,Hybrid_AddAnomaly
0.9601666666666666,0.4999132245748004,0.0,0.0,0.0,0.7609913107901959,0.17654232199300746,0.17654232199300746,-0.0026239914801147713,0.00017355085039916696,1.0,0,1,5761,238,0.035693310226556536,238020,39.67,0.616779114451886,0.00016666666666666666,Hybrid_AddAnomaly
0.9603333333333334,0.5,0.0,0.0,0.0,0.7609913107901959,0.17654232199300746,0.17654232199300746,0.0,0.0,1.0,0,0,5762,238,0.035693310226556536,238000,39.666666666666664,0.625,0.0,Hybrid_AddAnomaly
0.9603333333333334,0.5,0.0,0.0,0.0,0.7609913107901959,0.17654232199300746,0.17654232199300746,0.0,0.0,1.0,0,0,5762,238,0.035693310226556536,238000,39.666666666666664,0.635,0.0,Hybrid_AddAnomaly
0.9603333333333334,0.5,0.0,0.0,0.0,0.7609913107901959,0.17654232199300746,0.17654232199300746,0.0,0.0,1.0,0,0,5762,238,0.035693310226556536,238000,39.666666666666664,0.645,0.0,Hybrid_AddAnomaly
0.9603333333333334,0.5,0.0,0.0,0.0,0.7609913107901959,0.17654232199300746,0.17654232199300746,0.0,0.0,1.0,0,0,5762,238,0.035693310226556536,238000,39.666666666666664,0.655,0.0,Hybrid_AddAnomaly
0.9603333333333334,0.5,0.0,0.0,0.0,0.7609913107901959,0.17654232199300746,0.17654232199300746,0.0,0.0,1.0,0,0,5762,238,0.035693310226556536,238000,39.666666666666664,0.665,0.0,Hybrid_AddAnomaly
0.9603333333333334,0.5,0.0,0.0,0.0,0.7609913107901959,0.17654232199300746,0.17654232199300746,0.0,0.0,1.0,0,0,5762,238,0.035693310226556536,238000,39.666666666666664,0.675,0.0,Hybrid_AddAnomaly
0.9603333333333334,0.5,0.0,0.0,0.0,0.7609913107901959,0.17654232199300746,0.17654232199300746,0.0,0.0,1.0,0,0,5762,238,0.035693310226556536,238000,39.666666666666664,0.685,0.0,Hybrid_AddAnomaly
0.9603333333333334,0.5,0.0,0.0,0.0,0.7609913107901959,0.17654232199300746,0.17654232199300746,0.0,0.0,1.0,0,0,5762,238,0.035693310226556536,238000,39.666666666666664,0.6950000000000001,0.0,Hybrid_AddAnomaly
0.9603333333333334,0.5,0.0,0.0,0.0,0.7609913107901959,0.17654232199300746,0.17654232199300746,0.0,0.0,1.0,0,0,5762,238,0.035693310226556536,238000,39.666666666666664,0.7050000000000001,0.0,Hybrid_AddAnomaly
0.9603333333333334,0.5,0.0,0.0,0.0,0.7609913107901959,0.17654232199300746,0.17654232199300746,0.0,0.0,1.0,0,0,5762,238,0.035693310226556536,238000,39.666666666666664,0.715,0.0,Hybrid_AddAnomaly
0.9603333333333334,0.5,0.0,0.0,0.0,0.7609913107901959,0.17654232199300746,0.17654232199300746,0.0,0.0,1.0,0,0,5762,238,0.035693310226556536,238000,39.666666666666664,0.725,0.0,Hybrid_AddAnomaly
0.9603333333333334,0.5,0.0,0.0,0.0,0.7609913107901959,0.17654232199300746,0.17654232199300746,0.0,0.0,1.0,0,0,5762,238,0.035693310226556536,238000,39.666666666666664,0.735,0.0,Hybrid_AddAnomaly
0.9603333333333334,0.5,0.0,0.0,0.0,0.7609913107901959,0.17654232199300746,0.17654232199300746,0.0,0.0,1.0,0,0,5762,238,0.035693310226556536,238000,39.666666666666664,0.745,0.0,Hybrid_AddAnomaly
0.9603333333333334,0.5,0.0,0.0,0.0,0.7609913107901959,0.17654232199300746,0.17654232199300746,0.0,0.0,1.0,0,0,5762,238,0.035693310226556536,238000,39.666666666666664,0.755,0.0,Hybrid_AddAnomaly
0.9603333333333334,0.5,0.0,0.0,0.0,0.7609913107901959,0.17654232199300746,0.17654232199300746,0.0,0.0,1.0,0,0,5762,238,0.035693310226556536,238000,39.666666666666664,0.765,0.0,Hybrid_AddAnomaly
0.9603333333333334,0.5,0.0,0.0,0.0,0.7609913107901959,0.17654232199300746,0.17654232199300746,0.0,0.0,1.0,0,0,5762,238,0.035693310226556536,238000,39.666666666666664,0.775,0.0,Hybrid_AddAnomaly
0.9603333333333334,0.5,0.0,0.0,0.0,0.7609913107901959,0.17654232199300746,0.17654232199300746,0.0,0.0,1.0,0,0,5762,238,0.035693310226556536,238000,39.666666666666664,0.785,0.0,Hybrid_AddAnomaly
0.9603333333333334,0.5,0.0,0.0,0.0,0.7609913107901959,0.17654232199300746,0.17654232199300746,0.0,0.0,1.0,0,0,5762,238,0.035693310226556536,238000,39.666666666666664,0.795,0.0,Hybrid_AddAnomaly
0.9603333333333334,0.5,0.0,0.0,0.0,0.7609913107901959,0.17654232199300746,0.17654232199300746,0.0,0.0,1.0,0,0,5762,238,0.035693310226556536,238000,39.666666666666664,0.805,0.0,Hybrid_AddAnomaly
0.9603333333333334,0.5,0.0,0.0,0.0,0.7609913107901959,0.17654232199300746,0.17654232199300746,0.0,0.0,1.0,0,0,5762,238,0.035693310226556536,238000,39.666666666666664,0.8150000000000001,0.0,Hybrid_AddAnomaly
0.9603333333333334,0.5,0.0,0.0,0.0,0.7609913107901959,0.17654232199300746,0.17654232199300746,0.0,0.0,1.0,0,0,5762,238,0.035693310226556536,238000,39.666666666666664,0.8250000000000001,0.0,Hybrid_AddAnomaly
0.9603333333333334,0.5,0.0,0.0,0.0,0.7609913107901959,0.17654232199300746,0.17654232199300746,0.0,0.0,1.0,0,0,5762,238,0.035693310226556536,238000,39.666666666666664,0.8350000000000001,0.0,Hybrid_AddAnomaly
0.9603333333333334,0.5,0.0,0.0,0.0,0.7609913107901959,0.17654232199300746,0.17654232199300746,0.0,0.0,1.0,0,0,5762,238,0.035693310226556536,238000,39.666666666666664,0.845,0.0,Hybrid_AddAnomaly
0.9603333333333334,0.5,0.0,0.0,0.0,0.7609913107901959,0.17654232199300746,0.17654232199300746,0.0,0.0,1.0,0,0,5762,238,0.035693310226556536,238000,39.666666666666664,0.855,0.0,Hybrid_AddAnomaly
0.9603333333333334,0.5,0.0,0.0,0.0,0.7609913107901959,0.17654232199300746,0.17654232199300746,0.0,0.0,1.0,0,0,5762,238,0.035693310226556536,238000,39.666666666666664,0.865,0.0,Hybrid_AddAnomaly
0.9603333333333334,0.5,0.0,0.0,0.0,0.7609913107901959,0.17654232199300746,0.17654232199300746,0.0,0.0,1.0,0,0,5762,238,0.035693310226556536,238000,39.666666666666664,0.875,0.0,Hybrid_AddAnomaly
0.9603333333333334,0.5,0.0,0.0,0.0,0.7609913107901959,0.17654232199300746,0.17654232199300746,0.0,0.0,1.0,0,0,5762,238,0.035693310226556536,238000,39.666666666666664,0.885,0.0,Hybrid_AddAnomaly
0.9603333333333334,0.5,0.0,0.0,0.0,0.7609913107901959,0.17654232199300746,0.17654232199300746,0.0,0.0,1.0,0,0,5762,238,0.035693310226556536,238000,39.666666666666664,0.895,0.0,Hybrid_AddAnomaly
0.9603333333333334,0.5,0.0,0.0,0.0,0.7609913107901959,0.17654232199300746,0.17654232199300746,0.0,0.0,1.0,0,0,5762,238,0.035693310226556536,238000,39.666666666666664,0.905,0.0,Hybrid_AddAnomaly
0.9603333333333334,0.5,0.0,0.0,0.0,0.7609913107901959,0.17654232199300746,0.17654232199300746,0.0,0.0,1.0,0,0,5762,238,0.035693310226556536,238000,39.666666666666664,0.915,0.0,Hybrid_AddAnomaly
0.9603333333333334,0.5,0.0,0.0,0.0,0.7609913107901959,0.17654232199300746,0.17654232199300746,0.0,0.0,1.0,0,0,5762,238,0.035693310226556536,238000,39.666666666666664,0.925,0.0,Hybrid_AddAnomaly
0.9603333333333334,0.5,0.0,0.0,0.0,0.7609913107901959,0.17654232199300746,0.17654232199300746,0.0,0.0,1.0,0,0,5762,238,0.035693310226556536,238000,39.666666666666664,0.935,0.0,Hybrid_AddAnomaly
0.9603333333333334,0.5,0.0,0.0,0.0,0.7609913107901959,0.17654232199300746,0.17654232199300746,0.0,0.0,1.0,0,0,5762,238,0.035693310226556536,238000,39.666666666666664,0.9450000000000001,0.0,Hybrid_AddAnomaly
0.9603333333333334,0.5,0.0,0.0,0.0,0.7609913107901959,0.17654232199300746,0.17654232199300746,0.0,0.0,1.0,0,0,5762,238,0.035693310226556536,238000,39.666666666666664,0.9550000000000001,0.0,Hybrid_AddAnomaly
0.9603333333333334,0.5,0.0,0.0,0.0,0.7609913107901959,0.17654232199300746,0.17654232199300746,0.0,0.0,1.0,0,0,5762,238,0.035693310226556536,238000,39.666666666666664,0.965,0.0,Hybrid_AddAnomaly
0.9603333333333334,0.5,0.0,0.0,0.0,0.7609913107901959,0.17654232199300746,0.17654232199300746,0.0,0.0,1.0,0,0,5762,238,0.035693310226556536,238000,39.666666666666664,0.975,0.0,Hybrid_AddAnomaly
0.9603333333333334,0.5,0.0,0.0,0.0,0.7609913107901959,0.17654232199300746,0.17654232199300746,0.0,0.0,1.0,0,0,5762,238,0.035693310226556536,238000,39.666666666666664,0.985,0.0,Hybrid_AddAnomaly
0.9603333333333334,0.5,0.0,0.0,0.0,0.7609913107901959,0.17654232199300746,0.17654232199300746,0.0,0.0,1.0,0,0,5762,238,0.035693310226556536,238000,39.666666666666664,0.995,0.0,Hybrid_AddAnomaly
0.9603333333333334,0.5,0.0,0.0,0.0,0.7609913107901959,0.17654232199300746,0.17654232199300746,0.0,0.0,1.0,0,0,5762,238,0.035693310226556536,238000,39.666666666666664,1.000001,0.0,Hybrid_AddAnomaly
0.03966666666666667,0.5,0.03966666666666667,1.0,0.07630650849631292,0.762567852548864,0.1794087396785282,0.1794087396785282,0.0,1.0,0.0,238,5762,0,0,0.03558087366535572,115240,19.206666666666667,0.003467131598111585,1.0,Hybrid_AddDeviceRecipient
0.041166666666666664,0.49876691391586137,0.039572549674403074,0.9957983193277311,0.07612012204914084,0.762567852548864,0.1794087396785282,0.1794087396785282,-0.011251877585923335,0.9982644914960084,0.004201680672268907,237,5752,10,1,0.03558087366535572,116040,19.34,0.005,0.9981666666666666,Hybrid_AddDeviceRecipient
0.051833333333333335,0.5043205411286348,0.04,0.9957983193277311,0.0769105954892098,0.762567852548864,0.1794087396785282,0.1794087396785282,0.015179883405146822,0.9871572370704617,0.004201680672268907,237,5688,74,1,0.03558087366535572,114760,19.126666666666665,0.006514002624529079,0.9875,Hybrid_AddDeviceRecipient
0.06366666666666666,0.5064534664959355,0.040170940170940174,0.9873949579831933,0.07720105124835742,0.762567852548864,0.1794087396785282,0.1794087396785282,0.016135209114522195,0.9744880249913225,0.012605042016806723,235,5615,147,3,0.03558087366535572,115300,19.216666666666665,0.007130754247126061,0.975,Hybrid_AddDeviceRecipient
0.07616666666666666,0.5129616233859042,0.04069264069264069,0.9873949579831933,0.0781639780475636,0.762567852548864,0.1794087396785282,0.1794087396785282,0.026631599204348898,0.961471711211385,0.012605042016806723,235,5540,222,3,0.03558087366535572,113800,18.966666666666665,0.007681851606695022,0.9625,Hybrid_AddDeviceRecipient
0.08833333333333333,0.5172821645145389,0.04105263157894737,0.9831932773109243,0.07881441562815762,0.762567852548864,0.1794087396785282,0.1794087396785282,0.030953173424005206,0.9486289482818466,0.01680672268907563,234,5466,296,4,0.03558087366535572,113320,18.886666666666667,0.00807660106197936,0.95,Hybrid_AddDeviceRecipient
0.10016666666666667,0.5194150898818396,0.041244444444444445,0.9747899159663865,0.07914037182329865,0.762567852548864,0.1794087396785282,0.1794087396785282,0.03130888557282085,0.9359597362027074,0.025210084033613446,232,5393,369,6,0.03558087366535572,113860,18.976666666666667,0.008543807808343304,0.9375,Hybrid_AddDeviceRecipient
0.11266666666666666,0.5259232467718084,0.041801801801801805,0.9747899159663865,0.08016586040082932,0.762567852548864,0.1794087396785282,0.1794087396785282,0.03841861874986014,0.9229434224227698,0.025210084033613446,232,5318,444,6,0.03558087366535572,112360,18.726666666666667,0.008929539914894351,0.925,Hybrid_AddDeviceRecipient
0.12516666666666668,0.5324314036617771,0.04237442922374429,0.9747899159663865,0.08121827411167512,0.762567852548864,0.1794087396785282,0.1794087396785282,0.044802178648257786,0.9099271086428323,0.025210084033613446,232,5243,519,6,0.03558087366535572,110860,18.476666666666667,0.009256323167998659,0.9125,Hybrid_AddDeviceRecipient
0.137,0.5345643290290778,0.04259259259259259,0.9663865546218487,0.08158921603405463,0.762567852548864,0.1794087396785282,0.1794087396785282,0.044973918312375856,0.8972578965636931,0.03361344537815126,230,5170,592,8,0.03558087366535572,111400,18.566666666666666,0.009569561875423675,0.9,Hybrid_AddDeviceRecipient
0.1485,0.5345096386350444,0.04262910798122066,0.9537815126050421,0.08161064174006831,0.762567852548864,0.1794087396785282,0.1794087396785282,0.04263181477468242,0.8847622353349531,0.046218487394957986,227,5098,664,11,0.03558087366535572,112960,18.826666666666668,0.009887651459110894,0.8875,Hybrid_AddDeviceRecipient
0.161,0.5410177955250133,0.043238095238095235,0.9537815126050421,0.08272594752186589,0.762567852548864,0.1794087396785282,0.1794087396785282,0.04841357278698562,0.8717459215550156,0.046218487394957986,227,5023,739,11,0.03558087366535572,111460,18.576666666666668,0.010226105255123321,0.875,Hybrid_AddDeviceRecipient
0.1735,0.547525952414982,0.04386473429951691,0.9537815126050421,0.08387215961573989,0.762567852548864,0.1794087396785282,0.1794087396785282,0.05387084386718988,0.8587296077750781,0.046218487394957986,227,4948,814,11,0.03558087366535572,109960,18.326666666666668,0.010482851363308777,0.8625,Hybrid_AddDeviceRecipient
0.186,0.5540341093049508,0.04450980392156863,0.9537815126050421,0.08505058074185087,0.762567852548864,0.1794087396785282,0.1794087396785282,0.05906997069129136,0.8457132939951406,0.046218487394957986,227,4873,889,11,0.03558087366535572,108460,18.076666666666668,0.010741958924222302,0.85,Hybrid_AddDeviceRecipient
0.19783333333333333,0.5561670346722514,0.04477611940298507,0.9453781512605042,0.08550256507695231,0.762567852548864,0.1794087396785282,0.1794087396785282,0.05943144042283197,0.8330440819160014,0.0546218487394958,225,4800,962,13,0.03558087366535572,109000,18.166666666666668,0.011018067514803411,0.8375,Hybrid_AddDeviceRecipient
0.20966666666666667,0.5582999600395521,0.04505050505050505,0.9369747899159664,0.08596761757902853,0.762567852548864,0.1794087396785282,0.1794087396785282,0.05989300580556102,0.8203748698368623,0.06302521008403361,223,4727,1035,15,0.03558087366535572,109540,18.256666666666668,0.01126823230268318,0.825,Hybrid_AddDeviceRecipient
0.22216666666666668,0.5648081169295208,0.045743589743589746,0.9369747899159664,0.08722863289653825,0.762567852548864,0.1794087396785282,0.1794087396785282,0.0648143145786739,0.8073585560569246,0.06302521008403361,223,4652,1110,15,0.03558087366535572,108040,18.006666666666668,0.011521502288674114,0.8125,Hybrid_AddDeviceRecipient
0.23466666666666666,0.5713162738194896,0.04645833333333333,0.9369747899159664,0.08852719333068677,0.762567852548864,0.1794087396785282,0.1794087396785282,0.06959571536313858,0.7943422422769871,0.06302521008403361,223,4577,1185,15,0.03558087366535572,106540,17.756666666666668,0.01174990718021961,0.8,Hybrid_AddDeviceRecipient
0.24716666666666667,0.5778244307094584,0.047195767195767194,0.9369747899159664,0.08986500100745516,0.762567852548864,0.1794087396785282,0.1794087396785282,0.0742617287187469,0.7813259284970496,0.06302521008403361,223,4502,1260,15,0.03558087366535572,105040,17.506666666666668,0.012018626419945737,0.7875,Hybrid_AddDeviceRecipient
0.259,0.579957356076759,0.047526881720430104,0.9285714285714286,0.09042553191489362,0.762567852548864,0.1794087396785282,0.1794087396785282,0.07474293806217357,0.7686567164179104,0.07142857142857142,221,4429,1333,17,0.03558087366535572,105580,17.596666666666668,0.012276080980015418,0.775,Hybrid_AddDeviceRecipient
0.27116666666666667,0.5842778972053938,0.048087431693989074,0.9243697478991597,0.0914190733430293,0.762567852548864,0.1794087396785282,0.1794087396785282,0.07730646432361622,0.7558139534883721,0.07563025210084033,220,4355,1407,18,0.03558087366535572,105100,17.516666666666666,0.012544434252933296,0.7625,Hybrid_AddDeviceRecipient
0.283,0.5864108225726945,0.04844444444444444,0.9159663865546218,0.09202195018995357,0.762567852548864,0.1794087396785282,0.1794087396785282,0.07789711153248731,0.7431447414092329,0.08403361344537816,218,4282,1480,20,0.03558087366535572,105640,17.606666666666666,0.012820765319056945,0.75,Hybrid_AddDeviceRecipient
0.29483333333333334,0.5885437479399951,0.0488135593220339,0.907563025210084,0.09264422045893202,0.762567852548864,0.1794087396785282,0.1794087396785282,0.07855359869716032,0.7304755293300937,0.09243697478991597,216,4209,1553,22,0.03558087366535572,106180,17.696666666666665,0.01310930533134292,0.7375,Hybrid_AddDeviceRecipient
0.30733333333333335,0.595051904829964,0.0496551724137931,0.907563025210084,0.09415867480383609,0.762567852548864,0.1794087396785282,0.1794087396785282,0.08309584816975064,0.7174592155501562,0.09243697478991597,216,4134,1628,22,0.03558087366535572,104680,17.446666666666665,0.013391830882933236,0.725,Hybrid_AddDeviceRecipient
0.3195,0.5993724459585986,0.050292397660818715,0.9033613445378151,0.09528030135165079,0.762567852548864,0.1794087396785282,0.1794087396785282,0.0857054563322944,0.7046164526206179,0.09663865546218488,215,4060,1702,23,0.03558087366535572,104200,17.366666666666667,0.01366766741971106,0.7125,Hybrid_AddDeviceRecipient
0.331,0.5993177555645653,0.05047619047619047,0.8907563025210085,0.09553853086976115,0.762567852548864,0.1794087396785282,0.1794087396785282,0.084600143557153,0.6921207913918778,0.1092436974789916,212,3988,1774,26,0.03558087366535572,105760,17.626666666666665,0.01390533470564072,0.7,Hybrid_AddDeviceRecipient
0.3431666666666667,0.6036382966932,0.05115151515151515,0.8865546218487395,0.09672243868897547,0.762567852548864,0.1794087396785282,0.1794087396785282,0.0872796016397573,0.6792780284623394,0.1134453781512605,211,3914,1848,27,0.03558087366535572,105280,17.546666666666667,0.014239722559082206,0.6875,Hybrid_AddDeviceRecipient
0.3556666666666667,0.6101464535831688,0.052098765432098765,0.8865546218487395,0.09841417910447761,0.762567852548864,0.1794087396785282,0.1794087396785282,0.0917974891430726,0.6662617146824019,0.1134453781512605,211,3839,1923,27,0.03558087366535572,103780,17.296666666666667,0.014561590457667679,0.675,Hybrid_AddDeviceRecipient
0.36783333333333335,0.6144669947118035,0.052830188679245285,0.8823529411764706,0.09969143128412059,0.762567852548864,0.1794087396785282,0.1794087396785282,0.09449401484797415,0.6534189517528636,0.11764705882352941,210,3765,1997,28,0.03558087366535572,103300,17.216666666666665,0.014895223376089391,0.6625,Hybrid_AddDeviceRecipient
0.371,0.6161157277905955,0.05308392315470172,0.8823529411764706,0.1001430615164521,0.762567852548864,0.1794087396785282,0.1794087396785282,0.09563735633106854,0.6501214855952794,0.11764705882352941,210,3746,2016,28,0.03558087366535572,102920,17.153333333333332,0.015,0.6593333333333333,Hybrid_AddDeviceRecipient
0.38,0.6187875358404382,0.05358974358974359,0.8781512605042017,0.10101498308361528,0.762567852548864,0.1794087396785282,0.1794087396785282,0.09721516633615732,0.6405761888233252,0.12184873949579832,209,3691,2071,29,0.03558087366535572,102820,17.136666666666667,0.015234644590353648,0.65,Hybrid_AddDeviceRecipient
0.3918333333333333,0.6209204612077389,0.05411764705882353,0.8697478991596639,0.10189515136598572,0.762567852548864,0.1794087396785282,0.1794087396785282,0.0981882558866448,0.627906976744186,0.13025210084033614,207,3618,2144,31,0.03558087366535572,103360,17.226666666666667,0.015530584733082602,0.6375,Hybrid_AddDeviceRecipient
0.404,0.6252410023363737,0.054933333333333334,0.865546218487395,0.10330992978936811,0.762567852548864,0.1794087396785282,0.1794087396785282,0.10098218022783062,0.6150642138146477,0.13445378151260504,206,3544,2218,32,0.03558087366535572,102880,17.14666666666667,0.015915310194373027,0.625,Hybrid_AddDeviceRecipient
0.4161666666666667,0.6295615434650084,0.055782312925170066,0.8613445378151261,0.1047789419882443,0.762567852548864,0.1794087396785282,0.1794087396785282,0.10381044768572749,0.6022214508851094,0.13865546218487396,205,3470,2292,33,0.03558087366535572,102400,17.066666666666666,0.016255839542103016,0.6125,Hybrid_AddDeviceRecipient
0.42866666666666664,0.6360697003549771,0.05694444444444444,0.8613445378151261,0.10682647212089628,0.762567852548864,0.1794087396785282,0.1794087396785282,0.10842006375717791,0.5892051371051719,0.13865546218487396,205,3395,2367,33,0.03558087366535572,100900,16.816666666666666,0.01665704807768002,0.6,Hybrid_AddDeviceRecipient
0.44016666666666665,0.6360150099609437,0.05730496453900709,0.8487394957983193,0.10736114802019664,0.762567852548864,0.1794087396785282,0.1794087396785282,0.10785114906850204,0.5767094758764318,0.15126050420168066,202,3323,2439,36,0.03558087366535572,102460,17.076666666666668,0.01702954357458574,0.5875,Hybrid_AddDeviceRecipient
0.452,0.6381479353282444,0.057971014492753624,0.8403361344537815,0.10845986984815618,0.762567852548864,0.1794087396785282,0.1794087396785282,0.10908621220266328,0.5640402637972926,0.15966386554621848,200,3250,2512,38,0.03558087366535572,103000,17.166666666666668,0.01752931170517003,0.575,Hybrid_AddDeviceRecipient
0.46416666666666667,0.6424684764568792,0.05896296296296296,0.8361344537815126,0.1101577636313313,0.762567852548864,0.1794087396785282,0.1794087396785282,0.1121043174311978,0.5511975008677542,0.1638655462184874,199,3176,2586,39,0.03558087366535572,102520,17.086666666666666,0.017890700139871207,0.5625,Hybrid_AddDeviceRecipient
0.4766666666666667,0.648976633346848,0.0603030303030303,0.8361344537815126,0.11249293386093838,0.762567852548864,0.1794087396785282,0.1794087396785282,0.11689189647926405,0.5381811870878167,0.1638655462184874,199,3101,2661,39,0.03558087366535572,101020,16.836666666666666,0.018346948764924438,0.55,Hybrid_AddDeviceRecipient
0.48883333333333334,0.6532971744754827,0.061395348837209304,0.8319327731092437,0.1143517181634421,0.762567852548864,0.1794087396785282,0.1794087396785282,0.12001703630095518,0.5253384241582784,0.16806722689075632,198,3027,2735,40,0.03558087366535572,100540,16.756666666666668,0.018799956307272683,0.5375,Hybrid_AddDeviceRecipient
0.49966666666666665,0.6488672525587813,0.06126984126984127,0.8109243697478992,0.11393152302243212,0.762567852548864,0.1794087396785282,0.1794087396785282,0.11636612366007815,0.5131898646303367,0.18907563025210083,193,2957,2805,45,0.03558087366535572,104140,17.356666666666666,0.019280055045993484,0.525,Hybrid_AddDeviceRecipient
0.5118333333333334,0.653187793687416,0.0624390243902439,0.8067226890756303,0.11590703290069423,0.762567852548864,0.1794087396785282,0.1794087396785282,0.11963100938769813,0.5003471017007983,0.19327731092436976,192,2883,2879,46,0.03558087366535572,103660,17.276666666666667,0.01978161299606977,0.5125,Hybrid_AddDeviceRecipient
0.524,0.6575083348160506,0.06366666666666666,0.8025210084033614,0.1179740580605312,0.762567852548864,0.1794087396785282,0.1794087396785282,0.12296666272750864,0.48750433877126,0.19747899159663865,191,2809,2953,47,0.03558087366535572,103180,17.196666666666665,0.02030939352069784,0.5,Hybrid_AddDeviceRecipient
0.5365,0.6640164917060194,0.0652991452991453,0.8025210084033614,0.12077141953841289,0.762567852548864,0.1794087396785282,0.1794087396785282,0.128087610551127,0.4744880249913225,0.19747899159663865,191,2734,3028,47,0.03558087366535572,101680,16.946666666666665,0.021004727207861913,0.4875,Hybrid_AddDeviceRecipient
0.549,0.6705246485959881,0.06701754385964913,0.8025210084033614,0.12370466321243524,0.762567852548864,0.1794087396785282,0.1794087396785282,0.13329521439093447,0.4614717112113849,0.19747899159663865,191,2659,3103,47,0.03558087366535572,100180,16.696666666666665,0.021564988289880713,0.475,Hybrid_AddDeviceRecipient
0.5615,0.6770328054859569,0.06882882882882883,0.8025210084033614,0.12678393627613674,0.762567852548864,0.1794087396785282,0.1794087396785282,0.13859976685914804,0.4484553974314474,0.19747899159663865,191,2584,3178,47,0.03558087366535572,98680,16.446666666666665,0.02232942154315038,0.4625,Hybrid_AddDeviceRecipient
0.574,0.6835409623759258,0.07074074074074074,0.8025210084033614,0.1300204220558203,0.762567852548864,0.1794087396785282,0.1794087396785282,0.14401218964185394,0.4354390836515099,0.19747899159663865,191,2509,3253,47,0.03558087366535572,97180,16.196666666666665,0.023041309841149462,0.45,Hybrid_AddDeviceRecipient
0.5858333333333333,0.6856738877432265,0.072,0.7941176470588235,0.13202933985330073,0.762567852548864,0.1794087396785282,0.1794087396785282,0.14610140409939215,0.4227698715723707,0.20588235294117646,189,2436,3326,49,0.03558087366535572,97720,16.286666666666665,0.023766408652876537,0.4375,Hybrid_AddDeviceRecipient
0.5973333333333334,0.6856191973491931,0.07294117647058823,0.7815126050420168,0.133428981348637,0.762567852548864,0.1794087396785282,0.1794087396785282,0.14657110222321423,0.4102742103436307,0.2184873949579832,186,2364,3398,52,0.03558087366535572,99280,16.546666666666667,0.02446658489017498,0.425,Hybrid_AddDeviceRecipient
0.6046666666666667,0.6833951213251701,0.0732,0.7689075630252101,0.13367421475529584,0.762567852548864,0.1794087396785282,0.1794087396785282,0.1452074346987277,0.40211732037486986,0.23109243697478993,183,2317,3445,55,0.03558087366535572,101340,16.89,0.025,0.4166666666666667,Hybrid_AddDeviceRecipient
0.6088333333333333,0.6855645069551597,0.07393939393939394,0.7689075630252101,0.13490600810910433,0.762567852548864,0.1794087396785282,0.1794087396785282,0.1471407112140842,0.3977785491148907,0.23109243697478993,183,2292,3470,55,0.03558087366535572,100840,16.80666666666667,0.02527008749762087,0.4125,Hybrid_AddDeviceRecipient
0.6213333333333333,0.6920726638451284,0.07625,0.7689075630252101,0.13874147081122062,0.762567852548864,0.1794087396785282,0.1794087396785282,0.15304311250611288,0.38476223533495313,0.23109243697478993,183,2217,3545,55,0.03558087366535572,99340,16.55666666666667,0.025984492133369647,0.4,Hybrid_AddDeviceRecipient
0.6338333333333334,0.6985808207350972,0.07870967741935483,0.7689075630252101,0.1428014046039797,0.762567852548864,0.1794087396785282,0.1794087396785282,0.1591117499142577,0.3717459215550156,0.23109243697478993,183,2142,3620,55,0.03558087366535572,97840,16.30666666666667,0.026883848555847342,0.3875,Hybrid_AddDeviceRecipient
0.6453333333333333,0.6985261303410639,0.08,0.7563025210084033,0.14469453376205788,0.762567852548864,0.1794087396785282,0.1794087396785282,0.16007218961878827,0.3592502603262756,0.24369747899159663,180,2070,3692,58,0.03558087366535572,99400,16.566666666666666,0.027800586642363893,0.375,Hybrid_AddDeviceRecipient
0.6571666666666667,0.7006590557083645,0.08183908045977012,0.7478991596638656,0.1475341898052217,0.762567852548864,0.1794087396785282,0.1794087396785282,0.1629365494563997,0.3465810482471364,0.25210084033613445,178,1997,3765,60,0.03558087366535572,99940,16.656666666666666,0.028925034205321744,0.3625,Hybrid_AddDeviceRecipient
0.6693333333333333,0.7049795968369993,0.08428571428571428,0.7436974789915967,0.1514114627887083,0.762567852548864,0.1794087396785282,0.1794087396785282,0.16775434780290865,0.3337382853175981,0.25630252100840334,177,1923,3839,61,0.03558087366535572,99460,16.576666666666668,0.03003376639567978,0.35,Hybrid_AddDeviceRecipient
0.6808333333333333,0.7049249064429659,0.08592592592592592,0.7310924369747899,0.15377817057003976,0.762567852548864,0.1794087396785282,0.1794087396785282,0.16916821482816968,0.321242624088858,0.2689075630252101,174,1851,3911,64,0.03558087366535572,101020,16.836666666666666,0.03107336013015997,0.3375,Hybrid_AddDeviceRecipient
0.692,0.7026826002875985,0.08717948717948718,0.7142857142857143,0.15539305301645337,0.762567852548864,0.1794087396785282,0.1794087396785282,0.168918319148077,0.3089205137105172,0.2857142857142857,170,1780,3982,68,0.03558087366535572,103600,17.266666666666666,0.032157693891670294,0.325,Hybrid_AddDeviceRecipient
0.7041666666666667,0.7070031414162332,0.09013333333333333,0.7100840336134454,0.15996213913866542,0.762567852548864,0.1794087396785282,0.1794087396785282,0.17432891409313003,0.2960777507809788,0.28991596638655465,169,1706,4056,69,0.03558087366535572,103120,17.186666666666667,0.03373577166975088,0.3125,Hybrid_AddDeviceRecipient
0.7133333333333334,0.7037195301584709,0.09105960264900662,0.6932773109243697,0.16097560975609757,0.762567852548864,0.1794087396785282,0.1794087396785282,0.17320296962543055,0.28583825060742796,0.3067226890756303,165,1647,4115,73,0.03558087366535572,105940,17.656666666666666,0.034999999999999996,0.302,Hybrid_AddDeviceRecipient
0.7153333333333334,0.7047608352608659,0.09166666666666666,0.6932773109243697,0.1619234543670265,0.762567852548864,0.1794087396785282,0.1794087396785282,0.17441791711342558,0.28375564040263795,0.3067226890756303,165,1635,4127,73,0.03558087366535572,105700,17.616666666666667,0.03513092664018882,0.3,Hybrid_AddDeviceRecipient
0.7271666666666666,0.7068937606281666,0.0944927536231884,0.6848739495798319,0.1660723382577687,0.762567852548864,0.1794087396785282,0.1794087396785282,0.1784390430958006,0.2710864283234988,0.31512605042016806,163,1562,4200,75,0.03558087366535572,106240,17.706666666666667,0.036662231184450896,0.2875,Hybrid_AddDeviceRecipient
0.7396666666666667,0.7134019175181354,0.09878787878787879,0.6848739495798319,0.17266949152542374,0.762567852548864,0.1794087396785282,0.1794087396785282,0.1865592632671847,0.25807011454356127,0.31512605042016806,163,1487,4275,75,0.03558087366535572,104740,17.456666666666667,0.0386466729769994,0.275,Hybrid_AddDeviceRecipient
0.7508333333333334,0.711159611362768,0.10095238095238095,0.6680672268907563,0.17539988968560397,0.762567852548864,0.1794087396785282,0.1794087396785282,0.1873350491474589,0.2457480041652204,0.3319327731092437,159,1416,4346,79,0.03558087366535572,107320,17.886666666666667,0.04025909373379734,0.2625,Hybrid_AddDeviceRecipient
0.7623333333333333,0.7111049209687346,0.104,0.6554621848739496,0.17951668584579977,0.762567852548864,0.1794087396785282,0.1794087396785282,0.19030560159202597,0.2332523429364804,0.3445378151260504,156,1344,4418,82,0.03558087366535572,108880,18.14666666666667,0.04258865076970507,0.25,Hybrid_AddDeviceRecipient
0.773,0.7086022885377684,0.10644257703081232,0.6386554621848739,0.18247298919567828,0.762567852548864,0.1794087396785282,0.1794087396785282,0.1912083946555565,0.22145088510933703,0.36134453781512604,152,1276,4486,86,0.03558087366535572,111520,18.586666666666666,0.045,0.238,Hybrid_AddDeviceRecipient
0.7735,0.7088626148133672,0.10666666666666667,0.6386554621848739,0.18280216476247746,0.762567852548864,0.1794087396785282,0.1794087396785282,0.19158558549765758,0.22093023255813954,0.36134453781512604,152,1273,4489,86,0.03558087366535572,111460,18.576666666666668,0.04504904869407732,0.2375,Hybrid_AddDeviceRecipient
0.7846666666666666,0.7066203086579999,0.10962962962962963,0.6218487394957983,0.18639798488664985,0.762567852548864,0.1794087396785282,0.1794087396785282,0.19314556771470023,0.20860812217979868,0.37815126050420167,148,1202,4560,90,0.03558087366535572,114040,19.006666666666668,0.04780931698466723,0.225,Hybrid_AddDeviceRecipient
0.7961666666666667,0.7065656182639665,0.11372549019607843,0.6092436974789915,0.19167217448777263,0.762567852548864,0.1794087396785282,0.1794087396785282,0.19710931087189532,0.19611246095105866,0.3907563025210084,145,1130,4632,93,0.03558087366535572,115600,19.266666666666666,0.051171048121401067,0.2125,Hybrid_AddDeviceRecipient
0.8065,0.7059034998935361,0.11764705882352941,0.5966386554621849,0.19653979238754327,0.762567852548864,0.1794087396785282,0.1794087396785282,0.2004986627211704,0.1848316556751128,0.40336134453781514,142,1065,4697,96,0.03558087366535572,117300,19.55,0.055,0.20116666666666666,Hybrid_AddDeviceRecipient
0.8076666666666666,0.7065109278699331,0.11833333333333333,0.5966386554621849,0.19749652294853964,0.762567852548864,0.1794087396785282,0.1794087396785282,0.20152869724786138,0.18361679972231865,0.40336134453781514,142,1058,4704,96,0.03558087366535572,117160,19.526666666666667,0.055769581313733226,0.2,Hybrid_AddDeviceRecipient
0.8185,0.7020810059532316,0.12177777777777778,0.5756302521008403,0.20102714600146737,0.762567852548864,0.1794087396785282,0.1794087396785282,0.2021003311124051,0.17146824019437695,0.42436974789915966,137,988,4774,101,0.03558087366535572,120760,20.126666666666665,0.06033773212385891,0.1875,Hybrid_AddDeviceRecipient
0.8268333333333333,0.6943353877476017,0.12323612417685795,0.5504201680672269,0.20138355111452727,0.762567852548864,0.1794087396785282,0.1794087396785282,0.19868212507374566,0.16174939257202361,0.4495798319327731,131,932,4830,107,0.03558087366535572,125640,20.94,0.065,0.17716666666666667,Hybrid_AddDeviceRecipient
0.8286666666666667,0.6932758525138621,0.12380952380952381,0.5462184873949579,0.2018633540372671,0.762567852548864,0.1794087396785282,0.1794087396785282,0.19855711305520887,0.1596667823672336,0.453781512605042,130,920,4842,108,0.03558087366535572,126400,21.066666666666666,0.06606214881090558,0.175,Hybrid_AddDeviceRecipient
0.8398333333333333,0.6910335463584948,0.12923076923076923,0.5294117647058824,0.20774938169826873,0.762567852548864,0.1794087396785282,0.1794087396785282,0.20213634021124838,0.14734467198889276,0.47058823529411764,126,849,4913,112,0.03558087366535572,128980,21.496666666666666,0.07148319394504996,0.1625,Hybrid_AddDeviceRecipient
0.8463333333333334,0.688375593208474,0.13225806451612904,0.5168067226890757,0.21061643835616442,0.762567852548864,0.1794087396785282,0.1794087396785282,0.20318155518890138,0.14005553627212775,0.4831932773109244,123,807,4955,115,0.03558087366535572,131140,21.856666666666666,0.07500000000000001,0.155,Hybrid_AddDeviceRecipient
0.851,0.6887912402031273,0.13555555555555557,0.5126050420168067,0.21441124780316345,0.762567852548864,0.1794087396785282,0.1794087396785282,0.20638617290115158,0.1350225616105519,0.48739495798319327,122,778,4984,116,0.03558087366535572,131560,21.926666666666666,0.07749281546687774,0.15,Hybrid_AddDeviceRecipient
0.8596666666666667,0.6832332377588314,0.13961813842482101,0.49159663865546216,0.2174721189591078,0.762567852548864,0.1794087396785282,0.1794087396785282,0.20633758702540392,0.12513016313779937,0.5084033613445378,117,721,5041,121,0.03558087366535572,135420,22.57,0.085,0.13966666666666666,Hybrid_AddDeviceRecipient
0.8618333333333333,0.684361318286426,0.14181818181818182,0.49159663865546216,0.22013170272812796,0.762567852548864,0.1794087396785282,0.1794087396785282,0.20897424013382865,0.1228740020826102,0.5084033613445378,117,708,5054,121,0.03558087366535572,135160,22.526666666666667,0.08637966229047425,0.1375,Hybrid_AddDeviceRecipient
0.8725,0.679844620944525,0.14913448735019974,0.47058823529411764,0.2264914054600607,0.762567852548864,0.1794087396785282,0.1794087396785282,0.21215061697349027,0.11089899340506769,0.5294117647058824,112,639,5123,126,0.03558087366535572,138780,23.13,0.095,0.12516666666666668,Hybrid_AddDeviceRecipient
0.8726666666666667,0.6799313963697245,0.14933333333333335,0.47058823529411764,0.22672064777327935,0.762567852548864,0.1794087396785282,0.1794087396785282,0.21237420595891024,0.11072544255466851,0.5294117647058824,112,638,5124,126,0.03558087366535572,138760,23.126666666666665,0.09509492889024289,0.125,Hybrid_AddDeviceRecipient
0.882,0.6706923658043571,0.15441176470588236,0.4411764705882353,0.22875816993464054,0.762567852548864,0.1794087396785282,0.1794087396785282,0.21018848817460895,0.099791738979521,0.5588235294117647,105,575,5187,133,0.03558087366535572,144500,24.083333333333332,0.10500000000000001,0.11333333333333333,Hybrid_AddDeviceRecipient
0.8828333333333334,0.671126242930355,0.15555555555555556,0.4411764705882353,0.2300109529025192,0.762567852548864,0.1794087396785282,0.1794087396785282,0.21140245393023976,0.09892398472752517,0.5588235294117647,105,570,5192,133,0.03558087366535572,144400,24.066666666666666,0.10669065388724362,0.1125,Hybrid_AddDeviceRecipient
0.8895,0.664526935383664,0.16,0.42016806722689076,0.2317497103128621,0.762567852548864,0.1794087396785282,0.1794087396785282,0.2102387987532542,0.09111419645956265,0.5798319327731093,100,525,5237,138,0.03558087366535572,148500,24.75,0.115,0.10416666666666667,Hybrid_AddDeviceRecipient
0.8933333333333333,0.6645087052523196,0.165,0.41596638655462187,0.23627684964200482,0.762567852548864,0.1794087396785282,0.1794087396785282,0.21405307956270025,0.08694897604998264,0.5840336134453782,99,501,5261,139,0.03558087366535572,149020,24.836666666666666,0.11767651511692198,0.1,Hybrid_AddDeviceRecipient
0.9003333333333333,0.6661392081997672,0.17625899280575538,0.4117647058823529,0.24685138539042817,0.762567852548864,0.1794087396785282,0.1794087396785282,0.2236561184468032,0.07948628948281847,0.5882352941176471,98,458,5304,140,0.03558087366535572,149160,24.86,0.125,0.09266666666666666,Hybrid_AddDeviceRecipient
0.9045,0.6622663990969522,0.18095238095238095,0.39915966386554624,0.2490170380078637,0.762567852548864,0.1794087396785282,0.1794087396785282,0.22416199671059164,0.07462686567164178,0.6008403361344538,95,430,5332,143,0.03558087366535572,151600,25.266666666666666,0.13100533249544138,0.0875,Hybrid_AddDeviceRecipient
0.907,0.6615539655640111,0.18503937007874016,0.3949579831932773,0.2520107238605898,0.762567852548864,0.1794087396785282,0.1794087396785282,0.22652993667281704,0.07185005206525512,0.6050420168067226,94,414,5348,144,0.03558087366535572,152280,25.38,0.135,0.08466666666666667,Hybrid_AddDeviceRecipient
0.9118333333333334,0.6620563879838641,0.1949685534591195,0.3907563025210084,0.2601398601398601,0.762567852548864,0.1794087396785282,0.1794087396785282,0.23384309200803446,0.06664352655328011,0.6092436974789915,93,384,5378,145,0.03558087366535572,152680,25.446666666666665,0.14500000000000002,0.0795,Hybrid_AddDeviceRecipient
0.9153333333333333,0.6578364771802507,0.2,0.37815126050420167,0.26162790697674426,0.762567852548864,0.1794087396785282,0.1794087396785282,0.23391589390737633,0.062478306143700105,0.6218487394957983,90,360,5402,148,0.03558087366535572,155200,25.866666666666667,0.15352476001037849,0.075,Hybrid_AddDeviceRecipient
0.916,0.6581835788810491,0.20179372197309417,0.37815126050420167,0.2631578947368421,0.762567852548864,0.1794087396785282,0.1794087396785282,0.2353944024084589,0.061784102742103435,0.6218487394957983,90,356,5406,148,0.03558087366535572,155120,25.85333333333333,0.155,0.07433333333333333,Hybrid_AddDeviceRecipient
0.9201666666666667,0.6522967048672992,0.20823244552058112,0.36134453781512604,0.2642089093701997,0.762567852548864,0.1794087396785282,0.1794087396785282,0.23481792529708112,0.056751128080527596,0.6386554621848739,86,327,5435,152,0.03558087366535572,158540,26.423333333333332,0.165,0.06883333333333333,Hybrid_AddDeviceRecipient
0.924,0.6462362800031501,0.21465968586387435,0.3445378151260504,0.264516129032258,0.762567852548864,0.1794087396785282,0.1794087396785282,0.2337963265192224,0.05206525511975009,0.6554621848739496,82,300,5462,156,0.03558087366535572,162000,27.0,0.17500000000000002,0.06366666666666666,Hybrid_AddDeviceRecipient
0.9251666666666667,0.6468437079795473,0.21866666666666668,0.3445378151260504,0.267536704730832,0.762567852548864,0.1794087396785282,0.1794087396785282,0.23680100778316612,0.05085039916695592,0.6554621848739496,82,293,5469,156,0.03558087366535572,161860,26.976666666666667,0.1770786064820916,0.0625,Hybrid_AddDeviceRecipient
0.928,0.6422766954751356,0.22443181818181818,0.3319327731092437,0.2677966101694915,0.762567852548864,0.1794087396785282,0.1794087396785282,0.23633072925537899,0.047379382158972576,0.6680672268907563,79,273,5489,159,0.03558087366535572,164460,27.41,0.185,0.058666666666666666,Hybrid_AddDeviceRecipient
0.9318333333333333,0.6402444004328562,0.23692307692307693,0.3235294117647059,0.27353463587921845,0.762567852548864,0.1794087396785282,0.1794087396785282,0.24186109672014988,0.04304061089899341,0.6764705882352942,77,248,5514,161,0.03558087366535572,165960,27.66,0.195,0.05416666666666667,Hybrid_AddDeviceRecipient
0.9341666666666667,0.6374311265637806,0.24429967426710097,0.31512605042016806,0.2752293577981651,0.762567852548864,0.1794087396785282,0.1794087396785282,0.24347278755248747,0.040263797292606734,0.6848739495798319,75,232,5530,163,0.03558087366535572,167640,27.94,0.20500000000000002,0.051166666666666666,Hybrid_AddDeviceRecipient
0.935,0.6358509387788438,0.24666666666666667,0.31092436974789917,0.275092936802974,0.762567852548864,0.1794087396785282,0.1794087396785282,0.24331545185199027,0.03922249219021173,0.6890756302521008,74,226,5536,164,0.03558087366535572,168520,28.086666666666666,0.20924720898568464,0.05,Hybrid_AddDeviceRecipient
0.9366666666666666,0.6326905632089698,0.2517482517482518,0.3025210084033613,0.2748091603053435,0.762567852548864,0.1794087396785282,0.1794087396785282,0.24310394364324192,0.03713988198542173,0.6974789915966386,72,214,5548,166,0.03558087366535572,170280,28.38,0.215,0.04766666666666667,Hybrid_AddDeviceRecipient
0.9391666666666667,0.6239218700322893,0.2567049808429119,0.2815126050420168,0.2685370741482966,0.762567852548864,0.1794087396785282,0.1794087396785282,0.23714539383641234,0.03366886497743839,0.7184873949579832,67,194,5568,171,0.03558087366535572,174880,29.14666666666667,0.225,0.0435,Hybrid_AddDeviceRecipient
0.9431666666666667,0.6260044802370792,0.28270042194092826,0.2815126050420168,0.2821052631578947,0.762567852548864,0.1794087396785282,0.1794087396785282,0.2525181538807697,0.02950364456785838,0.7184873949579832,67,170,5592,171,0.03558087366535572,174400,29.066666666666666,0.23500000000000001,0.0395,Hybrid_AddDeviceRecipient
0.9445,0.6226705538168061,0.28888888888888886,0.27310924369747897,0.2807775377969762,0.762567852548864,0.1794087396785282,0.1794087396785282,0.2520450506976986,0.027768136063866713,0.726890756302521,65,160,5602,173,0.03558087366535572,176200,29.366666666666667,0.2410818002689133,0.0375,Hybrid_AddDeviceRecipient
0.945,0.6189027502705351,0.2889908256880734,0.2647058823529412,0.2763157894736842,0.762567852548864,0.1794087396785282,0.1794087396785282,0.24804456235023353,0.026900381811870877,0.7352941176470589,63,155,5607,175,0.03558087366535572,178100,29.683333333333334,0.245,0.036333333333333336,Hybrid_AddDeviceRecipient
0.947,0.6078596659073209,0.29381443298969073,0.23949579831932774,0.2638888888888889,0.762567852548864,0.1794087396785282,0.1794087396785282,0.23802621527795023,0.023776466504685873,0.7605042016806722,57,137,5625,181,0.03558087366535572,183740,30.623333333333335,0.255,0.03233333333333333,Hybrid_AddDeviceRecipient
0.9483333333333334,0.6045257394870479,0.3021978021978022,0.23109243697478993,0.26190476190476186,0.762567852548864,0.1794087396785282,0.1794087396785282,0.2379062204048507,0.022040958000694204,0.7689075630252101,55,127,5635,183,0.03558087366535572,185540,30.923333333333332,0.265,0.030333333333333334,Hybrid_AddDeviceRecipient
0.9491666666666667,0.5948892920583714,0.2994011976047904,0.21008403361344538,0.24691358024691362,0.762567852548864,0.1794087396785282,0.1794087396785282,0.22517391764603778,0.020305449496702533,0.7899159663865546,50,117,5645,188,0.03558087366535572,190340,31.723333333333333,0.275,0.027833333333333335,Hybrid_AddDeviceRecipient
0.95,0.5892809744515647,0.30128205128205127,0.19747899159663865,0.23857868020304568,0.762567852548864,0.1794087396785282,0.1794087396785282,0.21900126329875963,0.018917042693509196,0.8025210084033614,47,109,5653,191,0.03558087366535572,193180,32.196666666666665,0.28500000000000003,0.026,Hybrid_AddDeviceRecipient
0.9506666666666667,0.5876140112414282,0.30666666666666664,0.19327731092436976,0.2371134020618557,0.762567852548864,0.1794087396785282,0.1794087396785282,0.2190559745886827,0.018049288441513364,0.8067226890756303,46,104,5658,192,0.03558087366535572,194080,32.346666666666664,0.28863484994998667,0.025,Hybrid_AddDeviceRecipient
0.9521666666666667,0.5883949900682245,0.3262411347517731,0.19327731092436976,0.2427440633245383,0.762567852548864,0.1794087396785282,0.1794087396785282,0.22777782790288664,0.016487330787920862,0.8067226890756303,46,95,5667,192,0.03558087366535572,193900,32.31666666666667,0.295,0.0235,Hybrid_AddDeviceRecipient
0.9536666666666667,0.5891759688950207,0.3484848484848485,0.19327731092436976,0.24864864864864866,0.762567852548864,0.1794087396785282,0.1794087396785282,0.2373126667320619,0.014925373134328358,0.8067226890756303,46,86,5676,192,0.03558087366535572,193720,32.28666666666667,0.305,0.022,Hybrid_AddDeviceRecipient
0.9548333333333333,0.5877693319604829,0.36585365853658536,0.18907563025210083,0.24930747922437674,0.762567852548864,0.1794087396785282,0.1794087396785282,0.2417783964660558,0.013536966331135023,0.8109243697478992,45,78,5684,193,0.03558087366535572,194560,32.42666666666667,0.315,0.0205,Hybrid_AddDeviceRecipient
0.9551666666666667,0.5839147529890123,0.36752136752136755,0.18067226890756302,0.24225352112676055,0.762567852548864,0.1794087396785282,0.1794087396785282,0.2368923665872112,0.012842762929538355,0.819327731092437,43,74,5688,195,0.03558087366535572,196480,32.74666666666667,0.325,0.0195,Hybrid_AddDeviceRecipient
0.9561666666666667,0.582421340629275,0.3853211009174312,0.17647058823529413,0.24207492795389052,0.762567852548864,0.1794087396785282,0.1794087396785282,0.24090011932377417,0.011627906976744186,0.8235294117647058,42,67,5695,196,0.03558087366535572,197340,32.89,0.335,0.018166666666666668,Hybrid_AddDeviceRecipient
0.9563333333333334,0.574451856410735,0.38,0.15966386554621848,0.22485207100591714,0.762567852548864,0.1794087396785282,0.1794087396785282,0.2270150377985676,0.010760152724748352,0.8403361344537815,38,62,5700,200,0.03558087366535572,201240,33.54,0.34500000000000003,0.016666666666666666,Hybrid_AddDeviceRecipient
0.957,0.5707708282896636,0.391304347826087,0.15126050420168066,0.2181818181818182,0.762567852548864,0.1794087396785282,0.1794087396785282,0.2248253212869003,0.00971884762235335,0.8487394957983193,36,56,5706,202,0.03558087366535572,203120,33.85333333333333,0.35500000000000004,0.015333333333333332,Hybrid_AddDeviceRecipient
0.9571666666666667,0.5648154089820586,0.38823529411764707,0.13865546218487396,0.2043343653250774,0.762567852548864,0.1794087396785282,0.1794087396785282,0.21409007266876537,0.009024644220756682,0.8613445378151261,33,52,5710,205,0.03558087366535572,206040,34.34,0.365,0.014166666666666666,Hybrid_AddDeviceRecipient
0.957,0.5546583090021847,0.3684210526315789,0.11764705882352941,0.17834394904458598,0.762567852548864,0.1794087396785282,0.1794087396785282,0.19078620598843934,0.008330440819160014,0.8823529411764706,28,48,5714,210,0.03558087366535572,210960,35.16,0.375,0.012666666666666666,Hybrid_AddDeviceRecipient
0.9568333333333333,0.5525574686660503,0.36,0.1134453781512605,0.17252396166134185,0.762567852548864,0.1794087396785282,0.1794087396785282,0.18465655635881134,0.008330440819160014,0.8865546218487395,27,48,5714,211,0.03558087366535572,211960,35.32666666666667,0.3793024921166214,0.0125,Hybrid_AddDeviceRecipient
0.9576666666666667,0.5529913457920481,0.38571428571428573,0.1134453781512605,0.17532467532467533,0.762567852548864,0.1794087396785282,0.1794087396785282,0.19263432863739463,0.007462686567164179,0.8865546218487395,27,43,5719,211,0.03558087366535572,211860,35.31,0.385,0.011666666666666667,Hybrid_AddDeviceRecipient
0.9573333333333334,0.5427474703869746,0.3548387096774194,0.09243697478991597,0.14666666666666667,0.762567852548864,0.1794087396785282,0.1794087396785282,0.16500594052446102,0.006942034015966678,0.907563025210084,22,40,5722,216,0.03558087366535572,216800,36.13333333333333,0.395,0.010333333333333333,Hybrid_AddDeviceRecipient
0.9571666666666667,0.5325903704071007,0.32075471698113206,0.07142857142857142,0.11683848797250858,0.762567852548864,0.1794087396785282,0.1794087396785282,0.13595885348310446,0.006247830614370011,0.9285714285714286,17,36,5726,221,0.03558087366535572,221720,36.95333333333333,0.405,0.008833333333333334,Hybrid_AddDeviceRecipient
0.9576666666666667,0.5288225668608297,0.32608695652173914,0.06302521008403361,0.1056338028169014,0.762567852548864,0.1794087396785282,0.1794087396785282,0.1289895196518131,0.005380076362374176,0.9369747899159664,15,31,5731,223,0.03558087366535572,223620,37.27,0.41500000000000004,0.007666666666666666,Hybrid_AddDeviceRecipient
0.9573333333333334,0.5205927563666911,0.275,0.046218487394957986,0.07913669064748202,0.762567852548864,0.1794087396785282,0.1794087396785282,0.09877941663590036,0.005032974661575842,0.9537815126050421,11,29,5733,227,0.03558087366535572,227580,37.93,0.425,0.006666666666666667,Hybrid_AddDeviceRecipient
0.9576666666666667,0.5187522423061554,0.2777777777777778,0.04201680672268908,0.07299270072992702,0.762567852548864,0.1794087396785282,0.1794087396785282,0.09478469991891726,0.004512322110378341,0.957983193277311,10,26,5736,228,0.03558087366535572,228520,38.086666666666666,0.435,0.006,Hybrid_AddDeviceRecipient
0.9581666666666667,0.5169985036708192,0.2903225806451613,0.037815126050420166,0.06691449814126393,0.762567852548864,0.1794087396785282,0.1794087396785282,0.09255164839405988,0.0038181187087816732,0.9621848739495799,9,22,5740,229,0.03558087366535572,229440,38.24,0.445,0.005166666666666667,Hybrid_AddDeviceRecipient
0.959,0.5174323807968172,0.34615384615384615,0.037815126050420166,0.06818181818181818,0.762567852548864,0.1794087396785282,0.1794087396785282,0.10359588914010254,0.0029503644567858383,0.9621848739495799,9,17,5745,229,0.03558087366535572,229340,38.223333333333336,0.455,0.004333333333333333,Hybrid_AddDeviceRecipient
0.9591666666666666,0.5155050913110819,0.34782608695652173,0.03361344537815126,0.06130268199233717,0.762567852548864,0.1794087396785282,0.1794087396785282,0.09794310849254814,0.0026032627559875042,0.9663865546218487,8,15,5747,230,0.03558087366535572,230300,38.38333333333333,0.465,0.003833333333333333,Hybrid_AddDeviceRecipient
0.9593333333333334,0.5095496720034769,0.3125,0.02100840336134454,0.03937007874015749,0.762567852548864,0.1794087396785282,0.1794087396785282,0.07228326693206985,0.0019090593543908366,0.9789915966386554,5,11,5751,233,0.03558087366535572,233220,38.87,0.47500000000000003,0.0026666666666666666,Hybrid_AddDeviceRecipient
0.9593333333333334,0.507535607092542,0.2857142857142857,0.01680672268907563,0.031746031746031744,0.762567852548864,0.1794087396785282,0.1794087396785282,0.060966459257723,0.0017355085039916696,0.9831932773109243,4,10,5752,234,0.03558087366535572,234200,39.03333333333333,0.485,0.0023333333333333335,Hybrid_AddDeviceRecipient
0.9596666666666667,0.5077091579429411,0.3333333333333333,0.01680672268907563,0.032,0.762567852548864,0.1794087396785282,0.1794087396785282,0.0673566572089314,0.0013884068031933356,0.9831932773109243,4,8,5754,234,0.03558087366535572,234160,39.026666666666664,0.495,0.002,Hybrid_AddDeviceRecipient
0.9596666666666667,0.5077091579429411,0.3333333333333333,0.01680672268907563,0.032,0.762567852548864,0.1794087396785282,0.1794087396785282,0.0673566572089314,0.0013884068031933356,0.9831932773109243,4,8,5754,234,0.03558087366535572,234160,39.026666666666664,0.505,0.002,Hybrid_AddDeviceRecipient
0.96,0.5058686438824055,0.375,0.012605042016806723,0.024390243902439025,0.762567852548864,0.1794087396785282,0.1794087396785282,0.06277864851002218,0.0008677542519958348,0.9873949579831933,3,5,5757,235,0.03558087366535572,235100,39.18333333333333,0.515,0.0013333333333333333,Hybrid_AddDeviceRecipient
0.96,0.5038545789714706,0.3333333333333333,0.008403361344537815,0.016393442622950817,0.762567852548864,0.1794087396785282,0.1794087396785282,0.04760450508948916,0.0006942034015966678,0.9915966386554622,2,4,5758,236,0.03558087366535572,236080,39.346666666666664,0.525,0.001,Hybrid_AddDeviceRecipient
0.9601666666666666,0.5039413543966702,0.4,0.008403361344537815,0.016460905349794237,0.762567852548864,0.1794087396785282,0.1794087396785282,0.05331764915697848,0.0005206525511975009,0.9915966386554622,2,3,5759,236,0.03558087366535572,236060,39.343333333333334,0.535,0.0008333333333333334,Hybrid_AddDeviceRecipient
0.9601666666666666,0.5039413543966702,0.4,0.008403361344537815,0.016460905349794237,0.762567852548864,0.1794087396785282,0.1794087396785282,0.05331764915697848,0.0005206525511975009,0.9915966386554622,2,3,5759,236,0.03558087366535572,236060,39.343333333333334,0.545,0.0008333333333333334,Hybrid_AddDeviceRecipient
0.9598333333333333,0.49973967372440126,0.0,0.0,0.0,0.762567852548864,0.1794087396785282,0.1794087396785282,-0.004545644359034292,0.0005206525511975009,1.0,0,3,5759,238,0.03558087366535572,238060,39.67666666666667,0.555,0.0005,Hybrid_AddDeviceRecipient
0.9598333333333333,0.49973967372440126,0.0,0.0,0.0,0.762567852548864,0.1794087396785282,0.1794087396785282,-0.004545644359034292,0.0005206525511975009,1.0,0,3,5759,238,0.03558087366535572,238060,39.67666666666667,0.5650000000000001,0.0005,Hybrid_AddDeviceRecipient
0.9598333333333333,0.49973967372440126,0.0,0.0,0.0,0.762567852548864,0.1794087396785282,0.1794087396785282,-0.004545644359034292,0.0005206525511975009,1.0,0,3,5759,238,0.03558087366535572,238060,39.67666666666667,0.5750000000000001,0.0005,Hybrid_AddDeviceRecipient
0.9598333333333333,0.49973967372440126,0.0,0.0,0.0,0.762567852548864,0.1794087396785282,0.1794087396785282,-0.004545644359034292,0.0005206525511975009,1.0,0,3,5759,238,0.03558087366535572,238060,39.67666666666667,0.585,0.0005,Hybrid_AddDeviceRecipient
0.96,0.49982644914960084,0.0,0.0,0.0,0.762567852548864,0.1794087396785282,0.1794087396785282,-0.0037111936693132795,0.0003471017007983339,1.0,0,2,5760,238,0.03558087366535572,238040,39.67333333333333,0.595,0.0003333333333333333,Hybrid_AddDeviceRecipient
0.9601666666666666,0.4999132245748004,0.0,0.0,0.0,0.762567852548864,0.1794087396785282,0.1794087396785282,-0.0026239914801147713,0.00017355085039916696,1.0,0,1,5761,238,0.03558087366535572,238020,39.67,0.605,0.00016666666666666666,Hybrid_AddDeviceRecipient
0.9601666666666666,0.4999132245748004,0.0,0.0,0.0,0.762567852548864,0.1794087396785282,0.1794087396785282,-0.0026239914801147713,0.00017355085039916696,1.0,0,1,5761,238,0.03558087366535572,238020,39.67,0.6067901017994425,0.00016666666666666666,Hybrid_AddDeviceRecipient
0.9603333333333334,0.5,0.0,0.0,0.0,0.762567852548864,0.1794087396785282,0.1794087396785282,0.0,0.0,1.0,0,0,5762,238,0.03558087366535572,238000,39.666666666666664,0.615,0.0,Hybrid_AddDeviceRecipient
0.9603333333333334,0.5,0.0,0.0,0.0,0.762567852548864,0.1794087396785282,0.1794087396785282,0.0,0.0,1.0,0,0,5762,238,0.03558087366535572,238000,39.666666666666664,0.625,0.0,Hybrid_AddDeviceRecipient
0.9603333333333334,0.5,0.0,0.0,0.0,0.762567852548864,0.1794087396785282,0.1794087396785282,0.0,0.0,1.0,0,0,5762,238,0.03558087366535572,238000,39.666666666666664,0.635,0.0,Hybrid_AddDeviceRecipient
0.9603333333333334,0.5,0.0,0.0,0.0,0.762567852548864,0.1794087396785282,0.1794087396785282,0.0,0.0,1.0,0,0,5762,238,0.03558087366535572,238000,39.666666666666664,0.645,0.0,Hybrid_AddDeviceRecipient
0.9603333333333334,0.5,0.0,0.0,0.0,0.762567852548864,0.1794087396785282,0.1794087396785282,0.0,0.0,1.0,0,0,5762,238,0.03558087366535572,238000,39.666666666666664,0.655,0.0,Hybrid_AddDeviceRecipient
0.9603333333333334,0.5,0.0,0.0,0.0,0.762567852548864,0.1794087396785282,0.1794087396785282,0.0,0.0,1.0,0,0,5762,238,0.03558087366535572,238000,39.666666666666664,0.665,0.0,Hybrid_AddDeviceRecipient
0.9603333333333334,0.5,0.0,0.0,0.0,0.762567852548864,0.1794087396785282,0.1794087396785282,0.0,0.0,1.0,0,0,5762,238,0.03558087366535572,238000,39.666666666666664,0.675,0.0,Hybrid_AddDeviceRecipient
0.9603333333333334,0.5,0.0,0.0,0.0,0.762567852548864,0.1794087396785282,0.1794087396785282,0.0,0.0,1.0,0,0,5762,238,0.03558087366535572,238000,39.666666666666664,0.685,0.0,Hybrid_AddDeviceRecipient
0.9603333333333334,0.5,0.0,0.0,0.0,0.762567852548864,0.1794087396785282,0.1794087396785282,0.0,0.0,1.0,0,0,5762,238,0.03558087366535572,238000,39.666666666666664,0.6950000000000001,0.0,Hybrid_AddDeviceRecipient
0.9603333333333334,0.5,0.0,0.0,0.0,0.762567852548864,0.1794087396785282,0.1794087396785282,0.0,0.0,1.0,0,0,5762,238,0.03558087366535572,238000,39.666666666666664,0.7050000000000001,0.0,Hybrid_AddDeviceRecipient
0.9603333333333334,0.5,0.0,0.0,0.0,0.762567852548864,0.1794087396785282,0.1794087396785282,0.0,0.0,1.0,0,0,5762,238,0.03558087366535572,238000,39.666666666666664,0.715,0.0,Hybrid_AddDeviceRecipient
0.9603333333333334,0.5,0.0,0.0,0.0,0.762567852548864,0.1794087396785282,0.1794087396785282,0.0,0.0,1.0,0,0,5762,238,0.03558087366535572,238000,39.666666666666664,0.725,0.0,Hybrid_AddDeviceRecipient
0.9603333333333334,0.5,0.0,0.0,0.0,0.762567852548864,0.1794087396785282,0.1794087396785282,0.0,0.0,1.0,0,0,5762,238,0.03558087366535572,238000,39.666666666666664,0.735,0.0,Hybrid_AddDeviceRecipient
0.9603333333333334,0.5,0.0,0.0,0.0,0.762567852548864,0.1794087396785282,0.1794087396785282,0.0,0.0,1.0,0,0,5762,238,0.03558087366535572,238000,39.666666666666664,0.745,0.0,Hybrid_AddDeviceRecipient
0.9603333333333334,0.5,0.0,0.0,0.0,0.762567852548864,0.1794087396785282,0.1794087396785282,0.0,0.0,1.0,0,0,5762,238,0.03558087366535572,238000,39.666666666666664,0.755,0.0,Hybrid_AddDeviceRecipient
0.9603333333333334,0.5,0.0,0.0,0.0,0.762567852548864,0.1794087396785282,0.1794087396785282,0.0,0.0,1.0,0,0,5762,238,0.03558087366535572,238000,39.666666666666664,0.765,0.0,Hybrid_AddDeviceRecipient
0.9603333333333334,0.5,0.0,0.0,0.0,0.762567852548864,0.1794087396785282,0.1794087396785282,0.0,0.0,1.0,0,0,5762,238,0.03558087366535572,238000,39.666666666666664,0.775,0.0,Hybrid_AddDeviceRecipient
0.9603333333333334,0.5,0.0,0.0,0.0,0.762567852548864,0.1794087396785282,0.1794087396785282,0.0,0.0,1.0,0,0,5762,238,0.03558087366535572,238000,39.666666666666664,0.785,0.0,Hybrid_AddDeviceRecipient
0.9603333333333334,0.5,0.0,0.0,0.0,0.762567852548864,0.1794087396785282,0.1794087396785282,0.0,0.0,1.0,0,0,5762,238,0.03558087366535572,238000,39.666666666666664,0.795,0.0,Hybrid_AddDeviceRecipient
0.9603333333333334,0.5,0.0,0.0,0.0,0.762567852548864,0.1794087396785282,0.1794087396785282,0.0,0.0,1.0,0,0,5762,238,0.03558087366535572,238000,39.666666666666664,0.805,0.0,Hybrid_AddDeviceRecipient
0.9603333333333334,0.5,0.0,0.0,0.0,0.762567852548864,0.1794087396785282,0.1794087396785282,0.0,0.0,1.0,0,0,5762,238,0.03558087366535572,238000,39.666666666666664,0.8150000000000001,0.0,Hybrid_AddDeviceRecipient
0.9603333333333334,0.5,0.0,0.0,0.0,0.762567852548864,0.1794087396785282,0.1794087396785282,0.0,0.0,1.0,0,0,5762,238,0.03558087366535572,238000,39.666666666666664,0.8250000000000001,0.0,Hybrid_AddDeviceRecipient
0.9603333333333334,0.5,0.0,0.0,0.0,0.762567852548864,0.1794087396785282,0.1794087396785282,0.0,0.0,1.0,0,0,5762,238,0.03558087366535572,238000,39.666666666666664,0.8350000000000001,0.0,Hybrid_AddDeviceRecipient
0.9603333333333334,0.5,0.0,0.0,0.0,0.762567852548864,0.1794087396785282,0.1794087396785282,0.0,0.0,1.0,0,0,5762,238,0.03558087366535572,238000,39.666666666666664,0.845,0.0,Hybrid_AddDeviceRecipient
0.9603333333333334,0.5,0.0,0.0,0.0,0.762567852548864,0.1794087396785282,0.1794087396785282,0.0,0.0,1.0,0,0,5762,238,0.03558087366535572,238000,39.666666666666664,0.855,0.0,Hybrid_AddDeviceRecipient
0.9603333333333334,0.5,0.0,0.0,0.0,0.762567852548864,0.1794087396785282,0.1794087396785282,0.0,0.0,1.0,0,0,5762,238,0.03558087366535572,238000,39.666666666666664,0.865,0.0,Hybrid_AddDeviceRecipient
0.9603333333333334,0.5,0.0,0.0,0.0,0.762567852548864,0.1794087396785282,0.1794087396785282,0.0,0.0,1.0,0,0,5762,238,0.03558087366535572,238000,39.666666666666664,0.875,0.0,Hybrid_AddDeviceRecipient
0.9603333333333334,0.5,0.0,0.0,0.0,0.762567852548864,0.1794087396785282,0.1794087396785282,0.0,0.0,1.0,0,0,5762,238,0.03558087366535572,238000,39.666666666666664,0.885,0.0,Hybrid_AddDeviceRecipient
0.9603333333333334,0.5,0.0,0.0,0.0,0.762567852548864,0.1794087396785282,0.1794087396785282,0.0,0.0,1.0,0,0,5762,238,0.03558087366535572,238000,39.666666666666664,0.895,0.0,Hybrid_AddDeviceRecipient
0.9603333333333334,0.5,0.0,0.0,0.0,0.762567852548864,0.1794087396785282,0.1794087396785282,0.0,0.0,1.0,0,0,5762,238,0.03558087366535572,238000,39.666666666666664,0.905,0.0,Hybrid_AddDeviceRecipient
0.9603333333333334,0.5,0.0,0.0,0.0,0.762567852548864,0.1794087396785282,0.1794087396785282,0.0,0.0,1.0,0,0,5762,238,0.03558087366535572,238000,39.666666666666664,0.915,0.0,Hybrid_AddDeviceRecipient
0.9603333333333334,0.5,0.0,0.0,0.0,0.762567852548864,0.1794087396785282,0.1794087396785282,0.0,0.0,1.0,0,0,5762,238,0.03558087366535572,238000,39.666666666666664,0.925,0.0,Hybrid_AddDeviceRecipient
0.9603333333333334,0.5,0.0,0.0,0.0,0.762567852548864,0.1794087396785282,0.1794087396785282,0.0,0.0,1.0,0,0,5762,238,0.03558087366535572,238000,39.666666666666664,0.935,0.0,Hybrid_AddDeviceRecipient
0.9603333333333334,0.5,0.0,0.0,0.0,0.762567852548864,0.1794087396785282,0.1794087396785282,0.0,0.0,1.0,0,0,5762,238,0.03558087366535572,238000,39.666666666666664,0.9450000000000001,0.0,Hybrid_AddDeviceRecipient
0.9603333333333334,0.5,0.0,0.0,0.0,0.762567852548864,0.1794087396785282,0.1794087396785282,0.0,0.0,1.0,0,0,5762,238,0.03558087366535572,238000,39.666666666666664,0.9550000000000001,0.0,Hybrid_AddDeviceRecipient
0.9603333333333334,0.5,0.0,0.0,0.0,0.762567852548864,0.1794087396785282,0.1794087396785282,0.0,0.0,1.0,0,0,5762,238,0.03558087366535572,238000,39.666666666666664,0.965,0.0,Hybrid_AddDeviceRecipient
0.9603333333333334,0.5,0.0,0.0,0.0,0.762567852548864,0.1794087396785282,0.1794087396785282,0.0,0.0,1.0,0,0,5762,238,0.03558087366535572,238000,39.666666666666664,0.975,0.0,Hybrid_AddDeviceRecipient
0.9603333333333334,0.5,0.0,0.0,0.0,0.762567852548864,0.1794087396785282,0.1794087396785282,0.0,0.0,1.0,0,0,5762,238,0.03558087366535572,238000,39.666666666666664,0.985,0.0,Hybrid_AddDeviceRecipient
0.9603333333333334,0.5,0.0,0.0,0.0,0.762567852548864,0.1794087396785282,0.1794087396785282,0.0,0.0,1.0,0,0,5762,238,0.03558087366535572,238000,39.666666666666664,0.995,0.0,Hybrid_AddDeviceRecipient
0.9603333333333334,0.5,0.0,0.0,0.0,0.762567852548864,0.1794087396785282,0.1794087396785282,0.0,0.0,1.0,0,0,5762,238,0.03558087366535572,238000,39.666666666666664,1.000001,0.0,Hybrid_AddDeviceRecipient
0.03966666666666667,0.5,0.03966666666666667,1.0,0.07630650849631292,0.7652790376824107,0.18379871116699076,0.18379871116699076,0.0,1.0,0.0,238,5762,0,0,0.03555472933342633,115240,19.206666666666667,0.004613601488796315,1.0,FullHybrid
0.0415,0.5009545296771954,0.03973952245783937,1.0,0.07644130399871527,0.7652790376824107,0.18379871116699076,0.18379871116699076,0.00871005781193001,0.9980909406456092,0.0,238,5751,11,0,0.03555472933342633,115020,19.17,0.005,0.9981666666666666,FullHybrid
0.0515,0.5021329253673007,0.039831223628691986,0.9915966386554622,0.07658607820866462,0.7652790376824107,0.18379871116699076,0.18379871116699076,0.007493866491148432,0.9873307879208608,0.008403361344537815,236,5689,73,2,0.03555472933342633,115780,19.296666666666667,0.006239010409682117,0.9875,FullHybrid
0.06366666666666666,0.5064534664959355,0.040170940170940174,0.9873949579831933,0.07720105124835742,0.7652790376824107,0.18379871116699076,0.18379871116699076,0.016135209114522195,0.9744880249913225,0.012605042016806723,235,5615,147,3,0.03555472933342633,115300,19.216666666666665,0.00689675558422052,0.975,FullHybrid
0.07583333333333334,0.5107740076245701,0.04051948051948052,0.9831932773109243,0.07783136537502079,0.7652790376824107,0.18379871116699076,0.18379871116699076,0.02213681452850942,0.9616452620617841,0.01680672268907563,234,5541,221,4,0.03555472933342633,114820,19.136666666666667,0.007383061402912299,0.9625,FullHybrid
0.088,0.5150945487532048,0.04087719298245614,0.9789915966386554,0.07847760188615695,0.7652790376824107,0.18379871116699076,0.18379871116699076,0.0270350502057767,0.9488024991322458,0.02100840336134454,233,5467,295,5,0.03555472933342633,114340,19.05666666666667,0.007798679307289246,0.95,FullHybrid
0.10016666666666667,0.5194150898818396,0.041244444444444445,0.9747899159663865,0.07914037182329865,0.7652790376824107,0.18379871116699076,0.18379871116699076,0.03130888557282085,0.9359597362027074,0.025210084033613446,232,5393,369,6,0.03555472933342633,113860,18.976666666666667,0.008236589954018088,0.9375,FullHybrid
0.11266666666666666,0.5259232467718084,0.041801801801801805,0.9747899159663865,0.08016586040082932,0.7652790376824107,0.18379871116699076,0.18379871116699076,0.03841861874986014,0.9229434224227698,0.025210084033613446,232,5318,444,6,0.03555472933342633,112360,18.726666666666667,0.008613970895129467,0.925,FullHybrid
0.12516666666666668,0.5324314036617771,0.04237442922374429,0.9747899159663865,0.08121827411167512,0.7652790376824107,0.18379871116699076,0.18379871116699076,0.044802178648257786,0.9099271086428323,0.025210084033613446,232,5243,519,6,0.03555472933342633,110860,18.476666666666667,0.008946549641997013,0.9125,FullHybrid
0.137,0.5345643290290778,0.04259259259259259,0.9663865546218487,0.08158921603405463,0.7652790376824107,0.18379871116699076,0.18379871116699076,0.044973918312375856,0.8972578965636931,0.03361344537815126,230,5170,592,8,0.03555472933342633,111400,18.566666666666666,0.009263809898699413,0.9,FullHybrid
0.14883333333333335,0.5366972543963785,0.0428169014084507,0.957983193277311,0.08197015998561927,0.7652790376824107,0.18379871116699076,0.18379871116699076,0.04533430699494755,0.884588684484554,0.04201680672268908,228,5097,665,10,0.03555472933342633,111940,18.656666666666666,0.009607345543028091,0.8875,FullHybrid
0.161,0.5410177955250133,0.043238095238095235,0.9537815126050421,0.08272594752186589,0.7652790376824107,0.18379871116699076,0.18379871116699076,0.04841357278698562,0.8717459215550156,0.046218487394957986,227,5023,739,11,0.03555472933342633,111460,18.576666666666668,0.00991164148334221,0.875,FullHybrid
0.17316666666666666,0.545338336653648,0.043671497584541065,0.9495798319327731,0.0835026787363754,0.7652790376824107,0.18379871116699076,0.18379871116699076,0.051391173263406684,0.8589031586254773,0.05042016806722689,226,4949,813,12,0.03555472933342633,110980,18.496666666666666,0.010186720540762922,0.8625,FullHybrid
0.18533333333333332,0.5496588777822826,0.04411764705882353,0.9453781512605042,0.08430123641813414,0.7652790376824107,0.18379871116699076,0.18379871116699076,0.05428697711304914,0.8460603956959389,0.0546218487394958,225,4875,887,13,0.03555472933342633,110500,18.416666666666668,0.010469624586680878,0.85,FullHybrid
0.1975,0.5539794189109174,0.0445771144278607,0.9411764705882353,0.0851225536766103,0.7652790376824107,0.18379871116699076,0.18379871116699076,0.0571166813021764,0.8332176327664006,0.058823529411764705,224,4801,961,14,0.03555472933342633,110020,18.336666666666666,0.010674734185959262,0.8375,FullHybrid
0.21,0.5604875758008862,0.04525252525252525,0.9411764705882353,0.08635312259059369,0.7652790376824107,0.18379871116699076,0.18379871116699076,0.06214039814348076,0.820201318986463,0.058823529411764705,224,4726,1036,14,0.03555472933342633,108520,18.086666666666666,0.010932103810688204,0.825,FullHybrid
0.2225,0.5669957326908549,0.04594871794871795,0.9411764705882353,0.08761979268531195,0.7652790376824107,0.18379871116699076,0.18379871116699076,0.06700213954335488,0.8071850052065255,0.058823529411764705,224,4651,1111,14,0.03555472933342633,107020,17.836666666666666,0.011194027460753628,0.8125,FullHybrid
0.23433333333333334,0.5691286580581556,0.04625,0.9327731092436975,0.08813021040095276,0.7652790376824107,0.18379871116699076,0.18379871116699076,0.06746087746856377,0.7945157931273863,0.06722689075630252,222,4578,1184,16,0.03555472933342633,107560,17.926666666666666,0.011457002949626852,0.8,FullHybrid
0.24683333333333332,0.5756368149481244,0.04698412698412698,0.9327731092436975,0.08946201894015715,0.7652790376824107,0.18379871116699076,0.18379871116699076,0.07217425918343426,0.7814994793474488,0.06722689075630252,222,4503,1259,16,0.03555472933342633,106060,17.676666666666666,0.011734233013949918,0.7875,FullHybrid
0.25933333333333336,0.5821449718380931,0.04774193548387097,0.9327731092436975,0.09083469721767594,0.7652790376824107,0.18379871116699076,0.18379871116699076,0.07678788848795123,0.7684831655675113,0.06722689075630252,222,4428,1334,16,0.03555472933342633,104560,17.426666666666666,0.011959399656210443,0.775,FullHybrid
0.2715,0.5864655129667279,0.04830601092896175,0.9285714285714286,0.09183461458549763,0.7652790376824107,0.18379871116699076,0.18379871116699076,0.07931312141183468,0.7556404026379729,0.07142857142857142,221,4354,1408,17,0.03555472933342633,104080,17.346666666666668,0.012278340539818912,0.7625,FullHybrid
0.2836666666666667,0.5907860540953626,0.04888888888888889,0.9243697478991597,0.09286618826509077,0.7652790376824107,0.18379871116699076,0.18379871116699076,0.08184126907843604,0.7427976397084346,0.07563025210084033,220,4280,1482,18,0.03555472933342633,103600,17.266666666666666,0.012593484457431024,0.75,FullHybrid
0.29583333333333334,0.5951065952239972,0.04949152542372881,0.9201680672268907,0.09393094574308385,0.7652790376824107,0.18379871116699076,0.18379871116699076,0.0843759778470425,0.7299548767788963,0.07983193277310924,219,4206,1556,19,0.03555472933342633,103120,17.186666666666667,0.012887802468200987,0.7375,FullHybrid
0.30766666666666664,0.5972395205912979,0.049885057471264364,0.9117647058823529,0.0945945945945946,0.7652790376824107,0.18379871116699076,0.18379871116699076,0.08500829576859416,0.7172856646997571,0.08823529411764706,217,4133,1629,21,0.03555472933342633,103660,17.276666666666667,0.01316961152205386,0.725,FullHybrid
0.3195,0.5993724459585986,0.050292397660818715,0.9033613445378151,0.09528030135165079,0.7652790376824107,0.18379871116699076,0.18379871116699076,0.0857054563322944,0.7046164526206179,0.09663865546218488,215,4060,1702,23,0.03555472933342633,104200,17.366666666666667,0.01348469495616393,0.7125,FullHybrid
0.332,0.6058806028485674,0.05119047619047619,0.9033613445378151,0.09689049121225776,0.7652790376824107,0.18379871116699076,0.18379871116699076,0.09019046141335255,0.6916001388406803,0.09663865546218488,215,3985,1777,23,0.03555472933342633,102700,17.116666666666667,0.013756127454593559,0.7,FullHybrid
0.3441666666666667,0.6102011439772022,0.05187878787878788,0.8991596638655462,0.09809763923905569,0.7652790376824107,0.18379871116699076,0.18379871116699076,0.09280654211298732,0.6787573759111419,0.10084033613445378,214,3911,1851,24,0.03555472933342633,102220,17.036666666666665,0.01403683580299285,0.6875,FullHybrid
0.35633333333333334,0.6145216851058368,0.052592592592592594,0.8949579831932774,0.09934701492537314,0.7652790376824107,0.18379871116699076,0.18379871116699076,0.09544386408420756,0.6659146129816036,0.10504201680672269,213,3837,1925,25,0.03555472933342633,101740,16.956666666666667,0.014392073513733842,0.675,FullHybrid
0.3675,0.6122793789504695,0.052578616352201256,0.8781512605042017,0.0992167101827676,0.7652790376824107,0.18379871116699076,0.18379871116699076,0.09268810916526084,0.6535925026032627,0.12184873949579832,209,3766,1996,29,0.03555472933342633,104320,17.386666666666667,0.01473634750729214,0.6625,FullHybrid
0.378,0.6177462307380432,0.053425357873210635,0.8781512605042017,0.10072289156626506,0.7652790376824107,0.18379871116699076,0.18379871116699076,0.09649114155812892,0.6426587990281153,0.12184873949579832,209,3703,2059,29,0.03555472933342633,103060,17.176666666666666,0.015,0.652,FullHybrid
0.38,0.6187875358404382,0.05358974358974359,0.8781512605042017,0.10101498308361528,0.7652790376824107,0.18379871116699076,0.18379871116699076,0.09721516633615732,0.6405761888233252,0.12184873949579832,209,3691,2071,29,0.03555472933342633,102820,17.136666666666667,0.015056619085302541,0.65,FullHybrid
0.39216666666666666,0.6231080769690729,0.05437908496732026,0.8739495798319328,0.10238739847403396,0.7652790376824107,0.18379871116699076,0.18379871116699076,0.09996461510666552,0.6277334258937869,0.12605042016806722,208,3617,2145,30,0.03555472933342633,102340,17.05666666666667,0.015406008718003817,0.6375,FullHybrid
0.4043333333333333,0.6274286180977077,0.0552,0.8697478991596639,0.10381143430290872,0.7652790376824107,0.18379871116699076,0.18379871116699076,0.10274606110517265,0.6148906629642485,0.13025210084033614,207,3543,2219,31,0.03555472933342633,101860,16.976666666666667,0.01574724973931474,0.625,FullHybrid
0.4161666666666667,0.6295615434650084,0.055782312925170066,0.8613445378151261,0.1047789419882443,0.7652790376824107,0.18379871116699076,0.18379871116699076,0.10381044768572749,0.6022214508851094,0.13865546218487396,205,3470,2292,33,0.03555472933342633,102400,17.066666666666666,0.01608084507356666,0.6125,FullHybrid
0.42833333333333334,0.633882084593643,0.056666666666666664,0.8571428571428571,0.10630536737884314,0.7652790376824107,0.18379871116699076,0.18379871116699076,0.10667697591542265,0.589378687955571,0.14285714285714285,204,3396,2366,34,0.03555472933342633,101920,16.986666666666668,0.016383847229626727,0.6,FullHybrid
0.44083333333333335,0.6403902414836118,0.05787234042553192,0.8571428571428571,0.10842412968376296,0.7652790376824107,0.18379871116699076,0.18379871116699076,0.11132042607914948,0.5763623741756334,0.14285714285714285,204,3321,2441,34,0.03555472933342633,100420,16.736666666666668,0.016829243846244197,0.5875,FullHybrid
0.453,0.6447107826122466,0.058840579710144926,0.8529411764705882,0.11008676789587853,0.7652790376824107,0.18379871116699076,0.18379871116699076,0.11426845506264728,0.5635196112460951,0.14705882352941177,203,3247,2515,35,0.03555472933342633,99940,16.656666666666666,0.01720298856195744,0.575,FullHybrid
0.46416666666666667,0.6424684764568792,0.05896296296296296,0.8361344537815126,0.1101577636313313,0.7652790376824107,0.18379871116699076,0.18379871116699076,0.1121043174311978,0.5511975008677542,0.1638655462184874,199,3176,2586,39,0.03555472933342633,102520,17.086666666666666,0.017668424949396428,0.5625,FullHybrid
0.47633333333333333,0.6467890175855139,0.06,0.8319327731092437,0.11192764273600904,0.7652790376824107,0.18379871116699076,0.18379871116699076,0.11517542222846722,0.5383547379382159,0.16806722689075632,198,3102,2660,40,0.03555472933342633,102040,17.006666666666668,0.018164988571377574,0.55,FullHybrid
0.4885,0.6511095587141487,0.06108527131782946,0.8277310924369747,0.11377418423332371,0.7652790376824107,0.18379871116699076,0.18379871116699076,0.11830434224029225,0.5255119750086775,0.1722689075630252,197,3028,2734,41,0.03555472933342633,101560,16.926666666666666,0.018656451879762587,0.5375,FullHybrid
0.5003333333333333,0.6532424840814492,0.06190476190476191,0.819327731092437,0.11511216056670602,0.7652790376824107,0.18379871116699076,0.18379871116699076,0.11978614198954407,0.5128427629295383,0.18067226890756302,195,2955,2807,43,0.03555472933342633,102100,17.016666666666666,0.019196007733755252,0.525,FullHybrid
0.5125,0.657563025210084,0.06308943089430895,0.8151260504201681,0.11711439782674314,0.7652790376824107,0.18379871116699076,0.18379871116699076,0.12304781793857848,0.5,0.18487394957983194,194,2881,2881,44,0.03555472933342633,101620,16.936666666666667,0.01968947212955504,0.5125,FullHybrid
0.5246666666666666,0.6618835663387188,0.06433333333333334,0.8109243697478992,0.11920938851142682,0.7652790376824107,0.18379871116699076,0.18379871116699076,0.12638240335882833,0.48715723707046166,0.18907563025210083,193,2807,2955,45,0.03555472933342633,101140,16.856666666666666,0.020194046142589826,0.5,FullHybrid
0.5368333333333334,0.6662041074673535,0.06564102564102564,0.8067226890756303,0.12140373063547266,0.7652790376824107,0.18379871116699076,0.18379871116699076,0.12979601482656716,0.4743144741409233,0.19327731092436976,192,2733,3029,46,0.03555472933342633,100660,16.776666666666667,0.020725987064614693,0.4875,FullHybrid
0.5493333333333333,0.6727122643573222,0.06736842105263158,0.8067226890756303,0.12435233160621763,0.7652790376824107,0.18379871116699076,0.18379871116699076,0.13500522355566744,0.46129816036098575,0.19327731092436976,192,2658,3104,46,0.03555472933342633,99160,16.526666666666667,0.021348530038215862,0.475,FullHybrid
0.5615,0.6770328054859569,0.06882882882882883,0.8025210084033614,0.12678393627613674,0.7652790376824107,0.18379871116699076,0.18379871116699076,0.13859976685914804,0.4484553974314474,0.19747899159663865,191,2584,3178,47,0.03555472933342633,98680,16.446666666666665,0.022080828420330403,0.4625,FullHybrid
0.5736666666666667,0.6813533466145918,0.07037037037037037,0.7983193277310925,0.12933968686181074,0.7652790376824107,0.18379871116699076,0.18379871116699076,0.14229571539105712,0.43561263450190907,0.20168067226890757,190,2510,3252,48,0.03555472933342633,98200,16.366666666666667,0.022779144396806787,0.45,FullHybrid
0.5858333333333333,0.6856738877432265,0.072,0.7941176470588235,0.13202933985330073,0.7652790376824107,0.18379871116699076,0.18379871116699076,0.14610140409939215,0.4227698715723707,0.20588235294117646,189,2436,3326,49,0.03555472933342633,97720,16.286666666666665,0.023530080394944405,0.4375,FullHybrid
0.5976666666666667,0.687806813110527,0.07333333333333333,0.7857142857142857,0.13414634146341464,0.7652790376824107,0.18379871116699076,0.18379871116699076,0.14829851650987558,0.4101006594932315,0.21428571428571427,187,2363,3399,51,0.03555472933342633,98260,16.376666666666665,0.02444260534330996,0.425,FullHybrid
0.6075,0.6929265631973025,0.07507025291047772,0.7857142857142857,0.13704653719311102,0.7652790376824107,0.18379871116699076,0.18379871116699076,0.15283350782236724,0.3998611593196807,0.21428571428571427,187,2304,3458,51,0.03555472933342633,97080,16.18,0.025,0.4151666666666667,FullHybrid
0.6101666666666666,0.6943149700004958,0.07555555555555556,0.7857142857142857,0.13785477331367488,0.7652790376824107,0.18379871116699076,0.18379871116699076,0.15407926523537907,0.397084345713294,0.21428571428571427,187,2288,3474,51,0.03555472933342633,96760,16.126666666666665,0.025141493412685574,0.4125,FullHybrid
0.6223333333333333,0.6986355111291306,0.0775,0.7815126050420168,0.14101592115238817,0.7652790376824107,0.18379871116699076,0.18379871116699076,0.1582723760313787,0.38424158278375564,0.2184873949579832,186,2214,3548,52,0.03555472933342633,96280,16.046666666666667,0.02597684370290276,0.4,FullHybrid
0.6338333333333334,0.6985808207350972,0.07870967741935483,0.7689075630252101,0.1428014046039797,0.7652790376824107,0.18379871116699076,0.18379871116699076,0.1591117499142577,0.3717459215550156,0.23109243697478993,183,2142,3620,55,0.03555472933342633,97840,16.30666666666667,0.02690095541792833,0.3875,FullHybrid
0.646,0.7029013618637319,0.08088888888888889,0.7647058823529411,0.1463022508038585,0.7652790376824107,0.18379871116699076,0.18379871116699076,0.16359995137347233,0.3589031586254773,0.23529411764705882,182,2068,3694,56,0.03555472933342633,97360,16.226666666666667,0.02784294908143046,0.375,FullHybrid
0.6578333333333334,0.7050342872310327,0.08275862068965517,0.7563025210084033,0.1491918773311231,0.7652790376824107,0.18379871116699076,0.18379871116699076,0.16648926789644114,0.3462339465463381,0.24369747899159663,180,1995,3767,58,0.03555472933342633,97900,16.316666666666666,0.028858121877991687,0.3625,FullHybrid
0.6693333333333333,0.7049795968369993,0.08428571428571428,0.7436974789915967,0.1514114627887083,0.7652790376824107,0.18379871116699076,0.18379871116699076,0.16775434780290865,0.3337382853175981,0.25630252100840334,177,1923,3839,61,0.03555472933342633,99460,16.576666666666668,0.029904932859750634,0.35,FullHybrid
0.6808333333333333,0.7049249064429659,0.08592592592592592,0.7310924369747899,0.15377817057003976,0.7652790376824107,0.18379871116699076,0.18379871116699076,0.16916821482816968,0.321242624088858,0.2689075630252101,174,1851,3911,64,0.03555472933342633,101020,16.836666666666666,0.03107597108858859,0.3375,FullHybrid
0.693,0.7092454475716006,0.08871794871794872,0.726890756302521,0.1581352833638026,0.7652790376824107,0.18379871116699076,0.18379871116699076,0.17438788155977944,0.30839986115931967,0.27310924369747897,173,1777,3985,65,0.03555472933342633,100540,16.756666666666668,0.03214073161529622,0.325,FullHybrid
0.7041666666666667,0.7070031414162332,0.09013333333333333,0.7100840336134454,0.15996213913866542,0.7652790376824107,0.18379871116699076,0.18379871116699076,0.17432891409313003,0.2960777507809788,0.28991596638655465,169,1706,4056,69,0.03555472933342633,103120,17.186666666666667,0.03358288626785914,0.3125,FullHybrid
0.7148333333333333,0.7105427037180718,0.09286898839137644,0.7058823529411765,0.16414264777723497,0.7652790376824107,0.18379871116699076,0.18379871116699076,0.1790882872533833,0.284796945505033,0.29411764705882354,168,1641,4121,70,0.03555472933342633,102820,17.136666666666667,0.034999999999999996,0.3015,FullHybrid
0.7163333333333334,0.711323682544868,0.09333333333333334,0.7058823529411765,0.16486751717369968,0.7652790376824107,0.18379871116699076,0.18379871116699076,0.18000823496962512,0.28323498785144047,0.29411764705882354,168,1632,4130,70,0.03555472933342633,102640,17.106666666666666,0.035154713147297,0.3,FullHybrid
0.7278333333333333,0.7112689921508346,0.09565217391304348,0.6932773109243697,0.16811003565970456,0.7652790376824107,0.18379871116699076,0.18379871116699076,0.1822125359447734,0.27073932662270045,0.3067226890756303,165,1560,4202,73,0.03555472933342633,104200,17.366666666666667,0.036737312252626934,0.2875,FullHybrid
0.739,0.7090266859954673,0.09757575757575758,0.6764705882352942,0.17055084745762714,0.7652790376824107,0.18379871116699076,0.18379871116699076,0.18273436806949767,0.2584172162443596,0.3235294117647059,161,1489,4273,77,0.03555472933342633,106780,17.796666666666667,0.038561752493882544,0.275,FullHybrid
0.7508333333333334,0.711159611362768,0.10095238095238095,0.6680672268907563,0.17539988968560397,0.7652790376824107,0.18379871116699076,0.18379871116699076,0.1873350491474589,0.2457480041652204,0.3319327731092437,159,1416,4346,79,0.03555472933342633,107320,17.886666666666667,0.04050468277145043,0.2625,FullHybrid
0.7623333333333333,0.7111049209687346,0.104,0.6554621848739496,0.17951668584579977,0.7652790376824107,0.18379871116699076,0.18379871116699076,0.19030560159202597,0.2332523429364804,0.3445378151260504,156,1344,4418,82,0.03555472933342633,108880,18.14666666666667,0.043007849460693165,0.25,FullHybrid
0.772,0.7080816359865709,0.10599721059972106,0.6386554621848739,0.1818181818181818,0.7652790376824107,0.18379871116699076,0.18379871116699076,0.19045673092175291,0.22249219021173203,0.36134453781512604,152,1282,4480,86,0.03555472933342633,111640,18.606666666666666,0.045,0.239,FullHybrid
0.7735,0.7088626148133672,0.10666666666666667,0.6386554621848739,0.18280216476247746,0.7652790376824107,0.18379871116699076,0.18379871116699076,0.19158558549765758,0.22093023255813954,0.36134453781512604,152,1273,4489,86,0.03555472933342633,111460,18.576666666666668,0.045328758587080555,0.2375,FullHybrid
0.785,0.7088079244193339,0.11037037037037037,0.6260504201680672,0.1876574307304786,0.7652790376824107,0.18379871116699076,0.18379871116699076,0.1951905181404779,0.20843457132939952,0.3739495798319328,149,1201,4561,89,0.03555472933342633,113020,18.836666666666666,0.047728949179871076,0.225,FullHybrid
0.7961666666666667,0.7065656182639665,0.11372549019607843,0.6092436974789915,0.19167217448777263,0.7652790376824107,0.18379871116699076,0.18379871116699076,0.19710931087189532,0.19611246095105866,0.3907563025210084,145,1130,4632,93,0.03555472933342633,115600,19.266666666666666,0.05132720381137181,0.2125,FullHybrid
0.8053333333333333,0.7073101368280739,0.11759868421052631,0.6008403361344538,0.19669876203576342,0.7652790376824107,0.18379871116699076,0.18379871116699076,0.20130903475920406,0.18622006247830614,0.39915966386554624,143,1073,4689,95,0.03555472933342633,116460,19.41,0.055,0.20266666666666666,FullHybrid
0.808,0.7086985436312672,0.11916666666666667,0.6008403361344538,0.19888734353268428,0.7652790376824107,0.18379871116699076,0.18379871116699076,0.20366353514243618,0.18344324887191948,0.39915966386554624,143,1057,4705,95,0.03555472933342633,116140,19.356666666666666,0.05614527984012194,0.2,FullHybrid
0.8185,0.7020810059532316,0.12177777777777778,0.5756302521008403,0.20102714600146737,0.7652790376824107,0.18379871116699076,0.18379871116699076,0.2021003311124051,0.17146824019437695,0.42436974789915966,137,988,4774,101,0.03555472933342633,120760,20.126666666666665,0.061031735480465664,0.1875,FullHybrid
0.8258333333333333,0.695828800107339,0.12324929971988796,0.5546218487394958,0.20168067226890757,0.7652790376824107,0.18379871116699076,0.18379871116699076,0.19962159418708356,0.16296424852481778,0.44537815126050423,132,939,4823,106,0.03555472933342633,124780,20.796666666666667,0.065,0.1785,FullHybrid
0.8293333333333334,0.6976510840365302,0.12571428571428572,0.5546218487394958,0.20496894409937894,0.7652790376824107,0.18379871116699076,0.18379871116699076,0.20305189773104834,0.15931968066643526,0.44537815126050423,132,918,4844,106,0.03555472933342633,124360,20.726666666666667,0.06628862739393934,0.175,FullHybrid
0.8395,0.6888459305971608,0.1282051282051282,0.5252100840336135,0.2061005770816158,0.7652790376824107,0.18379871116699076,0.18379871116699076,0.1998215810905928,0.14751822283929192,0.47478991596638653,125,850,4912,113,0.03555472933342633,130000,21.666666666666668,0.07205856225428604,0.1625,FullHybrid
0.845,0.6896954547178122,0.13191489361702127,0.5210084033613446,0.2105263157894737,0.7652790376824107,0.18379871116699076,0.18379871116699076,0.20371492146888454,0.14161749392572023,0.4789915966386555,124,816,4946,114,0.03555472933342633,130320,21.72,0.07500000000000001,0.15666666666666668,FullHybrid
0.8506666666666667,0.6866036244417933,0.13444444444444445,0.5084033613445378,0.2126537785588752,0.7652790376824107,0.18379871116699076,0.18379871116699076,0.20399467611203048,0.13519611246095106,0.49159663865546216,121,779,4983,117,0.03555472933342633,132580,22.096666666666668,0.07861674984292254,0.15,FullHybrid
0.8608333333333333,0.6838406657352285,0.1407942238267148,0.49159663865546216,0.2188961646398503,0.7652790376824107,0.18379871116699076,0.18379871116699076,0.2077508968224715,0.12391530718500521,0.5084033613445378,117,714,5048,121,0.03555472933342633,135280,22.546666666666667,0.085,0.1385,FullHybrid
0.8618333333333333,0.684361318286426,0.14181818181818182,0.49159663865546216,0.22013170272812796,0.7652790376824107,0.18379871116699076,0.18379871116699076,0.20897424013382865,0.1228740020826102,0.5084033613445378,117,708,5054,121,0.03555472933342633,135160,22.526666666666667,0.08547388215672111,0.1375,FullHybrid
0.873,0.6821190121310585,0.15066666666666667,0.47478991596638653,0.22874493927125505,0.7652790376824107,0.18379871116699076,0.18379871116699076,0.21495626317421612,0.11055189170426935,0.5252100840336135,113,637,5125,125,0.03555472933342633,137740,22.956666666666667,0.0945706495784083,0.125,FullHybrid
0.8731666666666666,0.6781776577343884,0.14899328859060404,0.46638655462184875,0.2258392675483215,0.7652790376824107,0.18379871116699076,0.18379871116699076,0.21090838694093034,0.11003123915307185,0.5336134453781513,111,634,5128,127,0.03555472933342633,139680,23.28,0.095,0.12416666666666666,FullHybrid
0.8835,0.6755014744530231,0.15851851851851853,0.4495798319327731,0.2343921139101862,0.7652790376824107,0.18379871116699076,0.18379871116699076,0.21680743837077004,0.09857688302672683,0.5504201680672269,107,568,5194,131,0.03555472933342633,142360,23.726666666666667,0.10463237273440124,0.1125,FullHybrid
0.8836666666666667,0.6755882498782227,0.15875370919881307,0.4495798319327731,0.23464912280701752,0.7652790376824107,0.18379871116699076,0.18379871116699076,0.21705511368406397,0.09840333217632767,0.5504201680672269,107,567,5195,131,0.03555472933342633,142340,23.723333333333333,0.10500000000000001,0.11233333333333333,FullHybrid
0.8908333333333334,0.6652211387852607,0.1620745542949757,0.42016806722689076,0.23391812865497075,0.7652790376824107,0.18379871116699076,0.18379871116699076,0.21233223954984182,0.08972578965636932,0.5798319327731093,100,517,5245,138,0.03555472933342633,148340,24.723333333333333,0.115,0.10283333333333333,FullHybrid
0.8933333333333333,0.6645087052523196,0.165,0.41596638655462187,0.23627684964200482,0.7652790376824107,0.18379871116699076,0.18379871116699076,0.21405307956270025,0.08694897604998264,0.5840336134453782,99,501,5261,139,0.03555472933342633,149020,24.836666666666666,0.11708191071044051,0.1,FullHybrid
0.9,0.6639515924384332,0.17446043165467626,0.40756302521008403,0.24433249370277077,0.7652790376824107,0.18379871116699076,0.18379871116699076,0.22071115647705122,0.07965984033321763,0.592436974789916,97,459,5303,141,0.03555472933342633,150180,25.03,0.125,0.09266666666666666,FullHybrid
0.9045,0.6622663990969522,0.18095238095238095,0.39915966386554624,0.2490170380078637,0.7652790376824107,0.18379871116699076,0.18379871116699076,0.22416199671059164,0.07462686567164178,0.6008403361344538,95,430,5332,143,0.03555472933342633,151600,25.266666666666666,0.13208991000623893,0.0875,FullHybrid
0.908,0.6640886830261434,0.1884920634920635,0.39915966386554624,0.25606469002695414,0.7652790376824107,0.18379871116699076,0.18379871116699076,0.23091125427136697,0.07098229781325928,0.6008403361344538,95,409,5353,143,0.03555472933342633,151180,25.196666666666665,0.135,0.084,FullHybrid
0.9113333333333333,0.6597819967973305,0.19246861924686193,0.3865546218487395,0.2569832402234637,0.7652790376824107,0.18379871116699076,0.18379871116699076,0.2303407602681633,0.06699062825407845,0.6134453781512605,92,386,5376,146,0.03555472933342633,153720,25.62,0.14500000000000002,0.07966666666666666,FullHybrid
0.915,0.6556488614189168,0.19777777777777777,0.3739495798319328,0.2587209302325581,0.7652790376824107,0.18379871116699076,0.18379871116699076,0.23067381637574255,0.06265185699409927,0.6260504201680672,89,361,5401,149,0.03555472933342633,156220,26.036666666666665,0.15489562270055376,0.075,FullHybrid
0.9153333333333333,0.6558224122693159,0.19866071428571427,0.3739495798319328,0.2594752186588921,0.7652790376824107,0.18379871116699076,0.18379871116699076,0.23140422750097364,0.062304755293300935,0.6260504201680672,89,359,5403,149,0.03555472933342633,156180,26.03,0.155,0.07466666666666667,FullHybrid
0.9191666666666667,0.6437197926723622,0.19951338199513383,0.3445378151260504,0.2526964560862866,0.7652790376824107,0.18379871116699076,0.18379871116699076,0.22209241032827357,0.05709822978132593,0.6554621848739496,82,329,5433,156,0.03555472933342633,162580,27.096666666666668,0.165,0.0685,FullHybrid
0.9233333333333333,0.6438751133914169,0.2109375,0.3403361344537815,0.2604501607717042,0.7652790376824107,0.18379871116699076,0.18379871116699076,0.22946244579654254,0.05258590767094759,0.6596638655462185,81,303,5459,157,0.03555472933342633,163060,27.176666666666666,0.17500000000000002,0.064,FullHybrid
0.9248333333333333,0.6446560922182132,0.216,0.3403361344537815,0.26427406199021214,0.7652790376824107,0.18379871116699076,0.18379871116699076,0.2332732460284821,0.05102395001735509,0.6596638655462185,81,294,5468,157,0.03555472933342633,162880,27.14666666666667,0.1785105661931489,0.0625,FullHybrid
0.9273333333333333,0.6399155288634023,0.22033898305084745,0.3277310924369748,0.2635135135135135,0.7652790376824107,0.18379871116699076,0.18379871116699076,0.23179227158964968,0.04790003471017008,0.6722689075630253,78,276,5486,160,0.03555472933342633,165520,27.586666666666666,0.185,0.059,FullHybrid
0.9311666666666667,0.6398972987320579,0.23404255319148937,0.3235294117647059,0.271604938271605,0.7652790376824107,0.18379871116699076,0.18379871116699076,0.2398759221826277,0.04373481430059007,0.6764705882352942,77,252,5510,161,0.03555472933342633,166040,27.673333333333332,0.195,0.05483333333333333,FullHybrid
0.935,0.6358509387788438,0.24666666666666667,0.31092436974789917,0.275092936802974,0.7652790376824107,0.18379871116699076,0.18379871116699076,0.24331545185199027,0.03922249219021173,0.6890756302521008,74,226,5536,164,0.03555472933342633,168520,28.086666666666666,0.20487298559268236,0.05,FullHybrid
0.935,0.6358509387788438,0.24666666666666667,0.31092436974789917,0.275092936802974,0.7652790376824107,0.18379871116699076,0.18379871116699076,0.24331545185199027,0.03922249219021173,0.6890756302521008,74,226,5536,164,0.03555472933342633,168520,28.086666666666666,0.20500000000000002,0.05,FullHybrid
0.9371666666666667,0.6329508894845686,0.254416961130742,0.3025210084033613,0.27639155470249516,0.7652790376824107,0.18379871116699076,0.18379871116699076,0.24480429582771704,0.03661922943422423,0.6974789915966386,72,211,5551,166,0.03555472933342633,170220,28.37,0.215,0.04716666666666667,FullHybrid
0.94,0.6303979418910918,0.26717557251908397,0.29411764705882354,0.28,0.7652790376824107,0.18379871116699076,0.18379871116699076,0.24908347752647195,0.033321763276640055,0.7058823529411765,70,192,5570,168,0.03555472933342633,171840,28.64,0.225,0.043666666666666666,FullHybrid
0.9425,0.6236433136253461,0.27615062761506276,0.2773109243697479,0.27672955974842767,0.7652790376824107,0.18379871116699076,0.18379871116699076,0.24679016517961913,0.030024297119055885,0.7226890756302521,66,173,5589,172,0.03555472933342633,175460,29.243333333333332,0.23500000000000001,0.03983333333333333,FullHybrid
0.9441666666666667,0.620482938055472,0.28444444444444444,0.2689075630252101,0.27645788336933047,0.7652790376824107,0.18379871116699076,0.18379871116699076,0.24755026602185914,0.02794168691426588,0.7310924369747899,64,161,5601,174,0.03555472933342633,177220,29.536666666666665,0.24158848579950895,0.0375,FullHybrid
0.9456666666666667,0.6212639168822683,0.2962962962962963,0.2689075630252101,0.28193832599118945,0.7652790376824107,0.18379871116699076,0.18379871116699076,0.2540947403805836,0.026379729260673376,0.7310924369747899,64,152,5610,174,0.03555472933342633,177040,29.506666666666668,0.245,0.036,FullHybrid
0.9476666666666667,0.6122348974299889,0.30412371134020616,0.24789915966386555,0.27314814814814814,0.7652790376824107,0.18379871116699076,0.18379871116699076,0.24768153723305725,0.023429364803887538,0.7521008403361344,59,135,5627,179,0.03555472933342633,181700,30.283333333333335,0.255,0.03233333333333333,FullHybrid
0.9486666666666667,0.6006711605155773,0.30113636363636365,0.22268907563025211,0.2560386473429952,0.7652790376824107,0.18379871116699076,0.18379871116699076,0.23288588074063832,0.021346754599097535,0.7773109243697479,53,123,5639,185,0.03555472933342633,187460,31.243333333333332,0.265,0.029333333333333333,FullHybrid
0.9501666666666667,0.5994380744314387,0.3151515151515151,0.2184873949579832,0.25806451612903225,0.7652790376824107,0.18379871116699076,0.18379871116699076,0.23735337129592735,0.019611246095105866,0.7815126050420168,52,113,5649,186,0.03555472933342633,188260,31.376666666666665,0.275,0.0275,FullHybrid
0.952,0.5963644742867643,0.3333333333333333,0.21008403361344538,0.2577319587628866,0.7652790376824107,0.18379871116699076,0.18379871116699076,0.24093422423549246,0.017355085039916694,0.7899159663865546,50,100,5662,188,0.03555472933342633,190000,31.666666666666668,0.28418138634679324,0.025,FullHybrid
0.952,0.5963644742867643,0.3333333333333333,0.21008403361344538,0.2577319587628866,0.7652790376824107,0.18379871116699076,0.18379871116699076,0.24093422423549246,0.017355085039916694,0.7899159663865546,50,100,5662,188,0.03555472933342633,190000,31.666666666666668,0.28500000000000003,0.025,FullHybrid
0.9523333333333334,0.5904958304043589,0.33098591549295775,0.19747899159663865,0.2473684210526316,0.7652790376824107,0.18379871116699076,0.18379871116699076,0.23238859745990234,0.016487330787920862,0.8025210084033614,47,95,5667,191,0.03555472933342633,192900,32.15,0.295,0.023666666666666666,FullHybrid
0.953,0.5848007373723526,0.3333333333333333,0.18487394957983194,0.23783783783783788,0.7652790376824107,0.18379871116699076,0.18379871116699076,0.22566941941913568,0.015272474835126693,0.8151260504201681,44,88,5674,194,0.03555472933342633,195760,32.626666666666665,0.305,0.022,FullHybrid
0.954,0.5833073250126153,0.3467741935483871,0.18067226890756302,0.23756906077348064,0.7652790376824107,0.18379871116699076,0.18379871116699076,0.22857911903867226,0.014057618882332524,0.819327731092437,43,81,5681,195,0.03555472933342633,196620,32.77,0.315,0.020666666666666667,FullHybrid
0.9551666666666667,0.5819006880780775,0.3652173913043478,0.17647058823529413,0.23796033994334279,0.7652790376824107,0.18379871116699076,0.18379871116699076,0.23316883233272026,0.012669212079139187,0.8235294117647058,42,73,5689,196,0.03555472933342633,197460,32.91,0.325,0.019166666666666665,FullHybrid
0.9551666666666667,0.5778725582562078,0.36036036036036034,0.16806722689075632,0.22922636103151867,0.7652790376824107,0.18379871116699076,0.18379871116699076,0.2255834721176065,0.012322110378340854,0.8319327731092437,40,71,5691,198,0.03555472933342633,199420,33.236666666666665,0.335,0.0185,FullHybrid
0.9558333333333333,0.5701634003132665,0.36363636363636365,0.15126050420168066,0.21364985163204747,0.7652790376824107,0.18379871116699076,0.18379871116699076,0.21499844781531433,0.010933703575147518,0.8487394957983193,36,63,5699,202,0.03555472933342633,203260,33.876666666666665,0.34500000000000003,0.0165,FullHybrid
0.9566666666666667,0.5705972774392645,0.3829787234042553,0.15126050420168066,0.21686746987951805,0.7652790376824107,0.18379871116699076,0.18379871116699076,0.22191282698175496,0.010065949323151684,0.8487394957983193,36,58,5704,202,0.03555472933342633,203160,33.86,0.35500000000000004,0.015666666666666666,FullHybrid
0.957,0.5647286335568591,0.38372093023255816,0.13865546218487396,0.20370370370370375,0.7652790376824107,0.18379871116699076,0.18379871116699076,0.21257473897045315,0.009198195071155848,0.8613445378151261,33,53,5709,205,0.03555472933342633,206060,34.343333333333334,0.365,0.014333333333333333,FullHybrid
0.9576666666666667,0.5630616703467225,0.4,0.13445378151260504,0.20125786163522014,0.7652790376824107,0.18379871116699076,0.18379871116699076,0.2146172986856835,0.008330440819160014,0.865546218487395,32,48,5714,206,0.03555472933342633,206960,34.49333333333333,0.375,0.013333333333333334,FullHybrid
0.9578333333333333,0.5591203159500524,0.4,0.12605042016806722,0.19169329073482427,0.7652790376824107,0.18379871116699076,0.18379871116699076,0.20771460710080653,0.007809788267962513,0.8739495798319328,30,45,5717,208,0.03555472933342633,208900,34.81666666666667,0.37967034859137333,0.0125,FullHybrid
0.9581666666666667,0.5572798018895166,0.4084507042253521,0.12184873949579832,0.18770226537216828,0.7652790376824107,0.18379871116699076,0.18379871116699076,0.20676961012407097,0.007289135716765012,0.8781512605042017,29,42,5720,209,0.03555472933342633,209840,34.973333333333336,0.385,0.011833333333333333,FullHybrid
0.9586666666666667,0.5514979334323108,0.41935483870967744,0.1092436974789916,0.17333333333333334,0.7652790376824107,0.18379871116699076,0.18379871116699076,0.1987828721592318,0.006247830614370011,0.8907563025210085,26,36,5726,212,0.03555472933342633,212720,35.45333333333333,0.395,0.010333333333333333,FullHybrid
0.9588333333333333,0.5455425141247058,0.41818181818181815,0.09663865546218488,0.1569965870307167,0.7652790376824107,0.18379871116699076,0.18379871116699076,0.18653693159272272,0.0055536272127733426,0.9033613445378151,23,32,5730,215,0.03555472933342633,215640,35.94,0.405,0.009166666666666667,FullHybrid
0.9591666666666666,0.5416879351532352,0.42857142857142855,0.08823529411764706,0.14634146341463417,0.7652790376824107,0.18379871116699076,0.18379871116699076,0.18081001017180953,0.004859423811176675,0.9117647058823529,21,28,5734,217,0.03555472933342633,217560,36.26,0.41500000000000004,0.008166666666666666,FullHybrid
0.9583333333333334,0.531183733472563,0.36363636363636365,0.06722689075630252,0.11347517730496454,0.7652790376824107,0.18379871116699076,0.18379871116699076,0.14266897078656895,0.004859423811176675,0.9327731092436975,16,28,5734,222,0.03555472933342633,222560,37.093333333333334,0.425,0.007333333333333333,FullHybrid
0.958,0.5249679878893592,0.325,0.0546218487394958,0.09352517985611511,0.7652790376824107,0.18379871116699076,0.18379871116699076,0.11976654481633245,0.004685872960777508,0.9453781512605042,13,27,5735,225,0.03555472933342633,225540,37.59,0.435,0.006666666666666667,FullHybrid
0.9583333333333334,0.5211134089178886,0.3235294117647059,0.046218487394957986,0.08088235294117647,0.7652790376824107,0.18379871116699076,0.18379871116699076,0.10979495301375745,0.00399166955918084,0.9537815126050421,11,23,5739,227,0.03555472933342633,227460,37.91,0.445,0.005666666666666667,FullHybrid
0.958,0.5128835984237499,0.25,0.029411764705882353,0.05263157894736842,0.7652790376824107,0.18379871116699076,0.18379871116699076,0.07379099485183253,0.003644567858382506,0.9705882352941176,7,21,5741,231,0.03555472933342633,231420,38.57,0.455,0.004666666666666667,FullHybrid
0.9583333333333334,0.513057149274149,0.2692307692307692,0.029411764705882353,0.05303030303030303,0.7652790376824107,0.18379871116699076,0.18379871116699076,0.077595080353998,0.003297466157584172,0.9705882352941176,7,19,5743,231,0.03555472933342633,231380,38.56333333333333,0.465,0.004333333333333333,FullHybrid
0.9585,0.5111298597884137,0.2608695652173913,0.025210084033613446,0.04597701149425287,0.7652790376824107,0.18379871116699076,0.18379871116699076,0.07030549146036601,0.0029503644567858383,0.9747899159663865,6,17,5745,232,0.03555472933342633,232340,38.723333333333336,0.47500000000000003,0.003833333333333333,FullHybrid
0.9588333333333333,0.5113034106388129,0.2857142857142857,0.025210084033613446,0.04633204633204633,0.7652790376824107,0.18379871116699076,0.18379871116699076,0.07471205504257873,0.0026032627559875042,0.9747899159663865,6,15,5747,232,0.03555472933342633,232300,38.71666666666667,0.485,0.0035,FullHybrid
0.9593333333333334,0.5095496720034769,0.3125,0.02100840336134454,0.03937007874015749,0.7652790376824107,0.18379871116699076,0.18379871116699076,0.07228326693206985,0.0019090593543908366,0.9789915966386554,5,11,5751,233,0.03555472933342633,233220,38.87,0.495,0.0026666666666666666,FullHybrid
0.9595,0.5096364474286764,0.3333333333333333,0.02100840336134454,0.03952569169960475,0.7652790376824107,0.18379871116699076,0.18379871116699076,0.07532590370648702,0.0017355085039916696,0.9789915966386554,5,10,5752,233,0.03555472933342633,233200,38.86666666666667,0.505,0.0025,FullHybrid
0.9593333333333334,0.507535607092542,0.2857142857142857,0.01680672268907563,0.031746031746031744,0.7652790376824107,0.18379871116699076,0.18379871116699076,0.060966459257723,0.0017355085039916696,0.9831932773109243,4,10,5752,234,0.03555472933342633,234200,39.03333333333333,0.515,0.0023333333333333335,FullHybrid
0.9595,0.5056083176068067,0.2727272727272727,0.012605042016806723,0.024096385542168676,0.7652790376824107,0.18379871116699076,0.18379871116699076,0.05117574838163002,0.0013884068031933356,0.9873949579831933,3,8,5754,235,0.03555472933342633,235160,39.193333333333335,0.525,0.0018333333333333333,FullHybrid
0.9593333333333334,0.5035074772706722,0.2,0.008403361344537815,0.016129032258064516,0.7652790376824107,0.18379871116699076,0.18379871116699076,0.03356499256674392,0.0013884068031933356,0.9915966386554622,2,8,5754,236,0.03555472933342633,236160,39.36,0.535,0.0016666666666666668,FullHybrid
0.9595,0.5035942526958719,0.2222222222222222,0.008403361344537815,0.016194331983805668,0.7652790376824107,0.18379871116699076,0.18379871116699076,0.03625290339974489,0.0012148559527941688,0.9915966386554622,2,7,5755,236,0.03555472933342633,236140,39.35666666666667,0.545,0.0015,FullHybrid
0.9596666666666667,0.5036810281210714,0.25,0.008403361344537815,0.016260162601626015,0.7652790376824107,0.18379871116699076,0.18379871116699076,0.03937706482089861,0.0010413051023950017,0.9915966386554622,2,6,5756,236,0.03555472933342633,236120,39.35333333333333,0.555,0.0013333333333333333,FullHybrid
0.9598333333333333,0.503767803546271,0.2857142857142857,0.008403361344537815,0.016326530612244896,0.7652790376824107,0.18379871116699076,0.18379871116699076,0.04308461265564858,0.0008677542519958348,0.9915966386554622,2,5,5757,236,0.03555472933342633,236100,39.35,0.5650000000000001,0.0011666666666666668,FullHybrid
0.9601666666666666,0.5039413543966702,0.4,0.008403361344537815,0.016460905349794237,0.7652790376824107,0.18379871116699076,0.18379871116699076,0.05331764915697848,0.0005206525511975009,0.9915966386554622,2,3,5759,236,0.03555472933342633,236060,39.343333333333334,0.5750000000000001,0.0008333333333333334,FullHybrid
0.9605,0.5041149052470694,0.6666666666666666,0.008403361344537815,0.016597510373443983,0.7652790376824107,0.18379871116699076,0.18379871116699076,0.07185173982641599,0.00017355085039916696,0.9915966386554622,2,1,5761,236,0.03555472933342633,236020,39.336666666666666,0.585,0.0005,FullHybrid
0.9601666666666666,0.4999132245748004,0.0,0.0,0.0,0.7652790376824107,0.18379871116699076,0.18379871116699076,-0.0026239914801147713,0.00017355085039916696,1.0,0,1,5761,238,0.03555472933342633,238020,39.67,0.595,0.00016666666666666666,FullHybrid
0.9601666666666666,0.4999132245748004,0.0,0.0,0.0,0.7652790376824107,0.18379871116699076,0.18379871116699076,-0.0026239914801147713,0.00017355085039916696,1.0,0,1,5761,238,0.03555472933342633,238020,39.67,0.605,0.00016666666666666666,FullHybrid
0.9601666666666666,0.4999132245748004,0.0,0.0,0.0,0.7652790376824107,0.18379871116699076,0.18379871116699076,-0.0026239914801147713,0.00017355085039916696,1.0,0,1,5761,238,0.03555472933342633,238020,39.67,0.615,0.00016666666666666666,FullHybrid
0.9601666666666666,0.4999132245748004,0.0,0.0,0.0,0.7652790376824107,0.18379871116699076,0.18379871116699076,-0.0026239914801147713,0.00017355085039916696,1.0,0,1,5761,238,0.03555472933342633,238020,39.67,0.625,0.00016666666666666666,FullHybrid
0.9601666666666666,0.4999132245748004,0.0,0.0,0.0,0.7652790376824107,0.18379871116699076,0.18379871116699076,-0.0026239914801147713,0.00017355085039916696,1.0,0,1,5761,238,0.03555472933342633,238020,39.67,0.635,0.00016666666666666666,FullHybrid
0.9601666666666666,0.4999132245748004,0.0,0.0,0.0,0.7652790376824107,0.18379871116699076,0.18379871116699076,-0.0026239914801147713,0.00017355085039916696,1.0,0,1,5761,238,0.03555472933342633,238020,39.67,0.645,0.00016666666666666666,FullHybrid
0.9601666666666666,0.4999132245748004,0.0,0.0,0.0,0.7652790376824107,0.18379871116699076,0.18379871116699076,-0.0026239914801147713,0.00017355085039916696,1.0,0,1,5761,238,0.03555472933342633,238020,39.67,0.6529847693867152,0.00016666666666666666,FullHybrid
0.9603333333333334,0.5,0.0,0.0,0.0,0.7652790376824107,0.18379871116699076,0.18379871116699076,0.0,0.0,1.0,0,0,5762,238,0.03555472933342633,238000,39.666666666666664,0.655,0.0,FullHybrid
0.9603333333333334,0.5,0.0,0.0,0.0,0.7652790376824107,0.18379871116699076,0.18379871116699076,0.0,0.0,1.0,0,0,5762,238,0.03555472933342633,238000,39.666666666666664,0.665,0.0,FullHybrid
0.9603333333333334,0.5,0.0,0.0,0.0,0.7652790376824107,0.18379871116699076,0.18379871116699076,0.0,0.0,1.0,0,0,5762,238,0.03555472933342633,238000,39.666666666666664,0.675,0.0,FullHybrid
0.9603333333333334,0.5,0.0,0.0,0.0,0.7652790376824107,0.18379871116699076,0.18379871116699076,0.0,0.0,1.0,0,0,5762,238,0.03555472933342633,238000,39.666666666666664,0.685,0.0,FullHybrid
0.9603333333333334,0.5,0.0,0.0,0.0,0.7652790376824107,0.18379871116699076,0.18379871116699076,0.0,0.0,1.0,0,0,5762,238,0.03555472933342633,238000,39.666666666666664,0.6950000000000001,0.0,FullHybrid
0.9603333333333334,0.5,0.0,0.0,0.0,0.7652790376824107,0.18379871116699076,0.18379871116699076,0.0,0.0,1.0,0,0,5762,238,0.03555472933342633,238000,39.666666666666664,0.7050000000000001,0.0,FullHybrid
0.9603333333333334,0.5,0.0,0.0,0.0,0.7652790376824107,0.18379871116699076,0.18379871116699076,0.0,0.0,1.0,0,0,5762,238,0.03555472933342633,238000,39.666666666666664,0.715,0.0,FullHybrid
0.9603333333333334,0.5,0.0,0.0,0.0,0.7652790376824107,0.18379871116699076,0.18379871116699076,0.0,0.0,1.0,0,0,5762,238,0.03555472933342633,238000,39.666666666666664,0.725,0.0,FullHybrid
0.9603333333333334,0.5,0.0,0.0,0.0,0.7652790376824107,0.18379871116699076,0.18379871116699076,0.0,0.0,1.0,0,0,5762,238,0.03555472933342633,238000,39.666666666666664,0.735,0.0,FullHybrid
0.9603333333333334,0.5,0.0,0.0,0.0,0.7652790376824107,0.18379871116699076,0.18379871116699076,0.0,0.0,1.0,0,0,5762,238,0.03555472933342633,238000,39.666666666666664,0.745,0.0,FullHybrid
0.9603333333333334,0.5,0.0,0.0,0.0,0.7652790376824107,0.18379871116699076,0.18379871116699076,0.0,0.0,1.0,0,0,5762,238,0.03555472933342633,238000,39.666666666666664,0.755,0.0,FullHybrid
0.9603333333333334,0.5,0.0,0.0,0.0,0.7652790376824107,0.18379871116699076,0.18379871116699076,0.0,0.0,1.0,0,0,5762,238,0.03555472933342633,238000,39.666666666666664,0.765,0.0,FullHybrid
0.9603333333333334,0.5,0.0,0.0,0.0,0.7652790376824107,0.18379871116699076,0.18379871116699076,0.0,0.0,1.0,0,0,5762,238,0.03555472933342633,238000,39.666666666666664,0.775,0.0,FullHybrid
0.9603333333333334,0.5,0.0,0.0,0.0,0.7652790376824107,0.18379871116699076,0.18379871116699076,0.0,0.0,1.0,0,0,5762,238,0.03555472933342633,238000,39.666666666666664,0.785,0.0,FullHybrid
0.9603333333333334,0.5,0.0,0.0,0.0,0.7652790376824107,0.18379871116699076,0.18379871116699076,0.0,0.0,1.0,0,0,5762,238,0.03555472933342633,238000,39.666666666666664,0.795,0.0,FullHybrid
0.9603333333333334,0.5,0.0,0.0,0.0,0.7652790376824107,0.18379871116699076,0.18379871116699076,0.0,0.0,1.0,0,0,5762,238,0.03555472933342633,238000,39.666666666666664,0.805,0.0,FullHybrid
0.9603333333333334,0.5,0.0,0.0,0.0,0.7652790376824107,0.18379871116699076,0.18379871116699076,0.0,0.0,1.0,0,0,5762,238,0.03555472933342633,238000,39.666666666666664,0.8150000000000001,0.0,FullHybrid
0.9603333333333334,0.5,0.0,0.0,0.0,0.7652790376824107,0.18379871116699076,0.18379871116699076,0.0,0.0,1.0,0,0,5762,238,0.03555472933342633,238000,39.666666666666664,0.8250000000000001,0.0,FullHybrid
0.9603333333333334,0.5,0.0,0.0,0.0,0.7652790376824107,0.18379871116699076,0.18379871116699076,0.0,0.0,1.0,0,0,5762,238,0.03555472933342633,238000,39.666666666666664,0.8350000000000001,0.0,FullHybrid
0.9603333333333334,0.5,0.0,0.0,0.0,0.7652790376824107,0.18379871116699076,0.18379871116699076,0.0,0.0,1.0,0,0,5762,238,0.03555472933342633,238000,39.666666666666664,0.845,0.0,FullHybrid
0.9603333333333334,0.5,0.0,0.0,0.0,0.7652790376824107,0.18379871116699076,0.18379871116699076,0.0,0.0,1.0,0,0,5762,238,0.03555472933342633,238000,39.666666666666664,0.855,0.0,FullHybrid
0.9603333333333334,0.5,0.0,0.0,0.0,0.7652790376824107,0.18379871116699076,0.18379871116699076,0.0,0.0,1.0,0,0,5762,238,0.03555472933342633,238000,39.666666666666664,0.865,0.0,FullHybrid
0.9603333333333334,0.5,0.0,0.0,0.0,0.7652790376824107,0.18379871116699076,0.18379871116699076,0.0,0.0,1.0,0,0,5762,238,0.03555472933342633,238000,39.666666666666664,0.875,0.0,FullHybrid
0.9603333333333334,0.5,0.0,0.0,0.0,0.7652790376824107,0.18379871116699076,0.18379871116699076,0.0,0.0,1.0,0,0,5762,238,0.03555472933342633,238000,39.666666666666664,0.885,0.0,FullHybrid
0.9603333333333334,0.5,0.0,0.0,0.0,0.7652790376824107,0.18379871116699076,0.18379871116699076,0.0,0.0,1.0,0,0,5762,238,0.03555472933342633,238000,39.666666666666664,0.895,0.0,FullHybrid
0.9603333333333334,0.5,0.0,0.0,0.0,0.7652790376824107,0.18379871116699076,0.18379871116699076,0.0,0.0,1.0,0,0,5762,238,0.03555472933342633,238000,39.666666666666664,0.905,0.0,FullHybrid
0.9603333333333334,0.5,0.0,0.0,0.0,0.7652790376824107,0.18379871116699076,0.18379871116699076,0.0,0.0,1.0,0,0,5762,238,0.03555472933342633,238000,39.666666666666664,0.915,0.0,FullHybrid
0.9603333333333334,0.5,0.0,0.0,0.0,0.7652790376824107,0.18379871116699076,0.18379871116699076,0.0,0.0,1.0,0,0,5762,238,0.03555472933342633,238000,39.666666666666664,0.925,0.0,FullHybrid
0.9603333333333334,0.5,0.0,0.0,0.0,0.7652790376824107,0.18379871116699076,0.18379871116699076,0.0,0.0,1.0,0,0,5762,238,0.03555472933342633,238000,39.666666666666664,0.935,0.0,FullHybrid
0.9603333333333334,0.5,0.0,0.0,0.0,0.7652790376824107,0.18379871116699076,0.18379871116699076,0.0,0.0,1.0,0,0,5762,238,0.03555472933342633,238000,39.666666666666664,0.9450000000000001,0.0,FullHybrid
0.9603333333333334,0.5,0.0,0.0,0.0,0.7652790376824107,0.18379871116699076,0.18379871116699076,0.0,0.0,1.0,0,0,5762,238,0.03555472933342633,238000,39.666666666666664,0.9550000000000001,0.0,FullHybrid
0.9603333333333334,0.5,0.0,0.0,0.0,0.7652790376824107,0.18379871116699076,0.18379871116699076,0.0,0.0,1.0,0,0,5762,238,0.03555472933342633,238000,39.666666666666664,0.965,0.0,FullHybrid
0.9603333333333334,0.5,0.0,0.0,0.0,0.7652790376824107,0.18379871116699076,0.18379871116699076,0.0,0.0,1.0,0,0,5762,238,0.03555472933342633,238000,39.666666666666664,0.975,0.0,FullHybrid
0.9603333333333334,0.5,0.0,0.0,0.0,0.7652790376824107,0.18379871116699076,0.18379871116699076,0.0,0.0,1.0,0,0,5762,238,0.03555472933342633,238000,39.666666666666664,0.985,0.0,FullHybrid
0.9603333333333334,0.5,0.0,0.0,0.0,0.7652790376824107,0.18379871116699076,0.18379871116699076,0.0,0.0,1.0,0,0,5762,238,0.03555472933342633,238000,39.666666666666664,0.995,0.0,FullHybrid
0.9603333333333334,0.5,0.0,0.0,0.0,0.7652790376824107,0.18379871116699076,0.18379871116699076,0.0,0.0,1.0,0,0,5762,238,0.03555472933342633,238000,39.666666666666664,1.000001,0.0,FullHybrid
0.03966666666666667,0.5,0.03966666666666667,1.0,0.07630650849631292,0.7649676670390475,0.1849174583786269,0.1849174583786269,0.0,1.0,0.0,238,5762,0,0,0.03551962725240497,115240,19.206666666666667,0.004501560693318062,1.0,Hybrid_WithoutAnomaly
0.04133333333333333,0.5008677542519958,0.03973288814691152,1.0,0.07642903018625562,0.7649676670390475,0.1849174583786269,0.1849174583786269,0.008304021030026042,0.9982644914960084,0.0,238,5752,10,0,0.03551962725240497,115040,19.173333333333332,0.005,0.9983333333333333,Hybrid_WithoutAnomaly
0.0515,0.5021329253673007,0.039831223628691986,0.9915966386554622,0.07658607820866462,0.7649676670390475,0.1849174583786269,0.1849174583786269,0.007493866491148432,0.9873307879208608,0.008403361344537815,236,5689,73,2,0.03551962725240497,115780,19.296666666666667,0.006157254407010729,0.9875,Hybrid_WithoutAnomaly
0.064,0.5086410822572695,0.04034188034188034,0.9915966386554622,0.07752956636005257,0.7649676670390475,0.1849174583786269,0.1849174583786269,0.021604771526224635,0.9743144741409233,0.008403361344537815,236,5614,148,2,0.03551962725240497,114280,19.046666666666667,0.006802354012028597,0.975,Hybrid_WithoutAnomaly
0.07583333333333334,0.5107740076245701,0.04051948051948052,0.9831932773109243,0.07783136537502079,0.7649676670390475,0.1849174583786269,0.1849174583786269,0.02213681452850942,0.9616452620617841,0.01680672268907563,234,5541,221,4,0.03551962725240497,114820,19.136666666666667,0.007331325711244048,0.9625,Hybrid_WithoutAnomaly
0.08766666666666667,0.5129069329918708,0.04070175438596491,0.9747899159663865,0.07814078814415627,0.7649676670390475,0.1849174583786269,0.1849174583786269,0.023116926987548192,0.948976049982645,0.025210084033613446,232,5468,294,6,0.03551962725240497,115360,19.226666666666667,0.007711810489451061,0.95,Hybrid_WithoutAnomaly
0.10016666666666667,0.5194150898818396,0.041244444444444445,0.9747899159663865,0.07914037182329865,0.7649676670390475,0.1849174583786269,0.1849174583786269,0.03130888557282085,0.9359597362027074,0.025210084033613446,232,5393,369,6,0.03551962725240497,113860,18.976666666666667,0.008139901431712351,0.9375,Hybrid_WithoutAnomaly
0.11266666666666666,0.5259232467718084,0.041801801801801805,0.9747899159663865,0.08016586040082932,0.7649676670390475,0.1849174583786269,0.1849174583786269,0.03841861874986014,0.9229434224227698,0.025210084033613446,232,5318,444,6,0.03551962725240497,112360,18.726666666666667,0.008469003792098721,0.925,Hybrid_WithoutAnomaly
0.12516666666666668,0.5324314036617771,0.04237442922374429,0.9747899159663865,0.08121827411167512,0.7649676670390475,0.1849174583786269,0.1849174583786269,0.044802178648257786,0.9099271086428323,0.025210084033613446,232,5243,519,6,0.03551962725240497,110860,18.476666666666667,0.008898430048409962,0.9125,Hybrid_WithoutAnomaly
0.137,0.5345643290290778,0.04259259259259259,0.9663865546218487,0.08158921603405463,0.7649676670390475,0.1849174583786269,0.1849174583786269,0.044973918312375856,0.8972578965636931,0.03361344537815126,230,5170,592,8,0.03551962725240497,111400,18.566666666666666,0.009228931642313238,0.9,Hybrid_WithoutAnomaly
0.14883333333333335,0.5366972543963785,0.0428169014084507,0.957983193277311,0.08197015998561927,0.7649676670390475,0.1849174583786269,0.1849174583786269,0.04533430699494755,0.884588684484554,0.04201680672268908,228,5097,665,10,0.03551962725240497,111940,18.656666666666666,0.009554911699776132,0.8875,Hybrid_WithoutAnomaly
0.161,0.5410177955250133,0.043238095238095235,0.9537815126050421,0.08272594752186589,0.7649676670390475,0.1849174583786269,0.1849174583786269,0.04841357278698562,0.8717459215550156,0.046218487394957986,227,5023,739,11,0.03551962725240497,111460,18.576666666666668,0.009776593064113435,0.875,Hybrid_WithoutAnomaly
0.1735,0.547525952414982,0.04386473429951691,0.9537815126050421,0.08387215961573989,0.7649676670390475,0.1849174583786269,0.1849174583786269,0.05387084386718988,0.8587296077750781,0.046218487394957986,227,4948,814,11,0.03551962725240497,109960,18.326666666666668,0.010041973240730103,0.8625,Hybrid_WithoutAnomaly
0.18533333333333332,0.5496588777822826,0.04411764705882353,0.9453781512605042,0.08430123641813414,0.7649676670390475,0.1849174583786269,0.1849174583786269,0.05428697711304914,0.8460603956959389,0.0546218487394958,225,4875,887,13,0.03551962725240497,110500,18.416666666666668,0.010323162198583036,0.85,Hybrid_WithoutAnomaly
0.1975,0.5539794189109174,0.0445771144278607,0.9411764705882353,0.0851225536766103,0.7649676670390475,0.1849174583786269,0.1849174583786269,0.0571166813021764,0.8332176327664006,0.058823529411764705,224,4801,961,14,0.03551962725240497,110020,18.336666666666666,0.010598483136035708,0.8375,Hybrid_WithoutAnomaly
0.21,0.5604875758008862,0.04525252525252525,0.9411764705882353,0.08635312259059369,0.7649676670390475,0.1849174583786269,0.1849174583786269,0.06214039814348076,0.820201318986463,0.058823529411764705,224,4726,1036,14,0.03551962725240497,108520,18.086666666666666,0.010861894521967914,0.825,Hybrid_WithoutAnomaly
0.22216666666666668,0.5648081169295208,0.045743589743589746,0.9369747899159664,0.08722863289653825,0.7649676670390475,0.1849174583786269,0.1849174583786269,0.0648143145786739,0.8073585560569246,0.06302521008403361,223,4652,1110,15,0.03551962725240497,108040,18.006666666666668,0.011091623624108312,0.8125,Hybrid_WithoutAnomaly
0.23433333333333334,0.5691286580581556,0.04625,0.9327731092436975,0.08813021040095276,0.7649676670390475,0.1849174583786269,0.1849174583786269,0.06746087746856377,0.7945157931273863,0.06722689075630252,222,4578,1184,16,0.03551962725240497,107560,17.926666666666666,0.011361354929026504,0.8,Hybrid_WithoutAnomaly
0.24683333333333332,0.5756368149481244,0.04698412698412698,0.9327731092436975,0.08946201894015715,0.7649676670390475,0.1849174583786269,0.1849174583786269,0.07217425918343426,0.7814994793474488,0.06722689075630252,222,4503,1259,16,0.03551962725240497,106060,17.676666666666666,0.011604981035311344,0.7875,Hybrid_WithoutAnomaly
0.25933333333333336,0.5821449718380931,0.04774193548387097,0.9327731092436975,0.09083469721767594,0.7649676670390475,0.1849174583786269,0.1849174583786269,0.07678788848795123,0.7684831655675113,0.06722689075630252,222,4428,1334,16,0.03551962725240497,104560,17.426666666666666,0.011882825935041816,0.775,Hybrid_WithoutAnomaly
0.27116666666666667,0.5842778972053938,0.048087431693989074,0.9243697478991597,0.0914190733430293,0.7649676670390475,0.1849174583786269,0.1849174583786269,0.07730646432361622,0.7558139534883721,0.07563025210084033,220,4355,1407,18,0.03551962725240497,105100,17.516666666666666,0.012189832824101169,0.7625,Hybrid_WithoutAnomaly
0.2836666666666667,0.5907860540953626,0.04888888888888889,0.9243697478991597,0.09286618826509077,0.7649676670390475,0.1849174583786269,0.1849174583786269,0.08184126907843604,0.7427976397084346,0.07563025210084033,220,4280,1482,18,0.03551962725240497,103600,17.266666666666666,0.012489842236047391,0.75,Hybrid_WithoutAnomaly
0.2955,0.5929189794626633,0.04926553672316384,0.9159663865546218,0.09350203731503323,0.7649676670390475,0.1849174583786269,0.1849174583786269,0.08243518479708177,0.7301284276292954,0.08403361344537816,218,4207,1555,20,0.03551962725240497,104140,17.356666666666666,0.01281822244064147,0.7375,Hybrid_WithoutAnomaly
0.30766666666666664,0.5972395205912979,0.049885057471264364,0.9117647058823529,0.0945945945945946,0.7649676670390475,0.1849174583786269,0.1849174583786269,0.08500829576859416,0.7172856646997571,0.08823529411764706,217,4133,1629,21,0.03551962725240497,103660,17.276666666666667,0.013108415896357811,0.725,Hybrid_WithoutAnomaly
0.31983333333333336,0.6015600617199327,0.05052631578947368,0.907563025210084,0.09572346554398406,0.7649676670390475,0.1849174583786269,0.1849174583786269,0.0875922027567808,0.7044429017702186,0.09243697478991597,216,4059,1703,22,0.03551962725240497,103180,17.196666666666665,0.013397297871193446,0.7125,Hybrid_WithoutAnomaly
0.3323333333333333,0.6080682186099015,0.05142857142857143,0.907563025210084,0.09734114465975664,0.7649676670390475,0.1849174583786269,0.1849174583786269,0.09205390069875238,0.6914265879902811,0.09243697478991597,216,3984,1778,22,0.03551962725240497,101680,16.946666666666665,0.013691757988169911,0.7,Hybrid_WithoutAnomaly
0.3441666666666667,0.6102011439772022,0.05187878787878788,0.8991596638655462,0.09809763923905569,0.7649676670390475,0.1849174583786269,0.1849174583786269,0.09280654211298732,0.6787573759111419,0.10084033613445378,214,3911,1851,24,0.03551962725240497,102220,17.036666666666665,0.013993162193771147,0.6875,Hybrid_WithoutAnomaly
0.3566666666666667,0.6167093008671709,0.05283950617283951,0.8991596638655462,0.0998134328358209,0.7649676670390475,0.1849174583786269,0.1849174583786269,0.09726705155477504,0.6657410621312044,0.10084033613445378,214,3836,1926,24,0.03551962725240497,100720,16.786666666666665,0.01434067675095617,0.675,Hybrid_WithoutAnomaly
0.36816666666666664,0.6166546104731375,0.05308176100628931,0.8865546218487395,0.10016615238547355,0.7649676670390475,0.1849174583786269,0.1849174583786269,0.09629992053068746,0.6532454009024644,0.1134453781512605,211,3764,1998,27,0.03551962725240497,102280,17.046666666666667,0.01464180161938795,0.6625,Hybrid_WithoutAnomaly
0.38033333333333336,0.6209751516017723,0.05384615384615385,0.8823529411764706,0.10149830836152732,0.7649676670390475,0.1849174583786269,0.1849174583786269,0.099005500891151,0.6404026379729261,0.11764705882352941,210,3690,2072,28,0.03551962725240497,101800,16.966666666666665,0.014975764325579106,0.65,Hybrid_WithoutAnomaly
0.3815,0.6215825795781693,0.05394297456974056,0.8823529411764706,0.10167029774872913,0.7649676670390475,0.1849174583786269,0.1849174583786269,0.0994264618205552,0.6391877820201319,0.11764705882352941,210,3683,2079,28,0.03551962725240497,101660,16.94333333333333,0.015,0.6488333333333334,Hybrid_WithoutAnomaly
0.3918333333333333,0.6209204612077389,0.05411764705882353,0.8697478991596639,0.10189515136598572,0.7649676670390475,0.1849174583786269,0.1849174583786269,0.0981882558866448,0.627906976744186,0.13025210084033614,207,3618,2144,31,0.03551962725240497,103360,17.226666666666667,0.01533631595940839,0.6375,Hybrid_WithoutAnomaly
0.4036666666666667,0.6230533865750396,0.05466666666666667,0.8613445378151261,0.1028084252758275,0.7649676670390475,0.1849174583786269,0.1849174583786269,0.0992182993504886,0.6152377646650469,0.13865546218487396,205,3545,2217,33,0.03551962725240497,103900,17.316666666666666,0.015646049491990142,0.625,Hybrid_WithoutAnomaly
0.41583333333333333,0.6273739277036743,0.05551020408163265,0.8571428571428571,0.10426782519805776,0.7649676670390475,0.1849174583786269,0.1849174583786269,0.10205763303506092,0.6023950017355085,0.14285714285714285,204,3471,2291,34,0.03551962725240497,103420,17.236666666666668,0.01598971208511808,0.6125,Hybrid_WithoutAnomaly
0.428,0.6316944688323091,0.05638888888888889,0.8529411764705882,0.10578426263678999,0.7649676670390475,0.1849174583786269,0.1849174583786269,0.10493388807366737,0.5895522388059702,0.14705882352941177,203,3397,2365,35,0.03551962725240497,102940,17.156666666666666,0.01641395955505238,0.6,Hybrid_WithoutAnomaly
0.44016666666666665,0.6360150099609437,0.05730496453900709,0.8487394957983193,0.10736114802019664,0.7649676670390475,0.1849174583786269,0.1849174583786269,0.10785114906850204,0.5767094758764318,0.15126050420168066,202,3323,2439,36,0.03551962725240497,102460,17.076666666666668,0.016818183430930663,0.5875,Hybrid_WithoutAnomaly
0.45166666666666666,0.6359603195669105,0.057681159420289854,0.8361344537815126,0.1079175704989154,0.7649676670390475,0.1849174583786269,0.1849174583786269,0.10735879791600195,0.5642138146476918,0.1638655462184874,199,3251,2511,39,0.03551962725240497,104020,17.336666666666666,0.01718660777290077,0.575,Hybrid_WithoutAnomaly
0.4638333333333333,0.6402808606955451,0.058666666666666666,0.8319327731092437,0.10960420703016883,0.7649676670390475,0.1849174583786269,0.1849174583786269,0.1103829459543272,0.5513710517181534,0.16806722689075632,198,3177,2585,40,0.03551962725240497,103540,17.256666666666668,0.017661745662504405,0.5625,Hybrid_WithoutAnomaly
0.47633333333333333,0.6467890175855139,0.06,0.8319327731092437,0.11192764273600904,0.7649676670390475,0.1849174583786269,0.1849174583786269,0.11517542222846722,0.5383547379382159,0.16806722689075632,198,3102,2660,40,0.03551962725240497,102040,17.006666666666668,0.01815636931216522,0.55,Hybrid_WithoutAnomaly
0.4881666666666667,0.6489219429528146,0.06077519379844961,0.8235294117647058,0.1131966503032053,0.7649676670390475,0.1849174583786269,0.1849174583786269,0.11659164817962932,0.5256855258590767,0.17647058823529413,196,3029,2733,42,0.03551962725240497,102580,17.096666666666668,0.018688508392276048,0.5375,Hybrid_WithoutAnomaly
0.5003333333333333,0.6532424840814492,0.06190476190476191,0.819327731092437,0.11511216056670602,0.7649676670390475,0.1849174583786269,0.1849174583786269,0.11978614198954407,0.5128427629295383,0.18067226890756302,195,2955,2807,43,0.03551962725240497,102100,17.016666666666666,0.019160304199626745,0.525,Hybrid_WithoutAnomaly
0.5125,0.657563025210084,0.06308943089430895,0.8151260504201681,0.11711439782674314,0.7649676670390475,0.1849174583786269,0.1849174583786269,0.12304781793857848,0.5,0.18487394957983194,194,2881,2881,44,0.03551962725240497,101620,16.936666666666667,0.019686696540615986,0.5125,Hybrid_WithoutAnomaly
0.525,0.6640711821000528,0.06466666666666666,0.8151260504201681,0.1198270537368746,0.7649676670390475,0.1849174583786269,0.1849174583786269,0.12809027367448816,0.4869836862200625,0.18487394957983194,194,2806,2956,44,0.03551962725240497,100120,16.686666666666667,0.020183543937188495,0.5,Hybrid_WithoutAnomaly
0.5368333333333334,0.6662041074673535,0.06564102564102564,0.8067226890756303,0.12140373063547266,0.7649676670390475,0.1849174583786269,0.1849174583786269,0.12979601482656716,0.4743144741409233,0.19327731092436976,192,2733,3029,46,0.03551962725240497,100660,16.776666666666667,0.020708742253010358,0.4875,Hybrid_WithoutAnomaly
0.549,0.6705246485959881,0.06701754385964913,0.8025210084033614,0.12370466321243524,0.7649676670390475,0.1849174583786269,0.1849174583786269,0.13329521439093447,0.4614717112113849,0.19747899159663865,191,2659,3103,47,0.03551962725240497,100180,16.696666666666665,0.021334324011924675,0.475,Hybrid_WithoutAnomaly
0.5615,0.6770328054859569,0.06882882882882883,0.8025210084033614,0.12678393627613674,0.7649676670390475,0.1849174583786269,0.1849174583786269,0.13859976685914804,0.4484553974314474,0.19747899159663865,191,2584,3178,47,0.03551962725240497,98680,16.446666666666665,0.022056457297614802,0.4625,Hybrid_WithoutAnomaly
0.5736666666666667,0.6813533466145918,0.07037037037037037,0.7983193277310925,0.12933968686181074,0.7649676670390475,0.1849174583786269,0.1849174583786269,0.14229571539105712,0.43561263450190907,0.20168067226890757,190,2510,3252,48,0.03551962725240497,98200,16.366666666666667,0.022848430430986902,0.45,Hybrid_WithoutAnomaly
0.5858333333333333,0.6856738877432265,0.072,0.7941176470588235,0.13202933985330073,0.7649676670390475,0.1849174583786269,0.1849174583786269,0.14610140409939215,0.4227698715723707,0.20588235294117646,189,2436,3326,49,0.03551962725240497,97720,16.286666666666665,0.023552587168828895,0.4375,Hybrid_WithoutAnomaly
0.598,0.6899944288718611,0.07372549019607844,0.7899159663865546,0.13486370157819227,0.7649676670390475,0.1849174583786269,0.1849174583786269,0.15002593079653692,0.4099271086428323,0.21008403361344538,188,2362,3400,50,0.03551962725240497,97240,16.206666666666667,0.02443327102333043,0.425,Hybrid_WithoutAnomaly
0.607,0.6926662369217038,0.07497995188452286,0.7857142857142857,0.13689604685212298,0.7649676670390475,0.1849174583786269,0.1849174583786269,0.15260070348740395,0.4003818118708782,0.21428571428571427,187,2307,3455,51,0.03551962725240497,97140,16.19,0.025,0.4156666666666667,Hybrid_WithoutAnomaly
0.6101666666666666,0.6943149700004958,0.07555555555555556,0.7857142857142857,0.13785477331367488,0.7649676670390475,0.1849174583786269,0.1849174583786269,0.15407926523537907,0.397084345713294,0.21428571428571427,187,2288,3474,51,0.03551962725240497,96760,16.126666666666665,0.0252001132225111,0.4125,Hybrid_WithoutAnomaly
0.6223333333333333,0.6986355111291306,0.0775,0.7815126050420168,0.14101592115238817,0.7649676670390475,0.1849174583786269,0.1849174583786269,0.1582723760313787,0.38424158278375564,0.2184873949579832,186,2214,3548,52,0.03551962725240497,96280,16.046666666666667,0.02599739212057072,0.4,Hybrid_WithoutAnomaly
0.6345,0.7029560522577654,0.07956989247311828,0.7773109243697479,0.1443620756925478,0.7649676670390475,0.1849174583786269,0.1849174583786269,0.16261737921559083,0.3713988198542173,0.22268907563025211,185,2140,3622,53,0.03551962725240497,95800,15.966666666666667,0.02695032388704003,0.3875,Hybrid_WithoutAnomaly
0.646,0.7029013618637319,0.08088888888888889,0.7647058823529411,0.1463022508038585,0.7649676670390475,0.1849174583786269,0.1849174583786269,0.16359995137347233,0.3589031586254773,0.23529411764705882,182,2068,3694,56,0.03551962725240497,97360,16.226666666666667,0.027922623311210877,0.375,Hybrid_WithoutAnomaly
0.6578333333333334,0.7050342872310327,0.08275862068965517,0.7563025210084033,0.1491918773311231,0.7649676670390475,0.1849174583786269,0.1849174583786269,0.16648926789644114,0.3462339465463381,0.24369747899159663,180,1995,3767,58,0.03551962725240497,97900,16.316666666666666,0.028922201152847847,0.3625,Hybrid_WithoutAnomaly
0.6693333333333333,0.7049795968369993,0.08428571428571428,0.7436974789915967,0.1514114627887083,0.7649676670390475,0.1849174583786269,0.1849174583786269,0.16775434780290865,0.3337382853175981,0.25630252100840334,177,1923,3839,61,0.03551962725240497,99460,16.576666666666668,0.02982532313112909,0.35,Hybrid_WithoutAnomaly
0.6811666666666667,0.7071125222043,0.08641975308641975,0.7352941176470589,0.15466195315952277,0.7649676670390475,0.1849174583786269,0.1849174583786269,0.17097412051088298,0.32106907323845885,0.2647058823529412,175,1850,3912,63,0.03551962725240497,100000,16.666666666666668,0.03096833845670897,0.3375,Hybrid_WithoutAnomaly
0.6926666666666667,0.7070578318102666,0.0882051282051282,0.7226890756302521,0.15722120658135283,0.7649676670390475,0.1849174583786269,0.1849174583786269,0.17256469408921196,0.30857341200971883,0.2773109243697479,172,1778,3984,66,0.03551962725240497,101560,16.926666666666666,0.03221802235776711,0.325,Hybrid_WithoutAnomaly
0.7041666666666667,0.7070031414162332,0.09013333333333333,0.7100840336134454,0.15996213913866542,0.7649676670390475,0.1849174583786269,0.1849174583786269,0.17432891409313003,0.2960777507809788,0.28991596638655465,169,1706,4056,69,0.03551962725240497,103120,17.186666666666667,0.033765125859959014,0.3125,Hybrid_WithoutAnomaly
0.7155,0.7108898054188701,0.09307479224376732,0.7058823529411765,0.1644640234948605,0.7649676670390475,0.1849174583786269,0.1849174583786269,0.17949654830423267,0.28410274210343633,0.29411764705882354,168,1637,4125,70,0.03551962725240497,102740,17.123333333333335,0.034999999999999996,0.30083333333333334,Hybrid_WithoutAnomaly
0.716,0.7091360667835339,0.09277777777777778,0.7016806722689075,0.16388616290480865,0.7649676670390475,0.1849174583786269,0.1849174583786269,0.17814479568422525,0.28340853870183963,0.29831932773109243,167,1633,4129,71,0.03551962725240497,103660,17.276666666666667,0.035084132670019516,0.3,Hybrid_WithoutAnomaly
0.7275,0.7090813763895005,0.09507246376811594,0.6890756302521008,0.16709118695873665,0.7649676670390475,0.1849174583786269,0.1849174583786269,0.18032578952028702,0.2709128774730996,0.31092436974789917,164,1561,4201,74,0.03551962725240497,105220,17.536666666666665,0.03677671753295857,0.2875,Hybrid_WithoutAnomaly
0.7393333333333333,0.7112143017568013,0.09818181818181818,0.680672268907563,0.17161016949152544,0.7649676670390475,0.1849174583786269,0.1849174583786269,0.18464681566834118,0.25824366539396043,0.31932773109243695,162,1488,4274,76,0.03551962725240497,105760,17.626666666666665,0.03878994662800833,0.275,Hybrid_WithoutAnomaly
0.7511666666666666,0.713347227124102,0.10158730158730159,0.6722689075630253,0.17650303364589082,0.7649676670390475,0.1849174583786269,0.1849174583786269,0.18927584219741964,0.24557445331482125,0.3277310924369748,160,1415,4347,78,0.03551962725240497,106300,17.716666666666665,0.04037493135571347,0.2625,Hybrid_WithoutAnomaly
0.7626666666666667,0.7132925367300686,0.10466666666666667,0.6596638655462185,0.18066743383199083,0.7649676670390475,0.1849174583786269,0.1849174583786269,0.19227768036500034,0.23307879208608123,0.3403361344537815,157,1343,4419,81,0.03551962725240497,107860,17.976666666666667,0.042911428776549354,0.25,Hybrid_WithoutAnomaly
0.7721666666666667,0.7061543465008356,0.10552061495457722,0.634453781512605,0.18094667465548234,0.7649676670390475,0.1849174583786269,0.1849174583786269,0.18882835121185967,0.2221450885109337,0.36554621848739494,151,1280,4482,87,0.03551962725240497,112600,18.766666666666666,0.045,0.2385,Hybrid_WithoutAnomaly
0.7731666666666667,0.7066749990520331,0.10596491228070175,0.634453781512605,0.18159951894167167,0.7649676670390475,0.1849174583786269,0.1849174583786269,0.18957892840943913,0.2211037834085387,0.36554621848739494,151,1274,4488,87,0.03551962725240497,112480,18.746666666666666,0.04520387210896165,0.2375,Hybrid_WithoutAnomaly
0.785,0.7088079244193339,0.11037037037037037,0.6260504201680672,0.1876574307304786,0.7649676670390475,0.1849174583786269,0.1849174583786269,0.1951905181404779,0.20843457132939952,0.3739495798319328,149,1201,4561,89,0.03551962725240497,113020,18.836666666666666,0.04750723930302059,0.225,Hybrid_WithoutAnomaly
0.7958333333333333,0.7043780025026324,0.11294117647058824,0.6050420168067226,0.19035029742233972,0.7649676670390475,0.1849174583786269,0.1849174583786269,0.19502184133658268,0.19628601180145783,0.3949579831932773,144,1131,4631,94,0.03551962725240497,116620,19.436666666666667,0.051717693520295864,0.2125,Hybrid_WithoutAnomaly
0.8058333333333333,0.7095845280146074,0.11851851851851852,0.6050420168067226,0.19821059876118374,0.7649676670390475,0.1849174583786269,0.1849174583786269,0.203580046896892,0.1858729607775078,0.3949579831932773,144,1071,4691,94,0.03551962725240497,115420,19.236666666666668,0.055,0.2025,Hybrid_WithoutAnomaly
0.808,0.7086985436312672,0.11916666666666667,0.6008403361344538,0.19888734353268428,0.7649676670390475,0.1849174583786269,0.1849174583786269,0.20366353514243618,0.18344324887191948,0.39915966386554624,143,1057,4705,95,0.03551962725240497,116140,19.356666666666666,0.055682768567233726,0.2,Hybrid_WithoutAnomaly
0.8188333333333333,0.7042686217145657,0.12266666666666666,0.5798319327731093,0.20249449743213496,0.7649676670390475,0.1849174583786269,0.1849174583786269,0.20428815607708609,0.1712946893439778,0.42016806722689076,138,987,4775,100,0.03551962725240497,119740,19.956666666666667,0.06112268752429381,0.1875,Hybrid_WithoutAnomaly
0.8271666666666667,0.6985370684198706,0.12488262910798122,0.5588235294117647,0.20414428242517269,0.7649676670390475,0.1849174583786269,0.1849174583786269,0.20282819396997526,0.16174939257202361,0.4411764705882353,133,932,4830,105,0.03551962725240497,123640,20.606666666666666,0.065,0.1775,Hybrid_WithoutAnomaly
0.8293333333333334,0.6976510840365302,0.12571428571428572,0.5546218487394958,0.20496894409937894,0.7649676670390475,0.1849174583786269,0.1849174583786269,0.20305189773104834,0.15931968066643526,0.44537815126050423,132,918,4844,106,0.03551962725240497,124360,20.726666666666667,0.06657328410439521,0.175,Hybrid_WithoutAnomaly
0.8401666666666666,0.6932211621198288,0.13025641025641024,0.5336134453781513,0.20939818631492169,0.7649676670390475,0.1849174583786269,0.1849174583786269,0.20445109933190395,0.14717112113849357,0.46638655462184875,127,848,4914,111,0.03551962725240497,127960,21.326666666666668,0.07181373694453719,0.1625,Hybrid_WithoutAnomaly
0.8456666666666667,0.6900425564186106,0.13247863247863248,0.5210084033613446,0.21124361158432708,0.7649676670390475,0.1849174583786269,0.1849174583786269,0.20444250428228006,0.14092329052412356,0.4789915966386555,124,812,4950,114,0.03551962725240497,130240,21.706666666666667,0.07500000000000001,0.156,Hybrid_WithoutAnomaly
0.8506666666666667,0.6866036244417933,0.13444444444444445,0.5084033613445378,0.2126537785588752,0.7649676670390475,0.1849174583786269,0.1849174583786269,0.20399467611203048,0.13519611246095106,0.49159663865546216,121,779,4983,117,0.03551962725240497,132580,22.096666666666668,0.07840290413236005,0.15,Hybrid_WithoutAnomaly
0.861,0.683927441160428,0.14096385542168674,0.49159663865546216,0.2191011235955056,0.7649676670390475,0.1849174583786269,0.1849174583786269,0.20795401621850432,0.12374175633460605,0.5084033613445378,117,713,5049,121,0.03551962725240497,135260,22.543333333333333,0.085,0.13833333333333334,Hybrid_WithoutAnomaly
0.8618333333333333,0.684361318286426,0.14181818181818182,0.49159663865546216,0.22013170272812796,0.7649676670390475,0.1849174583786269,0.1849174583786269,0.20897424013382865,0.1228740020826102,0.5084033613445378,117,708,5054,121,0.03551962725240497,135160,22.526666666666667,0.08566694930053805,0.1375,Hybrid_WithoutAnomaly
0.8733333333333333,0.6843066278923926,0.152,0.4789915966386555,0.23076923076923078,0.7649676670390475,0.1849174583786269,0.1849174583786269,0.21753832038952203,0.11037834085387019,0.5210084033613446,114,636,5126,124,0.03551962725240497,136720,22.786666666666665,0.09426188625000521,0.125,Hybrid_WithoutAnomaly
0.8735,0.6823793384066573,0.15127175368139223,0.47478991596638653,0.22944162436548224,0.7649676670390475,0.1849174583786269,0.1849174583786269,0.2156337500963437,0.11003123915307185,0.5252100840336135,113,634,5128,125,0.03551962725240497,137680,22.946666666666665,0.095,0.1245,Hybrid_WithoutAnomaly
0.8831666666666667,0.675327923602624,0.15805022156573117,0.4495798319327731,0.23387978142076504,0.7649676670390475,0.1849174583786269,0.1849174583786269,0.21631349945172235,0.09892398472752517,0.5504201680672269,107,570,5192,131,0.03551962725240497,142400,23.733333333333334,0.10500000000000001,0.11283333333333333,Hybrid_WithoutAnomaly
0.8835,0.6755014744530231,0.15851851851851853,0.4495798319327731,0.2343921139101862,0.7649676670390475,0.1849174583786269,0.1849174583786269,0.21680743837077004,0.09857688302672683,0.5504201680672269,107,568,5194,131,0.03551962725240497,142360,23.726666666666667,0.1054809896034989,0.1125,Hybrid_WithoutAnomaly
0.8913333333333333,0.6674955299717943,0.16396103896103897,0.42436974789915966,0.2365339578454333,0.7649676670390475,0.1849174583786269,0.1849174583786269,0.21540979171205876,0.08937868795557098,0.5756302521008403,101,515,5247,137,0.03551962725240497,147300,24.55,0.115,0.10266666666666667,Hybrid_WithoutAnomaly
0.8936666666666667,0.6666963210136536,0.16666666666666666,0.42016806722689076,0.2386634844868735,0.7649676670390475,0.1849174583786269,0.1849174583786269,0.2168995300888,0.08677542519958348,0.5798319327731093,100,500,5262,138,0.03551962725240497,148000,24.666666666666668,0.11718453536944676,0.1,Hybrid_WithoutAnomaly
0.9005,0.664211918714032,0.17540687160940324,0.40756302521008403,0.2452591656131479,0.7649676670390475,0.1849174583786269,0.1849174583786269,0.2215993710649015,0.07913918778202013,0.592436974789916,97,456,5306,141,0.03551962725240497,150120,25.02,0.125,0.09216666666666666,Hybrid_WithoutAnomaly
0.9045,0.6622663990969522,0.18095238095238095,0.39915966386554624,0.2490170380078637,0.7649676670390475,0.1849174583786269,0.1849174583786269,0.22416199671059164,0.07462686567164178,0.6008403361344538,95,430,5332,143,0.03551962725240497,151600,25.266666666666666,0.13190664563794532,0.0875,Hybrid_WithoutAnomaly
0.9068333333333334,0.6614671901388115,0.18467583497053044,0.3949579831932773,0.25167336010709507,0.7649676670390475,0.1849174583786269,0.1849174583786269,0.22620634151756044,0.07202360291565428,0.6050420168067226,94,415,5347,144,0.03551962725240497,152300,25.383333333333333,0.135,0.08483333333333333,Hybrid_WithoutAnomaly
0.9116666666666666,0.6599555476477297,0.19327731092436976,0.3865546218487395,0.257703081232493,0.7649676670390475,0.1849174583786269,0.1849174583786269,0.23103304223447385,0.06664352655328011,0.6134453781512605,92,384,5378,146,0.03551962725240497,153680,25.613333333333333,0.14500000000000002,0.07933333333333334,Hybrid_WithoutAnomaly
0.915,0.6556488614189168,0.19777777777777777,0.3739495798319328,0.2587209302325581,0.7649676670390475,0.1849174583786269,0.1849174583786269,0.23067381637574255,0.06265185699409927,0.6260504201680672,89,361,5401,149,0.03551962725240497,156220,26.036666666666665,0.15378831488655922,0.075,Hybrid_WithoutAnomaly
0.9156666666666666,0.6559959631197151,0.19955156950672645,0.3739495798319328,0.260233918128655,0.7649676670390475,0.1849174583786269,0.1849174583786269,0.2321389917743008,0.061957653592502604,0.6260504201680672,89,357,5405,149,0.03551962725240497,156140,26.023333333333333,0.155,0.07433333333333333,Hybrid_WithoutAnomaly
0.919,0.6456470821580975,0.20048309178743962,0.3487394957983193,0.25460122699386506,0.7649676670390475,0.1849174583786269,0.1849174583786269,0.22431393473116978,0.05744533148212426,0.6512605042016807,83,331,5431,155,0.03551962725240497,161620,26.936666666666667,0.165,0.069,Hybrid_WithoutAnomaly
0.923,0.6437015625410178,0.20984455958549222,0.3403361344537815,0.25961538461538464,0.7649676670390475,0.1849174583786269,0.1849174583786269,0.22863185244481468,0.05293300937174592,0.6596638655462185,81,305,5457,157,0.03551962725240497,163100,27.183333333333334,0.17500000000000002,0.06433333333333334,Hybrid_WithoutAnomaly
0.9245,0.6424684764568792,0.21333333333333335,0.33613445378151263,0.26101141924959215,0.7649676670390475,0.1849174583786269,0.1849174583786269,0.22974548427379807,0.05119750086775425,0.6638655462184874,80,295,5467,158,0.03551962725240497,163900,27.316666666666666,0.17901035370635857,0.0625,Hybrid_WithoutAnomaly
0.9278333333333333,0.6401758551390011,0.2222222222222222,0.3277310924369748,0.264855687606112,0.7649676670390475,0.1849174583786269,0.1849174583786269,0.233151905792032,0.047379382158972576,0.6722689075630253,78,273,5489,160,0.03551962725240497,165460,27.576666666666668,0.185,0.0585,Hybrid_WithoutAnomaly
0.9316666666666666,0.6421716899185915,0.23780487804878048,0.3277310924369748,0.2756183745583039,0.7649676670390475,0.1849174583786269,0.1849174583786269,0.2441255270431773,0.04338771259979174,0.6722689075630253,78,250,5512,160,0.03551962725240497,165000,27.5,0.195,0.05466666666666667,Hybrid_WithoutAnomaly
0.9346666666666666,0.6356773879284445,0.24503311258278146,0.31092436974789917,0.2740740740740741,0.7649676670390475,0.1849174583786269,0.1849174583786269,0.24224112857556326,0.039569593891010064,0.6890756302521008,74,228,5534,164,0.03551962725240497,168560,28.093333333333334,0.20500000000000002,0.050333333333333334,Hybrid_WithoutAnomaly
0.9346666666666666,0.6336633230175097,0.24333333333333335,0.3067226890756303,0.27137546468401486,0.7649676670390475,0.1849174583786269,0.1849174583786269,0.23939732863376179,0.0393960430406109,0.6932773109243697,73,227,5535,165,0.03551962725240497,169540,28.256666666666668,0.20568775236726544,0.05,Hybrid_WithoutAnomaly
0.937,0.6308500491484341,0.25177304964539005,0.29831932773109243,0.273076923076923,0.7649676670390475,0.1849174583786269,0.1849174583786269,0.24134169668585628,0.03661922943422423,0.7016806722689075,71,211,5551,167,0.03551962725240497,171220,28.536666666666665,0.215,0.047,Hybrid_WithoutAnomaly
0.9396666666666667,0.6261962612188228,0.26153846153846155,0.2857142857142857,0.2730923694779116,0.7649676670390475,0.1849174583786269,0.1849174583786269,0.24194072034078437,0.033321763276640055,0.7142857142857143,68,192,5570,170,0.03551962725240497,173840,28.973333333333333,0.225,0.043333333333333335,Hybrid_WithoutAnomaly
0.943,0.6259177048118796,0.2815126050420168,0.2815126050420168,0.2815126050420168,0.7649676670390475,0.1849174583786269,0.1849174583786269,0.2518354096237593,0.02967719541825755,0.7184873949579832,67,171,5591,171,0.03551962725240497,174420,29.07,0.23500000000000001,0.03966666666666667,Hybrid_WithoutAnomaly
0.9441666666666667,0.620482938055472,0.28444444444444444,0.2689075630252101,0.27645788336933047,0.7649676670390475,0.1849174583786269,0.1849174583786269,0.24755026602185914,0.02794168691426588,0.7310924369747899,64,161,5601,174,0.03551962725240497,177220,29.536666666666665,0.2407282068219438,0.0375,Hybrid_WithoutAnomaly
0.9453333333333334,0.6170622362099994,0.2897196261682243,0.2605042016806723,0.27433628318584075,0.7649676670390475,0.1849174583786269,0.1849174583786269,0.2463915535699497,0.026379729260673376,0.7394957983193278,62,152,5610,176,0.03551962725240497,179040,29.84,0.245,0.035666666666666666,Hybrid_WithoutAnomaly
0.9476666666666667,0.6142489623409239,0.30612244897959184,0.25210084033613445,0.2764976958525346,0.7649676670390475,0.1849174583786269,0.1849174583786269,0.250879761367196,0.023602915654286707,0.7478991596638656,60,136,5626,178,0.03551962725240497,180720,30.12,0.255,0.03266666666666666,Hybrid_WithoutAnomaly
0.9481666666666667,0.6004108342399785,0.29608938547486036,0.22268907563025211,0.25419664268585135,0.7649676670390475,0.1849174583786269,0.1849174583786269,0.23038826879892696,0.021867407150295035,0.7773109243697479,53,126,5636,185,0.03551962725240497,187520,31.253333333333334,0.265,0.029833333333333333,Hybrid_WithoutAnomaly
0.9501666666666667,0.5994380744314387,0.3151515151515151,0.2184873949579832,0.25806451612903225,0.7649676670390475,0.1849174583786269,0.1849174583786269,0.23735337129592735,0.019611246095105866,0.7815126050420168,52,113,5649,186,0.03551962725240497,188260,31.376666666666665,0.275,0.0275,Hybrid_WithoutAnomaly
0.9516666666666667,0.5982049883473001,0.33116883116883117,0.21428571428571427,0.2602040816326531,0.7649676670390475,0.1849174583786269,0.1849174583786269,0.24240908020369714,0.017875737591114195,0.7857142857142857,51,103,5659,187,0.03551962725240497,189060,31.51,0.28500000000000003,0.025666666666666667,Hybrid_WithoutAnomaly
0.9523333333333334,0.5985520900480984,0.34,0.21428571428571427,0.26288659793814434,0.7649676670390475,0.1849174583786269,0.1849174583786269,0.2464037866471949,0.01718153418951753,0.7857142857142857,51,99,5663,187,0.03551962725240497,188980,31.496666666666666,0.2883432352544629,0.025,Hybrid_WithoutAnomaly
0.9528333333333333,0.5927702215908925,0.3404255319148936,0.20168067226890757,0.2532981530343008,0.7649676670390475,0.1849174583786269,0.1849174583786269,0.23905200455064007,0.016140229087122527,0.7983193277310925,48,93,5669,190,0.03551962725240497,191860,31.976666666666667,0.295,0.0235,Hybrid_WithoutAnomaly
0.9533333333333334,0.5869883531336866,0.3409090909090909,0.18907563025210083,0.24324324324324323,0.7649676670390475,0.1849174583786269,0.1849174583786269,0.23149104307559878,0.015098923984727525,0.8109243697478992,45,87,5675,193,0.03551962725240497,194740,32.45666666666666,0.305,0.022,Hybrid_WithoutAnomaly
0.9541666666666667,0.5833941004378148,0.34959349593495936,0.18067226890756302,0.23822714681440443,0.7649676670390475,0.1849174583786269,0.1849174583786269,0.2297259353376664,0.013884068031933356,0.819327731092437,43,80,5682,195,0.03551962725240497,196600,32.766666666666666,0.315,0.0205,Hybrid_WithoutAnomaly
0.955,0.5838279775638128,0.3644067796610169,0.18067226890756302,0.24157303370786518,0.7649676670390475,0.1849174583786269,0.1849174583786269,0.23566255175327533,0.013016313779937522,0.819327731092437,43,75,5687,195,0.03551962725240497,196500,32.75,0.325,0.019666666666666666,Hybrid_WithoutAnomaly
0.9551666666666667,0.5758584933452728,0.3577981651376147,0.1638655462184874,0.22478386167146974,0.7649676670390475,0.1849174583786269,0.1849174583786269,0.22171830692240843,0.012148559527941687,0.8361344537815126,39,70,5692,199,0.03551962725240497,200400,33.4,0.335,0.018166666666666668,Hybrid_WithoutAnomaly
0.9555,0.5720039143738023,0.3592233009708738,0.15546218487394958,0.21700879765395897,0.7649676670390475,0.1849174583786269,0.1849174583786269,0.21638494015990403,0.011454356126345018,0.8445378151260504,37,66,5696,201,0.03551962725240497,202320,33.72,0.34500000000000003,0.017166666666666667,Hybrid_WithoutAnomaly
0.9565,0.570510502014065,0.37894736842105264,0.15126050420168066,0.2162162162162162,0.7649676670390475,0.1849174583786269,0.1849174583786269,0.22048911499459034,0.010239500173550851,0.8487394957983193,36,59,5703,202,0.03551962725240497,203180,33.86333333333334,0.35500000000000004,0.015833333333333335,Hybrid_WithoutAnomaly
0.9573333333333334,0.5669162493181931,0.3953488372093023,0.14285714285714285,0.20987654320987653,0.7649676670390475,0.1849174583786269,0.1849174583786269,0.2197590687466215,0.009024644220756682,0.8571428571428571,34,52,5710,204,0.03551962725240497,205040,34.17333333333333,0.365,0.014333333333333333,Hybrid_WithoutAnomaly
0.9576666666666667,0.5610476054357877,0.3974358974358974,0.13025210084033614,0.19620253164556964,0.7649676670390475,0.1849174583786269,0.1849174583786269,0.21037408104568422,0.008156889968760846,0.8697478991596639,31,47,5715,207,0.03551962725240497,207940,34.656666666666666,0.375,0.013,Hybrid_WithoutAnomaly
0.9578333333333333,0.5591203159500524,0.4,0.12605042016806722,0.19169329073482427,0.7649676670390475,0.1849174583786269,0.1849174583786269,0.20771460710080653,0.007809788267962513,0.8739495798319328,30,45,5717,208,0.03551962725240497,208900,34.81666666666667,0.37860347754024504,0.0125,Hybrid_WithoutAnomaly
0.9585,0.5574533527399158,0.42028985507246375,0.12184873949579832,0.18892508143322476,0.7649676670390475,0.1849174583786269,0.1849174583786269,0.21034489251638197,0.006942034015966678,0.8781512605042017,29,40,5722,209,0.03551962725240497,209800,34.96666666666667,0.385,0.0115,Hybrid_WithoutAnomaly
0.9585,0.5514111580071112,0.4126984126984127,0.1092436974789916,0.1727574750830565,0.7649676670390475,0.1849174583786269,0.1849174583786269,0.19688321302053893,0.0064213814647691774,0.8907563025210085,26,37,5725,212,0.03551962725240497,212740,35.45666666666666,0.395,0.0105,Hybrid_WithoutAnomaly
0.9591666666666666,0.5437020000641701,0.43137254901960786,0.09243697478991597,0.15224913494809691,0.7649676670390475,0.1849174583786269,0.1849174583786269,0.18582294641532046,0.005032974661575842,0.907563025210084,22,29,5733,216,0.03551962725240497,216580,36.096666666666664,0.405,0.0085,Hybrid_WithoutAnomaly
0.9591666666666666,0.5416879351532352,0.42857142857142855,0.08823529411764706,0.14634146341463417,0.7649676670390475,0.1849174583786269,0.1849174583786269,0.18081001017180953,0.004859423811176675,0.9117647058823529,21,28,5734,217,0.03551962725240497,217560,36.26,0.41500000000000004,0.008166666666666666,Hybrid_WithoutAnomaly
0.9585,0.5332845738086974,0.37777777777777777,0.07142857142857142,0.12014134275618375,0.7649676670390475,0.1849174583786269,0.1849174583786269,0.15059167426963518,0.004859423811176675,0.9285714285714286,17,28,5734,221,0.03551962725240497,221560,36.92666666666667,0.425,0.0075,Hybrid_WithoutAnomaly
0.9583333333333334,0.5271556036506931,0.35,0.058823529411764705,0.10071942446043165,0.7649676670390475,0.1849174583786269,0.1849174583786269,0.1302601089065485,0.004512322110378341,0.9411764705882353,14,26,5736,224,0.03551962725240497,224520,37.42,0.435,0.006666666666666667,Hybrid_WithoutAnomaly
0.9585,0.5212001843430881,0.3333333333333333,0.046218487394957986,0.08118081180811809,0.7649676670390475,0.1849174583786269,0.1849174583786269,0.11189476012259476,0.0038181187087816732,0.9537815126050421,11,22,5740,227,0.03551962725240497,227440,37.906666666666666,0.445,0.0055,Hybrid_WithoutAnomaly
0.9583333333333334,0.5170852790960189,0.3,0.037815126050420166,0.06716417910447761,0.7649676670390475,0.1849174583786269,0.1849174583786269,0.09455388677104375,0.003644567858382506,0.9621848739495799,9,21,5741,229,0.03551962725240497,229420,38.236666666666665,0.455,0.005,Hybrid_WithoutAnomaly
0.9583333333333334,0.513057149274149,0.2692307692307692,0.029411764705882353,0.05303030303030303,0.7649676670390475,0.1849174583786269,0.1849174583786269,0.077595080353998,0.003297466157584172,0.9705882352941176,7,19,5743,231,0.03551962725240497,231380,38.56333333333333,0.465,0.004333333333333333,Hybrid_WithoutAnomaly
0.9586666666666667,0.5132307001245482,0.2916666666666667,0.029411764705882353,0.05343511450381679,0.7649676670390475,0.1849174583786269,0.1849174583786269,0.08182330398531101,0.0029503644567858383,0.9705882352941176,7,17,5745,231,0.03551962725240497,231340,38.556666666666665,0.47500000000000003,0.004,Hybrid_WithoutAnomaly
0.9591666666666666,0.5114769614892121,0.3157894736842105,0.025210084033613446,0.04669260700389105,0.7649676670390475,0.1849174583786269,0.1849174583786269,0.07973854813735962,0.0022561610551891705,0.9747899159663865,6,13,5749,232,0.03551962725240497,232260,38.71,0.485,0.0031666666666666666,Hybrid_WithoutAnomaly
0.9593333333333334,0.5095496720034769,0.3125,0.02100840336134454,0.03937007874015749,0.7649676670390475,0.1849174583786269,0.1849174583786269,0.07228326693206985,0.0019090593543908366,0.9789915966386554,5,11,5751,233,0.03551962725240497,233220,38.87,0.495,0.0026666666666666666,Hybrid_WithoutAnomaly
0.9596666666666667,0.5097232228538761,0.35714285714285715,0.02100840336134454,0.03968253968253969,0.7649676670390475,0.1849174583786269,0.1849174583786269,0.07866525718429249,0.0015619576535925027,0.9789915966386554,5,9,5753,233,0.03551962725240497,233180,38.86333333333334,0.505,0.0023333333333333335,Hybrid_WithoutAnomaly
0.9596666666666667,0.5097232228538761,0.35714285714285715,0.02100840336134454,0.03968253968253969,0.7649676670390475,0.1849174583786269,0.1849174583786269,0.07866525718429249,0.0015619576535925027,0.9789915966386554,5,9,5753,233,0.03551962725240497,233180,38.86333333333334,0.515,0.0023333333333333335,Hybrid_WithoutAnomaly
0.9595,0.5076223825177416,0.3076923076923077,0.01680672268907563,0.03187250996015936,0.7649676670390475,0.1849174583786269,0.1849174583786269,0.0639910940509899,0.0015619576535925027,0.9831932773109243,4,9,5753,234,0.03551962725240497,234180,39.03,0.525,0.0021666666666666666,Hybrid_WithoutAnomaly
0.9595,0.5056083176068067,0.2727272727272727,0.012605042016806723,0.024096385542168676,0.7649676670390475,0.1849174583786269,0.1849174583786269,0.05117574838163002,0.0013884068031933356,0.9873949579831933,3,8,5754,235,0.03551962725240497,235160,39.193333333333335,0.535,0.0018333333333333333,Hybrid_WithoutAnomaly
0.9596666666666667,0.5036810281210714,0.25,0.008403361344537815,0.016260162601626015,0.7649676670390475,0.1849174583786269,0.1849174583786269,0.03937706482089861,0.0010413051023950017,0.9915966386554622,2,6,5756,236,0.03551962725240497,236120,39.35333333333333,0.545,0.0013333333333333333,Hybrid_WithoutAnomaly
0.9598333333333333,0.503767803546271,0.2857142857142857,0.008403361344537815,0.016326530612244896,0.7649676670390475,0.1849174583786269,0.1849174583786269,0.04308461265564858,0.0008677542519958348,0.9915966386554622,2,5,5757,236,0.03551962725240497,236100,39.35,0.555,0.0011666666666666668,Hybrid_WithoutAnomaly
0.96,0.5038545789714706,0.3333333333333333,0.008403361344537815,0.016393442622950817,0.7649676670390475,0.1849174583786269,0.1849174583786269,0.04760450508948916,0.0006942034015966678,0.9915966386554622,2,4,5758,236,0.03551962725240497,236080,39.346666666666664,0.5650000000000001,0.001,Hybrid_WithoutAnomaly
0.9603333333333334,0.5040281298218697,0.5,0.008403361344537815,0.01652892561983471,0.7649676670390475,0.1849174583786269,0.1849174583786269,0.06091829677463652,0.0003471017007983339,0.9915966386554622,2,2,5760,236,0.03551962725240497,236040,39.34,0.5750000000000001,0.0006666666666666666,Hybrid_WithoutAnomaly
0.9603333333333334,0.5020140649109349,0.5,0.004201680672268907,0.008333333333333333,0.7649676670390475,0.1849174583786269,0.1849174583786269,0.04306855846488772,0.00017355085039916696,0.9957983193277311,1,1,5761,237,0.03551962725240497,237020,39.50333333333333,0.585,0.0003333333333333333,Hybrid_WithoutAnomaly
0.9601666666666666,0.4999132245748004,0.0,0.0,0.0,0.7649676670390475,0.1849174583786269,0.1849174583786269,-0.0026239914801147713,0.00017355085039916696,1.0,0,1,5761,238,0.03551962725240497,238020,39.67,0.595,0.00016666666666666666,Hybrid_WithoutAnomaly
0.9601666666666666,0.4999132245748004,0.0,0.0,0.0,0.7649676670390475,0.1849174583786269,0.1849174583786269,-0.0026239914801147713,0.00017355085039916696,1.0,0,1,5761,238,0.03551962725240497,238020,39.67,0.605,0.00016666666666666666,Hybrid_WithoutAnomaly
0.9601666666666666,0.4999132245748004,0.0,0.0,0.0,0.7649676670390475,0.1849174583786269,0.1849174583786269,-0.0026239914801147713,0.00017355085039916696,1.0,0,1,5761,238,0.03551962725240497,238020,39.67,0.615,0.00016666666666666666,Hybrid_WithoutAnomaly
0.9601666666666666,0.4999132245748004,0.0,0.0,0.0,0.7649676670390475,0.1849174583786269,0.1849174583786269,-0.0026239914801147713,0.00017355085039916696,1.0,0,1,5761,238,0.03551962725240497,238020,39.67,0.625,0.00016666666666666666,Hybrid_WithoutAnomaly
0.9601666666666666,0.4999132245748004,0.0,0.0,0.0,0.7649676670390475,0.1849174583786269,0.1849174583786269,-0.0026239914801147713,0.00017355085039916696,1.0,0,1,5761,238,0.03551962725240497,238020,39.67,0.635,0.00016666666666666666,Hybrid_WithoutAnomaly
0.9601666666666666,0.4999132245748004,0.0,0.0,0.0,0.7649676670390475,0.1849174583786269,0.1849174583786269,-0.0026239914801147713,0.00017355085039916696,1.0,0,1,5761,238,0.03551962725240497,238020,39.67,0.645,0.00016666666666666666,Hybrid_WithoutAnomaly
0.9601666666666666,0.4999132245748004,0.0,0.0,0.0,0.7649676670390475,0.1849174583786269,0.1849174583786269,-0.0026239914801147713,0.00017355085039916696,1.0,0,1,5761,238,0.03551962725240497,238020,39.67,0.655,0.00016666666666666666,Hybrid_WithoutAnomaly
0.9601666666666666,0.4999132245748004,0.0,0.0,0.0,0.7649676670390475,0.1849174583786269,0.1849174583786269,-0.0026239914801147713,0.00017355085039916696,1.0,0,1,5761,238,0.03551962725240497,238020,39.67,0.6592990356789723,0.00016666666666666666,Hybrid_WithoutAnomaly
0.9603333333333334,0.5,0.0,0.0,0.0,0.7649676670390475,0.1849174583786269,0.1849174583786269,0.0,0.0,1.0,0,0,5762,238,0.03551962725240497,238000,39.666666666666664,0.665,0.0,Hybrid_WithoutAnomaly
0.9603333333333334,0.5,0.0,0.0,0.0,0.7649676670390475,0.1849174583786269,0.1849174583786269,0.0,0.0,1.0,0,0,5762,238,0.03551962725240497,238000,39.666666666666664,0.675,0.0,Hybrid_WithoutAnomaly
0.9603333333333334,0.5,0.0,0.0,0.0,0.7649676670390475,0.1849174583786269,0.1849174583786269,0.0,0.0,1.0,0,0,5762,238,0.03551962725240497,238000,39.666666666666664,0.685,0.0,Hybrid_WithoutAnomaly
0.9603333333333334,0.5,0.0,0.0,0.0,0.7649676670390475,0.1849174583786269,0.1849174583786269,0.0,0.0,1.0,0,0,5762,238,0.03551962725240497,238000,39.666666666666664,0.6950000000000001,0.0,Hybrid_WithoutAnomaly
0.9603333333333334,0.5,0.0,0.0,0.0,0.7649676670390475,0.1849174583786269,0.1849174583786269,0.0,0.0,1.0,0,0,5762,238,0.03551962725240497,238000,39.666666666666664,0.7050000000000001,0.0,Hybrid_WithoutAnomaly
0.9603333333333334,0.5,0.0,0.0,0.0,0.7649676670390475,0.1849174583786269,0.1849174583786269,0.0,0.0,1.0,0,0,5762,238,0.03551962725240497,238000,39.666666666666664,0.715,0.0,Hybrid_WithoutAnomaly
0.9603333333333334,0.5,0.0,0.0,0.0,0.7649676670390475,0.1849174583786269,0.1849174583786269,0.0,0.0,1.0,0,0,5762,238,0.03551962725240497,238000,39.666666666666664,0.725,0.0,Hybrid_WithoutAnomaly
0.9603333333333334,0.5,0.0,0.0,0.0,0.7649676670390475,0.1849174583786269,0.1849174583786269,0.0,0.0,1.0,0,0,5762,238,0.03551962725240497,238000,39.666666666666664,0.735,0.0,Hybrid_WithoutAnomaly
0.9603333333333334,0.5,0.0,0.0,0.0,0.7649676670390475,0.1849174583786269,0.1849174583786269,0.0,0.0,1.0,0,0,5762,238,0.03551962725240497,238000,39.666666666666664,0.745,0.0,Hybrid_WithoutAnomaly
0.9603333333333334,0.5,0.0,0.0,0.0,0.7649676670390475,0.1849174583786269,0.1849174583786269,0.0,0.0,1.0,0,0,5762,238,0.03551962725240497,238000,39.666666666666664,0.755,0.0,Hybrid_WithoutAnomaly
0.9603333333333334,0.5,0.0,0.0,0.0,0.7649676670390475,0.1849174583786269,0.1849174583786269,0.0,0.0,1.0,0,0,5762,238,0.03551962725240497,238000,39.666666666666664,0.765,0.0,Hybrid_WithoutAnomaly
0.9603333333333334,0.5,0.0,0.0,0.0,0.7649676670390475,0.1849174583786269,0.1849174583786269,0.0,0.0,1.0,0,0,5762,238,0.03551962725240497,238000,39.666666666666664,0.775,0.0,Hybrid_WithoutAnomaly
0.9603333333333334,0.5,0.0,0.0,0.0,0.7649676670390475,0.1849174583786269,0.1849174583786269,0.0,0.0,1.0,0,0,5762,238,0.03551962725240497,238000,39.666666666666664,0.785,0.0,Hybrid_WithoutAnomaly
0.9603333333333334,0.5,0.0,0.0,0.0,0.7649676670390475,0.1849174583786269,0.1849174583786269,0.0,0.0,1.0,0,0,5762,238,0.03551962725240497,238000,39.666666666666664,0.795,0.0,Hybrid_WithoutAnomaly
0.9603333333333334,0.5,0.0,0.0,0.0,0.7649676670390475,0.1849174583786269,0.1849174583786269,0.0,0.0,1.0,0,0,5762,238,0.03551962725240497,238000,39.666666666666664,0.805,0.0,Hybrid_WithoutAnomaly
0.9603333333333334,0.5,0.0,0.0,0.0,0.7649676670390475,0.1849174583786269,0.1849174583786269,0.0,0.0,1.0,0,0,5762,238,0.03551962725240497,238000,39.666666666666664,0.8150000000000001,0.0,Hybrid_WithoutAnomaly
0.9603333333333334,0.5,0.0,0.0,0.0,0.7649676670390475,0.1849174583786269,0.1849174583786269,0.0,0.0,1.0,0,0,5762,238,0.03551962725240497,238000,39.666666666666664,0.8250000000000001,0.0,Hybrid_WithoutAnomaly
0.9603333333333334,0.5,0.0,0.0,0.0,0.7649676670390475,0.1849174583786269,0.1849174583786269,0.0,0.0,1.0,0,0,5762,238,0.03551962725240497,238000,39.666666666666664,0.8350000000000001,0.0,Hybrid_WithoutAnomaly
0.9603333333333334,0.5,0.0,0.0,0.0,0.7649676670390475,0.1849174583786269,0.1849174583786269,0.0,0.0,1.0,0,0,5762,238,0.03551962725240497,238000,39.666666666666664,0.845,0.0,Hybrid_WithoutAnomaly
0.9603333333333334,0.5,0.0,0.0,0.0,0.7649676670390475,0.1849174583786269,0.1849174583786269,0.0,0.0,1.0,0,0,5762,238,0.03551962725240497,238000,39.666666666666664,0.855,0.0,Hybrid_WithoutAnomaly
0.9603333333333334,0.5,0.0,0.0,0.0,0.7649676670390475,0.1849174583786269,0.1849174583786269,0.0,0.0,1.0,0,0,5762,238,0.03551962725240497,238000,39.666666666666664,0.865,0.0,Hybrid_WithoutAnomaly
0.9603333333333334,0.5,0.0,0.0,0.0,0.7649676670390475,0.1849174583786269,0.1849174583786269,0.0,0.0,1.0,0,0,5762,238,0.03551962725240497,238000,39.666666666666664,0.875,0.0,Hybrid_WithoutAnomaly
0.9603333333333334,0.5,0.0,0.0,0.0,0.7649676670390475,0.1849174583786269,0.1849174583786269,0.0,0.0,1.0,0,0,5762,238,0.03551962725240497,238000,39.666666666666664,0.885,0.0,Hybrid_WithoutAnomaly
0.9603333333333334,0.5,0.0,0.0,0.0,0.7649676670390475,0.1849174583786269,0.1849174583786269,0.0,0.0,1.0,0,0,5762,238,0.03551962725240497,238000,39.666666666666664,0.895,0.0,Hybrid_WithoutAnomaly
0.9603333333333334,0.5,0.0,0.0,0.0,0.7649676670390475,0.1849174583786269,0.1849174583786269,0.0,0.0,1.0,0,0,5762,238,0.03551962725240497,238000,39.666666666666664,0.905,0.0,Hybrid_WithoutAnomaly
0.9603333333333334,0.5,0.0,0.0,0.0,0.7649676670390475,0.1849174583786269,0.1849174583786269,0.0,0.0,1.0,0,0,5762,238,0.03551962725240497,238000,39.666666666666664,0.915,0.0,Hybrid_WithoutAnomaly
0.9603333333333334,0.5,0.0,0.0,0.0,0.7649676670390475,0.1849174583786269,0.1849174583786269,0.0,0.0,1.0,0,0,5762,238,0.03551962725240497,238000,39.666666666666664,0.925,0.0,Hybrid_WithoutAnomaly
0.9603333333333334,0.5,0.0,0.0,0.0,0.7649676670390475,0.1849174583786269,0.1849174583786269,0.0,0.0,1.0,0,0,5762,238,0.03551962725240497,238000,39.666666666666664,0.935,0.0,Hybrid_WithoutAnomaly
0.9603333333333334,0.5,0.0,0.0,0.0,0.7649676670390475,0.1849174583786269,0.1849174583786269,0.0,0.0,1.0,0,0,5762,238,0.03551962725240497,238000,39.666666666666664,0.9450000000000001,0.0,Hybrid_WithoutAnomaly
0.9603333333333334,0.5,0.0,0.0,0.0,0.7649676670390475,0.1849174583786269,0.1849174583786269,0.0,0.0,1.0,0,0,5762,238,0.03551962725240497,238000,39.666666666666664,0.9550000000000001,0.0,Hybrid_WithoutAnomaly
0.9603333333333334,0.5,0.0,0.0,0.0,0.7649676670390475,0.1849174583786269,0.1849174583786269,0.0,0.0,1.0,0,0,5762,238,0.03551962725240497,238000,39.666666666666664,0.965,0.0,Hybrid_WithoutAnomaly
0.9603333333333334,0.5,0.0,0.0,0.0,0.7649676670390475,0.1849174583786269,0.1849174583786269,0.0,0.0,1.0,0,0,5762,238,0.03551962725240497,238000,39.666666666666664,0.975,0.0,Hybrid_WithoutAnomaly
0.9603333333333334,0.5,0.0,0.0,0.0,0.7649676670390475,0.1849174583786269,0.1849174583786269,0.0,0.0,1.0,0,0,5762,238,0.03551962725240497,238000,39.666666666666664,0.985,0.0,Hybrid_WithoutAnomaly
0.9603333333333334,0.5,0.0,0.0,0.0,0.7649676670390475,0.1849174583786269,0.1849174583786269,0.0,0.0,1.0,0,0,5762,238,0.03551962725240497,238000,39.666666666666664,0.995,0.0,Hybrid_WithoutAnomaly
0.9603333333333334,0.5,0.0,0.0,0.0,0.7649676670390475,0.1849174583786269,0.1849174583786269,0.0,0.0,1.0,0,0,5762,238,0.03551962725240497,238000,39.666666666666664,1.000001,0.0,Hybrid_WithoutAnomaly
0.03966666666666667,0.5,0.03966666666666667,1.0,0.07630650849631292,0.7626312934059427,0.1821869005392249,0.1821869005392249,0.0,1.0,0.0,238,5762,0,0,0.035586505138175774,115240,19.206666666666667,0.0034487270288217045,1.0,Hybrid_WithoutGraph
0.041166666666666664,0.49876691391586137,0.039572549674403074,0.9957983193277311,0.07612012204914084,0.7626312934059427,0.1821869005392249,0.1821869005392249,-0.011251877585923335,0.9982644914960084,0.004201680672268907,237,5752,10,1,0.035586505138175774,116040,19.34,0.005,0.9981666666666666,Hybrid_WithoutGraph
0.051833333333333335,0.5043205411286348,0.04,0.9957983193277311,0.0769105954892098,0.7626312934059427,0.1821869005392249,0.1821869005392249,0.015179883405146822,0.9871572370704617,0.004201680672268907,237,5688,74,1,0.035586505138175774,114760,19.126666666666665,0.00640629722914133,0.9875,Hybrid_WithoutGraph
0.06366666666666666,0.5064534664959355,0.040170940170940174,0.9873949579831933,0.07720105124835742,0.7626312934059427,0.1821869005392249,0.1821869005392249,0.016135209114522195,0.9744880249913225,0.012605042016806723,235,5615,147,3,0.035586505138175774,115300,19.216666666666665,0.006992624066761951,0.975,Hybrid_WithoutGraph
0.07616666666666666,0.5129616233859042,0.04069264069264069,0.9873949579831933,0.0781639780475636,0.7626312934059427,0.1821869005392249,0.1821869005392249,0.026631599204348898,0.961471711211385,0.012605042016806723,235,5540,222,3,0.035586505138175774,113800,18.966666666666665,0.007535854726390246,0.9625,Hybrid_WithoutGraph
0.08833333333333333,0.5172821645145389,0.04105263157894737,0.9831932773109243,0.07881441562815762,0.7626312934059427,0.1821869005392249,0.1821869005392249,0.030953173424005206,0.9486289482818466,0.01680672268907563,234,5466,296,4,0.035586505138175774,113320,18.886666666666667,0.007944836757574745,0.95,Hybrid_WithoutGraph
0.10016666666666667,0.5194150898818396,0.041244444444444445,0.9747899159663865,0.07914037182329865,0.7626312934059427,0.1821869005392249,0.1821869005392249,0.03130888557282085,0.9359597362027074,0.025210084033613446,232,5393,369,6,0.035586505138175774,113860,18.976666666666667,0.008389669405288474,0.9375,Hybrid_WithoutGraph
0.11266666666666666,0.5259232467718084,0.041801801801801805,0.9747899159663865,0.08016586040082932,0.7626312934059427,0.1821869005392249,0.1821869005392249,0.03841861874986014,0.9229434224227698,0.025210084033613446,232,5318,444,6,0.035586505138175774,112360,18.726666666666667,0.008796146395692712,0.925,Hybrid_WithoutGraph
0.12516666666666668,0.5324314036617771,0.04237442922374429,0.9747899159663865,0.08121827411167512,0.7626312934059427,0.1821869005392249,0.1821869005392249,0.044802178648257786,0.9099271086428323,0.025210084033613446,232,5243,519,6,0.035586505138175774,110860,18.476666666666667,0.00917100045210131,0.9125,Hybrid_WithoutGraph
0.13733333333333334,0.5367519447904118,0.042777777777777776,0.9705882352941176,0.08194395175594182,0.7626312934059427,0.1821869005392249,0.1821869005392249,0.04782036883847559,0.897084345713294,0.029411764705882353,231,5169,593,7,0.035586505138175774,110380,18.39666666666667,0.009472602466204294,0.9,Hybrid_WithoutGraph
0.14883333333333335,0.5366972543963785,0.0428169014084507,0.957983193277311,0.08197015998561927,0.7626312934059427,0.1821869005392249,0.1821869005392249,0.04533430699494755,0.884588684484554,0.04201680672268908,228,5097,665,10,0.035586505138175774,111940,18.656666666666666,0.00980027813658729,0.8875,Hybrid_WithoutGraph
0.16133333333333333,0.5432054112863473,0.04342857142857143,0.957983193277311,0.08309037900874634,0.7626312934059427,0.1821869005392249,0.1821869005392249,0.050995630002291514,0.8715723707046165,0.04201680672268908,228,5022,740,10,0.035586505138175774,110440,18.406666666666666,0.010100259834593747,0.875,Hybrid_WithoutGraph
0.1735,0.547525952414982,0.04386473429951691,0.9537815126050421,0.08387215961573989,0.7626312934059427,0.1821869005392249,0.1821869005392249,0.05387084386718988,0.8587296077750781,0.046218487394957986,227,4948,814,11,0.035586505138175774,109960,18.326666666666668,0.010349961298823556,0.8625,Hybrid_WithoutGraph
0.18566666666666667,0.5518464935436167,0.044313725490196076,0.9495798319327731,0.0846759085799925,0.7626312934059427,0.1821869005392249,0.1821869005392249,0.05667847390217025,0.8458868448455398,0.05042016806722689,226,4874,888,12,0.035586505138175774,109480,18.246666666666666,0.010611781574746806,0.85,Hybrid_WithoutGraph
0.1975,0.5539794189109174,0.0445771144278607,0.9411764705882353,0.0851225536766103,0.7626312934059427,0.1821869005392249,0.1821869005392249,0.0571166813021764,0.8332176327664006,0.058823529411764705,224,4801,961,14,0.035586505138175774,110020,18.336666666666666,0.010880980744899602,0.8375,Hybrid_WithoutGraph
0.20966666666666667,0.5582999600395521,0.04505050505050505,0.9369747899159664,0.08596761757902853,0.7626312934059427,0.1821869005392249,0.1821869005392249,0.05989300580556102,0.8203748698368623,0.06302521008403361,223,4727,1035,15,0.035586505138175774,109540,18.256666666666668,0.011110037041861745,0.825,Hybrid_WithoutGraph
0.22216666666666668,0.5648081169295208,0.045743589743589746,0.9369747899159664,0.08722863289653825,0.7626312934059427,0.1821869005392249,0.1821869005392249,0.0648143145786739,0.8073585560569246,0.06302521008403361,223,4652,1110,15,0.035586505138175774,108040,18.006666666666668,0.011369758738007536,0.8125,Hybrid_WithoutGraph
0.23466666666666666,0.5713162738194896,0.04645833333333333,0.9369747899159664,0.08852719333068677,0.7626312934059427,0.1821869005392249,0.1821869005392249,0.06959571536313858,0.7943422422769871,0.06302521008403361,223,4577,1185,15,0.035586505138175774,106540,17.756666666666668,0.011612489937067873,0.8,Hybrid_WithoutGraph
0.24683333333333332,0.5756368149481244,0.04698412698412698,0.9327731092436975,0.08946201894015715,0.7626312934059427,0.1821869005392249,0.1821869005392249,0.07217425918343426,0.7814994793474488,0.06722689075630252,222,4503,1259,16,0.035586505138175774,106060,17.676666666666666,0.011838719110678565,0.7875,Hybrid_WithoutGraph
0.25866666666666666,0.577769740315425,0.047311827956989246,0.9243697478991597,0.09001636661211129,0.7626312934059427,0.1821869005392249,0.1821869005392249,0.0726979876363959,0.7688302672683096,0.07563025210084033,220,4430,1332,18,0.035586505138175774,106600,17.766666666666666,0.012141504147409598,0.775,Hybrid_WithoutGraph
0.27116666666666667,0.5842778972053938,0.048087431693989074,0.9243697478991597,0.0914190733430293,0.7626312934059427,0.1821869005392249,0.1821869005392249,0.07730646432361622,0.7558139534883721,0.07563025210084033,220,4355,1407,18,0.035586505138175774,105100,17.516666666666666,0.012381778264510382,0.7625,Hybrid_WithoutGraph
0.283,0.5864108225726945,0.04844444444444444,0.9159663865546218,0.09202195018995357,0.7626312934059427,0.1821869005392249,0.1821869005392249,0.07789711153248731,0.7431447414092329,0.08403361344537816,218,4282,1480,20,0.035586505138175774,105640,17.606666666666666,0.012690363974710007,0.75,Hybrid_WithoutGraph
0.2951666666666667,0.5907313637013292,0.04903954802259887,0.9117647058823529,0.09307312888698263,0.7626312934059427,0.1821869005392249,0.1821869005392249,0.08049439174712104,0.7303019784796946,0.08823529411764706,217,4208,1554,21,0.035586505138175774,105160,17.526666666666667,0.012967083462587087,0.7375,Hybrid_WithoutGraph
0.30733333333333335,0.595051904829964,0.0496551724137931,0.907563025210084,0.09415867480383609,0.7626312934059427,0.1821869005392249,0.1821869005392249,0.08309584816975064,0.7174592155501562,0.09243697478991597,216,4134,1628,22,0.035586505138175774,104680,17.446666666666665,0.013253302693982295,0.725,Hybrid_WithoutGraph
0.31983333333333336,0.6015600617199327,0.05052631578947368,0.907563025210084,0.09572346554398406,0.7626312934059427,0.1821869005392249,0.1821869005392249,0.0875922027567808,0.7044429017702186,0.09243697478991597,216,4059,1703,22,0.035586505138175774,103180,17.196666666666665,0.013542196793969011,0.7125,Hybrid_WithoutGraph
0.3313333333333333,0.6015053713258993,0.05071428571428571,0.8949579831932774,0.09598918431726003,0.7626312934059427,0.1821869005392249,0.1821869005392249,0.08646358284255284,0.6919472405414786,0.10504201680672269,213,3987,1775,25,0.035586505138175774,104740,17.456666666666667,0.013846598586123806,0.7,Hybrid_WithoutGraph
0.3438333333333333,0.6080135282158681,0.05163636363636363,0.8949579831932774,0.09763923905569562,0.7626312934059427,0.1821869005392249,0.1821869005392249,0.09096422862191064,0.6789309267615411,0.10504201680672269,213,3912,1850,25,0.035586505138175774,103240,17.206666666666667,0.014178207938611654,0.6875,Hybrid_WithoutGraph
0.3556666666666667,0.6101464535831688,0.052098765432098765,0.8865546218487395,0.09841417910447761,0.7626312934059427,0.1821869005392249,0.1821869005392249,0.0917974891430726,0.6662617146824019,0.1134453781512605,211,3839,1923,27,0.035586505138175774,103780,17.296666666666667,0.014479533103209248,0.675,Hybrid_WithoutGraph
0.36783333333333335,0.6144669947118035,0.052830188679245285,0.8823529411764706,0.09969143128412059,0.7626312934059427,0.1821869005392249,0.1821869005392249,0.09449401484797415,0.6534189517528636,0.11764705882352941,210,3765,1997,28,0.035586505138175774,103300,17.216666666666665,0.014845400423654486,0.6625,Hybrid_WithoutGraph
0.375,0.6181983379953856,0.05340793489318413,0.8823529411764706,0.10071942446043165,0.7626312934059427,0.1821869005392249,0.1821869005392249,0.09708104651175326,0.6459562651856994,0.11764705882352941,210,3722,2040,28,0.035586505138175774,102440,17.073333333333334,0.015,0.6553333333333333,Hybrid_WithoutGraph
0.38,0.6187875358404382,0.05358974358974359,0.8781512605042017,0.10101498308361528,0.7626312934059427,0.1821869005392249,0.1821869005392249,0.09721516633615732,0.6405761888233252,0.12184873949579832,209,3691,2071,29,0.035586505138175774,102820,17.136666666666667,0.015160122027043704,0.65,Hybrid_WithoutGraph
0.39216666666666666,0.6231080769690729,0.05437908496732026,0.8739495798319328,0.10238739847403396,0.7626312934059427,0.1821869005392249,0.1821869005392249,0.09996461510666552,0.6277334258937869,0.12605042016806722,208,3617,2145,30,0.035586505138175774,102340,17.05666666666667,0.015418532109684387,0.6375,Hybrid_WithoutGraph
0.4043333333333333,0.6274286180977077,0.0552,0.8697478991596639,0.10381143430290872,0.7626312934059427,0.1821869005392249,0.1821869005392249,0.10274606110517265,0.6148906629642485,0.13025210084033614,207,3543,2219,31,0.035586505138175774,101860,16.976666666666667,0.01579049115391869,0.625,Hybrid_WithoutGraph
0.4161666666666667,0.6295615434650084,0.055782312925170066,0.8613445378151261,0.1047789419882443,0.7626312934059427,0.1821869005392249,0.1821869005392249,0.10381044768572749,0.6022214508851094,0.13865546218487396,205,3470,2292,33,0.035586505138175774,102400,17.066666666666666,0.01619133026822593,0.6125,Hybrid_WithoutGraph
0.42833333333333334,0.633882084593643,0.056666666666666664,0.8571428571428571,0.10630536737884314,0.7626312934059427,0.1821869005392249,0.1821869005392249,0.10667697591542265,0.589378687955571,0.14285714285714285,204,3396,2366,34,0.035586505138175774,101920,16.986666666666668,0.016558461869484772,0.6,Hybrid_WithoutGraph
0.44016666666666665,0.6360150099609437,0.05730496453900709,0.8487394957983193,0.10736114802019664,0.7626312934059427,0.1821869005392249,0.1821869005392249,0.10785114906850204,0.5767094758764318,0.15126050420168066,202,3323,2439,36,0.035586505138175774,102460,17.076666666666668,0.0169456774244086,0.5875,Hybrid_WithoutGraph
0.4523333333333333,0.6403355510895785,0.058260869565217394,0.8445378151260504,0.10900216919739697,0.7626312934059427,0.1821869005392249,0.1821869005392249,0.11081362648932462,0.5638667129468934,0.15546218487394958,201,3249,2513,37,0.035586505138175774,101980,16.996666666666666,0.017390989088494433,0.575,Hybrid_WithoutGraph
0.4648333333333333,0.6468437079795473,0.059555555555555556,0.8445378151260504,0.11126487683365624,0.7626312934059427,0.1821869005392249,0.1821869005392249,0.115547060384939,0.5508503991669559,0.15546218487394958,201,3174,2588,37,0.035586505138175774,100480,16.746666666666666,0.017813389074878675,0.5625,Hybrid_WithoutGraph
0.4766666666666667,0.648976633346848,0.0603030303030303,0.8361344537815126,0.11249293386093838,0.7626312934059427,0.1821869005392249,0.1821869005392249,0.11689189647926405,0.5381811870878167,0.1638655462184874,199,3101,2661,39,0.035586505138175774,101020,16.836666666666666,0.01827089332798896,0.55,Hybrid_WithoutGraph
0.4881666666666667,0.6489219429528146,0.06077519379844961,0.8235294117647058,0.1131966503032053,0.7626312934059427,0.1821869005392249,0.1821869005392249,0.11659164817962932,0.5256855258590767,0.17647058823529413,196,3029,2733,42,0.035586505138175774,102580,17.096666666666668,0.018743221498025407,0.5375,Hybrid_WithoutGraph
0.5003333333333333,0.6532424840814492,0.06190476190476191,0.819327731092437,0.11511216056670602,0.7626312934059427,0.1821869005392249,0.1821869005392249,0.11978614198954407,0.5128427629295383,0.18067226890756302,195,2955,2807,43,0.035586505138175774,102100,17.016666666666666,0.019239211586856805,0.525,Hybrid_WithoutGraph
0.5121666666666667,0.6553754094487501,0.06276422764227642,0.8109243697478992,0.11651071536371868,0.7626312934059427,0.1821869005392249,0.1821869005392249,0.1213394136631383,0.5001735508503992,0.18907563025210083,193,2882,2880,45,0.035586505138175774,102640,17.106666666666666,0.019695310822753016,0.5125,Hybrid_WithoutGraph
0.5243333333333333,0.6596959505773847,0.064,0.8067226890756303,0.11859172328597899,0.7626312934059427,0.1821869005392249,0.1821869005392249,0.12467453304316849,0.4873307879208608,0.19327731092436976,192,2808,2954,46,0.035586505138175774,102160,17.026666666666667,0.020260200537165353,0.5,Hybrid_WithoutGraph
0.5365,0.6640164917060194,0.0652991452991453,0.8025210084033614,0.12077141953841289,0.7626312934059427,0.1821869005392249,0.1821869005392249,0.128087610551127,0.4744880249913225,0.19747899159663865,191,2734,3028,47,0.035586505138175774,101680,16.946666666666665,0.02078976545288452,0.4875,Hybrid_WithoutGraph
0.5486666666666666,0.6683370328346542,0.06666666666666667,0.7983193277310925,0.12305699481865286,0.7626312934059427,0.1821869005392249,0.1821869005392249,0.1315852052262015,0.4616452620617841,0.20168067226890757,190,2660,3102,48,0.035586505138175774,101200,16.866666666666667,0.021542924903396092,0.475,Hybrid_WithoutGraph
0.5611666666666667,0.6748451897246229,0.06846846846846846,0.7983193277310925,0.1261201460338533,0.7626312934059427,0.1821869005392249,0.1821869005392249,0.1368870727984851,0.4486289482818466,0.20168067226890757,190,2585,3177,48,0.035586505138175774,99700,16.616666666666667,0.02214264495555866,0.4625,Hybrid_WithoutGraph
0.5733333333333334,0.6791657308532577,0.07,0.7941176470588235,0.12865895166780122,0.7626312934059427,0.1821869005392249,0.1821869005392249,0.1405792411402603,0.43578618535230823,0.20588235294117646,189,2511,3251,49,0.035586505138175774,99220,16.536666666666665,0.022897222447309934,0.45,Hybrid_WithoutGraph
0.5851666666666666,0.6812986562205583,0.07123809523809524,0.7857142857142857,0.13063220398183725,0.7626312934059427,0.1821869005392249,0.1821869005392249,0.14265866114565096,0.42311697327316905,0.21428571428571427,187,2438,3324,51,0.035586505138175774,99760,16.626666666666665,0.023727003142688836,0.4375,Hybrid_WithoutGraph
0.5973333333333334,0.6856191973491931,0.07294117647058823,0.7815126050420168,0.133428981348637,0.7626312934059427,0.1821869005392249,0.1821869005392249,0.14657110222321423,0.4102742103436307,0.2184873949579832,186,2364,3398,52,0.035586505138175774,99280,16.546666666666667,0.024557001295974157,0.425,Hybrid_WithoutGraph
0.6043333333333333,0.6852356353857059,0.07348242811501597,0.773109243697479,0.13420860685630928,0.7626312934059427,0.1821869005392249,0.1821869005392249,0.14663132746548344,0.40263797292606734,0.226890756302521,184,2320,3442,54,0.035586505138175774,100400,16.733333333333334,0.025,0.41733333333333333,Hybrid_WithoutGraph
0.6091666666666666,0.6877521227164938,0.07434343434343435,0.773109243697479,0.13564319941024697,0.7626312934059427,0.1821869005392249,0.1821869005392249,0.14887534971940794,0.39760499826449147,0.226890756302521,184,2291,3471,54,0.035586505138175774,99820,16.636666666666667,0.02530847935079241,0.4125,Hybrid_WithoutGraph
0.621,0.6898850480837944,0.07583333333333334,0.7647058823529411,0.1379833206974981,0.7626312934059427,0.1821869005392249,0.1821869005392249,0.1513000246643576,0.3849357861853523,0.23529411764705882,182,2218,3544,56,0.035586505138175774,100360,16.726666666666667,0.026002894859922396,0.4,Hybrid_WithoutGraph
0.6335,0.6963932049737631,0.07827956989247312,0.7647058823529411,0.14202106905969566,0.7626312934059427,0.1821869005392249,0.1821869005392249,0.15735893526359113,0.3719194724054148,0.23529411764705882,182,2143,3619,56,0.035586505138175774,98860,16.476666666666667,0.026895460287782762,0.3875,Hybrid_WithoutGraph
0.645,0.6963385145797298,0.07955555555555556,0.7521008403361344,0.14389067524115756,0.7626312934059427,0.1821869005392249,0.1821869005392249,0.15830830874144625,0.35942381117667477,0.24789915966386555,179,2071,3691,59,0.035586505138175774,100420,16.736666666666668,0.027941811411893638,0.375,Hybrid_WithoutGraph
0.6571666666666667,0.7006590557083645,0.08183908045977012,0.7478991596638656,0.1475341898052217,0.7626312934059427,0.1821869005392249,0.1821869005392249,0.1629365494563997,0.3465810482471364,0.25210084033613445,178,1997,3765,60,0.035586505138175774,99940,16.656666666666666,0.028965790258775753,0.3625,Hybrid_WithoutGraph
0.6686666666666666,0.7006043653143312,0.08333333333333333,0.7352941176470589,0.1497005988023952,0.7626312934059427,0.1821869005392249,0.1821869005392249,0.1641736786929213,0.3340853870183964,0.2647058823529412,175,1925,3837,63,0.035586505138175774,101500,16.916666666666668,0.029957985513314397,0.35,Hybrid_WithoutGraph
0.6805,0.7027372906816318,0.0854320987654321,0.726890756302521,0.1528943879805568,0.7626312934059427,0.1821869005392249,0.1821869005392249,0.16736230914545636,0.3214161749392572,0.27310924369747897,173,1852,3910,65,0.035586505138175774,102040,17.006666666666668,0.030992877993646174,0.3375,Hybrid_WithoutGraph
0.692,0.7026826002875985,0.08717948717948718,0.7142857142857143,0.15539305301645337,0.7626312934059427,0.1821869005392249,0.1821869005392249,0.168918319148077,0.3089205137105172,0.2857142857142857,170,1780,3982,68,0.035586505138175774,103600,17.266666666666666,0.032265785313978,0.325,Hybrid_WithoutGraph
0.7038333333333333,0.7048155256548992,0.0896,0.7058823529411765,0.15901561760530053,0.7626312934059427,0.1821869005392249,0.1821869005392249,0.17248660060205334,0.296251301631378,0.29411764705882354,168,1707,4055,70,0.035586505138175774,104140,17.356666666666666,0.033862538587551866,0.3125,Hybrid_WithoutGraph
0.714,0.706080696770204,0.09171270718232044,0.6974789915966386,0.162109375,0.7626312934059427,0.1821869005392249,0.1821869005392249,0.1752653709213249,0.28531759805623047,0.3025210084033613,166,1644,4118,72,0.035586505138175774,104880,17.48,0.034999999999999996,0.3016666666666667,Hybrid_WithoutGraph
0.7156666666666667,0.7069484510221999,0.09222222222222222,0.6974789915966386,0.16290480863591755,0.7626312934059427,0.1821869005392249,0.1821869005392249,0.17628135639882542,0.2835820895522388,0.3025210084033613,166,1634,4128,72,0.035586505138175774,104680,17.446666666666665,0.03525691899561861,0.3,Hybrid_WithoutGraph
0.7275,0.7090813763895005,0.09507246376811594,0.6890756302521008,0.16709118695873665,0.7626312934059427,0.1821869005392249,0.1821869005392249,0.18032578952028702,0.2709128774730996,0.31092436974789917,164,1561,4201,74,0.035586505138175774,105220,17.536666666666665,0.03660584979179207,0.2875,Hybrid_WithoutGraph
0.7396666666666667,0.7134019175181354,0.09878787878787879,0.6848739495798319,0.17266949152542374,0.7626312934059427,0.1821869005392249,0.1821869005392249,0.1865592632671847,0.25807011454356127,0.31512605042016806,163,1487,4275,75,0.035586505138175774,104740,17.456666666666667,0.038834436338836965,0.275,Hybrid_WithoutGraph
0.7501666666666666,0.7067843798400999,0.09968253968253968,0.6596638655462185,0.17319360176503032,0.7626312934059427,0.1821869005392249,0.1821869005392249,0.18345346304753746,0.24609510586601874,0.3403361344537815,157,1418,4344,81,0.035586505138175774,109360,18.226666666666667,0.04059201639675323,0.2625,Hybrid_WithoutGraph
0.7616666666666667,0.7067296894460665,0.10266666666666667,0.6470588235294118,0.17721518987341772,0.7626312934059427,0.1821869005392249,0.1821869005392249,0.18636144404607724,0.23359944463727872,0.35294117647058826,154,1346,4416,84,0.035586505138175774,110920,18.486666666666668,0.04295992599545797,0.25,Hybrid_WithoutGraph
0.7728333333333334,0.704487383290699,0.10526315789473684,0.6302521008403361,0.1803968731208659,0.7626312934059427,0.1821869005392249,0.1821869005392249,0.18757227132122067,0.22127733425893786,0.3697478991596639,150,1275,4487,88,0.035586505138175774,113500,18.916666666666668,0.044913286575492824,0.2375,Hybrid_WithoutGraph
0.773,0.7045741587158987,0.10533707865168539,0.6302521008403361,0.18050541516245486,0.7626312934059427,0.1821869005392249,0.1821869005392249,0.18769723391629822,0.2211037834085387,0.3697478991596639,150,1274,4488,88,0.035586505138175774,113480,18.913333333333334,0.045,0.23733333333333334,Hybrid_WithoutGraph
0.7843333333333333,0.7044326928966658,0.10888888888888888,0.6176470588235294,0.18513853904282115,0.7626312934059427,0.1821869005392249,0.1821869005392249,0.19110061728892258,0.20878167303019785,0.38235294117647056,147,1203,4559,91,0.035586505138175774,115060,19.176666666666666,0.04784095132686633,0.225,Hybrid_WithoutGraph
0.7965,0.7087532340253005,0.11450980392156863,0.6134453781512605,0.1929940515532056,0.7626312934059427,0.1821869005392249,0.1821869005392249,0.19919678040720792,0.1959389101006595,0.3865546218487395,146,1129,4633,92,0.035586505138175774,114580,19.096666666666668,0.051457196798374245,0.2125,Hybrid_WithoutGraph
0.8058333333333333,0.7055563981927377,0.11725846407927333,0.5966386554621849,0.19599723947550035,0.7626312934059427,0.1821869005392249,0.1821869005392249,0.19991326416636201,0.1855258590767095,0.40336134453781514,142,1069,4693,96,0.035586505138175774,117380,19.563333333333333,0.055,0.20183333333333334,Hybrid_WithoutGraph
0.8076666666666666,0.7065109278699331,0.11833333333333333,0.5966386554621849,0.19749652294853964,0.7626312934059427,0.1821869005392249,0.1821869005392249,0.20152869724786138,0.18361679972231865,0.40336134453781514,142,1058,4704,96,0.035586505138175774,117160,19.526666666666667,0.055833348789176646,0.2,Hybrid_WithoutGraph
0.8181666666666667,0.6998933901918976,0.12088888888888889,0.5714285714285714,0.1995597945707997,0.7626312934059427,0.1821869005392249,0.1821869005392249,0.19991250614772413,0.17164179104477612,0.42857142857142855,136,989,4773,102,0.035586505138175774,121780,20.296666666666667,0.06068711670104441,0.1875,Hybrid_WithoutGraph
0.825,0.6933808580704062,0.12197392923649907,0.5504201680672269,0.19969512195121952,0.7626312934059427,0.1821869005392249,0.1821869005392249,0.19691066537102175,0.16365845192641443,0.4495798319327731,131,943,4819,107,0.035586505138175774,125860,20.976666666666667,0.065,0.179,Hybrid_WithoutGraph
0.829,0.6954634682751962,0.12476190476190477,0.5504201680672269,0.20341614906832303,0.7626312934059427,0.1821869005392249,0.1821869005392249,0.2008045053931286,0.15949323151683442,0.4495798319327731,131,919,4843,107,0.035586505138175774,125380,20.89666666666667,0.0668556112396339,0.175,Hybrid_WithoutGraph
0.8395,0.6888459305971608,0.1282051282051282,0.5252100840336135,0.2061005770816158,0.7626312934059427,0.1821869005392249,0.1821869005392249,0.1998215810905928,0.14751822283929192,0.47478991596638653,125,850,4912,113,0.035586505138175774,130000,21.666666666666668,0.07229553335924727,0.1625,Hybrid_WithoutGraph
0.845,0.6896954547178122,0.13191489361702127,0.5210084033613446,0.2105263157894737,0.7626312934059427,0.1821869005392249,0.1821869005392249,0.20371492146888454,0.14161749392572023,0.4789915966386555,124,816,4946,114,0.035586505138175774,130320,21.72,0.07500000000000001,0.15666666666666668,Hybrid_WithoutGraph
0.8503333333333334,0.6844160086804594,0.13333333333333333,0.5042016806722689,0.210896309314587,0.7626312934059427,0.1821869005392249,0.1821869005392249,0.20160317932290936,0.13536966331135022,0.4957983193277311,120,780,4982,118,0.035586505138175774,133600,22.266666666666666,0.07847410014387167,0.15,Hybrid_WithoutGraph
0.8605,0.6836671148848293,0.1404561824729892,0.49159663865546216,0.2184873949579832,0.7626312934059427,0.1821869005392249,0.1821869005392249,0.20734557606276363,0.12426240888580355,0.5084033613445378,117,716,5046,121,0.035586505138175774,135320,22.553333333333335,0.085,0.13883333333333334,Hybrid_WithoutGraph
0.8618333333333333,0.684361318286426,0.14181818181818182,0.49159663865546216,0.22013170272812796,0.7626312934059427,0.1821869005392249,0.1821869005392249,0.20897424013382865,0.1228740020826102,0.5084033613445378,117,708,5054,121,0.035586505138175774,135160,22.526666666666667,0.08590397653054256,0.1375,Hybrid_WithoutGraph
0.873,0.6821190121310585,0.15066666666666667,0.47478991596638653,0.22874493927125505,0.7626312934059427,0.1821869005392249,0.1821869005392249,0.21495626317421612,0.11055189170426935,0.5252100840336135,113,637,5125,125,0.035586505138175774,137740,22.956666666666667,0.095,0.125,Hybrid_WithoutGraph
0.873,0.6821190121310585,0.15066666666666667,0.47478991596638653,0.22874493927125505,0.7626312934059427,0.1821869005392249,0.1821869005392249,0.21495626317421612,0.11055189170426935,0.5252100840336135,113,637,5125,125,0.035586505138175774,137740,22.956666666666667,0.09504462824538451,0.125,Hybrid_WithoutGraph
0.8836666666666667,0.6796163797000925,0.1607669616519174,0.4579831932773109,0.23799126637554585,0.7626312934059427,0.1821869005392249,0.1821869005392249,0.22146176546871157,0.098750433877126,0.542016806722689,109,569,5193,129,0.035586505138175774,140380,23.39666666666667,0.10500000000000001,0.113,Hybrid_WithoutGraph
0.8841666666666667,0.6798767059756912,0.16148148148148148,0.4579831932773109,0.2387732749178532,0.7626312934059427,0.1821869005392249,0.1821869005392249,0.2222124228113003,0.0982297813259285,0.542016806722689,109,566,5196,129,0.035586505138175774,140320,23.386666666666667,0.10543094093281584,0.1125,Hybrid_WithoutGraph
0.89,0.6627731967483279,0.1596774193548387,0.41596638655462187,0.23076923076923073,0.7626312934059427,0.1821869005392249,0.1821869005392249,0.2087377564963341,0.09041999305796598,0.5840336134453782,99,521,5241,139,0.035586505138175774,149420,24.903333333333332,0.115,0.10333333333333333,Hybrid_WithoutGraph
0.893,0.6623210894909856,0.16333333333333333,0.4117647058823529,0.233890214797136,0.7626312934059427,0.1821869005392249,0.1821869005392249,0.21120662903660053,0.08712252690038182,0.5882352941176471,98,502,5260,140,0.035586505138175774,150040,25.006666666666668,0.11724815104619223,0.1,Hybrid_WithoutGraph
0.9,0.6659656573493681,0.17562724014336917,0.4117647058823529,0.24623115577889446,0.7626312934059427,0.1821869005392249,0.1821869005392249,0.22306270446385665,0.0798333911836168,0.5882352941176471,98,460,5302,140,0.035586505138175774,149200,24.866666666666667,0.125,0.093,Hybrid_WithoutGraph
0.9051666666666667,0.6666416306196203,0.18476190476190477,0.40756302521008403,0.254259501965924,0.7626312934059427,0.1821869005392249,0.1821869005392249,0.2302061354827006,0.07427976397084346,0.592436974789916,97,428,5334,141,0.035586505138175774,149560,24.926666666666666,0.13017693943054592,0.0875,Hybrid_WithoutGraph
0.9065,0.6592795743774775,0.18271119842829076,0.3907563025210084,0.248995983935743,0.7626312934059427,0.1821869005392249,0.1821869005392249,0.22314161637066152,0.07219715376605346,0.6092436974789915,93,416,5346,145,0.035586505138175774,153320,25.553333333333335,0.135,0.08483333333333333,Hybrid_WithoutGraph
0.9125,0.6624034896846624,0.19661733615221988,0.3907563025210084,0.2616033755274262,0.7626312934059427,0.1821869005392249,0.1821869005392249,0.2352475751243297,0.06594932315168345,0.6092436974789915,93,380,5382,145,0.035586505138175774,152600,25.433333333333334,0.14500000000000002,0.07883333333333334,Hybrid_WithoutGraph
0.915,0.6556488614189168,0.19777777777777777,0.3739495798319328,0.2587209302325581,0.7626312934059427,0.1821869005392249,0.1821869005392249,0.23067381637574255,0.06265185699409927,0.6260504201680672,89,361,5401,149,0.035586505138175774,156220,26.036666666666665,0.15178770106196973,0.075,Hybrid_WithoutGraph
0.9161666666666667,0.652228159573444,0.19817767653758542,0.36554621848739494,0.25701624815361895,0.7626312934059427,0.1821869005392249,0.1821869005392249,0.22818725832516534,0.06108989934050677,0.634453781512605,87,352,5410,151,0.035586505138175774,158040,26.34,0.155,0.07316666666666667,Hybrid_WithoutGraph
0.9185,0.6474008207934336,0.20047732696897375,0.35294117647058826,0.25570776255707767,0.7626312934059427,0.1821869005392249,0.1821869005392249,0.22575739248126678,0.05813953488372093,0.6470588235294118,84,335,5427,154,0.035586505138175774,160700,26.783333333333335,0.165,0.06983333333333333,Hybrid_WithoutGraph
0.9231666666666667,0.6478164677880871,0.2133676092544987,0.3487394957983193,0.2647527910685805,0.7626312934059427,0.1821869005392249,0.1821869005392249,0.23433274846226188,0.05310656022214509,0.6512605042016807,83,306,5456,155,0.035586505138175774,161120,26.85333333333333,0.17500000000000002,0.06483333333333334,Hybrid_WithoutGraph
0.9251666666666667,0.6468437079795473,0.21866666666666668,0.3445378151260504,0.267536704730832,0.7626312934059427,0.1821869005392249,0.1821869005392249,0.23680100778316612,0.05085039916695592,0.6554621848739496,82,293,5469,156,0.035586505138175774,161860,26.976666666666667,0.17950132596057994,0.0625,Hybrid_WithoutGraph
0.9278333333333333,0.6482321147827406,0.22841225626740946,0.3445378151260504,0.27470686767169183,0.7626312934059427,0.1821869005392249,0.1821869005392249,0.2439619699850928,0.048073585560569246,0.6554621848739496,82,277,5485,156,0.035586505138175774,161540,26.923333333333332,0.185,0.059833333333333336,Hybrid_WithoutGraph
0.932,0.6443593056799256,0.24085365853658536,0.3319327731092437,0.27915194346289746,0.7626312934059427,0.1821869005392249,0.1821869005392249,0.247881920816153,0.04321416174939257,0.6680672268907563,79,249,5513,159,0.035586505138175774,163980,27.33,0.195,0.05466666666666667,Hybrid_WithoutGraph
0.9336666666666666,0.637170800288182,0.24193548387096775,0.31512605042016806,0.2737226277372263,0.7626312934059427,0.1821869005392249,0.1821869005392249,0.24189661633986861,0.040784449843804235,0.6848739495798319,75,235,5527,163,0.035586505138175774,167700,27.95,0.20500000000000002,0.051666666666666666,Hybrid_WithoutGraph
0.935,0.6358509387788438,0.24666666666666667,0.31092436974789917,0.275092936802974,0.7626312934059427,0.1821869005392249,0.1821869005392249,0.24331545185199027,0.03922249219021173,0.6890756302521008,74,226,5536,164,0.035586505138175774,168520,28.086666666666666,0.2085741618916742,0.05,Hybrid_WithoutGraph
0.9368333333333333,0.6368054684560391,0.2560553633217993,0.31092436974789917,0.2808349146110057,0.7626312934059427,0.1821869005392249,0.1821869005392249,0.24940408197983904,0.03731343283582089,0.6890756302521008,74,215,5547,164,0.035586505138175774,168300,28.05,0.215,0.04816666666666667,Hybrid_WithoutGraph
0.9396666666666667,0.6342525208625623,0.26865671641791045,0.3025210084033613,0.2845849802371542,0.7626312934059427,0.1821869005392249,0.1821869005392249,0.25369216953605556,0.034015966678236725,0.6974789915966386,72,196,5566,166,0.035586505138175774,169920,28.32,0.225,0.04466666666666667,Hybrid_WithoutGraph
0.9418333333333333,0.6293384066573523,0.27710843373493976,0.28991596638655465,0.2833675564681725,0.7626312934059427,0.1821869005392249,0.1821869005392249,0.25314027660175037,0.031239153071850052,0.7100840336134454,69,180,5582,169,0.035586505138175774,172600,28.766666666666666,0.23500000000000001,0.0415,Hybrid_WithoutGraph
0.9448333333333333,0.6248581695781401,0.29333333333333333,0.2773109243697479,0.28509719222462204,0.7626312934059427,0.1821869005392249,0.1821869005392249,0.2565398353735381,0.027594585213467547,0.7226890756302521,66,159,5603,172,0.035586505138175774,175180,29.196666666666665,0.2439037682963282,0.0375,Hybrid_WithoutGraph
0.945,0.62091681518147,0.2909090909090909,0.2689075630252101,0.2794759825327511,0.7626312934059427,0.1821869005392249,0.1821869005392249,0.2511403767062913,0.027073932662270046,0.7310924369747899,64,156,5606,174,0.035586505138175774,177120,29.52,0.245,0.03666666666666667,Hybrid_WithoutGraph
0.9471666666666667,0.6119745711543902,0.29949238578680204,0.24789915966386555,0.271264367816092,0.7626312934059427,0.1821869005392249,0.1821869005392249,0.2452816791638355,0.02395001735508504,0.7521008403361344,59,138,5624,179,0.035586505138175774,181760,30.293333333333333,0.255,0.03283333333333333,Hybrid_WithoutGraph
0.9473333333333334,0.6019910220249155,0.2903225806451613,0.226890756302521,0.25471698113207547,0.7626312934059427,0.1821869005392249,0.1821869005392249,0.22970638073050895,0.022908712252690037,0.773109243697479,54,132,5630,184,0.035586505138175774,186640,31.106666666666666,0.265,0.031,Hybrid_WithoutGraph
0.9506666666666667,0.5996984007070374,0.32098765432098764,0.2184873949579832,0.26,0.7626312934059427,0.1821869005392249,0.1821869005392249,0.2401064022207223,0.019090593543908366,0.7815126050420168,52,110,5652,186,0.035586505138175774,188200,31.366666666666667,0.275,0.027,Hybrid_WithoutGraph
0.9516666666666667,0.5982049883473001,0.33116883116883117,0.21428571428571427,0.2602040816326531,0.7626312934059427,0.1821869005392249,0.1821869005392249,0.24240908020369714,0.017875737591114195,0.7857142857142857,51,103,5659,187,0.035586505138175774,189060,31.51,0.28500000000000003,0.025666666666666667,Hybrid_WithoutGraph
0.9513333333333334,0.5919892427640963,0.32,0.20168067226890757,0.24742268041237112,0.7626312934059427,0.1821869005392249,0.1821869005392249,0.22999509941208757,0.01770218674071503,0.7983193277310925,48,102,5660,190,0.035586505138175774,192040,32.00666666666667,0.28717458225771836,0.025,Hybrid_WithoutGraph
0.952,0.5842800848211551,0.3188405797101449,0.18487394957983194,0.23404255319148937,0.7626312934059427,0.1821869005392249,0.1821869005392249,0.21946618530339385,0.016313779937521693,0.8151260504201681,44,94,5668,194,0.035586505138175774,195880,32.64666666666667,0.295,0.023,Hybrid_WithoutGraph
0.9526666666666667,0.5846271865219534,0.3283582089552239,0.18487394957983194,0.2365591397849462,0.7626312934059427,0.1821869005392249,0.1821869005392249,0.22355869994622224,0.015619576535925026,0.8151260504201681,44,90,5672,194,0.035586505138175774,195800,32.63333333333333,0.305,0.022333333333333334,Hybrid_WithoutGraph
0.954,0.5812932601016804,0.3442622950819672,0.17647058823529413,0.23333333333333336,0.7626312934059427,0.1821869005392249,0.1821869005392249,0.22483552635061158,0.013884068031933356,0.8235294117647058,42,80,5682,196,0.035586505138175774,197600,32.93333333333333,0.315,0.02033333333333333,Hybrid_WithoutGraph
0.9548333333333333,0.5797130723167434,0.3565217391304348,0.1722689075630252,0.23229461756373937,0.7626312934059427,0.1821869005392249,0.1821869005392249,0.22694075507680467,0.012842762929538355,0.8277310924369747,41,74,5688,197,0.035586505138175774,198480,33.08,0.325,0.019166666666666665,Hybrid_WithoutGraph
0.9556666666666667,0.5781328845318064,0.37037037037037035,0.16806722689075632,0.23121387283236997,0.7626312934059427,0.1821869005392249,0.1821869005392249,0.22940121424968657,0.011801457827143353,0.8319327731092437,40,68,5694,198,0.035586505138175774,199360,33.22666666666667,0.335,0.018,Hybrid_WithoutGraph
0.9556666666666667,0.570076624888067,0.36,0.15126050420168066,0.21301775147928992,0.7626312934059427,0.1821869005392249,0.1821869005392249,0.21367429120903378,0.011107254425546685,0.8487394957983193,36,64,5698,202,0.035586505138175774,203280,33.88,0.34500000000000003,0.016666666666666666,Hybrid_WithoutGraph
0.9558333333333333,0.5661352704913968,0.35789473684210527,0.14285714285714285,0.2042042042042042,0.7626312934059427,0.1821869005392249,0.1821869005392249,0.20680759382009795,0.010586601874349184,0.8571428571428571,34,61,5701,204,0.035586505138175774,205220,34.20333333333333,0.35500000000000004,0.015833333333333335,Hybrid_WithoutGraph
0.9566666666666667,0.562541017795525,0.37209302325581395,0.13445378151260504,0.19753086419753088,0.7626312934059427,0.1821869005392249,0.1821869005392249,0.2053904091942848,0.009371745921555015,0.865546218487395,32,54,5708,206,0.035586505138175774,207080,34.513333333333335,0.365,0.014333333333333333,Hybrid_WithoutGraph
0.957,0.5586864388240544,0.375,0.12605042016806722,0.18867924528301885,0.7626312934059427,0.1821869005392249,0.1821869005392249,0.19972710682497466,0.008677542519958347,0.8739495798319328,30,50,5712,208,0.035586505138175774,209000,34.833333333333336,0.375,0.013333333333333334,Hybrid_WithoutGraph
0.9575,0.5569327001887183,0.38666666666666666,0.12184873949579832,0.1853035143769968,0.7626312934059427,0.1821869005392249,0.1821869005392249,0.20002859018680813,0.00798333911836168,0.8781512605042017,29,46,5716,209,0.035586505138175774,209920,34.986666666666665,0.3792481632179499,0.0125,Hybrid_WithoutGraph
0.9581666666666667,0.5532516720676469,0.40298507462686567,0.1134453781512605,0.17704918032786887,0.7626312934059427,0.1821869005392249,0.1821869005392249,0.19781707436459836,0.006942034015966678,0.8865546218487395,27,40,5722,211,0.035586505138175774,211800,35.3,0.385,0.011166666666666667,Hybrid_WithoutGraph
0.9585,0.5473830281852415,0.4067796610169492,0.10084033613445378,0.16161616161616163,0.7626312934059427,0.1821869005392249,0.1821869005392249,0.18744425386934982,0.006074279763970843,0.8991596638655462,24,35,5727,214,0.035586505138175774,214700,35.78333333333333,0.395,0.009833333333333333,Hybrid_WithoutGraph
0.959,0.5436152246389705,0.4230769230769231,0.09243697478991597,0.1517241379310345,0.7626312934059427,0.1821869005392249,0.1821869005392249,0.1836775437328295,0.0052065255119750084,0.907563025210084,22,30,5732,216,0.035586505138175774,216600,36.1,0.405,0.008666666666666666,Hybrid_WithoutGraph
0.959,0.5395870948171008,0.4166666666666667,0.08403361344537816,0.1398601398601399,0.7626312934059427,0.1821869005392249,0.1821869005392249,0.17346291986659024,0.004859423811176675,0.9159663865546218,20,28,5734,218,0.035586505138175774,218560,36.42666666666667,0.41500000000000004,0.008,Hybrid_WithoutGraph
0.9583333333333334,0.531183733472563,0.36363636363636365,0.06722689075630252,0.11347517730496454,0.7626312934059427,0.1821869005392249,0.1821869005392249,0.14266897078656895,0.004859423811176675,0.9327731092436975,16,28,5734,222,0.035586505138175774,222560,37.093333333333334,0.425,0.007333333333333333,Hybrid_WithoutGraph
0.958,0.5229539229784242,0.3157894736842105,0.05042016806722689,0.08695652173913045,0.7626312934059427,0.1821869005392249,0.1821869005392249,0.11294687958468573,0.004512322110378341,0.9495798319327731,12,26,5736,226,0.035586505138175774,226520,37.75333333333333,0.435,0.006333333333333333,Hybrid_WithoutGraph
0.9581666666666667,0.5169985036708192,0.2903225806451613,0.037815126050420166,0.06691449814126393,0.7626312934059427,0.1821869005392249,0.1821869005392249,0.09255164839405988,0.0038181187087816732,0.9621848739495799,9,22,5740,229,0.035586505138175774,229440,38.24,0.445,0.005166666666666667,Hybrid_WithoutGraph
0.9585,0.5151579896102836,0.2962962962962963,0.03361344537815126,0.06037735849056603,0.7626312934059427,0.1821869005392249,0.1821869005392249,0.08840331825950024,0.003297466157584172,0.9663865546218487,8,19,5743,230,0.035586505138175774,230380,38.39666666666667,0.455,0.0045,Hybrid_WithoutGraph
0.9585,0.5111298597884137,0.2608695652173913,0.025210084033613446,0.04597701149425287,0.7626312934059427,0.1821869005392249,0.1821869005392249,0.07030549146036601,0.0029503644567858383,0.9747899159663865,6,17,5745,232,0.035586505138175774,232340,38.723333333333336,0.465,0.003833333333333333,Hybrid_WithoutGraph
0.9588333333333333,0.5113034106388129,0.2857142857142857,0.025210084033613446,0.04633204633204633,0.7626312934059427,0.1821869005392249,0.1821869005392249,0.07471205504257873,0.0026032627559875042,0.9747899159663865,6,15,5747,232,0.035586505138175774,232300,38.71666666666667,0.47500000000000003,0.0035,Hybrid_WithoutGraph
0.9593333333333334,0.5115637369144117,0.3333333333333333,0.025210084033613446,0.046875,0.7626312934059427,0.1821869005392249,0.1821869005392249,0.08253608157658808,0.0020826102047900035,0.9747899159663865,6,12,5750,232,0.035586505138175774,232240,38.70666666666666,0.485,0.003,Hybrid_WithoutGraph
0.9596666666666667,0.5117372877648109,0.375,0.025210084033613446,0.04724409448818898,0.7626312934059427,0.1821869005392249,0.1821869005392249,0.08884174286336258,0.0017355085039916696,0.9747899159663865,6,10,5752,232,0.035586505138175774,232200,38.7,0.495,0.0026666666666666666,Hybrid_WithoutGraph
0.9595,0.5096364474286764,0.3333333333333333,0.02100840336134454,0.03952569169960475,0.7626312934059427,0.1821869005392249,0.1821869005392249,0.07532590370648702,0.0017355085039916696,0.9789915966386554,5,10,5752,233,0.035586505138175774,233200,38.86666666666667,0.505,0.0025,Hybrid_WithoutGraph
0.9593333333333334,0.5055215421816072,0.25,0.012605042016806723,0.024,0.7626312934059427,0.1821869005392249,0.1821869005392249,0.048242963335795364,0.0015619576535925027,0.9873949579831933,3,9,5753,235,0.035586505138175774,235180,39.196666666666665,0.515,0.002,Hybrid_WithoutGraph
0.9591666666666666,0.5034207018454727,0.18181818181818182,0.008403361344537815,0.01606425702811245,0.7626312934059427,0.1821869005392249,0.1821869005392249,0.03121381298377668,0.0015619576535925027,0.9915966386554622,2,9,5753,236,0.035586505138175774,236180,39.36333333333334,0.525,0.0018333333333333333,Hybrid_WithoutGraph
0.9593333333333334,0.5035074772706722,0.2,0.008403361344537815,0.016129032258064516,0.7626312934059427,0.1821869005392249,0.1821869005392249,0.03356499256674392,0.0013884068031933356,0.9915966386554622,2,8,5754,236,0.035586505138175774,236160,39.36,0.535,0.0016666666666666668,Hybrid_WithoutGraph
0.9595,0.5035942526958719,0.2222222222222222,0.008403361344537815,0.016194331983805668,0.7626312934059427,0.1821869005392249,0.1821869005392249,0.03625290339974489,0.0012148559527941688,0.9915966386554622,2,7,5755,236,0.035586505138175774,236140,39.35666666666667,0.545,0.0015,Hybrid_WithoutGraph
0.9595,0.5035942526958719,0.2222222222222222,0.008403361344537815,0.016194331983805668,0.7626312934059427,0.1821869005392249,0.1821869005392249,0.03625290339974489,0.0012148559527941688,0.9915966386554622,2,7,5755,236,0.035586505138175774,236140,39.35666666666667,0.555,0.0015,Hybrid_WithoutGraph
0.9596666666666667,0.5036810281210714,0.25,0.008403361344537815,0.016260162601626015,0.7626312934059427,0.1821869005392249,0.1821869005392249,0.03937706482089861,0.0010413051023950017,0.9915966386554622,2,6,5756,236,0.035586505138175774,236120,39.35333333333333,0.5650000000000001,0.0013333333333333333,Hybrid_WithoutGraph
0.9603333333333334,0.5040281298218697,0.5,0.008403361344537815,0.01652892561983471,0.7626312934059427,0.1821869005392249,0.1821869005392249,0.06091829677463652,0.0003471017007983339,0.9915966386554622,2,2,5760,236,0.035586505138175774,236040,39.34,0.5750000000000001,0.0006666666666666666,Hybrid_WithoutGraph
0.9601666666666666,0.4999132245748004,0.0,0.0,0.0,0.7626312934059427,0.1821869005392249,0.1821869005392249,-0.0026239914801147713,0.00017355085039916696,1.0,0,1,5761,238,0.035586505138175774,238020,39.67,0.585,0.00016666666666666666,Hybrid_WithoutGraph
0.9601666666666666,0.4999132245748004,0.0,0.0,0.0,0.7626312934059427,0.1821869005392249,0.1821869005392249,-0.0026239914801147713,0.00017355085039916696,1.0,0,1,5761,238,0.035586505138175774,238020,39.67,0.595,0.00016666666666666666,Hybrid_WithoutGraph
0.9601666666666666,0.4999132245748004,0.0,0.0,0.0,0.7626312934059427,0.1821869005392249,0.1821869005392249,-0.0026239914801147713,0.00017355085039916696,1.0,0,1,5761,238,0.035586505138175774,238020,39.67,0.605,0.00016666666666666666,Hybrid_WithoutGraph
0.9601666666666666,0.4999132245748004,0.0,0.0,0.0,0.7626312934059427,0.1821869005392249,0.1821869005392249,-0.0026239914801147713,0.00017355085039916696,1.0,0,1,5761,238,0.035586505138175774,238020,39.67,0.615,0.00016666666666666666,Hybrid_WithoutGraph
0.9601666666666666,0.4999132245748004,0.0,0.0,0.0,0.7626312934059427,0.1821869005392249,0.1821869005392249,-0.0026239914801147713,0.00017355085039916696,1.0,0,1,5761,238,0.035586505138175774,238020,39.67,0.625,0.00016666666666666666,Hybrid_WithoutGraph
0.9601666666666666,0.4999132245748004,0.0,0.0,0.0,0.7626312934059427,0.1821869005392249,0.1821869005392249,-0.0026239914801147713,0.00017355085039916696,1.0,0,1,5761,238,0.035586505138175774,238020,39.67,0.635,0.00016666666666666666,Hybrid_WithoutGraph
0.9601666666666666,0.4999132245748004,0.0,0.0,0.0,0.7626312934059427,0.1821869005392249,0.1821869005392249,-0.0026239914801147713,0.00017355085039916696,1.0,0,1,5761,238,0.035586505138175774,238020,39.67,0.645,0.00016666666666666666,Hybrid_WithoutGraph
0.9601666666666666,0.4999132245748004,0.0,0.0,0.0,0.7626312934059427,0.1821869005392249,0.1821869005392249,-0.0026239914801147713,0.00017355085039916696,1.0,0,1,5761,238,0.035586505138175774,238020,39.67,0.655,0.00016666666666666666,Hybrid_WithoutGraph
0.9601666666666666,0.4999132245748004,0.0,0.0,0.0,0.7626312934059427,0.1821869005392249,0.1821869005392249,-0.0026239914801147713,0.00017355085039916696,1.0,0,1,5761,238,0.035586505138175774,238020,39.67,0.6601324742814907,0.00016666666666666666,Hybrid_WithoutGraph
0.9603333333333334,0.5,0.0,0.0,0.0,0.7626312934059427,0.1821869005392249,0.1821869005392249,0.0,0.0,1.0,0,0,5762,238,0.035586505138175774,238000,39.666666666666664,0.665,0.0,Hybrid_WithoutGraph
0.9603333333333334,0.5,0.0,0.0,0.0,0.7626312934059427,0.1821869005392249,0.1821869005392249,0.0,0.0,1.0,0,0,5762,238,0.035586505138175774,238000,39.666666666666664,0.675,0.0,Hybrid_WithoutGraph
0.9603333333333334,0.5,0.0,0.0,0.0,0.7626312934059427,0.1821869005392249,0.1821869005392249,0.0,0.0,1.0,0,0,5762,238,0.035586505138175774,238000,39.666666666666664,0.685,0.0,Hybrid_WithoutGraph
0.9603333333333334,0.5,0.0,0.0,0.0,0.7626312934059427,0.1821869005392249,0.1821869005392249,0.0,0.0,1.0,0,0,5762,238,0.035586505138175774,238000,39.666666666666664,0.6950000000000001,0.0,Hybrid_WithoutGraph
0.9603333333333334,0.5,0.0,0.0,0.0,0.7626312934059427,0.1821869005392249,0.1821869005392249,0.0,0.0,1.0,0,0,5762,238,0.035586505138175774,238000,39.666666666666664,0.7050000000000001,0.0,Hybrid_WithoutGraph
0.9603333333333334,0.5,0.0,0.0,0.0,0.7626312934059427,0.1821869005392249,0.1821869005392249,0.0,0.0,1.0,0,0,5762,238,0.035586505138175774,238000,39.666666666666664,0.715,0.0,Hybrid_WithoutGraph
0.9603333333333334,0.5,0.0,0.0,0.0,0.7626312934059427,0.1821869005392249,0.1821869005392249,0.0,0.0,1.0,0,0,5762,238,0.035586505138175774,238000,39.666666666666664,0.725,0.0,Hybrid_WithoutGraph
0.9603333333333334,0.5,0.0,0.0,0.0,0.7626312934059427,0.1821869005392249,0.1821869005392249,0.0,0.0,1.0,0,0,5762,238,0.035586505138175774,238000,39.666666666666664,0.735,0.0,Hybrid_WithoutGraph
0.9603333333333334,0.5,0.0,0.0,0.0,0.7626312934059427,0.1821869005392249,0.1821869005392249,0.0,0.0,1.0,0,0,5762,238,0.035586505138175774,238000,39.666666666666664,0.745,0.0,Hybrid_WithoutGraph
0.9603333333333334,0.5,0.0,0.0,0.0,0.7626312934059427,0.1821869005392249,0.1821869005392249,0.0,0.0,1.0,0,0,5762,238,0.035586505138175774,238000,39.666666666666664,0.755,0.0,Hybrid_WithoutGraph
0.9603333333333334,0.5,0.0,0.0,0.0,0.7626312934059427,0.1821869005392249,0.1821869005392249,0.0,0.0,1.0,0,0,5762,238,0.035586505138175774,238000,39.666666666666664,0.765,0.0,Hybrid_WithoutGraph
0.9603333333333334,0.5,0.0,0.0,0.0,0.7626312934059427,0.1821869005392249,0.1821869005392249,0.0,0.0,1.0,0,0,5762,238,0.035586505138175774,238000,39.666666666666664,0.775,0.0,Hybrid_WithoutGraph
0.9603333333333334,0.5,0.0,0.0,0.0,0.7626312934059427,0.1821869005392249,0.1821869005392249,0.0,0.0,1.0,0,0,5762,238,0.035586505138175774,238000,39.666666666666664,0.785,0.0,Hybrid_WithoutGraph
0.9603333333333334,0.5,0.0,0.0,0.0,0.7626312934059427,0.1821869005392249,0.1821869005392249,0.0,0.0,1.0,0,0,5762,238,0.035586505138175774,238000,39.666666666666664,0.795,0.0,Hybrid_WithoutGraph
0.9603333333333334,0.5,0.0,0.0,0.0,0.7626312934059427,0.1821869005392249,0.1821869005392249,0.0,0.0,1.0,0,0,5762,238,0.035586505138175774,238000,39.666666666666664,0.805,0.0,Hybrid_WithoutGraph
0.9603333333333334,0.5,0.0,0.0,0.0,0.7626312934059427,0.1821869005392249,0.1821869005392249,0.0,0.0,1.0,0,0,5762,238,0.035586505138175774,238000,39.666666666666664,0.8150000000000001,0.0,Hybrid_WithoutGraph
0.9603333333333334,0.5,0.0,0.0,0.0,0.7626312934059427,0.1821869005392249,0.1821869005392249,0.0,0.0,1.0,0,0,5762,238,0.035586505138175774,238000,39.666666666666664,0.8250000000000001,0.0,Hybrid_WithoutGraph
0.9603333333333334,0.5,0.0,0.0,0.0,0.7626312934059427,0.1821869005392249,0.1821869005392249,0.0,0.0,1.0,0,0,5762,238,0.035586505138175774,238000,39.666666666666664,0.8350000000000001,0.0,Hybrid_WithoutGraph
0.9603333333333334,0.5,0.0,0.0,0.0,0.7626312934059427,0.1821869005392249,0.1821869005392249,0.0,0.0,1.0,0,0,5762,238,0.035586505138175774,238000,39.666666666666664,0.845,0.0,Hybrid_WithoutGraph
0.9603333333333334,0.5,0.0,0.0,0.0,0.7626312934059427,0.1821869005392249,0.1821869005392249,0.0,0.0,1.0,0,0,5762,238,0.035586505138175774,238000,39.666666666666664,0.855,0.0,Hybrid_WithoutGraph
0.9603333333333334,0.5,0.0,0.0,0.0,0.7626312934059427,0.1821869005392249,0.1821869005392249,0.0,0.0,1.0,0,0,5762,238,0.035586505138175774,238000,39.666666666666664,0.865,0.0,Hybrid_WithoutGraph
0.9603333333333334,0.5,0.0,0.0,0.0,0.7626312934059427,0.1821869005392249,0.1821869005392249,0.0,0.0,1.0,0,0,5762,238,0.035586505138175774,238000,39.666666666666664,0.875,0.0,Hybrid_WithoutGraph
0.9603333333333334,0.5,0.0,0.0,0.0,0.7626312934059427,0.1821869005392249,0.1821869005392249,0.0,0.0,1.0,0,0,5762,238,0.035586505138175774,238000,39.666666666666664,0.885,0.0,Hybrid_WithoutGraph
0.9603333333333334,0.5,0.0,0.0,0.0,0.7626312934059427,0.1821869005392249,0.1821869005392249,0.0,0.0,1.0,0,0,5762,238,0.035586505138175774,238000,39.666666666666664,0.895,0.0,Hybrid_WithoutGraph
0.9603333333333334,0.5,0.0,0.0,0.0,0.7626312934059427,0.1821869005392249,0.1821869005392249,0.0,0.0,1.0,0,0,5762,238,0.035586505138175774,238000,39.666666666666664,0.905,0.0,Hybrid_WithoutGraph
0.9603333333333334,0.5,0.0,0.0,0.0,0.7626312934059427,0.1821869005392249,0.1821869005392249,0.0,0.0,1.0,0,0,5762,238,0.035586505138175774,238000,39.666666666666664,0.915,0.0,Hybrid_WithoutGraph
0.9603333333333334,0.5,0.0,0.0,0.0,0.7626312934059427,0.1821869005392249,0.1821869005392249,0.0,0.0,1.0,0,0,5762,238,0.035586505138175774,238000,39.666666666666664,0.925,0.0,Hybrid_WithoutGraph
0.9603333333333334,0.5,0.0,0.0,0.0,0.7626312934059427,0.1821869005392249,0.1821869005392249,0.0,0.0,1.0,0,0,5762,238,0.035586505138175774,238000,39.666666666666664,0.935,0.0,Hybrid_WithoutGraph
0.9603333333333334,0.5,0.0,0.0,0.0,0.7626312934059427,0.1821869005392249,0.1821869005392249,0.0,0.0,1.0,0,0,5762,238,0.035586505138175774,238000,39.666666666666664,0.9450000000000001,0.0,Hybrid_WithoutGraph
0.9603333333333334,0.5,0.0,0.0,0.0,0.7626312934059427,0.1821869005392249,0.1821869005392249,0.0,0.0,1.0,0,0,5762,238,0.035586505138175774,238000,39.666666666666664,0.9550000000000001,0.0,Hybrid_WithoutGraph
0.9603333333333334,0.5,0.0,0.0,0.0,0.7626312934059427,0.1821869005392249,0.1821869005392249,0.0,0.0,1.0,0,0,5762,238,0.035586505138175774,238000,39.666666666666664,0.965,0.0,Hybrid_WithoutGraph
0.9603333333333334,0.5,0.0,0.0,0.0,0.7626312934059427,0.1821869005392249,0.1821869005392249,0.0,0.0,1.0,0,0,5762,238,0.035586505138175774,238000,39.666666666666664,0.975,0.0,Hybrid_WithoutGraph
0.9603333333333334,0.5,0.0,0.0,0.0,0.7626312934059427,0.1821869005392249,0.1821869005392249,0.0,0.0,1.0,0,0,5762,238,0.035586505138175774,238000,39.666666666666664,0.985,0.0,Hybrid_WithoutGraph
0.9603333333333334,0.5,0.0,0.0,0.0,0.7626312934059427,0.1821869005392249,0.1821869005392249,0.0,0.0,1.0,0,0,5762,238,0.035586505138175774,238000,39.666666666666664,0.995,0.0,Hybrid_WithoutGraph
0.9603333333333334,0.5,0.0,0.0,0.0,0.7626312934059427,0.1821869005392249,0.1821869005392249,0.0,0.0,1.0,0,0,5762,238,0.035586505138175774,238000,39.666666666666664,1.000001,0.0,Hybrid_WithoutGraph
0.03966666666666667,0.5,0.03966666666666667,1.0,0.07630650849631292,0.7653621670813414,0.1805886992355992,0.1805886992355992,0.0,1.0,0.0,238,5762,0,0,0.03554650616861436,115240,19.206666666666667,0.004763204070167064,1.0,Hybrid_WithoutSequence
0.04083333333333333,0.5006074279763971,0.039712998498247956,1.0,0.07639223238645482,0.7653621670813414,0.1805886992355992,0.1805886992355992,0.006945903298268873,0.9987851440472059,0.0,238,5755,7,0,0.03554650616861436,115100,19.183333333333334,0.005,0.9988333333333334,Hybrid_WithoutSequence
0.0515,0.5021329253673007,0.039831223628691986,0.9915966386554622,0.07658607820866462,0.7653621670813414,0.1805886992355992,0.1805886992355992,0.007493866491148432,0.9873307879208608,0.008403361344537815,236,5689,73,2,0.03554650616861436,115780,19.296666666666667,0.0064271025232268296,0.9875,Hybrid_WithoutSequence
0.06366666666666666,0.5064534664959355,0.040170940170940174,0.9873949579831933,0.07720105124835742,0.7653621670813414,0.1805886992355992,0.1805886992355992,0.016135209114522195,0.9744880249913225,0.012605042016806723,235,5615,147,3,0.03554650616861436,115300,19.216666666666665,0.007102697390063169,0.975,Hybrid_WithoutSequence
0.07583333333333334,0.5107740076245701,0.04051948051948052,0.9831932773109243,0.07783136537502079,0.7653621670813414,0.1805886992355992,0.1805886992355992,0.02213681452850942,0.9616452620617841,0.01680672268907563,234,5541,221,4,0.03554650616861436,114820,19.136666666666667,0.0075698547316274505,0.9625,Hybrid_WithoutSequence
0.088,0.5150945487532048,0.04087719298245614,0.9789915966386554,0.07847760188615695,0.7653621670813414,0.1805886992355992,0.1805886992355992,0.0270350502057767,0.9488024991322458,0.02100840336134454,233,5467,295,5,0.03554650616861436,114340,19.05666666666667,0.007982386973767313,0.95,Hybrid_WithoutSequence
0.10016666666666667,0.5194150898818396,0.041244444444444445,0.9747899159663865,0.07914037182329865,0.7653621670813414,0.1805886992355992,0.1805886992355992,0.03130888557282085,0.9359597362027074,0.025210084033613446,232,5393,369,6,0.03554650616861436,113860,18.976666666666667,0.008400670089987312,0.9375,Hybrid_WithoutSequence
0.11266666666666666,0.5259232467718084,0.041801801801801805,0.9747899159663865,0.08016586040082932,0.7653621670813414,0.1805886992355992,0.1805886992355992,0.03841861874986014,0.9229434224227698,0.025210084033613446,232,5318,444,6,0.03554650616861436,112360,18.726666666666667,0.008778697382493166,0.925,Hybrid_WithoutSequence
0.12516666666666668,0.5324314036617771,0.04237442922374429,0.9747899159663865,0.08121827411167512,0.7653621670813414,0.1805886992355992,0.1805886992355992,0.044802178648257786,0.9099271086428323,0.025210084033613446,232,5243,519,6,0.03554650616861436,110860,18.476666666666667,0.009121800218716752,0.9125,Hybrid_WithoutSequence
0.136,0.5280014817450757,0.04203703703703704,0.9537815126050421,0.08052500886839306,0.7653621670813414,0.1805886992355992,0.1805886992355992,0.03643456673407664,0.8977785491148906,0.046218487394957986,227,5173,589,11,0.03554650616861436,114460,19.076666666666668,0.009433806182912095,0.9,Hybrid_WithoutSequence
0.1485,0.5345096386350444,0.04262910798122066,0.9537815126050421,0.08161064174006831,0.7653621670813414,0.1805886992355992,0.1805886992355992,0.04263181477468242,0.8847622353349531,0.046218487394957986,227,5098,664,11,0.03554650616861436,112960,18.826666666666668,0.009756430912092998,0.8875,Hybrid_WithoutSequence
0.161,0.5410177955250133,0.043238095238095235,0.9537815126050421,0.08272594752186589,0.7653621670813414,0.1805886992355992,0.1805886992355992,0.04841357278698562,0.8717459215550156,0.046218487394957986,227,5023,739,11,0.03554650616861436,111460,18.576666666666668,0.010079105546481172,0.875,Hybrid_WithoutSequence
0.1735,0.547525952414982,0.04386473429951691,0.9537815126050421,0.08387215961573989,0.7653621670813414,0.1805886992355992,0.1805886992355992,0.05387084386718988,0.8587296077750781,0.046218487394957986,227,4948,814,11,0.03554650616861436,109960,18.326666666666668,0.01037326063837171,0.8625,Hybrid_WithoutSequence
0.186,0.5540341093049508,0.04450980392156863,0.9537815126050421,0.08505058074185087,0.7653621670813414,0.1805886992355992,0.1805886992355992,0.05906997069129136,0.8457132939951406,0.046218487394957986,227,4873,889,11,0.03554650616861436,108460,18.076666666666668,0.010657858225452163,0.85,Hybrid_WithoutSequence
0.1975,0.5539794189109174,0.0445771144278607,0.9411764705882353,0.0851225536766103,0.7653621670813414,0.1805886992355992,0.1805886992355992,0.0571166813021764,0.8332176327664006,0.058823529411764705,224,4801,961,14,0.03554650616861436,110020,18.336666666666666,0.010879350512898102,0.8375,Hybrid_WithoutSequence
0.21,0.5604875758008862,0.04525252525252525,0.9411764705882353,0.08635312259059369,0.7653621670813414,0.1805886992355992,0.1805886992355992,0.06214039814348076,0.820201318986463,0.058823529411764705,224,4726,1036,14,0.03554650616861436,108520,18.086666666666666,0.011135411713195065,0.825,Hybrid_WithoutSequence
0.22216666666666668,0.5648081169295208,0.045743589743589746,0.9369747899159664,0.08722863289653825,0.7653621670813414,0.1805886992355992,0.1805886992355992,0.0648143145786739,0.8073585560569246,0.06302521008403361,223,4652,1110,15,0.03554650616861436,108040,18.006666666666668,0.011405959569079104,0.8125,Hybrid_WithoutSequence
0.23466666666666666,0.5713162738194896,0.04645833333333333,0.9369747899159664,0.08852719333068677,0.7653621670813414,0.1805886992355992,0.1805886992355992,0.06959571536313858,0.7943422422769871,0.06302521008403361,223,4577,1185,15,0.03554650616861436,106540,17.756666666666668,0.011663093498272782,0.8,Hybrid_WithoutSequence
0.24716666666666667,0.5778244307094584,0.047195767195767194,0.9369747899159664,0.08986500100745516,0.7653621670813414,0.1805886992355992,0.1805886992355992,0.0742617287187469,0.7813259284970496,0.06302521008403361,223,4502,1260,15,0.03554650616861436,105040,17.506666666666668,0.011959504651826117,0.7875,Hybrid_WithoutSequence
0.25966666666666666,0.5843325875994272,0.04795698924731183,0.9369747899159664,0.09124386252045827,0.7653621670813414,0.1805886992355992,0.1805886992355992,0.07883283891372889,0.7683096147171121,0.06302521008403361,223,4427,1335,15,0.03554650616861436,103540,17.256666666666668,0.012163223357357792,0.775,Hybrid_WithoutSequence
0.2715,0.5864655129667279,0.04830601092896175,0.9285714285714286,0.09183461458549763,0.7653621670813414,0.1805886992355992,0.1805886992355992,0.07931312141183468,0.7556404026379729,0.07142857142857142,221,4354,1408,17,0.03554650616861436,104080,17.346666666666668,0.012477238805668337,0.7625,Hybrid_WithoutSequence
0.2833333333333333,0.5885984383340285,0.048666666666666664,0.9201680672268907,0.09244406922752216,0.7653621670813414,0.1805886992355992,0.1805886992355992,0.07986919030546168,0.7429711905588338,0.07983193277310924,219,4281,1481,19,0.03554650616861436,104620,17.436666666666667,0.012792781917787084,0.75,Hybrid_WithoutSequence
0.29583333333333334,0.5951065952239972,0.04949152542372881,0.9201680672268907,0.09393094574308385,0.7653621670813414,0.1805886992355992,0.1805886992355992,0.0843759778470425,0.7299548767788963,0.07983193277310924,219,4206,1556,19,0.03554650616861436,103120,17.186666666666667,0.013051721493254178,0.7375,Hybrid_WithoutSequence
0.30766666666666664,0.5972395205912979,0.049885057471264364,0.9117647058823529,0.0945945945945946,0.7653621670813414,0.1805886992355992,0.1805886992355992,0.08500829576859416,0.7172856646997571,0.08823529411764706,217,4133,1629,21,0.03554650616861436,103660,17.276666666666667,0.01332798641963222,0.725,Hybrid_WithoutSequence
0.3195,0.5993724459585986,0.050292397660818715,0.9033613445378151,0.09528030135165079,0.7653621670813414,0.1805886992355992,0.1805886992355992,0.0857054563322944,0.7046164526206179,0.09663865546218488,215,4060,1702,23,0.03554650616861436,104200,17.366666666666667,0.013573416603246211,0.7125,Hybrid_WithoutSequence
0.33166666666666667,0.6036929870872334,0.05095238095238095,0.8991596638655462,0.0964398377647589,0.7653621670813414,0.1805886992355992,0.1805886992355992,0.0883270221279527,0.6917736896910794,0.10084033613445378,214,3986,1776,24,0.03554650616861436,103720,17.286666666666665,0.013868431194155614,0.7,Hybrid_WithoutSequence
0.3438333333333333,0.6080135282158681,0.05163636363636363,0.8949579831932774,0.09763923905569562,0.7653621670813414,0.1805886992355992,0.1805886992355992,0.09096422862191064,0.6789309267615411,0.10504201680672269,213,3912,1850,25,0.03554650616861436,103240,17.206666666666667,0.014192985697593247,0.6875,Hybrid_WithoutSequence
0.3556666666666667,0.6101464535831688,0.052098765432098765,0.8865546218487395,0.09841417910447761,0.7653621670813414,0.1805886992355992,0.1805886992355992,0.0917974891430726,0.6662617146824019,0.1134453781512605,211,3839,1923,27,0.03554650616861436,103780,17.296666666666667,0.014528807659863162,0.675,Hybrid_WithoutSequence
0.3675,0.6122793789504695,0.052578616352201256,0.8781512605042017,0.0992167101827676,0.7653621670813414,0.1805886992355992,0.1805886992355992,0.09268810916526084,0.6535925026032627,0.12184873949579832,209,3766,1996,29,0.03554650616861436,104320,17.386666666666667,0.01486579558401804,0.6625,Hybrid_WithoutSequence
0.373,0.6151429679820557,0.053018772196854386,0.8781512605042017,0.09999999999999999,0.7653621670813414,0.1805886992355992,0.1805886992355992,0.0946807143247571,0.6478653245400903,0.12184873949579832,209,3733,2029,29,0.03554650616861436,103660,17.276666666666667,0.015,0.657,Hybrid_WithoutSequence
0.37933333333333336,0.6144123043177702,0.05307692307692308,0.8697478991596639,0.1000483325277912,0.7653621670813414,0.1805886992355992,0.1805886992355992,0.09363449722616993,0.6409232905241236,0.13025210084033614,207,3693,2069,31,0.03554650616861436,104860,17.476666666666667,0.015183013657452957,0.65,Hybrid_WithoutSequence
0.3918333333333333,0.6209204612077389,0.05411764705882353,0.8697478991596639,0.10189515136598572,0.7653621670813414,0.1805886992355992,0.1805886992355992,0.0981882558866448,0.627906976744186,0.13025210084033614,207,3618,2144,31,0.03554650616861436,103360,17.226666666666667,0.015555126524319509,0.6375,Hybrid_WithoutSequence
0.4043333333333333,0.6274286180977077,0.0552,0.8697478991596639,0.10381143430290872,0.7653621670813414,0.1805886992355992,0.1805886992355992,0.10274606110517265,0.6148906629642485,0.13025210084033614,207,3543,2219,31,0.03554650616861436,101860,16.976666666666667,0.015865708904702243,0.625,Hybrid_WithoutSequence
0.4161666666666667,0.6295615434650084,0.055782312925170066,0.8613445378151261,0.1047789419882443,0.7653621670813414,0.1805886992355992,0.1805886992355992,0.10381044768572749,0.6022214508851094,0.13865546218487396,205,3470,2292,33,0.03554650616861436,102400,17.066666666666666,0.01618931296284775,0.6125,Hybrid_WithoutSequence
0.42833333333333334,0.633882084593643,0.056666666666666664,0.8571428571428571,0.10630536737884314,0.7653621670813414,0.1805886992355992,0.1805886992355992,0.10667697591542265,0.589378687955571,0.14285714285714285,204,3396,2366,34,0.03554650616861436,101920,16.986666666666668,0.01656453542424546,0.6,Hybrid_WithoutSequence
0.44083333333333335,0.6403902414836118,0.05787234042553192,0.8571428571428571,0.10842412968376296,0.7653621670813414,0.1805886992355992,0.1805886992355992,0.11132042607914948,0.5763623741756334,0.14285714285714285,204,3321,2441,34,0.03554650616861436,100420,16.736666666666668,0.017042192184486115,0.5875,Hybrid_WithoutSequence
0.45266666666666666,0.6425231668509125,0.058550724637681156,0.8487394957983193,0.10954446854663773,0.7653621670813414,0.1805886992355992,0.1805886992355992,0.11254104077598595,0.5636931620964942,0.15126050420168066,202,3248,2514,36,0.03554650616861436,100960,16.826666666666668,0.017402761694277284,0.575,Hybrid_WithoutSequence
0.46416666666666667,0.6424684764568792,0.05896296296296296,0.8361344537815126,0.1101577636313313,0.7653621670813414,0.1805886992355992,0.1805886992355992,0.1121043174311978,0.5511975008677542,0.1638655462184874,199,3176,2586,39,0.03554650616861436,102520,17.086666666666666,0.017829121329161524,0.5625,Hybrid_WithoutSequence
0.4766666666666667,0.648976633346848,0.0603030303030303,0.8361344537815126,0.11249293386093838,0.7653621670813414,0.1805886992355992,0.1805886992355992,0.11689189647926405,0.5381811870878167,0.1638655462184874,199,3101,2661,39,0.03554650616861436,101020,16.836666666666666,0.018317393853941048,0.55,Hybrid_WithoutSequence
0.4881666666666667,0.6489219429528146,0.06077519379844961,0.8235294117647058,0.1131966503032053,0.7653621670813414,0.1805886992355992,0.1805886992355992,0.11659164817962932,0.5256855258590767,0.17647058823529413,196,3029,2733,42,0.03554650616861436,102580,17.096666666666668,0.018791547178613997,0.5375,Hybrid_WithoutSequence
0.5003333333333333,0.6532424840814492,0.06190476190476191,0.819327731092437,0.11511216056670602,0.7653621670813414,0.1805886992355992,0.1805886992355992,0.11978614198954407,0.5128427629295383,0.18067226890756302,195,2955,2807,43,0.03554650616861436,102100,17.016666666666666,0.01931132531934323,0.525,Hybrid_WithoutSequence
0.5121666666666667,0.6553754094487501,0.06276422764227642,0.8109243697478992,0.11651071536371868,0.7653621670813414,0.1805886992355992,0.1805886992355992,0.1213394136631383,0.5001735508503992,0.18907563025210083,193,2882,2880,45,0.03554650616861436,102640,17.106666666666666,0.019809552117725303,0.5125,Hybrid_WithoutSequence
0.5243333333333333,0.6596959505773847,0.064,0.8067226890756303,0.11859172328597899,0.7653621670813414,0.1805886992355992,0.1805886992355992,0.12467453304316849,0.4873307879208608,0.19327731092436976,192,2808,2954,46,0.03554650616861436,102160,17.026666666666667,0.020407468880758235,0.5,Hybrid_WithoutSequence
0.5368333333333334,0.6662041074673535,0.06564102564102564,0.8067226890756303,0.12140373063547266,0.7653621670813414,0.1805886992355992,0.1805886992355992,0.12979601482656716,0.4743144741409233,0.19327731092436976,192,2733,3029,46,0.03554650616861436,100660,16.776666666666667,0.020904642814445467,0.4875,Hybrid_WithoutSequence
0.5493333333333333,0.6727122643573222,0.06736842105263158,0.8067226890756303,0.12435233160621763,0.7653621670813414,0.1805886992355992,0.1805886992355992,0.13500522355566744,0.46129816036098575,0.19327731092436976,192,2658,3104,46,0.03554650616861436,99160,16.526666666666667,0.021489668420873,0.475,Hybrid_WithoutSequence
0.5618333333333333,0.679220421247291,0.06918918918918919,0.8067226890756303,0.1274477265184202,0.7653621670813414,0.1805886992355992,0.1805886992355992,0.14031246091981098,0.44828184658104825,0.19327731092436976,192,2583,3179,46,0.03554650616861436,97660,16.276666666666667,0.022196945263127085,0.4625,Hybrid_WithoutSequence
0.574,0.6835409623759258,0.07074074074074074,0.8025210084033614,0.1300204220558203,0.7653621670813414,0.1805886992355992,0.1805886992355992,0.14401218964185394,0.4354390836515099,0.19747899159663865,191,2509,3253,47,0.03554650616861436,97180,16.196666666666665,0.022957241973312767,0.45,Hybrid_WithoutSequence
0.5861666666666666,0.6878615035045605,0.07238095238095238,0.7983193277310925,0.13272790778903246,0.7653621670813414,0.1805886992355992,0.1805886992355992,0.14782277557626275,0.42259632072197156,0.20168067226890757,190,2435,3327,48,0.03554650616861436,96700,16.116666666666667,0.023672523987410144,0.4375,Hybrid_WithoutSequence
0.5976666666666667,0.687806813110527,0.07333333333333333,0.7857142857142857,0.13414634146341464,0.7653621670813414,0.1805886992355992,0.1805886992355992,0.14829851650987558,0.4101006594932315,0.21428571428571427,187,2363,3399,51,0.03554650616861436,98260,16.376666666666665,0.0244404895421498,0.425,Hybrid_WithoutSequence
0.6085,0.6934472157485,0.07525150905432595,0.7857142857142857,0.13734851266984943,0.7653621670813414,0.1805886992355992,0.1805886992355992,0.1532998476780819,0.39881985421728566,0.21428571428571427,187,2298,3464,51,0.03554650616861436,96960,16.16,0.025,0.4141666666666667,Hybrid_WithoutSequence
0.6101666666666666,0.6943149700004958,0.07555555555555556,0.7857142857142857,0.13785477331367488,0.7653621670813414,0.1805886992355992,0.1805886992355992,0.15407926523537907,0.397084345713294,0.21428571428571427,187,2288,3474,51,0.03554650616861436,96760,16.126666666666665,0.025142115075806527,0.4125,Hybrid_WithoutSequence
0.6223333333333333,0.6986355111291306,0.0775,0.7815126050420168,0.14101592115238817,0.7653621670813414,0.1805886992355992,0.1805886992355992,0.1582723760313787,0.38424158278375564,0.2184873949579832,186,2214,3548,52,0.03554650616861436,96280,16.046666666666667,0.025998072466511285,0.4,Hybrid_WithoutSequence
0.6341666666666667,0.7007684364964313,0.07913978494623657,0.773109243697479,0.14358174014826378,0.7653621670813414,0.1805886992355992,0.1805886992355992,0.16086456456492426,0.37157237070461646,0.226890756302521,184,2141,3621,54,0.03554650616861436,96820,16.136666666666667,0.026859061850684082,0.3875,Hybrid_WithoutSequence
0.6463333333333333,0.705088977625066,0.08133333333333333,0.7689075630252101,0.14710610932475882,0.7653621670813414,0.1805886992355992,0.1805886992355992,0.16536383225081433,0.3587296077750781,0.23109243697478993,183,2067,3695,55,0.03554650616861436,96340,16.05666666666667,0.027839888568929043,0.375,Hybrid_WithoutSequence
0.6581666666666667,0.7072219029923666,0.0832183908045977,0.7605042016806722,0.15002072109407374,0.7653621670813414,0.1805886992355992,0.1805886992355992,0.16826562711646184,0.3460603956959389,0.23949579831932774,181,1994,3768,57,0.03554650616861436,96880,16.14666666666667,0.028945036571418427,0.3625,Hybrid_WithoutSequence
0.669,0.7027919810756653,0.0838095238095238,0.7394957983193278,0.15055603079555174,0.7653621670813414,0.1805886992355992,0.1805886992355992,0.16596401324791496,0.33391183616799724,0.2605042016806723,176,1924,3838,62,0.03554650616861436,100480,16.746666666666666,0.030179731025196787,0.35,Hybrid_WithoutSequence
0.6808333333333333,0.7049249064429659,0.08592592592592592,0.7310924369747899,0.15377817057003976,0.7653621670813414,0.1805886992355992,0.1805886992355992,0.16916821482816968,0.321242624088858,0.2689075630252101,174,1851,3911,64,0.03554650616861436,101020,16.836666666666666,0.031151466475747548,0.3375,Hybrid_WithoutSequence
0.693,0.7092454475716006,0.08871794871794872,0.726890756302521,0.1581352833638026,0.7653621670813414,0.1805886992355992,0.1805886992355992,0.17438788155977944,0.30839986115931967,0.27310924369747897,173,1777,3985,65,0.03554650616861436,100540,16.756666666666668,0.03226790049746875,0.325,Hybrid_WithoutSequence
0.7051666666666667,0.7135659887002354,0.09173333333333333,0.7226890756302521,0.16280170373876005,0.7653621670813414,0.1805886992355992,0.1805886992355992,0.17985585456636002,0.2955570982297813,0.2773109243697479,172,1703,4059,66,0.03554650616861436,100060,16.676666666666666,0.033781444394899975,0.3125,Hybrid_WithoutSequence
0.7158333333333333,0.715091486091139,0.09407858328721638,0.7142857142857143,0.16625916870415647,0.7653621670813414,0.1805886992355992,0.1805886992355992,0.18301505380002941,0.28410274210343633,0.2857142857142857,170,1637,4125,68,0.03554650616861436,100740,16.79,0.034999999999999996,0.3011666666666667,Hybrid_WithoutSequence
0.717,0.715698914067536,0.09444444444444444,0.7142857142857143,0.16683022571148184,0.7653621670813414,0.1805886992355992,0.1805886992355992,0.1837351135404248,0.28288788615064214,0.2857142857142857,170,1630,4132,68,0.03554650616861436,100600,16.766666666666666,0.03517077554813601,0.3,Hybrid_WithoutSequence
0.7285,0.7156442236735028,0.09681159420289855,0.7016806722689075,0.17014773306164033,0.7653621670813414,0.1805886992355992,0.1805886992355992,0.18598602879374618,0.2703922249219021,0.29831932773109243,167,1558,4204,71,0.03554650616861436,102160,17.026666666666667,0.03672142510918972,0.2875,Hybrid_WithoutSequence
0.7393333333333333,0.7112143017568013,0.09818181818181818,0.680672268907563,0.17161016949152544,0.7653621670813414,0.1805886992355992,0.1805886992355992,0.18464681566834118,0.25824366539396043,0.31932773109243695,162,1488,4274,76,0.03554650616861436,105760,17.626666666666665,0.038573019351646136,0.275,Hybrid_WithoutSequence
0.7511666666666666,0.713347227124102,0.10158730158730159,0.6722689075630253,0.17650303364589082,0.7653621670813414,0.1805886992355992,0.1805886992355992,0.18927584219741964,0.24557445331482125,0.3277310924369748,160,1415,4347,78,0.03554650616861436,106300,17.716666666666665,0.04053997136174482,0.2625,Hybrid_WithoutSequence
0.7623333333333333,0.7111049209687346,0.104,0.6554621848739496,0.17951668584579977,0.7653621670813414,0.1805886992355992,0.1805886992355992,0.19030560159202597,0.2332523429364804,0.3445378151260504,156,1344,4418,82,0.03554650616861436,108880,18.14666666666667,0.04283750641624725,0.25,Hybrid_WithoutSequence
0.7723333333333333,0.710269251747905,0.10669456066945607,0.6428571428571429,0.18301435406698566,0.7653621670813414,0.1805886992355992,0.1805886992355992,0.19245905152270912,0.22231863936133286,0.35714285714285715,153,1281,4481,85,0.03554650616861436,110620,18.436666666666667,0.045,0.239,Hybrid_WithoutSequence
0.7738333333333334,0.7110502305747013,0.10736842105263159,0.6428571428571429,0.18400481058328325,0.7653621670813414,0.1805886992355992,0.1805886992355992,0.19359224258587604,0.22075668170774038,0.35714285714285715,153,1272,4490,85,0.03554650616861436,110440,18.406666666666666,0.04528316284834723,0.2375,Hybrid_WithoutSequence
0.7853333333333333,0.7109955401806679,0.1111111111111111,0.6302521008403361,0.18891687657430725,0.7653621670813414,0.1805886992355992,0.1805886992355992,0.19723546856625557,0.20826102047900036,0.3697478991596639,150,1200,4562,88,0.03554650616861436,112000,18.666666666666668,0.04769194655663429,0.225,Hybrid_WithoutSequence
0.7965,0.7087532340253005,0.11450980392156863,0.6134453781512605,0.1929940515532056,0.7653621670813414,0.1805886992355992,0.1805886992355992,0.19919678040720792,0.1959389101006595,0.3865546218487395,146,1129,4633,92,0.03554650616861436,114580,19.096666666666668,0.05117840932422477,0.2125,Hybrid_WithoutSequence
0.8065,0.7079175648044709,0.11827956989247312,0.6008403361344538,0.19765031098825156,0.7653621670813414,0.1805886992355992,0.1805886992355992,0.2023345487870513,0.18500520652551197,0.39915966386554624,143,1066,4696,95,0.03554650616861436,116320,19.386666666666667,0.055,0.2015,Hybrid_WithoutSequence
0.8076666666666666,0.7065109278699331,0.11833333333333333,0.5966386554621849,0.19749652294853964,0.7653621670813414,0.1805886992355992,0.1805886992355992,0.20152869724786138,0.18361679972231865,0.40336134453781514,142,1058,4704,96,0.03554650616861436,117160,19.526666666666667,0.055545467377412026,0.2,Hybrid_WithoutSequence
0.8185,0.7020810059532316,0.12177777777777778,0.5756302521008403,0.20102714600146737,0.7653621670813414,0.1805886992355992,0.1805886992355992,0.2021003311124051,0.17146824019437695,0.42436974789915966,137,988,4774,101,0.03554650616861436,120760,20.126666666666665,0.060611712570484755,0.1875,Hybrid_WithoutSequence
0.8258333333333333,0.6918006702854693,0.1218369259606373,0.5462184873949579,0.19923371647509577,0.7653621670813414,0.1805886992355992,0.1805886992355992,0.19580214911405716,0.16261714682401943,0.453781512605042,130,937,4825,108,0.03554650616861436,126740,21.123333333333335,0.065,0.17783333333333334,Hybrid_WithoutSequence
0.8286666666666667,0.6932758525138621,0.12380952380952381,0.5462184873949579,0.2018633540372671,0.7653621670813414,0.1805886992355992,0.1805886992355992,0.19855711305520887,0.1596667823672336,0.453781512605042,130,920,4842,108,0.03554650616861436,126400,21.066666666666666,0.06588553274200024,0.175,Hybrid_WithoutSequence
0.8401666666666666,0.6932211621198288,0.13025641025641024,0.5336134453781513,0.20939818631492169,0.7653621670813414,0.1805886992355992,0.1805886992355992,0.20445109933190395,0.14717112113849357,0.46638655462184875,127,848,4914,111,0.03554650616861436,127960,21.326666666666668,0.07121274079247081,0.1625,Hybrid_WithoutSequence
0.847,0.6867086299983374,0.13203463203463203,0.5126050420168067,0.20998278829604128,0.7653621670813414,0.1805886992355992,0.1805886992355992,0.20191691448126092,0.1391877820201319,0.48739495798319327,122,802,4960,116,0.03554650616861436,132040,22.006666666666668,0.07500000000000001,0.154,Hybrid_WithoutSequence
0.851,0.6887912402031273,0.13555555555555557,0.5126050420168067,0.21441124780316345,0.7653621670813414,0.1805886992355992,0.1805886992355992,0.20638617290115158,0.1350225616105519,0.48739495798319327,122,778,4984,116,0.03554650616861436,131560,21.926666666666666,0.07733092738200967,0.15,Hybrid_WithoutSequence
0.8601666666666666,0.6814794991234953,0.13925570228091236,0.48739495798319327,0.21661998132586363,0.7653621670813414,0.1805886992355992,0.1805886992355992,0.2048759317253861,0.12443595973620271,0.5126050420168067,116,717,5045,122,0.03554650616861436,136340,22.723333333333333,0.085,0.13883333333333334,Hybrid_WithoutSequence
0.8615,0.6821737025250919,0.1406060606060606,0.48739495798319327,0.21825023518344308,0.7653621670813414,0.1805886992355992,0.1805886992355992,0.20649456953004544,0.12304755293300937,0.5126050420168067,116,709,5053,122,0.03554650616861436,136180,22.696666666666665,0.08582487403014301,0.1375,Hybrid_WithoutSequence
0.873,0.6821190121310585,0.15066666666666667,0.47478991596638653,0.22874493927125505,0.7653621670813414,0.1805886992355992,0.1805886992355992,0.21495626317421612,0.11055189170426935,0.5252100840336135,113,637,5125,125,0.03554650616861436,137740,22.956666666666667,0.09393696086014333,0.125,Hybrid_WithoutSequence
0.8738333333333334,0.6825528892570565,0.15167785234899328,0.47478991596638653,0.22990844354018308,0.7653621670813414,0.1805886992355992,0.1805886992355992,0.216087336056507,0.10968413745227351,0.5252100840336135,113,632,5130,125,0.03554650616861436,137640,22.94,0.095,0.12416666666666666,Hybrid_WithoutSequence
0.8823333333333333,0.6708659166547564,0.15486725663716813,0.4411764705882353,0.22925764192139733,0.7653621670813414,0.1805886992355992,0.1805886992355992,0.21067269936057276,0.09944463727872267,0.5588235294117647,105,573,5189,133,0.03554650616861436,144460,24.076666666666668,0.10500000000000001,0.113,Hybrid_WithoutSequence
0.8828333333333334,0.671126242930355,0.15555555555555556,0.4411764705882353,0.2300109529025192,0.7653621670813414,0.1805886992355992,0.1805886992355992,0.21140245393023976,0.09892398472752517,0.5588235294117647,105,570,5192,133,0.03554650616861436,144400,24.066666666666666,0.10531313413824095,0.1125,Hybrid_WithoutSequence
0.8911666666666667,0.6653946896356598,0.16260162601626016,0.42016806722689076,0.23446658851113716,0.7653621670813414,0.1805886992355992,0.1805886992355992,0.2128610749004995,0.08937868795557098,0.5798319327731093,100,515,5247,138,0.03554650616861436,148300,24.716666666666665,0.115,0.1025,Hybrid_WithoutSequence
0.8936666666666667,0.6666963210136536,0.16666666666666666,0.42016806722689076,0.2386634844868735,0.7653621670813414,0.1805886992355992,0.1805886992355992,0.2168995300888,0.08677542519958348,0.5798319327731093,100,500,5262,138,0.03554650616861436,148000,24.666666666666668,0.11617670394432221,0.1,Hybrid_WithoutSequence
0.9,0.6619375275274983,0.17328519855595667,0.40336134453781514,0.24242424242424243,0.7653621670813414,0.1805886992355992,0.1805886992355992,0.21835286992535743,0.07948628948281847,0.5966386554621849,96,458,5304,142,0.03554650616861436,151160,25.19333333333333,0.125,0.09233333333333334,Hybrid_WithoutSequence
0.9045,0.6622663990969522,0.18095238095238095,0.39915966386554624,0.2490170380078637,0.7653621670813414,0.1805886992355992,0.1805886992355992,0.22416199671059164,0.07462686567164178,0.6008403361344538,95,430,5332,143,0.03554650616861436,151600,25.266666666666666,0.13105611643322068,0.0875,Hybrid_WithoutSequence
0.9066666666666666,0.6633944796245468,0.185546875,0.39915966386554624,0.25333333333333335,0.7653621670813414,0.1805886992355992,0.1805886992355992,0.22829712843491934,0.07237070461645262,0.6008403361344538,95,417,5345,143,0.03554650616861436,151340,25.223333333333333,0.135,0.08533333333333333,Hybrid_WithoutSequence
0.911,0.6596084459469314,0.19166666666666668,0.3865546218487395,0.2562674094707521,0.7653621670813414,0.1805886992355992,0.1805886992355992,0.22965230706218914,0.06733772995487677,0.6134453781512605,92,388,5374,146,0.03554650616861436,153760,25.626666666666665,0.14500000000000002,0.08,Hybrid_WithoutSequence
0.915,0.6556488614189168,0.19777777777777777,0.3739495798319328,0.2587209302325581,0.7653621670813414,0.1805886992355992,0.1805886992355992,0.23067381637574255,0.06265185699409927,0.6260504201680672,89,361,5401,149,0.03554650616861436,156220,26.036666666666665,0.1543706099949501,0.075,Hybrid_WithoutSequence
0.9155,0.6538951227835806,0.19775280898876405,0.3697478991596639,0.25768667642752563,0.7653621670813414,0.1805886992355992,0.1805886992355992,0.22924924840260558,0.061957653592502604,0.6302521008403361,88,357,5405,150,0.03554650616861436,157140,26.19,0.155,0.07416666666666667,Hybrid_WithoutSequence
0.92,0.646167734709295,0.2034313725490196,0.3487394957983193,0.2569659442724458,0.7653621670813414,0.1805886992355992,0.1805886992355992,0.22664333631795502,0.05640402637972926,0.6512605042016807,83,325,5437,155,0.03554650616861436,161500,26.916666666666668,0.165,0.068,Hybrid_WithoutSequence
0.9238333333333333,0.6421213747560808,0.21108179419525067,0.33613445378151263,0.2593192868719611,0.7653621670813414,0.1805886992355992,0.1805886992355992,0.22805421493437822,0.05189170426935092,0.6638655462184874,80,299,5463,158,0.03554650616861436,163980,27.33,0.17500000000000002,0.06316666666666666,Hybrid_WithoutSequence
0.9245,0.6424684764568792,0.21333333333333335,0.33613445378151263,0.26101141924959215,0.7653621670813414,0.1805886992355992,0.1805886992355992,0.22974548427379807,0.05119750086775425,0.6638655462184874,80,295,5467,158,0.03554650616861436,163900,27.316666666666666,0.1760947994516305,0.0625,Hybrid_WithoutSequence
0.928,0.6402626305642007,0.22285714285714286,0.3277310924369748,0.2653061224489796,0.7653621670813414,0.1805886992355992,0.1805886992355992,0.23360860430018987,0.047205831308573414,0.6722689075630253,78,272,5490,160,0.03554650616861436,165440,27.573333333333334,0.185,0.058333333333333334,Hybrid_WithoutSequence
0.9325,0.6365633723117848,0.23659305993690852,0.31512605042016806,0.2702702702702703,0.7653621670813414,0.1805886992355992,0.1805886992355992,0.23829826194939707,0.041999305796598406,0.6848739495798319,75,242,5520,163,0.03554650616861436,167840,27.973333333333333,0.195,0.052833333333333336,Hybrid_WithoutSequence
0.9346666666666666,0.6336633230175097,0.24333333333333335,0.3067226890756303,0.27137546468401486,0.7653621670813414,0.1805886992355992,0.1805886992355992,0.23939732863376179,0.0393960430406109,0.6932773109243697,73,227,5535,165,0.03554650616861436,169540,28.256666666666668,0.20334462864534036,0.05,Hybrid_WithoutSequence
0.9351666666666667,0.6339236492931084,0.24579124579124578,0.3067226890756303,0.27289719626168224,0.7653621670813414,0.1805886992355992,0.1805886992355992,0.24100855876490637,0.0388753904894134,0.6932773109243697,73,224,5538,165,0.03554650616861436,169480,28.246666666666666,0.20500000000000002,0.0495,Hybrid_WithoutSequence
0.9378333333333333,0.6332979911853669,0.25806451612903225,0.3025210084033613,0.2785299806576402,0.7653621670813414,0.1805886992355992,0.1805886992355992,0.2471101761266277,0.03592502603262756,0.6974789915966386,72,207,5555,166,0.03554650616861436,170140,28.356666666666666,0.215,0.0465,Hybrid_WithoutSequence
0.9408333333333333,0.6268036891952199,0.26877470355731226,0.2857142857142857,0.2769857433808554,0.7653621670813414,0.1805886992355992,0.1805886992355992,0.24629530375725786,0.032106907323845885,0.7142857142857143,68,185,5577,170,0.03554650616861436,173700,28.95,0.225,0.042166666666666665,Hybrid_WithoutSequence
0.9431666666666667,0.6219763504152095,0.27896995708154504,0.27310924369747897,0.27600849256900206,0.7653621670813414,0.1805886992355992,0.1805886992355992,0.2464494197002506,0.02915654286706005,0.726890756302521,65,168,5594,173,0.03554650616861436,176360,29.393333333333334,0.23500000000000001,0.03883333333333333,Hybrid_WithoutSequence
0.9441666666666667,0.620482938055472,0.28444444444444444,0.2689075630252101,0.27645788336933047,0.7653621670813414,0.1805886992355992,0.1805886992355992,0.24755026602185914,0.02794168691426588,0.7310924369747899,64,161,5601,174,0.03554650616861436,177220,29.536666666666665,0.23987132148913268,0.0375,Hybrid_WithoutSequence
0.9455,0.6151349467242642,0.2890995260663507,0.25630252100840334,0.2717149220489977,0.7653621670813414,0.1805886992355992,0.1805886992355992,0.24398844719865834,0.026032627559875045,0.7436974789915967,61,150,5612,177,0.03554650616861436,180000,30.0,0.245,0.035166666666666666,Hybrid_WithoutSequence
0.9478333333333333,0.6123216728551886,0.30569948186528495,0.24789915966386555,0.27378190255220414,0.7653621670813414,0.1805886992355992,0.1805886992355992,0.24849296416083708,0.023255813953488372,0.7521008403361344,59,134,5628,179,0.03554650616861436,181680,30.28,0.255,0.03216666666666667,Hybrid_WithoutSequence
0.9488333333333333,0.6047860657626466,0.30726256983240224,0.23109243697478993,0.26378896882494,0.7653621670813414,0.1805886992355992,0.1805886992355992,0.2404270462250053,0.021520305449496704,0.7689075630252101,55,124,5638,183,0.03554650616861436,185480,30.913333333333334,0.265,0.029833333333333333,Hybrid_WithoutSequence
0.9503333333333334,0.5975107849457033,0.3148148148148148,0.21428571428571427,0.255,0.7653621670813414,0.1805886992355992,0.1805886992355992,0.23483790697736595,0.01926414439430753,0.7857142857142857,51,111,5651,187,0.03554650616861436,189220,31.536666666666665,0.275,0.027,Hybrid_WithoutSequence
0.9508333333333333,0.5917289164884976,0.3137254901960784,0.20168067226890757,0.24552429667519182,0.7653621670813414,0.1805886992355992,0.1805886992355992,0.22714286662884664,0.01822283929191253,0.7983193277310925,48,105,5657,190,0.03554650616861436,192100,32.016666666666666,0.28500000000000003,0.0255,Hybrid_WithoutSequence
0.9513333333333334,0.5919892427640963,0.32,0.20168067226890757,0.24742268041237112,0.7653621670813414,0.1805886992355992,0.1805886992355992,0.22999509941208757,0.01770218674071503,0.7983193277310925,48,102,5660,190,0.03554650616861436,192040,32.00666666666667,0.28843402980680605,0.025,Hybrid_WithoutSequence
0.9525,0.5885685409186237,0.33093525179856115,0.19327731092436976,0.2440318302387268,0.7653621670813414,0.1805886992355992,0.1805886992355992,0.22982185752893278,0.016140229087122527,0.8067226890756303,46,93,5669,192,0.03554650616861436,193860,32.31,0.295,0.023166666666666665,Hybrid_WithoutSequence
0.9533333333333334,0.5890024180446215,0.34328358208955223,0.19327731092436976,0.24731182795698928,0.7653621670813414,0.1805886992355992,0.1805886992355992,0.23511670052937605,0.015272474835126693,0.8067226890756303,46,88,5674,192,0.03554650616861436,193760,32.29333333333334,0.305,0.022333333333333334,Hybrid_WithoutSequence
0.954,0.587335454834485,0.3515625,0.18907563025210083,0.2459016393442623,0.7653621670813414,0.1805886992355992,0.1805886992355992,0.235937883508095,0.014404720583130857,0.8109243697478992,45,83,5679,193,0.03554650616861436,194660,32.443333333333335,0.315,0.021333333333333333,Hybrid_WithoutSequence
0.955,0.5818139126528779,0.3620689655172414,0.17647058823529413,0.23728813559322037,0.7653621670813414,0.1805886992355992,0.1805886992355992,0.23193534541750793,0.012842762929538355,0.8235294117647058,42,74,5688,196,0.03554650616861436,197480,32.913333333333334,0.325,0.019333333333333334,Hybrid_WithoutSequence
0.9556666666666667,0.5801469494427414,0.37272727272727274,0.1722689075630252,0.23563218390804597,0.7653621670813414,0.1805886992355992,0.1805886992355992,0.23320513447961805,0.01197500867754252,0.8277310924369747,41,69,5693,197,0.03554650616861436,198380,33.06333333333333,0.335,0.018333333333333333,Hybrid_WithoutSequence
0.9565,0.5765526967468695,0.38613861386138615,0.1638655462184874,0.23008849557522124,0.7653621670813414,0.1805886992355992,0.1805886992355992,0.23228208224691163,0.010760152724748352,0.8361344537815126,39,62,5700,199,0.03554650616861436,200240,33.373333333333335,0.34500000000000003,0.016833333333333332,Hybrid_WithoutSequence
0.957,0.5707708282896636,0.391304347826087,0.15126050420168066,0.2181818181818182,0.7653621670813414,0.1805886992355992,0.1805886992355992,0.2248253212869003,0.00971884762235335,0.8487394957983193,36,56,5706,202,0.03554650616861436,203120,33.85333333333333,0.35500000000000004,0.015333333333333332,Hybrid_WithoutSequence
0.9575,0.5649889598324578,0.39759036144578314,0.13865546218487396,0.20560747663551404,0.7653621670813414,0.1805886992355992,0.1805886992355992,0.2171975171270961,0.008677542519958347,0.8613445378151261,33,50,5712,205,0.03554650616861436,206000,34.333333333333336,0.365,0.013833333333333333,Hybrid_WithoutSequence
0.9575,0.5589467650996531,0.38961038961038963,0.12605042016806722,0.19047619047619047,0.7653621670813414,0.1805886992355992,0.1805886992355992,0.20443198660098594,0.008156889968760846,0.8739495798319328,30,47,5715,208,0.03554650616861436,208940,34.82333333333333,0.375,0.012833333333333334,Hybrid_WithoutSequence
0.9575,0.5569327001887183,0.38666666666666666,0.12184873949579832,0.1853035143769968,0.7653621670813414,0.1805886992355992,0.1805886992355992,0.20002859018680813,0.00798333911836168,0.8781512605042017,29,46,5716,209,0.03554650616861436,209920,34.986666666666665,0.378987400760458,0.0125,Hybrid_WithoutSequence
0.9575,0.5508905054559137,0.37681159420289856,0.1092436974789916,0.16938110749185667,0.7653621670813414,0.1805886992355992,0.1805886992355992,0.18631737557052103,0.007462686567164179,0.8907563025210085,26,43,5719,212,0.03554650616861436,212860,35.47666666666667,0.385,0.0115,Hybrid_WithoutSequence
0.9576666666666667,0.5449350861483087,0.3709677419354839,0.09663865546218488,0.15333333333333332,0.7653621670813414,0.1805886992355992,0.1805886992355992,0.17345017343315372,0.006768483165567512,0.9033613445378151,23,39,5723,215,0.03554650616861436,215780,35.96333333333333,0.395,0.010333333333333333,Hybrid_WithoutSequence
0.957,0.534517659892836,0.32142857142857145,0.07563025210084033,0.12244897959183673,0.7653621670813414,0.1805886992355992,0.1805886992355992,0.1401241633556298,0.006594932315168344,0.9243697478991597,18,38,5724,220,0.03554650616861436,220760,36.79333333333334,0.405,0.009333333333333334,Hybrid_WithoutSequence
0.9573333333333334,0.5286490160104306,0.3125,0.06302521008403361,0.1048951048951049,0.7653621670813414,0.1805886992355992,0.1805886992355992,0.12553439426242627,0.005727178063172509,0.9369747899159664,15,33,5729,223,0.03554650616861436,223660,37.276666666666664,0.41500000000000004,0.008,Hybrid_WithoutSequence
0.9573333333333334,0.5226068212776259,0.2857142857142857,0.05042016806722689,0.08571428571428572,0.7653621670813414,0.1805886992355992,0.1805886992355992,0.10584484407047876,0.0052065255119750084,0.9495798319327731,12,30,5732,226,0.03554650616861436,226600,37.766666666666666,0.425,0.007,Hybrid_WithoutSequence
0.9575,0.5186654668809558,0.2702702702702703,0.04201680672268908,0.07272727272727274,0.7653621670813414,0.1805886992355992,0.1805886992355992,0.09307020958489344,0.004685872960777508,0.957983193277311,10,27,5735,228,0.03554650616861436,228540,38.09,0.435,0.006166666666666667,Hybrid_WithoutSequence
0.9578333333333333,0.518839017731355,0.2857142857142857,0.04201680672268908,0.07326007326007326,0.7653621670813414,0.1805886992355992,0.1805886992355992,0.09656597056715019,0.0043387712599791736,0.957983193277311,10,25,5737,228,0.03554650616861436,228500,38.083333333333336,0.445,0.005833333333333334,Hybrid_WithoutSequence
0.9583333333333334,0.515071214185084,0.2857142857142857,0.03361344537815126,0.06015037593984963,0.7653621670813414,0.1805886992355992,0.1805886992355992,0.08632059551718785,0.003471017007983339,0.9663865546218487,8,20,5742,230,0.03554650616861436,230400,38.4,0.455,0.004666666666666667,Hybrid_WithoutSequence
0.9591666666666666,0.5155050913110819,0.34782608695652173,0.03361344537815126,0.06130268199233717,0.7653621670813414,0.1805886992355992,0.1805886992355992,0.09794310849254814,0.0026032627559875042,0.9663865546218487,8,15,5747,230,0.03554650616861436,230300,38.38333333333333,0.465,0.003833333333333333,Hybrid_WithoutSequence
0.9593333333333334,0.5135778018253465,0.35,0.029411764705882353,0.05426356589147287,0.7653621670813414,0.1805886992355992,0.1805886992355992,0.0919536508934832,0.0022561610551891705,0.9705882352941176,7,13,5749,231,0.03554650616861436,231260,38.54333333333334,0.47500000000000003,0.0033333333333333335,Hybrid_WithoutSequence
0.9598333333333333,0.5098099982790756,0.38461538461538464,0.02100840336134454,0.03984063745019921,0.7653621670813414,0.1805886992355992,0.1805886992355992,0.08235647070390961,0.0013884068031933356,0.9789915966386554,5,8,5754,233,0.03554650616861436,233160,38.86,0.485,0.0021666666666666666,Hybrid_WithoutSequence
0.9596666666666667,0.5077091579429411,0.3333333333333333,0.01680672268907563,0.032,0.7653621670813414,0.1805886992355992,0.1805886992355992,0.0673566572089314,0.0013884068031933356,0.9831932773109243,4,8,5754,234,0.03554650616861436,234160,39.026666666666664,0.495,0.002,Hybrid_WithoutSequence
0.9596666666666667,0.5077091579429411,0.3333333333333333,0.01680672268907563,0.032,0.7653621670813414,0.1805886992355992,0.1805886992355992,0.0673566572089314,0.0013884068031933356,0.9831932773109243,4,8,5754,234,0.03554650616861436,234160,39.026666666666664,0.505,0.002,Hybrid_WithoutSequence
0.96,0.5078827087933403,0.4,0.01680672268907563,0.03225806451612903,0.7653621670813414,0.1805886992355992,0.1805886992355992,0.07543400616351387,0.0010413051023950017,0.9831932773109243,4,6,5756,234,0.03554650616861436,234120,39.02,0.515,0.0016666666666666668,Hybrid_WithoutSequence
0.96,0.5038545789714706,0.3333333333333333,0.008403361344537815,0.016393442622950817,0.7653621670813414,0.1805886992355992,0.1805886992355992,0.04760450508948916,0.0006942034015966678,0.9915966386554622,2,4,5758,236,0.03554650616861436,236080,39.346666666666664,0.525,0.001,Hybrid_WithoutSequence
0.9601666666666666,0.5039413543966702,0.4,0.008403361344537815,0.016460905349794237,0.7653621670813414,0.1805886992355992,0.1805886992355992,0.05331764915697848,0.0005206525511975009,0.9915966386554622,2,3,5759,236,0.03554650616861436,236060,39.343333333333334,0.535,0.0008333333333333334,Hybrid_WithoutSequence
0.9601666666666666,0.5039413543966702,0.4,0.008403361344537815,0.016460905349794237,0.7653621670813414,0.1805886992355992,0.1805886992355992,0.05331764915697848,0.0005206525511975009,0.9915966386554622,2,3,5759,236,0.03554650616861436,236060,39.343333333333334,0.545,0.0008333333333333334,Hybrid_WithoutSequence
0.96,0.5018405140605358,0.25,0.004201680672268907,0.008264462809917356,0.7653621670813414,0.1805886992355992,0.1805886992355992,0.02783450055379844,0.0005206525511975009,0.9957983193277311,1,3,5759,237,0.03554650616861436,237060,39.51,0.555,0.0006666666666666666,Hybrid_WithoutSequence
0.9598333333333333,0.49973967372440126,0.0,0.0,0.0,0.7653621670813414,0.1805886992355992,0.1805886992355992,-0.004545644359034292,0.0005206525511975009,1.0,0,3,5759,238,0.03554650616861436,238060,39.67666666666667,0.5650000000000001,0.0005,Hybrid_WithoutSequence
0.9598333333333333,0.49973967372440126,0.0,0.0,0.0,0.7653621670813414,0.1805886992355992,0.1805886992355992,-0.004545644359034292,0.0005206525511975009,1.0,0,3,5759,238,0.03554650616861436,238060,39.67666666666667,0.5750000000000001,0.0005,Hybrid_WithoutSequence
0.9598333333333333,0.49973967372440126,0.0,0.0,0.0,0.7653621670813414,0.1805886992355992,0.1805886992355992,-0.004545644359034292,0.0005206525511975009,1.0,0,3,5759,238,0.03554650616861436,238060,39.67666666666667,0.585,0.0005,Hybrid_WithoutSequence
0.96,0.49982644914960084,0.0,0.0,0.0,0.7653621670813414,0.1805886992355992,0.1805886992355992,-0.0037111936693132795,0.0003471017007983339,1.0,0,2,5760,238,0.03554650616861436,238040,39.67333333333333,0.595,0.0003333333333333333,Hybrid_WithoutSequence
0.9601666666666666,0.4999132245748004,0.0,0.0,0.0,0.7653621670813414,0.1805886992355992,0.1805886992355992,-0.0026239914801147713,0.00017355085039916696,1.0,0,1,5761,238,0.03554650616861436,238020,39.67,0.6005620882393813,0.00016666666666666666,Hybrid_WithoutSequence
0.9603333333333334,0.5,0.0,0.0,0.0,0.7653621670813414,0.1805886992355992,0.1805886992355992,0.0,0.0,1.0,0,0,5762,238,0.03554650616861436,238000,39.666666666666664,0.605,0.0,Hybrid_WithoutSequence
0.9603333333333334,0.5,0.0,0.0,0.0,0.7653621670813414,0.1805886992355992,0.1805886992355992,0.0,0.0,1.0,0,0,5762,238,0.03554650616861436,238000,39.666666666666664,0.615,0.0,Hybrid_WithoutSequence
0.9603333333333334,0.5,0.0,0.0,0.0,0.7653621670813414,0.1805886992355992,0.1805886992355992,0.0,0.0,1.0,0,0,5762,238,0.03554650616861436,238000,39.666666666666664,0.625,0.0,Hybrid_WithoutSequence
0.9603333333333334,0.5,0.0,0.0,0.0,0.7653621670813414,0.1805886992355992,0.1805886992355992,0.0,0.0,1.0,0,0,5762,238,0.03554650616861436,238000,39.666666666666664,0.635,0.0,Hybrid_WithoutSequence
0.9603333333333334,0.5,0.0,0.0,0.0,0.7653621670813414,0.1805886992355992,0.1805886992355992,0.0,0.0,1.0,0,0,5762,238,0.03554650616861436,238000,39.666666666666664,0.645,0.0,Hybrid_WithoutSequence
0.9603333333333334,0.5,0.0,0.0,0.0,0.7653621670813414,0.1805886992355992,0.1805886992355992,0.0,0.0,1.0,0,0,5762,238,0.03554650616861436,238000,39.666666666666664,0.655,0.0,Hybrid_WithoutSequence
0.9603333333333334,0.5,0.0,0.0,0.0,0.7653621670813414,0.1805886992355992,0.1805886992355992,0.0,0.0,1.0,0,0,5762,238,0.03554650616861436,238000,39.666666666666664,0.665,0.0,Hybrid_WithoutSequence
0.9603333333333334,0.5,0.0,0.0,0.0,0.7653621670813414,0.1805886992355992,0.1805886992355992,0.0,0.0,1.0,0,0,5762,238,0.03554650616861436,238000,39.666666666666664,0.675,0.0,Hybrid_WithoutSequence
0.9603333333333334,0.5,0.0,0.0,0.0,0.7653621670813414,0.1805886992355992,0.1805886992355992,0.0,0.0,1.0,0,0,5762,238,0.03554650616861436,238000,39.666666666666664,0.685,0.0,Hybrid_WithoutSequence
0.9603333333333334,0.5,0.0,0.0,0.0,0.7653621670813414,0.1805886992355992,0.1805886992355992,0.0,0.0,1.0,0,0,5762,238,0.03554650616861436,238000,39.666666666666664,0.6950000000000001,0.0,Hybrid_WithoutSequence
0.9603333333333334,0.5,0.0,0.0,0.0,0.7653621670813414,0.1805886992355992,0.1805886992355992,0.0,0.0,1.0,0,0,5762,238,0.03554650616861436,238000,39.666666666666664,0.7050000000000001,0.0,Hybrid_WithoutSequence
0.9603333333333334,0.5,0.0,0.0,0.0,0.7653621670813414,0.1805886992355992,0.1805886992355992,0.0,0.0,1.0,0,0,5762,238,0.03554650616861436,238000,39.666666666666664,0.715,0.0,Hybrid_WithoutSequence
0.9603333333333334,0.5,0.0,0.0,0.0,0.7653621670813414,0.1805886992355992,0.1805886992355992,0.0,0.0,1.0,0,0,5762,238,0.03554650616861436,238000,39.666666666666664,0.725,0.0,Hybrid_WithoutSequence
0.9603333333333334,0.5,0.0,0.0,0.0,0.7653621670813414,0.1805886992355992,0.1805886992355992,0.0,0.0,1.0,0,0,5762,238,0.03554650616861436,238000,39.666666666666664,0.735,0.0,Hybrid_WithoutSequence
0.9603333333333334,0.5,0.0,0.0,0.0,0.7653621670813414,0.1805886992355992,0.1805886992355992,0.0,0.0,1.0,0,0,5762,238,0.03554650616861436,238000,39.666666666666664,0.745,0.0,Hybrid_WithoutSequence
0.9603333333333334,0.5,0.0,0.0,0.0,0.7653621670813414,0.1805886992355992,0.1805886992355992,0.0,0.0,1.0,0,0,5762,238,0.03554650616861436,238000,39.666666666666664,0.755,0.0,Hybrid_WithoutSequence
0.9603333333333334,0.5,0.0,0.0,0.0,0.7653621670813414,0.1805886992355992,0.1805886992355992,0.0,0.0,1.0,0,0,5762,238,0.03554650616861436,238000,39.666666666666664,0.765,0.0,Hybrid_WithoutSequence
0.9603333333333334,0.5,0.0,0.0,0.0,0.7653621670813414,0.1805886992355992,0.1805886992355992,0.0,0.0,1.0,0,0,5762,238,0.03554650616861436,238000,39.666666666666664,0.775,0.0,Hybrid_WithoutSequence
0.9603333333333334,0.5,0.0,0.0,0.0,0.7653621670813414,0.1805886992355992,0.1805886992355992,0.0,0.0,1.0,0,0,5762,238,0.03554650616861436,238000,39.666666666666664,0.785,0.0,Hybrid_WithoutSequence
0.9603333333333334,0.5,0.0,0.0,0.0,0.7653621670813414,0.1805886992355992,0.1805886992355992,0.0,0.0,1.0,0,0,5762,238,0.03554650616861436,238000,39.666666666666664,0.795,0.0,Hybrid_WithoutSequence
0.9603333333333334,0.5,0.0,0.0,0.0,0.7653621670813414,0.1805886992355992,0.1805886992355992,0.0,0.0,1.0,0,0,5762,238,0.03554650616861436,238000,39.666666666666664,0.805,0.0,Hybrid_WithoutSequence
0.9603333333333334,0.5,0.0,0.0,0.0,0.7653621670813414,0.1805886992355992,0.1805886992355992,0.0,0.0,1.0,0,0,5762,238,0.03554650616861436,238000,39.666666666666664,0.8150000000000001,0.0,Hybrid_WithoutSequence
0.9603333333333334,0.5,0.0,0.0,0.0,0.7653621670813414,0.1805886992355992,0.1805886992355992,0.0,0.0,1.0,0,0,5762,238,0.03554650616861436,238000,39.666666666666664,0.8250000000000001,0.0,Hybrid_WithoutSequence
0.9603333333333334,0.5,0.0,0.0,0.0,0.7653621670813414,0.1805886992355992,0.1805886992355992,0.0,0.0,1.0,0,0,5762,238,0.03554650616861436,238000,39.666666666666664,0.8350000000000001,0.0,Hybrid_WithoutSequence
0.9603333333333334,0.5,0.0,0.0,0.0,0.7653621670813414,0.1805886992355992,0.1805886992355992,0.0,0.0,1.0,0,0,5762,238,0.03554650616861436,238000,39.666666666666664,0.845,0.0,Hybrid_WithoutSequence
0.9603333333333334,0.5,0.0,0.0,0.0,0.7653621670813414,0.1805886992355992,0.1805886992355992,0.0,0.0,1.0,0,0,5762,238,0.03554650616861436,238000,39.666666666666664,0.855,0.0,Hybrid_WithoutSequence
0.9603333333333334,0.5,0.0,0.0,0.0,0.7653621670813414,0.1805886992355992,0.1805886992355992,0.0,0.0,1.0,0,0,5762,238,0.03554650616861436,238000,39.666666666666664,0.865,0.0,Hybrid_WithoutSequence
0.9603333333333334,0.5,0.0,0.0,0.0,0.7653621670813414,0.1805886992355992,0.1805886992355992,0.0,0.0,1.0,0,0,5762,238,0.03554650616861436,238000,39.666666666666664,0.875,0.0,Hybrid_WithoutSequence
0.9603333333333334,0.5,0.0,0.0,0.0,0.7653621670813414,0.1805886992355992,0.1805886992355992,0.0,0.0,1.0,0,0,5762,238,0.03554650616861436,238000,39.666666666666664,0.885,0.0,Hybrid_WithoutSequence
0.9603333333333334,0.5,0.0,0.0,0.0,0.7653621670813414,0.1805886992355992,0.1805886992355992,0.0,0.0,1.0,0,0,5762,238,0.03554650616861436,238000,39.666666666666664,0.895,0.0,Hybrid_WithoutSequence
0.9603333333333334,0.5,0.0,0.0,0.0,0.7653621670813414,0.1805886992355992,0.1805886992355992,0.0,0.0,1.0,0,0,5762,238,0.03554650616861436,238000,39.666666666666664,0.905,0.0,Hybrid_WithoutSequence
0.9603333333333334,0.5,0.0,0.0,0.0,0.7653621670813414,0.1805886992355992,0.1805886992355992,0.0,0.0,1.0,0,0,5762,238,0.03554650616861436,238000,39.666666666666664,0.915,0.0,Hybrid_WithoutSequence
0.9603333333333334,0.5,0.0,0.0,0.0,0.7653621670813414,0.1805886992355992,0.1805886992355992,0.0,0.0,1.0,0,0,5762,238,0.03554650616861436,238000,39.666666666666664,0.925,0.0,Hybrid_WithoutSequence
0.9603333333333334,0.5,0.0,0.0,0.0,0.7653621670813414,0.1805886992355992,0.1805886992355992,0.0,0.0,1.0,0,0,5762,238,0.03554650616861436,238000,39.666666666666664,0.935,0.0,Hybrid_WithoutSequence
0.9603333333333334,0.5,0.0,0.0,0.0,0.7653621670813414,0.1805886992355992,0.1805886992355992,0.0,0.0,1.0,0,0,5762,238,0.03554650616861436,238000,39.666666666666664,0.9450000000000001,0.0,Hybrid_WithoutSequence
0.9603333333333334,0.5,0.0,0.0,0.0,0.7653621670813414,0.1805886992355992,0.1805886992355992,0.0,0.0,1.0,0,0,5762,238,0.03554650616861436,238000,39.666666666666664,0.9550000000000001,0.0,Hybrid_WithoutSequence
0.9603333333333334,0.5,0.0,0.0,0.0,0.7653621670813414,0.1805886992355992,0.1805886992355992,0.0,0.0,1.0,0,0,5762,238,0.03554650616861436,238000,39.666666666666664,0.965,0.0,Hybrid_WithoutSequence
0.9603333333333334,0.5,0.0,0.0,0.0,0.7653621670813414,0.1805886992355992,0.1805886992355992,0.0,0.0,1.0,0,0,5762,238,0.03554650616861436,238000,39.666666666666664,0.975,0.0,Hybrid_WithoutSequence
0.9603333333333334,0.5,0.0,0.0,0.0,0.7653621670813414,0.1805886992355992,0.1805886992355992,0.0,0.0,1.0,0,0,5762,238,0.03554650616861436,238000,39.666666666666664,0.985,0.0,Hybrid_WithoutSequence
0.9603333333333334,0.5,0.0,0.0,0.0,0.7653621670813414,0.1805886992355992,0.1805886992355992,0.0,0.0,1.0,0,0,5762,238,0.03554650616861436,238000,39.666666666666664,0.995,0.0,Hybrid_WithoutSequence
0.9603333333333334,0.5,0.0,0.0,0.0,0.7653621670813414,0.1805886992355992,0.1805886992355992,0.0,0.0,1.0,0,0,5762,238,0.03554650616861436,238000,39.666666666666664,1.000001,0.0,Hybrid_WithoutSequence
0.03966666666666667,0.5,0.03966666666666667,1.0,0.07630650849631292,0.7585448271637708,0.1814594987431499,0.1814594987431499,0.0,1.0,0.0,238,5762,0,0,0.03588868581774555,115240,19.206666666666667,0.005,1.0,WithoutGraphFeatures
0.03966666666666667,0.5,0.03966666666666667,1.0,0.07630650849631292,0.7585448271637708,0.1814594987431499,0.1814594987431499,0.0,1.0,0.0,238,5762,0,0,0.03588868581774555,115240,19.206666666666667,0.0071570373865505535,1.0,WithoutGraphFeatures
0.051833333333333335,0.5043205411286348,0.04,0.9957983193277311,0.0769105954892098,0.7585448271637708,0.1814594987431499,0.1814594987431499,0.015179883405146822,0.9871572370704617,0.004201680672268907,237,5688,74,1,0.03588868581774555,114760,19.126666666666665,0.011285760714237838,0.9875,WithoutGraphFeatures
0.06433333333333334,0.5108286980186035,0.04051282051282051,0.9957983193277311,0.0778580814717477,0.7585448271637708,0.1814594987431499,0.1814594987431499,0.027074333937927075,0.9741409232905242,0.004201680672268907,237,5613,149,1,0.03588868581774555,113260,18.876666666666665,0.012404732903422961,0.975,WithoutGraphFeatures
0.07616666666666666,0.5129616233859042,0.04069264069264069,0.9873949579831933,0.0781639780475636,0.7585448271637708,0.1814594987431499,0.1814594987431499,0.026631599204348898,0.961471711211385,0.012605042016806723,235,5540,222,3,0.03588868581774555,113800,18.966666666666665,0.013289337064201193,0.9625,WithoutGraphFeatures
0.08833333333333333,0.5172821645145389,0.04105263157894737,0.9831932773109243,0.07881441562815762,0.7585448271637708,0.1814594987431499,0.1814594987431499,0.030953173424005206,0.9486289482818466,0.01680672268907563,234,5466,296,4,0.03588868581774555,113320,18.886666666666667,0.014003217587624928,0.95,WithoutGraphFeatures
0.10016666666666667,0.5194150898818396,0.041244444444444445,0.9747899159663865,0.07914037182329865,0.7585448271637708,0.1814594987431499,0.1814594987431499,0.03130888557282085,0.9359597362027074,0.025210084033613446,232,5393,369,6,0.03588868581774555,113860,18.976666666666667,0.01456281374100408,0.9375,WithoutGraphFeatures
0.1075,0.5212191436796864,0.04140526976160602,0.9705882352941176,0.07942238267148015,0.7585448271637708,0.1814594987431499,0.1814594987431499,0.03242751926827747,0.9281499479347449,0.029411764705882353,231,5348,414,7,0.03588868581774555,113960,18.993333333333332,0.015,0.9298333333333333,WithoutGraphFeatures
0.11233333333333333,0.5237356310104743,0.04162162162162162,0.9705882352941176,0.07982031789910159,0.7585448271637708,0.1814594987431499,0.1814594987431499,0.03517654121822637,0.923116973273169,0.029411764705882353,231,5319,443,7,0.03588868581774555,113380,18.89666666666667,0.015211952827509827,0.925,WithoutGraphFeatures
0.12383333333333334,0.523680940616441,0.041643835616438356,0.957983193277311,0.07981795904078418,0.7585448271637708,0.1814594987431499,0.1814594987431499,0.03271390110403983,0.910621312044429,0.04201680672268908,228,5247,515,10,0.03588868581774555,114940,19.156666666666666,0.01569271209618319,0.9125,WithoutGraphFeatures
0.136,0.5280014817450757,0.04203703703703704,0.9537815126050421,0.08052500886839306,0.7585448271637708,0.1814594987431499,0.1814594987431499,0.03643456673407664,0.8977785491148906,0.046218487394957986,227,5173,589,11,0.03588868581774555,114460,19.076666666666668,0.016143127919944246,0.9,WithoutGraphFeatures
0.1485,0.5345096386350444,0.04262910798122066,0.9537815126050421,0.08161064174006831,0.7585448271637708,0.1814594987431499,0.1814594987431499,0.04263181477468242,0.8847622353349531,0.046218487394957986,227,5098,664,11,0.03588868581774555,112960,18.826666666666668,0.01668316447953032,0.8875,WithoutGraphFeatures
0.161,0.5410177955250133,0.043238095238095235,0.9537815126050421,0.08272594752186589,0.7585448271637708,0.1814594987431499,0.1814594987431499,0.04841357278698562,0.8717459215550156,0.046218487394957986,227,5023,739,11,0.03588868581774555,111460,18.576666666666668,0.017053335135936556,0.875,WithoutGraphFeatures
0.17316666666666666,0.545338336653648,0.043671497584541065,0.9495798319327731,0.0835026787363754,0.7585448271637708,0.1814594987431499,0.1814594987431499,0.051391173263406684,0.8589031586254773,0.05042016806722689,226,4949,813,12,0.03588868581774555,110980,18.496666666666666,0.017512713869409884,0.8625,WithoutGraphFeatures
0.18533333333333332,0.5496588777822826,0.04411764705882353,0.9453781512605042,0.08430123641813414,0.7585448271637708,0.1814594987431499,0.1814594987431499,0.05428697711304914,0.8460603956959389,0.0546218487394958,225,4875,887,13,0.03588868581774555,110500,18.416666666666668,0.017911298287149307,0.85,WithoutGraphFeatures
0.19783333333333333,0.5561670346722514,0.04477611940298507,0.9453781512605042,0.08550256507695231,0.7585448271637708,0.1814594987431499,0.1814594987431499,0.05943144042283197,0.8330440819160014,0.0546218487394958,225,4800,962,13,0.03588868581774555,109000,18.166666666666668,0.01839876689088282,0.8375,WithoutGraphFeatures
0.21,0.5604875758008862,0.04525252525252525,0.9411764705882353,0.08635312259059369,0.7585448271637708,0.1814594987431499,0.1814594987431499,0.06214039814348076,0.820201318986463,0.058823529411764705,224,4726,1036,14,0.03588868581774555,108520,18.086666666666666,0.01881253450645272,0.825,WithoutGraphFeatures
0.22216666666666668,0.5648081169295208,0.045743589743589746,0.9369747899159664,0.08722863289653825,0.7585448271637708,0.1814594987431499,0.1814594987431499,0.0648143145786739,0.8073585560569246,0.06302521008403361,223,4652,1110,15,0.03588868581774555,108040,18.006666666666668,0.019161232973004205,0.8125,WithoutGraphFeatures
0.23366666666666666,0.5647534265354875,0.04583333333333333,0.9243697478991597,0.08733624454148473,0.7585448271637708,0.1814594987431499,0.1814594987431499,0.06319120167941417,0.7948628948281846,0.07563025210084033,220,4580,1182,18,0.03588868581774555,109600,18.266666666666666,0.019447253513690147,0.8,WithoutGraphFeatures
0.24616666666666667,0.5712615834254563,0.04656084656084656,0.9243697478991597,0.08865605480556116,0.7585448271637708,0.1814594987431499,0.1814594987431499,0.067999320112809,0.7818465810482471,0.07563025210084033,220,4505,1257,18,0.03588868581774555,108100,18.016666666666666,0.01989186859830863,0.7875,WithoutGraphFeatures
0.25866666666666666,0.577769740315425,0.047311827956989246,0.9243697478991597,0.09001636661211129,0.7585448271637708,0.1814594987431499,0.1814594987431499,0.0726979876363959,0.7688302672683096,0.07563025210084033,220,4430,1332,18,0.03588868581774555,106600,17.766666666666666,0.020306016083928256,0.775,WithoutGraphFeatures
0.27016666666666667,0.5777150499213917,0.04743169398907104,0.9117647058823529,0.09017244961562436,0.7585448271637708,0.1814594987431499,0.1814594987431499,0.07128649305896084,0.7563346060395696,0.08823529411764706,217,4358,1404,21,0.03588868581774555,108160,18.026666666666667,0.02067961020859667,0.7625,WithoutGraphFeatures
0.282,0.5798479752886924,0.04777777777777778,0.9033613445378151,0.09075559307724777,0.7585448271637708,0.1814594987431499,0.1814594987431499,0.07198087521356422,0.7436653939604304,0.09663865546218488,215,4285,1477,23,0.03588868581774555,108700,18.116666666666667,0.021017468559223165,0.75,WithoutGraphFeatures
0.2945,0.5863561321786611,0.04858757062146893,0.9033613445378151,0.09221531203088142,0.7585448271637708,0.1814594987431499,0.1814594987431499,0.07661280564719959,0.7306490801804929,0.09663865546218488,215,4210,1552,23,0.03588868581774555,107200,17.866666666666667,0.021462569757138353,0.7375,WithoutGraphFeatures
0.306,0.5863014417846277,0.04873563218390804,0.8907563025210085,0.09241499564080208,0.7585448271637708,0.1814594987431499,0.1814594987431499,0.07544605777437659,0.7181534189517529,0.1092436974789916,212,4138,1624,26,0.03588868581774555,108760,18.126666666666665,0.021919032501675127,0.725,WithoutGraphFeatures
0.3185,0.5928095986745966,0.0495906432748538,0.8907563025210085,0.093950808774651,0.7585448271637708,0.1814594987431499,0.1814594987431499,0.08004521705883523,0.7051371051718154,0.1092436974789916,212,4063,1699,26,0.03588868581774555,107260,17.876666666666665,0.022298173450444828,0.7125,WithoutGraphFeatures
0.33,0.5927549082805632,0.049761904761904764,0.8781512605042017,0.09418657052726453,0.7585448271637708,0.1814594987431499,0.1814594987431499,0.07900982570095347,0.6926414439430754,0.12184873949579832,209,3991,1771,29,0.03588868581774555,108820,18.136666666666667,0.022750389460967125,0.7,WithoutGraphFeatures
0.3425,0.599263065170532,0.050666666666666665,0.8781512605042017,0.09580563832225533,0.7585448271637708,0.1814594987431499,0.1814594987431499,0.08359497465760396,0.6796251301631377,0.12184873949579832,209,3916,1846,29,0.03588868581774555,107320,17.886666666666667,0.02329906033662766,0.6875,WithoutGraphFeatures
0.3546666666666667,0.6035836062991666,0.05135802469135802,0.8739495798319328,0.09701492537313433,0.7585448271637708,0.1814594987431499,0.1814594987431499,0.08632792673137016,0.6667823672335994,0.12605042016806722,208,3842,1920,30,0.03588868581774555,106840,17.80666666666667,0.023633902235311983,0.675,WithoutGraphFeatures
0.3665,0.6057165316664673,0.05182389937106918,0.865546218487395,0.09779254687870875,0.7585448271637708,0.1814594987431499,0.1814594987431499,0.08727039211712088,0.6541131551544602,0.13445378151260504,206,3769,1993,32,0.03588868581774555,107380,17.89666666666667,0.02408992714289459,0.6625,WithoutGraphFeatures
0.37866666666666665,0.6100370727951021,0.052564102564102565,0.8613445378151261,0.09908168197196714,0.7585448271637708,0.1814594987431499,0.1814594987431499,0.09005382811618255,0.6412703922249219,0.13865546218487396,205,3695,2067,33,0.03588868581774555,106900,17.816666666666666,0.024550469441383414,0.65,WithoutGraphFeatures
0.39016666666666666,0.6140105122229385,0.05327761817706973,0.8571428571428571,0.10031964593066142,0.7585448271637708,0.1814594987431499,0.1814594987431499,0.09261416235580608,0.6291218326969802,0.14285714285714285,204,3625,2137,34,0.03588868581774555,106500,17.75,0.025,0.6381666666666667,WithoutGraphFeatures
0.3908333333333333,0.6143576139237368,0.05333333333333334,0.8571428571428571,0.100418410041841,0.7585448271637708,0.1814594987431499,0.1814594987431499,0.09285917822658267,0.6284276292953835,0.14285714285714285,204,3621,2141,34,0.03588868581774555,106420,17.736666666666668,0.025005315954419197,0.6375,WithoutGraphFeatures
0.403,0.6186781550523714,0.05413333333333333,0.8529411764705882,0.10180541624874624,0.7585448271637708,0.1814594987431499,0.1814594987431499,0.09569053759580456,0.6155848663658452,0.14705882352941177,203,3547,2215,35,0.03588868581774555,105940,17.656666666666666,0.025501819942725868,0.625,WithoutGraphFeatures
0.41483333333333333,0.6208110804196723,0.054693877551020405,0.8445378151260504,0.10273447482749808,0.7585448271637708,0.1814594987431499,0.1814594987431499,0.09679918908306122,0.602915654286706,0.15546218487394958,201,3474,2288,37,0.03588868581774555,106480,17.746666666666666,0.0259660078880934,0.6125,WithoutGraphFeatures
0.4266666666666667,0.6229440057869728,0.05527777777777778,0.8361344537815126,0.10369984366857739,0.7585448271637708,0.1814594987431499,0.1814594987431499,0.09796153670664628,0.5902464422075668,0.1638655462184874,199,3401,2361,39,0.03588868581774555,107020,17.836666666666666,0.02643998234274777,0.6,WithoutGraphFeatures
0.43916666666666665,0.6294521626769417,0.05645390070921986,0.8361344537815126,0.1057666755248472,0.7585448271637708,0.1814594987431499,0.1814594987431499,0.1026472335525309,0.5772301284276293,0.1638655462184874,199,3326,2436,39,0.03588868581774555,105520,17.586666666666666,0.02694078439016396,0.5875,WithoutGraphFeatures
0.4513333333333333,0.6337727038055764,0.057391304347826085,0.8319327731092437,0.10737527114967461,0.7585448271637708,0.1814594987431499,0.1814594987431499,0.10563138362934062,0.564387365498091,0.16806722689075632,198,3252,2510,40,0.03588868581774555,105040,17.506666666666668,0.027441343016073073,0.575,WithoutGraphFeatures
0.46316666666666667,0.6359056291728771,0.05807407407407408,0.8235294117647058,0.10849709382784391,0.7585448271637708,0.1814594987431499,0.1814594987431499,0.106940203000586,0.5517181534189518,0.17647058823529413,196,3179,2583,42,0.03588868581774555,105580,17.596666666666668,0.02793637500501813,0.5625,WithoutGraphFeatures
0.4756666666666667,0.6424137860628458,0.059393939393939395,0.8235294117647058,0.11079706048615036,0.7585448271637708,0.1814594987431499,0.1814594987431499,0.11174247372687357,0.5387018396390142,0.17647058823529413,196,3104,2658,42,0.03588868581774555,104080,17.346666666666668,0.028677814199958903,0.55,WithoutGraphFeatures
0.48783333333333334,0.6467343271914805,0.06046511627906977,0.819327731092437,0.11261911637308691,0.7585448271637708,0.1814594987431499,0.1814594987431499,0.11487895411896638,0.5258590767094758,0.18067226890756302,195,3030,2732,43,0.03588868581774555,103600,17.266666666666666,0.029162609027642762,0.5375,WithoutGraphFeatures
0.49966666666666665,0.6488672525587813,0.06126984126984127,0.8109243697478992,0.11393152302243212,0.7585448271637708,0.1814594987431499,0.1814594987431499,0.11636612366007815,0.5131898646303367,0.18907563025210083,193,2957,2805,45,0.03588868581774555,104140,17.356666666666666,0.0297554352129027,0.525,WithoutGraphFeatures
0.5121666666666667,0.6553754094487501,0.06276422764227642,0.8109243697478992,0.11651071536371868,0.7585448271637708,0.1814594987431499,0.1814594987431499,0.1213394136631383,0.5001735508503992,0.18907563025210083,193,2882,2880,45,0.03588868581774555,102640,17.106666666666666,0.03049449839221325,0.5125,WithoutGraphFeatures
0.5246666666666666,0.6618835663387188,0.06433333333333334,0.8109243697478992,0.11920938851142682,0.7585448271637708,0.1814594987431499,0.1814594987431499,0.12638240335882833,0.48715723707046166,0.18907563025210083,193,2807,2955,45,0.03588868581774555,101140,16.856666666666666,0.03110045976706393,0.5,WithoutGraphFeatures
0.5371666666666667,0.6683917232286876,0.06598290598290599,0.8109243697478992,0.12203604173253242,0.7585448271637708,0.1814594987431499,0.1814594987431499,0.13150441910200733,0.4741409232905241,0.18907563025210083,193,2732,3030,45,0.03588868581774555,99640,16.606666666666666,0.03173624204258602,0.4875,WithoutGraphFeatures
0.549,0.6705246485959881,0.06701754385964913,0.8025210084033614,0.12370466321243524,0.7585448271637708,0.1814594987431499,0.1814594987431499,0.13329521439093447,0.4614717112113849,0.19747899159663865,191,2659,3103,47,0.03588868581774555,100180,16.696666666666665,0.03246770305262705,0.475,WithoutGraphFeatures
0.5615,0.6770328054859569,0.06882882882882883,0.8025210084033614,0.12678393627613674,0.7585448271637708,0.1814594987431499,0.1814594987431499,0.13859976685914804,0.4484553974314474,0.19747899159663865,191,2584,3178,47,0.03588868581774555,98680,16.446666666666665,0.03329350800432959,0.4625,WithoutGraphFeatures
0.5736666666666667,0.6813533466145918,0.07037037037037037,0.7983193277310925,0.12933968686181074,0.7585448271637708,0.1814594987431499,0.1814594987431499,0.14229571539105712,0.43561263450190907,0.20168067226890757,190,2510,3252,48,0.03588868581774555,98200,16.366666666666667,0.033978190871794885,0.45,WithoutGraphFeatures
0.5855,0.6834862719818924,0.07161904761904762,0.7899159663865546,0.131330771917569,0.7585448271637708,0.1814594987431499,0.1814594987431499,0.14438003262252155,0.4229434224227699,0.21008403361344538,188,2437,3325,50,0.03588868581774555,98740,16.456666666666667,0.03477632415319661,0.4375,WithoutGraphFeatures
0.5886666666666667,0.6851350050606844,0.07214121258633922,0.7899159663865546,0.13220815752461323,0.7585448271637708,0.1814594987431499,0.1814594987431499,0.14579764825385078,0.4196459562651857,0.21008403361344538,188,2418,3344,50,0.03588868581774555,98360,16.393333333333334,0.034999999999999996,0.43433333333333335,WithoutGraphFeatures
0.598,0.6899944288718611,0.07372549019607844,0.7899159663865546,0.13486370157819227,0.7585448271637708,0.1814594987431499,0.1814594987431499,0.15002593079653692,0.4099271086428323,0.21008403361344538,188,2362,3400,50,0.03588868581774555,97240,16.206666666666667,0.03569505542977577,0.425,WithoutGraphFeatures
0.6101666666666666,0.6943149700004958,0.07555555555555556,0.7857142857142857,0.13785477331367488,0.7585448271637708,0.1814594987431499,0.1814594987431499,0.15407926523537907,0.397084345713294,0.21428571428571427,187,2288,3474,51,0.03588868581774555,96760,16.126666666666665,0.03657881692326616,0.4125,WithoutGraphFeatures
0.6216666666666667,0.6942602796064625,0.07666666666666666,0.773109243697479,0.13949962092494314,0.7585448271637708,0.1814594987431499,0.1814594987431499,0.15478620034786816,0.38458868448455397,0.226890756302521,184,2216,3546,54,0.03588868581774555,98320,16.386666666666667,0.037525762319537734,0.4,WithoutGraphFeatures
0.6335,0.6963932049737631,0.07827956989247312,0.7647058823529411,0.14202106905969566,0.7585448271637708,0.1814594987431499,0.1814594987431499,0.15735893526359113,0.3719194724054148,0.23529411764705882,182,2143,3619,56,0.03588868581774555,98860,16.476666666666667,0.03833459418495197,0.3875,WithoutGraphFeatures
0.646,0.7029013618637319,0.08088888888888889,0.7647058823529411,0.1463022508038585,0.7585448271637708,0.1814594987431499,0.1814594987431499,0.16359995137347233,0.3589031586254773,0.23529411764705882,182,2068,3694,56,0.03588868581774555,97360,16.226666666666667,0.03928635015482488,0.375,WithoutGraphFeatures
0.6575,0.7028466714696986,0.08229885057471265,0.7521008403361344,0.1483630335681724,0.7585448271637708,0.1814594987431499,0.1814594987431499,0.16471290867642044,0.34640749739673726,0.24789915966386555,179,1996,3766,59,0.03588868581774555,98920,16.486666666666668,0.04022793161321107,0.3625,WithoutGraphFeatures
0.669,0.7027919810756653,0.0838095238095238,0.7394957983193278,0.15055603079555174,0.7585448271637708,0.1814594987431499,0.1814594987431499,0.16596401324791496,0.33391183616799724,0.2605042016806723,176,1924,3838,62,0.03588868581774555,100480,16.746666666666666,0.04132865968493517,0.35,WithoutGraphFeatures
0.6808333333333333,0.7049249064429659,0.08592592592592592,0.7310924369747899,0.15377817057003976,0.7585448271637708,0.1814594987431499,0.1814594987431499,0.16916821482816968,0.321242624088858,0.2689075630252101,174,1851,3911,64,0.03588868581774555,101020,16.836666666666666,0.04239476804190993,0.3375,WithoutGraphFeatures
0.693,0.7092454475716006,0.08871794871794872,0.726890756302521,0.1581352833638026,0.7585448271637708,0.1814594987431499,0.1814594987431499,0.17438788155977944,0.30839986115931967,0.27310924369747897,173,1777,3985,65,0.03588868581774555,100540,16.756666666666668,0.043940904669586306,0.325,WithoutGraphFeatures
0.7031666666666667,0.7084965537759706,0.09028146574614976,0.7142857142857143,0.1603017444601603,0.7585448271637708,0.1814594987431499,0.1814594987431499,0.17538336103259294,0.297292606733773,0.2857142857142857,170,1713,4049,68,0.03588868581774555,102260,17.043333333333333,0.045,0.31383333333333335,WithoutGraphFeatures
0.7045,0.7091907571775673,0.09066666666666667,0.7142857142857143,0.1609086606720303,0.7585448271637708,0.1814594987431499,0.1814594987431499,0.1761712275842067,0.29590419993057965,0.2857142857142857,170,1705,4057,68,0.03588868581774555,102100,17.016666666666666,0.04521236612313498,0.3125,WithoutGraphFeatures
0.7163333333333334,0.711323682544868,0.09333333333333334,0.7058823529411765,0.16486751717369968,0.7585448271637708,0.1814594987431499,0.1814594987431499,0.18000823496962512,0.28323498785144047,0.29411764705882354,168,1632,4130,70,0.03588868581774555,102640,17.106666666666666,0.04652897275188842,0.3,WithoutGraphFeatures
0.7278333333333333,0.7112689921508346,0.09565217391304348,0.6932773109243697,0.16811003565970456,0.7585448271637708,0.1814594987431499,0.1814594987431499,0.1822125359447734,0.27073932662270045,0.3067226890756303,165,1560,4202,73,0.03588868581774555,104200,17.366666666666667,0.048167443568639286,0.2875,WithoutGraphFeatures
0.7393333333333333,0.7112143017568013,0.09818181818181818,0.680672268907563,0.17161016949152544,0.7585448271637708,0.1814594987431499,0.1814594987431499,0.18464681566834118,0.25824366539396043,0.31932773109243695,162,1488,4274,76,0.03588868581774555,105760,17.626666666666665,0.04962936535095344,0.275,WithoutGraphFeatures
0.7501666666666666,0.7067843798400999,0.09968253968253968,0.6596638655462185,0.17319360176503032,0.7585448271637708,0.1814594987431499,0.1814594987431499,0.18345346304753746,0.24609510586601874,0.3403361344537815,157,1418,4344,81,0.03588868581774555,109360,18.226666666666667,0.05116092525053448,0.2625,WithoutGraphFeatures
0.7616666666666667,0.7067296894460665,0.10266666666666667,0.6470588235294118,0.17721518987341772,0.7585448271637708,0.1814594987431499,0.1814594987431499,0.18636144404607724,0.23359944463727872,0.35294117647058826,154,1346,4416,84,0.03588868581774555,110920,18.486666666666668,0.05326397958048231,0.25,WithoutGraphFeatures
0.7698333333333334,0.7009113607261718,0.10340041637751561,0.6260504201680672,0.17748659916617032,0.7585448271637708,0.1814594987431499,0.1814594987431499,0.18358737395127858,0.2242276987157237,0.3739495798319328,149,1292,4470,89,0.03588868581774555,114840,19.14,0.055,0.24016666666666667,WithoutGraphFeatures
0.7725,0.7022997675293651,0.10456140350877192,0.6260504201680672,0.1791942273000601,0.7585448271637708,0.1814594987431499,0.1814594987431499,0.18556561423300222,0.22145088510933703,0.3739495798319328,149,1276,4486,89,0.03588868581774555,114520,19.086666666666666,0.05572937255425104,0.2375,WithoutGraphFeatures
0.7846666666666666,0.7066203086579999,0.10962962962962963,0.6218487394957983,0.18639798488664985,0.7585448271637708,0.1814594987431499,0.1814594987431499,0.19314556771470023,0.20860812217979868,0.37815126050420167,148,1202,4560,90,0.03588868581774555,114040,19.006666666666668,0.058266401450855314,0.225,WithoutGraphFeatures
0.7955,0.7021903867412984,0.11215686274509803,0.6008403361344538,0.18902842035690678,0.7585448271637708,0.1814594987431499,0.1814594987431499,0.19293437180127004,0.196459562651857,0.39915966386554624,143,1132,4630,95,0.03588868581774555,117640,19.606666666666666,0.06126724551649141,0.2125,WithoutGraphFeatures
0.8063333333333333,0.697760464824597,0.115,0.5798319327731093,0.19193324061196107,0.7585448271637708,0.1814594987431499,0.1814594987431499,0.19298934566956216,0.1843110031239153,0.42016806722689076,138,1062,4700,100,0.03588868581774555,121240,20.206666666666667,0.06438129006560465,0.2,WithoutGraphFeatures
0.8083333333333333,0.6967877050160571,0.11551433389544688,0.5756302521008403,0.19241573033707868,0.7585448271637708,0.1814594987431499,0.1814594987431499,0.1928890946123542,0.18205484206872613,0.42436974789915966,137,1049,4713,101,0.03588868581774555,121980,20.33,0.065,0.19766666666666666,WithoutGraphFeatures
0.8178333333333333,0.6977057744305636,0.12,0.5672268907563025,0.19809244314013205,0.7585448271637708,0.1814594987431499,0.1814594987431499,0.19772468118304315,0.17181534189517528,0.4327731092436975,135,990,4772,103,0.03588868581774555,122800,20.466666666666665,0.06777238555012972,0.1875,WithoutGraphFeatures
0.8286666666666667,0.6932758525138621,0.12380952380952381,0.5462184873949579,0.2018633540372671,0.7585448271637708,0.1814594987431499,0.1814594987431499,0.19855711305520887,0.1596667823672336,0.453781512605042,130,920,4842,108,0.03588868581774555,126400,21.066666666666666,0.07181234772453343,0.175,WithoutGraphFeatures
0.8383333333333334,0.6922666324426334,0.12880324543610547,0.5336134453781513,0.20751633986928106,0.7585448271637708,0.1814594987431499,0.1814594987431499,0.2025248870195554,0.1490801804928844,0.46638655462184875,127,859,4903,111,0.03588868581774555,128180,21.363333333333333,0.07500000000000001,0.16433333333333333,WithoutGraphFeatures
0.8401666666666666,0.6932211621198288,0.13025641025641024,0.5336134453781513,0.20939818631492169,0.7585448271637708,0.1814594987431499,0.1814594987431499,0.20445109933190395,0.14717112113849357,0.46638655462184875,127,848,4914,111,0.03588868581774555,127960,21.326666666666668,0.07559248046661088,0.1625,WithoutGraphFeatures
0.8516666666666667,0.6931664717257955,0.13777777777777778,0.5210084033613446,0.2179261862917399,0.7585448271637708,0.1814594987431499,0.1814594987431499,0.2111691664793938,0.13467545990975355,0.4789915966386555,124,776,4986,114,0.03588868581774555,129520,21.586666666666666,0.0804980094088816,0.15,WithoutGraphFeatures
0.8586666666666667,0.6867407150295036,0.1403301886792453,0.5,0.21915285451197056,0.7585448271637708,0.1814594987431499,0.1814594987431499,0.20924653027031076,0.1265185699409927,0.5,119,729,5033,119,0.03588868581774555,133580,22.263333333333332,0.085,0.14133333333333334,WithoutGraphFeatures
0.8615,0.6821737025250919,0.1406060606060606,0.48739495798319327,0.21825023518344308,0.7585448271637708,0.1814594987431499,0.1814594987431499,0.20649456953004544,0.12304755293300937,0.5126050420168067,116,709,5053,122,0.03588868581774555,136180,22.696666666666665,0.08697738892251172,0.1375,WithoutGraphFeatures
0.8726666666666667,0.6799313963697245,0.14933333333333335,0.47058823529411764,0.22672064777327935,0.7585448271637708,0.1814594987431499,0.1814594987431499,0.21237420595891024,0.11072544255466851,0.5294117647058824,112,638,5124,126,0.03588868581774555,138760,23.126666666666665,0.09367794687525019,0.125,WithoutGraphFeatures
0.8741666666666666,0.6766842453746511,0.14925373134328357,0.46218487394957986,0.22564102564102562,0.7585448271637708,0.1814594987431499,0.1814594987431499,0.21011279414416745,0.10881638320027769,0.5378151260504201,110,627,5135,128,0.03588868581774555,140540,23.423333333333332,0.095,0.12283333333333334,WithoutGraphFeatures
0.8821666666666667,0.666751011407687,0.15259259259259259,0.4327731092436975,0.2256297918948521,0.7585448271637708,0.1814594987431499,0.1814594987431499,0.2059974694897095,0.0992710864283235,0.5672268907563025,103,572,5190,135,0.03588868581774555,146440,24.406666666666666,0.10369828130882516,0.1125,WithoutGraphFeatures
0.8833333333333333,0.6653443744731492,0.15315315315315314,0.42857142857142855,0.22566371681415925,0.7585448271637708,0.1814594987431499,0.1814594987431499,0.2054617128661965,0.09788267962513017,0.5714285714285714,102,564,5198,136,0.03588868581774555,147280,24.546666666666667,0.10500000000000001,0.111,WithoutGraphFeatures
0.894,0.6688839367749877,0.16833333333333333,0.42436974789915966,0.24105011933174228,0.7585448271637708,0.1814594987431499,0.1814594987431499,0.21974598061489975,0.08660187434918432,0.5756302521008403,101,499,5263,137,0.03588868581774555,146980,24.496666666666666,0.1141537267098914,0.1,WithoutGraphFeatures
0.895,0.6673905244152503,0.16891891891891891,0.42016806722689076,0.24096385542168675,0.7585448271637708,0.1814594987431499,0.1814594987431499,0.2191072642313742,0.08538701839639014,0.5798319327731093,100,492,5270,138,0.03588868581774555,147840,24.64,0.115,0.09866666666666667,WithoutGraphFeatures
0.9028333333333334,0.6634127097558913,0.1787709497206704,0.40336134453781514,0.247741935483871,0.7585448271637708,0.1814594987431499,0.1814594987431499,0.2234540290344289,0.07653592502603263,0.5966386554621849,96,441,5321,142,0.03588868581774555,150820,25.136666666666667,0.125,0.0895,WithoutGraphFeatures
0.9048333333333334,0.6644540148582863,0.18285714285714286,0.40336134453781514,0.25163826998689387,0.7585448271637708,0.1814594987431499,0.1814594987431499,0.22718406609664613,0.07445331482124262,0.5966386554621849,96,429,5333,142,0.03588868581774555,150580,25.096666666666668,0.12662201096200149,0.0875,WithoutGraphFeatures
0.9103333333333333,0.6612754091570678,0.19135802469135801,0.3907563025210084,0.25690607734806625,0.7585448271637708,0.1814594987431499,0.1814594987431499,0.23073938886436418,0.06820548420687261,0.6092436974789915,93,393,5369,145,0.03588868581774555,152860,25.476666666666667,0.135,0.081,WithoutGraphFeatures
0.9146666666666666,0.6615175053013223,0.20087336244541484,0.3865546218487395,0.26436781609195403,0.7585448271637708,0.1814594987431499,0.1814594987431499,0.23744263303845656,0.0635196112460951,0.6134453781512605,92,366,5396,146,0.03588868581774555,153320,25.553333333333335,0.14500000000000002,0.07633333333333334,WithoutGraphFeatures
0.9156666666666666,0.6600240929415848,0.20222222222222222,0.38235294117647056,0.2645348837209302,0.7585448271637708,0.1814594987431499,0.1814594987431499,0.23715797143901007,0.062304755293300935,0.6176470588235294,91,359,5403,147,0.03588868581774555,154180,25.696666666666665,0.148352573531641,0.075,WithoutGraphFeatures
0.9178333333333333,0.6551099787363748,0.20417633410672853,0.3697478991596639,0.26307922272047835,0.7585448271637708,0.1814594987431499,0.1814594987431499,0.2344863656363868,0.05952794168691426,0.6302521008403361,88,343,5419,150,0.03588868581774555,156860,26.143333333333334,0.155,0.07183333333333333,WithoutGraphFeatures
0.9211666666666667,0.6528173574184968,0.2113022113022113,0.36134453781512604,0.26666666666666666,0.7585448271637708,0.1814594987431499,0.1814594987431499,0.23722375295361156,0.055709822978132595,0.6386554621848739,86,321,5441,152,0.03588868581774555,158420,26.403333333333332,0.165,0.06783333333333333,WithoutGraphFeatures
0.9251666666666667,0.6468437079795473,0.21866666666666668,0.3445378151260504,0.267536704730832,0.7585448271637708,0.1814594987431499,0.1814594987431499,0.23680100778316612,0.05085039916695592,0.6554621848739496,82,293,5469,156,0.03588868581774555,161860,26.976666666666667,0.17462506350788012,0.0625,WithoutGraphFeatures
0.9251666666666667,0.6468437079795473,0.21866666666666668,0.3445378151260504,0.267536704730832,0.7585448271637708,0.1814594987431499,0.1814594987431499,0.23680100778316612,0.05085039916695592,0.6554621848739496,82,293,5469,156,0.03588868581774555,161860,26.976666666666667,0.17500000000000002,0.0625,WithoutGraphFeatures
0.9273333333333333,0.6379014639524675,0.21875,0.3235294117647059,0.26101694915254237,0.7585448271637708,0.1814594987431499,0.1814594987431499,0.22906318868620704,0.047726483859770914,0.6764705882352942,77,275,5487,161,0.03588868581774555,166500,27.75,0.185,0.058666666666666666,WithoutGraphFeatures
0.9303333333333333,0.6354352917841902,0.22727272727272727,0.31512605042016806,0.2640845070422535,0.7585448271637708,0.1814594987431499,0.1814594987431499,0.23189343273435162,0.04425546685178757,0.6848739495798319,75,255,5507,163,0.03588868581774555,168100,28.016666666666666,0.195,0.055,WithoutGraphFeatures
0.9323333333333333,0.624392207420976,0.22549019607843138,0.28991596638655465,0.2536764705882353,0.7585448271637708,0.1814594987431499,0.1814594987431499,0.2207134662210462,0.04113155154460257,0.7100840336134454,69,237,5525,169,0.03588868581774555,173740,28.956666666666667,0.20500000000000002,0.051,WithoutGraphFeatures
0.9333333333333333,0.6249128599721735,0.23,0.28991596638655465,0.25650557620817843,0.7585448271637708,0.1814594987431499,0.1814594987431499,0.22372483576084776,0.040090246442207565,0.7100840336134454,69,231,5531,169,0.03588868581774555,173620,28.936666666666667,0.20895127670767022,0.05,WithoutGraphFeatures
0.9355,0.6240268755888332,0.23859649122807017,0.2857142857142857,0.260038240917782,0.7585448271637708,0.1814594987431499,0.1814594987431499,0.2276094855317146,0.03766053453661923,0.7142857142857143,68,217,5545,170,0.03588868581774555,174340,29.05666666666667,0.215,0.0475,WithoutGraphFeatures
0.9405,0.6205879436120161,0.26104417670682734,0.27310924369747897,0.26694045174537984,0.7585448271637708,0.1814594987431499,0.1814594987431499,0.23601392803339288,0.03193335647344672,0.726890756302521,65,184,5578,173,0.03588868581774555,176680,29.446666666666665,0.225,0.0415,WithoutGraphFeatures
0.9423333333333334,0.6175143434673418,0.2692307692307692,0.2647058823529412,0.2669491525423729,0.7585448271637708,0.1814594987431499,0.1814594987431499,0.23694673679986422,0.02967719541825755,0.7352941176470589,63,171,5591,175,0.03588868581774555,178420,29.736666666666668,0.23500000000000001,0.039,WithoutGraphFeatures
0.9431666666666667,0.6139200907714699,0.27111111111111114,0.25630252100840334,0.2634989200863931,0.7585448271637708,0.1814594987431499,0.1814594987431499,0.23406591199434074,0.02846233946546338,0.7436974789915967,61,164,5598,177,0.03588868581774555,180280,30.046666666666667,0.2448606169176918,0.0375,WithoutGraphFeatures
0.9431666666666667,0.6139200907714699,0.27111111111111114,0.25630252100840334,0.2634989200863931,0.7585448271637708,0.1814594987431499,0.1814594987431499,0.23406591199434074,0.02846233946546338,0.7436974789915967,61,164,5598,177,0.03588868581774555,180280,30.046666666666667,0.245,0.0375,WithoutGraphFeatures
0.9453333333333334,0.60900597656626,0.2815533980582524,0.24369747899159663,0.26126126126126126,0.7585448271637708,0.1814594987431499,0.1814594987431499,0.23368592507547067,0.02568552585907671,0.7563025210084033,58,148,5614,180,0.03588868581774555,182960,30.493333333333332,0.255,0.034333333333333334,WithoutGraphFeatures
0.9473333333333334,0.6040050869358503,0.2925531914893617,0.23109243697478993,0.25821596244131456,0.7585448271637708,0.1814594987431499,0.1814594987431499,0.23303328378996765,0.023082263103089206,0.7689075630252101,55,133,5629,183,0.03588868581774555,185660,30.94333333333333,0.265,0.03133333333333333,WithoutGraphFeatures
0.9481666666666667,0.6004108342399785,0.29608938547486036,0.22268907563025211,0.25419664268585135,0.7585448271637708,0.1814594987431499,0.1814594987431499,0.23038826879892696,0.021867407150295035,0.7773109243697479,53,126,5636,185,0.03588868581774555,187520,31.253333333333334,0.275,0.029833333333333333,WithoutGraphFeatures
0.9488333333333333,0.5967298061189071,0.2982456140350877,0.21428571428571427,0.24938875305623473,0.7585448271637708,0.1814594987431499,0.1814594987431499,0.22691872546760078,0.020826102047900034,0.7857142857142857,51,120,5642,187,0.03588868581774555,189400,31.566666666666666,0.28500000000000003,0.0285,WithoutGraphFeatures
0.9491666666666667,0.5868330324146319,0.2893081761006289,0.19327731092436976,0.23173803526448364,0.7585448271637708,0.1814594987431499,0.1814594987431499,0.21103180023459867,0.019611246095105866,0.8067226890756303,46,113,5649,192,0.03588868581774555,194260,32.376666666666665,0.295,0.0265,WithoutGraphFeatures
0.9505,0.5875272358162287,0.304635761589404,0.19327731092436976,0.23650385604113114,0.7585448271637708,0.1814594987431499,0.1814594987431499,0.2181318236093813,0.01822283929191253,0.8067226890756303,46,105,5657,192,0.03588868581774555,194100,32.35,0.305,0.025166666666666667,WithoutGraphFeatures
0.9506666666666667,0.5876140112414282,0.30666666666666664,0.19327731092436976,0.2371134020618557,0.7585448271637708,0.1814594987431499,0.1814594987431499,0.2190559745886827,0.018049288441513364,0.8067226890756303,46,104,5658,192,0.03588868581774555,194080,32.346666666666664,0.3055237617499836,0.025,WithoutGraphFeatures
0.9516666666666667,0.5881346637926257,0.3194444444444444,0.19327731092436976,0.24083769633507854,0.7585448271637708,0.1814594987431499,0.1814594987431499,0.22478642131400314,0.017007983339118363,0.8067226890756303,46,98,5664,192,0.03588868581774555,193960,32.32666666666667,0.315,0.024,WithoutGraphFeatures
0.9526666666666667,0.5846271865219534,0.3283582089552239,0.18487394957983194,0.2365591397849462,0.7585448271637708,0.1814594987431499,0.1814594987431499,0.22355869994622224,0.015619576535925026,0.8151260504201681,44,90,5672,194,0.03588868581774555,195800,32.63333333333333,0.325,0.022333333333333334,WithoutGraphFeatures
0.9535,0.5850610636479514,0.34108527131782945,0.18487394957983194,0.23978201634877389,0.7585448271637708,0.1814594987431499,0.1814594987431499,0.22892067345842013,0.01475182228392919,0.8151260504201681,44,85,5677,194,0.03588868581774555,195700,32.61666666666667,0.335,0.0215,WithoutGraphFeatures
0.9541666666666667,0.58138003552688,0.34710743801652894,0.17647058823529413,0.23398328690807801,0.7585448271637708,0.1814594987431499,0.1814594987431499,0.22598445242976928,0.013710517181534189,0.8235294117647058,42,79,5683,196,0.03588868581774555,197580,32.93,0.34500000000000003,0.020166666666666666,WithoutGraphFeatures
0.9548333333333333,0.5797130723167434,0.3565217391304348,0.1722689075630252,0.23229461756373937,0.7585448271637708,0.1814594987431499,0.1814594987431499,0.22694075507680467,0.012842762929538355,0.8277310924369747,41,74,5688,197,0.03588868581774555,198480,33.08,0.35500000000000004,0.019166666666666665,WithoutGraphFeatures
0.9555,0.5740179792847371,0.3619047619047619,0.15966386554621848,0.22157434402332363,0.7585448271637708,0.1814594987431499,0.1814594987431499,0.2203463046217962,0.011627906976744186,0.8403361344537815,38,67,5695,200,0.03588868581774555,201340,33.556666666666665,0.365,0.0175,WithoutGraphFeatures
0.9561666666666667,0.5703369511636657,0.3711340206185567,0.15126050420168066,0.21492537313432836,0.7585448271637708,0.1814594987431499,0.1814594987431499,0.21770398654505282,0.010586601874349184,0.8487394957983193,36,61,5701,202,0.03588868581774555,203220,33.87,0.375,0.016166666666666666,WithoutGraphFeatures
0.9563333333333334,0.5663955967669956,0.3695652173913043,0.14285714285714285,0.20606060606060603,0.7585448271637708,0.1814594987431499,0.1814594987431499,0.21092605153747318,0.010065949323151684,0.8571428571428571,34,58,5704,204,0.03588868581774555,205160,34.193333333333335,0.385,0.015333333333333332,WithoutGraphFeatures
0.9565,0.5624542423703255,0.367816091954023,0.13445378151260504,0.19692307692307692,0.7585448271637708,0.1814594987431499,0.1814594987431499,0.20394049997572616,0.009545296771954183,0.865546218487395,32,55,5707,206,0.03588868581774555,207100,34.516666666666666,0.395,0.0145,WithoutGraphFeatures
0.9571666666666667,0.5587732142492541,0.379746835443038,0.12605042016806722,0.1892744479495268,0.7585448271637708,0.1814594987431499,0.1814594987431499,0.20126741442402749,0.008503991669559181,0.8739495798319328,30,49,5713,208,0.03588868581774555,208980,34.83,0.405,0.013166666666666667,WithoutGraphFeatures
0.9571666666666667,0.5547450844273842,0.37333333333333335,0.11764705882352941,0.17891373801916935,0.7585448271637708,0.1814594987431499,0.1814594987431499,0.19234257327280974,0.008156889968760846,0.8823529411764706,28,47,5715,210,0.03588868581774555,210940,35.156666666666666,0.41465304916891704,0.0125,WithoutGraphFeatures
0.9573333333333334,0.5548318598525839,0.3783783783783784,0.11764705882352941,0.1794871794871795,0.7585448271637708,0.1814594987431499,0.1814594987431499,0.19392839126575595,0.00798333911836168,0.8823529411764706,28,46,5716,210,0.03588868581774555,210920,35.153333333333336,0.41500000000000004,0.012333333333333333,WithoutGraphFeatures
0.9573333333333334,0.5508037300307141,0.37142857142857144,0.1092436974789916,0.16883116883116883,0.7585448271637708,0.1814594987431499,0.1814594987431499,0.18468190004358448,0.0076362374175633465,0.8907563025210085,26,44,5718,212,0.03588868581774555,212880,35.48,0.425,0.011666666666666667,WithoutGraphFeatures
0.9578333333333333,0.5470359264844431,0.38095238095238093,0.10084033613445378,0.159468438538206,0.7585448271637708,0.1814594987431499,0.1814594987431499,0.18012790788283933,0.006768483165567512,0.8991596638655462,24,39,5723,214,0.03588868581774555,214780,35.79666666666667,0.435,0.0105,WithoutGraphFeatures
0.9588333333333333,0.5475565790356407,0.42105263157894735,0.10084033613445378,0.16271186440677965,0.7585448271637708,0.1814594987431499,0.1814594987431499,0.19137068634721313,0.005727178063172509,0.8991596638655462,24,33,5729,214,0.03588868581774555,214660,35.776666666666664,0.445,0.0095,WithoutGraphFeatures
0.9585,0.5433548983633718,0.4,0.09243697478991597,0.1501706484641638,0.7585448271637708,0.1814594987431499,0.1814594987431499,0.177576707514936,0.005727178063172509,0.907563025210084,22,33,5729,216,0.03588868581774555,216660,36.11,0.455,0.009166666666666667,WithoutGraphFeatures
0.9591666666666666,0.5416879351532352,0.42857142857142855,0.08823529411764706,0.14634146341463417,0.7585448271637708,0.1814594987431499,0.1814594987431499,0.18081001017180953,0.004859423811176675,0.9117647058823529,21,28,5734,217,0.03588868581774555,217560,36.26,0.465,0.008166666666666666,WithoutGraphFeatures
0.9595,0.5378333561817646,0.4418604651162791,0.07983193277310924,0.13523131672597863,0.7585448271637708,0.1814594987431499,0.1814594987431499,0.1750781473851225,0.004165220409580007,0.9201680672268907,19,24,5738,219,0.03588868581774555,219480,36.58,0.47500000000000003,0.007166666666666667,WithoutGraphFeatures
0.9595,0.5338052263598949,0.4358974358974359,0.07142857142857142,0.12274368231046932,0.7585448271637708,0.1814594987431499,0.1814594987431499,0.1642090486697536,0.0038181187087816732,0.9285714285714286,17,22,5740,221,0.03588868581774555,221440,36.906666666666666,0.485,0.0065,WithoutGraphFeatures
0.9595,0.53179116144896,0.43243243243243246,0.06722689075630252,0.11636363636363636,0.7585448271637708,0.1814594987431499,0.1814594987431499,0.1585178703470172,0.003644567858382506,0.9327731092436975,16,21,5741,222,0.03588868581774555,222420,37.07,0.495,0.006166666666666667,WithoutGraphFeatures
0.9593333333333334,0.5296903211128255,0.4166666666666667,0.06302521008403361,0.1094890510948905,0.7585448271637708,0.1814594987431499,0.1814594987431499,0.1500720890456772,0.003644567858382506,0.9369747899159664,15,21,5741,223,0.03588868581774555,223420,37.236666666666665,0.505,0.006,WithoutGraphFeatures
0.959,0.5234745755296217,0.375,0.05042016806722689,0.0888888888888889,0.7585448271637708,0.1814594987431499,0.1814594987431499,0.1258095047673744,0.003471017007983339,0.9495798319327731,12,20,5742,226,0.03588868581774555,226400,37.733333333333334,0.515,0.005333333333333333,WithoutGraphFeatures
0.959,0.5214605106186869,0.36666666666666664,0.046218487394957986,0.08208955223880597,0.7585448271637708,0.1814594987431499,0.1814594987431499,0.11876743011830207,0.003297466157584172,0.9537815126050421,11,19,5743,227,0.03588868581774555,227380,37.89666666666667,0.525,0.005,WithoutGraphFeatures
0.9596666666666667,0.5177794824976155,0.4090909090909091,0.037815126050420166,0.06923076923076922,0.7585448271637708,0.1814594987431499,0.1814594987431499,0.11482459474841122,0.0022561610551891705,0.9621848739495799,9,13,5749,229,0.03588868581774555,229260,38.21,0.535,0.0036666666666666666,WithoutGraphFeatures
0.9595,0.5136645772505462,0.3684210526315789,0.029411764705882353,0.05447470817120622,0.7585448271637708,0.1814594987431499,0.1814594987431499,0.09493745813240878,0.0020826102047900035,0.9705882352941176,7,12,5750,231,0.03588868581774555,231240,38.54,0.545,0.0031666666666666666,WithoutGraphFeatures
0.9598333333333333,0.5138381281009453,0.4117647058823529,0.029411764705882353,0.054901960784313725,0.7585448271637708,0.1814594987431499,0.1814594987431499,0.10162451492948285,0.0017355085039916696,0.9705882352941176,7,10,5752,231,0.03588868581774555,231200,38.53333333333333,0.555,0.0028333333333333335,WithoutGraphFeatures
0.9596666666666667,0.5097232228538761,0.35714285714285715,0.02100840336134454,0.03968253968253969,0.7585448271637708,0.1814594987431499,0.1814594987431499,0.07866525718429249,0.0015619576535925027,0.9789915966386554,5,9,5753,233,0.03588868581774555,233180,38.86333333333334,0.5650000000000001,0.0023333333333333335,WithoutGraphFeatures
0.9598333333333333,0.5057818684572059,0.3333333333333333,0.012605042016806723,0.024291497975708502,0.7585448271637708,0.1814594987431499,0.1814594987431499,0.05831796937646121,0.0010413051023950017,0.9873949579831933,3,6,5756,235,0.03588868581774555,235120,39.18666666666667,0.5750000000000001,0.0015,WithoutGraphFeatures
0.96,0.5038545789714706,0.3333333333333333,0.008403361344537815,0.016393442622950817,0.7585448271637708,0.1814594987431499,0.1814594987431499,0.04760450508948916,0.0006942034015966678,0.9915966386554622,2,4,5758,236,0.03588868581774555,236080,39.346666666666664,0.585,0.001,WithoutGraphFeatures
0.96,0.5038545789714706,0.3333333333333333,0.008403361344537815,0.016393442622950817,0.7585448271637708,0.1814594987431499,0.1814594987431499,0.04760450508948916,0.0006942034015966678,0.9915966386554622,2,4,5758,236,0.03588868581774555,236080,39.346666666666664,0.595,0.001,WithoutGraphFeatures
0.9601666666666666,0.5019272894857353,0.3333333333333333,0.004201680672268907,0.008298755186721992,0.7585448271637708,0.1814594987431499,0.1814594987431499,0.03365304773369085,0.0003471017007983339,0.9957983193277311,1,2,5760,237,0.03588868581774555,237040,39.50666666666667,0.605,0.0005,WithoutGraphFeatures
0.9601666666666666,0.5019272894857353,0.3333333333333333,0.004201680672268907,0.008298755186721992,0.7585448271637708,0.1814594987431499,0.1814594987431499,0.03365304773369085,0.0003471017007983339,0.9957983193277311,1,2,5760,237,0.03588868581774555,237040,39.50666666666667,0.615,0.0005,WithoutGraphFeatures
0.96,0.49982644914960084,0.0,0.0,0.0,0.7585448271637708,0.1814594987431499,0.1814594987431499,-0.0037111936693132795,0.0003471017007983339,1.0,0,2,5760,238,0.03588868581774555,238040,39.67333333333333,0.625,0.0003333333333333333,WithoutGraphFeatures
0.96,0.49982644914960084,0.0,0.0,0.0,0.7585448271637708,0.1814594987431499,0.1814594987431499,-0.0037111936693132795,0.0003471017007983339,1.0,0,2,5760,238,0.03588868581774555,238040,39.67333333333333,0.635,0.0003333333333333333,WithoutGraphFeatures
0.9601666666666666,0.4999132245748004,0.0,0.0,0.0,0.7585448271637708,0.1814594987431499,0.1814594987431499,-0.0026239914801147713,0.00017355085039916696,1.0,0,1,5761,238,0.03588868581774555,238020,39.67,0.645,0.00016666666666666666,WithoutGraphFeatures
0.9601666666666666,0.4999132245748004,0.0,0.0,0.0,0.7585448271637708,0.1814594987431499,0.1814594987431499,-0.0026239914801147713,0.00017355085039916696,1.0,0,1,5761,238,0.03588868581774555,238020,39.67,0.655,0.00016666666666666666,WithoutGraphFeatures
0.9601666666666666,0.4999132245748004,0.0,0.0,0.0,0.7585448271637708,0.1814594987431499,0.1814594987431499,-0.0026239914801147713,0.00017355085039916696,1.0,0,1,5761,238,0.03588868581774555,238020,39.67,0.665,0.00016666666666666666,WithoutGraphFeatures
0.9601666666666666,0.4999132245748004,0.0,0.0,0.0,0.7585448271637708,0.1814594987431499,0.1814594987431499,-0.0026239914801147713,0.00017355085039916696,1.0,0,1,5761,238,0.03588868581774555,238020,39.67,0.675,0.00016666666666666666,WithoutGraphFeatures
0.9601666666666666,0.4999132245748004,0.0,0.0,0.0,0.7585448271637708,0.1814594987431499,0.1814594987431499,-0.0026239914801147713,0.00017355085039916696,1.0,0,1,5761,238,0.03588868581774555,238020,39.67,0.685,0.00016666666666666666,WithoutGraphFeatures
0.9601666666666666,0.4999132245748004,0.0,0.0,0.0,0.7585448271637708,0.1814594987431499,0.1814594987431499,-0.0026239914801147713,0.00017355085039916696,1.0,0,1,5761,238,0.03588868581774555,238020,39.67,0.6950000000000001,0.00016666666666666666,WithoutGraphFeatures
0.9601666666666666,0.4999132245748004,0.0,0.0,0.0,0.7585448271637708,0.1814594987431499,0.1814594987431499,-0.0026239914801147713,0.00017355085039916696,1.0,0,1,5761,238,0.03588868581774555,238020,39.67,0.7050000000000001,0.00016666666666666666,WithoutGraphFeatures
0.9601666666666666,0.4999132245748004,0.0,0.0,0.0,0.7585448271637708,0.1814594987431499,0.1814594987431499,-0.0026239914801147713,0.00017355085039916696,1.0,0,1,5761,238,0.03588868581774555,238020,39.67,0.715,0.00016666666666666666,WithoutGraphFeatures
0.9601666666666666,0.4999132245748004,0.0,0.0,0.0,0.7585448271637708,0.1814594987431499,0.1814594987431499,-0.0026239914801147713,0.00017355085039916696,1.0,0,1,5761,238,0.03588868581774555,238020,39.67,0.721996010311402,0.00016666666666666666,WithoutGraphFeatures
0.9603333333333334,0.5,0.0,0.0,0.0,0.7585448271637708,0.1814594987431499,0.1814594987431499,0.0,0.0,1.0,0,0,5762,238,0.03588868581774555,238000,39.666666666666664,0.725,0.0,WithoutGraphFeatures
0.9603333333333334,0.5,0.0,0.0,0.0,0.7585448271637708,0.1814594987431499,0.1814594987431499,0.0,0.0,1.0,0,0,5762,238,0.03588868581774555,238000,39.666666666666664,0.735,0.0,WithoutGraphFeatures
0.9603333333333334,0.5,0.0,0.0,0.0,0.7585448271637708,0.1814594987431499,0.1814594987431499,0.0,0.0,1.0,0,0,5762,238,0.03588868581774555,238000,39.666666666666664,0.745,0.0,WithoutGraphFeatures
0.9603333333333334,0.5,0.0,0.0,0.0,0.7585448271637708,0.1814594987431499,0.1814594987431499,0.0,0.0,1.0,0,0,5762,238,0.03588868581774555,238000,39.666666666666664,0.755,0.0,WithoutGraphFeatures
0.9603333333333334,0.5,0.0,0.0,0.0,0.7585448271637708,0.1814594987431499,0.1814594987431499,0.0,0.0,1.0,0,0,5762,238,0.03588868581774555,238000,39.666666666666664,0.765,0.0,WithoutGraphFeatures
0.9603333333333334,0.5,0.0,0.0,0.0,0.7585448271637708,0.1814594987431499,0.1814594987431499,0.0,0.0,1.0,0,0,5762,238,0.03588868581774555,238000,39.666666666666664,0.775,0.0,WithoutGraphFeatures
0.9603333333333334,0.5,0.0,0.0,0.0,0.7585448271637708,0.1814594987431499,0.1814594987431499,0.0,0.0,1.0,0,0,5762,238,0.03588868581774555,238000,39.666666666666664,0.785,0.0,WithoutGraphFeatures
0.9603333333333334,0.5,0.0,0.0,0.0,0.7585448271637708,0.1814594987431499,0.1814594987431499,0.0,0.0,1.0,0,0,5762,238,0.03588868581774555,238000,39.666666666666664,0.795,0.0,WithoutGraphFeatures
0.9603333333333334,0.5,0.0,0.0,0.0,0.7585448271637708,0.1814594987431499,0.1814594987431499,0.0,0.0,1.0,0,0,5762,238,0.03588868581774555,238000,39.666666666666664,0.805,0.0,WithoutGraphFeatures
0.9603333333333334,0.5,0.0,0.0,0.0,0.7585448271637708,0.1814594987431499,0.1814594987431499,0.0,0.0,1.0,0,0,5762,238,0.03588868581774555,238000,39.666666666666664,0.8150000000000001,0.0,WithoutGraphFeatures
0.9603333333333334,0.5,0.0,0.0,0.0,0.7585448271637708,0.1814594987431499,0.1814594987431499,0.0,0.0,1.0,0,0,5762,238,0.03588868581774555,238000,39.666666666666664,0.8250000000000001,0.0,WithoutGraphFeatures
0.9603333333333334,0.5,0.0,0.0,0.0,0.7585448271637708,0.1814594987431499,0.1814594987431499,0.0,0.0,1.0,0,0,5762,238,0.03588868581774555,238000,39.666666666666664,0.8350000000000001,0.0,WithoutGraphFeatures
0.9603333333333334,0.5,0.0,0.0,0.0,0.7585448271637708,0.1814594987431499,0.1814594987431499,0.0,0.0,1.0,0,0,5762,238,0.03588868581774555,238000,39.666666666666664,0.845,0.0,WithoutGraphFeatures
0.9603333333333334,0.5,0.0,0.0,0.0,0.7585448271637708,0.1814594987431499,0.1814594987431499,0.0,0.0,1.0,0,0,5762,238,0.03588868581774555,238000,39.666666666666664,0.855,0.0,WithoutGraphFeatures
0.9603333333333334,0.5,0.0,0.0,0.0,0.7585448271637708,0.1814594987431499,0.1814594987431499,0.0,0.0,1.0,0,0,5762,238,0.03588868581774555,238000,39.666666666666664,0.865,0.0,WithoutGraphFeatures
0.9603333333333334,0.5,0.0,0.0,0.0,0.7585448271637708,0.1814594987431499,0.1814594987431499,0.0,0.0,1.0,0,0,5762,238,0.03588868581774555,238000,39.666666666666664,0.875,0.0,WithoutGraphFeatures
0.9603333333333334,0.5,0.0,0.0,0.0,0.7585448271637708,0.1814594987431499,0.1814594987431499,0.0,0.0,1.0,0,0,5762,238,0.03588868581774555,238000,39.666666666666664,0.885,0.0,WithoutGraphFeatures
0.9603333333333334,0.5,0.0,0.0,0.0,0.7585448271637708,0.1814594987431499,0.1814594987431499,0.0,0.0,1.0,0,0,5762,238,0.03588868581774555,238000,39.666666666666664,0.895,0.0,WithoutGraphFeatures
0.9603333333333334,0.5,0.0,0.0,0.0,0.7585448271637708,0.1814594987431499,0.1814594987431499,0.0,0.0,1.0,0,0,5762,238,0.03588868581774555,238000,39.666666666666664,0.905,0.0,WithoutGraphFeatures
0.9603333333333334,0.5,0.0,0.0,0.0,0.7585448271637708,0.1814594987431499,0.1814594987431499,0.0,0.0,1.0,0,0,5762,238,0.03588868581774555,238000,39.666666666666664,0.915,0.0,WithoutGraphFeatures
0.9603333333333334,0.5,0.0,0.0,0.0,0.7585448271637708,0.1814594987431499,0.1814594987431499,0.0,0.0,1.0,0,0,5762,238,0.03588868581774555,238000,39.666666666666664,0.925,0.0,WithoutGraphFeatures
0.9603333333333334,0.5,0.0,0.0,0.0,0.7585448271637708,0.1814594987431499,0.1814594987431499,0.0,0.0,1.0,0,0,5762,238,0.03588868581774555,238000,39.666666666666664,0.935,0.0,WithoutGraphFeatures
0.9603333333333334,0.5,0.0,0.0,0.0,0.7585448271637708,0.1814594987431499,0.1814594987431499,0.0,0.0,1.0,0,0,5762,238,0.03588868581774555,238000,39.666666666666664,0.9450000000000001,0.0,WithoutGraphFeatures
0.9603333333333334,0.5,0.0,0.0,0.0,0.7585448271637708,0.1814594987431499,0.1814594987431499,0.0,0.0,1.0,0,0,5762,238,0.03588868581774555,238000,39.666666666666664,0.9550000000000001,0.0,WithoutGraphFeatures
0.9603333333333334,0.5,0.0,0.0,0.0,0.7585448271637708,0.1814594987431499,0.1814594987431499,0.0,0.0,1.0,0,0,5762,238,0.03588868581774555,238000,39.666666666666664,0.965,0.0,WithoutGraphFeatures
0.9603333333333334,0.5,0.0,0.0,0.0,0.7585448271637708,0.1814594987431499,0.1814594987431499,0.0,0.0,1.0,0,0,5762,238,0.03588868581774555,238000,39.666666666666664,0.975,0.0,WithoutGraphFeatures
0.9603333333333334,0.5,0.0,0.0,0.0,0.7585448271637708,0.1814594987431499,0.1814594987431499,0.0,0.0,1.0,0,0,5762,238,0.03588868581774555,238000,39.666666666666664,0.985,0.0,WithoutGraphFeatures
0.9603333333333334,0.5,0.0,0.0,0.0,0.7585448271637708,0.1814594987431499,0.1814594987431499,0.0,0.0,1.0,0,0,5762,238,0.03588868581774555,238000,39.666666666666664,0.995,0.0,WithoutGraphFeatures
0.9603333333333334,0.5,0.0,0.0,0.0,0.7585448271637708,0.1814594987431499,0.1814594987431499,0.0,0.0,1.0,0,0,5762,238,0.03588868581774555,238000,39.666666666666664,1.000001,0.0,WithoutGraphFeatures
0.03966666666666667,0.5,0.03966666666666667,1.0,0.07630650849631292,0.7636813489713832,0.184595374599263,0.184595374599263,0.0,1.0,0.0,238,5762,0,0,0.03593811473684373,115240,19.206666666666667,0.005,1.0,WithoutSequenceFeatures
0.03966666666666667,0.5,0.03966666666666667,1.0,0.07630650849631292,0.7636813489713832,0.184595374599263,0.184595374599263,0.0,1.0,0.0,238,5762,0,0,0.03593811473684373,115240,19.206666666666667,0.006703802430621122,1.0,WithoutSequenceFeatures
0.05216666666666667,0.5065081568899688,0.040168776371308015,1.0,0.07723511276975498,0.7636813489713832,0.184595374599263,0.184595374599263,0.022865900319145215,0.9869836862200625,0.0,238,5687,75,0,0.03593811473684373,113740,18.956666666666667,0.011149964592028782,0.9875,WithoutSequenceFeatures
0.06433333333333334,0.5108286980186035,0.04051282051282051,0.9957983193277311,0.0778580814717477,0.7636813489713832,0.184595374599263,0.184595374599263,0.027074333937927075,0.9741409232905242,0.004201680672268907,237,5613,149,1,0.03593811473684373,113260,18.876666666666665,0.012406531691609076,0.975,WithoutSequenceFeatures
0.07583333333333334,0.5107740076245701,0.04051948051948052,0.9831932773109243,0.07783136537502079,0.7636813489713832,0.184595374599263,0.184595374599263,0.02213681452850942,0.9616452620617841,0.01680672268907563,234,5541,221,4,0.03593811473684373,114820,19.136666666666667,0.013301150732952554,0.9625,WithoutSequenceFeatures
0.08833333333333333,0.5172821645145389,0.04105263157894737,0.9831932773109243,0.07881441562815762,0.7636813489713832,0.184595374599263,0.184595374599263,0.030953173424005206,0.9486289482818466,0.01680672268907563,234,5466,296,4,0.03593811473684373,113320,18.886666666666667,0.014091139185372909,0.95,WithoutSequenceFeatures
0.10016666666666667,0.5194150898818396,0.041244444444444445,0.9747899159663865,0.07914037182329865,0.7636813489713832,0.184595374599263,0.184595374599263,0.03130888557282085,0.9359597362027074,0.025210084033613446,232,5393,369,6,0.03593811473684373,113860,18.976666666666667,0.014685763264449364,0.9375,WithoutSequenceFeatures
0.1065,0.5227125560394238,0.041524968677286556,0.9747899159663865,0.07965665236051502,0.7636813489713832,0.184595374599263,0.184595374599263,0.03501924281302249,0.9293648038875391,0.025210084033613446,232,5355,407,6,0.03593811473684373,113100,18.85,0.015,0.9311666666666667,WithoutSequenceFeatures
0.11266666666666666,0.5259232467718084,0.041801801801801805,0.9747899159663865,0.08016586040082932,0.7636813489713832,0.184595374599263,0.184595374599263,0.03841861874986014,0.9229434224227698,0.025210084033613446,232,5318,444,6,0.03593811473684373,112360,18.726666666666667,0.015263340429083396,0.925,WithoutSequenceFeatures
0.12516666666666668,0.5324314036617771,0.04237442922374429,0.9747899159663865,0.08121827411167512,0.7636813489713832,0.184595374599263,0.184595374599263,0.044802178648257786,0.9099271086428323,0.025210084033613446,232,5243,519,6,0.03593811473684373,110860,18.476666666666667,0.015854499815877648,0.9125,WithoutSequenceFeatures
0.13733333333333334,0.5367519447904118,0.042777777777777776,0.9705882352941176,0.08194395175594182,0.7636813489713832,0.184595374599263,0.184595374599263,0.04782036883847559,0.897084345713294,0.029411764705882353,231,5169,593,7,0.03593811473684373,110380,18.39666666666667,0.016309542356777253,0.9,WithoutSequenceFeatures
0.14983333333333335,0.5432601016803806,0.04338028169014085,0.9705882352941176,0.08304871472227217,0.7636813489713832,0.184595374599263,0.184595374599263,0.05344178365574294,0.8840680319333565,0.029411764705882353,231,5094,668,7,0.03593811473684373,108880,18.14666666666667,0.016781766098788647,0.8875,WithoutSequenceFeatures
0.16233333333333333,0.5497682585703494,0.044,0.9705882352941176,0.08418367346938777,0.7636813489713832,0.184595374599263,0.184595374599263,0.05874180164820921,0.871051718153419,0.029411764705882353,231,5019,743,7,0.03593811473684373,107380,17.89666666666667,0.017233299355982657,0.875,WithoutSequenceFeatures
0.17483333333333334,0.5562764154603181,0.04463768115942029,0.9705882352941176,0.08535008313319785,0.7636813489713832,0.184595374599263,0.184595374599263,0.06378952628232265,0.8580354043734815,0.029411764705882353,231,4944,818,7,0.03593811473684373,105880,17.64666666666667,0.017788032092313624,0.8625,WithoutSequenceFeatures
0.187,0.5605969565889528,0.045098039215686274,0.9663865546218487,0.086174597227426,0.7636813489713832,0.184595374599263,0.184595374599263,0.06624446105865468,0.8451926414439431,0.03361344537815126,230,4870,892,8,0.03593811473684373,105400,17.566666666666666,0.018240754646586674,0.85,WithoutSequenceFeatures
0.19916666666666666,0.5649174977175876,0.045572139303482584,0.9621848739495799,0.08702261067832034,0.7636813489713832,0.184595374599263,0.184595374599263,0.06869047690545428,0.8323498785144047,0.037815126050420166,229,4796,966,9,0.03593811473684373,104920,17.486666666666668,0.018627046088037367,0.8375,WithoutSequenceFeatures
0.20966666666666667,0.5582999600395521,0.04505050505050505,0.9369747899159664,0.08596761757902853,0.7636813489713832,0.184595374599263,0.184595374599263,0.05989300580556102,0.8203748698368623,0.06302521008403361,223,4727,1035,15,0.03593811473684373,109540,18.256666666666668,0.019046125253578874,0.825,WithoutSequenceFeatures
0.22183333333333333,0.5626205011681868,0.04553846153846154,0.9327731092436975,0.08683747310776453,0.7636813489713832,0.184595374599263,0.184595374599263,0.06262648961399292,0.8075321069073238,0.06722689075630252,222,4653,1109,16,0.03593811473684373,109060,18.176666666666666,0.01940881241308851,0.8125,WithoutSequenceFeatures
0.23433333333333334,0.5691286580581556,0.04625,0.9327731092436975,0.08813021040095276,0.7636813489713832,0.184595374599263,0.184595374599263,0.06746087746856377,0.7945157931273863,0.06722689075630252,222,4578,1184,16,0.03593811473684373,107560,17.926666666666666,0.019849962088931552,0.8,WithoutSequenceFeatures
0.2465,0.5734491991867903,0.04677248677248677,0.9285714285714286,0.08905903687285915,0.7636813489713832,0.184595374599263,0.184595374599263,0.07008678964812162,0.781673030197848,0.07142857142857142,221,4504,1258,17,0.03593811473684373,107080,17.846666666666668,0.02021730040321888,0.7875,WithoutSequenceFeatures
0.259,0.579957356076759,0.047526881720430104,0.9285714285714286,0.09042553191489362,0.7636813489713832,0.184595374599263,0.184595374599263,0.07474293806217357,0.7686567164179104,0.07142857142857142,221,4429,1333,17,0.03593811473684373,105580,17.596666666666668,0.020661382784931757,0.775,WithoutSequenceFeatures
0.2708333333333333,0.5820902814440597,0.04786885245901639,0.9201680672268907,0.09100353210056097,0.7636813489713832,0.184595374599263,0.184595374599263,0.07529980723539775,0.7559875043387713,0.07983193277310924,219,4356,1406,19,0.03593811473684373,106120,17.686666666666667,0.021108604312956067,0.7625,WithoutSequenceFeatures
0.2833333333333333,0.5885984383340285,0.048666666666666664,0.9201680672268907,0.09244406922752216,0.7636813489713832,0.184595374599263,0.184595374599263,0.07986919030546168,0.7429711905588338,0.07983193277310924,219,4281,1481,19,0.03593811473684373,104620,17.436666666666667,0.021572028820896486,0.75,WithoutSequenceFeatures
0.2955,0.5929189794626633,0.04926553672316384,0.9159663865546218,0.09350203731503323,0.7636813489713832,0.184595374599263,0.184595374599263,0.08243518479708177,0.7301284276292954,0.08403361344537816,218,4207,1555,20,0.03593811473684373,104140,17.356666666666666,0.02197167047086895,0.7375,WithoutSequenceFeatures
0.30733333333333335,0.595051904829964,0.0496551724137931,0.907563025210084,0.09415867480383609,0.7636813489713832,0.184595374599263,0.184595374599263,0.08309584816975064,0.7174592155501562,0.09243697478991597,216,4134,1628,22,0.03593811473684373,104680,17.446666666666665,0.022409545047844634,0.725,WithoutSequenceFeatures
0.31883333333333336,0.5949972144359306,0.04982456140350877,0.8949579831932774,0.09439397296698426,0.7636813489713832,0.184595374599263,0.184595374599263,0.08193196348332162,0.7049635543214162,0.10504201680672269,213,4062,1700,25,0.03593811473684373,106240,17.706666666666667,0.022816411043193284,0.7125,WithoutSequenceFeatures
0.3313333333333333,0.6015053713258993,0.05071428571428571,0.8949579831932774,0.09598918431726003,0.7636813489713832,0.184595374599263,0.184595374599263,0.08646358284255284,0.6919472405414786,0.10504201680672269,213,3987,1775,25,0.03593811473684373,104740,17.456666666666667,0.02326380390401828,0.7,WithoutSequenceFeatures
0.3431666666666667,0.6036382966932,0.05115151515151515,0.8865546218487395,0.09672243868897547,0.7636813489713832,0.184595374599263,0.184595374599263,0.0872796016397573,0.6792780284623394,0.1134453781512605,211,3914,1848,27,0.03593811473684373,105280,17.546666666666667,0.023628357511286505,0.6875,WithoutSequenceFeatures
0.35533333333333333,0.6079588378218347,0.05185185185185185,0.8823529411764706,0.09794776119402986,0.7636813489713832,0.184595374599263,0.184595374599263,0.08997430167250513,0.6664352655328011,0.11764705882352941,210,3840,1922,28,0.03593811473684373,104800,17.466666666666665,0.02398746702336723,0.675,WithoutSequenceFeatures
0.36716666666666664,0.6100917631891354,0.052327044025157234,0.8739495798319328,0.09874198908141468,0.7636813489713832,0.184595374599263,0.184595374599263,0.09088220348254752,0.6537660534536619,0.12605042016806722,208,3767,1995,30,0.03593811473684373,105340,17.55666666666667,0.02451353883695986,0.6625,WithoutSequenceFeatures
0.37966666666666665,0.6165999200791041,0.05333333333333334,0.8739495798319328,0.10053165780570325,0.7636813489713832,0.184595374599263,0.184595374599263,0.09542483178116362,0.6407497396737244,0.12605042016806722,208,3692,2070,30,0.03593811473684373,103840,17.30666666666667,0.02492149647755992,0.65,WithoutSequenceFeatures
0.38183333333333336,0.6177280006066987,0.05351170568561873,0.8739495798319328,0.10084848484848485,0.7636813489713832,0.184595374599263,0.184595374599263,0.09621169164512688,0.6384935786185353,0.12605042016806722,208,3679,2083,30,0.03593811473684373,103580,17.263333333333332,0.025,0.6478333333333334,WithoutSequenceFeatures
0.39216666666666666,0.6231080769690729,0.05437908496732026,0.8739495798319328,0.10238739847403396,0.7636813489713832,0.184595374599263,0.184595374599263,0.09996461510666552,0.6277334258937869,0.12605042016806722,208,3617,2145,30,0.03593811473684373,102340,17.05666666666667,0.025384834210293018,0.6375,WithoutSequenceFeatures
0.404,0.6252410023363737,0.054933333333333334,0.865546218487395,0.10330992978936811,0.7636813489713832,0.184595374599263,0.184595374599263,0.10098218022783062,0.6150642138146477,0.13445378151260504,206,3544,2218,32,0.03593811473684373,102880,17.14666666666667,0.02585643220765703,0.625,WithoutSequenceFeatures
0.4155,0.6251863119423402,0.05523809523809524,0.8529411764705882,0.10375670840787121,0.7636813489713832,0.184595374599263,0.184595374599263,0.10030481838439435,0.6025685525859077,0.14705882352941177,203,3472,2290,35,0.03593811473684373,104440,17.406666666666666,0.026390358513475685,0.6125,WithoutSequenceFeatures
0.42766666666666664,0.629506853070975,0.05611111111111111,0.8487394957983193,0.10526315789473684,0.7636813489713832,0.184595374599263,0.184595374599263,0.1031908002319121,0.5897257896563693,0.15126050420168066,202,3398,2364,36,0.03593811473684373,103960,17.326666666666668,0.026935529433985646,0.6,WithoutSequenceFeatures
0.4395,0.6316397784382757,0.05673758865248227,0.8403361344537815,0.10629816635663035,0.7636813489713832,0.184595374599263,0.184595374599263,0.10438187205785461,0.5770565775772302,0.15966386554621848,200,3325,2437,38,0.03593811473684373,104500,17.416666666666668,0.027438017817631024,0.5875,WithoutSequenceFeatures
0.45166666666666666,0.6359603195669105,0.057681159420289854,0.8361344537815126,0.1079175704989154,0.7636813489713832,0.184595374599263,0.184595374599263,0.10735879791600195,0.5642138146476918,0.1638655462184874,199,3251,2511,39,0.03593811473684373,104020,17.336666666666666,0.02797817260955962,0.575,WithoutSequenceFeatures
0.4638333333333333,0.6402808606955451,0.058666666666666666,0.8319327731092437,0.10960420703016883,0.7636813489713832,0.184595374599263,0.184595374599263,0.1103829459543272,0.5513710517181534,0.16806722689075632,198,3177,2585,40,0.03593811473684373,103540,17.256666666666668,0.028610869013850432,0.5625,WithoutSequenceFeatures
0.47633333333333333,0.6467890175855139,0.06,0.8319327731092437,0.11192764273600904,0.7636813489713832,0.184595374599263,0.184595374599263,0.11517542222846722,0.5383547379382159,0.16806722689075632,198,3102,2660,40,0.03593811473684373,102040,17.006666666666668,0.02919381067503549,0.55,WithoutSequenceFeatures
0.48883333333333334,0.6532971744754827,0.061395348837209304,0.8319327731092437,0.1143517181634421,0.7636813489713832,0.184595374599263,0.184595374599263,0.12001703630095518,0.5253384241582784,0.16806722689075632,198,3027,2735,40,0.03593811473684373,100540,16.756666666666668,0.0297375637618412,0.5375,WithoutSequenceFeatures
0.501,0.6576177156041174,0.06253968253968253,0.8277310924369747,0.11629279811097991,0.7636813489713832,0.184595374599263,0.184595374599263,0.12320616031901,0.51249566122874,0.1722689075630252,197,2953,2809,41,0.03593811473684373,100060,16.676666666666666,0.030410300432728226,0.525,WithoutSequenceFeatures
0.5135,0.6641258724940862,0.06406504065040651,0.8277310924369747,0.1189254452158165,0.7636813489713832,0.184595374599263,0.184595374599263,0.128173030764899,0.4994793474488025,0.1722689075630252,197,2878,2884,41,0.03593811473684373,98560,16.426666666666666,0.03109462934224108,0.5125,WithoutSequenceFeatures
0.5256666666666666,0.6684464136227208,0.06533333333333333,0.8235294117647058,0.12106238418777021,0.7636813489713832,0.184595374599263,0.184595374599263,0.13150601430580786,0.48663658451926417,0.17647058823529413,196,2804,2958,42,0.03593811473684373,98080,16.346666666666668,0.03169722510624684,0.5,WithoutSequenceFeatures
0.5371666666666667,0.6683917232286876,0.06598290598290599,0.8109243697478992,0.12203604173253242,0.7636813489713832,0.184595374599263,0.184595374599263,0.13150441910200733,0.4741409232905241,0.18907563025210083,193,2732,3030,45,0.03593811473684373,99640,16.606666666666666,0.03230604036928714,0.4875,WithoutSequenceFeatures
0.549,0.6705246485959881,0.06701754385964913,0.8025210084033614,0.12370466321243524,0.7636813489713832,0.184595374599263,0.184595374599263,0.13329521439093447,0.4614717112113849,0.19747899159663865,191,2659,3103,47,0.03593811473684373,100180,16.696666666666665,0.03291563001544002,0.475,WithoutSequenceFeatures
0.5611666666666667,0.6748451897246229,0.06846846846846846,0.7983193277310925,0.1261201460338533,0.7636813489713832,0.184595374599263,0.184595374599263,0.1368870727984851,0.4486289482818466,0.20168067226890757,190,2585,3177,48,0.03593811473684373,99700,16.616666666666667,0.03356651969152132,0.4625,WithoutSequenceFeatures
0.573,0.6769781150919236,0.06962962962962962,0.7899159663865546,0.12797821647379168,0.7636813489713832,0.184595374599263,0.184595374599263,0.13886276688946347,0.4359597362027074,0.21008403361344538,188,2512,3250,50,0.03593811473684373,100240,16.706666666666667,0.03424548926615839,0.45,WithoutSequenceFeatures
0.5838333333333333,0.6826185177298965,0.0713472485768501,0.7899159663865546,0.13087365123564218,0.7636813489713832,0.184595374599263,0.184595374599263,0.14363724627482366,0.42467893092676157,0.21008403361344538,188,2447,3315,50,0.03593811473684373,98940,16.49,0.034999999999999996,0.43916666666666665,WithoutSequenceFeatures
0.5855,0.6834862719818924,0.07161904761904762,0.7899159663865546,0.131330771917569,0.7636813489713832,0.184595374599263,0.184595374599263,0.14438003262252155,0.4229434224227699,0.21008403361344538,188,2437,3325,50,0.03593811473684373,98740,16.456666666666667,0.035118502882633865,0.4375,WithoutSequenceFeatures
0.5976666666666667,0.687806813110527,0.07333333333333333,0.7857142857142857,0.13414634146341464,0.7636813489713832,0.184595374599263,0.184595374599263,0.14829851650987558,0.4101006594932315,0.21428571428571427,187,2363,3399,51,0.03593811473684373,98260,16.376666666666665,0.03603485341616358,0.425,WithoutSequenceFeatures
0.6098333333333333,0.6921273542391618,0.07515151515151515,0.7815126050420168,0.13711758201253224,0.7636813489713832,0.184595374599263,0.184595374599263,0.15234462673005536,0.39725789656369315,0.2184873949579832,186,2289,3473,52,0.03593811473684373,97780,16.296666666666667,0.03678399013206887,0.4125,WithoutSequenceFeatures
0.6213333333333333,0.6920726638451284,0.07625,0.7689075630252101,0.13874147081122062,0.7636813489713832,0.184595374599263,0.184595374599263,0.15304311250611288,0.38476223533495313,0.23109243697478993,183,2217,3545,55,0.03593811473684373,99340,16.55666666666667,0.03777270797358262,0.4,WithoutSequenceFeatures
0.6338333333333334,0.6985808207350972,0.07870967741935483,0.7689075630252101,0.1428014046039797,0.7636813489713832,0.184595374599263,0.184595374599263,0.1591117499142577,0.3717459215550156,0.23109243697478993,183,2142,3620,55,0.03593811473684373,97840,16.30666666666667,0.038572422134406016,0.3875,WithoutSequenceFeatures
0.646,0.7029013618637319,0.08088888888888889,0.7647058823529411,0.1463022508038585,0.7636813489713832,0.184595374599263,0.184595374599263,0.16359995137347233,0.3589031586254773,0.23529411764705882,182,2068,3694,56,0.03593811473684373,97360,16.226666666666667,0.03959104427296522,0.375,WithoutSequenceFeatures
0.6581666666666667,0.7072219029923666,0.0832183908045977,0.7605042016806722,0.15002072109407374,0.7636813489713832,0.184595374599263,0.184595374599263,0.16826562711646184,0.3460603956959389,0.23949579831932774,181,1994,3768,57,0.03593811473684373,96880,16.14666666666667,0.040718946985676685,0.3625,WithoutSequenceFeatures
0.67,0.7093548283596673,0.08523809523809524,0.7521008403361344,0.15312232677502138,0.7636813489713832,0.184595374599263,0.184595374599263,0.17133501691289604,0.3333911836167997,0.24789915966386555,179,1921,3841,59,0.03593811473684373,97420,16.236666666666668,0.04170144207119747,0.35,WithoutSequenceFeatures
0.6815,0.7093001379656341,0.08691358024691358,0.7394957983193278,0.15554573574900574,0.7636813489713832,0.184595374599263,0.184595374599263,0.1727800261935963,0.3208955223880597,0.2605042016806723,176,1849,3913,62,0.03593811473684373,98980,16.496666666666666,0.042629706345237925,0.3375,WithoutSequenceFeatures
0.693,0.7092454475716006,0.08871794871794872,0.726890756302521,0.1581352833638026,0.7636813489713832,0.184595374599263,0.184595374599263,0.17438788155977944,0.30839986115931967,0.27310924369747897,173,1777,3985,65,0.03593811473684373,100540,16.756666666666668,0.044072082650720934,0.325,WithoutSequenceFeatures
0.7003333333333334,0.7110495013694474,0.09033613445378151,0.7226890756302521,0.16059757236227823,0.7636813489713832,0.184595374599263,0.184595374599263,0.1770011082387666,0.30059007289135714,0.2773109243697479,172,1732,4030,66,0.03593811473684373,100640,16.773333333333333,0.045,0.31733333333333336,WithoutSequenceFeatures
0.7051666666666667,0.7135659887002354,0.09173333333333333,0.7226890756302521,0.16280170373876005,0.7636813489713832,0.184595374599263,0.184595374599263,0.17985585456636002,0.2955570982297813,0.2773109243697479,172,1703,4059,66,0.03593811473684373,100060,16.676666666666666,0.04561976325761359,0.3125,WithoutSequenceFeatures
0.7166666666666667,0.713511298306202,0.09388888888888888,0.7100840336134454,0.16584887144259075,0.7636813489713832,0.184595374599263,0.184595374599263,0.18187167425502496,0.2830614370010413,0.28991596638655465,169,1631,4131,69,0.03593811473684373,101620,16.936666666666667,0.04691857967236346,0.3,WithoutSequenceFeatures
0.7285,0.7156442236735028,0.09681159420289855,0.7016806722689075,0.17014773306164033,0.7636813489713832,0.184595374599263,0.184595374599263,0.18598602879374618,0.2703922249219021,0.29831932773109243,167,1558,4204,71,0.03593811473684373,102160,17.026666666666667,0.04863007131092404,0.2875,WithoutSequenceFeatures
0.74,0.7155895332794694,0.0993939393939394,0.6890756302521008,0.17372881355932204,0.7636813489713832,0.184595374599263,0.184595374599263,0.1884717108660282,0.2578965636931621,0.31092436974789917,164,1486,4276,74,0.03593811473684373,103720,17.286666666666665,0.05015107542881624,0.275,WithoutSequenceFeatures
0.7508333333333334,0.711159611362768,0.10095238095238095,0.6680672268907563,0.17539988968560397,0.7636813489713832,0.184595374599263,0.184595374599263,0.1873350491474589,0.2457480041652204,0.3319327731092437,159,1416,4346,79,0.03593811473684373,107320,17.886666666666667,0.05188486859875567,0.2625,WithoutSequenceFeatures
0.7616666666666667,0.7067296894460665,0.10266666666666667,0.6470588235294118,0.17721518987341772,0.7636813489713832,0.184595374599263,0.184595374599263,0.18636144404607724,0.23359944463727872,0.35294117647058826,154,1346,4416,84,0.03593811473684373,110920,18.486666666666668,0.054066226873317295,0.25,WithoutSequenceFeatures
0.766,0.7009295908575162,0.10231923601637108,0.6302521008403361,0.17605633802816903,0.7636813489713832,0.184595374599263,0.184595374599263,0.18253294383777072,0.2283929191253037,0.3697478991596639,150,1316,4446,88,0.03593811473684373,114320,19.053333333333335,0.055,0.24433333333333335,WithoutSequenceFeatures
0.7721666666666667,0.7001121517680311,0.10385964912280701,0.6218487394957983,0.17799158147925437,0.7636813489713832,0.184595374599263,0.184595374599263,0.18355895714478374,0.22162443595973622,0.37815126050420167,148,1277,4485,90,0.03593811473684373,115540,19.256666666666668,0.05629380839468421,0.2375,WithoutSequenceFeatures
0.7836666666666666,0.7000574613739976,0.10740740740740741,0.6092436974789915,0.18261964735516373,0.7636813489713832,0.184595374599263,0.184595374599263,0.18701071643736725,0.20912877473099617,0.3907563025210084,145,1205,4557,93,0.03593811473684373,117100,19.516666666666666,0.05827796767783459,0.225,WithoutSequenceFeatures
0.7948333333333333,0.6978151552186302,0.11058823529411765,0.592436974789916,0.186384666226041,0.7636813489713832,0.184595374599263,0.184595374599263,0.18875943273064477,0.19680666435265534,0.40756302521008403,141,1134,4628,97,0.03593811473684373,119680,19.946666666666665,0.061376176602478474,0.2125,WithoutSequenceFeatures
0.8056666666666666,0.6933852333019288,0.11333333333333333,0.5714285714285714,0.18915159944367177,0.7636813489713832,0.184595374599263,0.184595374599263,0.18871966988041255,0.18465810482471365,0.42857142857142855,136,1064,4698,102,0.03593811473684373,123280,20.546666666666667,0.06408454798677779,0.2,WithoutSequenceFeatures
0.809,0.6951207418059205,0.1152542372881356,0.5714285714285714,0.19181946403385047,0.7636813489713832,0.184595374599263,0.184595374599263,0.19162140351372206,0.1811870878167303,0.42857142857142855,136,1044,4718,102,0.03593811473684373,122880,20.48,0.065,0.19666666666666666,WithoutSequenceFeatures
0.8178333333333333,0.6977057744305636,0.12,0.5672268907563025,0.19809244314013205,0.7636813489713832,0.184595374599263,0.184595374599263,0.19772468118304315,0.17181534189517528,0.4327731092436975,135,990,4772,103,0.03593811473684373,122800,20.466666666666665,0.06767155340036358,0.1875,WithoutSequenceFeatures
0.8293333333333334,0.6976510840365302,0.12571428571428572,0.5546218487394958,0.20496894409937894,0.7636813489713832,0.184595374599263,0.184595374599263,0.20305189773104834,0.15931968066643526,0.44537815126050423,132,918,4844,106,0.03593811473684373,124360,20.726666666666667,0.07138208875190032,0.175,WithoutSequenceFeatures
0.8401666666666666,0.6992633568526334,0.1325178389398573,0.5462184873949579,0.21328958162428224,0.7636813489713832,0.184595374599263,0.184595374599263,0.21032429504252712,0.14769177368969108,0.453781512605042,130,851,4911,108,0.03593811473684373,125020,20.836666666666666,0.07500000000000001,0.1635,WithoutSequenceFeatures
0.8408333333333333,0.6975963936424969,0.13230769230769232,0.542016806722689,0.21269579554822754,0.7636813489713832,0.184595374599263,0.184595374599263,0.2090806175732151,0.14682401943769524,0.4579831932773109,129,846,4916,109,0.03593811473684373,125920,20.986666666666668,0.07547186678415892,0.1625,WithoutSequenceFeatures
0.8516666666666667,0.6931664717257955,0.13777777777777778,0.5210084033613446,0.2179261862917399,0.7636813489713832,0.184595374599263,0.184595374599263,0.2111691664793938,0.13467545990975355,0.4789915966386555,124,776,4986,114,0.03593811473684373,129520,21.586666666666666,0.08131288389796794,0.15,WithoutSequenceFeatures
0.8585,0.6866539396043041,0.14016489988221437,0.5,0.21895124195032198,0.7636813489713832,0.184595374599263,0.184595374599263,0.20904637542266494,0.1266921207913919,0.5,119,730,5032,119,0.03593811473684373,133600,22.266666666666666,0.085,0.1415,WithoutSequenceFeatures
0.8615,0.6821737025250919,0.1406060606060606,0.48739495798319327,0.21825023518344308,0.7636813489713832,0.184595374599263,0.184595374599263,0.20649456953004544,0.12304755293300937,0.5126050420168067,116,709,5053,122,0.03593811473684373,136180,22.696666666666665,0.08736226510497637,0.1375,WithoutSequenceFeatures
0.8716666666666667,0.6733685490857224,0.14533333333333334,0.4579831932773109,0.22064777327935223,0.7636813489713832,0.184595374599263,0.184595374599263,0.20462803431299253,0.11124609510586601,0.542016806722689,109,641,5121,129,0.03593811473684373,141820,23.636666666666667,0.09367081919239079,0.125,WithoutSequenceFeatures
0.8736666666666667,0.6744098541881175,0.14769647696476965,0.4579831932773109,0.22336065573770492,0.7636813489713832,0.184595374599263,0.184595374599263,0.2072872153588468,0.10916348490107601,0.542016806722689,109,629,5133,129,0.03593811473684373,141580,23.596666666666668,0.095,0.123,WithoutSequenceFeatures
0.8835,0.6755014744530231,0.15851851851851853,0.4495798319327731,0.2343921139101862,0.7636813489713832,0.184595374599263,0.184595374599263,0.21680743837077004,0.09857688302672683,0.5504201680672269,107,568,5194,131,0.03593811473684373,142360,23.726666666666667,0.10243318071570152,0.1125,WithoutSequenceFeatures
0.8868333333333334,0.6752229180460799,0.16232771822358347,0.44537815126050423,0.23793490460157132,0.7636813489713832,0.184595374599263,0.184595374599263,0.21962629080815183,0.09493231516834433,0.5546218487394958,106,547,5215,132,0.03593811473684373,142940,23.823333333333334,0.10500000000000001,0.10883333333333334,WithoutSequenceFeatures
0.8936666666666667,0.6666963210136536,0.16666666666666666,0.42016806722689076,0.2386634844868735,0.7636813489713832,0.184595374599263,0.184595374599263,0.2168995300888,0.08677542519958348,0.5798319327731093,100,500,5262,138,0.03593811473684373,148000,24.666666666666668,0.11084828541823516,0.1,WithoutSequenceFeatures
0.8978333333333334,0.6587953820889689,0.168141592920354,0.39915966386554624,0.23661270236612705,0.7636813489713832,0.184595374599263,0.184595374599263,0.21223596076814774,0.08156889968760847,0.6008403361344538,95,470,5292,143,0.03593811473684373,152400,25.4,0.115,0.09416666666666666,WithoutSequenceFeatures
0.9038333333333334,0.6578911675742841,0.17714285714285713,0.3907563025210084,0.2437745740498034,0.7636813489713832,0.184595374599263,0.184595374599263,0.21811785793848268,0.07497396737244012,0.6092436974789915,93,432,5330,145,0.03593811473684373,153640,25.606666666666666,0.12256590062455958,0.0875,WithoutSequenceFeatures
0.9051666666666667,0.654557241154011,0.17738791423001948,0.38235294117647056,0.24234354194407456,0.7636813489713832,0.184595374599263,0.184595374599263,0.2157586894561736,0.07323845886844846,0.6176470588235294,91,422,5340,147,0.03593811473684373,155440,25.906666666666666,0.125,0.0855,WithoutSequenceFeatures
0.9098333333333334,0.64893069341586,0.18238993710691823,0.36554621848739494,0.24335664335664334,0.7636813489713832,0.184595374599263,0.184595374599263,0.21490306106744123,0.06768483165567511,0.634453781512605,87,390,5372,151,0.03593811473684373,158800,26.466666666666665,0.135,0.0795,WithoutSequenceFeatures
0.9135,0.646811622948381,0.188470066518847,0.35714285714285715,0.24673439767779387,0.7636813489713832,0.184595374599263,0.184595374599263,0.21735513632651032,0.0635196112460951,0.6428571428571429,85,366,5396,153,0.03593811473684373,160320,26.72,0.14500000000000002,0.07516666666666667,WithoutSequenceFeatures
0.9133333333333333,0.6447107826122466,0.18666666666666668,0.35294117647058826,0.2441860465116279,0.7636813489713832,0.184595374599263,0.184595374599263,0.2144634287175737,0.0635196112460951,0.6470588235294118,84,366,5396,154,0.03593811473684373,161320,26.886666666666667,0.145213250383124,0.075,WithoutSequenceFeatures
0.9195,0.6438933435227614,0.20048899755501223,0.3445378151260504,0.25347758887171556,0.7636813489713832,0.184595374599263,0.184595374599263,0.2228637352156997,0.056751128080527596,0.6554621848739496,82,327,5435,156,0.03593811473684373,162540,27.09,0.155,0.06816666666666667,WithoutSequenceFeatures
0.9228333333333333,0.6436147871158182,0.20930232558139536,0.3403361344537815,0.25920000000000004,0.7636813489713832,0.184595374599263,0.184595374599263,0.2282187153263431,0.05310656022214509,0.6596638655462185,81,306,5456,157,0.03593811473684373,163120,27.186666666666667,0.165,0.0645,WithoutSequenceFeatures
0.9248333333333333,0.6446560922182132,0.216,0.3403361344537815,0.26427406199021214,0.7636813489713832,0.184595374599263,0.184595374599263,0.2332732460284821,0.05102395001735509,0.6596638655462185,81,294,5468,157,0.03593811473684373,162880,27.14666666666667,0.1686449933659263,0.0625,WithoutSequenceFeatures
0.9265,0.6435097815592742,0.22038567493112948,0.33613445378151263,0.2662229617304493,0.7636813489713832,0.184595374599263,0.184595374599263,0.234968299922287,0.04911489066296425,0.6638655462184874,80,283,5479,158,0.03593811473684373,163660,27.276666666666667,0.17500000000000002,0.0605,WithoutSequenceFeatures
0.9291666666666667,0.636841928718728,0.22418879056047197,0.31932773109243695,0.26343154246100514,0.7636813489713832,0.184595374599263,0.184595374599263,0.2313544521113027,0.04564387365498091,0.680672268907563,76,263,5499,162,0.03593811473684373,167260,27.876666666666665,0.185,0.0565,WithoutSequenceFeatures
0.9318333333333333,0.6342022057000516,0.23197492163009403,0.31092436974789917,0.26570915619389585,0.7636813489713832,0.184595374599263,0.184595374599263,0.23348394293398056,0.04251995834779591,0.6890756302521008,74,245,5517,164,0.03593811473684373,168900,28.15,0.195,0.05316666666666667,WithoutSequenceFeatures
0.9335,0.6270137003083079,0.23255813953488372,0.29411764705882354,0.2597402597402597,0.7636813489713832,0.184595374599263,0.184595374599263,0.22712926392427885,0.040090246442207565,0.7058823529411765,70,231,5531,168,0.03593811473684373,172620,28.77,0.20500000000000002,0.050166666666666665,WithoutSequenceFeatures
0.9336666666666666,0.6271004757335076,0.23333333333333334,0.29411764705882354,0.26022304832713755,0.7636813489713832,0.184595374599263,0.184595374599263,0.22764295897907624,0.0399166955918084,0.7058823529411765,70,230,5532,168,0.03593811473684373,172600,28.766666666666666,0.20506897653177106,0.05,WithoutSequenceFeatures
0.9358333333333333,0.6201722966173626,0.23655913978494625,0.2773109243697479,0.2553191489361702,0.7636813489713832,0.184595374599263,0.184595374599263,0.2227775311434533,0.03696633113502256,0.7226890756302521,66,213,5549,172,0.03593811473684373,176260,29.376666666666665,0.215,0.0465,WithoutSequenceFeatures
0.9376666666666666,0.6170986964726883,0.24242424242424243,0.2689075630252101,0.2549800796812749,0.7636813489713832,0.184595374599263,0.184595374599263,0.222869493967589,0.03471017007983339,0.7310924369747899,64,200,5562,174,0.03593811473684373,178000,29.666666666666668,0.225,0.044,WithoutSequenceFeatures
0.9408333333333333,0.6167333646405455,0.25925925925925924,0.2647058823529412,0.2619542619542619,0.7636813489713832,0.184595374599263,0.184595374599263,0.23115263747200337,0.031239153071850052,0.7352941176470589,63,180,5582,175,0.03593811473684373,178600,29.766666666666666,0.23500000000000001,0.0405,WithoutSequenceFeatures
0.9431666666666667,0.6139200907714699,0.27111111111111114,0.25630252100840334,0.2634989200863931,0.7636813489713832,0.184595374599263,0.184595374599263,0.23406591199434074,0.02846233946546338,0.7436974789915967,61,164,5598,177,0.03593811473684373,180280,30.046666666666667,0.24316626318489798,0.0375,WithoutSequenceFeatures
0.9435,0.6140936416218692,0.273542600896861,0.25630252100840334,0.26464208242950105,0.7636813489713832,0.184595374599263,0.184595374599263,0.23543061004503835,0.028115237764665048,0.7436974789915967,61,162,5600,177,0.03593811473684373,180240,30.04,0.245,0.03716666666666667,WithoutSequenceFeatures
0.9458333333333333,0.6153084975746633,0.291866028708134,0.25630252100840334,0.2729306487695749,0.7636813489713832,0.184595374599263,0.184595374599263,0.24548021169089146,0.02568552585907671,0.7436974789915967,61,148,5614,177,0.03593811473684373,179960,29.993333333333332,0.255,0.034833333333333334,WithoutSequenceFeatures
0.948,0.6103943833694533,0.30526315789473685,0.24369747899159663,0.2710280373831776,0.7636813489713832,0.184595374599263,0.184595374599263,0.2460861730359439,0.022908712252690037,0.7563025210084033,58,132,5630,180,0.03593811473684373,182640,30.44,0.265,0.03166666666666667,WithoutSequenceFeatures
0.9488333333333333,0.6068001306735815,0.30939226519337015,0.23529411764705882,0.26730310262529833,0.7636813489713832,0.184595374599263,0.184595374599263,0.24373248656757038,0.02169385629989587,0.7647058823529411,56,125,5637,182,0.03593811473684373,184500,30.75,0.275,0.030166666666666668,WithoutSequenceFeatures
0.9495,0.6011050376415752,0.30994152046783624,0.22268907563025211,0.25916870415647925,0.7636813489713832,0.184595374599263,0.184595374599263,0.23718259345808412,0.020479000347101702,0.7773109243697479,53,118,5644,185,0.03593811473684373,187360,31.226666666666667,0.28500000000000003,0.0285,WithoutSequenceFeatures
0.9501666666666667,0.5994380744314387,0.3151515151515151,0.2184873949579832,0.25806451612903225,0.7636813489713832,0.184595374599263,0.184595374599263,0.23735337129592735,0.019611246095105866,0.7815126050420168,52,113,5649,186,0.03593811473684373,188260,31.376666666666665,0.295,0.0275,WithoutSequenceFeatures
0.9515,0.5981182129221004,0.32903225806451614,0.21428571428571427,0.2595419847328244,0.7636813489713832,0.184595374599263,0.184595374599263,0.24143299612593988,0.018049288441513364,0.7857142857142857,51,104,5658,187,0.03593811473684373,189080,31.513333333333332,0.305,0.025833333333333333,WithoutSequenceFeatures
0.952,0.5963644742867643,0.3333333333333333,0.21008403361344538,0.2577319587628866,0.7636813489713832,0.184595374599263,0.184595374599263,0.24093422423549246,0.017355085039916694,0.7899159663865546,50,100,5662,188,0.03593811473684373,190000,31.666666666666668,0.3099714827025987,0.025,WithoutSequenceFeatures
0.9533333333333334,0.597058677688361,0.352112676056338,0.21008403361344538,0.2631578947368421,0.7636813489713832,0.184595374599263,0.184595374599263,0.24924164879782695,0.01596667823672336,0.7899159663865546,50,92,5670,188,0.03593811473684373,189840,31.64,0.315,0.023666666666666666,WithoutSequenceFeatures
0.9531666666666667,0.5909297075303568,0.34306569343065696,0.19747899159663865,0.25066666666666665,0.7636813489713832,0.184595374599263,0.184595374599263,0.2376241983305254,0.015619576535925026,0.8025210084033614,47,90,5672,191,0.03593811473684373,192800,32.13333333333333,0.325,0.022833333333333334,WithoutSequenceFeatures
0.9536666666666667,0.5871619039840859,0.34615384615384615,0.18907563025210083,0.24456521739130432,0.7636813489713832,0.184595374599263,0.184595374599263,0.23369051350852985,0.01475182228392919,0.8109243697478992,45,85,5677,193,0.03593811473684373,194700,32.45,0.335,0.021666666666666667,WithoutSequenceFeatures
0.9538333333333333,0.5771783548546111,0.33613445378151263,0.16806722689075632,0.22408963585434177,0.7636813489713832,0.184595374599263,0.184595374599263,0.21607352031917348,0.013710517181534189,0.8319327731092437,40,79,5683,198,0.03593811473684373,199580,33.263333333333335,0.34500000000000003,0.019833333333333335,WithoutSequenceFeatures
0.9545,0.5694691969116699,0.3364485981308411,0.15126050420168066,0.20869565217391306,0.7636813489713832,0.184595374599263,0.184595374599263,0.204897788063848,0.012322110378340854,0.8487394957983193,36,71,5691,202,0.03593811473684373,203420,33.903333333333336,0.35500000000000004,0.017833333333333333,WithoutSequenceFeatures
0.9548333333333333,0.569642747762069,0.34285714285714286,0.15126050420168066,0.20991253644314867,0.7636813489713832,0.184595374599263,0.184595374599263,0.20732154891783308,0.01197500867754252,0.8487394957983193,36,69,5693,202,0.03593811473684373,203380,33.89666666666667,0.365,0.0175,WithoutSequenceFeatures
0.9546666666666667,0.56149971269313,0.32653061224489793,0.13445378151260504,0.19047619047619047,0.7636813489713832,0.184595374599263,0.184595374599263,0.1893937083358155,0.011454356126345018,0.865546218487395,32,66,5696,206,0.03593811473684373,207320,34.553333333333335,0.375,0.01633333333333333,WithoutSequenceFeatures
0.9548333333333333,0.5575583582964598,0.3225806451612903,0.12605042016806722,0.18126888217522658,0.7636813489713832,0.184595374599263,0.184595374599263,0.18188150525220953,0.010933703575147518,0.8739495798319328,30,63,5699,208,0.03593811473684373,209260,34.876666666666665,0.385,0.0155,WithoutSequenceFeatures
0.9553333333333334,0.5578186845720585,0.3333333333333333,0.12605042016806722,0.18292682926829268,0.7636813489713832,0.184595374599263,0.184595374599263,0.18567708648440115,0.010413051023950017,0.8739495798319328,30,60,5702,208,0.03593811473684373,209200,34.86666666666667,0.395,0.015,WithoutSequenceFeatures
0.956,0.556151721361922,0.34523809523809523,0.12184873949579832,0.18012422360248445,0.7636813489713832,0.184595374599263,0.184595374599263,0.18655824595685291,0.009545296771954183,0.8781512605042017,29,55,5707,209,0.03593811473684373,210100,35.016666666666666,0.405,0.014,WithoutSequenceFeatures
0.9566666666666667,0.5544847581517856,0.358974358974359,0.11764705882352941,0.17721518987341775,0.7636813489713832,0.184595374599263,0.184595374599263,0.18775807577308865,0.008677542519958347,0.8823529411764706,28,50,5712,210,0.03593811473684373,211000,35.166666666666664,0.41500000000000004,0.013,WithoutSequenceFeatures
0.9571666666666667,0.5547450844273842,0.37333333333333335,0.11764705882352941,0.17891373801916935,0.7636813489713832,0.184595374599263,0.184595374599263,0.19234257327280974,0.008156889968760846,0.8823529411764706,28,47,5715,210,0.03593811473684373,210940,35.156666666666666,0.4176867342955726,0.0125,WithoutSequenceFeatures
0.9575,0.5529045703668486,0.38028169014084506,0.1134453781512605,0.17475728155339806,0.7636813489713832,0.184595374599263,0.184595374599263,0.19097582442122282,0.0076362374175633465,0.8865546218487395,27,44,5718,211,0.03593811473684373,211880,35.31333333333333,0.425,0.011833333333333333,WithoutSequenceFeatures
0.958,0.5531648966424473,0.39705882352941174,0.1134453781512605,0.1764705882352941,0.7636813489713832,0.184595374599263,0.184595374599263,0.19605370210074832,0.007115584866365845,0.8865546218487395,27,41,5721,211,0.03593811473684373,211820,35.303333333333335,0.435,0.011333333333333334,WithoutSequenceFeatures
0.9586666666666667,0.5514979334323108,0.41935483870967744,0.1092436974789916,0.17333333333333334,0.7636813489713832,0.184595374599263,0.184595374599263,0.1987828721592318,0.006247830614370011,0.8907563025210085,26,36,5726,212,0.03593811473684373,212720,35.45333333333333,0.445,0.010333333333333333,WithoutSequenceFeatures
0.9585,0.5453689632743066,0.40350877192982454,0.09663865546218488,0.1559322033898305,0.7636813489713832,0.184595374599263,0.184595374599263,0.18256758195661496,0.005900728913571677,0.9033613445378151,23,34,5728,215,0.03593811473684373,215680,35.946666666666665,0.455,0.0095,WithoutSequenceFeatures
0.9588333333333333,0.5435284492137709,0.41509433962264153,0.09243697478991597,0.1512027491408935,0.7636813489713832,0.184595374599263,0.184595374599263,0.18158977560170395,0.005380076362374176,0.907563025210084,22,31,5731,216,0.03593811473684373,216620,36.10333333333333,0.465,0.008833333333333334,WithoutSequenceFeatures
0.959,0.5375730299061658,0.41304347826086957,0.07983193277310924,0.13380281690140844,0.7636813489713832,0.184595374599263,0.184595374599263,0.16815043236298444,0.004685872960777508,0.9201680672268907,19,27,5735,219,0.03593811473684373,219540,36.59,0.47500000000000003,0.007666666666666666,WithoutSequenceFeatures
0.9588333333333333,0.5314440597481617,0.3902439024390244,0.06722689075630252,0.11469534050179211,0.7636813489713832,0.184595374599263,0.184595374599263,0.1489927351787295,0.0043387712599791736,0.9327731092436975,16,25,5737,222,0.03593811473684373,222500,37.083333333333336,0.485,0.006833333333333334,WithoutSequenceFeatures
0.9593333333333334,0.5296903211128255,0.4166666666666667,0.06302521008403361,0.1094890510948905,0.7636813489713832,0.184595374599263,0.184595374599263,0.1500720890456772,0.003644567858382506,0.9369747899159664,15,21,5741,223,0.03593811473684373,223420,37.236666666666665,0.495,0.006,WithoutSequenceFeatures
0.9593333333333334,0.5276762562018906,0.4117647058823529,0.058823529411764705,0.10294117647058823,0.7636813489713832,0.184595374599263,0.184595374599263,0.14392338352849865,0.003471017007983339,0.9411764705882353,14,20,5742,224,0.03593811473684373,224400,37.4,0.505,0.005666666666666667,WithoutSequenceFeatures
0.9586666666666667,0.517258829946418,0.32142857142857145,0.037815126050420166,0.06766917293233082,0.7636813489713832,0.184595374599263,0.184595374599263,0.09885019618254316,0.003297466157584172,0.9621848739495799,9,19,5743,229,0.03593811473684373,229380,38.23,0.515,0.004666666666666667,WithoutSequenceFeatures
0.9588333333333333,0.5173456053716176,0.3333333333333333,0.037815126050420166,0.06792452830188679,0.7636813489713832,0.184595374599263,0.184595374599263,0.10116177088751298,0.0031239153071850054,0.9621848739495799,9,18,5744,229,0.03593811473684373,229360,38.22666666666667,0.525,0.0045,WithoutSequenceFeatures
0.9591666666666666,0.513491026400147,0.3333333333333333,0.029411764705882353,0.05405405405405406,0.7636813489713832,0.184595374599263,0.184595374599263,0.08917151992405323,0.0024297119055883376,0.9705882352941176,7,14,5748,231,0.03593811473684373,231280,38.54666666666667,0.535,0.0035,WithoutSequenceFeatures
0.959,0.5113901860640125,0.3,0.025210084033613446,0.046511627906976744,0.7636813489713832,0.184595374599263,0.184595374599263,0.07713834731236346,0.0024297119055883376,0.9747899159663865,6,14,5748,232,0.03593811473684373,232280,38.71333333333333,0.545,0.0033333333333333335,WithoutSequenceFeatures
0.9593333333333334,0.5095496720034769,0.3125,0.02100840336134454,0.03937007874015749,0.7636813489713832,0.184595374599263,0.184595374599263,0.07228326693206985,0.0019090593543908366,0.9789915966386554,5,11,5751,233,0.03593811473684373,233220,38.87,0.555,0.0026666666666666666,WithoutSequenceFeatures
0.9591666666666666,0.5074488316673424,0.26666666666666666,0.01680672268907563,0.03162055335968379,0.7636813489713832,0.184595374599263,0.184595374599263,0.058225812059157396,0.0019090593543908366,0.9831932773109243,4,11,5751,234,0.03593811473684373,234220,39.03666666666667,0.5650000000000001,0.0025,WithoutSequenceFeatures
0.9595,0.5056083176068067,0.2727272727272727,0.012605042016806723,0.024096385542168676,0.7636813489713832,0.184595374599263,0.184595374599263,0.05117574838163002,0.0013884068031933356,0.9873949579831933,3,8,5754,235,0.03593811473684373,235160,39.193333333333335,0.5750000000000001,0.0018333333333333333,WithoutSequenceFeatures
0.9598333333333333,0.5057818684572059,0.3333333333333333,0.012605042016806723,0.024291497975708502,0.7636813489713832,0.184595374599263,0.184595374599263,0.05831796937646121,0.0010413051023950017,0.9873949579831933,3,6,5756,235,0.03593811473684373,235120,39.18666666666667,0.585,0.0015,WithoutSequenceFeatures
0.96,0.5038545789714706,0.3333333333333333,0.008403361344537815,0.016393442622950817,0.7636813489713832,0.184595374599263,0.184595374599263,0.04760450508948916,0.0006942034015966678,0.9915966386554622,2,4,5758,236,0.03593811473684373,236080,39.346666666666664,0.595,0.001,WithoutSequenceFeatures
0.96,0.5038545789714706,0.3333333333333333,0.008403361344537815,0.016393442622950817,0.7636813489713832,0.184595374599263,0.184595374599263,0.04760450508948916,0.0006942034015966678,0.9915966386554622,2,4,5758,236,0.03593811473684373,236080,39.346666666666664,0.605,0.001,WithoutSequenceFeatures
0.9601666666666666,0.5039413543966702,0.4,0.008403361344537815,0.016460905349794237,0.7636813489713832,0.184595374599263,0.184595374599263,0.05331764915697848,0.0005206525511975009,0.9915966386554622,2,3,5759,236,0.03593811473684373,236060,39.343333333333334,0.615,0.0008333333333333334,WithoutSequenceFeatures
0.9601666666666666,0.5039413543966702,0.4,0.008403361344537815,0.016460905349794237,0.7636813489713832,0.184595374599263,0.184595374599263,0.05331764915697848,0.0005206525511975009,0.9915966386554622,2,3,5759,236,0.03593811473684373,236060,39.343333333333334,0.625,0.0008333333333333334,WithoutSequenceFeatures
0.9603333333333334,0.5040281298218697,0.5,0.008403361344537815,0.01652892561983471,0.7636813489713832,0.184595374599263,0.184595374599263,0.06091829677463652,0.0003471017007983339,0.9915966386554622,2,2,5760,236,0.03593811473684373,236040,39.34,0.635,0.0006666666666666666,WithoutSequenceFeatures
0.9605,0.5041149052470694,0.6666666666666666,0.008403361344537815,0.016597510373443983,0.7636813489713832,0.184595374599263,0.184595374599263,0.07185173982641599,0.00017355085039916696,0.9915966386554622,2,1,5761,236,0.03593811473684373,236020,39.336666666666666,0.645,0.0005,WithoutSequenceFeatures
0.9605,0.5041149052470694,0.6666666666666666,0.008403361344537815,0.016597510373443983,0.7636813489713832,0.184595374599263,0.184595374599263,0.07185173982641599,0.00017355085039916696,0.9915966386554622,2,1,5761,236,0.03593811473684373,236020,39.336666666666666,0.655,0.0005,WithoutSequenceFeatures
0.9605,0.5041149052470694,0.6666666666666666,0.008403361344537815,0.016597510373443983,0.7636813489713832,0.184595374599263,0.184595374599263,0.07185173982641599,0.00017355085039916696,0.9915966386554622,2,1,5761,236,0.03593811473684373,236020,39.336666666666666,0.665,0.0005,WithoutSequenceFeatures
0.9605,0.5021008403361344,1.0,0.004201680672268907,0.008368200836820083,0.7636813489713832,0.184595374599263,0.184595374599263,0.06352705423706434,0.0,0.9957983193277311,1,0,5762,237,0.03593811473684373,237000,39.5,0.675,0.00016666666666666666,WithoutSequenceFeatures
0.9605,0.5021008403361344,1.0,0.004201680672268907,0.008368200836820083,0.7636813489713832,0.184595374599263,0.184595374599263,0.06352705423706434,0.0,0.9957983193277311,1,0,5762,237,0.03593811473684373,237000,39.5,0.680622010191965,0.00016666666666666666,WithoutSequenceFeatures
0.9603333333333334,0.5,0.0,0.0,0.0,0.7636813489713832,0.184595374599263,0.184595374599263,0.0,0.0,1.0,0,0,5762,238,0.03593811473684373,238000,39.666666666666664,0.685,0.0,WithoutSequenceFeatures
0.9603333333333334,0.5,0.0,0.0,0.0,0.7636813489713832,0.184595374599263,0.184595374599263,0.0,0.0,1.0,0,0,5762,238,0.03593811473684373,238000,39.666666666666664,0.6950000000000001,0.0,WithoutSequenceFeatures
0.9603333333333334,0.5,0.0,0.0,0.0,0.7636813489713832,0.184595374599263,0.184595374599263,0.0,0.0,1.0,0,0,5762,238,0.03593811473684373,238000,39.666666666666664,0.7050000000000001,0.0,WithoutSequenceFeatures
0.9603333333333334,0.5,0.0,0.0,0.0,0.7636813489713832,0.184595374599263,0.184595374599263,0.0,0.0,1.0,0,0,5762,238,0.03593811473684373,238000,39.666666666666664,0.715,0.0,WithoutSequenceFeatures
0.9603333333333334,0.5,0.0,0.0,0.0,0.7636813489713832,0.184595374599263,0.184595374599263,0.0,0.0,1.0,0,0,5762,238,0.03593811473684373,238000,39.666666666666664,0.725,0.0,WithoutSequenceFeatures
0.9603333333333334,0.5,0.0,0.0,0.0,0.7636813489713832,0.184595374599263,0.184595374599263,0.0,0.0,1.0,0,0,5762,238,0.03593811473684373,238000,39.666666666666664,0.735,0.0,WithoutSequenceFeatures
0.9603333333333334,0.5,0.0,0.0,0.0,0.7636813489713832,0.184595374599263,0.184595374599263,0.0,0.0,1.0,0,0,5762,238,0.03593811473684373,238000,39.666666666666664,0.745,0.0,WithoutSequenceFeatures
0.9603333333333334,0.5,0.0,0.0,0.0,0.7636813489713832,0.184595374599263,0.184595374599263,0.0,0.0,1.0,0,0,5762,238,0.03593811473684373,238000,39.666666666666664,0.755,0.0,WithoutSequenceFeatures
0.9603333333333334,0.5,0.0,0.0,0.0,0.7636813489713832,0.184595374599263,0.184595374599263,0.0,0.0,1.0,0,0,5762,238,0.03593811473684373,238000,39.666666666666664,0.765,0.0,WithoutSequenceFeatures
0.9603333333333334,0.5,0.0,0.0,0.0,0.7636813489713832,0.184595374599263,0.184595374599263,0.0,0.0,1.0,0,0,5762,238,0.03593811473684373,238000,39.666666666666664,0.775,0.0,WithoutSequenceFeatures
0.9603333333333334,0.5,0.0,0.0,0.0,0.7636813489713832,0.184595374599263,0.184595374599263,0.0,0.0,1.0,0,0,5762,238,0.03593811473684373,238000,39.666666666666664,0.785,0.0,WithoutSequenceFeatures
0.9603333333333334,0.5,0.0,0.0,0.0,0.7636813489713832,0.184595374599263,0.184595374599263,0.0,0.0,1.0,0,0,5762,238,0.03593811473684373,238000,39.666666666666664,0.795,0.0,WithoutSequenceFeatures
0.9603333333333334,0.5,0.0,0.0,0.0,0.7636813489713832,0.184595374599263,0.184595374599263,0.0,0.0,1.0,0,0,5762,238,0.03593811473684373,238000,39.666666666666664,0.805,0.0,WithoutSequenceFeatures
0.9603333333333334,0.5,0.0,0.0,0.0,0.7636813489713832,0.184595374599263,0.184595374599263,0.0,0.0,1.0,0,0,5762,238,0.03593811473684373,238000,39.666666666666664,0.8150000000000001,0.0,WithoutSequenceFeatures
0.9603333333333334,0.5,0.0,0.0,0.0,0.7636813489713832,0.184595374599263,0.184595374599263,0.0,0.0,1.0,0,0,5762,238,0.03593811473684373,238000,39.666666666666664,0.8250000000000001,0.0,WithoutSequenceFeatures
0.9603333333333334,0.5,0.0,0.0,0.0,0.7636813489713832,0.184595374599263,0.184595374599263,0.0,0.0,1.0,0,0,5762,238,0.03593811473684373,238000,39.666666666666664,0.8350000000000001,0.0,WithoutSequenceFeatures
0.9603333333333334,0.5,0.0,0.0,0.0,0.7636813489713832,0.184595374599263,0.184595374599263,0.0,0.0,1.0,0,0,5762,238,0.03593811473684373,238000,39.666666666666664,0.845,0.0,WithoutSequenceFeatures
0.9603333333333334,0.5,0.0,0.0,0.0,0.7636813489713832,0.184595374599263,0.184595374599263,0.0,0.0,1.0,0,0,5762,238,0.03593811473684373,238000,39.666666666666664,0.855,0.0,WithoutSequenceFeatures
0.9603333333333334,0.5,0.0,0.0,0.0,0.7636813489713832,0.184595374599263,0.184595374599263,0.0,0.0,1.0,0,0,5762,238,0.03593811473684373,238000,39.666666666666664,0.865,0.0,WithoutSequenceFeatures
0.9603333333333334,0.5,0.0,0.0,0.0,0.7636813489713832,0.184595374599263,0.184595374599263,0.0,0.0,1.0,0,0,5762,238,0.03593811473684373,238000,39.666666666666664,0.875,0.0,WithoutSequenceFeatures
0.9603333333333334,0.5,0.0,0.0,0.0,0.7636813489713832,0.184595374599263,0.184595374599263,0.0,0.0,1.0,0,0,5762,238,0.03593811473684373,238000,39.666666666666664,0.885,0.0,WithoutSequenceFeatures
0.9603333333333334,0.5,0.0,0.0,0.0,0.7636813489713832,0.184595374599263,0.184595374599263,0.0,0.0,1.0,0,0,5762,238,0.03593811473684373,238000,39.666666666666664,0.895,0.0,WithoutSequenceFeatures
0.9603333333333334,0.5,0.0,0.0,0.0,0.7636813489713832,0.184595374599263,0.184595374599263,0.0,0.0,1.0,0,0,5762,238,0.03593811473684373,238000,39.666666666666664,0.905,0.0,WithoutSequenceFeatures
0.9603333333333334,0.5,0.0,0.0,0.0,0.7636813489713832,0.184595374599263,0.184595374599263,0.0,0.0,1.0,0,0,5762,238,0.03593811473684373,238000,39.666666666666664,0.915,0.0,WithoutSequenceFeatures
0.9603333333333334,0.5,0.0,0.0,0.0,0.7636813489713832,0.184595374599263,0.184595374599263,0.0,0.0,1.0,0,0,5762,238,0.03593811473684373,238000,39.666666666666664,0.925,0.0,WithoutSequenceFeatures
0.9603333333333334,0.5,0.0,0.0,0.0,0.7636813489713832,0.184595374599263,0.184595374599263,0.0,0.0,1.0,0,0,5762,238,0.03593811473684373,238000,39.666666666666664,0.935,0.0,WithoutSequenceFeatures
0.9603333333333334,0.5,0.0,0.0,0.0,0.7636813489713832,0.184595374599263,0.184595374599263,0.0,0.0,1.0,0,0,5762,238,0.03593811473684373,238000,39.666666666666664,0.9450000000000001,0.0,WithoutSequenceFeatures
0.9603333333333334,0.5,0.0,0.0,0.0,0.7636813489713832,0.184595374599263,0.184595374599263,0.0,0.0,1.0,0,0,5762,238,0.03593811473684373,238000,39.666666666666664,0.9550000000000001,0.0,WithoutSequenceFeatures
0.9603333333333334,0.5,0.0,0.0,0.0,0.7636813489713832,0.184595374599263,0.184595374599263,0.0,0.0,1.0,0,0,5762,238,0.03593811473684373,238000,39.666666666666664,0.965,0.0,WithoutSequenceFeatures
0.9603333333333334,0.5,0.0,0.0,0.0,0.7636813489713832,0.184595374599263,0.184595374599263,0.0,0.0,1.0,0,0,5762,238,0.03593811473684373,238000,39.666666666666664,0.975,0.0,WithoutSequenceFeatures
0.9603333333333334,0.5,0.0,0.0,0.0,0.7636813489713832,0.184595374599263,0.184595374599263,0.0,0.0,1.0,0,0,5762,238,0.03593811473684373,238000,39.666666666666664,0.985,0.0,WithoutSequenceFeatures
0.9603333333333334,0.5,0.0,0.0,0.0,0.7636813489713832,0.184595374599263,0.184595374599263,0.0,0.0,1.0,0,0,5762,238,0.03593811473684373,238000,39.666666666666664,0.995,0.0,WithoutSequenceFeatures
0.9603333333333334,0.5,0.0,0.0,0.0,0.7636813489713832,0.184595374599263,0.184595374599263,0.0,0.0,1.0,0,0,5762,238,0.03593811473684373,238000,39.666666666666664,1.000001,0.0,WithoutSequenceFeatures
