accuracy,balanced_accuracy,precision,recall,f1,roc_auc,pr_auc,average_precision,mcc,false_positive_rate,false_negative_rate,true_positive,false_positive,true_negative,false_negative,brier_score,expected_business_cost,cost_per_transaction,threshold,review_volume,model
0.051,0.5,0.051,1.0,0.09705042816365367,0.7452013471352714,0.25273040196378876,0.25273040196378876,0.0,1.0,0.0,153,2847,0,0,0.04398501664400101,56940,18.98,0.005,1.0,LogisticRegression
0.051,0.5,0.051,1.0,0.09705042816365367,0.7452013471352714,0.25273040196378876,0.25273040196378876,0.0,1.0,0.0,153,2847,0,0,0.04398501664400101,56940,18.98,0.0053730192594230175,1.0,LogisticRegression
0.06233333333333333,0.49978649696619076,0.05097906819716408,0.9869281045751634,0.0969502407704655,0.7452013471352714,0.25273040196378876,0.25273040196378876,-0.0008400191171288995,0.9873551106427819,0.013071895424836602,151,2811,36,2,0.04398501664400101,58220,19.406666666666666,0.011491336463950575,0.9873333333333333,LogisticRegression
0.074,0.5028409677885907,0.05128205128205128,0.9803921568627451,0.09746588693957114,0.7452013471352714,0.25273040196378876,0.25273040196378876,0.0080064904023593,0.9747102212855637,0.0196078431372549,150,2775,72,3,0.04398501664400101,58500,19.5,0.01280424881260842,0.975,LogisticRegression
0.086,0.5060710620742853,0.0516106685140284,0.9738562091503268,0.09802631578947368,0.7452013471352714,0.25273040196378876,0.25273040196378876,0.014030446896441876,0.9617140850017563,0.026143790849673203,149,2738,109,4,0.04398501664400101,58760,19.586666666666666,0.013816145935561509,0.9623333333333334,LogisticRegression
0.09833333333333333,0.512569130216189,0.05228070175438596,0.9738562091503268,0.09923409923409923,0.7452013471352714,0.25273040196378876,0.25273040196378876,0.025375032704592872,0.9487179487179487,0.026143790849673203,149,2701,146,4,0.04398501664400101,58020,19.34,0.014735511131584646,0.95,LogisticRegression
0.10266666666666667,0.5148522352390201,0.05252026788861473,0.9738562091503268,0.09966555183946489,0.7452013471352714,0.25273040196378876,0.25273040196378876,0.028829545369036192,0.9441517386722866,0.026143790849673203,149,2688,159,4,0.04398501664400101,57760,19.253333333333334,0.015,0.9456666666666667,LogisticRegression
0.11033333333333334,0.5157992245018836,0.05263157894736842,0.9673202614379085,0.09983136593591904,0.7452013471352714,0.25273040196378876,0.25273040196378876,0.02868260764541965,0.9357218124341412,0.032679738562091505,148,2664,183,5,0.04398501664400101,58280,19.426666666666666,0.015322734019719064,0.9373333333333334,LogisticRegression
0.12133333333333333,0.5154100980047798,0.05261261261261261,0.954248366013072,0.09972677595628415,0.7452013471352714,0.25273040196378876,0.25273040196378876,0.025742581276478715,0.9234281700035125,0.0457516339869281,146,2629,218,7,0.04398501664400101,59580,19.86,0.01587979942560196,0.925,LogisticRegression
0.13333333333333333,0.5186401922904743,0.052977712824260136,0.9477124183006536,0.10034602076124567,0.7452013471352714,0.25273040196378876,0.25273040196378876,0.029000438179282807,0.9104320337197049,0.05228758169934641,145,2592,255,8,0.04398501664400101,59840,19.946666666666665,0.016633777250535785,0.9123333333333333,LogisticRegression
0.14566666666666667,0.5251382604323781,0.053703703703703705,0.9477124183006536,0.10164738871363477,0.7452013471352714,0.25273040196378876,0.25273040196378876,0.0368690677494533,0.8974358974358975,0.05228758169934641,145,2555,292,8,0.04398501664400101,59100,19.7,0.0170963816344738,0.9,LogisticRegression
0.15633333333333332,0.521481160079065,0.05334335086401202,0.9281045751633987,0.10088809946714032,0.7452013471352714,0.25273040196378876,0.25273040196378876,0.029892676379785443,0.8851422550052687,0.0718954248366013,142,2520,327,11,0.04398501664400101,61400,20.466666666666665,0.0175990869756788,0.8873333333333333,LogisticRegression
0.168,0.5245356309014648,0.053714285714285714,0.9215686274509803,0.10151187904967603,0.7452013471352714,0.25273040196378876,0.25273040196378876,0.03264272352530244,0.8724973656480506,0.0784313725490196,141,2484,363,12,0.04398501664400101,61680,20.56,0.01805899105966091,0.875,LogisticRegression
0.18066666666666667,0.5312093225066633,0.05450328565906455,0.9215686274509803,0.10291970802919707,0.7452013471352714,0.25273040196378876,0.25273040196378876,0.03985479187440053,0.8591499824376537,0.0784313725490196,141,2446,401,12,0.04398501664400101,60920,20.30666666666667,0.018431167886592447,0.8623333333333333,LogisticRegression
0.19233333333333333,0.5342637933290633,0.054901960784313725,0.9150326797385621,0.10358860525342212,0.7452013471352714,0.25273040196378876,0.25273040196378876,0.042221002339567944,0.8465050930804355,0.08496732026143791,140,2410,437,13,0.04398501664400101,61200,20.4,0.018899717833846807,0.85,LogisticRegression
0.205,0.5409374849342617,0.05573248407643312,0.9150326797385621,0.10506566604127579,0.7452013471352714,0.25273040196378876,0.25273040196378876,0.0488057368109866,0.8331577098700387,0.08496732026143791,140,2372,475,13,0.04398501664400101,60440,20.14666666666667,0.01921424481552094,0.8373333333333334,LogisticRegression
0.21733333333333332,0.5474355530761654,0.05656565656565657,0.9150326797385621,0.106544901065449,0.7452013471352714,0.25273040196378876,0.25273040196378876,0.05492956502118076,0.8201615735862311,0.08496732026143791,140,2335,512,13,0.04398501664400101,59700,19.9,0.019518253626301885,0.825,LogisticRegression
0.22933333333333333,0.5506656473618601,0.05703734099302421,0.9084967320261438,0.10733590733590734,0.7452013471352714,0.25273040196378876,0.25273040196378876,0.05709539458358945,0.8071654373024236,0.0915032679738562,139,2298,549,14,0.04398501664400101,59960,19.986666666666668,0.01984194980468601,0.8123333333333334,LogisticRegression
0.24166666666666667,0.5571637155037639,0.057916666666666665,0.9084967320261438,0.10889150019584802,0.7452013471352714,0.25273040196378876,0.25273040196378876,0.06287943746310871,0.794169301018616,0.0915032679738562,139,2261,586,14,0.04398501664400101,59220,19.74,0.020255761593580248,0.8,LogisticRegression
0.253,0.5569502124699546,0.05800169348010161,0.8954248366013072,0.10894632206759443,0.7452013471352714,0.25273040196378876,0.25273040196378876,0.06123708472428536,0.781524411661398,0.10457516339869281,137,2225,622,16,0.04398501664400101,60500,20.166666666666668,0.02060214977245778,0.7873333333333333,LogisticRegression
0.2653333333333333,0.5634482806118584,0.058924731182795696,0.8954248366013072,0.11057304277643261,0.7452013471352714,0.25273040196378876,0.25273040196378876,0.06685377528504136,0.7685282753775905,0.10457516339869281,137,2188,659,16,0.04398501664400101,59760,19.92,0.0208797596860677,0.775,LogisticRegression
0.278,0.5701219722170568,0.059903804110188016,0.8954248366013072,0.1122950819672131,0.7452013471352714,0.25273040196378876,0.25273040196378876,0.07248459551628152,0.7551808921671935,0.10457516339869281,137,2150,697,16,0.04398501664400101,59000,19.666666666666668,0.021210669190622866,0.7623333333333333,LogisticRegression
0.2896666666666667,0.5731764430394567,0.060444444444444446,0.8888888888888888,0.11319184352892218,0.7452013471352714,0.25273040196378876,0.25273040196378876,0.07435648463601288,0.7425360028099754,0.1111111111111111,136,2114,733,17,0.04398501664400101,59280,19.76,0.021582084242254496,0.75,LogisticRegression
0.30233333333333334,0.5798501346446552,0.06148282097649186,0.8888888888888888,0.11501057082452432,0.7452013471352714,0.25273040196378876,0.25273040196378876,0.07983428266442515,0.7291886195995785,0.1111111111111111,136,2076,771,17,0.04398501664400101,58520,19.506666666666668,0.02191638743970543,0.7373333333333333,LogisticRegression
0.31466666666666665,0.586348202786559,0.0625287356321839,0.8888888888888888,0.11683848797250859,0.7452013471352714,0.25273040196378876,0.25273040196378876,0.08508757423397031,0.716192483315771,0.1111111111111111,136,2039,808,17,0.04398501664400101,57780,19.26,0.022232559602707626,0.725,LogisticRegression
0.3273333333333333,0.5930218943917573,0.06364061768834815,0.8888888888888888,0.11877729257641922,0.7452013471352714,0.25273040196378876,0.25273040196378876,0.09041634880925062,0.702845100105374,0.1111111111111111,136,2001,846,17,0.04398501664400101,57020,19.006666666666668,0.022554377326741815,0.7123333333333334,LogisticRegression
0.3383333333333333,0.5926327678946535,0.06380952380952382,0.8758169934640523,0.11895250776742124,0.7452013471352714,0.25273040196378876,0.25273040196378876,0.08894124074873463,0.6905514576747454,0.12418300653594772,134,1966,881,19,0.04398501664400101,58320,19.44,0.02296809908002615,0.7,LogisticRegression
0.351,0.599306459499852,0.06498545101842872,0.8758169934640523,0.12099322799097068,0.7452013471352714,0.25273040196378876,0.25273040196378876,0.0942543045958827,0.6772040744643484,0.12418300653594772,134,1928,919,19,0.04398501664400101,57560,19.186666666666667,0.023285782663151622,0.6873333333333334,LogisticRegression
0.36333333333333334,0.6058045276417556,0.06617283950617284,0.8758169934640523,0.12304866850321396,0.7452013471352714,0.25273040196378876,0.25273040196378876,0.09939370408585435,0.6642079381805409,0.12418300653594772,134,1891,956,19,0.04398501664400101,56820,18.94,0.023595893615856768,0.675,LogisticRegression
0.376,0.6124782192469541,0.06743834927025667,0.8758169934640523,0.1252336448598131,0.7452013471352714,0.25273040196378876,0.25273040196378876,0.10464879222137975,0.6508605549701441,0.12418300653594772,134,1853,994,19,0.04398501664400101,56060,18.686666666666667,0.02393315441440791,0.6623333333333333,LogisticRegression
0.3883333333333333,0.6189762873888579,0.06871794871794872,0.8758169934640523,0.1274369947693771,0.7452013471352714,0.25273040196378876,0.25273040196378876,0.10975337960582908,0.6378644186863365,0.12418300653594772,134,1816,1031,19,0.04398501664400101,55320,18.44,0.024245323333889245,0.65,LogisticRegression
0.401,0.6256499789940564,0.0700836820083682,0.8758169934640523,0.1297820823244552,0.7452013471352714,0.25273040196378876,0.25273040196378876,0.11499354785642056,0.6245170354759396,0.12418300653594772,134,1778,1069,19,0.04398501664400101,54560,18.186666666666667,0.0246750979218632,0.6373333333333333,LogisticRegression
0.4103333333333333,0.6274750855733934,0.07066950053134963,0.869281045751634,0.13071253071253072,0.7452013471352714,0.25273040196378876,0.25273040196378876,0.11600161764231331,0.6143308746048473,0.13071895424836602,133,1749,1098,20,0.04398501664400101,54980,18.326666666666668,0.025,0.6273333333333333,LogisticRegression
0.4126666666666667,0.6287044498164562,0.07093333333333333,0.869281045751634,0.131163708086785,0.7452013471352714,0.25273040196378876,0.25273040196378876,0.1169731296705859,0.6118721461187214,0.13071895424836602,133,1742,1105,20,0.04398501664400101,54840,18.28,0.025070962263271213,0.625,LogisticRegression
0.42533333333333334,0.6353781414216547,0.0724006532389766,0.869281045751634,0.13366834170854272,0.7452013471352714,0.25273040196378876,0.25273040196378876,0.1222569498723879,0.5985247629083246,0.13071895424836602,133,1704,1143,20,0.04398501664400101,54080,18.026666666666667,0.025387088721618056,0.6123333333333333,LogisticRegression
0.437,0.6384326122440547,0.07333333333333333,0.8627450980392157,0.13517665130568354,0.7452013471352714,0.25273040196378876,0.25273040196378876,0.1243314456091168,0.5858798735511064,0.13725490196078433,132,1668,1179,21,0.04398501664400101,54360,18.12,0.02567269206047058,0.6,LogisticRegression
0.449,0.6416627065297492,0.07434733257661748,0.8562091503267973,0.13681462140992165,0.7452013471352714,0.25273040196378876,0.25273040196378876,0.12660816232624003,0.5728837372672989,0.1437908496732026,131,1631,1216,22,0.04398501664400101,54620,18.206666666666667,0.02601599982008338,0.5873333333333334,LogisticRegression
0.4613333333333333,0.648160774671653,0.07594202898550724,0.8562091503267973,0.1395101171458999,0.7452013471352714,0.25273040196378876,0.25273040196378876,0.13187213658113417,0.5598876009834914,0.1437908496732026,131,1594,1253,22,0.04398501664400101,53880,17.96,0.026257417816668748,0.575,LogisticRegression
0.474,0.6548344662768515,0.07765263781861292,0.8562091503267973,0.1423913043478261,0.7452013471352714,0.25273040196378876,0.25273040196378876,0.13732423290223236,0.5465402177730945,0.1437908496732026,131,1556,1291,22,0.04398501664400101,53120,17.706666666666667,0.026577250682748854,0.5623333333333334,LogisticRegression
0.48433333333333334,0.6510017424602437,0.07757575757575758,0.8366013071895425,0.14198557958957295,0.7452013471352714,0.25273040196378876,0.25273040196378876,0.1335495863156023,0.5345978222690552,0.16339869281045752,128,1522,1325,25,0.04398501664400101,55440,18.48,0.026945154741406442,0.55,LogisticRegression
0.49633333333333335,0.6542318367459383,0.07878411910669975,0.8300653594771242,0.14390934844192635,0.7452013471352714,0.25273040196378876,0.25273040196378876,0.13610253787641702,0.5216016859852476,0.16993464052287582,127,1485,1362,26,0.04398501664400101,55700,18.566666666666666,0.027304819389246403,0.5373333333333333,LogisticRegression
0.5086666666666667,0.6607299048878421,0.08063492063492063,0.8300653594771242,0.14699074074074073,0.7452013471352714,0.25273040196378876,0.25273040196378876,0.14161798837583847,0.5086055497014401,0.16993464052287582,127,1448,1399,26,0.04398501664400101,54960,18.32,0.027646068064495925,0.525,LogisticRegression
0.52,0.6605164018540328,0.08132726089785296,0.8169934640522876,0.14792899408284024,0.7452013471352714,0.25273040196378876,0.25273040196378876,0.14129596629739533,0.495960660344222,0.1830065359477124,125,1412,1435,28,0.04398501664400101,56240,18.746666666666666,0.02799411383457482,0.5123333333333333,LogisticRegression
0.5316666666666666,0.6635708726764327,0.08266666666666667,0.8104575163398693,0.1500302480338778,0.7452013471352714,0.25273040196378876,0.25273040196378876,0.14394088093964644,0.48331577098700385,0.1895424836601307,124,1376,1471,29,0.04398501664400101,56520,18.84,0.028549122624099255,0.5,LogisticRegression
0.542,0.6597381488598248,0.08270676691729323,0.7908496732026143,0.14975247524752472,0.7452013471352714,0.25273040196378876,0.25273040196378876,0.14061090229415135,0.47137337548296454,0.20915032679738563,121,1342,1505,32,0.04398501664400101,58840,19.613333333333333,0.028995052119717,0.4876666666666667,LogisticRegression
0.554,0.6629682431455195,0.08421052631578947,0.7843137254901961,0.1520912547528517,0.7452013471352714,0.25273040196378876,0.25273040196378876,0.14359017246677142,0.458377239199157,0.21568627450980393,120,1305,1542,33,0.04398501664400101,59100,19.7,0.029427278600633145,0.475,LogisticRegression
0.5663333333333334,0.6694663112874233,0.08645533141210375,0.7843137254901961,0.15574302401038287,0.7452013471352714,0.25273040196378876,0.25273040196378876,0.14954626448991326,0.4453811029153495,0.21568627450980393,120,1268,1579,33,0.04398501664400101,58360,19.453333333333333,0.02979543968103826,0.46266666666666667,LogisticRegression
0.5776666666666667,0.669252808253614,0.0874074074074074,0.7712418300653595,0.15701929474384566,0.7452013471352714,0.25273040196378876,0.25273040196378876,0.14969126949627945,0.43273621355813136,0.22875816993464052,118,1232,1615,35,0.04398501664400101,59640,19.88,0.030084830429404973,0.45,LogisticRegression
0.59,0.6757508763955178,0.08987052551408987,0.7712418300653595,0.16098226466575716,0.7452013471352714,0.25273040196378876,0.25273040196378876,0.1558752057165054,0.41974007727432383,0.22875816993464052,118,1195,1652,35,0.04398501664400101,58900,19.633333333333333,0.030592481140047312,0.43766666666666665,LogisticRegression
0.6013333333333334,0.6755373733617085,0.09098039215686274,0.7581699346405228,0.16246498599439776,0.7452013471352714,0.25273040196378876,0.25273040196378876,0.15623898110919962,0.40709518791710575,0.24183006535947713,116,1159,1688,37,0.04398501664400101,60180,20.06,0.031138425879180434,0.425,LogisticRegression
0.6123333333333333,0.6751482468646046,0.09208400646203554,0.7450980392156863,0.16391085549964055,0.7452013471352714,0.25273040196378876,0.25273040196378876,0.15653518285374154,0.394801545486477,0.2549019607843137,114,1124,1723,39,0.04398501664400101,61480,20.493333333333332,0.031619496364146474,0.4126666666666667,LogisticRegression
0.6236666666666667,0.6749347438307953,0.09333333333333334,0.7320261437908496,0.1655580192165558,0.7452013471352714,0.25273040196378876,0.25273040196378876,0.15711535912793864,0.38215665612925886,0.2679738562091503,112,1088,1759,41,0.04398501664400101,62760,20.92,0.03223594352602959,0.4,LogisticRegression
0.636,0.6814328119726991,0.09630266552020636,0.7320261437908496,0.1702127659574468,0.7452013471352714,0.25273040196378876,0.25273040196378876,0.1638478853795564,0.36916051984545134,0.2679738562091503,112,1051,1796,41,0.04398501664400101,62020,20.673333333333332,0.03271072516217828,0.38766666666666666,LogisticRegression
0.6466666666666666,0.6777757116193861,0.09688888888888889,0.7124183006535948,0.1705790297339593,0.7452013471352714,0.25273040196378876,0.25273040196378876,0.16157158044799994,0.35686687741482265,0.2875816993464052,109,1016,1831,44,0.04398501664400101,64320,21.44,0.033190134447067976,0.375,LogisticRegression
0.6563333333333333,0.6704993904832744,0.09650735294117647,0.6862745098039216,0.169218372280419,0.7452013471352714,0.25273040196378876,0.25273040196378876,0.15603926061902804,0.3452757288373727,0.3137254901960784,105,983,1864,48,0.04398501664400101,67660,22.553333333333335,0.0337784956675023,0.3626666666666667,LogisticRegression
0.6683333333333333,0.673729484768969,0.09904761904761905,0.6797385620915033,0.17290108063175394,0.7452013471352714,0.25273040196378876,0.25273040196378876,0.1602621707992497,0.33227959255356515,0.3202614379084967,104,946,1901,49,0.04398501664400101,67920,22.64,0.034521717578172684,0.35,LogisticRegression
0.6786666666666666,0.6760814617381903,0.10127826941986234,0.673202614379085,0.17606837606837605,0.7452013471352714,0.25273040196378876,0.25273040196378876,0.1636670467380201,0.3210396909027046,0.32679738562091504,103,914,1933,50,0.04398501664400101,68280,22.76,0.034999999999999996,0.339,LogisticRegression
0.68,0.6767839555913691,0.1016781836130306,0.673202614379085,0.17667238421955403,0.7452013471352714,0.25273040196378876,0.25273040196378876,0.16447831020631823,0.319634703196347,0.32679738562091504,103,910,1937,50,0.04398501664400101,68200,22.733333333333334,0.035061232978478074,0.33766666666666667,LogisticRegression
0.6926666666666667,0.6834576471965674,0.10564102564102563,0.673202614379085,0.1826241134751773,0.7452013471352714,0.25273040196378876,0.25273040196378876,0.17234172775179465,0.3062873199859501,0.32679738562091504,103,872,1975,50,0.04398501664400101,67440,22.48,0.03583013629540801,0.325,LogisticRegression
0.705,0.6899557153384712,0.10980810234541578,0.673202614379085,0.18881759853345553,0.7452013471352714,0.25273040196378876,0.25273040196378876,0.18029183542957491,0.29329118370214263,0.32679738562091504,103,835,2012,50,0.04398501664400101,66700,22.233333333333334,0.03684767009690404,0.31266666666666665,LogisticRegression
0.7163333333333334,0.6897422123046619,0.11222222222222222,0.6601307189542484,0.19183285849952517,0.7452013471352714,0.25273040196378876,0.25273040196378876,0.18218075707268694,0.2806462943449245,0.33986928104575165,101,799,2048,52,0.04398501664400101,67980,22.66,0.0378302376717329,0.3,LogisticRegression
0.728,0.6927966831270619,0.11587485515643106,0.6535947712418301,0.1968503937007874,0.7452013471352714,0.25273040196378876,0.25273040196378876,0.1873964432230228,0.26800140498770636,0.3464052287581699,100,763,2084,53,0.04398501664400101,68260,22.753333333333334,0.03854870134964585,0.2876666666666667,LogisticRegression
0.7393333333333333,0.6925831800932526,0.11878787878787879,0.6405228758169934,0.20040899795501022,0.7452013471352714,0.25273040196378876,0.25273040196378876,0.18977158879500658,0.2553565156304882,0.35947712418300654,98,727,2120,55,0.04398501664400101,69540,23.18,0.03963260091841222,0.275,LogisticRegression
0.7503333333333333,0.6921940535961486,0.1218274111675127,0.6274509803921569,0.20403825717322,0.7452013471352714,0.25273040196378876,0.25273040196378876,0.19215589891611592,0.2430628731998595,0.37254901960784315,96,692,2155,57,0.04398501664400101,70840,23.613333333333333,0.04064366733655335,0.26266666666666666,LogisticRegression
0.761,0.6885369532428356,0.124,0.6078431372549019,0.20598006644518274,0.7452013471352714,0.25273040196378876,0.25273040196378876,0.19157729570925672,0.23076923076923078,0.39215686274509803,93,657,2190,60,0.04398501664400101,73140,24.38,0.04156980663537979,0.25,LogisticRegression
0.7726666666666666,0.6915914240652354,0.12903225806451613,0.6013071895424836,0.21247113163972287,0.7452013471352714,0.25273040196378876,0.25273040196378876,0.1980467239964325,0.21812434141201265,0.39869281045751637,92,621,2226,61,0.04398501664400101,73420,24.473333333333333,0.042506928509101274,0.23766666666666666,LogisticRegression
0.784,0.6913779210314263,0.13333333333333333,0.5882352941176471,0.21739130434782608,0.7452013471352714,0.25273040196378876,0.25273040196378876,0.20164985408228894,0.2054794520547945,0.4117647058823529,90,585,2262,63,0.04398501664400101,74700,24.9,0.0437322586774826,0.225,LogisticRegression
0.795,0.6909887945343223,0.13793103448275862,0.5751633986928104,0.22250316055625788,0.7452013471352714,0.25273040196378876,0.25273040196378876,0.2053652916300831,0.1931858096241658,0.42483660130718953,88,550,2297,65,0.04398501664400101,76000,25.333333333333332,0.04488416691310704,0.21266666666666667,LogisticRegression
0.7976666666666666,0.6923937822406798,0.13968253968253969,0.5751633986928104,0.22477650063856963,0.7452013471352714,0.25273040196378876,0.25273040196378876,0.20783372874885622,0.19037583421145066,0.42483660130718953,88,542,2305,65,0.04398501664400101,75840,25.28,0.045,0.21,LogisticRegression
0.8063333333333333,0.6907752915005131,0.14333333333333334,0.5620915032679739,0.22841965471447545,0.7452013471352714,0.25273040196378876,0.25273040196378876,0.20985065273832668,0.18054092026694765,0.43790849673202614,86,514,2333,67,0.04398501664400101,77280,25.76,0.04602324590086938,0.2,LogisticRegression
0.8173333333333334,0.6903861650034091,0.1492007104795737,0.5490196078431373,0.23463687150837986,0.7452013471352714,0.25273040196378876,0.25273040196378876,0.2145472086143485,0.16824727783631893,0.45098039215686275,84,479,2368,69,0.04398501664400101,78580,26.19333333333333,0.04745825659483671,0.18766666666666668,LogisticRegression
0.828,0.6867290646500961,0.15428571428571428,0.5294117647058824,0.23893805309734514,0.7452013471352714,0.25273040196378876,0.25273040196378876,0.21622908626305093,0.1559536354056902,0.47058823529411764,81,444,2403,72,0.04398501664400101,80880,26.96,0.04884733026847244,0.175,LogisticRegression
0.8376666666666667,0.6794527435139844,0.15778688524590165,0.5032679738562091,0.24024960998439937,0.7452013471352714,0.25273040196378876,0.25273040196378876,0.21394385571114852,0.14436248682824027,0.49673202614379086,77,411,2436,76,0.04398501664400101,84220,28.073333333333334,0.05061298152431845,0.16266666666666665,LogisticRegression
0.8496666666666667,0.6826828377996791,0.1688888888888889,0.49673202614379086,0.25207296849087896,0.7452013471352714,0.25273040196378876,0.25273040196378876,0.2251079571973949,0.13136635054443274,0.5032679738562091,76,374,2473,77,0.04398501664400101,84480,28.16,0.05237323548644782,0.15,LogisticRegression
0.8583333333333333,0.6779719966665978,0.17464114832535885,0.477124183006536,0.2556917688266199,0.7452013471352714,0.25273040196378876,0.25273040196378876,0.22612826866772423,0.12118018967334036,0.5228758169934641,73,345,2502,80,0.04398501664400101,86900,28.966666666666665,0.055,0.13933333333333334,LogisticRegression
0.86,0.6788501139830713,0.17675544794188863,0.477124183006536,0.2579505300353357,0.7452013471352714,0.25273040196378876,0.25273040196378876,0.22839438658068412,0.1194239550403934,0.5228758169934641,73,340,2507,80,0.04398501664400101,86800,28.933333333333334,0.055373415304347896,0.13766666666666666,LogisticRegression
0.87,0.6717494163102543,0.184,0.45098039215686275,0.26136363636363635,0.7452013471352714,0.25273040196378876,0.25273040196378876,0.22849906467711706,0.10748155953635406,0.5490196078431373,69,306,2541,84,0.04398501664400101,90120,30.04,0.05757061159238219,0.125,LogisticRegression
0.8803333333333333,0.6679166924936466,0.1952662721893491,0.43137254901960786,0.26883910386965376,0.7452013471352714,0.25273040196378876,0.25273040196378876,0.23366891401588616,0.09553916403231472,0.5686274509803921,66,272,2575,87,0.04398501664400101,92440,30.813333333333333,0.061285625584423555,0.11266666666666666,LogisticRegression
0.889,0.653928800181822,0.2,0.39215686274509803,0.26490066225165565,0.7452013471352714,0.25273040196378876,0.25273040196378876,0.22575990800007706,0.08429926238145416,0.6078431372549019,60,240,2607,93,0.04398501664400101,97800,32.6,0.06445632502436638,0.1,LogisticRegression
0.89,0.6544556705717061,0.20202020202020202,0.39215686274509803,0.26666666666666666,0.7452013471352714,0.25273040196378876,0.25273040196378876,0.22754749268469585,0.08324552160168598,0.6078431372549019,60,237,2610,93,0.04398501664400101,97740,32.58,0.065,0.099,LogisticRegression
0.8993333333333333,0.6500960763652142,0.21673003802281368,0.37254901960784315,0.27403846153846156,0.7452013471352714,0.25273040196378876,0.25273040196378876,0.2335196931314243,0.07235686687741483,0.6274509803921569,57,206,2641,96,0.04398501664400101,100120,33.373333333333335,0.07048547863960268,0.08766666666666667,LogisticRegression
0.9086666666666666,0.6395517813728934,0.2311111111111111,0.33986928104575165,0.2751322751322751,0.7452013471352714,0.25273040196378876,0.25273040196378876,0.23312136452051396,0.060765718299964876,0.6601307189542484,52,173,2674,101,0.04398501664400101,104460,34.82,0.07475308589637282,0.075,LogisticRegression
0.909,0.6397274048361881,0.23214285714285715,0.33986928104575165,0.2758620689655173,0.7452013471352714,0.25273040196378876,0.25273040196378876,0.2338930394222254,0.06041447137337548,0.6601307189542484,52,172,2675,101,0.04398501664400101,104440,34.81333333333333,0.07500000000000001,0.07466666666666667,LogisticRegression
0.919,0.6357190575562857,0.26063829787234044,0.3202614379084967,0.28739002932551316,0.7452013471352714,0.25273040196378876,0.25273040196378876,0.24639035146496935,0.048823322795925536,0.6797385620915033,49,139,2708,104,0.04398501664400101,106780,35.593333333333334,0.08209298457950354,0.06266666666666666,LogisticRegression
0.9233333333333333,0.6349098121862022,0.2774566473988439,0.3137254901960784,0.29447852760736193,0.7452013471352714,0.25273040196378876,0.25273040196378876,0.25464023506695155,0.04390586582367404,0.6862745098039216,48,125,2722,105,0.04398501664400101,107500,35.833333333333336,0.085,0.057666666666666665,LogisticRegression
0.929,0.6286183598834687,0.3,0.29411764705882354,0.29702970297029707,0.7452013471352714,0.25273040196378876,0.25273040196378876,0.25965958123740923,0.0368809272918862,0.7058823529411765,45,105,2742,108,0.04398501664400101,110100,36.7,0.09306017756462098,0.05,LogisticRegression
0.93,0.6260528798804383,0.30344827586206896,0.2875816993464052,0.29530201342281875,0.7452013471352714,0.25273040196378876,0.25273040196378876,0.25860395319738205,0.035475939585528624,0.7124183006535948,44,101,2746,109,0.04398501664400101,111020,37.00666666666667,0.095,0.04833333333333333,LogisticRegression
0.9383333333333334,0.6273511160698912,0.3644067796610169,0.28104575163398693,0.3173431734317343,0.7452013471352714,0.25273040196378876,0.25273040196378876,0.2882598843830936,0.026343519494204427,0.7189542483660131,43,75,2772,110,0.04398501664400101,111500,37.166666666666664,0.10500000000000001,0.03933333333333333,LogisticRegression
0.938,0.6178984414278532,0.35398230088495575,0.26143790849673204,0.3007518796992481,0.7452013471352714,0.25273040196378876,0.25273040196378876,0.2724676179202952,0.02564102564102564,0.738562091503268,40,73,2774,113,0.04398501664400101,114460,38.153333333333336,0.10660820379853247,0.03766666666666667,LogisticRegression
0.9406666666666667,0.6131187283483819,0.37623762376237624,0.24836601307189543,0.2992125984251969,0.7452013471352714,0.25273040196378876,0.25273040196378876,0.2759428619825038,0.022128556375131718,0.7516339869281046,38,63,2784,115,0.04398501664400101,116260,38.75333333333333,0.115,0.033666666666666664,LogisticRegression
0.942,0.6107288718086462,0.3894736842105263,0.24183006535947713,0.29838709677419356,0.7452013471352714,0.25273040196378876,0.25273040196378876,0.27822454999402074,0.020372321742184757,0.7581699346405228,37,58,2789,116,0.04398501664400101,117160,39.053333333333335,0.125,0.03166666666666667,LogisticRegression
0.9413333333333334,0.5949158729174845,0.367816091954023,0.20915032679738563,0.26666666666666666,0.7452013471352714,0.25273040196378876,0.25273040196378876,0.24887336632462514,0.01931858096241658,0.7908496732026143,32,55,2792,121,0.04398501664400101,122100,40.7,0.135,0.029,LogisticRegression
0.9416666666666667,0.5858144452020358,0.3625,0.1895424836601307,0.2489270386266094,0.7452013471352714,0.25273040196378876,0.25273040196378876,0.2343653614146705,0.01791359325605901,0.8104575163398693,29,51,2796,124,0.04398501664400101,125020,41.67333333333333,0.14500000000000002,0.02666666666666667,LogisticRegression
0.9433333333333334,0.5866925625185093,0.38666666666666666,0.1895424836601307,0.2543859649122807,0.7452013471352714,0.25273040196378876,0.25273040196378876,0.2443192677326005,0.016157358623112048,0.8104575163398693,29,46,2801,124,0.04398501664400101,124920,41.64,0.15206183567643167,0.025,LogisticRegression
0.944,0.5870438094450987,0.3972602739726027,0.1895424836601307,0.2566371681415929,0.7452013471352714,0.25273040196378876,0.25273040196378876,0.2485618902172142,0.015454864769933263,0.8104575163398693,29,44,2803,124,0.04398501664400101,124880,41.626666666666665,0.155,0.024333333333333332,LogisticRegression
0.944,0.5746744078734409,0.38461538461538464,0.16339869281045752,0.2293577981651376,0.7452013471352714,0.25273040196378876,0.25273040196378876,0.22567346706745006,0.014049877063575694,0.8366013071895425,25,40,2807,128,0.04398501664400101,128800,42.93333333333333,0.165,0.021666666666666667,LogisticRegression
0.946,0.5726357982602946,0.42105263157894735,0.1568627450980392,0.22857142857142856,0.7452013471352714,0.25273040196378876,0.25273040196378876,0.23409255378402036,0.011591148577449948,0.8431372549019608,24,33,2814,129,0.04398501664400101,129660,43.22,0.17500000000000002,0.019,LogisticRegression
0.9466666666666667,0.572987045186884,0.43636363636363634,0.1568627450980392,0.23076923076923075,0.7452013471352714,0.25273040196378876,0.25273040196378876,0.2393818573560138,0.010888654724271163,0.8431372549019608,24,31,2816,129,0.04398501664400101,129620,43.20666666666666,0.185,0.018333333333333333,LogisticRegression
0.9483333333333334,0.5707728121104431,0.4791666666666667,0.1503267973856209,0.22885572139303484,0.7452013471352714,0.25273040196378876,0.25273040196378876,0.24817446923237232,0.008781173164734809,0.8496732026143791,23,25,2822,130,0.04398501664400101,130500,43.5,0.195,0.016,LogisticRegression
0.9493333333333334,0.5651149817144983,0.5121951219512195,0.13725490196078433,0.21649484536082478,0.7452013471352714,0.25273040196378876,0.25273040196378876,0.24676636096318597,0.007024938531787847,0.8627450980392157,21,20,2827,132,0.04398501664400101,132400,44.13333333333333,0.20500000000000002,0.013666666666666667,LogisticRegression
0.9503333333333334,0.5656418521043823,0.5526315789473685,0.13725490196078433,0.2198952879581152,0.7452013471352714,0.25273040196378876,0.25273040196378876,0.2582652324308239,0.00597119775201967,0.8627450980392157,21,17,2830,132,0.04398501664400101,132340,44.11333333333334,0.20764075107872496,0.012666666666666666,LogisticRegression
0.951,0.5659930990309717,0.5833333333333334,0.13725490196078433,0.2222222222222222,0.7452013471352714,0.25273040196378876,0.25273040196378876,0.2666721226910577,0.005268703898840885,0.8627450980392157,21,15,2832,132,0.04398501664400101,132300,44.1,0.215,0.012,LogisticRegression
0.9506666666666667,0.5565404243889336,0.5806451612903226,0.11764705882352941,0.19565217391304346,0.7452013471352714,0.25273040196378876,0.25273040196378876,0.2460042232585261,0.0045662100456621,0.8823529411764706,18,13,2834,135,0.04398501664400101,135260,45.086666666666666,0.225,0.010333333333333333,LogisticRegression
0.9506666666666667,0.5565404243889336,0.5806451612903226,0.11764705882352941,0.19565217391304346,0.7452013471352714,0.25273040196378876,0.25273040196378876,0.2460042232585261,0.0045662100456621,0.8823529411764706,18,13,2834,135,0.04398501664400101,135260,45.086666666666666,0.23500000000000001,0.010333333333333333,LogisticRegression
0.952,0.5572429182421125,0.6666666666666666,0.11764705882352941,0.2,0.7452013471352714,0.25273040196378876,0.25273040196378876,0.26669315794228177,0.003161222339304531,0.8823529411764706,18,9,2838,135,0.04398501664400101,135180,45.06,0.245,0.009,LogisticRegression
0.9523333333333334,0.5574185417054072,0.6923076923076923,0.11764705882352941,0.2011173184357542,0.7452013471352714,0.25273040196378876,0.25273040196378876,0.2725614599475829,0.0028099754127151387,0.8823529411764706,18,8,2839,135,0.04398501664400101,135160,45.053333333333335,0.255,0.008666666666666666,LogisticRegression
0.952,0.5510582174562836,0.6956521739130435,0.10457516339869281,0.18181818181818182,0.7452013471352714,0.25273040196378876,0.25273040196378876,0.2575619817233524,0.0024587284861257463,0.8954248366013072,16,7,2840,137,0.04398501664400101,137140,45.71333333333333,0.265,0.007666666666666666,LogisticRegression
0.952,0.5479658670633691,0.7142857142857143,0.09803921568627451,0.1724137931034483,0.7452013471352714,0.25273040196378876,0.25273040196378876,0.2531377089466444,0.002107481559536354,0.9019607843137255,15,6,2841,138,0.04398501664400101,138120,46.04,0.275,0.007,LogisticRegression
0.952,0.5479658670633691,0.7142857142857143,0.09803921568627451,0.1724137931034483,0.7452013471352714,0.25273040196378876,0.25273040196378876,0.2531377089466444,0.002107481559536354,0.9019607843137255,15,6,2841,138,0.04398501664400101,138120,46.04,0.28500000000000003,0.007,LogisticRegression
0.952,0.5479658670633691,0.7142857142857143,0.09803921568627451,0.1724137931034483,0.7452013471352714,0.25273040196378876,0.25273040196378876,0.2531377089466444,0.002107481559536354,0.9019607843137255,15,6,2841,138,0.04398501664400101,138120,46.04,0.295,0.007,LogisticRegression
0.9513333333333334,0.5414299193509508,0.6842105263157895,0.08496732026143791,0.1511627906976744,0.7452013471352714,0.25273040196378876,0.25273040196378876,0.22978715281830125,0.002107481559536354,0.9150326797385621,13,6,2841,140,0.04398501664400101,140120,46.70666666666666,0.305,0.006333333333333333,LogisticRegression
0.9513333333333334,0.5414299193509508,0.6842105263157895,0.08496732026143791,0.1511627906976744,0.7452013471352714,0.25273040196378876,0.25273040196378876,0.22978715281830125,0.002107481559536354,0.9150326797385621,13,6,2841,140,0.04398501664400101,140120,46.70666666666666,0.315,0.006333333333333333,LogisticRegression
0.9506666666666667,0.5348939716385325,0.6470588235294118,0.0718954248366013,0.12941176470588234,0.7452013471352714,0.25273040196378876,0.25273040196378876,0.20453553025666826,0.002107481559536354,0.9281045751633987,11,6,2841,142,0.04398501664400101,142120,47.373333333333335,0.325,0.005666666666666667,LogisticRegression
0.951,0.5350695951018272,0.6875,0.0718954248366013,0.1301775147928994,0.7452013471352714,0.25273040196378876,0.25273040196378876,0.21185601338360818,0.0017562346329469617,0.9281045751633987,11,5,2842,142,0.04398501664400101,142100,47.36666666666667,0.335,0.005333333333333333,LogisticRegression
0.951,0.5350695951018272,0.6875,0.0718954248366013,0.1301775147928994,0.7452013471352714,0.25273040196378876,0.25273040196378876,0.21185601338360818,0.0017562346329469617,0.9281045751633987,11,5,2842,142,0.04398501664400101,142100,47.36666666666667,0.34500000000000003,0.005333333333333333,LogisticRegression
0.951,0.5350695951018272,0.6875,0.0718954248366013,0.1301775147928994,0.7452013471352714,0.25273040196378876,0.25273040196378876,0.21185601338360818,0.0017562346329469617,0.9281045751633987,11,5,2842,142,0.04398501664400101,142100,47.36666666666667,0.35500000000000004,0.005333333333333333,LogisticRegression
0.951,0.5350695951018272,0.6875,0.0718954248366013,0.1301775147928994,0.7452013471352714,0.25273040196378876,0.25273040196378876,0.21185601338360818,0.0017562346329469617,0.9281045751633987,11,5,2842,142,0.04398501664400101,142100,47.36666666666667,0.365,0.005333333333333333,LogisticRegression
0.951,0.5350695951018272,0.6875,0.0718954248366013,0.1301775147928994,0.7452013471352714,0.25273040196378876,0.25273040196378876,0.21185601338360818,0.0017562346329469617,0.9281045751633987,11,5,2842,142,0.04398501664400101,142100,47.36666666666667,0.375,0.005333333333333333,LogisticRegression
0.951,0.5350695951018272,0.6875,0.0718954248366013,0.1301775147928994,0.7452013471352714,0.25273040196378876,0.25273040196378876,0.21185601338360818,0.0017562346329469617,0.9281045751633987,11,5,2842,142,0.04398501664400101,142100,47.36666666666667,0.385,0.005333333333333333,LogisticRegression
0.951,0.5350695951018272,0.6875,0.0718954248366013,0.1301775147928994,0.7452013471352714,0.25273040196378876,0.25273040196378876,0.21185601338360818,0.0017562346329469617,0.9281045751633987,11,5,2842,142,0.04398501664400101,142100,47.36666666666667,0.395,0.005333333333333333,LogisticRegression
0.951,0.5319772447089127,0.7142857142857143,0.06535947712418301,0.11976047904191617,0.7452013471352714,0.25273040196378876,0.25273040196378876,0.20644366738904185,0.0014049877063575693,0.934640522875817,10,4,2843,143,0.04398501664400101,143080,47.693333333333335,0.405,0.004666666666666667,LogisticRegression
0.9506666666666667,0.5256169204597891,0.7272727272727273,0.05228758169934641,0.0975609756097561,0.7452013471352714,0.25273040196378876,0.25273040196378876,0.18648206271101356,0.001053740779768177,0.9477124183006536,8,3,2844,145,0.04398501664400101,145060,48.35333333333333,0.41500000000000004,0.0036666666666666666,LogisticRegression
0.9503333333333334,0.52234894660358,0.7,0.0457516339869281,0.08588957055214724,0.7452013471352714,0.25273040196378876,0.25273040196378876,0.1706046673840555,0.001053740779768177,0.954248366013072,7,3,2844,146,0.04398501664400101,146060,48.68666666666667,0.425,0.0033333333333333335,LogisticRegression
0.9506666666666667,0.5225245700668747,0.7777777777777778,0.0457516339869281,0.08641975308641976,0.7452013471352714,0.25273040196378876,0.25273040196378876,0.18121598067544295,0.0007024938531787847,0.954248366013072,7,2,2845,146,0.04398501664400101,146040,48.68,0.435,0.003,LogisticRegression
0.9506666666666667,0.5225245700668747,0.7777777777777778,0.0457516339869281,0.08641975308641976,0.7452013471352714,0.25273040196378876,0.25273040196378876,0.18121598067544295,0.0007024938531787847,0.954248366013072,7,2,2845,146,0.04398501664400101,146040,48.68,0.445,0.003,LogisticRegression
0.9506666666666667,0.5225245700668747,0.7777777777777778,0.0457516339869281,0.08641975308641976,0.7452013471352714,0.25273040196378876,0.25273040196378876,0.18121598067544295,0.0007024938531787847,0.954248366013072,7,2,2845,146,0.04398501664400101,146040,48.68,0.455,0.003,LogisticRegression
0.9503333333333334,0.5192565962106656,0.75,0.0392156862745098,0.07453416149068323,0.7452013471352714,0.25273040196378876,0.25273040196378876,0.16429455876956833,0.0007024938531787847,0.9607843137254902,6,2,2845,147,0.04398501664400101,147040,49.013333333333335,0.465,0.0026666666666666666,LogisticRegression
0.9503333333333334,0.5192565962106656,0.75,0.0392156862745098,0.07453416149068323,0.7452013471352714,0.25273040196378876,0.25273040196378876,0.16429455876956833,0.0007024938531787847,0.9607843137254902,6,2,2845,147,0.04398501664400101,147040,49.013333333333335,0.47500000000000003,0.0026666666666666666,LogisticRegression
0.9503333333333334,0.5192565962106656,0.75,0.0392156862745098,0.07453416149068323,0.7452013471352714,0.25273040196378876,0.25273040196378876,0.16429455876956833,0.0007024938531787847,0.9607843137254902,6,2,2845,147,0.04398501664400101,147040,49.013333333333335,0.485,0.0026666666666666666,LogisticRegression
0.9503333333333334,0.5192565962106656,0.75,0.0392156862745098,0.07453416149068323,0.7452013471352714,0.25273040196378876,0.25273040196378876,0.16429455876956833,0.0007024938531787847,0.9607843137254902,6,2,2845,147,0.04398501664400101,147040,49.013333333333335,0.495,0.0026666666666666666,LogisticRegression
0.9503333333333334,0.5192565962106656,0.75,0.0392156862745098,0.07453416149068323,0.7452013471352714,0.25273040196378876,0.25273040196378876,0.16429455876956833,0.0007024938531787847,0.9607843137254902,6,2,2845,147,0.04398501664400101,147040,49.013333333333335,0.505,0.0026666666666666666,LogisticRegression
0.9503333333333334,0.5192565962106656,0.75,0.0392156862745098,0.07453416149068323,0.7452013471352714,0.25273040196378876,0.25273040196378876,0.16429455876956833,0.0007024938531787847,0.9607843137254902,6,2,2845,147,0.04398501664400101,147040,49.013333333333335,0.515,0.0026666666666666666,LogisticRegression
0.9503333333333334,0.5192565962106656,0.75,0.0392156862745098,0.07453416149068323,0.7452013471352714,0.25273040196378876,0.25273040196378876,0.16429455876956833,0.0007024938531787847,0.9607843137254902,6,2,2845,147,0.04398501664400101,147040,49.013333333333335,0.525,0.0026666666666666666,LogisticRegression
0.9506666666666667,0.5194322196739602,0.8571428571428571,0.0392156862745098,0.075,0.7452013471352714,0.25273040196378876,0.25273040196378876,0.17721051086932502,0.00035124692658939234,0.9607843137254902,6,1,2846,147,0.04398501664400101,147020,49.00666666666667,0.535,0.0023333333333333335,LogisticRegression
0.9506666666666667,0.5194322196739602,0.8571428571428571,0.0392156862745098,0.075,0.7452013471352714,0.25273040196378876,0.25273040196378876,0.17721051086932502,0.00035124692658939234,0.9607843137254902,6,1,2846,147,0.04398501664400101,147020,49.00666666666667,0.545,0.0023333333333333335,LogisticRegression
0.9506666666666667,0.5194322196739602,0.8571428571428571,0.0392156862745098,0.075,0.7452013471352714,0.25273040196378876,0.25273040196378876,0.17721051086932502,0.00035124692658939234,0.9607843137254902,6,1,2846,147,0.04398501664400101,147020,49.00666666666667,0.555,0.0023333333333333335,LogisticRegression
0.9503333333333334,0.5161642458177511,0.8333333333333334,0.032679738562091505,0.06289308176100629,0.7452013471352714,0.25273040196378876,0.25273040196378876,0.159192780318242,0.00035124692658939234,0.9673202614379085,5,1,2846,148,0.04398501664400101,148020,49.34,0.5650000000000001,0.002,LogisticRegression
0.9503333333333334,0.5161642458177511,0.8333333333333334,0.032679738562091505,0.06289308176100629,0.7452013471352714,0.25273040196378876,0.25273040196378876,0.159192780318242,0.00035124692658939234,0.9673202614379085,5,1,2846,148,0.04398501664400101,148020,49.34,0.5750000000000001,0.002,LogisticRegression
0.9503333333333334,0.5161642458177511,0.8333333333333334,0.032679738562091505,0.06289308176100629,0.7452013471352714,0.25273040196378876,0.25273040196378876,0.159192780318242,0.00035124692658939234,0.9673202614379085,5,1,2846,148,0.04398501664400101,148020,49.34,0.585,0.002,LogisticRegression
0.95,0.5128962719615419,0.8,0.026143790849673203,0.05063291139240506,0.7452013471352714,0.25273040196378876,0.25273040196378876,0.1391073932008228,0.00035124692658939234,0.9738562091503268,4,1,2846,149,0.04398501664400101,149020,49.67333333333333,0.595,0.0016666666666666668,LogisticRegression
0.9496666666666667,0.5096282981053327,0.75,0.0196078431372549,0.03821656050955414,0.7452013471352714,0.25273040196378876,0.25273040196378876,0.1160962181141246,0.00035124692658939234,0.9803921568627451,3,1,2846,150,0.04398501664400101,150020,50.00666666666667,0.605,0.0013333333333333333,LogisticRegression
0.9496666666666667,0.5096282981053327,0.75,0.0196078431372549,0.03821656050955414,0.7452013471352714,0.25273040196378876,0.25273040196378876,0.1160962181141246,0.00035124692658939234,0.9803921568627451,3,1,2846,150,0.04398501664400101,150020,50.00666666666667,0.615,0.0013333333333333333,LogisticRegression
0.9496666666666667,0.5096282981053327,0.75,0.0196078431372549,0.03821656050955414,0.7452013471352714,0.25273040196378876,0.25273040196378876,0.1160962181141246,0.00035124692658939234,0.9803921568627451,3,1,2846,150,0.04398501664400101,150020,50.00666666666667,0.625,0.0013333333333333333,LogisticRegression
0.9493333333333334,0.5063603242491236,0.6666666666666666,0.013071895424836602,0.02564102564102564,0.7452013471352714,0.25273040196378876,0.25273040196378876,0.08854105701611953,0.00035124692658939234,0.9869281045751634,2,1,2846,151,0.04398501664400101,151020,50.34,0.635,0.001,LogisticRegression
0.9493333333333334,0.5063603242491236,0.6666666666666666,0.013071895424836602,0.02564102564102564,0.7452013471352714,0.25273040196378876,0.25273040196378876,0.08854105701611953,0.00035124692658939234,0.9869281045751634,2,1,2846,151,0.04398501664400101,151020,50.34,0.645,0.001,LogisticRegression
0.9493333333333334,0.5063603242491236,0.6666666666666666,0.013071895424836602,0.02564102564102564,0.7452013471352714,0.25273040196378876,0.25273040196378876,0.08854105701611953,0.00035124692658939234,0.9869281045751634,2,1,2846,151,0.04398501664400101,151020,50.34,0.655,0.001,LogisticRegression
0.949,0.5030923503929144,0.5,0.006535947712418301,0.012903225806451615,0.7452013471352714,0.25273040196378876,0.25273040196378876,0.05271416484166107,0.00035124692658939234,0.9934640522875817,1,1,2846,152,0.04398501664400101,152020,50.67333333333333,0.665,0.0006666666666666666,LogisticRegression
0.949,0.5030923503929144,0.5,0.006535947712418301,0.012903225806451615,0.7452013471352714,0.25273040196378876,0.25273040196378876,0.05271416484166107,0.00035124692658939234,0.9934640522875817,1,1,2846,152,0.04398501664400101,152020,50.67333333333333,0.675,0.0006666666666666666,LogisticRegression
0.949,0.5030923503929144,0.5,0.006535947712418301,0.012903225806451615,0.7452013471352714,0.25273040196378876,0.25273040196378876,0.05271416484166107,0.00035124692658939234,0.9934640522875817,1,1,2846,152,0.04398501664400101,152020,50.67333333333333,0.685,0.0006666666666666666,LogisticRegression
0.949,0.5030923503929144,0.5,0.006535947712418301,0.012903225806451615,0.7452013471352714,0.25273040196378876,0.25273040196378876,0.05271416484166107,0.00035124692658939234,0.9934640522875817,1,1,2846,152,0.04398501664400101,152020,50.67333333333333,0.6950000000000001,0.0006666666666666666,LogisticRegression
0.949,0.5030923503929144,0.5,0.006535947712418301,0.012903225806451615,0.7452013471352714,0.25273040196378876,0.25273040196378876,0.05271416484166107,0.00035124692658939234,0.9934640522875817,1,1,2846,152,0.04398501664400101,152020,50.67333333333333,0.7050000000000001,0.0006666666666666666,LogisticRegression
0.949,0.5030923503929144,0.5,0.006535947712418301,0.012903225806451615,0.7452013471352714,0.25273040196378876,0.25273040196378876,0.05271416484166107,0.00035124692658939234,0.9934640522875817,1,1,2846,152,0.04398501664400101,152020,50.67333333333333,0.715,0.0006666666666666666,LogisticRegression
0.949,0.5030923503929144,0.5,0.006535947712418301,0.012903225806451615,0.7452013471352714,0.25273040196378876,0.25273040196378876,0.05271416484166107,0.00035124692658939234,0.9934640522875817,1,1,2846,152,0.04398501664400101,152020,50.67333333333333,0.725,0.0006666666666666666,LogisticRegression
0.9493333333333334,0.5032679738562091,1.0,0.006535947712418301,0.012987012987012988,0.7452013471352714,0.25273040196378876,0.25273040196378876,0.07876980770968345,0.0,0.9934640522875817,1,0,2847,152,0.04398501664400101,152000,50.666666666666664,0.735,0.0003333333333333333,LogisticRegression
0.9493333333333334,0.5032679738562091,1.0,0.006535947712418301,0.012987012987012988,0.7452013471352714,0.25273040196378876,0.25273040196378876,0.07876980770968345,0.0,0.9934640522875817,1,0,2847,152,0.04398501664400101,152000,50.666666666666664,0.745,0.0003333333333333333,LogisticRegression
0.9493333333333334,0.5032679738562091,1.0,0.006535947712418301,0.012987012987012988,0.7452013471352714,0.25273040196378876,0.25273040196378876,0.07876980770968345,0.0,0.9934640522875817,1,0,2847,152,0.04398501664400101,152000,50.666666666666664,0.755,0.0003333333333333333,LogisticRegression
0.9493333333333334,0.5032679738562091,1.0,0.006535947712418301,0.012987012987012988,0.7452013471352714,0.25273040196378876,0.25273040196378876,0.07876980770968345,0.0,0.9934640522875817,1,0,2847,152,0.04398501664400101,152000,50.666666666666664,0.765,0.0003333333333333333,LogisticRegression
0.9493333333333334,0.5032679738562091,1.0,0.006535947712418301,0.012987012987012988,0.7452013471352714,0.25273040196378876,0.25273040196378876,0.07876980770968345,0.0,0.9934640522875817,1,0,2847,152,0.04398501664400101,152000,50.666666666666664,0.775,0.0003333333333333333,LogisticRegression
0.9493333333333334,0.5032679738562091,1.0,0.006535947712418301,0.012987012987012988,0.7452013471352714,0.25273040196378876,0.25273040196378876,0.07876980770968345,0.0,0.9934640522875817,1,0,2847,152,0.04398501664400101,152000,50.666666666666664,0.7832380533218384,0.0003333333333333333,LogisticRegression
0.949,0.5,0.0,0.0,0.0,0.7452013471352714,0.25273040196378876,0.25273040196378876,0.0,0.0,1.0,0,0,2847,153,0.04398501664400101,153000,51.0,0.785,0.0,LogisticRegression
0.949,0.5,0.0,0.0,0.0,0.7452013471352714,0.25273040196378876,0.25273040196378876,0.0,0.0,1.0,0,0,2847,153,0.04398501664400101,153000,51.0,0.795,0.0,LogisticRegression
0.949,0.5,0.0,0.0,0.0,0.7452013471352714,0.25273040196378876,0.25273040196378876,0.0,0.0,1.0,0,0,2847,153,0.04398501664400101,153000,51.0,0.805,0.0,LogisticRegression
0.949,0.5,0.0,0.0,0.0,0.7452013471352714,0.25273040196378876,0.25273040196378876,0.0,0.0,1.0,0,0,2847,153,0.04398501664400101,153000,51.0,0.8150000000000001,0.0,LogisticRegression
0.949,0.5,0.0,0.0,0.0,0.7452013471352714,0.25273040196378876,0.25273040196378876,0.0,0.0,1.0,0,0,2847,153,0.04398501664400101,153000,51.0,0.8250000000000001,0.0,LogisticRegression
0.949,0.5,0.0,0.0,0.0,0.7452013471352714,0.25273040196378876,0.25273040196378876,0.0,0.0,1.0,0,0,2847,153,0.04398501664400101,153000,51.0,0.8350000000000001,0.0,LogisticRegression
0.949,0.5,0.0,0.0,0.0,0.7452013471352714,0.25273040196378876,0.25273040196378876,0.0,0.0,1.0,0,0,2847,153,0.04398501664400101,153000,51.0,0.845,0.0,LogisticRegression
0.949,0.5,0.0,0.0,0.0,0.7452013471352714,0.25273040196378876,0.25273040196378876,0.0,0.0,1.0,0,0,2847,153,0.04398501664400101,153000,51.0,0.855,0.0,LogisticRegression
0.949,0.5,0.0,0.0,0.0,0.7452013471352714,0.25273040196378876,0.25273040196378876,0.0,0.0,1.0,0,0,2847,153,0.04398501664400101,153000,51.0,0.865,0.0,LogisticRegression
0.949,0.5,0.0,0.0,0.0,0.7452013471352714,0.25273040196378876,0.25273040196378876,0.0,0.0,1.0,0,0,2847,153,0.04398501664400101,153000,51.0,0.875,0.0,LogisticRegression
0.949,0.5,0.0,0.0,0.0,0.7452013471352714,0.25273040196378876,0.25273040196378876,0.0,0.0,1.0,0,0,2847,153,0.04398501664400101,153000,51.0,0.885,0.0,LogisticRegression
0.949,0.5,0.0,0.0,0.0,0.7452013471352714,0.25273040196378876,0.25273040196378876,0.0,0.0,1.0,0,0,2847,153,0.04398501664400101,153000,51.0,0.895,0.0,LogisticRegression
0.949,0.5,0.0,0.0,0.0,0.7452013471352714,0.25273040196378876,0.25273040196378876,0.0,0.0,1.0,0,0,2847,153,0.04398501664400101,153000,51.0,0.905,0.0,LogisticRegression
0.949,0.5,0.0,0.0,0.0,0.7452013471352714,0.25273040196378876,0.25273040196378876,0.0,0.0,1.0,0,0,2847,153,0.04398501664400101,153000,51.0,0.915,0.0,LogisticRegression
0.949,0.5,0.0,0.0,0.0,0.7452013471352714,0.25273040196378876,0.25273040196378876,0.0,0.0,1.0,0,0,2847,153,0.04398501664400101,153000,51.0,0.925,0.0,LogisticRegression
0.949,0.5,0.0,0.0,0.0,0.7452013471352714,0.25273040196378876,0.25273040196378876,0.0,0.0,1.0,0,0,2847,153,0.04398501664400101,153000,51.0,0.935,0.0,LogisticRegression
0.949,0.5,0.0,0.0,0.0,0.7452013471352714,0.25273040196378876,0.25273040196378876,0.0,0.0,1.0,0,0,2847,153,0.04398501664400101,153000,51.0,0.9450000000000001,0.0,LogisticRegression
0.949,0.5,0.0,0.0,0.0,0.7452013471352714,0.25273040196378876,0.25273040196378876,0.0,0.0,1.0,0,0,2847,153,0.04398501664400101,153000,51.0,0.9550000000000001,0.0,LogisticRegression
0.949,0.5,0.0,0.0,0.0,0.7452013471352714,0.25273040196378876,0.25273040196378876,0.0,0.0,1.0,0,0,2847,153,0.04398501664400101,153000,51.0,0.965,0.0,LogisticRegression
0.949,0.5,0.0,0.0,0.0,0.7452013471352714,0.25273040196378876,0.25273040196378876,0.0,0.0,1.0,0,0,2847,153,0.04398501664400101,153000,51.0,0.975,0.0,LogisticRegression
0.949,0.5,0.0,0.0,0.0,0.7452013471352714,0.25273040196378876,0.25273040196378876,0.0,0.0,1.0,0,0,2847,153,0.04398501664400101,153000,51.0,0.985,0.0,LogisticRegression
0.949,0.5,0.0,0.0,0.0,0.7452013471352714,0.25273040196378876,0.25273040196378876,0.0,0.0,1.0,0,0,2847,153,0.04398501664400101,153000,51.0,0.995,0.0,LogisticRegression
0.949,0.5,0.0,0.0,0.0,0.7452013471352714,0.25273040196378876,0.25273040196378876,0.0,0.0,1.0,0,0,2847,153,0.04398501664400101,153000,51.0,1.000001,0.0,LogisticRegression
0.051,0.5,0.051,1.0,0.09705042816365367,0.7319825248914692,0.2122594628237961,0.2122594628237961,0.0,1.0,0.0,153,2847,0,0,0.04478439047967741,56940,18.98,0.005,1.0,RandomForest
0.051,0.5,0.051,1.0,0.09705042816365367,0.7319825248914692,0.2122594628237961,0.2122594628237961,0.0,1.0,0.0,153,2847,0,0,0.04478439047967741,56940,18.98,0.011596737267392963,1.0,RandomForest
0.063,0.5032300942856947,0.05131667792032411,0.9934640522875817,0.09759229534510434,0.7319825248914692,0.2122594628237961,0.2122594628237961,0.012708676320433994,0.9870038637161925,0.006535947712418301,152,2810,37,1,0.04478439047967741,57200,19.066666666666666,0.013820680523746392,0.9873333333333333,RandomForest
0.07533333333333334,0.5097281624275983,0.051965811965811966,0.9934640522875817,0.09876543209876543,0.7319825248914692,0.2122594628237961,0.2122594628237961,0.027416164105048515,0.974007727432385,0.006535947712418301,152,2773,74,1,0.04478439047967741,56460,18.82,0.014586012880165767,0.975,RandomForest
0.084,0.5142943724732605,0.05243187305967575,0.9934640522875817,0.09960681520314547,0.7319825248914692,0.2122594628237961,0.2122594628237961,0.03486982313280079,0.9648753073410608,0.006535947712418301,152,2747,100,1,0.04478439047967741,55940,18.64666666666667,0.015,0.9663333333333334,RandomForest
0.088,0.5164018540327968,0.052649809490820924,0.9934640522875817,0.1,0.7319825248914692,0.2122594628237961,0.2122594628237961,0.03790528563116997,0.9606603442219881,0.006535947712418301,152,2735,112,1,0.04478439047967741,55700,18.566666666666666,0.015227867919092825,0.9623333333333334,RandomForest
0.09966666666666667,0.5194563248551968,0.052982456140350874,0.9869281045751634,0.10056610056610055,0.7319825248914692,0.2122594628237961,0.2122594628237961,0.03927916021395883,0.9480154548647699,0.013071895424836602,151,2699,148,2,0.04478439047967741,55980,18.66,0.01581153706504927,0.95,RandomForest
0.11166666666666666,0.5226864191408913,0.05334281650071124,0.9803921568627451,0.10118043844856661,0.7319825248914692,0.2122594628237961,0.2122594628237961,0.04118592396861915,0.9350193185809624,0.0196078431372549,150,2662,185,3,0.04478439047967741,56240,18.746666666666666,0.01622265677855168,0.9373333333333334,RandomForest
0.124,0.5291844872827951,0.05405405405405406,0.9803921568627451,0.10245901639344263,0.7319825248914692,0.2122594628237961,0.2122594628237961,0.048752709791766956,0.9220231822971549,0.0196078431372549,150,2625,222,3,0.04478439047967741,55500,18.5,0.01646873869255605,0.925,RandomForest
0.13466666666666666,0.525527386929482,0.05370843989769821,0.9607843137254902,0.10173010380622838,0.7319825248914692,0.2122594628237961,0.2122594628237961,0.03971554557971983,0.9097295398665262,0.0392156862745098,147,2590,257,6,0.04478439047967741,57800,19.266666666666666,0.016878431006639855,0.9123333333333333,RandomForest
0.14633333333333334,0.5285818577518819,0.05407407407407407,0.954248366013072,0.10234840518752192,0.7319825248914692,0.2122594628237961,0.2122594628237961,0.04191962497540581,0.8970846505093081,0.0457516339869281,146,2554,293,7,0.04478439047967741,58080,19.36,0.017081277373291934,0.9,RandomForest
0.15833333333333333,0.5318119520375765,0.05447032306536439,0.9477124183006536,0.10301953818827708,0.7319825248914692,0.2122594628237961,0.2122594628237961,0.04426876312864026,0.8840885142255005,0.05228758169934641,145,2517,330,8,0.04478439047967741,58340,19.446666666666665,0.01740523534364375,0.8873333333333333,RandomForest
0.17,0.5348664228599764,0.054857142857142854,0.9411764705882353,0.10367170626349892,0.7319825248914692,0.2122594628237961,0.2122594628237961,0.046387028167535045,0.8714436248682824,0.058823529411764705,144,2481,366,9,0.04478439047967741,58620,19.54,0.017711077658100986,0.875,RandomForest
0.18133333333333335,0.5346529198261672,0.05488983378430615,0.9281045751633987,0.10364963503649635,0.7319825248914692,0.2122594628237961,0.2122594628237961,0.04425231939005765,0.8587987355110642,0.0718954248366013,142,2445,402,11,0.04478439047967741,59900,19.966666666666665,0.017983874990058837,0.8623333333333333,RandomForest
0.19366666666666665,0.5411509879680709,0.05568627450980392,0.9281045751633987,0.10506844247132816,0.7319825248914692,0.2122594628237961,0.2122594628237961,0.050707635975662003,0.8458025992272568,0.0718954248366013,142,2408,439,11,0.04478439047967741,59160,19.72,0.018231477394193642,0.85,RandomForest
0.205,0.5409374849342617,0.05573248407643312,0.9150326797385621,0.10506566604127579,0.7319825248914692,0.2122594628237961,0.2122594628237961,0.0488057368109866,0.8331577098700387,0.08496732026143791,140,2372,475,13,0.04478439047967741,60440,20.14666666666667,0.01840616693089217,0.8373333333333334,RandomForest
0.21666666666666667,0.5439919557566616,0.05616161616161616,0.9084967320261438,0.10578386605783865,0.7319825248914692,0.2122594628237961,0.2122594628237961,0.050941937796412644,0.8205128205128205,0.0915032679738562,139,2336,511,14,0.04478439047967741,60720,20.24,0.018613991742915323,0.825,RandomForest
0.22933333333333333,0.5506656473618601,0.05703734099302421,0.9084967320261438,0.10733590733590734,0.7319825248914692,0.2122594628237961,0.2122594628237961,0.05709539458358945,0.8071654373024236,0.0915032679738562,139,2298,549,14,0.04478439047967741,59960,19.986666666666668,0.018856424058021248,0.8123333333333334,RandomForest
0.24166666666666667,0.5571637155037639,0.057916666666666665,0.9084967320261438,0.10889150019584802,0.7319825248914692,0.2122594628237961,0.2122594628237961,0.06287943746310871,0.794169301018616,0.0915032679738562,139,2261,586,14,0.04478439047967741,59220,19.74,0.01908886076938022,0.8,RandomForest
0.25433333333333336,0.5638374071089622,0.05884843353090601,0.9084967320261438,0.11053677932405567,0.7319825248914692,0.2122594628237961,0.2122594628237961,0.06864270628968448,0.7808219178082192,0.0915032679738562,139,2223,624,14,0.04478439047967741,58460,19.486666666666668,0.01931848077900069,0.7873333333333333,RandomForest
0.26466666666666666,0.5600046832923545,0.05849462365591398,0.8888888888888888,0.10976594027441486,0.7319825248914692,0.2122594628237961,0.2122594628237961,0.06322534786115852,0.7688795223041799,0.1111111111111111,136,2189,658,17,0.04478439047967741,60780,20.26,0.019541025907821974,0.775,RandomForest
0.2773333333333333,0.566678374897553,0.059466550065588104,0.8888888888888888,0.11147540983606556,0.7319825248914692,0.2122594628237961,0.2122594628237961,0.06892497289111424,0.7555321390937829,0.1111111111111111,136,2151,696,17,0.04478439047967741,60020,20.006666666666668,0.01977151087257847,0.7623333333333333,RandomForest
0.2896666666666667,0.5731764430394567,0.060444444444444446,0.8888888888888888,0.11319184352892218,0.7319825248914692,0.2122594628237961,0.2122594628237961,0.07435648463601288,0.7425360028099754,0.1111111111111111,136,2114,733,17,0.04478439047967741,59280,19.76,0.019946443885668217,0.75,RandomForest
0.3016666666666667,0.5764065373251513,0.06103074141048825,0.8823529411764706,0.11416490486257927,0.7319825248914692,0.2122594628237961,0.2122594628237961,0.07639136897353221,0.7295398665261679,0.11764705882352941,135,2077,770,18,0.04478439047967741,59540,19.846666666666668,0.020137756870264624,0.7373333333333333,RandomForest
0.314,0.582904605467055,0.06206896551724138,0.8823529411764706,0.11597938144329897,0.7319825248914692,0.2122594628237961,0.2122594628237961,0.08169425123361258,0.7165437302423604,0.11764705882352941,135,2040,807,18,0.04478439047967741,58800,19.6,0.020393487247453542,0.725,RandomForest
0.3253333333333333,0.5826911024332458,0.062236780533458116,0.869281045751634,0.11615720524017466,0.7319825248914692,0.2122594628237961,0.2122594628237961,0.08037492259121665,0.7038988408851422,0.13071895424836602,133,2004,843,20,0.04478439047967741,60080,20.026666666666667,0.020543040440786,0.7123333333333334,RandomForest
0.337,0.5857455732556458,0.06285714285714286,0.8627450980392157,0.11717709720372836,0.7319825248914692,0.2122594628237961,0.2122594628237961,0.08232850909455362,0.6912539515279241,0.13725490196078433,132,1968,879,21,0.04478439047967741,60360,20.12,0.02074184551993208,0.7,RandomForest
0.34833333333333333,0.5855320702218365,0.06304558680892337,0.8496732026143791,0.11738148984198646,0.7319825248914692,0.2122594628237961,0.2122594628237961,0.08118067888038472,0.678609062170706,0.1503267973856209,130,1932,915,23,0.04478439047967741,61640,20.546666666666667,0.020888272052978205,0.6873333333333334,RandomForest
0.36,0.5885865410442365,0.0637037037037037,0.8431372549019608,0.1184573002754821,0.7319825248914692,0.2122594628237961,0.2122594628237961,0.08321897600028001,0.6659641728134879,0.1568627450980392,129,1896,951,24,0.04478439047967741,61920,20.64,0.021068175062312844,0.675,RandomForest
0.37266666666666665,0.595260232649435,0.06492199295420231,0.8431372549019608,0.12056074766355139,0.7319825248914692,0.2122594628237961,0.2122594628237961,0.08862932183877868,0.652616789603091,0.1568627450980392,129,1858,989,24,0.04478439047967741,61160,20.386666666666667,0.02122262922626726,0.6623333333333333,RandomForest
0.385,0.6017583007913386,0.06615384615384616,0.8431372549019608,0.12268188302425109,0.7319825248914692,0.2122594628237961,0.2122594628237961,0.09387011193494209,0.6396206533192834,0.1568627450980392,129,1821,1026,24,0.04478439047967741,60420,20.14,0.02141646006400615,0.65,RandomForest
0.39766666666666667,0.6084319923965371,0.06746861924686193,0.8431372549019608,0.12493946731234867,0.7319825248914692,0.2122594628237961,0.2122594628237961,0.09923582643342936,0.6262732701088866,0.1568627450980392,129,1783,1064,24,0.04478439047967741,59660,19.886666666666667,0.021596999820652326,0.6373333333333333,RandomForest
0.4093333333333333,0.6114864632189371,0.06826666666666667,0.8366013071895425,0.126232741617357,0.7319825248914692,0.2122594628237961,0.2122594628237961,0.10132455045044064,0.6136283807516684,0.16339869281045752,128,1747,1100,25,0.04478439047967741,59940,19.98,0.021834098577769044,0.625,RandomForest
0.42133333333333334,0.6147165575046316,0.06913445835601524,0.8300653594771242,0.12763819095477386,0.7319825248914692,0.2122594628237961,0.2122594628237961,0.10359793887769587,0.6006322444678609,0.16993464052287582,127,1710,1137,26,0.04478439047967741,60200,20.066666666666666,0.022083416645763833,0.6123333333333333,RandomForest
0.43366666666666664,0.6212146256465354,0.07055555555555555,0.8300653594771242,0.1300563236047107,0.7319825248914692,0.2122594628237961,0.2122594628237961,0.10886733545872913,0.5876361081840534,0.16993464052287582,127,1673,1174,26,0.04478439047967741,59460,19.82,0.022323836894117936,0.6,RandomForest
0.44566666666666666,0.62444471993223,0.07150964812712826,0.8235294117647058,0.13159268929503917,0.7319825248914692,0.2122594628237961,0.2122594628237961,0.11121993704471929,0.5746399719002458,0.17647058823529413,126,1636,1211,27,0.04478439047967741,59720,19.906666666666666,0.022480991341746016,0.5873333333333334,RandomForest
0.458,0.6309427880741337,0.07304347826086957,0.8235294117647058,0.13418530351437702,0.7319825248914692,0.2122594628237961,0.2122594628237961,0.11654707712952067,0.5616438356164384,0.17647058823529413,126,1599,1248,27,0.04478439047967741,58980,19.66,0.02262846373740967,0.575,RandomForest
0.4706666666666667,0.6376164796793322,0.07468879668049792,0.8235294117647058,0.13695652173913045,0.7319825248914692,0.2122594628237961,0.2122594628237961,0.12205342880750643,0.5482964524060414,0.17647058823529413,126,1561,1286,27,0.04478439047967741,58220,19.406666666666666,0.022842356729925316,0.5623333333333334,RandomForest
0.48233333333333334,0.6406709505017321,0.07575757575757576,0.8169934640522876,0.1386577925679423,0.7319825248914692,0.2122594628237961,0.2122594628237961,0.12441278451521902,0.5356515630488233,0.1830065359477124,125,1525,1322,28,0.04478439047967741,58500,19.5,0.023043192422886515,0.55,RandomForest
0.49433333333333335,0.6439010447874267,0.07692307692307693,0.8104575163398693,0.14050991501416432,0.7319825248914692,0.2122594628237961,0.2122594628237961,0.12698608673706605,0.5226554267650158,0.1895424836601307,124,1488,1359,29,0.04478439047967741,58760,19.586666666666666,0.023237901839631574,0.5373333333333333,RandomForest
0.5053333333333333,0.6435119182903228,0.07746031746031747,0.7973856209150327,0.14120370370370372,0.7319825248914692,0.2122594628237961,0.2122594628237961,0.12644734152250817,0.5103617843343871,0.20261437908496732,122,1453,1394,31,0.04478439047967741,60060,20.02,0.023452008551128934,0.525,RandomForest
0.5173333333333333,0.6467420125760174,0.07872478854912167,0.7908496732026143,0.14319526627218934,0.7319825248914692,0.2122594628237961,0.2122594628237961,0.1291709396913073,0.49736564805057953,0.20915032679738563,121,1416,1431,32,0.04478439047967741,60320,20.106666666666666,0.02362846200663401,0.5123333333333333,RandomForest
0.5296666666666666,0.6532400807179212,0.08066666666666666,0.7908496732026143,0.14640048396854202,0.7319825248914692,0.2122594628237961,0.2122594628237961,0.13484987793293193,0.48436951176677207,0.20915032679738563,121,1379,1468,32,0.04478439047967741,59580,19.86,0.02386350126829706,0.5,RandomForest
0.542,0.6597381488598248,0.08270676691729323,0.7908496732026143,0.14975247524752472,0.7319825248914692,0.2122594628237961,0.2122594628237961,0.14061090229415135,0.47137337548296454,0.20915032679738563,121,1342,1505,32,0.04478439047967741,58840,19.613333333333333,0.024047506687495203,0.4876666666666667,RandomForest
0.5546666666666666,0.6664118404650234,0.08491228070175438,0.7908496732026143,0.15335868187579213,0.7319825248914692,0.2122594628237961,0.2122594628237961,0.14662430183743747,0.45802599227256763,0.20915032679738563,121,1304,1543,32,0.04478439047967741,58080,19.36,0.024252806442055498,0.475,RandomForest
0.567,0.6729099086069271,0.08717579250720461,0.7908496732026143,0.15704088254380272,0.7319825248914692,0.2122594628237961,0.2122594628237961,0.15258508153636358,0.4450298559887601,0.20915032679738563,121,1267,1580,32,0.04478439047967741,57340,19.113333333333333,0.02452043773728208,0.46266666666666667,RandomForest
0.579,0.6761400028926217,0.08888888888888889,0.7843137254901961,0.1596806387225549,0.7319825248914692,0.2122594628237961,0.2122594628237961,0.15578247069653495,0.4320337197049526,0.21568627450980393,120,1230,1617,33,0.04478439047967741,57600,19.2,0.024764276449891914,0.45,RandomForest
0.5863333333333334,0.6707266679063617,0.08850226928895613,0.7647058823529411,0.15864406779661017,0.7319825248914692,0.2122594628237961,0.2122594628237961,0.1513070287639903,0.42325254654021777,0.23529411764705882,117,1205,1642,36,0.04478439047967741,60100,20.033333333333335,0.025,0.44066666666666665,RandomForest
0.5886666666666667,0.6688636817565101,0.08834729626808835,0.7581699346405228,0.1582537517053206,0.7319825248914692,0.2122594628237961,0.2122594628237961,0.14976688407861505,0.4204425711275026,0.24183006535947713,116,1197,1650,37,0.04478439047967741,60940,20.313333333333333,0.02506030612208502,0.43766666666666665,RandomForest
0.598,0.6583193867641893,0.08705882352941176,0.7254901960784313,0.15546218487394955,0.7319825248914692,0.2122594628237961,0.2122594628237961,0.14091392165758612,0.4088514225500527,0.27450980392156865,111,1164,1683,42,0.04478439047967741,65280,21.76,0.025316616090119298,0.425,RandomForest
0.6096666666666667,0.6613738575865893,0.0888529886914378,0.7189542483660131,0.15815959741193386,0.7319825248914692,0.2122594628237961,0.2122594628237961,0.14422460262852496,0.39620653319283455,0.28104575163398693,110,1128,1719,43,0.04478439047967741,65560,21.85333333333333,0.02569659819903554,0.4126666666666667,RandomForest
0.6216666666666667,0.6646039518722839,0.09083333333333334,0.7124183006535948,0.16112342941611235,0.7319825248914692,0.2122594628237961,0.2122594628237961,0.14783689303770603,0.38321039690902703,0.2875816993464052,109,1091,1756,44,0.04478439047967741,65820,21.94,0.026124858435240497,0.4,RandomForest
0.6333333333333333,0.6676584226946838,0.09286328460877043,0.7058823529411765,0.16413373860182373,0.7319825248914692,0.2122594628237961,0.2122594628237961,0.1514085447164284,0.37056550755180895,0.29411764705882354,108,1055,1792,45,0.04478439047967741,66100,22.033333333333335,0.02657662833336565,0.38766666666666666,RandomForest
0.6446666666666667,0.6674449196608745,0.09422222222222222,0.6928104575163399,0.16588419405320814,0.7319825248914692,0.2122594628237961,0.2122594628237961,0.15218243291591277,0.3579206181945908,0.30718954248366015,106,1019,1828,47,0.04478439047967741,67380,22.46,0.026967895607670267,0.375,RandomForest
0.6556666666666666,0.6670557931637706,0.09558823529411764,0.6797385620915033,0.16760676873489122,0.7319825248914692,0.2122594628237961,0.2122594628237961,0.1528877163344298,0.34562697576396206,0.3202614379084967,104,984,1863,49,0.04478439047967741,68680,22.893333333333334,0.027418823363243364,0.3626666666666667,RandomForest
0.6683333333333333,0.673729484768969,0.09904761904761905,0.6797385620915033,0.17290108063175394,0.7319825248914692,0.2122594628237961,0.2122594628237961,0.1602621707992497,0.33227959255356515,0.3202614379084967,104,946,1901,49,0.04478439047967741,67920,22.64,0.028068703537186653,0.35,RandomForest
0.6793333333333333,0.6733403582718651,0.10069101678183613,0.6666666666666666,0.17495711835334476,0.7319825248914692,0.2122594628237961,0.2122594628237961,0.161274416129798,0.3199859501229364,0.3333333333333333,102,911,1936,51,0.04478439047967741,69220,23.073333333333334,0.0288013746232145,0.33766666666666667,RandomForest
0.69,0.6696832579185521,0.10153846153846154,0.6470588235294118,0.17553191489361702,0.7319825248914692,0.2122594628237961,0.2122594628237961,0.15940194528333518,0.3076923076923077,0.35294117647058826,99,876,1971,54,0.04478439047967741,71520,23.84,0.029629626488201423,0.325,RandomForest
0.7016666666666667,0.672737728740952,0.1044776119402985,0.6405228758169934,0.17965169569202566,0.7319825248914692,0.2122594628237961,0.2122594628237961,0.16394980328520242,0.2950474183350896,0.35947712418300654,98,840,2007,55,0.04478439047967741,71800,23.933333333333334,0.03055616797987915,0.31266666666666665,RandomForest
0.7136666666666667,0.6759678230266466,0.10777777777777778,0.6339869281045751,0.1842355175688509,0.7319825248914692,0.2122594628237961,0.2122594628237961,0.16895529376432492,0.28205128205128205,0.3660130718954248,97,803,2044,56,0.04478439047967741,72060,24.02,0.03143081798021373,0.3,RandomForest
0.7253333333333334,0.6790222938490464,0.11123986095017381,0.6274509803921569,0.1889763779527559,0.7319825248914692,0.2122594628237961,0.2122594628237961,0.17400787493231082,0.2694063926940639,0.37254901960784315,96,767,2080,57,0.04478439047967741,72340,24.113333333333333,0.032275770437607834,0.2876666666666667,RandomForest
0.7366666666666667,0.6788087908152373,0.11393939393939394,0.6143790849673203,0.19222903885480572,0.7319825248914692,0.2122594628237961,0.2122594628237961,0.17619829679357563,0.2567615033368458,0.38562091503267976,94,731,2116,59,0.04478439047967741,73620,24.54,0.03371883564142748,0.275,RandomForest
0.743,0.6759609358320076,0.11471321695760599,0.6013071895424836,0.19267015706806284,0.7319825248914692,0.2122594628237961,0.2122594628237961,0.17493821044133023,0.24938531787846857,0.39869281045751637,92,710,2137,61,0.04478439047967741,75200,25.066666666666666,0.034999999999999996,0.2673333333333333,RandomForest
0.7476666666666667,0.6784196643181333,0.116751269035533,0.6013071895424836,0.19553666312433582,0.7319825248914692,0.2122594628237961,0.2122594628237961,0.17838424415254422,0.24446786090621708,0.39869281045751637,92,696,2151,61,0.04478439047967741,74920,24.973333333333333,0.03582512852765429,0.26266666666666666,RandomForest
0.7583333333333333,0.6747625639648203,0.11866666666666667,0.5816993464052288,0.19712070874861573,0.7319825248914692,0.2122594628237961,0.2122594628237961,0.17758078095424254,0.23217421847558833,0.41830065359477125,89,661,2186,64,0.04478439047967741,77220,25.74,0.03787146398536264,0.25,RandomForest
0.7693333333333333,0.6743734374677163,0.12201963534361851,0.5686274509803921,0.20092378752886836,0.7319825248914692,0.2122594628237961,0.2122594628237961,0.18024861087059604,0.2198805760449596,0.43137254901960786,87,626,2221,66,0.04478439047967741,78520,26.173333333333332,0.04060409264403825,0.23766666666666666,RandomForest
0.7806666666666666,0.6741599344339071,0.1259259259259259,0.5555555555555556,0.20531400966183574,0.7319825248914692,0.2122594628237961,0.2122594628237961,0.1835077169628747,0.20723568668774148,0.4444444444444444,85,590,2257,68,0.04478439047967741,79800,26.6,0.04320376322854296,0.225,RandomForest
0.7893333333333333,0.6756337940866547,0.12982998454404945,0.5490196078431373,0.21000000000000002,0.7319825248914692,0.2122594628237961,0.2122594628237961,0.18789465409318237,0.1977520196698279,0.45098039215686275,84,563,2284,69,0.04478439047967741,80260,26.753333333333334,0.045,0.21566666666666667,RandomForest
0.7923333333333333,0.6772144052563069,0.13166144200626959,0.5490196078431373,0.21238938053097345,0.7319825248914692,0.2122594628237961,0.2122594628237961,0.19055404849928487,0.19459079733052337,0.45098039215686275,84,554,2293,69,0.04478439047967741,80080,26.69333333333333,0.045807826111677816,0.21266666666666667,RandomForest
0.8043333333333333,0.6804444995420016,0.13833333333333334,0.5424836601307189,0.2204515272244356,0.7319825248914692,0.2122594628237961,0.2122594628237961,0.19848689897993352,0.18159466104671584,0.45751633986928103,83,517,2330,70,0.04478439047967741,80340,26.78,0.04825761258440934,0.2,RandomForest
0.8146666666666667,0.6766117757253938,0.14209591474245115,0.5228758169934641,0.223463687150838,0.7319825248914692,0.2122594628237961,0.2122594628237961,0.19902477414589492,0.1696522655426765,0.477124183006536,80,483,2364,73,0.04478439047967741,82660,27.553333333333335,0.051128701772618634,0.18766666666666668,RandomForest
0.826,0.6763982726915845,0.14857142857142858,0.5098039215686274,0.23008849557522126,0.7319825248914692,0.2122594628237961,0.2122594628237961,0.20426620458874659,0.15700737618545837,0.49019607843137253,78,447,2400,75,0.04478439047967741,83940,27.98,0.05434070782276687,0.175,RandomForest
0.8296666666666667,0.6783301307878262,0.1517509727626459,0.5098039215686274,0.2338830584707646,0.7319825248914692,0.2122594628237961,0.2122594628237961,0.20823899114492747,0.15314365999297505,0.49019607843137253,78,436,2411,75,0.04478439047967741,83720,27.906666666666666,0.055,0.17133333333333334,RandomForest
0.837,0.6760091461944806,0.1557377049180328,0.49673202614379086,0.23712948517940716,0.7319825248914692,0.2122594628237961,0.2122594628237961,0.20983839332799017,0.14471373375482965,0.5032679738562091,76,412,2435,77,0.04478439047967741,85240,28.413333333333334,0.05779303336224615,0.16266666666666665,RandomForest
0.845,0.6585776565631521,0.15333333333333332,0.45098039215686275,0.22885572139303484,0.7319825248914692,0.2122594628237961,0.2122594628237961,0.1954047394710657,0.13382507903055849,0.5490196078431373,69,381,2466,84,0.04478439047967741,91620,30.54,0.06156943666183666,0.15,RandomForest
0.856,0.6581885300660482,0.162227602905569,0.43790849673202614,0.23674911660777387,0.7319825248914692,0.2122594628237961,0.2122594628237961,0.20200922148674139,0.12153143659992975,0.5620915032679739,67,346,2501,86,0.04478439047967741,92920,30.973333333333333,0.06462515974514631,0.13766666666666666,RandomForest
0.857,0.6587154004559324,0.16341463414634147,0.43790849673202614,0.2380106571936057,0.7319825248914692,0.2122594628237961,0.2122594628237961,0.20330436514167888,0.12047769582016157,0.5620915032679739,67,343,2504,86,0.04478439047967741,92860,30.953333333333333,0.065,0.13666666666666666,RandomForest
0.8686666666666667,0.6648622216712466,0.17866666666666667,0.43790849673202614,0.2537878787878788,0.7319825248914692,0.2122594628237961,0.2122594628237961,0.21933619491562864,0.10818405338953284,0.5620915032679739,67,308,2539,86,0.04478439047967741,92160,30.72,0.06795750214187578,0.125,RandomForest
0.8776666666666667,0.6541423032156312,0.1834319526627219,0.40522875816993464,0.2525458248472505,0.7319825248914692,0.2122594628237961,0.2122594628237961,0.2145007983507464,0.09694415173867228,0.5947712418300654,62,276,2571,91,0.04478439047967741,96520,32.17333333333333,0.07256192702723904,0.11266666666666666,RandomForest
0.883,0.6507675778425174,0.18867924528301888,0.39215686274509803,0.25477707006369427,0.7319825248914692,0.2122594628237961,0.2122594628237961,0.21549363927820697,0.09062170706006323,0.6078431372549019,60,258,2589,93,0.04478439047967741,98160,32.72,0.07500000000000001,0.106,RandomForest
0.8883333333333333,0.6504852028623181,0.19666666666666666,0.38562091503267976,0.26048565121412803,0.7319825248914692,0.2122594628237961,0.2122594628237961,0.22070935077412454,0.08465050930804355,0.6143790849673203,59,241,2606,94,0.04478439047967741,98820,32.94,0.07658936284987604,0.1,RandomForest
0.8986666666666666,0.6466524790457103,0.21292775665399238,0.3660130718954248,0.2692307692307692,0.7319825248914692,0.2122594628237961,0.2122594628237961,0.22816213943120578,0.07270811380400422,0.6339869281045751,56,207,2640,97,0.04478439047967741,101140,33.71333333333333,0.0844403596167753,0.08766666666666667,RandomForest
0.9016666666666666,0.6482330902153626,0.2204724409448819,0.3660130718954248,0.2751842751842752,0.7319825248914692,0.2122594628237961,0.2122594628237961,0.2342866175064386,0.06954689146469968,0.6339869281045751,56,198,2649,97,0.04478439047967741,100960,33.653333333333336,0.085,0.08466666666666667,RandomForest
0.91,0.646438976011901,0.24,0.35294117647058826,0.28571428571428564,0.7319825248914692,0.2122594628237961,0.2122594628237961,0.24462642877815807,0.06006322444678609,0.6470588235294118,54,171,2676,99,0.04478439047967741,102420,34.14,0.09292092534074525,0.075,RandomForest
0.913,0.644927236788639,0.24766355140186916,0.3464052287581699,0.28882833787465945,0.7319825248914692,0.2122594628237961,0.2122594628237961,0.24775476383796896,0.05655075518089217,0.6535947712418301,53,161,2686,100,0.04478439047967741,103220,34.406666666666666,0.095,0.07133333333333333,RandomForest
0.9203333333333333,0.6426062521952933,0.2712765957446808,0.3333333333333333,0.2991202346041056,0.7319825248914692,0.2122594628237961,0.2122594628237961,0.25889366778816886,0.04812082894274675,0.6666666666666666,51,137,2710,102,0.04478439047967741,104740,34.913333333333334,0.10335532196466703,0.06266666666666666,RandomForest
0.9216666666666666,0.6371240452626432,0.2722222222222222,0.3202614379084967,0.29429429429429427,0.7319825248914692,0.2122594628237961,0.2122594628237961,0.25405178737055867,0.0460133473832104,0.6797385620915033,49,131,2716,104,0.04478439047967741,106620,35.54,0.10500000000000001,0.06,RandomForest
0.9276666666666666,0.621731165244461,0.2866666666666667,0.28104575163398693,0.2838283828382838,0.7319825248914692,0.2122594628237961,0.2122594628237961,0.24575545372804328,0.03758342114506498,0.7189542483660131,43,107,2740,110,0.04478439047967741,112140,37.38,0.1134795005914442,0.05,RandomForest
0.9293333333333333,0.6195169321680201,0.2937062937062937,0.27450980392156865,0.2837837837837838,0.7319825248914692,0.2122594628237961,0.2122594628237961,0.24681738267082684,0.035475939585528624,0.7254901960784313,42,101,2746,111,0.04478439047967741,113020,37.67333333333333,0.115,0.04766666666666667,RandomForest
0.9336666666666666,0.6156153364050222,0.31746031746031744,0.26143790849673204,0.28673835125448033,0.7319825248914692,0.2122594628237961,0.2122594628237961,0.2536040806696199,0.03020723568668774,0.738562091503268,40,86,2761,113,0.04478439047967741,114720,38.24,0.125,0.042,RandomForest
0.9376666666666666,0.6177228179645585,0.3508771929824561,0.26143790849673204,0.299625468164794,0.7319825248914692,0.2122594628237961,0.2122594628237961,0.2709127875609158,0.02599227256761503,0.738562091503268,40,74,2773,113,0.04478439047967741,114480,38.16,0.135,0.038,RandomForest
0.9373333333333334,0.6144548441083493,0.34513274336283184,0.2549019607843137,0.2932330827067669,0.7319825248914692,0.2122594628237961,0.2122594628237961,0.26450933834205254,0.02599227256761503,0.7450980392156863,39,74,2773,114,0.04478439047967741,115480,38.49333333333333,0.13745982878917223,0.03766666666666667,RandomForest
0.9396666666666667,0.6125918579584977,0.36538461538461536,0.24836601307189543,0.2957198443579766,0.7319825248914692,0.2122594628237961,0.2122594628237961,0.2708073716006182,0.023182297154899896,0.7516339869281046,38,66,2781,115,0.04478439047967741,116320,38.77333333333333,0.14500000000000002,0.034666666666666665,RandomForest
0.941,0.6040173006329332,0.3723404255319149,0.22875816993464052,0.28340080971659914,0.7319825248914692,0.2122594628237961,0.2122594628237961,0.2627019472840199,0.02072356866877415,0.7712418300653595,35,59,2788,118,0.04478439047967741,119180,39.72666666666667,0.155,0.03133333333333333,RandomForest
0.941,0.5885555486683609,0.35714285714285715,0.19607843137254902,0.2531645569620253,0.7319825248914692,0.2122594628237961,0.2122594628237961,0.23618473224849856,0.018967334035827187,0.803921568627451,30,54,2793,123,0.04478439047967741,124080,41.36,0.165,0.028,RandomForest
0.9423333333333334,0.5830733417357108,0.3684210526315789,0.1830065359477124,0.2445414847161572,0.7319825248914692,0.2122594628237961,0.2122594628237961,0.23261389064089613,0.01685985247629083,0.8169934640522876,28,48,2799,125,0.04478439047967741,125960,41.986666666666665,0.17500000000000002,0.025333333333333333,RandomForest
0.9426666666666667,0.5832489651990055,0.37333333333333335,0.1830065359477124,0.2456140350877193,0.7319825248914692,0.2122594628237961,0.2122594628237961,0.2346144308812559,0.01650860554970144,0.8169934640522876,28,47,2800,125,0.04478439047967741,125940,41.98,0.17759244615912018,0.025,RandomForest
0.943,0.5772398878764713,0.37142857142857144,0.16993464052287582,0.2331838565022421,0.7319825248914692,0.2122594628237961,0.2122594628237961,0.22512734475727783,0.015454864769933263,0.8300653594771242,26,44,2803,127,0.04478439047967741,127880,42.626666666666665,0.185,0.023333333333333334,RandomForest
0.9446666666666667,0.5750256548000303,0.3968253968253968,0.16339869281045752,0.23148148148148145,0.7319825248914692,0.2122594628237961,0.2122594628237961,0.23022739056264,0.013347383210396909,0.8366013071895425,25,38,2809,128,0.04478439047967741,128760,42.92,0.195,0.021,RandomForest
0.9446666666666667,0.565748603621287,0.38596491228070173,0.1437908496732026,0.20952380952380947,0.7319825248914692,0.2122594628237961,0.2122594628237961,0.211896322448125,0.012293642430628733,0.8562091503267973,22,35,2812,131,0.04478439047967741,131700,43.9,0.20500000000000002,0.019,RandomForest
0.9463333333333334,0.5666267209377605,0.4230769230769231,0.1437908496732026,0.21463414634146338,0.7319825248914692,0.2122594628237961,0.2122594628237961,0.22462209476594713,0.01053740779768177,0.8562091503267973,22,30,2817,131,0.04478439047967741,131600,43.86666666666667,0.215,0.017333333333333333,RandomForest
0.9466666666666667,0.5575252932223118,0.4222222222222222,0.12418300653594772,0.19191919191919188,0.7319825248914692,0.2122594628237961,0.2122594628237961,0.20822999381161394,0.0091324200913242,0.8758169934640523,19,26,2821,134,0.04478439047967741,134520,44.84,0.225,0.015,RandomForest
0.948,0.5582277870754906,0.4634146341463415,0.12418300653594772,0.19587628865979384,0.7319825248914692,0.2122594628237961,0.2122594628237961,0.22066594730162947,0.007727432384966632,0.8758169934640523,19,22,2825,134,0.04478439047967741,134440,44.81333333333333,0.23500000000000001,0.013666666666666667,RandomForest
0.9476666666666667,0.5549598132192813,0.45,0.11764705882352941,0.18652849740932642,0.7319825248914692,0.2122594628237961,0.2122594628237961,0.21083312285203296,0.007727432384966632,0.8823529411764706,18,22,2825,135,0.04478439047967741,135440,45.14666666666667,0.245,0.013333333333333334,RandomForest
0.9483333333333334,0.5553110601458707,0.47368421052631576,0.11764705882352941,0.18848167539267016,0.7319825248914692,0.2122594628237961,0.2122594628237961,0.2176191461181352,0.007024938531787847,0.8823529411764706,18,20,2827,135,0.04478439047967741,135400,45.13333333333333,0.2524685368015299,0.012666666666666666,RandomForest
0.9486666666666667,0.5554866836091654,0.4864864864864865,0.11764705882352941,0.18947368421052632,0.7319825248914692,0.2122594628237961,0.2122594628237961,0.2212032609835257,0.0066736916051984545,0.8823529411764706,18,19,2828,135,0.04478439047967741,135380,45.126666666666665,0.255,0.012333333333333333,RandomForest
0.9486666666666667,0.5493019828233365,0.48484848484848486,0.10457516339869281,0.17204301075268819,0.7319825248914692,0.2122594628237961,0.2122594628237961,0.2079783304606866,0.00597119775201967,0.8954248366013072,16,17,2830,137,0.04478439047967741,137340,45.78,0.265,0.011,RandomForest
0.948,0.5427660351109183,0.45161290322580644,0.0915032679738562,0.15217391304347827,0.7319825248914692,0.2122594628237961,0.2122594628237961,0.1860726261433483,0.00597119775201967,0.9084967320261438,14,17,2830,139,0.04478439047967741,139340,46.446666666666665,0.275,0.010333333333333333,RandomForest
0.948,0.5396736847180038,0.4482758620689655,0.08496732026143791,0.14285714285714285,0.7319825248914692,0.2122594628237961,0.2122594628237961,0.17841101234437146,0.005619950825430277,0.9150326797385621,13,16,2831,140,0.04478439047967741,140320,46.77333333333333,0.28500000000000003,0.009666666666666667,RandomForest
0.948,0.5365813343250894,0.4444444444444444,0.0784313725490196,0.13333333333333333,0.7319825248914692,0.2122594628237961,0.2122594628237961,0.17043141531738307,0.005268703898840885,0.9215686274509803,12,15,2832,141,0.04478439047967741,141300,47.1,0.295,0.009,RandomForest
0.9473333333333334,0.5300453866126711,0.4,0.06535947712418301,0.11235955056179776,0.7319825248914692,0.2122594628237961,0.2122594628237961,0.14542321843321082,0.005268703898840885,0.934640522875817,10,15,2832,143,0.04478439047967741,143300,47.766666666666666,0.305,0.008333333333333333,RandomForest
0.9476666666666667,0.5302210100759658,0.4166666666666667,0.06535947712418301,0.11299435028248588,0.7319825248914692,0.2122594628237961,0.2122594628237961,0.14926443314998042,0.004917456972251493,0.934640522875817,10,14,2833,143,0.04478439047967741,143280,47.76,0.315,0.008,RandomForest
0.948,0.5303966335392605,0.43478260869565216,0.06535947712418301,0.11363636363636363,0.7319825248914692,0.2122594628237961,0.2122594628237961,0.15333510573089845,0.0045662100456621,0.934640522875817,10,13,2834,143,0.04478439047967741,143260,47.75333333333333,0.325,0.007666666666666666,RandomForest
0.948,0.527304283146346,0.42857142857142855,0.058823529411764705,0.10344827586206895,0.7319825248914692,0.2122594628237961,0.2122594628237961,0.14409712787981502,0.004214963119072708,0.9411764705882353,9,12,2835,144,0.04478439047967741,144240,48.08,0.335,0.007,RandomForest
0.949,0.5247388031433157,0.5,0.05228758169934641,0.09467455621301775,0.7319825248914692,0.2122594628237961,0.2122594628237961,0.1494475255447605,0.0028099754127151387,0.9477124183006536,8,8,2839,145,0.04478439047967741,145160,48.38666666666666,0.34500000000000003,0.005333333333333333,RandomForest
0.95,0.5252656735331998,0.6153846153846154,0.05228758169934641,0.0963855421686747,0.7319825248914692,0.2122594628237961,0.2122594628237961,0.16924312561043867,0.0017562346329469617,0.9477124183006536,8,5,2842,145,0.04478439047967741,145100,48.36666666666667,0.35500000000000004,0.004333333333333333,RandomForest
0.9503333333333334,0.5254412969964944,0.6666666666666666,0.05228758169934641,0.09696969696969696,0.7319825248914692,0.2122594628237961,0.2122594628237961,0.1773486034441522,0.0014049877063575693,0.9477124183006536,8,4,2843,145,0.04478439047967741,145080,48.36,0.365,0.004,RandomForest
0.9503333333333334,0.5254412969964944,0.6666666666666666,0.05228758169934641,0.09696969696969696,0.7319825248914692,0.2122594628237961,0.2122594628237961,0.1773486034441522,0.0014049877063575693,0.9477124183006536,8,4,2843,145,0.04478439047967741,145080,48.36,0.375,0.004,RandomForest
0.9503333333333334,0.5254412969964944,0.6666666666666666,0.05228758169934641,0.09696969696969696,0.7319825248914692,0.2122594628237961,0.2122594628237961,0.1773486034441522,0.0014049877063575693,0.9477124183006536,8,4,2843,145,0.04478439047967741,145080,48.36,0.385,0.004,RandomForest
0.95,0.5221733231402853,0.6363636363636364,0.0457516339869281,0.08536585365853658,0.7319825248914692,0.2122594628237961,0.2122594628237961,0.16141389995916336,0.0014049877063575693,0.954248366013072,7,4,2843,146,0.04478439047967741,146080,48.693333333333335,0.395,0.0036666666666666666,RandomForest
0.9503333333333334,0.52234894660358,0.7,0.0457516339869281,0.08588957055214724,0.7319825248914692,0.2122594628237961,0.2122594628237961,0.1706046673840555,0.001053740779768177,0.954248366013072,7,3,2844,146,0.04478439047967741,146060,48.68666666666667,0.405,0.0033333333333333335,RandomForest
0.9496666666666667,0.5158129988911617,0.625,0.032679738562091505,0.062111801242236024,0.7319825248914692,0.2122594628237961,0.2122594628237961,0.1349142728665697,0.001053740779768177,0.9673202614379085,5,3,2844,148,0.04478439047967741,148060,49.35333333333333,0.41500000000000004,0.0026666666666666666,RandomForest
0.9496666666666667,0.5158129988911617,0.625,0.032679738562091505,0.062111801242236024,0.7319825248914692,0.2122594628237961,0.2122594628237961,0.1349142728665697,0.001053740779768177,0.9673202614379085,5,3,2844,148,0.04478439047967741,148060,49.35333333333333,0.425,0.0026666666666666666,RandomForest
0.949,0.5092770511787433,0.5,0.0196078431372549,0.03773584905660377,0.7319825248914692,0.2122594628237961,0.2122594628237961,0.09136458248345632,0.001053740779768177,0.9803921568627451,3,3,2844,150,0.04478439047967741,150060,50.02,0.435,0.002,RandomForest
0.949,0.5061847007858289,0.5,0.013071895424836602,0.02547770700636943,0.7319825248914692,0.2122594628237961,0.2122594628237961,0.07457396556973096,0.0007024938531787847,0.9869281045751634,2,2,2845,151,0.04478439047967741,151040,50.346666666666664,0.445,0.0013333333333333333,RandomForest
0.949,0.5061847007858289,0.5,0.013071895424836602,0.02547770700636943,0.7319825248914692,0.2122594628237961,0.2122594628237961,0.07457396556973096,0.0007024938531787847,0.9869281045751634,2,2,2845,151,0.04478439047967741,151040,50.346666666666664,0.455,0.0013333333333333333,RandomForest
0.949,0.5061847007858289,0.5,0.013071895424836602,0.02547770700636943,0.7319825248914692,0.2122594628237961,0.2122594628237961,0.07457396556973096,0.0007024938531787847,0.9869281045751634,2,2,2845,151,0.04478439047967741,151040,50.346666666666664,0.465,0.0013333333333333333,RandomForest
0.9486666666666667,0.5029167269296198,0.3333333333333333,0.006535947712418301,0.01282051282051282,0.7319825248914692,0.2122594628237961,0.2122594628237961,0.040603289275935706,0.0007024938531787847,0.9934640522875817,1,2,2845,152,0.04478439047967741,152040,50.68,0.47500000000000003,0.001,RandomForest
0.9486666666666667,0.5029167269296198,0.3333333333333333,0.006535947712418301,0.01282051282051282,0.7319825248914692,0.2122594628237961,0.2122594628237961,0.040603289275935706,0.0007024938531787847,0.9934640522875817,1,2,2845,152,0.04478439047967741,152040,50.68,0.485,0.001,RandomForest
0.9483333333333334,0.4996487530734106,0.0,0.0,0.0,0.7319825248914692,0.2122594628237961,0.2122594628237961,-0.005987577743707604,0.0007024938531787847,1.0,0,2,2845,153,0.04478439047967741,153040,51.013333333333335,0.495,0.0006666666666666666,RandomForest
0.9483333333333334,0.4996487530734106,0.0,0.0,0.0,0.7319825248914692,0.2122594628237961,0.2122594628237961,-0.005987577743707604,0.0007024938531787847,1.0,0,2,2845,153,0.04478439047967741,153040,51.013333333333335,0.505,0.0006666666666666666,RandomForest
0.9483333333333334,0.4996487530734106,0.0,0.0,0.0,0.7319825248914692,0.2122594628237961,0.2122594628237961,-0.005987577743707604,0.0007024938531787847,1.0,0,2,2845,153,0.04478439047967741,153040,51.013333333333335,0.515,0.0006666666666666666,RandomForest
0.9483333333333334,0.4996487530734106,0.0,0.0,0.0,0.7319825248914692,0.2122594628237961,0.2122594628237961,-0.005987577743707604,0.0007024938531787847,1.0,0,2,2845,153,0.04478439047967741,153040,51.013333333333335,0.525,0.0006666666666666666,RandomForest
0.9483333333333334,0.4996487530734106,0.0,0.0,0.0,0.7319825248914692,0.2122594628237961,0.2122594628237961,-0.005987577743707604,0.0007024938531787847,1.0,0,2,2845,153,0.04478439047967741,153040,51.013333333333335,0.535,0.0006666666666666666,RandomForest
0.9483333333333334,0.4996487530734106,0.0,0.0,0.0,0.7319825248914692,0.2122594628237961,0.2122594628237961,-0.005987577743707604,0.0007024938531787847,1.0,0,2,2845,153,0.04478439047967741,153040,51.013333333333335,0.545,0.0006666666666666666,RandomForest
0.9483333333333334,0.4996487530734106,0.0,0.0,0.0,0.7319825248914692,0.2122594628237961,0.2122594628237961,-0.005987577743707604,0.0007024938531787847,1.0,0,2,2845,153,0.04478439047967741,153040,51.013333333333335,0.555,0.0006666666666666666,RandomForest
0.9483333333333334,0.4996487530734106,0.0,0.0,0.0,0.7319825248914692,0.2122594628237961,0.2122594628237961,-0.005987577743707604,0.0007024938531787847,1.0,0,2,2845,153,0.04478439047967741,153040,51.013333333333335,0.5650000000000001,0.0006666666666666666,RandomForest
0.9483333333333334,0.4996487530734106,0.0,0.0,0.0,0.7319825248914692,0.2122594628237961,0.2122594628237961,-0.005987577743707604,0.0007024938531787847,1.0,0,2,2845,153,0.04478439047967741,153040,51.013333333333335,0.5750000000000001,0.0006666666666666666,RandomForest
0.9483333333333334,0.4996487530734106,0.0,0.0,0.0,0.7319825248914692,0.2122594628237961,0.2122594628237961,-0.005987577743707604,0.0007024938531787847,1.0,0,2,2845,153,0.04478439047967741,153040,51.013333333333335,0.585,0.0006666666666666666,RandomForest
0.9483333333333334,0.4996487530734106,0.0,0.0,0.0,0.7319825248914692,0.2122594628237961,0.2122594628237961,-0.005987577743707604,0.0007024938531787847,1.0,0,2,2845,153,0.04478439047967741,153040,51.013333333333335,0.595,0.0006666666666666666,RandomForest
0.9483333333333334,0.4996487530734106,0.0,0.0,0.0,0.7319825248914692,0.2122594628237961,0.2122594628237961,-0.005987577743707604,0.0007024938531787847,1.0,0,2,2845,153,0.04478439047967741,153040,51.013333333333335,0.605,0.0006666666666666666,RandomForest
0.9483333333333334,0.4996487530734106,0.0,0.0,0.0,0.7319825248914692,0.2122594628237961,0.2122594628237961,-0.005987577743707604,0.0007024938531787847,1.0,0,2,2845,153,0.04478439047967741,153040,51.013333333333335,0.615,0.0006666666666666666,RandomForest
0.9483333333333334,0.4996487530734106,0.0,0.0,0.0,0.7319825248914692,0.2122594628237961,0.2122594628237961,-0.005987577743707604,0.0007024938531787847,1.0,0,2,2845,153,0.04478439047967741,153040,51.013333333333335,0.625,0.0006666666666666666,RandomForest
0.9483333333333334,0.4996487530734106,0.0,0.0,0.0,0.7319825248914692,0.2122594628237961,0.2122594628237961,-0.005987577743707604,0.0007024938531787847,1.0,0,2,2845,153,0.04478439047967741,153040,51.013333333333335,0.635,0.0006666666666666666,RandomForest
0.9486666666666667,0.4998243765367053,0.0,0.0,0.0,0.7319825248914692,0.2122594628237961,0.2122594628237961,-0.0042331508885077515,0.00035124692658939234,1.0,0,1,2846,153,0.04478439047967741,153020,51.00666666666667,0.645,0.0003333333333333333,RandomForest
0.9486666666666667,0.4998243765367053,0.0,0.0,0.0,0.7319825248914692,0.2122594628237961,0.2122594628237961,-0.0042331508885077515,0.00035124692658939234,1.0,0,1,2846,153,0.04478439047967741,153020,51.00666666666667,0.655,0.0003333333333333333,RandomForest
0.9486666666666667,0.4998243765367053,0.0,0.0,0.0,0.7319825248914692,0.2122594628237961,0.2122594628237961,-0.0042331508885077515,0.00035124692658939234,1.0,0,1,2846,153,0.04478439047967741,153020,51.00666666666667,0.665,0.0003333333333333333,RandomForest
0.9486666666666667,0.4998243765367053,0.0,0.0,0.0,0.7319825248914692,0.2122594628237961,0.2122594628237961,-0.0042331508885077515,0.00035124692658939234,1.0,0,1,2846,153,0.04478439047967741,153020,51.00666666666667,0.675,0.0003333333333333333,RandomForest
0.9486666666666667,0.4998243765367053,0.0,0.0,0.0,0.7319825248914692,0.2122594628237961,0.2122594628237961,-0.0042331508885077515,0.00035124692658939234,1.0,0,1,2846,153,0.04478439047967741,153020,51.00666666666667,0.685,0.0003333333333333333,RandomForest
0.9486666666666667,0.4998243765367053,0.0,0.0,0.0,0.7319825248914692,0.2122594628237961,0.2122594628237961,-0.0042331508885077515,0.00035124692658939234,1.0,0,1,2846,153,0.04478439047967741,153020,51.00666666666667,0.6950000000000001,0.0003333333333333333,RandomForest
0.9486666666666667,0.4998243765367053,0.0,0.0,0.0,0.7319825248914692,0.2122594628237961,0.2122594628237961,-0.0042331508885077515,0.00035124692658939234,1.0,0,1,2846,153,0.04478439047967741,153020,51.00666666666667,0.7050000000000001,0.0003333333333333333,RandomForest
0.9486666666666667,0.4998243765367053,0.0,0.0,0.0,0.7319825248914692,0.2122594628237961,0.2122594628237961,-0.0042331508885077515,0.00035124692658939234,1.0,0,1,2846,153,0.04478439047967741,153020,51.00666666666667,0.715,0.0003333333333333333,RandomForest
0.9486666666666667,0.4998243765367053,0.0,0.0,0.0,0.7319825248914692,0.2122594628237961,0.2122594628237961,-0.0042331508885077515,0.00035124692658939234,1.0,0,1,2846,153,0.04478439047967741,153020,51.00666666666667,0.725,0.0003333333333333333,RandomForest
0.9486666666666667,0.4998243765367053,0.0,0.0,0.0,0.7319825248914692,0.2122594628237961,0.2122594628237961,-0.0042331508885077515,0.00035124692658939234,1.0,0,1,2846,153,0.04478439047967741,153020,51.00666666666667,0.7295831535097861,0.0003333333333333333,RandomForest
0.949,0.5,0.0,0.0,0.0,0.7319825248914692,0.2122594628237961,0.2122594628237961,0.0,0.0,1.0,0,0,2847,153,0.04478439047967741,153000,51.0,0.735,0.0,RandomForest
0.949,0.5,0.0,0.0,0.0,0.7319825248914692,0.2122594628237961,0.2122594628237961,0.0,0.0,1.0,0,0,2847,153,0.04478439047967741,153000,51.0,0.745,0.0,RandomForest
0.949,0.5,0.0,0.0,0.0,0.7319825248914692,0.2122594628237961,0.2122594628237961,0.0,0.0,1.0,0,0,2847,153,0.04478439047967741,153000,51.0,0.755,0.0,RandomForest
0.949,0.5,0.0,0.0,0.0,0.7319825248914692,0.2122594628237961,0.2122594628237961,0.0,0.0,1.0,0,0,2847,153,0.04478439047967741,153000,51.0,0.765,0.0,RandomForest
0.949,0.5,0.0,0.0,0.0,0.7319825248914692,0.2122594628237961,0.2122594628237961,0.0,0.0,1.0,0,0,2847,153,0.04478439047967741,153000,51.0,0.775,0.0,RandomForest
0.949,0.5,0.0,0.0,0.0,0.7319825248914692,0.2122594628237961,0.2122594628237961,0.0,0.0,1.0,0,0,2847,153,0.04478439047967741,153000,51.0,0.785,0.0,RandomForest
0.949,0.5,0.0,0.0,0.0,0.7319825248914692,0.2122594628237961,0.2122594628237961,0.0,0.0,1.0,0,0,2847,153,0.04478439047967741,153000,51.0,0.795,0.0,RandomForest
0.949,0.5,0.0,0.0,0.0,0.7319825248914692,0.2122594628237961,0.2122594628237961,0.0,0.0,1.0,0,0,2847,153,0.04478439047967741,153000,51.0,0.805,0.0,RandomForest
0.949,0.5,0.0,0.0,0.0,0.7319825248914692,0.2122594628237961,0.2122594628237961,0.0,0.0,1.0,0,0,2847,153,0.04478439047967741,153000,51.0,0.8150000000000001,0.0,RandomForest
0.949,0.5,0.0,0.0,0.0,0.7319825248914692,0.2122594628237961,0.2122594628237961,0.0,0.0,1.0,0,0,2847,153,0.04478439047967741,153000,51.0,0.8250000000000001,0.0,RandomForest
0.949,0.5,0.0,0.0,0.0,0.7319825248914692,0.2122594628237961,0.2122594628237961,0.0,0.0,1.0,0,0,2847,153,0.04478439047967741,153000,51.0,0.8350000000000001,0.0,RandomForest
0.949,0.5,0.0,0.0,0.0,0.7319825248914692,0.2122594628237961,0.2122594628237961,0.0,0.0,1.0,0,0,2847,153,0.04478439047967741,153000,51.0,0.845,0.0,RandomForest
0.949,0.5,0.0,0.0,0.0,0.7319825248914692,0.2122594628237961,0.2122594628237961,0.0,0.0,1.0,0,0,2847,153,0.04478439047967741,153000,51.0,0.855,0.0,RandomForest
0.949,0.5,0.0,0.0,0.0,0.7319825248914692,0.2122594628237961,0.2122594628237961,0.0,0.0,1.0,0,0,2847,153,0.04478439047967741,153000,51.0,0.865,0.0,RandomForest
0.949,0.5,0.0,0.0,0.0,0.7319825248914692,0.2122594628237961,0.2122594628237961,0.0,0.0,1.0,0,0,2847,153,0.04478439047967741,153000,51.0,0.875,0.0,RandomForest
0.949,0.5,0.0,0.0,0.0,0.7319825248914692,0.2122594628237961,0.2122594628237961,0.0,0.0,1.0,0,0,2847,153,0.04478439047967741,153000,51.0,0.885,0.0,RandomForest
0.949,0.5,0.0,0.0,0.0,0.7319825248914692,0.2122594628237961,0.2122594628237961,0.0,0.0,1.0,0,0,2847,153,0.04478439047967741,153000,51.0,0.895,0.0,RandomForest
0.949,0.5,0.0,0.0,0.0,0.7319825248914692,0.2122594628237961,0.2122594628237961,0.0,0.0,1.0,0,0,2847,153,0.04478439047967741,153000,51.0,0.905,0.0,RandomForest
0.949,0.5,0.0,0.0,0.0,0.7319825248914692,0.2122594628237961,0.2122594628237961,0.0,0.0,1.0,0,0,2847,153,0.04478439047967741,153000,51.0,0.915,0.0,RandomForest
0.949,0.5,0.0,0.0,0.0,0.7319825248914692,0.2122594628237961,0.2122594628237961,0.0,0.0,1.0,0,0,2847,153,0.04478439047967741,153000,51.0,0.925,0.0,RandomForest
0.949,0.5,0.0,0.0,0.0,0.7319825248914692,0.2122594628237961,0.2122594628237961,0.0,0.0,1.0,0,0,2847,153,0.04478439047967741,153000,51.0,0.935,0.0,RandomForest
0.949,0.5,0.0,0.0,0.0,0.7319825248914692,0.2122594628237961,0.2122594628237961,0.0,0.0,1.0,0,0,2847,153,0.04478439047967741,153000,51.0,0.9450000000000001,0.0,RandomForest
0.949,0.5,0.0,0.0,0.0,0.7319825248914692,0.2122594628237961,0.2122594628237961,0.0,0.0,1.0,0,0,2847,153,0.04478439047967741,153000,51.0,0.9550000000000001,0.0,RandomForest
0.949,0.5,0.0,0.0,0.0,0.7319825248914692,0.2122594628237961,0.2122594628237961,0.0,0.0,1.0,0,0,2847,153,0.04478439047967741,153000,51.0,0.965,0.0,RandomForest
0.949,0.5,0.0,0.0,0.0,0.7319825248914692,0.2122594628237961,0.2122594628237961,0.0,0.0,1.0,0,0,2847,153,0.04478439047967741,153000,51.0,0.975,0.0,RandomForest
0.949,0.5,0.0,0.0,0.0,0.7319825248914692,0.2122594628237961,0.2122594628237961,0.0,0.0,1.0,0,0,2847,153,0.04478439047967741,153000,51.0,0.985,0.0,RandomForest
0.949,0.5,0.0,0.0,0.0,0.7319825248914692,0.2122594628237961,0.2122594628237961,0.0,0.0,1.0,0,0,2847,153,0.04478439047967741,153000,51.0,0.995,0.0,RandomForest
0.949,0.5,0.0,0.0,0.0,0.7319825248914692,0.2122594628237961,0.2122594628237961,0.0,0.0,1.0,0,0,2847,153,0.04478439047967741,153000,51.0,1.000001,0.0,RandomForest
0.051,0.5,0.051,1.0,0.09705042816365367,0.735589119150763,0.2372786510011306,0.2372786510011306,0.0,1.0,0.0,153,2847,0,0,0.04406072050487433,56940,18.98,0.0035193465779586727,1.0,HistGradientBoosting
0.055,0.5021074815595363,0.05120481927710843,1.0,0.09742120343839542,0.735589119150763,0.2372786510011306,0.2372786510011306,0.01469103212071212,0.9957850368809273,0.0,153,2835,12,0,0.04406072050487433,56700,18.9,0.005,0.996,HistGradientBoosting
0.06366666666666666,0.5066736916051985,0.051654287643484134,1.0,0.09823434991974317,0.735589119150763,0.2372786510011306,0.2372786510011306,0.02625737175799689,0.9866526167896031,0.0,153,2809,38,0,0.04406072050487433,56180,18.726666666666667,0.006904358406047335,0.9873333333333333,HistGradientBoosting
0.07533333333333334,0.5097281624275983,0.051965811965811966,0.9934640522875817,0.09876543209876543,0.735589119150763,0.2372786510011306,0.2372786510011306,0.027416164105048515,0.974007727432385,0.006535947712418301,152,2773,74,1,0.04406072050487433,56460,18.82,0.008196985927751883,0.975,HistGradientBoosting
0.088,0.5164018540327968,0.052649809490820924,0.9934640522875817,0.1,0.735589119150763,0.2372786510011306,0.2372786510011306,0.03790528563116997,0.9606603442219881,0.006535947712418301,152,2735,112,1,0.04406072050487433,55700,18.566666666666666,0.009204861778328402,0.9623333333333334,HistGradientBoosting
0.10033333333333333,0.5228999221747006,0.05333333333333334,0.9934640522875817,0.10123210123210125,0.735589119150763,0.2372786510011306,0.2372786510011306,0.04623122396864181,0.9476642079381805,0.006535947712418301,152,2698,149,1,0.04406072050487433,54960,18.32,0.00997033363315755,0.95,HistGradientBoosting
0.11233333333333333,0.5261300164603953,0.05369843527738265,0.9869281045751634,0.1018549747048904,0.735589119150763,0.2372786510011306,0.2372786510011306,0.047437582130218904,0.934668071654373,0.013071895424836602,151,2661,186,2,0.04406072050487433,55220,18.406666666666666,0.010768811592673462,0.9373333333333334,HistGradientBoosting
0.12466666666666666,0.5326280846022989,0.054414414414414414,0.9869281045751634,0.10314207650273226,0.735589119150763,0.2372786510011306,0.2372786510011306,0.05450524192058902,0.9216719353705655,0.013071895424836602,151,2624,223,2,0.04406072050487433,54480,18.16,0.011362613202928988,0.925,HistGradientBoosting
0.13666666666666666,0.5358581788879935,0.05480453050785532,0.9803921568627451,0.10380622837370242,0.735589119150763,0.2372786510011306,0.2372786510011306,0.05578820668037537,0.908675799086758,0.0196078431372549,150,2587,260,3,0.04406072050487433,54740,18.246666666666666,0.011944982823965108,0.9123333333333333,HistGradientBoosting
0.14833333333333334,0.5389126497103934,0.055185185185185184,0.9738562091503268,0.10445145460918333,0.735589119150763,0.2372786510011306,0.2372786510011306,0.057071296653263326,0.8960309097295399,0.026143790849673203,149,2551,296,4,0.04406072050487433,55020,18.34,0.012644106561823817,0.9,HistGradientBoosting
0.16033333333333333,0.5421427439960881,0.05559729526671676,0.9673202614379085,0.10515097690941384,0.735589119150763,0.2372786510011306,0.2372786510011306,0.05864484987749507,0.8830347734457323,0.032679738562091505,148,2514,333,5,0.04406072050487433,55280,18.426666666666666,0.013100841721432147,0.8873333333333333,HistGradientBoosting
0.17133333333333334,0.5417536174989842,0.05561904761904762,0.954248366013072,0.10511159107271419,0.735589119150763,0.2372786510011306,0.2372786510011306,0.05554989792902344,0.8707411310151036,0.0457516339869281,146,2479,368,7,0.04406072050487433,56580,18.86,0.013575231678631542,0.875,HistGradientBoosting
0.184,0.5484273091041826,0.056436026285272514,0.954248366013072,0.10656934306569343,0.735589119150763,0.2372786510011306,0.2372786510011306,0.06184242945268616,0.8573937478047067,0.0457516339869281,146,2441,406,7,0.04406072050487433,55820,18.606666666666666,0.014203690276019669,0.8623333333333333,HistGradientBoosting
0.19566666666666666,0.5514817799265825,0.056862745098039215,0.9477124183006536,0.1072881982981872,0.735589119150763,0.2372786510011306,0.2372786510011306,0.06343758642980309,0.8447488584474886,0.05228758169934641,145,2405,442,8,0.04406072050487433,56100,18.7,0.014903905355791634,0.85,HistGradientBoosting
0.19833333333333333,0.5497944172400256,0.05669291338582677,0.9411764705882353,0.10694392870404754,0.735589119150763,0.2372786510011306,0.2372786510011306,0.060807104609775287,0.8415876361081841,0.058823529411764705,144,2396,451,9,0.04406072050487433,56920,18.973333333333333,0.015,0.8466666666666667,HistGradientBoosting
0.20766666666666667,0.5547118742122771,0.05732484076433121,0.9411764705882353,0.10806754221388368,0.735589119150763,0.2372786510011306,0.2372786510011306,0.06522758634362004,0.831752722163681,0.058823529411764705,144,2368,479,9,0.04406072050487433,56360,18.786666666666665,0.015373551795294217,0.8373333333333334,HistGradientBoosting
0.21866666666666668,0.5543227477151732,0.057373737373737375,0.9281045751633987,0.10806697108066972,0.735589119150763,0.2372786510011306,0.2372786510011306,0.06290481947071698,0.8194590797330523,0.0718954248366013,142,2333,514,11,0.04406072050487433,57660,19.22,0.015749480986200767,0.825,HistGradientBoosting
0.23066666666666666,0.5575528420008677,0.05785802215839146,0.9215686274509803,0.10888030888030889,0.735589119150763,0.2372786510011306,0.2372786510011306,0.06485661181781624,0.8064629434492449,0.0784313725490196,141,2296,551,12,0.04406072050487433,57920,19.30666666666667,0.016337235711386077,0.8123333333333334,HistGradientBoosting
0.243,0.5640509101427715,0.05875,0.9215686274509803,0.11045828437132785,0.735589119150763,0.2372786510011306,0.2372786510011306,0.07045527330203748,0.7934668071654373,0.0784313725490196,141,2259,588,12,0.04406072050487433,57180,19.06,0.016826258097040577,0.8,HistGradientBoosting
0.25566666666666665,0.57072460174797,0.05969517358171041,0.9215686274509803,0.1121272365805169,0.735589119150763,0.2372786510011306,0.2372786510011306,0.0760483278550836,0.7801194239550404,0.0784313725490196,141,2221,626,12,0.04406072050487433,56420,18.80666666666667,0.017201495583627283,0.7873333333333333,HistGradientBoosting
0.2673333333333333,0.5737790725703699,0.060215053763440864,0.9150326797385621,0.11299435028248589,0.735589119150763,0.2372786510011306,0.2372786510011306,0.07773905755668989,0.7674745345978222,0.08496732026143791,140,2185,662,13,0.04406072050487433,56700,18.9,0.017633494389305702,0.775,HistGradientBoosting
0.28,0.5804527641755683,0.06121556624398776,0.9150326797385621,0.11475409836065574,0.735589119150763,0.2372786510011306,0.2372786510011306,0.08316346339178339,0.7541271513874254,0.08496732026143791,140,2147,700,13,0.04406072050487433,55940,18.64666666666667,0.018058364218242067,0.7623333333333333,HistGradientBoosting
0.291,0.5800636376784645,0.06133333333333333,0.9019607843137255,0.11485642946317104,0.735589119150763,0.2372786510011306,0.2372786510011306,0.08135474201351997,0.7418335089567967,0.09803921568627451,138,2112,735,15,0.04406072050487433,57240,19.08,0.018434057589697014,0.75,HistGradientBoosting
0.303,0.5832937319641591,0.06193490054249548,0.8954248366013072,0.11585623678646935,0.735589119150763,0.2372786510011306,0.2372786510011306,0.08327719635531806,0.7288373726729891,0.10457516339869281,137,2075,772,16,0.04406072050487433,57500,19.166666666666668,0.01880697299958947,0.7373333333333333,HistGradientBoosting
0.314,0.582904605467055,0.06206896551724138,0.8823529411764706,0.11597938144329897,0.735589119150763,0.2372786510011306,0.2372786510011306,0.08169425123361258,0.7165437302423604,0.11764705882352941,135,2040,807,18,0.04406072050487433,58800,19.6,0.019190310222233463,0.725,HistGradientBoosting
0.32666666666666666,0.5895782970722535,0.06317267197005147,0.8823529411764706,0.11790393013100435,0.735589119150763,0.2372786510011306,0.2372786510011306,0.08706920673657263,0.7031963470319634,0.11764705882352941,135,2002,845,18,0.04406072050487433,58040,19.346666666666668,0.019597032348047373,0.7123333333333334,HistGradientBoosting
0.3383333333333333,0.5926327678946535,0.06380952380952382,0.8758169934640523,0.11895250776742124,0.735589119150763,0.2372786510011306,0.2372786510011306,0.08894124074873463,0.6905514576747454,0.12418300653594772,134,1966,881,19,0.04406072050487433,58320,19.44,0.020047797461275302,0.7,HistGradientBoosting
0.351,0.599306459499852,0.06498545101842872,0.8758169934640523,0.12099322799097068,0.735589119150763,0.2372786510011306,0.2372786510011306,0.0942543045958827,0.6772040744643484,0.12418300653594772,134,1928,919,19,0.04406072050487433,57560,19.186666666666667,0.020484418809672573,0.6873333333333334,HistGradientBoosting
0.362,0.598917333002748,0.06518518518518518,0.8627450980392157,0.1212121212121212,0.735589119150763,0.2372786510011306,0.2372786510011306,0.09292381285162461,0.6649104320337197,0.13725490196078433,132,1893,954,21,0.04406072050487433,58860,19.62,0.02092035433369086,0.675,HistGradientBoosting
0.374,0.6021474272884426,0.06592853548062405,0.8562091503267973,0.12242990654205606,0.735589119150763,0.2372786510011306,0.2372786510011306,0.09503710999181911,0.6519142957499122,0.1437908496732026,131,1856,991,22,0.04406072050487433,59120,19.706666666666667,0.021453344328866204,0.6623333333333333,HistGradientBoosting
0.38566666666666666,0.6052018981108425,0.06666666666666667,0.8496732026143791,0.12363290537327627,0.735589119150763,0.2372786510011306,0.2372786510011306,0.09704676546911949,0.639269406392694,0.1503267973856209,130,1820,1027,23,0.04406072050487433,59400,19.8,0.021815201999190213,0.65,HistGradientBoosting
0.397,0.6049883950770333,0.06694560669456066,0.8366013071895425,0.12397094430992736,0.735589119150763,0.2372786510011306,0.2372786510011306,0.09608428214883113,0.626624517035476,0.16339869281045752,128,1784,1063,25,0.04406072050487433,60680,20.226666666666667,0.02222060300832844,0.6373333333333333,HistGradientBoosting
0.4093333333333333,0.6114864632189371,0.06826666666666667,0.8366013071895425,0.126232741617357,0.735589119150763,0.2372786510011306,0.2372786510011306,0.10132455045044064,0.6136283807516684,0.16339869281045752,128,1747,1100,25,0.04406072050487433,59940,19.98,0.022657819339969635,0.625,HistGradientBoosting
0.4206666666666667,0.6112729601851278,0.06859009254218836,0.8235294117647058,0.12663316582914574,0.735589119150763,0.2372786510011306,0.2372786510011306,0.10048810371191387,0.6009834913944503,0.17647058823529413,126,1711,1136,27,0.04406072050487433,61220,20.406666666666666,0.02313853132589535,0.6123333333333333,HistGradientBoosting
0.433,0.6177710283270316,0.07,0.8235294117647058,0.12903225806451613,0.735589119150763,0.2372786510011306,0.2372786510011306,0.1057745134286516,0.5879873551106428,0.17647058823529413,126,1674,1173,27,0.04406072050487433,60480,20.16,0.023517276232481253,0.6,HistGradientBoosting
0.445,0.6210011226127261,0.07094211123723042,0.8169934640522876,0.13054830287206265,0.735589119150763,0.2372786510011306,0.2372786510011306,0.10814229198841514,0.5749912188268352,0.1830065359477124,125,1637,1210,28,0.04406072050487433,60740,20.246666666666666,0.02396982757844549,0.5873333333333334,HistGradientBoosting
0.4573333333333333,0.6274991907546299,0.07246376811594203,0.8169934640522876,0.13312034078807242,0.735589119150763,0.2372786510011306,0.2372786510011306,0.11348206523919797,0.5619950825430278,0.1830065359477124,125,1600,1247,28,0.04406072050487433,60000,20.0,0.024494257798108994,0.575,HistGradientBoosting
0.4693333333333333,0.6307292850403245,0.07350326022525193,0.8104575163398693,0.13478260869565217,0.735589119150763,0.2372786510011306,0.2372786510011306,0.11594510716961606,0.5489989462592202,0.1895424836601307,124,1563,1284,29,0.04406072050487433,60260,20.086666666666666,0.024939013797047584,0.5623333333333334,HistGradientBoosting
0.471,0.631607402356798,0.07372175980975029,0.8104575163398693,0.13514986376021798,0.735589119150763,0.2372786510011306,0.2372786510011306,0.1166753361974871,0.5472427116262732,0.1895424836601307,124,1558,1289,29,0.04406072050487433,60160,20.053333333333335,0.025,0.5606666666666666,HistGradientBoosting
0.4816666666666667,0.6372273531822283,0.07515151515151515,0.8104575163398693,0.13754853022739877,0.735589119150763,0.2372786510011306,0.2372786510011306,0.12136718391509126,0.5360028099754127,0.1895424836601307,124,1526,1321,29,0.04406072050487433,59520,19.84,0.0254946227553055,0.55,HistGradientBoosting
0.49433333333333335,0.6439010447874267,0.07692307692307693,0.8104575163398693,0.14050991501416432,0.735589119150763,0.2372786510011306,0.2372786510011306,0.12698608673706605,0.5226554267650158,0.1895424836601307,124,1488,1359,29,0.04406072050487433,58760,19.586666666666666,0.025867969529157736,0.5373333333333333,HistGradientBoosting
0.506,0.6469555156098267,0.07809523809523809,0.803921568627451,0.1423611111111111,0.735589119150763,0.2372786510011306,0.2372786510011306,0.12948147089317422,0.5100105374077977,0.19607843137254902,123,1452,1395,30,0.04406072050487433,59040,19.68,0.026361188343408202,0.525,HistGradientBoosting
0.5153333333333333,0.6364112206175059,0.07677293428757319,0.7712418300653595,0.13964497041420118,0.735589119150763,0.2372786510011306,0.2372786510011306,0.12007716973674128,0.49841938883034775,0.22875816993464052,118,1419,1428,35,0.04406072050487433,63380,21.126666666666665,0.026949338646577656,0.5123333333333333,HistGradientBoosting
0.5263333333333333,0.636022094120402,0.07733333333333334,0.7581699346405228,0.14035087719298245,0.735589119150763,0.2372786510011306,0.2372786510011306,0.11969820625507442,0.486125746399719,0.24183006535947713,116,1384,1463,37,0.04406072050487433,64680,21.56,0.027562055522073026,0.5,HistGradientBoosting
0.538,0.6390765649428019,0.0786056049213944,0.7516339869281046,0.14232673267326734,0.735589119150763,0.2372786510011306,0.2372786510011306,0.12242336238501932,0.47348085704250087,0.24836601307189543,115,1348,1499,38,0.04406072050487433,64960,21.653333333333332,0.0280117267946658,0.4876666666666667,HistGradientBoosting
0.5486666666666666,0.6354194645894887,0.07859649122807018,0.7320261437908496,0.14195183776932827,0.735589119150763,0.2372786510011306,0.2372786510011306,0.1193171375014429,0.4611872146118721,0.2679738562091503,112,1313,1534,41,0.04406072050487433,67260,22.42,0.028543065821347892,0.475,HistGradientBoosting
0.561,0.6419175327313925,0.08069164265129683,0.7320261437908496,0.14536015574302402,0.735589119150763,0.2372786510011306,0.2372786510011306,0.12523572811831069,0.44819107832806465,0.2679738562091503,112,1276,1571,41,0.04406072050487433,66520,22.173333333333332,0.029104127160602865,0.46266666666666667,HistGradientBoosting
0.5736666666666667,0.648591224336591,0.08296296296296296,0.7320261437908496,0.1490352628077179,0.735589119150763,0.2372786510011306,0.2372786510011306,0.13141766589551288,0.43484369511766774,0.2679738562091503,112,1238,1609,41,0.04406072050487433,65760,21.92,0.02958670644721969,0.45,HistGradientBoosting
0.5853333333333334,0.6516456951589908,0.08453922315308454,0.7254901960784313,0.1514324693042292,0.735589119150763,0.2372786510011306,0.2372786510011306,0.13449607998388913,0.4221988057604496,0.27450980392156865,111,1202,1645,42,0.04406072050487433,66040,22.013333333333332,0.030114957021689787,0.43766666666666665,HistGradientBoosting
0.598,0.6583193867641893,0.08705882352941176,0.7254901960784313,0.15546218487394955,0.735589119150763,0.2372786510011306,0.2372786510011306,0.14091392165758612,0.4088514225500527,0.27450980392156865,111,1164,1683,42,0.04406072050487433,65280,21.76,0.03074618793387995,0.425,HistGradientBoosting
0.6096666666666667,0.6613738575865893,0.0888529886914378,0.7189542483660131,0.15815959741193386,0.735589119150763,0.2372786510011306,0.2372786510011306,0.14422460262852496,0.39620653319283455,0.28104575163398693,110,1128,1719,43,0.04406072050487433,65560,21.85333333333333,0.03129471375751365,0.4126666666666667,HistGradientBoosting
0.621,0.66116035455278,0.09,0.7058823529411765,0.15964523281596454,0.735589119150763,0.2372786510011306,0.2372786510011306,0.1447440710076285,0.3835616438356164,0.29411764705882354,108,1092,1755,45,0.04406072050487433,66840,22.28,0.03192527353812723,0.4,HistGradientBoosting
0.6306666666666667,0.6538840334166685,0.08942390369733448,0.6797385620915033,0.15805471124620063,0.735589119150763,0.2372786510011306,0.2372786510011306,0.13896920405330038,0.3719704952581665,0.3202614379084967,104,1059,1788,49,0.04406072050487433,70180,23.393333333333334,0.03269531111800447,0.38766666666666666,HistGradientBoosting
0.6426666666666667,0.6571141277023631,0.09155555555555556,0.673202614379085,0.16118935837245696,0.735589119150763,0.2372786510011306,0.2372786510011306,0.1427932853838256,0.358974358974359,0.32679738562091504,103,1022,1825,50,0.04406072050487433,70440,23.48,0.033478654475709836,0.375,HistGradientBoosting
0.6523333333333333,0.6498378065662513,0.09099264705882353,0.6470588235294118,0.15954875100725222,0.735589119150763,0.2372786510011306,0.2372786510011306,0.1371299949114386,0.347383210396909,0.35294117647058826,99,989,1858,54,0.04406072050487433,73780,24.593333333333334,0.0342680241255261,0.3626666666666667,HistGradientBoosting
0.6613333333333333,0.6514872896822936,0.09254013220018886,0.6405228758169934,0.16171617161716173,0.735589119150763,0.2372786510011306,0.2372786510011306,0.13947131396460438,0.337548296452406,0.35947712418300654,98,961,1886,55,0.04406072050487433,74220,24.74,0.034999999999999996,0.353,HistGradientBoosting
0.6636666666666666,0.649624303532442,0.09238095238095238,0.6339869281045751,0.16126350789692437,0.735589119150763,0.2372786510011306,0.2372786510011306,0.13802559606000792,0.3347383210396909,0.3660130718954248,97,953,1894,56,0.04406072050487433,75060,25.02,0.035240174340671546,0.35,HistGradientBoosting
0.676,0.6561223716743458,0.09575518262586377,0.6339869281045751,0.16638078902229847,0.735589119150763,0.2372786510011306,0.2372786510011306,0.14525494574719694,0.3217421847558834,0.3660130718954248,97,916,1931,56,0.04406072050487433,74320,24.773333333333333,0.035924954079389164,0.33766666666666667,HistGradientBoosting
0.688,0.6593524659600405,0.09846153846153846,0.6274509803921569,0.1702127659574468,0.735589119150763,0.2372786510011306,0.2372786510011306,0.14969710843199058,0.3087460484720759,0.37254901960784315,96,879,1968,57,0.04406072050487433,74580,24.86,0.03688403824456575,0.325,HistGradientBoosting
0.7003333333333334,0.6658505341019443,0.1023454157782516,0.6274509803921569,0.17598533455545368,0.735589119150763,0.2372786510011306,0.2372786510011306,0.15741299042745344,0.29574991218826835,0.37254901960784315,96,842,2005,57,0.04406072050487433,73840,24.613333333333333,0.0375722581957831,0.31266666666666665,HistGradientBoosting
0.713,0.6725242257071427,0.10666666666666667,0.6274509803921569,0.18233618233618235,0.735589119150763,0.2372786510011306,0.2372786510011306,0.1656489279372344,0.28240252897787144,0.37254901960784315,96,804,2043,57,0.04406072050487433,73080,24.36,0.03854867227067285,0.3,HistGradientBoosting
0.7253333333333334,0.6790222938490464,0.11123986095017381,0.6274509803921569,0.1889763779527559,0.735589119150763,0.2372786510011306,0.2372786510011306,0.17400787493231082,0.2694063926940639,0.37254901960784315,96,767,2080,57,0.04406072050487433,72340,24.113333333333333,0.03946862707162727,0.2876666666666667,HistGradientBoosting
0.7373333333333333,0.6822523881347411,0.11515151515151516,0.6209150326797386,0.19427402862985688,0.735589119150763,0.2372786510011306,0.2372786510011306,0.17959161979393337,0.2564102564102564,0.3790849673202614,95,730,2117,58,0.04406072050487433,72600,24.2,0.04037758885315954,0.275,HistGradientBoosting
0.7483333333333333,0.6818632616376371,0.11802030456852793,0.6078431372549019,0.19766206163655686,0.735589119150763,0.2372786510011306,0.2372786510011306,0.18182715784343714,0.24411661397962767,0.39215686274509803,93,695,2152,60,0.04406072050487433,73900,24.633333333333333,0.04158128694266431,0.26266666666666666,HistGradientBoosting
0.761,0.6885369532428356,0.124,0.6078431372549019,0.20598006644518274,0.735589119150763,0.2372786510011306,0.2372786510011306,0.19157729570925672,0.23076923076923078,0.39215686274509803,93,657,2190,60,0.04406072050487433,73140,24.38,0.04267896436327716,0.25,HistGradientBoosting
0.7726666666666666,0.6915914240652354,0.12903225806451613,0.6013071895424836,0.21247113163972287,0.735589119150763,0.2372786510011306,0.2372786510011306,0.1980467239964325,0.21812434141201265,0.39869281045751637,92,621,2226,61,0.04406072050487433,73420,24.473333333333333,0.04402084266193986,0.23766666666666666,HistGradientBoosting
0.78,0.6923627898648044,0.1320754716981132,0.5947712418300654,0.21615201900237532,0.735589119150763,0.2372786510011306,0.2372786510011306,0.20122453294277348,0.2100456621004566,0.40522875816993464,91,598,2249,62,0.04406072050487433,73960,24.653333333333332,0.045,0.22966666666666666,HistGradientBoosting
0.7826666666666666,0.6844907263924185,0.13037037037037036,0.5751633986928104,0.21256038647342992,0.735589119150763,0.2372786510011306,0.2372786510011306,0.19439299923452324,0.2061819459079733,0.42483660130718953,88,587,2260,65,0.04406072050487433,76740,25.58,0.04545432616933116,0.225,HistGradientBoosting
0.7943333333333333,0.6875451972148185,0.13636363636363635,0.5686274509803921,0.21997471554993678,0.735589119150763,0.2372786510011306,0.2372786510011306,0.20166248084738356,0.19353705655075518,0.43137254901960786,87,551,2296,66,0.04406072050487433,77020,25.673333333333332,0.04651536393182035,0.21266666666666667,HistGradientBoosting
0.8063333333333333,0.6907752915005131,0.14333333333333334,0.5620915032679739,0.22841965471447545,0.735589119150763,0.2372786510011306,0.2372786510011306,0.20985065273832668,0.18054092026694765,0.43790849673202614,86,514,2333,67,0.04406072050487433,77280,25.76,0.048238854107210835,0.2,HistGradientBoosting
0.8153333333333334,0.6800553730448976,0.1438721136767318,0.5294117647058824,0.22625698324022347,0.735589119150763,0.2372786510011306,0.2372786510011306,0.20290538276300832,0.1693010186160871,0.47058823529411764,81,482,2365,72,0.04406072050487433,81640,27.213333333333335,0.05022434943504706,0.18766666666666668,HistGradientBoosting
0.8266666666666667,0.6798418700110884,0.15047619047619049,0.5163398692810458,0.23303834808259588,0.735589119150763,0.2372786510011306,0.2372786510011306,0.2082538318135147,0.156656129258869,0.48366013071895425,79,446,2401,74,0.04406072050487433,82920,27.64,0.0519491678632987,0.175,HistGradientBoosting
0.837,0.6760091461944806,0.1557377049180328,0.49673202614379086,0.23712948517940716,0.735589119150763,0.2372786510011306,0.2372786510011306,0.20983839332799017,0.14471373375482965,0.5032679738562091,76,412,2435,77,0.04406072050487433,85240,28.413333333333334,0.05414392057540429,0.16266666666666665,HistGradientBoosting
0.841,0.6781166277540169,0.15966386554621848,0.49673202614379086,0.24165341812400634,0.735589119150763,0.2372786510011306,0.2372786510011306,0.21449923968816936,0.14049877063575694,0.5032679738562091,76,400,2447,77,0.04406072050487433,85000,28.333333333333332,0.055,0.15866666666666668,HistGradientBoosting
0.8476666666666667,0.6723520458411675,0.1622222222222222,0.477124183006536,0.24212271973466,0.735589119150763,0.2372786510011306,0.2372786510011306,0.21237800674325383,0.1324200913242009,0.5228758169934641,73,377,2470,80,0.04406072050487433,87540,29.18,0.05709255111257003,0.15,HistGradientBoosting
0.8593333333333333,0.6754065166635674,0.17433414043583534,0.47058823529411764,0.2544169611307421,0.735589119150763,0.2372786510011306,0.2372786510011306,0.223996859065027,0.11977520196698278,0.5294117647058824,72,341,2506,81,0.04406072050487433,87820,29.273333333333333,0.05960211142106026,0.13766666666666666,HistGradientBoosting
0.87,0.6717494163102543,0.184,0.45098039215686275,0.26136363636363635,0.735589119150763,0.2372786510011306,0.2372786510011306,0.22849906467711706,0.10748155953635406,0.5490196078431373,69,306,2541,84,0.04406072050487433,90120,30.04,0.06162310942412405,0.125,HistGradientBoosting
0.8786666666666667,0.667038575177173,0.1924198250728863,0.43137254901960786,0.2661290322580645,0.735589119150763,0.2372786510011306,0.2372786510011306,0.23096351706380483,0.09729539866526168,0.5686274509803921,66,277,2570,87,0.04406072050487433,92540,30.846666666666668,0.065,0.11433333333333333,HistGradientBoosting
0.8796666666666667,0.6644730951741427,0.19230769230769232,0.42483660130718953,0.26476578411405294,0.735589119150763,0.2372786510011306,0.2372786510011306,0.22887688509960122,0.0958904109589041,0.5751633986928104,65,273,2574,88,0.04406072050487433,93460,31.153333333333332,0.06543804590664797,0.11266666666666666,HistGradientBoosting
0.8916666666666667,0.6677031894598373,0.21333333333333335,0.41830065359477125,0.28256070640176606,0.735589119150763,0.2372786510011306,0.2372786510011306,0.2459621369038871,0.0828942746750966,0.5816993464052288,64,236,2611,89,0.04406072050487433,93720,31.24,0.07018495056629157,0.1,HistGradientBoosting
0.8976666666666666,0.6615873606203986,0.2210144927536232,0.39869281045751637,0.2843822843822844,0.735589119150763,0.2372786510011306,0.2372786510011306,0.24599072880739523,0.07551808921671935,0.6013071895424836,61,215,2632,92,0.04406072050487433,96300,32.1,0.07500000000000001,0.092,HistGradientBoosting
0.902,0.6638704656432295,0.23193916349809887,0.39869281045751637,0.2932692307692308,0.735589119150763,0.2372786510011306,0.2372786510011306,0.2549499079322983,0.07095187917105725,0.6013071895424836,61,202,2645,92,0.04406072050487433,96040,32.013333333333335,0.07703300843373266,0.08766666666666667,HistGradientBoosting
0.9113333333333333,0.6533261706509087,0.24888888888888888,0.3660130718954248,0.2962962962962963,0.735589119150763,0.2372786510011306,0.2372786510011306,0.2561314930358022,0.0593607305936073,0.6339869281045751,56,169,2678,97,0.04406072050487433,100380,33.46,0.08388580369533305,0.075,HistGradientBoosting
0.9136666666666666,0.6514631845010572,0.25462962962962965,0.35947712418300654,0.2981029810298103,0.735589119150763,0.2372786510011306,0.2372786510011306,0.2578190698221405,0.05655075518089217,0.6405228758169934,55,161,2686,98,0.04406072050487433,101220,33.74,0.085,0.072,HistGradientBoosting
0.921,0.6460498495147972,0.2765957446808511,0.33986928104575165,0.3049853372434018,0.735589119150763,0.2372786510011306,0.2372786510011306,0.2651453259497686,0.04776958201615736,0.6601307189542484,52,136,2711,101,0.04406072050487433,103720,34.57333333333333,0.0946085268792991,0.06266666666666666,HistGradientBoosting
0.9213333333333333,0.6462254729780919,0.27807486631016043,0.33986928104575165,0.3058823529411765,0.735589119150763,0.2372786510011306,0.2372786510011306,0.26612569589764745,0.04741833508956796,0.6601307189542484,52,135,2712,101,0.04406072050487433,103700,34.56666666666667,0.095,0.06233333333333333,HistGradientBoosting
0.93,0.6415146318450106,0.3161290322580645,0.3202614379084967,0.3181818181818181,0.735589119150763,0.2372786510011306,0.2372786510011306,0.28129616159259774,0.03723217421847559,0.6797385620915033,49,106,2741,104,0.04406072050487433,106120,35.373333333333335,0.10500000000000001,0.051666666666666666,HistGradientBoosting
0.9316666666666666,0.642392749161484,0.32666666666666666,0.3202614379084967,0.3234323432343234,0.735589119150763,0.2372786510011306,0.2372786510011306,0.28746783625614114,0.035475939585528624,0.6797385620915033,49,101,2746,104,0.04406072050487433,106020,35.34,0.10843956780331014,0.05,HistGradientBoosting
0.935,0.644148983794431,0.35,0.3202614379084967,0.33447098976109213,0.735589119150763,0.2372786510011306,0.2372786510011306,0.3007003927472076,0.0319634703196347,0.6797385620915033,49,91,2756,104,0.04406072050487433,105820,35.27333333333333,0.115,0.04666666666666667,HistGradientBoosting
0.937,0.6390180237883702,0.36153846153846153,0.30718954248366015,0.3321554770318021,0.735589119150763,0.2372786510011306,0.2372786510011306,0.300419369715735,0.029153494906919566,0.6928104575163399,47,83,2764,106,0.04406072050487433,107660,35.88666666666666,0.125,0.043333333333333335,HistGradientBoosting
0.9363333333333334,0.6170203241113797,0.3389830508474576,0.26143790849673204,0.2952029520295203,0.735589119150763,0.2372786510011306,0.2372786510011306,0.264876085422808,0.0273972602739726,0.738562091503268,40,78,2769,113,0.04406072050487433,114560,38.18666666666667,0.135,0.03933333333333333,HistGradientBoosting
0.9373333333333334,0.6144548441083493,0.34513274336283184,0.2549019607843137,0.2932330827067669,0.735589119150763,0.2372786510011306,0.2372786510011306,0.26450933834205254,0.02599227256761503,0.7450980392156863,39,74,2773,114,0.04406072050487433,115480,38.49333333333333,0.14328994460655706,0.03766666666666667,HistGradientBoosting
0.9376666666666666,0.6115381171787295,0.34545454545454546,0.24836601307189543,0.2889733840304183,0.735589119150763,0.2372786510011306,0.2372786510011306,0.26112442086565985,0.02528977871443625,0.7516339869281046,38,72,2775,115,0.04406072050487433,116440,38.81333333333333,0.14500000000000002,0.03666666666666667,HistGradientBoosting
0.9393333333333334,0.6000468329235453,0.35051546391752575,0.2222222222222222,0.27199999999999996,0.735589119150763,0.2372786510011306,0.2372786510011306,0.24886476070630928,0.022128556375131718,0.7777777777777778,34,63,2784,119,0.04406072050487433,120260,40.086666666666666,0.155,0.03233333333333333,HistGradientBoosting
0.9413333333333334,0.5949158729174845,0.367816091954023,0.20915032679738563,0.26666666666666666,0.735589119150763,0.2372786510011306,0.2372786510011306,0.24887336632462514,0.01931858096241658,0.7908496732026143,32,55,2792,121,0.04406072050487433,122100,40.7,0.165,0.029,HistGradientBoosting
0.9423333333333334,0.5923503929144541,0.3780487804878049,0.20261437908496732,0.2638297872340425,0.735589119150763,0.2372786510011306,0.2372786510011306,0.24920607334410425,0.01791359325605901,0.7973856209150327,31,51,2796,122,0.04406072050487433,123020,41.00666666666667,0.17500000000000002,0.027333333333333334,HistGradientBoosting
0.9436666666666667,0.5899605363747185,0.39473684210526316,0.19607843137254902,0.2620087336244542,0.735589119150763,0.2372786510011306,0.2372786510011306,0.25189874312314586,0.016157358623112048,0.803921568627451,30,46,2801,123,0.04406072050487433,123920,41.306666666666665,0.185,0.025333333333333333,HistGradientBoosting
0.944,0.5901361598380132,0.4,0.19607843137254902,0.2631578947368421,0.735589119150763,0.2372786510011306,0.2372786510011306,0.2540241045839451,0.015806111696522657,0.803921568627451,30,45,2802,123,0.04406072050487433,123900,41.3,0.18557618917674712,0.025,HistGradientBoosting
0.9463333333333334,0.5913655240810761,0.4411764705882353,0.19607843137254902,0.27149321266968324,0.735589119150763,0.2372786510011306,0.2372786510011306,0.27009426018494737,0.013347383210396909,0.803921568627451,30,38,2809,123,0.04406072050487433,123760,41.25333333333333,0.195,0.02266666666666667,HistGradientBoosting
0.9476666666666667,0.5889756675413405,0.46774193548387094,0.1895424836601307,0.2697674418604651,0.735589119150763,0.2372786510011306,0.2372786510011306,0.275181326080791,0.011591148577449948,0.8104575163398693,29,33,2814,124,0.04406072050487433,124660,41.553333333333335,0.20500000000000002,0.020666666666666667,HistGradientBoosting
0.9476666666666667,0.5827909667555115,0.46551724137931033,0.17647058823529413,0.2559241706161138,0.735589119150763,0.2372786510011306,0.2372786510011306,0.26455566618600956,0.010888654724271163,0.8235294117647058,27,31,2816,126,0.04406072050487433,126620,42.20666666666666,0.215,0.019333333333333334,HistGradientBoosting
0.9483333333333334,0.576957512896272,0.4807692307692308,0.16339869281045752,0.2439024390243902,0.735589119150763,0.2372786510011306,0.2372786510011306,0.2594508256062325,0.009483667017913594,0.8366013071895425,25,27,2820,128,0.04406072050487433,128540,42.846666666666664,0.225,0.017333333333333333,HistGradientBoosting
0.9483333333333334,0.5676804617175286,0.4782608695652174,0.1437908496732026,0.2211055276381909,0.735589119150763,0.2372786510011306,0.2372786510011306,0.24235310940820212,0.008429926238145416,0.8562091503267973,22,24,2823,131,0.04406072050487433,131480,43.82666666666667,0.23500000000000001,0.015333333333333332,HistGradientBoosting
0.948,0.5644124878613195,0.4666666666666667,0.13725490196078433,0.21212121212121213,0.735589119150763,0.2372786510011306,0.2372786510011306,0.23316025347178923,0.008429926238145416,0.8627450980392157,21,24,2823,132,0.04406072050487433,132480,44.16,0.245,0.015,HistGradientBoosting
0.9486666666666667,0.5616713843949944,0.4878048780487805,0.13071895424836602,0.2061855670103093,0.735589119150763,0.2372786510011306,0.2372786510011306,0.2337161541324077,0.007376185458377239,0.869281045751634,20,21,2826,133,0.04406072050487433,133420,44.473333333333336,0.255,0.013666666666666667,HistGradientBoosting
0.9486666666666667,0.55857903400208,0.48717948717948717,0.12418300653594772,0.19791666666666666,0.735589119150763,0.2372786510011306,0.2372786510011306,0.22754125185967092,0.007024938531787847,0.8758169934640523,19,20,2827,134,0.04406072050487433,134400,44.8,0.265,0.013,HistGradientBoosting
0.949,0.5587546574653746,0.5,0.12418300653594772,0.19895287958115185,0.735589119150763,0.2372786510011306,0.2372786510011306,0.23116784155569808,0.0066736916051984545,0.8758169934640523,19,19,2828,134,0.04406072050487433,134380,44.79333333333334,0.26776809666251516,0.012666666666666666,HistGradientBoosting
0.9493333333333334,0.5527455801428404,0.5151515151515151,0.1111111111111111,0.18279569892473116,0.735589119150763,0.2372786510011306,0.2372786510011306,0.2225050001862357,0.005619950825430277,0.8888888888888888,17,16,2831,136,0.04406072050487433,136320,45.44,0.275,0.011,HistGradientBoosting
0.95,0.5500044766765153,0.5517241379310345,0.10457516339869281,0.17582417582417584,0.735589119150763,0.2372786510011306,0.2372786510011306,0.2248681807354065,0.0045662100456621,0.8954248366013072,16,13,2834,137,0.04406072050487433,137260,45.75333333333333,0.28500000000000003,0.009666666666666667,HistGradientBoosting
0.9503333333333334,0.5439953993539811,0.5833333333333334,0.0915032679738562,0.1581920903954802,0.735589119150763,0.2372786510011306,0.2372786510011306,0.2172974473477837,0.0035124692658939235,0.9084967320261438,14,10,2837,139,0.04406072050487433,139200,46.4,0.295,0.008,HistGradientBoosting
0.9503333333333334,0.5439953993539811,0.5833333333333334,0.0915032679738562,0.1581920903954802,0.735589119150763,0.2372786510011306,0.2372786510011306,0.2172974473477837,0.0035124692658939235,0.9084967320261438,14,10,2837,139,0.04406072050487433,139200,46.4,0.305,0.008,HistGradientBoosting
0.951,0.5443466462805705,0.6363636363636364,0.0915032679738562,0.15999999999999998,0.735589119150763,0.2372786510011306,0.2372786510011306,0.22869493139711122,0.0028099754127151387,0.9084967320261438,14,8,2839,139,0.04406072050487433,139160,46.38666666666666,0.315,0.007333333333333333,HistGradientBoosting
0.9513333333333334,0.5383375689580363,0.7058823529411765,0.0784313725490196,0.1411764705882353,0.735589119150763,0.2372786510011306,0.2372786510011306,0.22472062156789577,0.0017562346329469617,0.9215686274509803,12,5,2842,141,0.04406072050487433,141100,47.03333333333333,0.325,0.005666666666666667,HistGradientBoosting
0.9513333333333334,0.5383375689580363,0.7058823529411765,0.0784313725490196,0.1411764705882353,0.735589119150763,0.2372786510011306,0.2372786510011306,0.22472062156789577,0.0017562346329469617,0.9215686274509803,12,5,2842,141,0.04406072050487433,141100,47.03333333333333,0.335,0.005666666666666667,HistGradientBoosting
0.9513333333333334,0.5383375689580363,0.7058823529411765,0.0784313725490196,0.1411764705882353,0.735589119150763,0.2372786510011306,0.2372786510011306,0.22472062156789577,0.0017562346329469617,0.9215686274509803,12,5,2842,141,0.04406072050487433,141100,47.03333333333333,0.34500000000000003,0.005666666666666667,HistGradientBoosting
0.951,0.5350695951018272,0.6875,0.0718954248366013,0.1301775147928994,0.735589119150763,0.2372786510011306,0.2372786510011306,0.21185601338360818,0.0017562346329469617,0.9281045751633987,11,5,2842,142,0.04406072050487433,142100,47.36666666666667,0.35500000000000004,0.005333333333333333,HistGradientBoosting
0.951,0.5350695951018272,0.6875,0.0718954248366013,0.1301775147928994,0.735589119150763,0.2372786510011306,0.2372786510011306,0.21185601338360818,0.0017562346329469617,0.9281045751633987,11,5,2842,142,0.04406072050487433,142100,47.36666666666667,0.365,0.005333333333333333,HistGradientBoosting
0.9503333333333334,0.5285336473894089,0.6428571428571429,0.058823529411764705,0.10778443113772455,0.735589119150763,0.2372786510011306,0.2372786510011306,0.18421195649209574,0.0017562346329469617,0.9411764705882353,9,5,2842,144,0.04406072050487433,144100,48.03333333333333,0.375,0.004666666666666667,HistGradientBoosting
0.95,0.5252656735331998,0.6153846153846154,0.05228758169934641,0.0963855421686747,0.735589119150763,0.2372786510011306,0.2372786510011306,0.16924312561043867,0.0017562346329469617,0.9477124183006536,8,5,2842,145,0.04406072050487433,145100,48.36666666666667,0.385,0.004333333333333333,HistGradientBoosting
0.95,0.5190809727473709,0.6666666666666666,0.0392156862745098,0.07407407407407407,0.735589119150763,0.2372786510011306,0.2372786510011306,0.1535113513105992,0.001053740779768177,0.9607843137254902,6,3,2844,147,0.04406072050487433,147060,49.02,0.395,0.003,HistGradientBoosting
0.9493333333333334,0.5125450250349525,0.5714285714285714,0.026143790849673203,0.049999999999999996,0.735589119150763,0.2372786510011306,0.2372786510011306,0.11440331226244037,0.001053740779768177,0.9738562091503268,4,3,2844,149,0.04406072050487433,149060,49.68666666666667,0.405,0.0023333333333333335,HistGradientBoosting
0.949,0.5092770511787433,0.5,0.0196078431372549,0.03773584905660377,0.735589119150763,0.2372786510011306,0.2372786510011306,0.09136458248345632,0.001053740779768177,0.9803921568627451,3,3,2844,150,0.04406072050487433,150060,50.02,0.41500000000000004,0.002,HistGradientBoosting
0.9486666666666667,0.5060090773225342,0.4,0.013071895424836602,0.02531645569620253,0.735589119150763,0.2372786510011306,0.2372786510011306,0.06481773061026323,0.001053740779768177,0.9869281045751634,2,3,2844,151,0.04406072050487433,151060,50.35333333333333,0.425,0.0016666666666666668,HistGradientBoosting
0.9483333333333334,0.5027411034663251,0.25,0.006535947712418301,0.012738853503184716,0.735589119150763,0.2372786510011306,0.2372786510011306,0.03305171302533733,0.001053740779768177,0.9934640522875817,1,3,2844,152,0.04406072050487433,152060,50.68666666666667,0.435,0.0013333333333333333,HistGradientBoosting
0.9483333333333334,0.4996487530734106,0.0,0.0,0.0,0.735589119150763,0.2372786510011306,0.2372786510011306,-0.005987577743707604,0.0007024938531787847,1.0,0,2,2845,153,0.04406072050487433,153040,51.013333333333335,0.445,0.0006666666666666666,HistGradientBoosting
0.9483333333333334,0.4996487530734106,0.0,0.0,0.0,0.735589119150763,0.2372786510011306,0.2372786510011306,-0.005987577743707604,0.0007024938531787847,1.0,0,2,2845,153,0.04406072050487433,153040,51.013333333333335,0.455,0.0006666666666666666,HistGradientBoosting
0.9483333333333334,0.4996487530734106,0.0,0.0,0.0,0.735589119150763,0.2372786510011306,0.2372786510011306,-0.005987577743707604,0.0007024938531787847,1.0,0,2,2845,153,0.04406072050487433,153040,51.013333333333335,0.465,0.0006666666666666666,HistGradientBoosting
0.9486666666666667,0.4998243765367053,0.0,0.0,0.0,0.735589119150763,0.2372786510011306,0.2372786510011306,-0.0042331508885077515,0.00035124692658939234,1.0,0,1,2846,153,0.04406072050487433,153020,51.00666666666667,0.47500000000000003,0.0003333333333333333,HistGradientBoosting
0.9486666666666667,0.4998243765367053,0.0,0.0,0.0,0.735589119150763,0.2372786510011306,0.2372786510011306,-0.0042331508885077515,0.00035124692658939234,1.0,0,1,2846,153,0.04406072050487433,153020,51.00666666666667,0.485,0.0003333333333333333,HistGradientBoosting
0.9486666666666667,0.4998243765367053,0.0,0.0,0.0,0.735589119150763,0.2372786510011306,0.2372786510011306,-0.0042331508885077515,0.00035124692658939234,1.0,0,1,2846,153,0.04406072050487433,153020,51.00666666666667,0.49408000922499457,0.0003333333333333333,HistGradientBoosting
0.949,0.5,0.0,0.0,0.0,0.735589119150763,0.2372786510011306,0.2372786510011306,0.0,0.0,1.0,0,0,2847,153,0.04406072050487433,153000,51.0,0.495,0.0,HistGradientBoosting
0.949,0.5,0.0,0.0,0.0,0.735589119150763,0.2372786510011306,0.2372786510011306,0.0,0.0,1.0,0,0,2847,153,0.04406072050487433,153000,51.0,0.505,0.0,HistGradientBoosting
0.949,0.5,0.0,0.0,0.0,0.735589119150763,0.2372786510011306,0.2372786510011306,0.0,0.0,1.0,0,0,2847,153,0.04406072050487433,153000,51.0,0.515,0.0,HistGradientBoosting
0.949,0.5,0.0,0.0,0.0,0.735589119150763,0.2372786510011306,0.2372786510011306,0.0,0.0,1.0,0,0,2847,153,0.04406072050487433,153000,51.0,0.525,0.0,HistGradientBoosting
0.949,0.5,0.0,0.0,0.0,0.735589119150763,0.2372786510011306,0.2372786510011306,0.0,0.0,1.0,0,0,2847,153,0.04406072050487433,153000,51.0,0.535,0.0,HistGradientBoosting
0.949,0.5,0.0,0.0,0.0,0.735589119150763,0.2372786510011306,0.2372786510011306,0.0,0.0,1.0,0,0,2847,153,0.04406072050487433,153000,51.0,0.545,0.0,HistGradientBoosting
0.949,0.5,0.0,0.0,0.0,0.735589119150763,0.2372786510011306,0.2372786510011306,0.0,0.0,1.0,0,0,2847,153,0.04406072050487433,153000,51.0,0.555,0.0,HistGradientBoosting
0.949,0.5,0.0,0.0,0.0,0.735589119150763,0.2372786510011306,0.2372786510011306,0.0,0.0,1.0,0,0,2847,153,0.04406072050487433,153000,51.0,0.5650000000000001,0.0,HistGradientBoosting
0.949,0.5,0.0,0.0,0.0,0.735589119150763,0.2372786510011306,0.2372786510011306,0.0,0.0,1.0,0,0,2847,153,0.04406072050487433,153000,51.0,0.5750000000000001,0.0,HistGradientBoosting
0.949,0.5,0.0,0.0,0.0,0.735589119150763,0.2372786510011306,0.2372786510011306,0.0,0.0,1.0,0,0,2847,153,0.04406072050487433,153000,51.0,0.585,0.0,HistGradientBoosting
0.949,0.5,0.0,0.0,0.0,0.735589119150763,0.2372786510011306,0.2372786510011306,0.0,0.0,1.0,0,0,2847,153,0.04406072050487433,153000,51.0,0.595,0.0,HistGradientBoosting
0.949,0.5,0.0,0.0,0.0,0.735589119150763,0.2372786510011306,0.2372786510011306,0.0,0.0,1.0,0,0,2847,153,0.04406072050487433,153000,51.0,0.605,0.0,HistGradientBoosting
0.949,0.5,0.0,0.0,0.0,0.735589119150763,0.2372786510011306,0.2372786510011306,0.0,0.0,1.0,0,0,2847,153,0.04406072050487433,153000,51.0,0.615,0.0,HistGradientBoosting
0.949,0.5,0.0,0.0,0.0,0.735589119150763,0.2372786510011306,0.2372786510011306,0.0,0.0,1.0,0,0,2847,153,0.04406072050487433,153000,51.0,0.625,0.0,HistGradientBoosting
0.949,0.5,0.0,0.0,0.0,0.735589119150763,0.2372786510011306,0.2372786510011306,0.0,0.0,1.0,0,0,2847,153,0.04406072050487433,153000,51.0,0.635,0.0,HistGradientBoosting
0.949,0.5,0.0,0.0,0.0,0.735589119150763,0.2372786510011306,0.2372786510011306,0.0,0.0,1.0,0,0,2847,153,0.04406072050487433,153000,51.0,0.645,0.0,HistGradientBoosting
0.949,0.5,0.0,0.0,0.0,0.735589119150763,0.2372786510011306,0.2372786510011306,0.0,0.0,1.0,0,0,2847,153,0.04406072050487433,153000,51.0,0.655,0.0,HistGradientBoosting
0.949,0.5,0.0,0.0,0.0,0.735589119150763,0.2372786510011306,0.2372786510011306,0.0,0.0,1.0,0,0,2847,153,0.04406072050487433,153000,51.0,0.665,0.0,HistGradientBoosting
0.949,0.5,0.0,0.0,0.0,0.735589119150763,0.2372786510011306,0.2372786510011306,0.0,0.0,1.0,0,0,2847,153,0.04406072050487433,153000,51.0,0.675,0.0,HistGradientBoosting
0.949,0.5,0.0,0.0,0.0,0.735589119150763,0.2372786510011306,0.2372786510011306,0.0,0.0,1.0,0,0,2847,153,0.04406072050487433,153000,51.0,0.685,0.0,HistGradientBoosting
0.949,0.5,0.0,0.0,0.0,0.735589119150763,0.2372786510011306,0.2372786510011306,0.0,0.0,1.0,0,0,2847,153,0.04406072050487433,153000,51.0,0.6950000000000001,0.0,HistGradientBoosting
0.949,0.5,0.0,0.0,0.0,0.735589119150763,0.2372786510011306,0.2372786510011306,0.0,0.0,1.0,0,0,2847,153,0.04406072050487433,153000,51.0,0.7050000000000001,0.0,HistGradientBoosting
0.949,0.5,0.0,0.0,0.0,0.735589119150763,0.2372786510011306,0.2372786510011306,0.0,0.0,1.0,0,0,2847,153,0.04406072050487433,153000,51.0,0.715,0.0,HistGradientBoosting
0.949,0.5,0.0,0.0,0.0,0.735589119150763,0.2372786510011306,0.2372786510011306,0.0,0.0,1.0,0,0,2847,153,0.04406072050487433,153000,51.0,0.725,0.0,HistGradientBoosting
0.949,0.5,0.0,0.0,0.0,0.735589119150763,0.2372786510011306,0.2372786510011306,0.0,0.0,1.0,0,0,2847,153,0.04406072050487433,153000,51.0,0.735,0.0,HistGradientBoosting
0.949,0.5,0.0,0.0,0.0,0.735589119150763,0.2372786510011306,0.2372786510011306,0.0,0.0,1.0,0,0,2847,153,0.04406072050487433,153000,51.0,0.745,0.0,HistGradientBoosting
0.949,0.5,0.0,0.0,0.0,0.735589119150763,0.2372786510011306,0.2372786510011306,0.0,0.0,1.0,0,0,2847,153,0.04406072050487433,153000,51.0,0.755,0.0,HistGradientBoosting
0.949,0.5,0.0,0.0,0.0,0.735589119150763,0.2372786510011306,0.2372786510011306,0.0,0.0,1.0,0,0,2847,153,0.04406072050487433,153000,51.0,0.765,0.0,HistGradientBoosting
0.949,0.5,0.0,0.0,0.0,0.735589119150763,0.2372786510011306,0.2372786510011306,0.0,0.0,1.0,0,0,2847,153,0.04406072050487433,153000,51.0,0.775,0.0,HistGradientBoosting
0.949,0.5,0.0,0.0,0.0,0.735589119150763,0.2372786510011306,0.2372786510011306,0.0,0.0,1.0,0,0,2847,153,0.04406072050487433,153000,51.0,0.785,0.0,HistGradientBoosting
0.949,0.5,0.0,0.0,0.0,0.735589119150763,0.2372786510011306,0.2372786510011306,0.0,0.0,1.0,0,0,2847,153,0.04406072050487433,153000,51.0,0.795,0.0,HistGradientBoosting
0.949,0.5,0.0,0.0,0.0,0.735589119150763,0.2372786510011306,0.2372786510011306,0.0,0.0,1.0,0,0,2847,153,0.04406072050487433,153000,51.0,0.805,0.0,HistGradientBoosting
0.949,0.5,0.0,0.0,0.0,0.735589119150763,0.2372786510011306,0.2372786510011306,0.0,0.0,1.0,0,0,2847,153,0.04406072050487433,153000,51.0,0.8150000000000001,0.0,HistGradientBoosting
0.949,0.5,0.0,0.0,0.0,0.735589119150763,0.2372786510011306,0.2372786510011306,0.0,0.0,1.0,0,0,2847,153,0.04406072050487433,153000,51.0,0.8250000000000001,0.0,HistGradientBoosting
0.949,0.5,0.0,0.0,0.0,0.735589119150763,0.2372786510011306,0.2372786510011306,0.0,0.0,1.0,0,0,2847,153,0.04406072050487433,153000,51.0,0.8350000000000001,0.0,HistGradientBoosting
0.949,0.5,0.0,0.0,0.0,0.735589119150763,0.2372786510011306,0.2372786510011306,0.0,0.0,1.0,0,0,2847,153,0.04406072050487433,153000,51.0,0.845,0.0,HistGradientBoosting
0.949,0.5,0.0,0.0,0.0,0.735589119150763,0.2372786510011306,0.2372786510011306,0.0,0.0,1.0,0,0,2847,153,0.04406072050487433,153000,51.0,0.855,0.0,HistGradientBoosting
0.949,0.5,0.0,0.0,0.0,0.735589119150763,0.2372786510011306,0.2372786510011306,0.0,0.0,1.0,0,0,2847,153,0.04406072050487433,153000,51.0,0.865,0.0,HistGradientBoosting
0.949,0.5,0.0,0.0,0.0,0.735589119150763,0.2372786510011306,0.2372786510011306,0.0,0.0,1.0,0,0,2847,153,0.04406072050487433,153000,51.0,0.875,0.0,HistGradientBoosting
0.949,0.5,0.0,0.0,0.0,0.735589119150763,0.2372786510011306,0.2372786510011306,0.0,0.0,1.0,0,0,2847,153,0.04406072050487433,153000,51.0,0.885,0.0,HistGradientBoosting
0.949,0.5,0.0,0.0,0.0,0.735589119150763,0.2372786510011306,0.2372786510011306,0.0,0.0,1.0,0,0,2847,153,0.04406072050487433,153000,51.0,0.895,0.0,HistGradientBoosting
0.949,0.5,0.0,0.0,0.0,0.735589119150763,0.2372786510011306,0.2372786510011306,0.0,0.0,1.0,0,0,2847,153,0.04406072050487433,153000,51.0,0.905,0.0,HistGradientBoosting
0.949,0.5,0.0,0.0,0.0,0.735589119150763,0.2372786510011306,0.2372786510011306,0.0,0.0,1.0,0,0,2847,153,0.04406072050487433,153000,51.0,0.915,0.0,HistGradientBoosting
0.949,0.5,0.0,0.0,0.0,0.735589119150763,0.2372786510011306,0.2372786510011306,0.0,0.0,1.0,0,0,2847,153,0.04406072050487433,153000,51.0,0.925,0.0,HistGradientBoosting
0.949,0.5,0.0,0.0,0.0,0.735589119150763,0.2372786510011306,0.2372786510011306,0.0,0.0,1.0,0,0,2847,153,0.04406072050487433,153000,51.0,0.935,0.0,HistGradientBoosting
0.949,0.5,0.0,0.0,0.0,0.735589119150763,0.2372786510011306,0.2372786510011306,0.0,0.0,1.0,0,0,2847,153,0.04406072050487433,153000,51.0,0.9450000000000001,0.0,HistGradientBoosting
0.949,0.5,0.0,0.0,0.0,0.735589119150763,0.2372786510011306,0.2372786510011306,0.0,0.0,1.0,0,0,2847,153,0.04406072050487433,153000,51.0,0.9550000000000001,0.0,HistGradientBoosting
0.949,0.5,0.0,0.0,0.0,0.735589119150763,0.2372786510011306,0.2372786510011306,0.0,0.0,1.0,0,0,2847,153,0.04406072050487433,153000,51.0,0.965,0.0,HistGradientBoosting
0.949,0.5,0.0,0.0,0.0,0.735589119150763,0.2372786510011306,0.2372786510011306,0.0,0.0,1.0,0,0,2847,153,0.04406072050487433,153000,51.0,0.975,0.0,HistGradientBoosting
0.949,0.5,0.0,0.0,0.0,0.735589119150763,0.2372786510011306,0.2372786510011306,0.0,0.0,1.0,0,0,2847,153,0.04406072050487433,153000,51.0,0.985,0.0,HistGradientBoosting
0.949,0.5,0.0,0.0,0.0,0.735589119150763,0.2372786510011306,0.2372786510011306,0.0,0.0,1.0,0,0,2847,153,0.04406072050487433,153000,51.0,0.995,0.0,HistGradientBoosting
0.949,0.5,0.0,0.0,0.0,0.735589119150763,0.2372786510011306,0.2372786510011306,0.0,0.0,1.0,0,0,2847,153,0.04406072050487433,153000,51.0,1.000001,0.0,HistGradientBoosting
0.051,0.5,0.051,1.0,0.09705042816365367,0.7494851822007342,0.25614997172722437,0.25614997172722437,0.0,1.0,0.0,153,2847,0,0,0.043574605137109756,56940,18.98,0.005,1.0,XGBoost
0.051,0.5,0.051,1.0,0.09705042816365367,0.7494851822007342,0.25614997172722437,0.25614997172722437,0.0,1.0,0.0,153,2847,0,0,0.043574605137109756,56940,18.98,0.0065629747696220875,1.0,XGBoost
0.06366666666666666,0.5066736916051985,0.051654287643484134,1.0,0.09823434991974317,0.7494851822007342,0.25614997172722437,0.25614997172722437,0.02625737175799689,0.9866526167896031,0.0,153,2809,38,0,0.043574605137109756,56180,18.726666666666667,0.010777825396507979,0.9873333333333333,XGBoost
0.076,0.5131717597471022,0.052307692307692305,1.0,0.09941520467836255,0.7494851822007342,0.25614997172722437,0.25614997172722437,0.037121000956393126,0.9736564805057956,0.0,153,2772,75,0,0.043574605137109756,55440,18.48,0.011877812817692757,0.975,XGBoost
0.088,0.5164018540327968,0.052649809490820924,0.9934640522875817,0.1,0.7494851822007342,0.25614997172722437,0.25614997172722437,0.03790528563116997,0.9606603442219881,0.006535947712418301,152,2735,112,1,0.043574605137109756,55700,18.566666666666666,0.012807779829017818,0.9623333333333334,XGBoost
0.09966666666666667,0.5194563248551968,0.052982456140350874,0.9869281045751634,0.10056610056610055,0.7494851822007342,0.25614997172722437,0.25614997172722437,0.03927916021395883,0.9480154548647699,0.013071895424836602,151,2699,148,2,0.043574605137109756,55980,18.66,0.013437266880646347,0.95,XGBoost
0.111,0.5192428218213875,0.05298719772403983,0.9738562091503268,0.10050590219224283,0.7494851822007342,0.25614997172722437,0.25614997172722437,0.0349342658070194,0.9353705655075518,0.026143790849673203,149,2663,184,4,0.043574605137109756,57260,19.086666666666666,0.014145753404591233,0.9373333333333334,XGBoost
0.12266666666666666,0.5222972926437874,0.05333333333333334,0.9673202614379085,0.1010928961748634,0.7494851822007342,0.25614997172722437,0.25614997172722437,0.03724764553412284,0.9227256761503336,0.032679738562091505,148,2627,220,5,0.043574605137109756,57540,19.18,0.01462230528704822,0.925,XGBoost
0.134,0.528268490395807,0.0539948923750456,0.9673202614379085,0.10228058051140289,0.7494851822007342,0.25614997172722437,0.25614997172722437,0.044286122966721866,0.9107832806462943,0.032679738562091505,148,2593,254,5,0.043574605137109756,56860,18.953333333333333,0.015,0.9136666666666666,XGBoost
0.13533333333333333,0.5289709842489858,0.05407380343441724,0.9673202614379085,0.10242214532871972,0.7494851822007342,0.25614997172722437,0.25614997172722437,0.04507309927993834,0.9093782929399368,0.032679738562091505,148,2589,258,5,0.043574605137109756,56780,18.926666666666666,0.015034731896594166,0.9123333333333333,XGBoost
0.14766666666666667,0.5354690523908896,0.054814814814814816,0.9673202614379085,0.10375043813529619,0.7494851822007342,0.25614997172722437,0.25614997172722437,0.05202073942731082,0.8963821566561293,0.032679738562091505,148,2552,295,5,0.043574605137109756,56040,18.68,0.015422595664858818,0.9,XGBoost
0.16033333333333333,0.5421427439960881,0.05559729526671676,0.9673202614379085,0.10515097690941384,0.7494851822007342,0.25614997172722437,0.25614997172722437,0.05864484987749507,0.8830347734457323,0.032679738562091505,148,2514,333,5,0.043574605137109756,55280,18.426666666666666,0.015828345948830248,0.8873333333333333,XGBoost
0.17266666666666666,0.5486408121379919,0.05638095238095238,0.9673202614379085,0.10655147588192945,0.7494851822007342,0.25614997172722437,0.25614997172722437,0.06471276769051185,0.8700386371619249,0.032679738562091505,148,2477,370,5,0.043574605137109756,54540,18.18,0.016105823684483767,0.875,XGBoost
0.18466666666666667,0.5518709064236864,0.05682257441051411,0.9607843137254902,0.1072992700729927,0.7494851822007342,0.25614997172722437,0.25614997172722437,0.06623995696834328,0.8570425008781173,0.0392156862745098,147,2440,407,6,0.043574605137109756,54800,18.266666666666666,0.016532638180069625,0.8623333333333333,XGBoost
0.19633333333333333,0.5549253772460864,0.05725490196078432,0.954248366013072,0.10802811690714022,0.7494851822007342,0.25614997172722437,0.25614997172722437,0.06768090324785012,0.8443976115208992,0.0457516339869281,146,2404,443,7,0.043574605137109756,55080,18.36,0.01699040587991476,0.85,XGBoost
0.209,0.5615990688512849,0.058121019108280256,0.954248366013072,0.10956848030018762,0.7494851822007342,0.25614997172722437,0.25614997172722437,0.07343851110993677,0.8310502283105022,0.0457516339869281,146,2366,481,7,0.043574605137109756,54320,18.106666666666666,0.01729379368480295,0.8373333333333334,XGBoost
0.21933333333333332,0.557766345034677,0.057777777777777775,0.934640522875817,0.10882800608828005,0.7494851822007342,0.25614997172722437,0.25614997172722437,0.0668924466954851,0.8191078328064629,0.06535947712418301,143,2332,515,10,0.043574605137109756,56640,18.88,0.017707414319738747,0.825,XGBoost
0.23133333333333334,0.5609964393203717,0.058268362741075094,0.9281045751633987,0.10965250965250967,0.7494851822007342,0.25614997172722437,0.25614997172722437,0.06873722043492965,0.8061116965226555,0.0718954248366013,142,2295,552,11,0.043574605137109756,56900,18.966666666666665,0.01810584682971239,0.8123333333333334,XGBoost
0.24233333333333335,0.5606073128232677,0.058333333333333334,0.9150326797385621,0.10967489228358794,0.7494851822007342,0.25614997172722437,0.25614997172722437,0.0666673553825731,0.7938180540920267,0.08496732026143791,140,2260,587,13,0.043574605137109756,58200,19.4,0.018435817584395407,0.8,XGBoost
0.255,0.5672810044284662,0.05927180355630821,0.9150326797385621,0.11133200795228627,0.7494851822007342,0.25614997172722437,0.25614997172722437,0.07234551707238404,0.7804706708816298,0.08496732026143791,140,2222,625,13,0.043574605137109756,57440,19.14666666666667,0.018742926116101444,0.7873333333333333,XGBoost
0.26666666666666666,0.570335475250866,0.05978494623655914,0.9084967320261438,0.11218724778046811,0.7494851822007342,0.25614997172722437,0.25614997172722437,0.07411063013280704,0.7678257815244116,0.0915032679738562,139,2186,661,14,0.043574605137109756,57720,19.24,0.019129391107708216,0.775,XGBoost
0.2793333333333333,0.5770091668560645,0.06077831219938785,0.9084967320261438,0.1139344262295082,0.7494851822007342,0.25614997172722437,0.25614997172722437,0.0796038407666161,0.7544783983140148,0.0915032679738562,139,2148,699,14,0.043574605137109756,56960,18.986666666666668,0.019459958747029306,0.7623333333333333,XGBoost
0.291,0.5800636376784645,0.06133333333333333,0.9019607843137255,0.11485642946317104,0.7494851822007342,0.25614997172722437,0.25614997172722437,0.08135474201351997,0.7418335089567967,0.09803921568627451,138,2112,735,15,0.043574605137109756,57240,19.08,0.01974780624732375,0.75,XGBoost
0.30366666666666664,0.5867373292836628,0.06238698010849909,0.9019607843137255,0.11670190274841437,0.7494851822007342,0.25614997172722437,0.25614997172722437,0.086720110046211,0.7284861257463997,0.09803921568627451,138,2074,773,15,0.043574605137109756,56480,18.826666666666668,0.02001778029371053,0.7373333333333333,XGBoost
0.316,0.5932353974255666,0.06344827586206897,0.9019607843137255,0.11855670103092783,0.7494851822007342,0.25614997172722437,0.25614997172722437,0.0918742202346858,0.7154899894625922,0.09803921568627451,138,2037,810,15,0.043574605137109756,55740,18.58,0.02025895854458213,0.725,XGBoost
0.3273333333333333,0.5930218943917573,0.06364061768834815,0.8888888888888888,0.11877729257641922,0.7494851822007342,0.25614997172722437,0.25614997172722437,0.09041634880925062,0.702845100105374,0.1111111111111111,136,2001,846,17,0.043574605137109756,57020,19.006666666666668,0.020457965438254178,0.7123333333333334,XGBoost
0.33766666666666667,0.5891891705751496,0.06333333333333334,0.869281045751634,0.1180648024855748,0.7494851822007342,0.25614997172722437,0.25614997172722437,0.08563487492164414,0.6909027046013347,0.13071895424836602,133,1967,880,20,0.043574605137109756,59340,19.78,0.020743218064308167,0.7,XGBoost
0.35033333333333333,0.5958628621803481,0.06450048496605237,0.869281045751634,0.12009029345372459,0.7494851822007342,0.25614997172722437,0.25614997172722437,0.0909858981670082,0.6775553213909379,0.13071895424836602,133,1929,918,20,0.043574605137109756,58580,19.526666666666667,0.021077672601677477,0.6873333333333334,XGBoost
0.362,0.598917333002748,0.06518518518518518,0.8627450980392157,0.1212121212121212,0.7494851822007342,0.25614997172722437,0.25614997172722437,0.09292381285162461,0.6649104320337197,0.13725490196078433,132,1893,954,21,0.043574605137109756,58860,19.62,0.02138653420843184,0.675,XGBoost
0.374,0.6021474272884426,0.06592853548062405,0.8562091503267973,0.12242990654205606,0.7494851822007342,0.25614997172722437,0.25614997172722437,0.09503710999181911,0.6519142957499122,0.1437908496732026,131,1856,991,22,0.043574605137109756,59120,19.706666666666667,0.02165164812467992,0.6623333333333333,XGBoost
0.3863333333333333,0.6086454954303463,0.06717948717948719,0.8562091503267973,0.1245839277223015,0.7494851822007342,0.25614997172722437,0.25614997172722437,0.10022341900329688,0.6389181594661046,0.1437908496732026,131,1819,1028,22,0.043574605137109756,58380,19.46,0.021960897371172905,0.65,XGBoost
0.3983333333333333,0.611875589716041,0.06799163179916318,0.8496732026143791,0.12590799031476996,0.7494851822007342,0.25614997172722437,0.25614997172722437,0.1023873707180276,0.6259220231822972,0.1503267973856209,130,1782,1065,23,0.043574605137109756,58640,19.546666666666667,0.022297966433689,0.6373333333333333,XGBoost
0.41,0.6149300605384409,0.0688,0.8431372549019608,0.12721893491124261,0.7494851822007342,0.25614997172722437,0.25614997172722437,0.10445426629446969,0.613277133825079,0.1568627450980392,129,1746,1101,24,0.043574605137109756,58920,19.64,0.022590569453313947,0.625,XGBoost
0.422,0.6181601548241356,0.06967882416984214,0.8366013071895425,0.12864321608040202,0.7494851822007342,0.25614997172722437,0.25614997172722437,0.10670777404347788,0.6002809975412715,0.16339869281045752,128,1709,1138,25,0.043574605137109756,59180,19.726666666666667,0.023033262230455875,0.6123333333333333,XGBoost
0.43433333333333335,0.6246582229660392,0.07111111111111111,0.8366013071895425,0.13108038914490527,0.7494851822007342,0.25614997172722437,0.25614997172722437,0.11196015748880667,0.587284861257464,0.16339869281045752,128,1672,1175,25,0.043574605137109756,58440,19.48,0.023425365611910824,0.6,XGBoost
0.447,0.6313319145712377,0.07264472190692395,0.8366013071895425,0.13368146214099216,0.7494851822007342,0.25614997172722437,0.25614997172722437,0.11737522715732758,0.5739374780470671,0.16339869281045752,128,1634,1213,25,0.043574605137109756,57680,19.226666666666667,0.02379650855436921,0.5873333333333334,XGBoost
0.4593333333333333,0.6378299827131415,0.07420289855072464,0.8366013071895425,0.13631522896698614,0.7494851822007342,0.25614997172722437,0.25614997172722437,0.12267710091016606,0.5609413417632596,0.16339869281045752,128,1597,1250,25,0.043574605137109756,56940,18.98,0.02403933545574546,0.575,XGBoost
0.472,0.6445036743183399,0.07587433313574392,0.8366013071895425,0.1391304347826087,0.7494851822007342,0.25614997172722437,0.25614997172722437,0.1281617504453968,0.5475939585528626,0.16339869281045752,128,1559,1288,25,0.043574605137109756,56180,18.726666666666667,0.02436394232790917,0.5623333333333334,XGBoost
0.483,0.644114547821236,0.07636363636363637,0.8235294117647058,0.13976705490848587,0.7494851822007342,0.25614997172722437,0.25614997172722437,0.1274583851153468,0.5353003161222339,0.17647058823529413,126,1524,1323,27,0.043574605137109756,57480,19.16,0.024683693423867226,0.55,XGBoost
0.49366666666666664,0.6497344986466662,0.07787391841779975,0.8235294117647058,0.1422924901185771,0.7494851822007342,0.25614997172722437,0.25614997172722437,0.13217460989370378,0.5240604144713734,0.17647058823529413,126,1492,1355,27,0.043574605137109756,56840,18.946666666666665,0.025,0.5393333333333333,XGBoost
0.49566666666666664,0.6507882394264344,0.07816377171215881,0.8235294117647058,0.14277620396600568,0.7494851822007342,0.25614997172722437,0.25614997172722437,0.1330637208299667,0.521952932911837,0.17647058823529413,126,1486,1361,27,0.043574605137109756,56720,18.906666666666666,0.02501986548304558,0.5373333333333333,XGBoost
0.5066666666666667,0.6503991129293305,0.07873015873015873,0.8104575163398693,0.14351851851851852,0.7494851822007342,0.25614997172722437,0.25614997172722437,0.1325156002638403,0.5096592904812083,0.1895424836601307,124,1451,1396,29,0.043574605137109756,58020,19.34,0.025468274205923083,0.525,XGBoost
0.5193333333333333,0.6570728045345289,0.08067664281067013,0.8104575163398693,0.14674556213017753,0.7494851822007342,0.25614997172722437,0.25614997172722437,0.1382647096458733,0.49631190727081137,0.1895424836601307,124,1413,1434,29,0.043574605137109756,57260,19.086666666666666,0.0258426716318354,0.5123333333333333,XGBoost
0.5303333333333333,0.656683678037425,0.08133333333333333,0.7973856209150327,0.14761040532365396,0.7494851822007342,0.25614997172722437,0.25614997172722437,0.13788021226850344,0.4840182648401826,0.20261437908496732,122,1378,1469,31,0.043574605137109756,58560,19.52,0.026219790801405907,0.5,XGBoost
0.5413333333333333,0.6562945515403211,0.08202323991797676,0.7843137254901961,0.1485148514851485,0.7494851822007342,0.25614997172722437,0.25614997172722437,0.13757964564262934,0.47172462240955393,0.21568627450980393,120,1343,1504,33,0.043574605137109756,59860,19.953333333333333,0.026601099828258156,0.4876666666666667,XGBoost
0.5526666666666666,0.6560810485065118,0.08280701754385965,0.7712418300653595,0.14955640050697086,0.7494851822007342,0.25614997172722437,0.25614997172722437,0.1375219137254393,0.4590797330523358,0.22875816993464052,118,1307,1540,35,0.043574605137109756,61140,20.38,0.026984131010249258,0.475,XGBoost
0.5636666666666666,0.655691922009408,0.08357348703170028,0.7581699346405228,0.15055158987670345,0.7494851822007342,0.25614997172722437,0.25614997172722437,0.13739099630411197,0.44678609062170704,0.24183006535947713,116,1272,1575,37,0.043574605137109756,62440,20.813333333333333,0.027483273134566843,0.46266666666666667,XGBoost
0.5736666666666667,0.648591224336591,0.08296296296296296,0.7320261437908496,0.1490352628077179,0.7494851822007342,0.25614997172722437,0.25614997172722437,0.13141766589551288,0.43484369511766774,0.2679738562091503,112,1238,1609,41,0.043574605137109756,65760,21.92,0.028056280314922334,0.45,XGBoost
0.586,0.6550892924784948,0.0853008377760853,0.7320261437908496,0.15279672578444747,0.7494851822007342,0.25614997172722437,0.25614997172722437,0.1375502408028343,0.4218475588338602,0.2679738562091503,112,1201,1646,41,0.043574605137109756,65020,21.673333333333332,0.028427902259863913,0.43766666666666665,XGBoost
0.598,0.6583193867641893,0.08705882352941176,0.7254901960784313,0.15546218487394955,0.7494851822007342,0.25614997172722437,0.25614997172722437,0.14091392165758612,0.4088514225500527,0.27450980392156865,111,1164,1683,42,0.043574605137109756,65280,21.76,0.02886933372355998,0.425,XGBoost
0.609,0.6579302602670853,0.08804523424878836,0.7124183006535948,0.15672178289000718,0.7494851822007342,0.25614997172722437,0.25614997172722437,0.14114695757222082,0.39655778011942394,0.2875816993464052,109,1129,1718,44,0.043574605137109756,66580,22.19333333333333,0.029218437150120735,0.4126666666666667,XGBoost
0.6203333333333333,0.6577167572332762,0.08916666666666667,0.6993464052287581,0.1581670362158167,0.7494851822007342,0.25614997172722437,0.25614997172722437,0.14165124897755096,0.3839128907622058,0.3006535947712418,107,1093,1754,46,0.043574605137109756,67860,22.62,0.02972588539123537,0.4,XGBoost
0.6326666666666667,0.6642148253751798,0.09200343938091143,0.6993464052287581,0.16261398176291791,0.7494851822007342,0.25614997172722437,0.25614997172722437,0.1482987095506464,0.37091675447839834,0.3006535947712418,107,1056,1791,46,0.043574605137109756,67120,22.373333333333335,0.030439404444769027,0.38766666666666666,XGBoost
0.6446666666666667,0.6674449196608745,0.09422222222222222,0.6928104575163399,0.16588419405320814,0.7494851822007342,0.25614997172722437,0.25614997172722437,0.15218243291591277,0.3579206181945908,0.30718954248366015,106,1019,1828,47,0.043574605137109756,67380,22.46,0.03090716665610671,0.375,XGBoost
0.657,0.6739429878027783,0.0974264705882353,0.6928104575163399,0.17082997582594683,0.7494851822007342,0.25614997172722437,0.25614997172722437,0.15919080490362628,0.3449244819107833,0.30718954248366015,106,982,1865,47,0.043574605137109756,66640,22.213333333333335,0.031791237136349085,0.3626666666666667,XGBoost
0.6696666666666666,0.6806166794079768,0.10095238095238095,0.6928104575163399,0.17622610141313383,0.7494851822007342,0.25614997172722437,0.25614997172722437,0.1666154778676045,0.3315770987003864,0.30718954248366015,106,944,1903,47,0.043574605137109756,65880,21.96,0.03248473517596722,0.35,XGBoost
0.6806666666666666,0.6802275529108728,0.10266535044422508,0.6797385620915033,0.1783876500857633,0.7494851822007342,0.25614997172722437,0.25614997172722437,0.16768220428283845,0.3192834562697576,0.3202614379084967,104,909,1938,49,0.043574605137109756,67180,22.393333333333334,0.032979758642613904,0.33766666666666667,XGBoost
0.6933333333333334,0.6869012445160713,0.10666666666666667,0.6797385620915033,0.1843971631205674,0.7494851822007342,0.25614997172722437,0.25614997172722437,0.17557667336890953,0.3059360730593607,0.3202614379084967,104,871,1976,49,0.043574605137109756,66420,22.14,0.03347550174221397,0.325,XGBoost
0.705,0.6899557153384712,0.10980810234541578,0.673202614379085,0.18881759853345553,0.7494851822007342,0.25614997172722437,0.25614997172722437,0.18029183542957491,0.29329118370214263,0.32679738562091504,103,835,2012,50,0.043574605137109756,66700,22.233333333333334,0.03418481792323291,0.31266666666666665,XGBoost
0.716,0.6926589392342817,0.11295681063122924,0.6666666666666666,0.1931818181818182,0.7494851822007342,0.25614997172722437,0.25614997172722437,0.18480576676427882,0.2813487881981033,0.3333333333333333,102,801,2046,51,0.043574605137109756,67020,22.34,0.034999999999999996,0.301,XGBoost
0.717,0.6931858096241658,0.11333333333333333,0.6666666666666666,0.19373219373219372,0.7494851822007342,0.25614997172722437,0.25614997172722437,0.18548712289977745,0.2802950474183351,0.3333333333333333,102,798,2049,51,0.043574605137109756,66960,22.32,0.03505851291120053,0.3,XGBoost
0.728,0.6927966831270619,0.11587485515643106,0.6535947712418301,0.1968503937007874,0.7494851822007342,0.25614997172722437,0.25614997172722437,0.1873964432230228,0.26800140498770636,0.3464052287581699,100,763,2084,53,0.043574605137109756,68260,22.753333333333334,0.03579203244298696,0.2876666666666667,XGBoost
0.74,0.6960267774127564,0.12,0.6470588235294118,0.20245398773006135,0.7494851822007342,0.25614997172722437,0.25614997172722437,0.19316491179536432,0.25500526870389884,0.35294117647058826,99,726,2121,54,0.043574605137109756,68520,22.84,0.03670515166595578,0.275,XGBoost
0.7503333333333333,0.6921940535961486,0.1218274111675127,0.6274509803921569,0.20403825717322,0.7494851822007342,0.25614997172722437,0.25614997172722437,0.19215589891611592,0.2430628731998595,0.37254901960784315,96,692,2155,57,0.043574605137109756,70840,23.613333333333333,0.037988273799419416,0.26266666666666666,XGBoost
0.7616666666666667,0.6919805505623395,0.12533333333333332,0.6143790849673203,0.2081949058693245,0.7494851822007342,0.25614997172722437,0.25614997172722437,0.19507642439801026,0.23041798384264137,0.38562091503267976,94,656,2191,59,0.043574605137109756,72120,24.04,0.03917303215712309,0.25,XGBoost
0.772,0.6881478267457317,0.1276297335203366,0.5947712418300654,0.21016166281755197,0.7494851822007342,0.25614997172722437,0.25614997172722437,0.1944871013712652,0.21847558833860203,0.40522875816993464,91,622,2225,62,0.043574605137109756,74440,24.813333333333333,0.04028856721706689,0.23766666666666666,XGBoost
0.782,0.6810471290729148,0.1288888888888889,0.5686274509803921,0.2101449275362319,0.7494851822007342,0.25614997172722437,0.25614997172722437,0.1907645718106404,0.2065331928345627,0.43137254901960786,87,588,2259,66,0.043574605137109756,77760,25.92,0.04179943092167377,0.225,XGBoost
0.7936666666666666,0.6841015998953146,0.13479623824451412,0.5620915032679739,0.21744627054361568,0.7494851822007342,0.25614997172722437,0.25614997172722437,0.19795967006468398,0.19388830347734456,0.43790849673202614,86,552,2295,67,0.043574605137109756,78040,26.013333333333332,0.04348059506155551,0.21266666666666667,XGBoost
0.8056666666666666,0.6873316941810093,0.14166666666666666,0.5555555555555556,0.2257636122177955,0.7494851822007342,0.25614997172722437,0.25614997172722437,0.20606273481886228,0.18089216719353707,0.4444444444444444,85,515,2332,68,0.043574605137109756,78300,26.1,0.04499714300036431,0.2,XGBoost
0.8056666666666666,0.6873316941810093,0.14166666666666666,0.5555555555555556,0.2257636122177955,0.7494851822007342,0.25614997172722437,0.25614997172722437,0.20606273481886228,0.18089216719353707,0.4444444444444444,85,515,2332,68,0.043574605137109756,78300,26.1,0.045,0.2,XGBoost
0.818,0.693829762322913,0.15097690941385436,0.5555555555555556,0.2374301675977654,0.7494851822007342,0.25614997172722437,0.25614997172722437,0.2184278172314619,0.16789603090972954,0.4444444444444444,85,478,2369,68,0.043574605137109756,77560,25.85333333333333,0.046819131122902036,0.18766666666666668,XGBoost
0.83,0.6970598566086077,0.16,0.5490196078431373,0.24778761061946905,0.7494851822007342,0.25614997172722437,0.25614997172722437,0.22819196793735527,0.15489989462592202,0.45098039215686275,84,441,2406,69,0.043574605137109756,77820,25.94,0.04860947318375111,0.175,XGBoost
0.8416666666666667,0.7001143274310075,0.17008196721311475,0.5424836601307189,0.25897035881435254,0.7494851822007342,0.25614997172722437,0.25614997172722437,0.23857663001009868,0.1422550052687039,0.45751633986928103,83,405,2442,70,0.043574605137109756,78100,26.033333333333335,0.05127694262191653,0.16266666666666665,XGBoost
0.8543333333333333,0.7067880190362059,0.18444444444444444,0.5424836601307189,0.2752902155887231,0.7494851822007342,0.25614997172722437,0.25614997172722437,0.2548111749237241,0.128907622058307,0.45751633986928103,83,367,2480,70,0.043574605137109756,77340,25.78,0.053500177711248396,0.15,XGBoost
0.863,0.7051695282960392,0.19285714285714287,0.5294117647058824,0.28272251308900526,0.7494851822007342,0.25614997172722437,0.25614997172722437,0.260164362562395,0.11907270811380401,0.47058823529411764,81,339,2508,72,0.043574605137109756,78780,26.26,0.055,0.14,XGBoost
0.8653333333333333,0.706398892539102,0.19612590799031476,0.5294117647058824,0.28621908127208484,0.7494851822007342,0.25614997172722437,0.25614997172722437,0.26357460670594113,0.11661397962767826,0.47058823529411764,81,332,2515,72,0.043574605137109756,78640,26.213333333333335,0.05569169172085823,0.13766666666666666,XGBoost
0.8733333333333333,0.6889674029077736,0.19733333333333333,0.48366013071895425,0.2803030303030303,0.7494851822007342,0.25614997172722437,0.25614997172722437,0.2514062390808381,0.1057253249034071,0.5163398692810458,74,301,2546,79,0.043574605137109756,85020,28.34,0.05813314439728856,0.125,XGBoost
0.885,0.6920218737301735,0.21597633136094674,0.477124183006536,0.2973523421588595,0.7494851822007342,0.25614997172722437,0.25614997172722437,0.2672131164298807,0.09308043554618897,0.5228758169934641,73,265,2582,80,0.043574605137109756,85300,28.433333333333334,0.061343798320740474,0.11266666666666666,XGBoost
0.8926666666666667,0.6898765126001226,0.2282958199356913,0.46405228758169936,0.30603448275862066,0.7494851822007342,0.25614997172722437,0.25614997172722437,0.27407226920951067,0.08429926238145416,0.5359477124183006,71,240,2607,82,0.043574605137109756,86800,28.933333333333334,0.065,0.10366666666666667,XGBoost
0.8956666666666667,0.6883647733768604,0.23333333333333334,0.45751633986928103,0.3090507726269316,0.7494851822007342,0.25614997172722437,0.25614997172722437,0.2762654802596021,0.08078679311556024,0.5424836601307189,70,230,2617,83,0.043574605137109756,87600,29.2,0.06615349724888799,0.1,XGBoost
0.9046666666666666,0.6776448549212449,0.24714828897338403,0.42483660130718953,0.3125,0.7494851822007342,0.25614997172722437,0.25614997172722437,0.27638012273317236,0.06954689146469968,0.5751633986928104,65,198,2649,88,0.043574605137109756,91960,30.653333333333332,0.07182279257103802,0.08766666666666667,XGBoost
0.908,0.673216388768363,0.25301204819277107,0.4117647058823529,0.31343283582089554,0.7494851822007342,0.25614997172722437,0.25614997172722437,0.27625710479779364,0.06533192834562697,0.5882352941176471,63,186,2661,90,0.043574605137109756,93720,31.24,0.07500000000000001,0.083,XGBoost
0.912,0.6567697679704126,0.25333333333333335,0.37254901960784315,0.30158730158730157,0.7494851822007342,0.25614997172722437,0.25614997172722437,0.2618840251646243,0.059009483667017915,0.6274509803921569,57,168,2679,96,0.043574605137109756,99360,33.12,0.07937560416758069,0.075,XGBoost
0.9176666666666666,0.6412012644889357,0.2602040816326531,0.3333333333333333,0.2922636103151862,0.7494851822007342,0.25614997172722437,0.25614997172722437,0.25141488718470234,0.05093080435546189,0.6666666666666666,51,145,2702,102,0.043574605137109756,104900,34.96666666666667,0.085,0.06533333333333333,XGBoost
0.9196666666666666,0.6391626548757895,0.26595744680851063,0.32679738562091504,0.2932551319648094,0.7494851822007342,0.25614997172722437,0.25614997172722437,0.2526420096265691,0.04847207586933614,0.673202614379085,50,138,2709,103,0.043574605137109756,105760,35.25333333333333,0.08666671440005302,0.06266666666666666,XGBoost
0.93,0.644606982237925,0.3184713375796178,0.32679738562091504,0.3225806451612903,0.7494851822007342,0.25614997172722437,0.25614997172722437,0.28570671753937804,0.03758342114506498,0.673202614379085,50,107,2740,103,0.043574605137109756,105140,35.04666666666667,0.095,0.052333333333333336,XGBoost
0.931,0.6389491518419802,0.32,0.3137254901960784,0.3168316831683168,0.7494851822007342,0.25614997172722437,0.25614997172722437,0.28051577250145815,0.03582718651211802,0.6862745098039216,48,102,2745,105,0.043574605137109756,107040,35.68,0.100595460832119,0.05,XGBoost
0.9316666666666666,0.6269309971969117,0.3142857142857143,0.2875816993464052,0.3003412969283276,0.7494851822007342,0.25614997172722437,0.25614997172722437,0.2647830023091752,0.03371970495258166,0.7124183006535948,44,96,2751,109,0.043574605137109756,110920,36.973333333333336,0.10500000000000001,0.04666666666666667,XGBoost
0.9356666666666666,0.6197614275777048,0.3360655737704918,0.2679738562091503,0.29818181818181816,0.7494851822007342,0.25614997172722437,0.25614997172722437,0.26678481020784084,0.02845100105374078,0.7320261437908496,41,81,2766,112,0.043574605137109756,113620,37.873333333333335,0.115,0.04066666666666666,XGBoost
0.938,0.6178984414278532,0.35398230088495575,0.26143790849673204,0.3007518796992481,0.7494851822007342,0.25614997172722437,0.25614997172722437,0.2724676179202952,0.02564102564102564,0.738562091503268,40,73,2774,113,0.043574605137109756,114460,38.153333333333336,0.12303841542452569,0.03766666666666667,XGBoost
0.9393333333333334,0.618600935281032,0.3669724770642202,0.26143790849673204,0.30534351145038174,0.7494851822007342,0.25614997172722437,0.25614997172722437,0.2788818583357134,0.02423603793466807,0.738562091503268,40,69,2778,113,0.043574605137109756,114380,38.126666666666665,0.125,0.036333333333333336,XGBoost
0.9413333333333334,0.6165623256678857,0.38613861386138615,0.2549019607843137,0.3070866141732283,0.7494851822007342,0.25614997172722437,0.25614997172722437,0.28434320482345793,0.021777309448542326,0.7450980392156863,39,62,2785,114,0.043574605137109756,115240,38.413333333333334,0.135,0.033666666666666664,XGBoost
0.9423333333333334,0.6139968456648554,0.3958333333333333,0.24836601307189543,0.30522088353413657,0.7494851822007342,0.25614997172722437,0.25614997172722437,0.2849891700135201,0.020372321742184757,0.7516339869281046,38,58,2789,115,0.043574605137109756,116160,38.72,0.14500000000000002,0.032,XGBoost
0.943,0.6050710414127014,0.3977272727272727,0.22875816993464052,0.2904564315352697,0.7494851822007342,0.25614997172722437,0.25614997172722437,0.2739778542613115,0.018616087109237796,0.7712418300653595,35,53,2794,118,0.043574605137109756,119060,39.68666666666667,0.155,0.029333333333333333,XGBoost
0.9446666666666667,0.6028568083362604,0.41975308641975306,0.2222222222222222,0.29059829059829057,0.7494851822007342,0.25614997172722437,0.25614997172722437,0.27921769120485507,0.01650860554970144,0.7777777777777778,34,47,2800,119,0.043574605137109756,119940,39.98,0.165,0.027,XGBoost
0.9456666666666667,0.6002913283332301,0.4342105263157895,0.21568627450980393,0.28820960698689957,0.7494851822007342,0.25614997172722437,0.25614997172722437,0.28082602184652045,0.01510361784334387,0.7843137254901961,33,43,2804,120,0.043574605137109756,120860,40.28666666666667,0.17500000000000002,0.025333333333333333,XGBoost
0.9453333333333334,0.5970233544770208,0.4266666666666667,0.20915032679738563,0.28070175438596495,0.7494851822007342,0.25614997172722437,0.25614997172722437,0.2734337782866343,0.01510361784334387,0.7908496732026143,32,43,2804,121,0.043574605137109756,121860,40.62,0.18209274448454396,0.025,XGBoost
0.945,0.5937553806208117,0.4189189189189189,0.20261437908496732,0.2731277533039647,0.7494851822007342,0.25614997172722437,0.25614997172722437,0.26595773468498957,0.01510361784334387,0.7973856209150327,31,43,2804,122,0.043574605137109756,122860,40.95333333333333,0.185,0.024666666666666667,XGBoost
0.9463333333333334,0.5913655240810761,0.4411764705882353,0.19607843137254902,0.27149321266968324,0.7494851822007342,0.25614997172722437,0.25614997172722437,0.27009426018494737,0.013347383210396909,0.803921568627451,30,38,2809,123,0.043574605137109756,123760,41.25333333333333,0.195,0.02266666666666667,XGBoost
0.947,0.5886244206147511,0.453125,0.1895424836601307,0.2672811059907834,0.7494851822007342,0.25614997172722437,0.25614997172722437,0.26987014414283245,0.012293642430628733,0.8104575163398693,29,35,2812,124,0.043574605137109756,124700,41.56666666666667,0.20500000000000002,0.021333333333333333,XGBoost
0.947,0.5855320702218365,0.45161290322580644,0.1830065359477124,0.26046511627906976,0.7494851822007342,0.25614997172722437,0.25614997172722437,0.26453106963366696,0.01194239550403934,0.8169934640522876,28,34,2813,125,0.043574605137109756,125680,41.89333333333333,0.215,0.020666666666666667,XGBoost
0.9473333333333334,0.5826153432922168,0.4576271186440678,0.17647058823529413,0.25471698113207547,0.7494851822007342,0.25614997172722437,0.25614997172722437,0.26179216119948545,0.011239901650860555,0.8235294117647058,27,32,2815,126,0.043574605137109756,126640,42.21333333333333,0.225,0.019666666666666666,XGBoost
0.949,0.5804011102157758,0.5,0.16993464052287582,0.25365853658536586,0.7494851822007342,0.25614997172722437,0.25614997172722437,0.2710604025529943,0.0091324200913242,0.8300653594771242,26,26,2821,127,0.043574605137109756,127520,42.50666666666667,0.23500000000000001,0.017333333333333333,XGBoost
0.9493333333333334,0.577484383286156,0.5102040816326531,0.16339869281045752,0.24752475247524752,0.7494851822007342,0.25614997172722437,0.25614997172722437,0.2689682272833605,0.008429926238145416,0.8366013071895425,25,24,2823,128,0.043574605137109756,128480,42.82666666666667,0.245,0.01633333333333333,XGBoost
0.949,0.5711240590370324,0.5,0.1503267973856209,0.23115577889447234,0.7494851822007342,0.25614997172722437,0.25614997172722437,0.25468409085768834,0.008078679311556024,0.8496732026143791,23,23,2824,130,0.043574605137109756,130460,43.486666666666665,0.255,0.015333333333333332,XGBoost
0.95,0.5685585790340021,0.5365853658536586,0.1437908496732026,0.2268041237113402,0.7494851822007342,0.25614997172722437,0.25614997172722437,0.2598165677939642,0.0066736916051984545,0.8562091503267973,22,19,2828,131,0.043574605137109756,131380,43.79333333333334,0.265,0.013666666666666667,XGBoost
0.951,0.5690854494238862,0.5789473684210527,0.1437908496732026,0.23036649214659685,0.7494851822007342,0.25614997172722437,0.25614997172722437,0.27181392786838676,0.005619950825430277,0.8562091503267973,22,16,2831,131,0.043574605137109756,131320,43.77333333333333,0.2685957401990892,0.012666666666666666,XGBoost
0.9506666666666667,0.5596327747818481,0.5757575757575758,0.12418300653594772,0.20430107526881722,0.7494851822007342,0.25614997172722437,0.25614997172722437,0.2515583396373339,0.004917456972251493,0.8758169934640523,19,14,2833,134,0.043574605137109756,134280,44.76,0.275,0.011,XGBoost
0.9503333333333334,0.5563648009256389,0.5625,0.11764705882352941,0.19459459459459458,0.7494851822007342,0.25614997172722437,0.25614997172722437,0.24141846522308338,0.004917456972251493,0.8823529411764706,18,14,2833,135,0.043574605137109756,135280,45.093333333333334,0.28500000000000003,0.010666666666666666,XGBoost
0.9506666666666667,0.5565404243889336,0.5806451612903226,0.11764705882352941,0.19565217391304346,0.7494851822007342,0.25614997172722437,0.25614997172722437,0.2460042232585261,0.0045662100456621,0.8823529411764706,18,13,2834,135,0.043574605137109756,135260,45.086666666666666,0.295,0.010333333333333333,XGBoost
0.95,0.546912126283601,0.5555555555555556,0.09803921568627451,0.16666666666666669,0.7494851822007342,0.25614997172722437,0.25614997172722437,0.2185622866298324,0.004214963119072708,0.9019607843137255,15,12,2835,138,0.043574605137109756,138240,46.08,0.305,0.009,XGBoost
0.9503333333333334,0.5439953993539811,0.5833333333333334,0.0915032679738562,0.1581920903954802,0.7494851822007342,0.25614997172722437,0.25614997172722437,0.2172974473477837,0.0035124692658939235,0.9084967320261438,14,10,2837,139,0.043574605137109756,139200,46.4,0.315,0.008,XGBoost
0.9506666666666667,0.5410786724243614,0.6190476190476191,0.08496732026143791,0.14942528735632182,0.7494851822007342,0.25614997172722437,0.25614997172722437,0.2167908485910346,0.0028099754127151387,0.9150326797385621,13,8,2839,140,0.043574605137109756,140160,46.72,0.325,0.007,XGBoost
0.951,0.5412542958876561,0.65,0.08496732026143791,0.15028901734104047,0.7494851822007342,0.25614997172722437,0.25614997172722437,0.22305681358642132,0.0024587284861257463,0.9150326797385621,13,7,2840,140,0.043574605137109756,140140,46.71333333333333,0.335,0.006666666666666667,XGBoost
0.951,0.5412542958876561,0.65,0.08496732026143791,0.15028901734104047,0.7494851822007342,0.25614997172722437,0.25614997172722437,0.22305681358642132,0.0024587284861257463,0.9150326797385621,13,7,2840,140,0.043574605137109756,140140,46.71333333333333,0.34500000000000003,0.006666666666666667,XGBoost
0.951,0.5412542958876561,0.65,0.08496732026143791,0.15028901734104047,0.7494851822007342,0.25614997172722437,0.25614997172722437,0.22305681358642132,0.0024587284861257463,0.9150326797385621,13,7,2840,140,0.043574605137109756,140140,46.71333333333333,0.35500000000000004,0.006666666666666667,XGBoost
0.9506666666666667,0.5379863220314469,0.631578947368421,0.0784313725490196,0.13953488372093023,0.7494851822007342,0.25614997172722437,0.25614997172722437,0.21068756402116876,0.0024587284861257463,0.9215686274509803,12,7,2840,141,0.043574605137109756,141140,47.04666666666667,0.365,0.006333333333333333,XGBoost
0.951,0.5381619454947416,0.6666666666666666,0.0784313725490196,0.14035087719298245,0.7494851822007342,0.25614997172722437,0.25614997172722437,0.21742520060858467,0.002107481559536354,0.9215686274509803,12,6,2841,141,0.043574605137109756,141120,47.04,0.375,0.006,XGBoost
0.951,0.5350695951018272,0.6875,0.0718954248366013,0.1301775147928994,0.7494851822007342,0.25614997172722437,0.25614997172722437,0.21185601338360818,0.0017562346329469617,0.9281045751633987,11,5,2842,142,0.043574605137109756,142100,47.36666666666667,0.385,0.005333333333333333,XGBoost
0.951,0.5350695951018272,0.6875,0.0718954248366013,0.1301775147928994,0.7494851822007342,0.25614997172722437,0.25614997172722437,0.21185601338360818,0.0017562346329469617,0.9281045751633987,11,5,2842,142,0.043574605137109756,142100,47.36666666666667,0.395,0.005333333333333333,XGBoost
0.9506666666666667,0.531801621245618,0.6666666666666666,0.06535947712418301,0.11904761904761907,0.7494851822007342,0.25614997172722437,0.25614997172722437,0.1983813805641641,0.0017562346329469617,0.934640522875817,10,5,2842,143,0.043574605137109756,143100,47.7,0.405,0.005,XGBoost
0.951,0.5319772447089127,0.7142857142857143,0.06535947712418301,0.11976047904191617,0.7494851822007342,0.25614997172722437,0.25614997172722437,0.20644366738904185,0.0014049877063575693,0.934640522875817,10,4,2843,143,0.043574605137109756,143080,47.693333333333335,0.41500000000000004,0.004666666666666667,XGBoost
0.951,0.5288848943159983,0.75,0.058823529411764705,0.10909090909090909,0.7494851822007342,0.25614997172722437,0.25614997172722437,0.20135355788976025,0.001053740779768177,0.9411764705882353,9,3,2844,144,0.043574605137109756,144060,48.02,0.425,0.004,XGBoost
0.9503333333333334,0.52234894660358,0.7,0.0457516339869281,0.08588957055214724,0.7494851822007342,0.25614997172722437,0.25614997172722437,0.1706046673840555,0.001053740779768177,0.954248366013072,7,3,2844,146,0.043574605137109756,146060,48.68666666666667,0.435,0.0033333333333333335,XGBoost
0.9503333333333334,0.52234894660358,0.7,0.0457516339869281,0.08588957055214724,0.7494851822007342,0.25614997172722437,0.25614997172722437,0.1706046673840555,0.001053740779768177,0.954248366013072,7,3,2844,146,0.043574605137109756,146060,48.68666666666667,0.445,0.0033333333333333335,XGBoost
0.9503333333333334,0.52234894660358,0.7,0.0457516339869281,0.08588957055214724,0.7494851822007342,0.25614997172722437,0.25614997172722437,0.1706046673840555,0.001053740779768177,0.954248366013072,7,3,2844,146,0.043574605137109756,146060,48.68666666666667,0.455,0.0033333333333333335,XGBoost
0.9503333333333334,0.52234894660358,0.7,0.0457516339869281,0.08588957055214724,0.7494851822007342,0.25614997172722437,0.25614997172722437,0.1706046673840555,0.001053740779768177,0.954248366013072,7,3,2844,146,0.043574605137109756,146060,48.68666666666667,0.465,0.0033333333333333335,XGBoost
0.9503333333333334,0.52234894660358,0.7,0.0457516339869281,0.08588957055214724,0.7494851822007342,0.25614997172722437,0.25614997172722437,0.1706046673840555,0.001053740779768177,0.954248366013072,7,3,2844,146,0.043574605137109756,146060,48.68666666666667,0.47500000000000003,0.0033333333333333335,XGBoost
0.9503333333333334,0.52234894660358,0.7,0.0457516339869281,0.08588957055214724,0.7494851822007342,0.25614997172722437,0.25614997172722437,0.1706046673840555,0.001053740779768177,0.954248366013072,7,3,2844,146,0.043574605137109756,146060,48.68666666666667,0.485,0.0033333333333333335,XGBoost
0.9496666666666667,0.5158129988911617,0.625,0.032679738562091505,0.062111801242236024,0.7494851822007342,0.25614997172722437,0.25614997172722437,0.1349142728665697,0.001053740779768177,0.9673202614379085,5,3,2844,148,0.043574605137109756,148060,49.35333333333333,0.495,0.0026666666666666666,XGBoost
0.9496666666666667,0.5158129988911617,0.625,0.032679738562091505,0.062111801242236024,0.7494851822007342,0.25614997172722437,0.25614997172722437,0.1349142728665697,0.001053740779768177,0.9673202614379085,5,3,2844,148,0.043574605137109756,148060,49.35333333333333,0.505,0.0026666666666666666,XGBoost
0.9496666666666667,0.5158129988911617,0.625,0.032679738562091505,0.062111801242236024,0.7494851822007342,0.25614997172722437,0.25614997172722437,0.1349142728665697,0.001053740779768177,0.9673202614379085,5,3,2844,148,0.043574605137109756,148060,49.35333333333333,0.515,0.0026666666666666666,XGBoost
0.9493333333333334,0.5125450250349525,0.5714285714285714,0.026143790849673203,0.049999999999999996,0.7494851822007342,0.25614997172722437,0.25614997172722437,0.11440331226244037,0.001053740779768177,0.9738562091503268,4,3,2844,149,0.043574605137109756,149060,49.68666666666667,0.525,0.0023333333333333335,XGBoost
0.9493333333333334,0.5125450250349525,0.5714285714285714,0.026143790849673203,0.049999999999999996,0.7494851822007342,0.25614997172722437,0.25614997172722437,0.11440331226244037,0.001053740779768177,0.9738562091503268,4,3,2844,149,0.043574605137109756,149060,49.68666666666667,0.535,0.0023333333333333335,XGBoost
0.949,0.5092770511787433,0.5,0.0196078431372549,0.03773584905660377,0.7494851822007342,0.25614997172722437,0.25614997172722437,0.09136458248345632,0.001053740779768177,0.9803921568627451,3,3,2844,150,0.043574605137109756,150060,50.02,0.545,0.002,XGBoost
0.949,0.5092770511787433,0.5,0.0196078431372549,0.03773584905660377,0.7494851822007342,0.25614997172722437,0.25614997172722437,0.09136458248345632,0.001053740779768177,0.9803921568627451,3,3,2844,150,0.043574605137109756,150060,50.02,0.555,0.002,XGBoost
0.949,0.5092770511787433,0.5,0.0196078431372549,0.03773584905660377,0.7494851822007342,0.25614997172722437,0.25614997172722437,0.09136458248345632,0.001053740779768177,0.9803921568627451,3,3,2844,150,0.043574605137109756,150060,50.02,0.5650000000000001,0.002,XGBoost
0.949,0.5092770511787433,0.5,0.0196078431372549,0.03773584905660377,0.7494851822007342,0.25614997172722437,0.25614997172722437,0.09136458248345632,0.001053740779768177,0.9803921568627451,3,3,2844,150,0.043574605137109756,150060,50.02,0.5750000000000001,0.002,XGBoost
0.9496666666666667,0.5096282981053327,0.75,0.0196078431372549,0.03821656050955414,0.7494851822007342,0.25614997172722437,0.25614997172722437,0.1160962181141246,0.00035124692658939234,0.9803921568627451,3,1,2846,150,0.043574605137109756,150020,50.00666666666667,0.585,0.0013333333333333333,XGBoost
0.9496666666666667,0.5096282981053327,0.75,0.0196078431372549,0.03821656050955414,0.7494851822007342,0.25614997172722437,0.25614997172722437,0.1160962181141246,0.00035124692658939234,0.9803921568627451,3,1,2846,150,0.043574605137109756,150020,50.00666666666667,0.595,0.0013333333333333333,XGBoost
0.9493333333333334,0.5063603242491236,0.6666666666666666,0.013071895424836602,0.02564102564102564,0.7494851822007342,0.25614997172722437,0.25614997172722437,0.08854105701611953,0.00035124692658939234,0.9869281045751634,2,1,2846,151,0.043574605137109756,151020,50.34,0.605,0.001,XGBoost
0.949,0.5030923503929144,0.5,0.006535947712418301,0.012903225806451615,0.7494851822007342,0.25614997172722437,0.25614997172722437,0.05271416484166107,0.00035124692658939234,0.9934640522875817,1,1,2846,152,0.043574605137109756,152020,50.67333333333333,0.615,0.0006666666666666666,XGBoost
0.9486666666666667,0.4998243765367053,0.0,0.0,0.0,0.7494851822007342,0.25614997172722437,0.25614997172722437,-0.0042331508885077515,0.00035124692658939234,1.0,0,1,2846,153,0.043574605137109756,153020,51.00666666666667,0.625,0.0003333333333333333,XGBoost
0.9486666666666667,0.4998243765367053,0.0,0.0,0.0,0.7494851822007342,0.25614997172722437,0.25614997172722437,-0.0042331508885077515,0.00035124692658939234,1.0,0,1,2846,153,0.043574605137109756,153020,51.00666666666667,0.6288675665855408,0.0003333333333333333,XGBoost
0.949,0.5,0.0,0.0,0.0,0.7494851822007342,0.25614997172722437,0.25614997172722437,0.0,0.0,1.0,0,0,2847,153,0.043574605137109756,153000,51.0,0.635,0.0,XGBoost
0.949,0.5,0.0,0.0,0.0,0.7494851822007342,0.25614997172722437,0.25614997172722437,0.0,0.0,1.0,0,0,2847,153,0.043574605137109756,153000,51.0,0.645,0.0,XGBoost
0.949,0.5,0.0,0.0,0.0,0.7494851822007342,0.25614997172722437,0.25614997172722437,0.0,0.0,1.0,0,0,2847,153,0.043574605137109756,153000,51.0,0.655,0.0,XGBoost
0.949,0.5,0.0,0.0,0.0,0.7494851822007342,0.25614997172722437,0.25614997172722437,0.0,0.0,1.0,0,0,2847,153,0.043574605137109756,153000,51.0,0.665,0.0,XGBoost
0.949,0.5,0.0,0.0,0.0,0.7494851822007342,0.25614997172722437,0.25614997172722437,0.0,0.0,1.0,0,0,2847,153,0.043574605137109756,153000,51.0,0.675,0.0,XGBoost
0.949,0.5,0.0,0.0,0.0,0.7494851822007342,0.25614997172722437,0.25614997172722437,0.0,0.0,1.0,0,0,2847,153,0.043574605137109756,153000,51.0,0.685,0.0,XGBoost
0.949,0.5,0.0,0.0,0.0,0.7494851822007342,0.25614997172722437,0.25614997172722437,0.0,0.0,1.0,0,0,2847,153,0.043574605137109756,153000,51.0,0.6950000000000001,0.0,XGBoost
0.949,0.5,0.0,0.0,0.0,0.7494851822007342,0.25614997172722437,0.25614997172722437,0.0,0.0,1.0,0,0,2847,153,0.043574605137109756,153000,51.0,0.7050000000000001,0.0,XGBoost
0.949,0.5,0.0,0.0,0.0,0.7494851822007342,0.25614997172722437,0.25614997172722437,0.0,0.0,1.0,0,0,2847,153,0.043574605137109756,153000,51.0,0.715,0.0,XGBoost
0.949,0.5,0.0,0.0,0.0,0.7494851822007342,0.25614997172722437,0.25614997172722437,0.0,0.0,1.0,0,0,2847,153,0.043574605137109756,153000,51.0,0.725,0.0,XGBoost
0.949,0.5,0.0,0.0,0.0,0.7494851822007342,0.25614997172722437,0.25614997172722437,0.0,0.0,1.0,0,0,2847,153,0.043574605137109756,153000,51.0,0.735,0.0,XGBoost
0.949,0.5,0.0,0.0,0.0,0.7494851822007342,0.25614997172722437,0.25614997172722437,0.0,0.0,1.0,0,0,2847,153,0.043574605137109756,153000,51.0,0.745,0.0,XGBoost
0.949,0.5,0.0,0.0,0.0,0.7494851822007342,0.25614997172722437,0.25614997172722437,0.0,0.0,1.0,0,0,2847,153,0.043574605137109756,153000,51.0,0.755,0.0,XGBoost
0.949,0.5,0.0,0.0,0.0,0.7494851822007342,0.25614997172722437,0.25614997172722437,0.0,0.0,1.0,0,0,2847,153,0.043574605137109756,153000,51.0,0.765,0.0,XGBoost
0.949,0.5,0.0,0.0,0.0,0.7494851822007342,0.25614997172722437,0.25614997172722437,0.0,0.0,1.0,0,0,2847,153,0.043574605137109756,153000,51.0,0.775,0.0,XGBoost
0.949,0.5,0.0,0.0,0.0,0.7494851822007342,0.25614997172722437,0.25614997172722437,0.0,0.0,1.0,0,0,2847,153,0.043574605137109756,153000,51.0,0.785,0.0,XGBoost
0.949,0.5,0.0,0.0,0.0,0.7494851822007342,0.25614997172722437,0.25614997172722437,0.0,0.0,1.0,0,0,2847,153,0.043574605137109756,153000,51.0,0.795,0.0,XGBoost
0.949,0.5,0.0,0.0,0.0,0.7494851822007342,0.25614997172722437,0.25614997172722437,0.0,0.0,1.0,0,0,2847,153,0.043574605137109756,153000,51.0,0.805,0.0,XGBoost
0.949,0.5,0.0,0.0,0.0,0.7494851822007342,0.25614997172722437,0.25614997172722437,0.0,0.0,1.0,0,0,2847,153,0.043574605137109756,153000,51.0,0.8150000000000001,0.0,XGBoost
0.949,0.5,0.0,0.0,0.0,0.7494851822007342,0.25614997172722437,0.25614997172722437,0.0,0.0,1.0,0,0,2847,153,0.043574605137109756,153000,51.0,0.8250000000000001,0.0,XGBoost
0.949,0.5,0.0,0.0,0.0,0.7494851822007342,0.25614997172722437,0.25614997172722437,0.0,0.0,1.0,0,0,2847,153,0.043574605137109756,153000,51.0,0.8350000000000001,0.0,XGBoost
0.949,0.5,0.0,0.0,0.0,0.7494851822007342,0.25614997172722437,0.25614997172722437,0.0,0.0,1.0,0,0,2847,153,0.043574605137109756,153000,51.0,0.845,0.0,XGBoost
0.949,0.5,0.0,0.0,0.0,0.7494851822007342,0.25614997172722437,0.25614997172722437,0.0,0.0,1.0,0,0,2847,153,0.043574605137109756,153000,51.0,0.855,0.0,XGBoost
0.949,0.5,0.0,0.0,0.0,0.7494851822007342,0.25614997172722437,0.25614997172722437,0.0,0.0,1.0,0,0,2847,153,0.043574605137109756,153000,51.0,0.865,0.0,XGBoost
0.949,0.5,0.0,0.0,0.0,0.7494851822007342,0.25614997172722437,0.25614997172722437,0.0,0.0,1.0,0,0,2847,153,0.043574605137109756,153000,51.0,0.875,0.0,XGBoost
0.949,0.5,0.0,0.0,0.0,0.7494851822007342,0.25614997172722437,0.25614997172722437,0.0,0.0,1.0,0,0,2847,153,0.043574605137109756,153000,51.0,0.885,0.0,XGBoost
0.949,0.5,0.0,0.0,0.0,0.7494851822007342,0.25614997172722437,0.25614997172722437,0.0,0.0,1.0,0,0,2847,153,0.043574605137109756,153000,51.0,0.895,0.0,XGBoost
0.949,0.5,0.0,0.0,0.0,0.7494851822007342,0.25614997172722437,0.25614997172722437,0.0,0.0,1.0,0,0,2847,153,0.043574605137109756,153000,51.0,0.905,0.0,XGBoost
0.949,0.5,0.0,0.0,0.0,0.7494851822007342,0.25614997172722437,0.25614997172722437,0.0,0.0,1.0,0,0,2847,153,0.043574605137109756,153000,51.0,0.915,0.0,XGBoost
0.949,0.5,0.0,0.0,0.0,0.7494851822007342,0.25614997172722437,0.25614997172722437,0.0,0.0,1.0,0,0,2847,153,0.043574605137109756,153000,51.0,0.925,0.0,XGBoost
0.949,0.5,0.0,0.0,0.0,0.7494851822007342,0.25614997172722437,0.25614997172722437,0.0,0.0,1.0,0,0,2847,153,0.043574605137109756,153000,51.0,0.935,0.0,XGBoost
0.949,0.5,0.0,0.0,0.0,0.7494851822007342,0.25614997172722437,0.25614997172722437,0.0,0.0,1.0,0,0,2847,153,0.043574605137109756,153000,51.0,0.9450000000000001,0.0,XGBoost
0.949,0.5,0.0,0.0,0.0,0.7494851822007342,0.25614997172722437,0.25614997172722437,0.0,0.0,1.0,0,0,2847,153,0.043574605137109756,153000,51.0,0.9550000000000001,0.0,XGBoost
0.949,0.5,0.0,0.0,0.0,0.7494851822007342,0.25614997172722437,0.25614997172722437,0.0,0.0,1.0,0,0,2847,153,0.043574605137109756,153000,51.0,0.965,0.0,XGBoost
0.949,0.5,0.0,0.0,0.0,0.7494851822007342,0.25614997172722437,0.25614997172722437,0.0,0.0,1.0,0,0,2847,153,0.043574605137109756,153000,51.0,0.975,0.0,XGBoost
0.949,0.5,0.0,0.0,0.0,0.7494851822007342,0.25614997172722437,0.25614997172722437,0.0,0.0,1.0,0,0,2847,153,0.043574605137109756,153000,51.0,0.985,0.0,XGBoost
0.949,0.5,0.0,0.0,0.0,0.7494851822007342,0.25614997172722437,0.25614997172722437,0.0,0.0,1.0,0,0,2847,153,0.043574605137109756,153000,51.0,0.995,0.0,XGBoost
0.949,0.5,0.0,0.0,0.0,0.7494851822007342,0.25614997172722437,0.25614997172722437,0.0,0.0,1.0,0,0,2847,153,0.043574605137109756,153000,51.0,1.000001,0.0,XGBoost
0.051,0.5,0.051,1.0,0.09705042816365367,0.7503575601883419,0.2662199050364534,0.2662199050364534,0.0,1.0,0.0,153,2847,0,0,0.04348942815514719,56940,18.98,0.004185783957363569,1.0,LightGBM
0.051333333333333335,0.5001756234632947,0.05101700566855619,1.0,0.09708121827411167,0.7503575601883419,0.2662199050364534,0.2662199050364534,0.0042331508885077515,0.9996487530734106,0.0,153,2846,1,0,0.04348942815514719,56920,18.973333333333333,0.005,0.9996666666666667,LightGBM
0.06366666666666666,0.5066736916051985,0.051654287643484134,1.0,0.09823434991974317,0.7503575601883419,0.2662199050364534,0.2662199050364534,0.02625737175799689,0.9866526167896031,0.0,153,2809,38,0,0.04348942815514719,56180,18.726666666666667,0.009082921325983623,0.9873333333333333,LightGBM
0.07533333333333334,0.5097281624275983,0.051965811965811966,0.9934640522875817,0.09876543209876543,0.7503575601883419,0.2662199050364534,0.2662199050364534,0.027416164105048515,0.974007727432385,0.006535947712418301,152,2773,74,1,0.04348942815514719,56460,18.82,0.010135082260405555,0.975,LightGBM
0.08733333333333333,0.512958256713293,0.05230342916522342,0.9869281045751634,0.0993421052631579,0.7503575601883419,0.2662199050364534,0.2662199050364534,0.02994700605292727,0.9610115911485775,0.013071895424836602,151,2736,111,2,0.04348942815514719,56720,18.906666666666666,0.010990292730854407,0.9623333333333334,LightGBM
0.09966666666666667,0.5194563248551968,0.052982456140350874,0.9869281045751634,0.10056610056610055,0.7503575601883419,0.2662199050364534,0.2662199050364534,0.03927916021395883,0.9480154548647699,0.013071895424836602,151,2699,148,2,0.04348942815514719,55980,18.66,0.011859428790111298,0.95,LightGBM
0.11166666666666666,0.5226864191408913,0.05334281650071124,0.9803921568627451,0.10118043844856661,0.7503575601883419,0.2662199050364534,0.2662199050364534,0.04118592396861915,0.9350193185809624,0.0196078431372549,150,2662,185,3,0.04348942815514719,56240,18.746666666666666,0.01258574456863434,0.9373333333333334,LightGBM
0.12333333333333334,0.5257408899632913,0.05369369369369369,0.9738562091503268,0.10177595628415301,0.7503575601883419,0.2662199050364534,0.2662199050364534,0.043000177662944894,0.9223744292237442,0.026143790849673203,149,2626,221,4,0.04348942815514719,56520,18.84,0.01316380535342285,0.925,LightGBM
0.136,0.5324145815684898,0.05443916697113628,0.9738562091503268,0.10311418685121108,0.7503575601883419,0.2662199050364534,0.2662199050364534,0.05043065298015686,0.9090270460133474,0.026143790849673203,149,2588,259,4,0.04348942815514719,55760,18.586666666666666,0.013647513715214797,0.9123333333333333,LightGBM
0.14833333333333334,0.5389126497103934,0.055185185185185184,0.9738562091503268,0.10445145460918333,0.7503575601883419,0.2662199050364534,0.2662199050364534,0.057071296653263326,0.8960309097295399,0.026143790849673203,149,2551,296,4,0.04348942815514719,55020,18.34,0.014115030051395538,0.9,LightGBM
0.161,0.5455863413155919,0.05597295266716754,0.9738562091503268,0.1058614564831261,0.7503575601883419,0.2662199050364534,0.2662199050364534,0.06343687879378002,0.882683526519143,0.026143790849673203,149,2513,334,4,0.04348942815514719,54260,18.086666666666666,0.014611562893582791,0.8873333333333333,LightGBM
0.172,0.5482895652114025,0.056338028169014086,0.9673202614379085,0.10647482014388489,0.7503575601883419,0.2662199050364534,0.2662199050364534,0.064392944932846,0.8707411310151036,0.032679738562091505,148,2479,368,5,0.04348942815514719,54580,18.19333333333333,0.015,0.8756666666666667,LightGBM
0.17266666666666666,0.5486408121379919,0.05638095238095238,0.9673202614379085,0.10655147588192945,0.7503575601883419,0.2662199050364534,0.2662199050364534,0.06471276769051185,0.8700386371619249,0.032679738562091505,148,2477,370,5,0.04348942815514719,54540,18.18,0.01505065528727435,0.875,LightGBM
0.18466666666666667,0.5518709064236864,0.05682257441051411,0.9607843137254902,0.1072992700729927,0.7503575601883419,0.2662199050364534,0.2662199050364534,0.06623995696834328,0.8570425008781173,0.0392156862745098,147,2440,407,6,0.04348942815514719,54800,18.266666666666666,0.015578081546005073,0.8623333333333333,LightGBM
0.19633333333333333,0.5549253772460864,0.05725490196078432,0.954248366013072,0.10802811690714022,0.7503575601883419,0.2662199050364534,0.2662199050364534,0.06768090324785012,0.8443976115208992,0.0457516339869281,146,2404,443,7,0.04348942815514719,55080,18.36,0.01597686615094226,0.85,LightGBM
0.209,0.5615990688512849,0.058121019108280256,0.954248366013072,0.10956848030018762,0.7503575601883419,0.2662199050364534,0.2662199050364534,0.07343851110993677,0.8310502283105022,0.0457516339869281,146,2366,481,7,0.04348942815514719,54320,18.106666666666666,0.016326095487892215,0.8373333333333334,LightGBM
0.22066666666666668,0.5646535396736847,0.05858585858585859,0.9477124183006536,0.11035007610350078,0.7503575601883419,0.2662199050364534,0.2662199050364534,0.07486770114502132,0.8184053389532842,0.05228758169934641,145,2330,517,8,0.04348942815514719,54600,18.2,0.016757480996575157,0.825,LightGBM
0.23266666666666666,0.5678836339593794,0.059089043906442346,0.9411764705882353,0.11119691119691118,0.7503575601883419,0.2662199050364534,0.2662199050364534,0.07649843766915644,0.8054092026694767,0.058823529411764705,144,2293,554,9,0.04348942815514719,54860,18.286666666666665,0.017139055432244647,0.8123333333333334,LightGBM
0.24433333333333335,0.5709381047817792,0.059583333333333335,0.934640522875817,0.11202506854680767,0.7503575601883419,0.2662199050364534,0.2662199050364534,0.07803110914096623,0.7927643133122585,0.06535947712418301,143,2257,590,10,0.04348942815514719,55140,18.38,0.017506071451683203,0.8,LightGBM
0.257,0.5776117963869777,0.06054191363251482,0.934640522875817,0.11371769383697813,0.7503575601883419,0.2662199050364534,0.2662199050364534,0.08345394942048273,0.7794169301018616,0.06535947712418301,143,2219,628,10,0.04348942815514719,54380,18.126666666666665,0.017748932384703955,0.7873333333333333,LightGBM
0.2693333333333333,0.5841098645288815,0.061505376344086024,0.934640522875817,0.11541565778853914,0.7503575601883419,0.2662199050364534,0.2662199050364534,0.08862433982833841,0.7664207938180541,0.06535947712418301,143,2182,665,10,0.04348942815514719,53640,17.88,0.01809615273120445,0.775,LightGBM
0.2813333333333333,0.587339958814576,0.062090074333187584,0.9281045751633987,0.11639344262295083,0.7503575601883419,0.2662199050364534,0.2662199050364534,0.09028270864211797,0.7534246575342466,0.0718954248366013,142,2145,702,11,0.04348942815514719,53900,17.966666666666665,0.018472856406796145,0.7623333333333333,LightGBM
0.2936666666666667,0.5938380269564798,0.06311111111111112,0.9281045751633987,0.11818560133166876,0.7503575601883419,0.2662199050364534,0.2662199050364534,0.09535125676853416,0.740428521250439,0.0718954248366013,142,2108,739,11,0.04348942815514719,53160,17.72,0.018769786028724412,0.75,LightGBM
0.30566666666666664,0.5970681212421745,0.06374321880650995,0.9215686274509803,0.11923890063424948,0.7503575601883419,0.2662199050364534,0.2662199050364534,0.09704885111888976,0.7274323849666315,0.0784313725490196,141,2071,776,12,0.04348942815514719,53420,17.80666666666667,0.019094984579584657,0.7373333333333333,LightGBM
0.318,0.6035661893840781,0.06482758620689655,0.9215686274509803,0.1211340206185567,0.7503575601883419,0.2662199050364534,0.2662199050364534,0.10205418923575901,0.7144362486828241,0.0784313725490196,141,2034,813,12,0.04348942815514719,52680,17.56,0.01953557510506815,0.725,LightGBM
0.3293333333333333,0.603352686350269,0.06504445484323819,0.9084967320261438,0.12139737991266376,0.7503575601883419,0.2662199050364534,0.2662199050364534,0.1004577750272846,0.7017913593256059,0.0915032679738562,139,1998,849,14,0.04348942815514719,53960,17.986666666666668,0.019967266730506934,0.7123333333333334,LightGBM
0.341,0.6064071571726688,0.06571428571428571,0.9019607843137255,0.12250332889480692,0.7503575601883419,0.2662199050364534,0.2662199050364534,0.10216670405709667,0.6891464699683878,0.09803921568627451,138,1962,885,15,0.04348942815514719,54240,18.08,0.020316401908464995,0.7,LightGBM
0.353,0.6096372514583634,0.06644034917555772,0.8954248366013072,0.12370203160270882,0.7503575601883419,0.2662199050364534,0.2662199050364534,0.10405952388250618,0.6761503336845802,0.10457516339869281,137,1925,922,16,0.04348942815514719,54500,18.166666666666668,0.020670828287050802,0.6873333333333334,LightGBM
0.36466666666666664,0.6126917222807633,0.0671604938271605,0.8888888888888888,0.12488521579430671,0.7503575601883419,0.2662199050364534,0.2662199050364534,0.10586359532008409,0.6635054443273621,0.1111111111111111,136,1889,958,17,0.04348942815514719,54780,18.26,0.020920611169764413,0.675,LightGBM
0.37733333333333335,0.6193654138859618,0.06844489179667841,0.8888888888888888,0.12710280373831775,0.7503575601883419,0.2662199050364534,0.2662199050364534,0.11105658037442018,0.6501580611169653,0.1111111111111111,136,1851,996,17,0.04348942815514719,54020,18.006666666666668,0.02122249843811518,0.6623333333333333,LightGBM
0.3883333333333333,0.6189762873888579,0.06871794871794872,0.8758169934640523,0.1274369947693771,0.7503575601883419,0.2662199050364534,0.2662199050364534,0.10975337960582908,0.6378644186863365,0.12418300653594772,134,1816,1031,19,0.04348942815514719,55320,18.44,0.02160811429961498,0.65,LightGBM
0.3983333333333333,0.611875589716041,0.06799163179916318,0.8496732026143791,0.12590799031476996,0.7503575601883419,0.2662199050364534,0.2662199050364534,0.1023873707180276,0.6259220231822972,0.1503267973856209,130,1782,1065,23,0.04348942815514719,58640,19.546666666666667,0.021943300925343467,0.6373333333333333,LightGBM
0.4106666666666667,0.6183736578579447,0.06933333333333333,0.8496732026143791,0.1282051282051282,0.7503575601883419,0.2662199050364534,0.2662199050364534,0.10758398213849875,0.6129258868984896,0.1503267973856209,130,1745,1102,23,0.04348942815514719,57900,19.3,0.02235556430694864,0.625,LightGBM
0.42333333333333334,0.6250473494631432,0.07076755579749591,0.8496732026143791,0.13065326633165827,0.7503575601883419,0.2662199050364534,0.2662199050364534,0.11292744437504189,0.5995785036880927,0.1503267973856209,130,1707,1140,23,0.04348942815514719,57140,19.046666666666667,0.022649758807901443,0.6123333333333333,LightGBM
0.43366666666666664,0.6212146256465354,0.07055555555555555,0.8300653594771242,0.1300563236047107,0.7503575601883419,0.2662199050364534,0.2662199050364534,0.10886733545872913,0.5876361081840534,0.16993464052287582,127,1673,1174,26,0.04348942815514719,59460,19.82,0.023053141440830174,0.6,LightGBM
0.445,0.6210011226127261,0.07094211123723042,0.8169934640522876,0.13054830287206265,0.7503575601883419,0.2662199050364534,0.2662199050364534,0.10814229198841514,0.5749912188268352,0.1830065359477124,125,1637,1210,28,0.04348942815514719,60740,20.246666666666666,0.023463518323716903,0.5873333333333334,LightGBM
0.456,0.6206119961156222,0.07130434782608695,0.803921568627451,0.13099041533546327,0.7503575601883419,0.2662199050364534,0.2662199050364534,0.10735204145855257,0.5626975763962065,0.19607843137254902,123,1602,1245,30,0.04348942815514719,62040,20.68,0.023899574133560912,0.575,LightGBM
0.4666666666666667,0.6169548957623091,0.07113218731475993,0.7843137254901961,0.13043478260869565,0.7503575601883419,0.2662199050364534,0.2662199050364534,0.10372846389383532,0.5504039339655779,0.21568627450980393,120,1567,1280,33,0.04348942815514719,64340,21.446666666666665,0.024271482047825206,0.5623333333333334,LightGBM
0.4776666666666667,0.6165657692652052,0.07151515151515152,0.7712418300653595,0.13089295618413754,0.7503575601883419,0.2662199050364534,0.2662199050364534,0.1030935803143247,0.538110291534949,0.22875816993464052,118,1532,1315,35,0.04348942815514719,65640,21.88,0.02461084840892624,0.55,LightGBM
0.48966666666666664,0.6197958635508998,0.07258064516129033,0.7647058823529411,0.13257790368271954,0.7503575601883419,0.2662199050364534,0.2662199050364534,0.1057143674119138,0.5251141552511416,0.23529411764705882,117,1495,1352,36,0.04348942815514719,65900,21.966666666666665,0.02496824736100747,0.5373333333333333,LightGBM
0.49033333333333334,0.6201471104774892,0.07267080745341616,0.7647058823529411,0.13272830402722632,0.7503575601883419,0.2662199050364534,0.2662199050364534,0.10601380860055065,0.5244116613979628,0.23529411764705882,117,1493,1354,36,0.04348942815514719,65860,21.953333333333333,0.025,0.5366666666666666,LightGBM
0.502,0.6262939316928036,0.07428571428571429,0.7647058823529411,0.13541666666666666,0.7503575601883419,0.2662199050364534,0.2662199050364534,0.11127669466917785,0.512118018967334,0.23529411764705882,117,1458,1389,36,0.04348942815514719,65160,21.72,0.02541456680321708,0.525,LightGBM
0.5146666666666667,0.6329676232980019,0.07612231620039037,0.7647058823529411,0.13846153846153844,0.7503575601883419,0.2662199050364534,0.2662199050364534,0.11704591308521926,0.49877063575693714,0.23529411764705882,117,1420,1427,36,0.04348942815514719,64400,21.466666666666665,0.0259319441096532,0.5123333333333333,LightGBM
0.5263333333333333,0.636022094120402,0.07733333333333334,0.7581699346405228,0.14035087719298245,0.7503575601883419,0.2662199050364534,0.2662199050364534,0.11969820625507442,0.486125746399719,0.24183006535947713,116,1384,1463,37,0.04348942815514719,64680,21.56,0.026331274603103666,0.5,LightGBM
0.5386666666666666,0.6425201622623057,0.07928913192071087,0.7581699346405228,0.14356435643564355,0.7503575601883419,0.2662199050364534,0.2662199050364534,0.12545461903654131,0.4731296101159115,0.24183006535947713,116,1347,1500,37,0.04348942815514719,63940,21.313333333333333,0.026937801522622627,0.4876666666666667,LightGBM
0.5513333333333333,0.6491938538675042,0.08140350877192983,0.7581699346405228,0.14702154626108999,0.7503575601883419,0.2662199050364534,0.2662199050364534,0.13145365498410716,0.45978222690551457,0.24183006535947713,116,1309,1538,37,0.04348942815514719,63180,21.06,0.027351929405496727,0.475,LightGBM
0.563,0.652248324689904,0.08285302593659942,0.7516339869281046,0.14925373134328357,0.7503575601883419,0.2662199050364534,0.2662199050364534,0.13435217925766163,0.44713733754829643,0.24836601307189543,115,1273,1574,38,0.04348942815514719,63460,21.153333333333332,0.027734922214457742,0.46266666666666667,LightGBM
0.5756666666666667,0.6589220162951025,0.08518518518518518,0.7516339869281046,0.15302727877578176,0.7503575601883419,0.2662199050364534,0.2662199050364534,0.14055446769589616,0.4337899543378995,0.24836601307189543,115,1235,1612,38,0.04348942815514719,62700,20.9,0.028213959345346127,0.45,LightGBM
0.588,0.6654200844370063,0.08758568164508758,0.7516339869281046,0.15688949522510232,0.7503575601883419,0.2662199050364534,0.2662199050364534,0.14671272325966986,0.42079381805409205,0.24836601307189543,115,1198,1649,38,0.04348942815514719,61960,20.653333333333332,0.028711919808318605,0.43766666666666665,LightGBM
0.6,0.6686501787227008,0.08941176470588236,0.7450980392156863,0.1596638655462185,0.7503575601883419,0.2662199050364534,0.2662199050364534,0.15010895732855423,0.4077976817702845,0.2549019607843137,114,1161,1686,39,0.04348942815514719,62220,20.74,0.029267216082880135,0.425,LightGBM
0.611,0.668261052225597,0.09046849757673667,0.7320261437908496,0.16103522645578722,0.7503575601883419,0.2662199050364534,0.2662199050364534,0.15037989274113325,0.3955040393396558,0.2679738562091503,112,1126,1721,41,0.04348942815514719,63520,21.173333333333332,0.02975994432760818,0.4126666666666667,LightGBM
0.623,0.6714911465112916,0.0925,0.7254901960784313,0.164079822616408,0.7503575601883419,0.2662199050364534,0.2662199050364534,0.1540225370978611,0.38250790305584825,0.27450980392156865,111,1089,1758,42,0.04348942815514719,63780,21.26,0.030271613088105435,0.4,LightGBM
0.634,0.6711020200141876,0.0937231298366294,0.7124183006535948,0.16565349544072946,0.7503575601883419,0.2662199050364534,0.2662199050364534,0.1545183798822104,0.3702142606252195,0.2875816993464052,109,1054,1793,44,0.04348942815514719,65080,21.69333333333333,0.030975361412451937,0.38766666666666666,LightGBM
0.646,0.6743321142998823,0.096,0.7058823529411765,0.16901408450704228,0.7503575601883419,0.2662199050364534,0.2662199050364534,0.1584418646039709,0.35721812434141204,0.29411764705882354,108,1017,1830,45,0.04348942815514719,65340,21.78,0.03169821247223083,0.375,LightGBM
0.6576666666666666,0.6773865851222821,0.09834558823529412,0.6993464052287581,0.1724415793714746,0.7503575601883419,0.2662199050364534,0.2662199050364534,0.16234234918822452,0.3445732349841939,0.3006535947712418,107,981,1866,46,0.04348942815514719,65620,21.873333333333335,0.03236513022220305,0.3626666666666667,LightGBM
0.669,0.6771730820884729,0.1,0.6862745098039216,0.1745635910224439,0.7503575601883419,0.2662199050364534,0.2662199050364534,0.1634388243334271,0.33192834562697576,0.3137254901960784,105,945,1902,48,0.04348942815514719,66900,22.3,0.032882455316951775,0.35,LightGBM
0.68,0.6767839555913691,0.1016781836130306,0.673202614379085,0.17667238421955403,0.7503575601883419,0.2662199050364534,0.2662199050364534,0.16447831020631823,0.319634703196347,0.32679738562091504,103,910,1937,50,0.04348942815514719,68200,22.733333333333334,0.03367565830891824,0.33766666666666667,LightGBM
0.692,0.6800140498770635,0.10461538461538461,0.6666666666666666,0.18085106382978722,0.7503575601883419,0.2662199050364534,0.2662199050364534,0.16910678213467978,0.3066385669125395,0.3333333333333333,102,873,1974,51,0.04348942815514719,68460,22.82,0.03443370641296958,0.325,LightGBM
0.6993333333333334,0.677693065283718,0.1053740779768177,0.6535947712418301,0.18148820326678766,0.7503575601883419,0.2662199050364534,0.2662199050364534,0.16812178308408443,0.2982086406743941,0.3464052287581699,100,849,1998,53,0.04348942815514719,69980,23.326666666666668,0.034999999999999996,0.31633333333333336,LightGBM
0.703,0.6796249233799596,0.10660980810234541,0.6535947712418301,0.18331805682859761,0.7503575601883419,0.2662199050364534,0.2662199050364534,0.17048661614295144,0.2943449244819108,0.3464052287581699,100,838,2009,53,0.04348942815514719,69760,23.253333333333334,0.03517293497166799,0.31266666666666665,LightGBM
0.715,0.6828550176656543,0.11,0.6470588235294118,0.18803418803418803,0.7503575601883419,0.2662199050364534,0.2662199050364534,0.1755680254185059,0.2813487881981033,0.35294117647058826,99,801,2046,54,0.04348942815514719,70020,23.34,0.03604903002503884,0.3,LightGBM
0.726,0.6824658911685503,0.11239860950173812,0.6339869281045751,0.1909448818897638,0.7503575601883419,0.2662199050364534,0.2662199050364534,0.17735501700498882,0.2690551457674745,0.3660130718954248,97,766,2081,56,0.04348942815514719,71320,23.773333333333333,0.037019409372403486,0.2876666666666667,LightGBM
0.738,0.6856959854542449,0.11636363636363636,0.6274509803921569,0.19631901840490798,0.7503575601883419,0.2662199050364534,0.2662199050364534,0.18298494279429112,0.256059009483667,0.37254901960784315,96,729,2118,57,0.04348942815514719,71580,23.86,0.03808271772931898,0.275,LightGBM
0.7496666666666667,0.6887504562766449,0.12055837563451777,0.6209150326797386,0.20191285866099895,0.7503575601883419,0.2662199050364534,0.2662199050364534,0.188712985225223,0.2434141201264489,0.3790849673202614,95,693,2154,58,0.04348942815514719,71860,23.953333333333333,0.03917020703737749,0.26266666666666666,LightGBM
0.7616666666666667,0.6919805505623395,0.12533333333333332,0.6143790849673203,0.2081949058693245,0.7503575601883419,0.2662199050364534,0.2662199050364534,0.19507642439801026,0.23041798384264137,0.38562091503267976,94,656,2191,59,0.04348942815514719,72120,24.04,0.04049331562279569,0.25,LightGBM
0.7726666666666666,0.6915914240652354,0.12903225806451613,0.6013071895424836,0.21247113163972287,0.7503575601883419,0.2662199050364534,0.2662199050364534,0.1980467239964325,0.21812434141201265,0.39869281045751637,92,621,2226,61,0.04348942815514719,73420,24.473333333333333,0.041642062029847125,0.23766666666666666,LightGBM
0.7833333333333333,0.6879343237119224,0.13185185185185186,0.5816993464052288,0.21497584541062803,0.7503575601883419,0.2662199050364534,0.2662199050364534,0.19802142665840608,0.20583069898138392,0.41830065359477125,89,586,2261,64,0.04348942815514719,75720,25.24,0.0430622528914792,0.225,LightGBM
0.795,0.6909887945343223,0.13793103448275862,0.5751633986928104,0.22250316055625788,0.7503575601883419,0.2662199050364534,0.2662199050364534,0.2053652916300831,0.1931858096241658,0.42483660130718953,88,550,2297,65,0.04348942815514719,76000,25.333333333333332,0.04468781764698803,0.21266666666666667,LightGBM
0.798,0.6925694057039746,0.13990461049284578,0.5751633986928104,0.22506393861892582,0.7503575601883419,0.2662199050364534,0.2662199050364534,0.20814483330830327,0.19002458728486127,0.42483660130718953,88,541,2306,65,0.04348942815514719,75820,25.273333333333333,0.045,0.20966666666666667,LightGBM
0.8076666666666666,0.6976624861395208,0.14666666666666667,0.5751633986928104,0.23373173970783528,0.7503575601883419,0.2662199050364534,0.2662199050364534,0.2174264885772554,0.17983842641376888,0.42483660130718953,88,512,2335,65,0.04348942815514719,75240,25.08,0.04609655434390392,0.2,LightGBM
0.8186666666666667,0.6972733596424169,0.152753108348135,0.5620915032679739,0.24022346368715083,0.7503575601883419,0.2662199050364534,0.2662199050364534,0.2223084258485753,0.16754478398314016,0.43790849673202614,86,477,2370,67,0.04348942815514719,76540,25.513333333333332,0.04785159144069793,0.18766666666666668,LightGBM
0.8306666666666667,0.7005034539281114,0.1619047619047619,0.5555555555555556,0.2507374631268437,0.7503575601883419,0.2662199050364534,0.2662199050364534,0.2321795951621234,0.15454864769933263,0.4444444444444444,85,440,2407,68,0.04348942815514719,76800,25.6,0.04952361700936097,0.175,LightGBM
0.8416666666666667,0.7001143274310075,0.17008196721311475,0.5424836601307189,0.25897035881435254,0.7503575601883419,0.2662199050364534,0.2662199050364534,0.23857663001009868,0.1422550052687039,0.45751633986928103,83,405,2442,70,0.04348942815514719,78100,26.033333333333335,0.05185328144877458,0.16266666666666665,LightGBM
0.853,0.6999008243971983,0.18,0.5294117647058824,0.26865671641791045,0.7503575601883419,0.2662199050364534,0.2662199050364534,0.24632454128763004,0.12961011591148577,0.47058823529411764,81,369,2478,72,0.04348942815514719,79380,26.46,0.05485016076971679,0.15,LightGBM
0.8533333333333334,0.7000764478604931,0.18040089086859687,0.5294117647058824,0.2691029900332226,0.7503575601883419,0.2662199050364534,0.2662199050364534,0.24676696130325076,0.12925886898489639,0.47058823529411764,81,368,2479,72,0.04348942815514719,79360,26.453333333333333,0.055,0.14966666666666667,LightGBM
0.8633333333333333,0.6960681005805904,0.18886198547215496,0.5098039215686274,0.2756183745583039,0.7503575601883419,0.2662199050364534,0.2662199050364534,0.25038202415896976,0.11766772040744644,0.49019607843137253,78,335,2512,75,0.04348942815514719,81700,27.233333333333334,0.057333439041415434,0.13766666666666666,LightGBM
0.8726666666666667,0.6855238055882698,0.19466666666666665,0.477124183006536,0.27651515151515155,0.7503575601883419,0.2662199050364534,0.2662199050364534,0.24682480420009387,0.10607657182999648,0.5228758169934641,73,302,2545,80,0.04348942815514719,86040,28.68,0.06081543999958279,0.125,LightGBM
0.882,0.6842565617746923,0.20699708454810495,0.46405228758169936,0.28629032258064513,0.7503575601883419,0.2662199050364534,0.2662199050364534,0.254770752830169,0.09553916403231472,0.5359477124183006,71,272,2575,82,0.04348942815514719,87440,29.14666666666667,0.065,0.11433333333333333,LightGBM
0.8836666666666667,0.6851346790911659,0.21005917159763313,0.46405228758169936,0.2892057026476578,0.7503575601883419,0.2662199050364534,0.2662199050364534,0.25762905859731083,0.09378292939936776,0.5359477124183006,71,267,2580,82,0.04348942815514719,87340,29.113333333333333,0.0654513882366637,0.11266666666666666,LightGBM
0.8936666666666667,0.6780339814183489,0.22333333333333333,0.43790849673202614,0.29580573951434874,0.7503575601883419,0.2662199050364534,0.2662199050364534,0.2611138085817446,0.08184053389532842,0.5620915032679739,67,233,2614,86,0.04348942815514719,90660,30.22,0.07061403099360877,0.1,LightGBM
0.8996666666666666,0.6750105029718245,0.23381294964028776,0.42483660130718953,0.30162412993039445,0.7503575601883419,0.2662199050364534,0.2662199050364534,0.2655627144878933,0.07481559536354057,0.5751633986928104,65,213,2634,88,0.04348942815514719,92260,30.753333333333334,0.07500000000000001,0.09266666666666666,LightGBM
0.904,0.6742012576017411,0.24334600760456274,0.41830065359477125,0.30769230769230765,0.7503575601883419,0.2662199050364534,0.2662199050364534,0.27102256903295385,0.06989813839128908,0.5816993464052288,64,199,2648,89,0.04348942815514719,92980,30.993333333333332,0.07685855757763933,0.08766666666666667,LightGBM
0.9133333333333333,0.6636569626094203,0.26222222222222225,0.38562091503267976,0.3121693121693122,0.7503575601883419,0.2662199050364534,0.2662199050364534,0.27338908942226836,0.05830698981383913,0.6143790849673203,59,166,2681,94,0.04348942815514719,97320,32.44,0.08435201529753077,0.075,LightGBM
0.9133333333333333,0.6636569626094203,0.26222222222222225,0.38562091503267976,0.3121693121693122,0.7503575601883419,0.2662199050364534,0.2662199050364534,0.27338908942226836,0.05830698981383913,0.6143790849673203,59,166,2681,94,0.04348942815514719,97320,32.44,0.085,0.075,LightGBM
0.9236666666666666,0.6598242387928125,0.2978723404255319,0.3660130718954248,0.3284457478005865,0.7503575601883419,0.2662199050364534,0.2662199050364534,0.2901519585961676,0.04636459430979979,0.6339869281045751,56,132,2715,97,0.04348942815514719,99640,33.21333333333333,0.09452679612762807,0.06266666666666666,LightGBM
0.924,0.6569075118631927,0.2972972972972973,0.35947712418300654,0.3254437869822486,0.7503575601883419,0.2662199050364534,0.2662199050364534,0.2870041103457267,0.045662100456621,0.6405228758169934,55,130,2717,98,0.04348942815514719,100600,33.53333333333333,0.095,0.06166666666666667,LightGBM
0.9293333333333333,0.6504404360971645,0.31901840490797545,0.33986928104575165,0.3291139240506329,0.7503575601883419,0.2662199050364534,0.2662199050364534,0.2920186293849024,0.03898840885142255,0.6601307189542484,52,111,2736,101,0.04348942815514719,103220,34.406666666666666,0.10500000000000001,0.05433333333333333,LightGBM
0.931,0.6389491518419802,0.32,0.3137254901960784,0.3168316831683168,0.7503575601883419,0.2662199050364534,0.2662199050364534,0.28051577250145815,0.03582718651211802,0.6862745098039216,48,102,2745,105,0.04348942815514719,107040,35.68,0.11141789377969936,0.05,LightGBM
0.931,0.6358568014490658,0.31756756756756754,0.30718954248366015,0.3122923588039867,0.7503575601883419,0.2662199050364534,0.2662199050364534,0.27602296195334824,0.035475939585528624,0.6928104575163399,47,101,2746,106,0.04348942815514719,108020,36.00666666666667,0.115,0.04933333333333333,LightGBM
0.9336666666666666,0.62798473797668,0.3283582089552239,0.2875816993464052,0.3066202090592335,0.7503575601883419,0.2662199050364534,0.2662199050364534,0.27260708325318567,0.03161222339304531,0.7124183006535948,44,90,2757,109,0.04348942815514719,110800,36.93333333333333,0.125,0.04466666666666667,LightGBM
0.9356666666666666,0.6259461283635337,0.3412698412698413,0.28104575163398693,0.30824372759856633,0.7503575601883419,0.2662199050364534,0.2662199050364534,0.2762648372672508,0.029153494906919566,0.7189542483660131,43,83,2764,110,0.04348942815514719,111660,37.22,0.135,0.042,LightGBM
0.938,0.6209907918207677,0.3565217391304348,0.2679738562091503,0.30597014925373134,0.7503575601883419,0.2662199050364534,0.2662199050364534,0.2772681180638348,0.02599227256761503,0.7320261437908496,41,74,2773,112,0.04348942815514719,113480,37.82666666666667,0.14500000000000002,0.03833333333333333,LightGBM
0.938,0.6178984414278532,0.35398230088495575,0.26143790849673204,0.3007518796992481,0.7503575601883419,0.2662199050364534,0.2662199050364534,0.2724676179202952,0.02564102564102564,0.738562091503268,40,73,2774,113,0.04348942815514719,114460,38.153333333333336,0.1459003396477188,0.03766666666666667,LightGBM
0.939,0.6060559102460794,0.35294117647058826,0.23529411764705882,0.2823529411764706,0.7503575601883419,0.2662199050364534,0.2662199050364534,0.25748684386725706,0.023182297154899896,0.7647058823529411,36,66,2781,117,0.04348942815514719,118320,39.44,0.155,0.034,LightGBM
0.9403333333333334,0.6067584040992583,0.3673469387755102,0.23529411764705882,0.2868525896414343,0.7503575601883419,0.2662199050364534,0.2662199050364534,0.2642468237400482,0.021777309448542326,0.7647058823529411,36,62,2785,117,0.04348942815514719,118240,39.413333333333334,0.165,0.03266666666666666,LightGBM
0.9443333333333334,0.6088658856587946,0.4186046511627907,0.23529411764705882,0.301255230125523,0.7503575601883419,0.2662199050364534,0.2662199050364534,0.28705641409895777,0.017562346329469618,0.7647058823529411,36,50,2797,117,0.04348942815514719,118000,39.333333333333336,0.17500000000000002,0.028666666666666667,LightGBM
0.9453333333333334,0.6063004056557643,0.43209876543209874,0.22875816993464052,0.29914529914529914,0.7503575601883419,0.2662199050364534,0.2662199050364534,0.28856576751155616,0.016157358623112048,0.7712418300653595,35,46,2801,118,0.04348942815514719,118920,39.64,0.185,0.027,LightGBM
0.946,0.6004669517965247,0.44,0.21568627450980393,0.2894736842105263,0.7503575601883419,0.2662199050364534,0.2662199050364534,0.2831386151379789,0.014752370916754479,0.7843137254901961,33,42,2805,120,0.04348942815514719,120840,40.28,0.19349555815459366,0.025,LightGBM
0.946,0.6004669517965247,0.44,0.21568627450980393,0.2894736842105263,0.7503575601883419,0.2662199050364534,0.2662199050364534,0.2831386151379789,0.014752370916754479,0.7843137254901961,33,42,2805,120,0.04348942815514719,120840,40.28,0.195,0.025,LightGBM
0.9466666666666667,0.5977258483301996,0.4507042253521127,0.20915032679738563,0.28571428571428575,0.7503575601883419,0.2662199050364534,0.2662199050364534,0.2828720472072607,0.0136986301369863,0.7908496732026143,32,39,2808,121,0.04348942815514719,121780,40.593333333333334,0.20500000000000002,0.023666666666666666,LightGBM
0.948,0.5922436413975496,0.47619047619047616,0.19607843137254902,0.2777777777777778,0.7503575601883419,0.2662199050364534,0.2662199050364534,0.2830633456190131,0.011591148577449948,0.803921568627451,30,33,2814,123,0.04348942815514719,123660,41.22,0.215,0.021,LightGBM
0.9483333333333334,0.5862345640750153,0.4827586206896552,0.1830065359477124,0.26540284360189575,0.7503575601883419,0.2662199050364534,0.2662199050364534,0.27555956212586524,0.01053740779768177,0.8169934640522876,28,30,2817,125,0.04348942815514719,125600,41.86666666666667,0.225,0.019333333333333334,LightGBM
0.9486666666666667,0.5833178371453955,0.4909090909090909,0.17647058823529413,0.25961538461538464,0.7503575601883419,0.2662199050364534,0.2662199050364534,0.2732646397135529,0.009834913944502985,0.8235294117647058,27,28,2819,126,0.04348942815514719,126560,42.18666666666667,0.23500000000000001,0.018333333333333333,LightGBM
0.9496666666666667,0.5714753059636218,0.5227272727272727,0.1503267973856209,0.23350253807106597,0.7503575601883419,0.2662199050364534,0.2662199050364534,0.2616055266792102,0.007376185458377239,0.8496732026143791,23,21,2826,130,0.04348942815514719,130420,43.473333333333336,0.245,0.014666666666666666,LightGBM
0.951,0.5690854494238862,0.5789473684210527,0.1437908496732026,0.23036649214659685,0.7503575601883419,0.2662199050364534,0.2662199050364534,0.27181392786838676,0.005619950825430277,0.8562091503267973,22,16,2831,131,0.04348942815514719,131320,43.77333333333333,0.25304698368040984,0.012666666666666666,LightGBM
0.9506666666666667,0.565817475567677,0.5675675675675675,0.13725490196078433,0.2210526315789474,0.7503575601883419,0.2662199050364534,0.2662199050364534,0.2623880051621751,0.005619950825430277,0.8627450980392157,21,16,2831,132,0.04348942815514719,132320,44.10666666666667,0.255,0.012333333333333333,LightGBM
0.9506666666666667,0.5627251251747626,0.5714285714285714,0.13071895424836602,0.2127659574468085,0.7503575601883419,0.2662199050364534,0.2662199050364534,0.2570186335357421,0.005268703898840885,0.869281045751634,20,15,2832,133,0.04348942815514719,133300,44.43333333333333,0.265,0.011666666666666667,LightGBM
0.9506666666666667,0.5565404243889336,0.5806451612903226,0.11764705882352941,0.19565217391304346,0.7503575601883419,0.2662199050364534,0.2662199050364534,0.2460042232585261,0.0045662100456621,0.8823529411764706,18,13,2834,135,0.04348942815514719,135260,45.086666666666666,0.275,0.010333333333333333,LightGBM
0.9516666666666667,0.5570672947788178,0.6428571428571429,0.11764705882352941,0.19889502762430938,0.7503575601883419,0.2662199050364534,0.2662199050364534,0.26112792164713033,0.0035124692658939235,0.8823529411764706,18,10,2837,135,0.04348942815514719,135200,45.06666666666667,0.28500000000000003,0.009333333333333334,LightGBM
0.952,0.5572429182421125,0.6666666666666666,0.11764705882352941,0.2,0.7503575601883419,0.2662199050364534,0.2662199050364534,0.26669315794228177,0.003161222339304531,0.8823529411764706,18,9,2838,135,0.04348942815514719,135180,45.06,0.295,0.009,LightGBM
0.9516666666666667,0.5539749443859033,0.6538461538461539,0.1111111111111111,0.18994413407821228,0.7503575601883419,0.2662199050364534,0.2662199050364534,0.25621496480858913,0.003161222339304531,0.8888888888888888,17,9,2838,136,0.04348942815514719,136180,45.39333333333333,0.305,0.008666666666666666,LightGBM
0.9523333333333334,0.5512338409195783,0.7272727272727273,0.10457516339869281,0.18285714285714288,0.7503575601883419,0.2662199050364534,0.2662199050364534,0.2642120817926868,0.002107481559536354,0.8954248366013072,16,6,2841,137,0.04348942815514719,137120,45.70666666666666,0.315,0.007333333333333333,LightGBM
0.9523333333333334,0.5512338409195783,0.7272727272727273,0.10457516339869281,0.18285714285714288,0.7503575601883419,0.2662199050364534,0.2662199050364534,0.2642120817926868,0.002107481559536354,0.8954248366013072,16,6,2841,137,0.04348942815514719,137120,45.70666666666666,0.325,0.007333333333333333,LightGBM
0.952,0.5479658670633691,0.7142857142857143,0.09803921568627451,0.1724137931034483,0.7503575601883419,0.2662199050364534,0.2662199050364534,0.2531377089466444,0.002107481559536354,0.9019607843137255,15,6,2841,138,0.04348942815514719,138120,46.04,0.335,0.007,LightGBM
0.9516666666666667,0.5416055428142454,0.7222222222222222,0.08496732026143791,0.15204678362573099,0.7503575601883419,0.2662199050364534,0.2662199050364534,0.23704487220293446,0.0017562346329469617,0.9150326797385621,13,5,2842,140,0.04348942815514719,140100,46.7,0.34500000000000003,0.006,LightGBM
0.9513333333333334,0.5352452185651219,0.7333333333333333,0.0718954248366013,0.13095238095238093,0.7503575601883419,0.2662199050364534,0.2662199050364534,0.2198628511179447,0.0014049877063575693,0.9281045751633987,11,4,2843,142,0.04348942815514719,142080,47.36,0.35500000000000004,0.005,LightGBM
0.9506666666666667,0.5287092708527036,0.6923076923076923,0.058823529411764705,0.10843373493975904,0.7503575601883419,0.2662199050364534,0.2662199050364534,0.1923102001109755,0.0014049877063575693,0.9411764705882353,9,4,2843,144,0.04348942815514719,144080,48.026666666666664,0.365,0.004333333333333333,LightGBM
0.9503333333333334,0.5254412969964944,0.6666666666666666,0.05228758169934641,0.09696969696969696,0.7503575601883419,0.2662199050364534,0.2662199050364534,0.1773486034441522,0.0014049877063575693,0.9477124183006536,8,4,2843,145,0.04348942815514719,145080,48.36,0.375,0.004,LightGBM
0.95,0.5221733231402853,0.6363636363636364,0.0457516339869281,0.08536585365853658,0.7503575601883419,0.2662199050364534,0.2662199050364534,0.16141389995916336,0.0014049877063575693,0.954248366013072,7,4,2843,146,0.04348942815514719,146080,48.693333333333335,0.385,0.0036666666666666666,LightGBM
0.95,0.5221733231402853,0.6363636363636364,0.0457516339869281,0.08536585365853658,0.7503575601883419,0.2662199050364534,0.2662199050364534,0.16141389995916336,0.0014049877063575693,0.954248366013072,7,4,2843,146,0.04348942815514719,146080,48.693333333333335,0.395,0.0036666666666666666,LightGBM
0.9496666666666667,0.5189053492840762,0.6,0.0392156862745098,0.0736196319018405,0.7503575601883419,0.2662199050364534,0.2662199050364534,0.14431735345739055,0.0014049877063575693,0.9607843137254902,6,4,2843,147,0.04348942815514719,147080,49.026666666666664,0.405,0.0033333333333333335,LightGBM
0.9496666666666667,0.5189053492840762,0.6,0.0392156862745098,0.0736196319018405,0.7503575601883419,0.2662199050364534,0.2662199050364534,0.14431735345739055,0.0014049877063575693,0.9607843137254902,6,4,2843,147,0.04348942815514719,147080,49.026666666666664,0.41500000000000004,0.0033333333333333335,LightGBM
0.9503333333333334,0.5192565962106656,0.75,0.0392156862745098,0.07453416149068323,0.7503575601883419,0.2662199050364534,0.2662199050364534,0.16429455876956833,0.0007024938531787847,0.9607843137254902,6,2,2845,147,0.04348942815514719,147040,49.013333333333335,0.425,0.0026666666666666666,LightGBM
0.9503333333333334,0.5192565962106656,0.75,0.0392156862745098,0.07453416149068323,0.7503575601883419,0.2662199050364534,0.2662199050364534,0.16429455876956833,0.0007024938531787847,0.9607843137254902,6,2,2845,147,0.04348942815514719,147040,49.013333333333335,0.435,0.0026666666666666666,LightGBM
0.9506666666666667,0.5194322196739602,0.8571428571428571,0.0392156862745098,0.075,0.7503575601883419,0.2662199050364534,0.2662199050364534,0.17721051086932502,0.00035124692658939234,0.9607843137254902,6,1,2846,147,0.04348942815514719,147020,49.00666666666667,0.445,0.0023333333333333335,LightGBM
0.95,0.5128962719615419,0.8,0.026143790849673203,0.05063291139240506,0.7503575601883419,0.2662199050364534,0.2662199050364534,0.1391073932008228,0.00035124692658939234,0.9738562091503268,4,1,2846,149,0.04348942815514719,149020,49.67333333333333,0.455,0.0016666666666666668,LightGBM
0.9493333333333334,0.5063603242491236,0.6666666666666666,0.013071895424836602,0.02564102564102564,0.7503575601883419,0.2662199050364534,0.2662199050364534,0.08854105701611953,0.00035124692658939234,0.9869281045751634,2,1,2846,151,0.04348942815514719,151020,50.34,0.465,0.001,LightGBM
0.9486666666666667,0.4998243765367053,0.0,0.0,0.0,0.7503575601883419,0.2662199050364534,0.2662199050364534,-0.0042331508885077515,0.00035124692658939234,1.0,0,1,2846,153,0.04348942815514719,153020,51.00666666666667,0.47500000000000003,0.0003333333333333333,LightGBM
0.9486666666666667,0.4998243765367053,0.0,0.0,0.0,0.7503575601883419,0.2662199050364534,0.2662199050364534,-0.0042331508885077515,0.00035124692658939234,1.0,0,1,2846,153,0.04348942815514719,153020,51.00666666666667,0.48011433248870655,0.0003333333333333333,LightGBM
0.949,0.5,0.0,0.0,0.0,0.7503575601883419,0.2662199050364534,0.2662199050364534,0.0,0.0,1.0,0,0,2847,153,0.04348942815514719,153000,51.0,0.485,0.0,LightGBM
0.949,0.5,0.0,0.0,0.0,0.7503575601883419,0.2662199050364534,0.2662199050364534,0.0,0.0,1.0,0,0,2847,153,0.04348942815514719,153000,51.0,0.495,0.0,LightGBM
0.949,0.5,0.0,0.0,0.0,0.7503575601883419,0.2662199050364534,0.2662199050364534,0.0,0.0,1.0,0,0,2847,153,0.04348942815514719,153000,51.0,0.505,0.0,LightGBM
0.949,0.5,0.0,0.0,0.0,0.7503575601883419,0.2662199050364534,0.2662199050364534,0.0,0.0,1.0,0,0,2847,153,0.04348942815514719,153000,51.0,0.515,0.0,LightGBM
0.949,0.5,0.0,0.0,0.0,0.7503575601883419,0.2662199050364534,0.2662199050364534,0.0,0.0,1.0,0,0,2847,153,0.04348942815514719,153000,51.0,0.525,0.0,LightGBM
0.949,0.5,0.0,0.0,0.0,0.7503575601883419,0.2662199050364534,0.2662199050364534,0.0,0.0,1.0,0,0,2847,153,0.04348942815514719,153000,51.0,0.535,0.0,LightGBM
0.949,0.5,0.0,0.0,0.0,0.7503575601883419,0.2662199050364534,0.2662199050364534,0.0,0.0,1.0,0,0,2847,153,0.04348942815514719,153000,51.0,0.545,0.0,LightGBM
0.949,0.5,0.0,0.0,0.0,0.7503575601883419,0.2662199050364534,0.2662199050364534,0.0,0.0,1.0,0,0,2847,153,0.04348942815514719,153000,51.0,0.555,0.0,LightGBM
0.949,0.5,0.0,0.0,0.0,0.7503575601883419,0.2662199050364534,0.2662199050364534,0.0,0.0,1.0,0,0,2847,153,0.04348942815514719,153000,51.0,0.5650000000000001,0.0,LightGBM
0.949,0.5,0.0,0.0,0.0,0.7503575601883419,0.2662199050364534,0.2662199050364534,0.0,0.0,1.0,0,0,2847,153,0.04348942815514719,153000,51.0,0.5750000000000001,0.0,LightGBM
0.949,0.5,0.0,0.0,0.0,0.7503575601883419,0.2662199050364534,0.2662199050364534,0.0,0.0,1.0,0,0,2847,153,0.04348942815514719,153000,51.0,0.585,0.0,LightGBM
0.949,0.5,0.0,0.0,0.0,0.7503575601883419,0.2662199050364534,0.2662199050364534,0.0,0.0,1.0,0,0,2847,153,0.04348942815514719,153000,51.0,0.595,0.0,LightGBM
0.949,0.5,0.0,0.0,0.0,0.7503575601883419,0.2662199050364534,0.2662199050364534,0.0,0.0,1.0,0,0,2847,153,0.04348942815514719,153000,51.0,0.605,0.0,LightGBM
0.949,0.5,0.0,0.0,0.0,0.7503575601883419,0.2662199050364534,0.2662199050364534,0.0,0.0,1.0,0,0,2847,153,0.04348942815514719,153000,51.0,0.615,0.0,LightGBM
0.949,0.5,0.0,0.0,0.0,0.7503575601883419,0.2662199050364534,0.2662199050364534,0.0,0.0,1.0,0,0,2847,153,0.04348942815514719,153000,51.0,0.625,0.0,LightGBM
0.949,0.5,0.0,0.0,0.0,0.7503575601883419,0.2662199050364534,0.2662199050364534,0.0,0.0,1.0,0,0,2847,153,0.04348942815514719,153000,51.0,0.635,0.0,LightGBM
0.949,0.5,0.0,0.0,0.0,0.7503575601883419,0.2662199050364534,0.2662199050364534,0.0,0.0,1.0,0,0,2847,153,0.04348942815514719,153000,51.0,0.645,0.0,LightGBM
0.949,0.5,0.0,0.0,0.0,0.7503575601883419,0.2662199050364534,0.2662199050364534,0.0,0.0,1.0,0,0,2847,153,0.04348942815514719,153000,51.0,0.655,0.0,LightGBM
0.949,0.5,0.0,0.0,0.0,0.7503575601883419,0.2662199050364534,0.2662199050364534,0.0,0.0,1.0,0,0,2847,153,0.04348942815514719,153000,51.0,0.665,0.0,LightGBM
0.949,0.5,0.0,0.0,0.0,0.7503575601883419,0.2662199050364534,0.2662199050364534,0.0,0.0,1.0,0,0,2847,153,0.04348942815514719,153000,51.0,0.675,0.0,LightGBM
0.949,0.5,0.0,0.0,0.0,0.7503575601883419,0.2662199050364534,0.2662199050364534,0.0,0.0,1.0,0,0,2847,153,0.04348942815514719,153000,51.0,0.685,0.0,LightGBM
0.949,0.5,0.0,0.0,0.0,0.7503575601883419,0.2662199050364534,0.2662199050364534,0.0,0.0,1.0,0,0,2847,153,0.04348942815514719,153000,51.0,0.6950000000000001,0.0,LightGBM
0.949,0.5,0.0,0.0,0.0,0.7503575601883419,0.2662199050364534,0.2662199050364534,0.0,0.0,1.0,0,0,2847,153,0.04348942815514719,153000,51.0,0.7050000000000001,0.0,LightGBM
0.949,0.5,0.0,0.0,0.0,0.7503575601883419,0.2662199050364534,0.2662199050364534,0.0,0.0,1.0,0,0,2847,153,0.04348942815514719,153000,51.0,0.715,0.0,LightGBM
0.949,0.5,0.0,0.0,0.0,0.7503575601883419,0.2662199050364534,0.2662199050364534,0.0,0.0,1.0,0,0,2847,153,0.04348942815514719,153000,51.0,0.725,0.0,LightGBM
0.949,0.5,0.0,0.0,0.0,0.7503575601883419,0.2662199050364534,0.2662199050364534,0.0,0.0,1.0,0,0,2847,153,0.04348942815514719,153000,51.0,0.735,0.0,LightGBM
0.949,0.5,0.0,0.0,0.0,0.7503575601883419,0.2662199050364534,0.2662199050364534,0.0,0.0,1.0,0,0,2847,153,0.04348942815514719,153000,51.0,0.745,0.0,LightGBM
0.949,0.5,0.0,0.0,0.0,0.7503575601883419,0.2662199050364534,0.2662199050364534,0.0,0.0,1.0,0,0,2847,153,0.04348942815514719,153000,51.0,0.755,0.0,LightGBM
0.949,0.5,0.0,0.0,0.0,0.7503575601883419,0.2662199050364534,0.2662199050364534,0.0,0.0,1.0,0,0,2847,153,0.04348942815514719,153000,51.0,0.765,0.0,LightGBM
0.949,0.5,0.0,0.0,0.0,0.7503575601883419,0.2662199050364534,0.2662199050364534,0.0,0.0,1.0,0,0,2847,153,0.04348942815514719,153000,51.0,0.775,0.0,LightGBM
0.949,0.5,0.0,0.0,0.0,0.7503575601883419,0.2662199050364534,0.2662199050364534,0.0,0.0,1.0,0,0,2847,153,0.04348942815514719,153000,51.0,0.785,0.0,LightGBM
0.949,0.5,0.0,0.0,0.0,0.7503575601883419,0.2662199050364534,0.2662199050364534,0.0,0.0,1.0,0,0,2847,153,0.04348942815514719,153000,51.0,0.795,0.0,LightGBM
0.949,0.5,0.0,0.0,0.0,0.7503575601883419,0.2662199050364534,0.2662199050364534,0.0,0.0,1.0,0,0,2847,153,0.04348942815514719,153000,51.0,0.805,0.0,LightGBM
0.949,0.5,0.0,0.0,0.0,0.7503575601883419,0.2662199050364534,0.2662199050364534,0.0,0.0,1.0,0,0,2847,153,0.04348942815514719,153000,51.0,0.8150000000000001,0.0,LightGBM
0.949,0.5,0.0,0.0,0.0,0.7503575601883419,0.2662199050364534,0.2662199050364534,0.0,0.0,1.0,0,0,2847,153,0.04348942815514719,153000,51.0,0.8250000000000001,0.0,LightGBM
0.949,0.5,0.0,0.0,0.0,0.7503575601883419,0.2662199050364534,0.2662199050364534,0.0,0.0,1.0,0,0,2847,153,0.04348942815514719,153000,51.0,0.8350000000000001,0.0,LightGBM
0.949,0.5,0.0,0.0,0.0,0.7503575601883419,0.2662199050364534,0.2662199050364534,0.0,0.0,1.0,0,0,2847,153,0.04348942815514719,153000,51.0,0.845,0.0,LightGBM
0.949,0.5,0.0,0.0,0.0,0.7503575601883419,0.2662199050364534,0.2662199050364534,0.0,0.0,1.0,0,0,2847,153,0.04348942815514719,153000,51.0,0.855,0.0,LightGBM
0.949,0.5,0.0,0.0,0.0,0.7503575601883419,0.2662199050364534,0.2662199050364534,0.0,0.0,1.0,0,0,2847,153,0.04348942815514719,153000,51.0,0.865,0.0,LightGBM
0.949,0.5,0.0,0.0,0.0,0.7503575601883419,0.2662199050364534,0.2662199050364534,0.0,0.0,1.0,0,0,2847,153,0.04348942815514719,153000,51.0,0.875,0.0,LightGBM
0.949,0.5,0.0,0.0,0.0,0.7503575601883419,0.2662199050364534,0.2662199050364534,0.0,0.0,1.0,0,0,2847,153,0.04348942815514719,153000,51.0,0.885,0.0,LightGBM
0.949,0.5,0.0,0.0,0.0,0.7503575601883419,0.2662199050364534,0.2662199050364534,0.0,0.0,1.0,0,0,2847,153,0.04348942815514719,153000,51.0,0.895,0.0,LightGBM
0.949,0.5,0.0,0.0,0.0,0.7503575601883419,0.2662199050364534,0.2662199050364534,0.0,0.0,1.0,0,0,2847,153,0.04348942815514719,153000,51.0,0.905,0.0,LightGBM
0.949,0.5,0.0,0.0,0.0,0.7503575601883419,0.2662199050364534,0.2662199050364534,0.0,0.0,1.0,0,0,2847,153,0.04348942815514719,153000,51.0,0.915,0.0,LightGBM
0.949,0.5,0.0,0.0,0.0,0.7503575601883419,0.2662199050364534,0.2662199050364534,0.0,0.0,1.0,0,0,2847,153,0.04348942815514719,153000,51.0,0.925,0.0,LightGBM
0.949,0.5,0.0,0.0,0.0,0.7503575601883419,0.2662199050364534,0.2662199050364534,0.0,0.0,1.0,0,0,2847,153,0.04348942815514719,153000,51.0,0.935,0.0,LightGBM
0.949,0.5,0.0,0.0,0.0,0.7503575601883419,0.2662199050364534,0.2662199050364534,0.0,0.0,1.0,0,0,2847,153,0.04348942815514719,153000,51.0,0.9450000000000001,0.0,LightGBM
0.949,0.5,0.0,0.0,0.0,0.7503575601883419,0.2662199050364534,0.2662199050364534,0.0,0.0,1.0,0,0,2847,153,0.04348942815514719,153000,51.0,0.9550000000000001,0.0,LightGBM
0.949,0.5,0.0,0.0,0.0,0.7503575601883419,0.2662199050364534,0.2662199050364534,0.0,0.0,1.0,0,0,2847,153,0.04348942815514719,153000,51.0,0.965,0.0,LightGBM
0.949,0.5,0.0,0.0,0.0,0.7503575601883419,0.2662199050364534,0.2662199050364534,0.0,0.0,1.0,0,0,2847,153,0.04348942815514719,153000,51.0,0.975,0.0,LightGBM
0.949,0.5,0.0,0.0,0.0,0.7503575601883419,0.2662199050364534,0.2662199050364534,0.0,0.0,1.0,0,0,2847,153,0.04348942815514719,153000,51.0,0.985,0.0,LightGBM
0.949,0.5,0.0,0.0,0.0,0.7503575601883419,0.2662199050364534,0.2662199050364534,0.0,0.0,1.0,0,0,2847,153,0.04348942815514719,153000,51.0,0.995,0.0,LightGBM
0.949,0.5,0.0,0.0,0.0,0.7503575601883419,0.2662199050364534,0.2662199050364534,0.0,0.0,1.0,0,0,2847,153,0.04348942815514719,153000,51.0,1.000001,0.0,LightGBM
0.051,0.5,0.051,1.0,0.09705042816365367,0.5998516957421067,0.09216914875145273,0.09216914875145273,0.0,1.0,0.0,153,2847,0,0,0.047576405107975006,56940,18.98,0.005,1.0,RulesOnly
0.051,0.5,0.051,1.0,0.09705042816365367,0.5998516957421067,0.09216914875145273,0.09216914875145273,0.0,1.0,0.0,153,2847,0,0,0.047576405107975006,56940,18.98,0.015,1.0,RulesOnly
0.051,0.5,0.051,1.0,0.09705042816365367,0.5998516957421067,0.09216914875145273,0.09216914875145273,0.0,1.0,0.0,153,2847,0,0,0.047576405107975006,56940,18.98,0.025,1.0,RulesOnly
0.051,0.5,0.051,1.0,0.09705042816365367,0.5998516957421067,0.09216914875145273,0.09216914875145273,0.0,1.0,0.0,153,2847,0,0,0.047576405107975006,56940,18.98,0.03265940770506859,1.0,RulesOnly
0.646,0.5815616025124486,0.07323943661971831,0.5098039215686274,0.12807881773399013,0.5998516957421067,0.09216914875145273,0.09216914875145273,0.07499631184065005,0.3466807165437302,0.49019607843137253,78,987,1860,75,0.047576405107975006,94740,31.58,0.034999999999999996,0.355,RulesOnly
0.646,0.5815616025124486,0.07323943661971831,0.5098039215686274,0.12807881773399013,0.5998516957421067,0.09216914875145273,0.09216914875145273,0.07499631184065005,0.3466807165437302,0.49019607843137253,78,987,1860,75,0.047576405107975006,94740,31.58,0.04109589010477066,0.355,RulesOnly
0.6686666666666666,0.5749498956590012,0.07309644670050762,0.47058823529411764,0.1265377855887522,0.5998516957421067,0.09216914875145273,0.09216914875145273,0.0702238824857886,0.32068844397611523,0.5294117647058824,72,913,1934,81,0.047576405107975006,99260,33.086666666666666,0.045,0.3283333333333333,RulesOnly
0.6686666666666666,0.5749498956590012,0.07309644670050762,0.47058823529411764,0.1265377855887522,0.5998516957421067,0.09216914875145273,0.09216914875145273,0.0702238824857886,0.32068844397611523,0.5294117647058824,72,913,1934,81,0.047576405107975006,99260,33.086666666666666,0.04884318634867668,0.3283333333333333,RulesOnly
0.8833333333333333,0.5674497406971218,0.12547528517110265,0.21568627450980393,0.15865384615384615,0.5998516957421067,0.09216914875145273,0.09216914875145273,0.10493840432618,0.08078679311556024,0.7843137254901961,33,230,2617,120,0.047576405107975006,124600,41.53333333333333,0.04884318853728473,0.08766666666666667,RulesOnly
0.8833333333333333,0.5674497406971218,0.12547528517110265,0.21568627450980393,0.15865384615384615,0.5998516957421067,0.09216914875145273,0.09216914875145273,0.10493840432618,0.08078679311556024,0.7843137254901961,33,230,2617,120,0.047576405107975006,124600,41.53333333333333,0.04884319007396698,0.08766666666666667,RulesOnly
0.9016666666666666,0.5740166807854157,0.1553398058252427,0.20915032679738563,0.17827298050139279,0.5998516957421067,0.09216914875145273,0.09216914875145273,0.12878113227773574,0.06111696522655427,0.7908496732026143,32,174,2673,121,0.047576405107975006,124480,41.49333333333333,0.055,0.06866666666666667,RulesOnly
0.9016666666666666,0.5740166807854157,0.1553398058252427,0.20915032679738563,0.17827298050139279,0.5998516957421067,0.09216914875145273,0.09216914875145273,0.12878113227773574,0.06111696522655427,0.7908496732026143,32,174,2673,121,0.047576405107975006,124480,41.49333333333333,0.065,0.06866666666666667,RulesOnly
0.9016666666666666,0.5740166807854157,0.1553398058252427,0.20915032679738563,0.17827298050139279,0.5998516957421067,0.09216914875145273,0.09216914875145273,0.12878113227773574,0.06111696522655427,0.7908496732026143,32,174,2673,121,0.047576405107975006,124480,41.49333333333333,0.07500000000000001,0.06866666666666667,RulesOnly
0.9016666666666666,0.5740166807854157,0.1553398058252427,0.20915032679738563,0.17827298050139279,0.5998516957421067,0.09216914875145273,0.09216914875145273,0.12878113227773574,0.06111696522655427,0.7908496732026143,32,174,2673,121,0.047576405107975006,124480,41.49333333333333,0.07692307978868484,0.06866666666666667,RulesOnly
0.9196666666666666,0.5618538950529282,0.18115942028985507,0.16339869281045752,0.1718213058419244,0.5998516957421067,0.09216914875145273,0.09216914875145273,0.12991585022604152,0.039690902704601336,0.8366013071895425,25,113,2734,128,0.047576405107975006,130260,43.42,0.085,0.046,RulesOnly
0.9196666666666666,0.5618538950529282,0.18115942028985507,0.16339869281045752,0.1718213058419244,0.5998516957421067,0.09216914875145273,0.09216914875145273,0.12991585022604152,0.039690902704601336,0.8366013071895425,25,113,2734,128,0.047576405107975006,130260,43.42,0.095,0.046,RulesOnly
0.9196666666666666,0.5618538950529282,0.18115942028985507,0.16339869281045752,0.1718213058419244,0.5998516957421067,0.09216914875145273,0.09216914875145273,0.12991585022604152,0.039690902704601336,0.8366013071895425,25,113,2734,128,0.047576405107975006,130260,43.42,0.10309278219938278,0.046,RulesOnly
0.941,0.5205238400242429,0.2,0.05228758169934641,0.0829015544041451,0.5998516957421067,0.09216914875145273,0.09216914875145273,0.07873216868409251,0.011239901650860555,0.9477124183006536,8,32,2815,145,0.047576405107975006,145640,48.54666666666667,0.10500000000000001,0.013333333333333334,RulesOnly
0.941,0.5205238400242429,0.2,0.05228758169934641,0.0829015544041451,0.5998516957421067,0.09216914875145273,0.09216914875145273,0.07873216868409251,0.011239901650860555,0.9477124183006536,8,32,2815,145,0.047576405107975006,145640,48.54666666666667,0.115,0.013333333333333334,RulesOnly
0.941,0.5205238400242429,0.2,0.05228758169934641,0.0829015544041451,0.5998516957421067,0.09216914875145273,0.09216914875145273,0.07873216868409251,0.011239901650860555,0.9477124183006536,8,32,2815,145,0.047576405107975006,145640,48.54666666666667,0.125,0.013333333333333334,RulesOnly
0.941,0.5205238400242429,0.2,0.05228758169934641,0.0829015544041451,0.5998516957421067,0.09216914875145273,0.09216914875145273,0.07873216868409251,0.011239901650860555,0.9477124183006536,8,32,2815,145,0.047576405107975006,145640,48.54666666666667,0.135,0.013333333333333334,RulesOnly
0.941,0.5205238400242429,0.2,0.05228758169934641,0.0829015544041451,0.5998516957421067,0.09216914875145273,0.09216914875145273,0.07873216868409251,0.011239901650860555,0.9477124183006536,8,32,2815,145,0.047576405107975006,145640,48.54666666666667,0.1428571492433548,0.013333333333333334,RulesOnly
0.9466666666666667,0.5142323877215095,0.29411764705882354,0.032679738562091505,0.05882352941176471,0.5998516957421067,0.09216914875145273,0.09216914875145273,0.08342498238930326,0.004214963119072708,0.9673202614379085,5,12,2835,148,0.047576405107975006,148240,49.413333333333334,0.14500000000000002,0.005666666666666667,RulesOnly
0.9466666666666667,0.5142323877215095,0.29411764705882354,0.032679738562091505,0.05882352941176471,0.5998516957421067,0.09216914875145273,0.09216914875145273,0.08342498238930326,0.004214963119072708,0.9673202614379085,5,12,2835,148,0.047576405107975006,148240,49.413333333333334,0.155,0.005666666666666667,RulesOnly
0.9466666666666667,0.5142323877215095,0.29411764705882354,0.032679738562091505,0.05882352941176471,0.5998516957421067,0.09216914875145273,0.09216914875145273,0.08342498238930326,0.004214963119072708,0.9673202614379085,5,12,2835,148,0.047576405107975006,148240,49.413333333333334,0.165,0.005666666666666667,RulesOnly
0.9466666666666667,0.5142323877215095,0.29411764705882354,0.032679738562091505,0.05882352941176471,0.5998516957421067,0.09216914875145273,0.09216914875145273,0.08342498238930326,0.004214963119072708,0.9673202614379085,5,12,2835,148,0.047576405107975006,148240,49.413333333333334,0.17500000000000002,0.005666666666666667,RulesOnly
0.9466666666666667,0.5142323877215095,0.29411764705882354,0.032679738562091505,0.05882352941176471,0.5998516957421067,0.09216914875145273,0.09216914875145273,0.08342498238930326,0.004214963119072708,0.9673202614379085,5,12,2835,148,0.047576405107975006,148240,49.413333333333334,0.185,0.005666666666666667,RulesOnly
0.9466666666666667,0.5142323877215095,0.29411764705882354,0.032679738562091505,0.05882352941176471,0.5998516957421067,0.09216914875145273,0.09216914875145273,0.08342498238930326,0.004214963119072708,0.9673202614379085,5,12,2835,148,0.047576405107975006,148240,49.413333333333334,0.195,0.005666666666666667,RulesOnly
0.9466666666666667,0.5142323877215095,0.29411764705882354,0.032679738562091505,0.05882352941176471,0.5998516957421067,0.09216914875145273,0.09216914875145273,0.08342498238930326,0.004214963119072708,0.9673202614379085,5,12,2835,148,0.047576405107975006,148240,49.413333333333334,0.20500000000000002,0.005666666666666667,RulesOnly
0.9466666666666667,0.5142323877215095,0.29411764705882354,0.032679738562091505,0.05882352941176471,0.5998516957421067,0.09216914875145273,0.09216914875145273,0.08342498238930326,0.004214963119072708,0.9673202614379085,5,12,2835,148,0.047576405107975006,148240,49.413333333333334,0.215,0.005666666666666667,RulesOnly
0.9466666666666667,0.5142323877215095,0.29411764705882354,0.032679738562091505,0.05882352941176471,0.5998516957421067,0.09216914875145273,0.09216914875145273,0.08342498238930326,0.004214963119072708,0.9673202614379085,5,12,2835,148,0.047576405107975006,148240,49.413333333333334,0.225,0.005666666666666667,RulesOnly
0.9466666666666667,0.5142323877215095,0.29411764705882354,0.032679738562091505,0.05882352941176471,0.5998516957421067,0.09216914875145273,0.09216914875145273,0.08342498238930326,0.004214963119072708,0.9673202614379085,5,12,2835,148,0.047576405107975006,148240,49.413333333333334,0.23500000000000001,0.005666666666666667,RulesOnly
0.9466666666666667,0.5142323877215095,0.29411764705882354,0.032679738562091505,0.05882352941176471,0.5998516957421067,0.09216914875145273,0.09216914875145273,0.08342498238930326,0.004214963119072708,0.9673202614379085,5,12,2835,148,0.047576405107975006,148240,49.413333333333334,0.245,0.005666666666666667,RulesOnly
0.9466666666666667,0.5142323877215095,0.29411764705882354,0.032679738562091505,0.05882352941176471,0.5998516957421067,0.09216914875145273,0.09216914875145273,0.08342498238930326,0.004214963119072708,0.9673202614379085,5,12,2835,148,0.047576405107975006,148240,49.413333333333334,0.255,0.005666666666666667,RulesOnly
0.9466666666666667,0.5142323877215095,0.29411764705882354,0.032679738562091505,0.05882352941176471,0.5998516957421067,0.09216914875145273,0.09216914875145273,0.08342498238930326,0.004214963119072708,0.9673202614379085,5,12,2835,148,0.047576405107975006,148240,49.413333333333334,0.265,0.005666666666666667,RulesOnly
0.9466666666666667,0.5142323877215095,0.29411764705882354,0.032679738562091505,0.05882352941176471,0.5998516957421067,0.09216914875145273,0.09216914875145273,0.08342498238930326,0.004214963119072708,0.9673202614379085,5,12,2835,148,0.047576405107975006,148240,49.413333333333334,0.275,0.005666666666666667,RulesOnly
0.9466666666666667,0.5142323877215095,0.29411764705882354,0.032679738562091505,0.05882352941176471,0.5998516957421067,0.09216914875145273,0.09216914875145273,0.08342498238930326,0.004214963119072708,0.9673202614379085,5,12,2835,148,0.047576405107975006,148240,49.413333333333334,0.28500000000000003,0.005666666666666667,RulesOnly
0.9493333333333334,0.5032679738562091,1.0,0.006535947712418301,0.012987012987012988,0.5998516957421067,0.09216914875145273,0.09216914875145273,0.07876980770968345,0.0,0.9934640522875817,1,0,2847,152,0.047576405107975006,152000,50.666666666666664,0.295,0.0003333333333333333,RulesOnly
0.9493333333333334,0.5032679738562091,1.0,0.006535947712418301,0.012987012987012988,0.5998516957421067,0.09216914875145273,0.09216914875145273,0.07876980770968345,0.0,0.9934640522875817,1,0,2847,152,0.047576405107975006,152000,50.666666666666664,0.305,0.0003333333333333333,RulesOnly
0.9493333333333334,0.5032679738562091,1.0,0.006535947712418301,0.012987012987012988,0.5998516957421067,0.09216914875145273,0.09216914875145273,0.07876980770968345,0.0,0.9934640522875817,1,0,2847,152,0.047576405107975006,152000,50.666666666666664,0.3095237612724304,0.0003333333333333333,RulesOnly
0.949,0.5,0.0,0.0,0.0,0.5998516957421067,0.09216914875145273,0.09216914875145273,0.0,0.0,1.0,0,0,2847,153,0.047576405107975006,153000,51.0,0.315,0.0,RulesOnly
0.949,0.5,0.0,0.0,0.0,0.5998516957421067,0.09216914875145273,0.09216914875145273,0.0,0.0,1.0,0,0,2847,153,0.047576405107975006,153000,51.0,0.325,0.0,RulesOnly
0.949,0.5,0.0,0.0,0.0,0.5998516957421067,0.09216914875145273,0.09216914875145273,0.0,0.0,1.0,0,0,2847,153,0.047576405107975006,153000,51.0,0.335,0.0,RulesOnly
0.949,0.5,0.0,0.0,0.0,0.5998516957421067,0.09216914875145273,0.09216914875145273,0.0,0.0,1.0,0,0,2847,153,0.047576405107975006,153000,51.0,0.34500000000000003,0.0,RulesOnly
0.949,0.5,0.0,0.0,0.0,0.5998516957421067,0.09216914875145273,0.09216914875145273,0.0,0.0,1.0,0,0,2847,153,0.047576405107975006,153000,51.0,0.35500000000000004,0.0,RulesOnly
0.949,0.5,0.0,0.0,0.0,0.5998516957421067,0.09216914875145273,0.09216914875145273,0.0,0.0,1.0,0,0,2847,153,0.047576405107975006,153000,51.0,0.365,0.0,RulesOnly
0.949,0.5,0.0,0.0,0.0,0.5998516957421067,0.09216914875145273,0.09216914875145273,0.0,0.0,1.0,0,0,2847,153,0.047576405107975006,153000,51.0,0.375,0.0,RulesOnly
0.949,0.5,0.0,0.0,0.0,0.5998516957421067,0.09216914875145273,0.09216914875145273,0.0,0.0,1.0,0,0,2847,153,0.047576405107975006,153000,51.0,0.385,0.0,RulesOnly
0.949,0.5,0.0,0.0,0.0,0.5998516957421067,0.09216914875145273,0.09216914875145273,0.0,0.0,1.0,0,0,2847,153,0.047576405107975006,153000,51.0,0.395,0.0,RulesOnly
0.949,0.5,0.0,0.0,0.0,0.5998516957421067,0.09216914875145273,0.09216914875145273,0.0,0.0,1.0,0,0,2847,153,0.047576405107975006,153000,51.0,0.405,0.0,RulesOnly
0.949,0.5,0.0,0.0,0.0,0.5998516957421067,0.09216914875145273,0.09216914875145273,0.0,0.0,1.0,0,0,2847,153,0.047576405107975006,153000,51.0,0.41500000000000004,0.0,RulesOnly
0.949,0.5,0.0,0.0,0.0,0.5998516957421067,0.09216914875145273,0.09216914875145273,0.0,0.0,1.0,0,0,2847,153,0.047576405107975006,153000,51.0,0.425,0.0,RulesOnly
0.949,0.5,0.0,0.0,0.0,0.5998516957421067,0.09216914875145273,0.09216914875145273,0.0,0.0,1.0,0,0,2847,153,0.047576405107975006,153000,51.0,0.435,0.0,RulesOnly
0.949,0.5,0.0,0.0,0.0,0.5998516957421067,0.09216914875145273,0.09216914875145273,0.0,0.0,1.0,0,0,2847,153,0.047576405107975006,153000,51.0,0.445,0.0,RulesOnly
0.949,0.5,0.0,0.0,0.0,0.5998516957421067,0.09216914875145273,0.09216914875145273,0.0,0.0,1.0,0,0,2847,153,0.047576405107975006,153000,51.0,0.455,0.0,RulesOnly
0.949,0.5,0.0,0.0,0.0,0.5998516957421067,0.09216914875145273,0.09216914875145273,0.0,0.0,1.0,0,0,2847,153,0.047576405107975006,153000,51.0,0.465,0.0,RulesOnly
0.949,0.5,0.0,0.0,0.0,0.5998516957421067,0.09216914875145273,0.09216914875145273,0.0,0.0,1.0,0,0,2847,153,0.047576405107975006,153000,51.0,0.47500000000000003,0.0,RulesOnly
0.949,0.5,0.0,0.0,0.0,0.5998516957421067,0.09216914875145273,0.09216914875145273,0.0,0.0,1.0,0,0,2847,153,0.047576405107975006,153000,51.0,0.485,0.0,RulesOnly
0.949,0.5,0.0,0.0,0.0,0.5998516957421067,0.09216914875145273,0.09216914875145273,0.0,0.0,1.0,0,0,2847,153,0.047576405107975006,153000,51.0,0.495,0.0,RulesOnly
0.949,0.5,0.0,0.0,0.0,0.5998516957421067,0.09216914875145273,0.09216914875145273,0.0,0.0,1.0,0,0,2847,153,0.047576405107975006,153000,51.0,0.505,0.0,RulesOnly
0.949,0.5,0.0,0.0,0.0,0.5998516957421067,0.09216914875145273,0.09216914875145273,0.0,0.0,1.0,0,0,2847,153,0.047576405107975006,153000,51.0,0.515,0.0,RulesOnly
0.949,0.5,0.0,0.0,0.0,0.5998516957421067,0.09216914875145273,0.09216914875145273,0.0,0.0,1.0,0,0,2847,153,0.047576405107975006,153000,51.0,0.525,0.0,RulesOnly
0.949,0.5,0.0,0.0,0.0,0.5998516957421067,0.09216914875145273,0.09216914875145273,0.0,0.0,1.0,0,0,2847,153,0.047576405107975006,153000,51.0,0.535,0.0,RulesOnly
0.949,0.5,0.0,0.0,0.0,0.5998516957421067,0.09216914875145273,0.09216914875145273,0.0,0.0,1.0,0,0,2847,153,0.047576405107975006,153000,51.0,0.545,0.0,RulesOnly
0.949,0.5,0.0,0.0,0.0,0.5998516957421067,0.09216914875145273,0.09216914875145273,0.0,0.0,1.0,0,0,2847,153,0.047576405107975006,153000,51.0,0.555,0.0,RulesOnly
0.949,0.5,0.0,0.0,0.0,0.5998516957421067,0.09216914875145273,0.09216914875145273,0.0,0.0,1.0,0,0,2847,153,0.047576405107975006,153000,51.0,0.5650000000000001,0.0,RulesOnly
0.949,0.5,0.0,0.0,0.0,0.5998516957421067,0.09216914875145273,0.09216914875145273,0.0,0.0,1.0,0,0,2847,153,0.047576405107975006,153000,51.0,0.5750000000000001,0.0,RulesOnly
0.949,0.5,0.0,0.0,0.0,0.5998516957421067,0.09216914875145273,0.09216914875145273,0.0,0.0,1.0,0,0,2847,153,0.047576405107975006,153000,51.0,0.585,0.0,RulesOnly
0.949,0.5,0.0,0.0,0.0,0.5998516957421067,0.09216914875145273,0.09216914875145273,0.0,0.0,1.0,0,0,2847,153,0.047576405107975006,153000,51.0,0.595,0.0,RulesOnly
0.949,0.5,0.0,0.0,0.0,0.5998516957421067,0.09216914875145273,0.09216914875145273,0.0,0.0,1.0,0,0,2847,153,0.047576405107975006,153000,51.0,0.605,0.0,RulesOnly
0.949,0.5,0.0,0.0,0.0,0.5998516957421067,0.09216914875145273,0.09216914875145273,0.0,0.0,1.0,0,0,2847,153,0.047576405107975006,153000,51.0,0.615,0.0,RulesOnly
0.949,0.5,0.0,0.0,0.0,0.5998516957421067,0.09216914875145273,0.09216914875145273,0.0,0.0,1.0,0,0,2847,153,0.047576405107975006,153000,51.0,0.625,0.0,RulesOnly
0.949,0.5,0.0,0.0,0.0,0.5998516957421067,0.09216914875145273,0.09216914875145273,0.0,0.0,1.0,0,0,2847,153,0.047576405107975006,153000,51.0,0.635,0.0,RulesOnly
0.949,0.5,0.0,0.0,0.0,0.5998516957421067,0.09216914875145273,0.09216914875145273,0.0,0.0,1.0,0,0,2847,153,0.047576405107975006,153000,51.0,0.645,0.0,RulesOnly
0.949,0.5,0.0,0.0,0.0,0.5998516957421067,0.09216914875145273,0.09216914875145273,0.0,0.0,1.0,0,0,2847,153,0.047576405107975006,153000,51.0,0.655,0.0,RulesOnly
0.949,0.5,0.0,0.0,0.0,0.5998516957421067,0.09216914875145273,0.09216914875145273,0.0,0.0,1.0,0,0,2847,153,0.047576405107975006,153000,51.0,0.665,0.0,RulesOnly
0.949,0.5,0.0,0.0,0.0,0.5998516957421067,0.09216914875145273,0.09216914875145273,0.0,0.0,1.0,0,0,2847,153,0.047576405107975006,153000,51.0,0.675,0.0,RulesOnly
0.949,0.5,0.0,0.0,0.0,0.5998516957421067,0.09216914875145273,0.09216914875145273,0.0,0.0,1.0,0,0,2847,153,0.047576405107975006,153000,51.0,0.685,0.0,RulesOnly
0.949,0.5,0.0,0.0,0.0,0.5998516957421067,0.09216914875145273,0.09216914875145273,0.0,0.0,1.0,0,0,2847,153,0.047576405107975006,153000,51.0,0.6950000000000001,0.0,RulesOnly
0.949,0.5,0.0,0.0,0.0,0.5998516957421067,0.09216914875145273,0.09216914875145273,0.0,0.0,1.0,0,0,2847,153,0.047576405107975006,153000,51.0,0.7050000000000001,0.0,RulesOnly
0.949,0.5,0.0,0.0,0.0,0.5998516957421067,0.09216914875145273,0.09216914875145273,0.0,0.0,1.0,0,0,2847,153,0.047576405107975006,153000,51.0,0.715,0.0,RulesOnly
0.949,0.5,0.0,0.0,0.0,0.5998516957421067,0.09216914875145273,0.09216914875145273,0.0,0.0,1.0,0,0,2847,153,0.047576405107975006,153000,51.0,0.725,0.0,RulesOnly
0.949,0.5,0.0,0.0,0.0,0.5998516957421067,0.09216914875145273,0.09216914875145273,0.0,0.0,1.0,0,0,2847,153,0.047576405107975006,153000,51.0,0.735,0.0,RulesOnly
0.949,0.5,0.0,0.0,0.0,0.5998516957421067,0.09216914875145273,0.09216914875145273,0.0,0.0,1.0,0,0,2847,153,0.047576405107975006,153000,51.0,0.745,0.0,RulesOnly
0.949,0.5,0.0,0.0,0.0,0.5998516957421067,0.09216914875145273,0.09216914875145273,0.0,0.0,1.0,0,0,2847,153,0.047576405107975006,153000,51.0,0.755,0.0,RulesOnly
0.949,0.5,0.0,0.0,0.0,0.5998516957421067,0.09216914875145273,0.09216914875145273,0.0,0.0,1.0,0,0,2847,153,0.047576405107975006,153000,51.0,0.765,0.0,RulesOnly
0.949,0.5,0.0,0.0,0.0,0.5998516957421067,0.09216914875145273,0.09216914875145273,0.0,0.0,1.0,0,0,2847,153,0.047576405107975006,153000,51.0,0.775,0.0,RulesOnly
0.949,0.5,0.0,0.0,0.0,0.5998516957421067,0.09216914875145273,0.09216914875145273,0.0,0.0,1.0,0,0,2847,153,0.047576405107975006,153000,51.0,0.785,0.0,RulesOnly
0.949,0.5,0.0,0.0,0.0,0.5998516957421067,0.09216914875145273,0.09216914875145273,0.0,0.0,1.0,0,0,2847,153,0.047576405107975006,153000,51.0,0.795,0.0,RulesOnly
0.949,0.5,0.0,0.0,0.0,0.5998516957421067,0.09216914875145273,0.09216914875145273,0.0,0.0,1.0,0,0,2847,153,0.047576405107975006,153000,51.0,0.805,0.0,RulesOnly
0.949,0.5,0.0,0.0,0.0,0.5998516957421067,0.09216914875145273,0.09216914875145273,0.0,0.0,1.0,0,0,2847,153,0.047576405107975006,153000,51.0,0.8150000000000001,0.0,RulesOnly
0.949,0.5,0.0,0.0,0.0,0.5998516957421067,0.09216914875145273,0.09216914875145273,0.0,0.0,1.0,0,0,2847,153,0.047576405107975006,153000,51.0,0.8250000000000001,0.0,RulesOnly
0.949,0.5,0.0,0.0,0.0,0.5998516957421067,0.09216914875145273,0.09216914875145273,0.0,0.0,1.0,0,0,2847,153,0.047576405107975006,153000,51.0,0.8350000000000001,0.0,RulesOnly
0.949,0.5,0.0,0.0,0.0,0.5998516957421067,0.09216914875145273,0.09216914875145273,0.0,0.0,1.0,0,0,2847,153,0.047576405107975006,153000,51.0,0.845,0.0,RulesOnly
0.949,0.5,0.0,0.0,0.0,0.5998516957421067,0.09216914875145273,0.09216914875145273,0.0,0.0,1.0,0,0,2847,153,0.047576405107975006,153000,51.0,0.855,0.0,RulesOnly
0.949,0.5,0.0,0.0,0.0,0.5998516957421067,0.09216914875145273,0.09216914875145273,0.0,0.0,1.0,0,0,2847,153,0.047576405107975006,153000,51.0,0.865,0.0,RulesOnly
0.949,0.5,0.0,0.0,0.0,0.5998516957421067,0.09216914875145273,0.09216914875145273,0.0,0.0,1.0,0,0,2847,153,0.047576405107975006,153000,51.0,0.875,0.0,RulesOnly
0.949,0.5,0.0,0.0,0.0,0.5998516957421067,0.09216914875145273,0.09216914875145273,0.0,0.0,1.0,0,0,2847,153,0.047576405107975006,153000,51.0,0.885,0.0,RulesOnly
0.949,0.5,0.0,0.0,0.0,0.5998516957421067,0.09216914875145273,0.09216914875145273,0.0,0.0,1.0,0,0,2847,153,0.047576405107975006,153000,51.0,0.895,0.0,RulesOnly
0.949,0.5,0.0,0.0,0.0,0.5998516957421067,0.09216914875145273,0.09216914875145273,0.0,0.0,1.0,0,0,2847,153,0.047576405107975006,153000,51.0,0.905,0.0,RulesOnly
0.949,0.5,0.0,0.0,0.0,0.5998516957421067,0.09216914875145273,0.09216914875145273,0.0,0.0,1.0,0,0,2847,153,0.047576405107975006,153000,51.0,0.915,0.0,RulesOnly
0.949,0.5,0.0,0.0,0.0,0.5998516957421067,0.09216914875145273,0.09216914875145273,0.0,0.0,1.0,0,0,2847,153,0.047576405107975006,153000,51.0,0.925,0.0,RulesOnly
0.949,0.5,0.0,0.0,0.0,0.5998516957421067,0.09216914875145273,0.09216914875145273,0.0,0.0,1.0,0,0,2847,153,0.047576405107975006,153000,51.0,0.935,0.0,RulesOnly
0.949,0.5,0.0,0.0,0.0,0.5998516957421067,0.09216914875145273,0.09216914875145273,0.0,0.0,1.0,0,0,2847,153,0.047576405107975006,153000,51.0,0.9450000000000001,0.0,RulesOnly
0.949,0.5,0.0,0.0,0.0,0.5998516957421067,0.09216914875145273,0.09216914875145273,0.0,0.0,1.0,0,0,2847,153,0.047576405107975006,153000,51.0,0.9550000000000001,0.0,RulesOnly
0.949,0.5,0.0,0.0,0.0,0.5998516957421067,0.09216914875145273,0.09216914875145273,0.0,0.0,1.0,0,0,2847,153,0.047576405107975006,153000,51.0,0.965,0.0,RulesOnly
0.949,0.5,0.0,0.0,0.0,0.5998516957421067,0.09216914875145273,0.09216914875145273,0.0,0.0,1.0,0,0,2847,153,0.047576405107975006,153000,51.0,0.975,0.0,RulesOnly
0.949,0.5,0.0,0.0,0.0,0.5998516957421067,0.09216914875145273,0.09216914875145273,0.0,0.0,1.0,0,0,2847,153,0.047576405107975006,153000,51.0,0.985,0.0,RulesOnly
0.949,0.5,0.0,0.0,0.0,0.5998516957421067,0.09216914875145273,0.09216914875145273,0.0,0.0,1.0,0,0,2847,153,0.047576405107975006,153000,51.0,0.995,0.0,RulesOnly
0.949,0.5,0.0,0.0,0.0,0.5998516957421067,0.09216914875145273,0.09216914875145273,0.0,0.0,1.0,0,0,2847,153,0.047576405107975006,153000,51.0,1.000001,0.0,RulesOnly
0.051,0.5,0.051,1.0,0.09705042816365367,0.6159436260161483,0.082785186011818,0.082785186011818,0.0,1.0,0.0,153,2847,0,0,0.048061433468667265,56940,18.98,0.0016994305904735746,1.0,IsolationForest
0.051333333333333335,0.5001756234632947,0.05101700566855619,1.0,0.09708121827411167,0.6159436260161483,0.082785186011818,0.082785186011818,0.0042331508885077515,0.9996487530734106,0.0,153,2846,1,0,0.048061433468667265,56920,18.973333333333333,0.005,0.9996666666666667,IsolationForest
0.06166666666666667,0.4963428996466869,0.05064145847400405,0.9803921568627451,0.09630818619582664,0.6159436260161483,0.082785186011818,0.082785186011818,-0.014388714554691793,0.9877063575693713,0.0196078431372549,150,2812,35,3,0.048061433468667265,59240,19.746666666666666,0.014937829220809622,0.9873333333333333,IsolationForest
0.06166666666666667,0.4963428996466869,0.05064145847400405,0.9803921568627451,0.09630818619582664,0.6159436260161483,0.082785186011818,0.082785186011818,-0.014388714554691793,0.9877063575693713,0.0196078431372549,150,2812,35,3,0.048061433468667265,59240,19.746666666666666,0.015,0.9873333333333333,IsolationForest
0.074,0.5028409677885907,0.05128205128205128,0.9803921568627451,0.09746588693957114,0.6159436260161483,0.082785186011818,0.082785186011818,0.0080064904023593,0.9747102212855637,0.0196078431372549,150,2775,72,3,0.048061433468667265,58500,19.5,0.017092479678942438,0.975,IsolationForest
0.086,0.5060710620742853,0.0516106685140284,0.9738562091503268,0.09802631578947368,0.6159436260161483,0.082785186011818,0.082785186011818,0.014030446896441876,0.9617140850017563,0.026143790849673203,149,2738,109,4,0.048061433468667265,58760,19.586666666666666,0.01891805303387556,0.9623333333333334,IsolationForest
0.09766666666666667,0.5091255328966852,0.051929824561403506,0.9673202614379085,0.09856809856809856,0.6159436260161483,0.082785186011818,0.082785186011818,0.01842296894990989,0.9490691956445381,0.032679738562091505,148,2702,145,5,0.048061433468667265,59040,19.68,0.020253615041470108,0.95,IsolationForest
0.10966666666666666,0.5123556271823798,0.052275960170697015,0.9607843137254902,0.0991568296795953,0.6159436260161483,0.082785186011818,0.082785186011818,0.022430949483819903,0.9360730593607306,0.0392156862745098,147,2665,182,6,0.048061433468667265,59300,19.766666666666666,0.021556019249255823,0.9373333333333334,IsolationForest
0.12,0.508522903365772,0.05189189189189189,0.9411764705882353,0.0983606557377049,0.6159436260161483,0.082785186011818,0.082785186011818,0.014237517018834597,0.9241306638566913,0.058823529411764705,144,2631,216,9,0.048061433468667265,61620,20.54,0.02263141731727734,0.925,IsolationForest
0.132,0.5117529976514666,0.05224698575082207,0.934640522875817,0.09896193771626298,0.6159436260161483,0.082785186011818,0.082785186011818,0.018285330778845782,0.9111345275728837,0.06535947712418301,143,2594,253,10,0.048061433468667265,61880,20.626666666666665,0.023706098355904474,0.9123333333333333,IsolationForest
0.14366666666666666,0.5148074684738666,0.052592592592592594,0.9281045751633987,0.09954433929197336,0.6159436260161483,0.082785186011818,0.082785186011818,0.02171739607159578,0.8984896382156656,0.0718954248366013,142,2558,289,11,0.048061433468667265,62160,20.72,0.02445854636790008,0.9,IsolationForest
0.15066666666666667,0.5184955612030552,0.05300485255692423,0.9281045751633987,0.10028248587570622,0.6159436260161483,0.082785186011818,0.082785186011818,0.026326800661652487,0.8911134527572884,0.0718954248366013,142,2537,310,11,0.048061433468667265,61740,20.58,0.025,0.893,IsolationForest
0.15633333333333332,0.521481160079065,0.05334335086401202,0.9281045751633987,0.10088809946714032,0.6159436260161483,0.082785186011818,0.082785186011818,0.029892676379785443,0.8851422550052687,0.0718954248366013,142,2520,327,11,0.048061433468667265,61400,20.466666666666665,0.025386951267860645,0.8873333333333333,IsolationForest
0.16866666666666666,0.5279792282209688,0.05409523809523809,0.9281045751633987,0.10223182145428365,0.6159436260161483,0.082785186011818,0.082785186011818,0.03722415840604664,0.8721461187214612,0.0718954248366013,142,2483,364,11,0.048061433468667265,60660,20.22,0.025948980477939247,0.875,IsolationForest
0.18066666666666667,0.5312093225066633,0.05450328565906455,0.9215686274509803,0.10291970802919707,0.6159436260161483,0.082785186011818,0.082785186011818,0.03985479187440053,0.8591499824376537,0.0784313725490196,141,2446,401,12,0.048061433468667265,60920,20.30666666666667,0.02665107107257579,0.8623333333333333,IsolationForest
0.19166666666666668,0.5308201960095594,0.05450980392156863,0.9084967320261438,0.10284868664446911,0.6159436260161483,0.082785186011818,0.082785186011818,0.037977685521520914,0.8468563400070249,0.0915032679738562,139,2411,436,14,0.048061433468667265,62220,20.74,0.027374016290781174,0.85,IsolationForest
0.20366666666666666,0.5340502902952541,0.05493630573248408,0.9019607843137255,0.10356472795497185,0.6159436260161483,0.082785186011818,0.082785186011818,0.04059481204466988,0.8338602037232175,0.09803921568627451,138,2374,473,15,0.048061433468667265,62480,20.826666666666668,0.02797122529411097,0.8373333333333334,IsolationForest
0.21533333333333332,0.5371047611176539,0.055353535353535356,0.8954248366013072,0.10426179604261795,0.6159436260161483,0.082785186011818,0.082785186011818,0.04296668334687642,0.8212153143659993,0.10457516339869281,137,2338,509,16,0.048061433468667265,62760,20.92,0.028688529653848743,0.825,IsolationForest
0.22666666666666666,0.5368912580838447,0.0553959786622897,0.8823529411764706,0.10424710424710425,0.6159436260161483,0.082785186011818,0.082785186011818,0.041572960115135844,0.8085704250087812,0.11764705882352941,135,2302,545,18,0.048061433468667265,64040,21.346666666666668,0.029062942363667722,0.8123333333333334,IsolationForest
0.23833333333333334,0.5399457289062446,0.05583333333333333,0.8758169934640523,0.10497453975714846,0.6159436260161483,0.082785186011818,0.082785186011818,0.04393984786578681,0.7959255356515631,0.12418300653594772,134,2266,581,19,0.048061433468667265,64320,21.44,0.02952939940787009,0.8,IsolationForest
0.249,0.5362886285529315,0.0554614733276884,0.8562091503267973,0.10417495029821075,0.6159436260161483,0.082785186011818,0.082785186011818,0.039020220028087985,0.7836318932209343,0.1437908496732026,131,2231,616,22,0.048061433468667265,66620,22.206666666666667,0.02998854732223973,0.7873333333333333,IsolationForest
0.26066666666666666,0.5393430993753314,0.05591397849462366,0.8496732026143791,0.10492332526230833,0.6159436260161483,0.082785186011818,0.082785186011818,0.04145478331786147,0.7709870038637162,0.1503267973856209,130,2195,652,23,0.048061433468667265,66900,22.3,0.03045749668205474,0.775,IsolationForest
0.2733333333333333,0.5460167909805299,0.05684302579798863,0.8496732026143791,0.10655737704918032,0.6159436260161483,0.082785186011818,0.082785186011818,0.04756723714011049,0.7576396206533192,0.1503267973856209,130,2157,690,23,0.048061433468667265,66140,22.046666666666667,0.0309382214518979,0.7623333333333333,IsolationForest
0.2843333333333333,0.5456276644834259,0.05688888888888889,0.8366013071895425,0.10653349979192676,0.6159436260161483,0.082785186011818,0.082785186011818,0.046363455125984505,0.7453459782226906,0.16339869281045752,128,2122,725,25,0.048061433468667265,67440,22.48,0.031220339127580023,0.75,IsolationForest
0.29633333333333334,0.5488577587691206,0.057414104882459314,0.8300653594771242,0.10739957716701902,0.6159436260161483,0.082785186011818,0.082785186011818,0.04884805944638882,0.7323498419388831,0.16993464052287582,127,2085,762,26,0.048061433468667265,67700,22.566666666666666,0.031791635808695984,0.7373333333333333,IsolationForest
0.30733333333333335,0.5484686322720167,0.05747126436781609,0.8169934640522876,0.10738831615120274,0.6159436260161483,0.082785186011818,0.082785186011818,0.047761021230035186,0.7200561995082543,0.1830065359477124,125,2050,797,28,0.048061433468667265,69000,23.0,0.032245010249986134,0.725,IsolationForest
0.31733333333333336,0.5413679345991997,0.056621431913897985,0.7908496732026143,0.1056768558951965,0.6159436260161483,0.082785186011818,0.082785186011818,0.04020921771908073,0.708113804004215,0.20915032679738563,121,2016,831,32,0.048061433468667265,72320,24.106666666666666,0.03265468665702844,0.7123333333333334,IsolationForest
0.32966666666666666,0.5478660027411034,0.05761904761904762,0.7908496732026143,0.10741233910341767,0.6159436260161483,0.082785186011818,0.082785186011818,0.045958484996558045,0.6951176677204074,0.20915032679738563,121,1979,868,32,0.048061433468667265,71580,23.86,0.03293896592834173,0.7,IsolationForest
0.3416666666666667,0.5510960970267981,0.058195926285160036,0.7843137254901961,0.10835214446952596,0.6159436260161483,0.082785186011818,0.082785186011818,0.04849661459163976,0.6821215314365999,0.21568627450980393,120,1942,905,33,0.048061433468667265,71840,23.946666666666665,0.03328825358716598,0.6873333333333334,IsolationForest
0.3526666666666667,0.5507069705296942,0.058271604938271604,0.7712418300653595,0.10835629017447199,0.6159436260161483,0.082785186011818,0.082785186011818,0.047634574212016445,0.6698278890059712,0.22875816993464052,118,1907,940,35,0.048061433468667265,73140,24.38,0.03370182409166124,0.675,IsolationForest
0.3626666666666667,0.5436062728568772,0.05737292400603926,0.7450980392156863,0.10654205607476637,0.6159436260161483,0.082785186011818,0.082785186011818,0.04057091069097547,0.6578854935019318,0.2549019607843137,114,1873,974,39,0.048061433468667265,76460,25.486666666666668,0.03429312703950662,0.6623333333333333,IsolationForest
0.37366666666666665,0.5432171463597733,0.057435897435897436,0.7320261437908496,0.10651450309082264,0.6159436260161483,0.082785186011818,0.082785186011818,0.03986700185392634,0.6455918510713031,0.2679738562091503,112,1838,1009,41,0.048061433468667265,77760,25.92,0.034677428422589036,0.65,IsolationForest
0.379,0.5460271217724884,0.057911065149948295,0.7320261437908496,0.10733109726880691,0.6159436260161483,0.082785186011818,0.082785186011818,0.04231325403002475,0.6399719002458728,0.2679738562091503,112,1822,1025,41,0.048061433468667265,77440,25.813333333333333,0.034999999999999996,0.6446666666666667,IsolationForest
0.3863333333333333,0.5498908379649717,0.058577405857740586,0.7320261437908496,0.10847457627118644,0.6159436260161483,0.082785186011818,0.082785186011818,0.045659573595259295,0.6322444678609063,0.2679738562091503,112,1800,1047,41,0.048061433468667265,77000,25.666666666666668,0.035249918034104814,0.6373333333333333,IsolationForest
0.39866666666666667,0.5563889061068754,0.05973333333333333,0.7320261437908496,0.11045364891518739,0.6159436260161483,0.082785186011818,0.082785186011818,0.051249096945975764,0.6192483315770987,0.2679738562091503,112,1763,1084,41,0.048061433468667265,76260,25.42,0.03584263550506968,0.625,IsolationForest
0.4093333333333333,0.5527318057535624,0.05933587370713119,0.7124183006535948,0.10954773869346733,0.6159436260161483,0.082785186011818,0.082785186011818,0.047620905893619815,0.60695468914647,0.2875816993464052,109,1728,1119,44,0.048061433468667265,78560,26.186666666666667,0.03629528952675705,0.6123333333333333,IsolationForest
0.4216666666666667,0.5592298738954662,0.06055555555555556,0.7124183006535948,0.11162314388120839,0.6159436260161483,0.082785186011818,0.082785186011818,0.05319653891733356,0.5939585528626624,0.2875816993464052,109,1691,1156,44,0.048061433468667265,77820,25.94,0.036820530950897754,0.6,IsolationForest
0.43366666666666664,0.5624599681811608,0.06129398410896708,0.7058823529411765,0.11279373368146213,0.6159436260161483,0.082785186011818,0.082785186011818,0.05582232603124463,0.580962416578855,0.29411764705882354,108,1654,1193,45,0.048061433468667265,78080,26.026666666666667,0.03722404308763513,0.5873333333333334,IsolationForest
0.446,0.5689580363230645,0.06260869565217392,0.7058823529411765,0.11501597444089456,0.6159436260161483,0.082785186011818,0.082785186011818,0.06137686310371207,0.5679662802950474,0.29411764705882354,108,1617,1230,45,0.048061433468667265,77340,25.78,0.03759264577982867,0.575,IsolationForest
0.458,0.5721881306087591,0.06342620035566093,0.6993464052287581,0.11630434782608695,0.6159436260161483,0.082785186011818,0.082785186011818,0.06402437324754791,0.5549701440112399,0.3006535947712418,107,1580,1267,46,0.048061433468667265,77600,25.866666666666667,0.03798803047625955,0.5623333333333334,IsolationForest
0.4703333333333333,0.5786861987506629,0.06484848484848485,0.6993464052287581,0.11869107043815863,0.6159436260161483,0.082785186011818,0.082785186011818,0.06959197371291934,0.5419740077274324,0.3006535947712418,107,1543,1304,46,0.048061433468667265,76860,25.62,0.03834782048729177,0.55,IsolationForest
0.48233333333333334,0.5819162930363575,0.06575682382133995,0.6928104575163399,0.12011331444759206,0.6159436260161483,0.082785186011818,0.082785186011818,0.07228737990096026,0.5289778714436248,0.30718954248366015,106,1506,1341,47,0.048061433468667265,77120,25.706666666666667,0.038868288069420436,0.5373333333333333,IsolationForest
0.49333333333333335,0.5815271665392536,0.06603174603174604,0.6797385620915033,0.12037037037037038,0.6159436260161483,0.082785186011818,0.082785186011818,0.07183301285051903,0.5166842290129962,0.3202614379084967,104,1471,1376,49,0.048061433468667265,78420,26.14,0.039280119874156416,0.525,IsolationForest
0.506,0.588200858144452,0.06766428106701367,0.6797385620915033,0.1230769230769231,0.6159436260161483,0.082785186011818,0.082785186011818,0.07763957661543318,0.5033368458025992,0.3202614379084967,104,1433,1414,49,0.048061433468667265,77660,25.886666666666667,0.03962189185883041,0.5123333333333333,IsolationForest
0.5183333333333333,0.5946989262863558,0.06933333333333333,0.6797385620915033,0.12583182093163944,0.6159436260161483,0.082785186011818,0.082785186011818,0.08333419422821636,0.4903407095187917,0.3202614379084967,104,1396,1451,49,0.048061433468667265,76920,25.64,0.04005046336391642,0.5,IsolationForest
0.5293333333333333,0.5943097997892518,0.06971975393028025,0.6666666666666666,0.12623762376237624,0.6159436260161483,0.082785186011818,0.082785186011818,0.08301702591523322,0.47804706708816297,0.3333333333333333,102,1361,1486,51,0.048061433468667265,78220,26.073333333333334,0.04043030240996007,0.4876666666666667,IsolationForest
0.5406666666666666,0.5940962967554426,0.07017543859649122,0.6535947712418301,0.12674271229404308,0.6159436260161483,0.082785186011818,0.082785186011818,0.08290758505345015,0.46540217773094483,0.3464052287581699,100,1325,1522,53,0.048061433468667265,79500,26.5,0.040933343524281546,0.475,IsolationForest
0.5496666666666666,0.5833763782998271,0.06844380403458213,0.6209150326797386,0.12329656067488642,0.6159436260161483,0.082785186011818,0.082785186011818,0.07357583832865519,0.4541622760800843,0.3790849673202614,95,1293,1554,58,0.048061433468667265,83860,27.953333333333333,0.04135904718005207,0.46266666666666667,IsolationForest
0.5616666666666666,0.5866064725855218,0.06962962962962962,0.6143790849673203,0.12508316699933467,0.6159436260161483,0.082785186011818,0.082785186011818,0.07659685509321318,0.4411661397962768,0.38562091503267976,94,1256,1591,59,0.048061433468667265,84120,28.04,0.04179196054145515,0.45,IsolationForest
0.5706666666666667,0.5758865541299063,0.06778370144706779,0.5816993464052288,0.12141882673942703,0.6159436260161483,0.082785186011818,0.082785186011818,0.06730454196709504,0.42992623814541625,0.41830065359477125,89,1224,1623,64,0.048061433468667265,88480,29.493333333333332,0.04231545446746812,0.43766666666666665,IsolationForest
0.5833333333333334,0.5825602457351047,0.06980392156862746,0.5816993464052288,0.1246498599439776,0.6159436260161483,0.082785186011818,0.082785186011818,0.07348366007048673,0.41657885493501934,0.41830065359477125,89,1186,1661,64,0.048061433468667265,87720,29.24,0.0428376393993777,0.425,IsolationForest
0.5943333333333334,0.5821711192380008,0.07027463651050081,0.5686274509803921,0.12508986340762043,0.6159436260161483,0.082785186011818,0.082785186011818,0.07343876633352957,0.4042852125043906,0.43137254901960786,87,1151,1696,66,0.048061433468667265,89020,29.673333333333332,0.04358506138052762,0.4126666666666667,IsolationForest
0.6063333333333333,0.5854012135236955,0.07166666666666667,0.5620915032679739,0.1271249076127125,0.6159436260161483,0.082785186011818,0.082785186011818,0.0767019863459228,0.39128907622058307,0.43790849673202614,86,1114,1733,67,0.048061433468667265,89280,29.76,0.044136882972650116,0.4,IsolationForest
0.6173333333333333,0.5850120870265915,0.07222699914015478,0.5490196078431373,0.12765957446808512,0.6159436260161483,0.082785186011818,0.082785186011818,0.07677250073766032,0.3789954337899543,0.45098039215686275,84,1079,1768,69,0.048061433468667265,90580,30.19333333333333,0.04474031990253074,0.38766666666666666,IsolationForest
0.6246666666666667,0.5888758032190748,0.0736196319018405,0.5490196078431373,0.12982998454404948,0.6159436260161483,0.082785186011818,0.082785186011818,0.08055091281305442,0.3712680014049877,0.45098039215686275,84,1057,1790,69,0.048061433468667265,90140,30.046666666666667,0.045,0.38033333333333336,IsolationForest
0.6293333333333333,0.588242181312286,0.07377777777777778,0.5424836601307189,0.1298904538341158,0.6159436260161483,0.082785186011818,0.082785186011818,0.08019896850324452,0.36599929750614685,0.45751633986928103,83,1042,1805,70,0.048061433468667265,90840,30.28,0.045252731902424084,0.375,IsolationForest
0.6403333333333333,0.5878530548151821,0.0744485294117647,0.5294117647058824,0.1305398871877518,0.6159436260161483,0.082785186011818,0.082785186011818,0.08040219778867029,0.3537056550755181,0.47058823529411764,81,1007,1840,72,0.048061433468667265,92140,30.713333333333335,0.045725717160156346,0.3626666666666667,IsolationForest
0.6523333333333333,0.5910831491008768,0.0761904761904762,0.5228758169934641,0.13300083125519535,0.6159436260161483,0.082785186011818,0.082785186011818,0.08402248597899216,0.3407095187917106,0.477124183006536,80,970,1877,73,0.048061433468667265,92400,30.8,0.04622371579992002,0.35,IsolationForest
0.664,0.5941376199232766,0.07798617966436328,0.5163398692810458,0.13550600343053174,0.6159436260161483,0.082785186011818,0.082785186011818,0.0875848523698331,0.32806462943449244,0.48366013071895425,79,934,1913,74,0.048061433468667265,92680,30.893333333333334,0.04677446877377695,0.33766666666666667,IsolationForest
0.676,0.5973677142089713,0.08,0.5098039215686274,0.13829787234042554,0.6159436260161483,0.082785186011818,0.082785186011818,0.09146808732392292,0.3150684931506849,0.49019607843137253,78,897,1950,75,0.048061433468667265,92940,30.98,0.047339098633074055,0.325,IsolationForest
0.687,0.5969785877118674,0.08102345415778252,0.49673202614379086,0.13932172318973418,0.6159436260161483,0.082785186011818,0.082785186011818,0.09204486184996354,0.3027748507200562,0.5032679738562091,76,862,1985,77,0.048061433468667265,94240,31.413333333333334,0.047864968587830195,0.31266666666666665,IsolationForest
0.6996666666666667,0.6036522793170658,0.08444444444444445,0.49673202614379086,0.14434947768281103,0.6159436260161483,0.082785186011818,0.082785186011818,0.09952161139542426,0.2894274675096593,0.5032679738562091,76,824,2023,77,0.048061433468667265,93480,31.16,0.04847288916862385,0.3,IsolationForest
0.7106666666666667,0.6032631528199619,0.08574739281575898,0.48366013071895425,0.14566929133858267,0.6159436260161483,0.082785186011818,0.082785186011818,0.10037074933339497,0.27713382507903056,0.5163398692810458,74,789,2058,79,0.048061433468667265,94780,31.593333333333334,0.04909099164523023,0.2876666666666667,IsolationForest
0.7213333333333334,0.5996060524666488,0.08606060606060606,0.46405228758169936,0.14519427402862986,0.6159436260161483,0.082785186011818,0.082785186011818,0.09815186778534762,0.2648401826484018,0.5359477124183006,71,754,2093,82,0.048061433468667265,97080,32.36,0.049769790141778784,0.275,IsolationForest
0.733,0.6026605232890486,0.08883248730964467,0.45751633986928103,0.14877789585547288,0.6159436260161483,0.082785186011818,0.082785186011818,0.10264014295289987,0.2521952932911837,0.5424836601307189,70,718,2129,83,0.048061433468667265,97360,32.45333333333333,0.050592239781265855,0.26266666666666666,IsolationForest
0.7436666666666667,0.5990034229357356,0.08933333333333333,0.43790849673202614,0.1483942414174972,0.6159436260161483,0.082785186011818,0.082785186011818,0.10059994980166449,0.23990165086055498,0.5620915032679739,67,683,2164,86,0.048061433468667265,99660,33.22,0.05132462868201346,0.25,IsolationForest
0.752,0.5848399071606163,0.08555399719495091,0.39869281045751637,0.14087759815242493,0.6159436260161483,0.082785186011818,0.082785186011818,0.08769842261624652,0.22901299613628381,0.6013071895424836,61,652,2195,92,0.048061433468667265,105040,35.013333333333335,0.05225258981367796,0.23766666666666666,IsolationForest
0.7633333333333333,0.584626404126807,0.0874074074074074,0.38562091503267976,0.14251207729468598,0.6159436260161483,0.082785186011818,0.082785186011818,0.08916860394192083,0.21636810677906568,0.6143790849673203,59,616,2231,94,0.048061433468667265,106320,35.44,0.05289878470722323,0.225,IsolationForest
0.7736666666666666,0.5807936803101993,0.0877742946708464,0.3660130718954248,0.1415929203539823,0.6159436260161483,0.082785186011818,0.082785186011818,0.08687534658369712,0.20442571127502634,0.6339869281045751,56,582,2265,97,0.048061433468667265,108640,36.21333333333333,0.053809711327896484,0.21266666666666667,IsolationForest
0.7836666666666666,0.5736929826373823,0.08666666666666667,0.33986928104575165,0.13811420982735725,0.6159436260161483,0.082785186011818,0.082785186011818,0.08106144347653774,0.192483315770987,0.6601307189542484,52,548,2299,101,0.048061433468667265,111960,37.32,0.054593384602061576,0.2,IsolationForest
0.789,0.5765029580500974,0.08904109589041095,0.33986928104575165,0.14111261872455902,0.6159436260161483,0.082785186011818,0.082785186011818,0.08501445674319558,0.18686336494555672,0.6601307189542484,52,532,2315,101,0.048061433468667265,111640,37.21333333333333,0.055,0.19466666666666665,IsolationForest
0.7953333333333333,0.5767474534597822,0.0905861456483126,0.3333333333333333,0.1424581005586592,0.6159436260161483,0.082785186011818,0.082785186011818,0.08648712424960633,0.17983842641376888,0.6666666666666666,51,512,2335,102,0.048061433468667265,112240,37.413333333333334,0.05586178543275803,0.18766666666666668,IsolationForest
0.8066666666666666,0.576533950425973,0.09333333333333334,0.3202614379084967,0.14454277286135694,0.6159436260161483,0.082785186011818,0.082785186011818,0.08862501507047131,0.16719353705655077,0.6797385620915033,49,476,2371,104,0.048061433468667265,113520,37.84,0.05664730267340599,0.175,IsolationForest
0.817,0.5727012266093652,0.0942622950819672,0.3006535947712418,0.1435257410296412,0.6159436260161483,0.082785186011818,0.082785186011818,0.08667452183323933,0.1552511415525114,0.6993464052287581,46,442,2405,107,0.048061433468667265,115840,38.61333333333334,0.05764764892716867,0.16266666666666665,IsolationForest
0.829,0.5759313208950598,0.1,0.29411764705882354,0.14925373134328357,0.6159436260161483,0.082785186011818,0.082785186011818,0.09356513583793699,0.1422550052687039,0.7058823529411765,45,405,2442,108,0.048061433468667265,116100,38.7,0.058741687502651956,0.15,IsolationForest
0.838,0.5652114024394443,0.09685230024213075,0.26143790849673204,0.1413427561837456,0.6159436260161483,0.082785186011818,0.082785186011818,0.08327597856399899,0.13101510361784335,0.738562091503268,40,373,2474,113,0.048061433468667265,120460,40.153333333333336,0.06014595663550339,0.13766666666666666,IsolationForest
0.8493333333333334,0.564997899405635,0.10133333333333333,0.24836601307189543,0.14393939393939395,0.6159436260161483,0.082785186011818,0.082785186011818,0.0864745833740468,0.11837021426062522,0.7516339869281046,38,337,2510,115,0.048061433468667265,121740,40.58,0.061541274580428844,0.125,IsolationForest
0.8596666666666667,0.5611651755890273,0.10355029585798817,0.22875816993464052,0.14256619144602853,0.6159436260161483,0.082785186011818,0.082785186011818,0.08511601761105307,0.10642781875658588,0.7712418300653595,35,303,2544,118,0.048061433468667265,124060,41.35333333333333,0.06329251753391862,0.11266666666666666,IsolationForest
0.8683333333333333,0.5533619840630316,0.10197368421052631,0.20261437908496732,0.13566739606126915,0.6159436260161483,0.082785186011818,0.082785186011818,0.07780449311850535,0.0958904109589041,0.7973856209150327,31,273,2574,122,0.048061433468667265,127460,42.486666666666665,0.065,0.10133333333333333,IsolationForest
0.8696666666666667,0.5540644779162104,0.10333333333333333,0.20261437908496732,0.1368653421633554,0.6159436260161483,0.082785186011818,0.082785186011818,0.07929374844745436,0.09448542325254654,0.7973856209150327,31,269,2578,122,0.048061433468667265,127380,42.46,0.06507178041688656,0.1,IsolationForest
0.8793333333333333,0.5467881567800987,0.10266159695817491,0.17647058823529413,0.1298076923076923,0.6159436260161483,0.082785186011818,0.082785186011818,0.07279308212486893,0.0828942746750966,0.8235294117647058,27,236,2611,126,0.048061433468667265,130720,43.57333333333333,0.06650196254615297,0.08766666666666667,IsolationForest
0.8893333333333333,0.5396874591072818,0.10222222222222223,0.1503267973856209,0.12169312169312169,0.6159436260161483,0.082785186011818,0.082785186011818,0.06629793278467423,0.07095187917105725,0.8496732026143791,23,202,2645,130,0.048061433468667265,134040,44.68,0.07061115710537928,0.075,IsolationForest
0.901,0.5427419299296817,0.11702127659574468,0.1437908496732026,0.12903225806451613,0.6159436260161483,0.082785186011818,0.082785186011818,0.0775955811017761,0.05830698981383913,0.8562091503267973,22,166,2681,131,0.048061433468667265,134320,44.77333333333333,0.07486633987795394,0.06266666666666666,IsolationForest
0.9023333333333333,0.5434444237828605,0.11956521739130435,0.1437908496732026,0.13056379821958455,0.6159436260161483,0.082785186011818,0.082785186011818,0.07966696073687435,0.05690200210748156,0.8562091503267973,22,162,2685,131,0.048061433468667265,134240,44.74666666666667,0.07500000000000001,0.06133333333333333,IsolationForest
0.9116666666666666,0.5390848295763686,0.12666666666666668,0.12418300653594772,0.1254125412541254,0.6159436260161483,0.082785186011818,0.082785186011818,0.07890592361565181,0.0460133473832104,0.8758169934640523,19,131,2716,134,0.048061433468667265,136620,45.54,0.07860747994743628,0.05,IsolationForest
0.9213333333333333,0.5318085084402571,0.13274336283185842,0.09803921568627451,0.11278195488721805,0.6159436260161483,0.082785186011818,0.082785186011818,0.07351062846422779,0.03442219880576045,0.9019607843137255,15,98,2749,138,0.048061433468667265,139960,46.653333333333336,0.08215248199089187,0.03766666666666667,IsolationForest
0.9243333333333333,0.5272044188240804,0.13,0.08496732026143791,0.10276679841897234,0.6159436260161483,0.082785186011818,0.082785186011818,0.06668219666916765,0.030558482613277135,0.9150326797385621,13,87,2760,140,0.048061433468667265,141740,47.24666666666667,0.085,0.03333333333333333,IsolationForest
0.9313333333333333,0.5247078107674401,0.14666666666666667,0.0718954248366013,0.09649122807017543,0.6159436260161483,0.082785186011818,0.082785186011818,0.06963220440839755,0.02247980330172111,0.9281045751633987,11,64,2783,142,0.048061433468667265,143280,47.76,0.08974517678978167,0.025,IsolationForest
0.9336666666666666,0.5135677734388452,0.11666666666666667,0.0457516339869281,0.06572769953051642,0.6159436260161483,0.082785186011818,0.082785186011818,0.04264113315054188,0.018616087109237796,0.954248366013072,7,53,2794,146,0.048061433468667265,147060,49.02,0.095,0.02,IsolationForest
0.937,0.4967699057143054,0.02631578947368421,0.006535947712418301,0.010471204188481676,0.6159436260161483,0.082785186011818,0.082785186011818,-0.012708676320433994,0.012996136283807516,0.9934640522875817,1,37,2810,152,0.048061433468667265,152740,50.913333333333334,0.09941775165597783,0.012666666666666666,IsolationForest
0.9396666666666667,0.49817489342066296,0.03333333333333333,0.006535947712418301,0.01092896174863388,0.6159436260161483,0.082785186011818,0.082785186011818,-0.008070841590338567,0.010186160871092378,0.9934640522875817,1,29,2818,152,0.048061433468667265,152580,50.86,0.10500000000000001,0.01,IsolationForest
0.9433333333333334,0.5001067515169046,0.05263157894736842,0.006535947712418301,0.011627906976744188,0.6159436260161483,0.082785186011818,0.082785186011818,0.0005920872527111079,0.006322444678609062,0.9934640522875817,1,18,2829,152,0.048061433468667265,152360,50.78666666666667,0.115,0.006333333333333333,IsolationForest
0.946,0.5015117392232622,0.09090909090909091,0.006535947712418301,0.012195121951219513,0.6159436260161483,0.082785186011818,0.082785186011818,0.011004923448062233,0.0035124692658939235,0.9934640522875817,1,10,2837,152,0.048061433468667265,152200,50.733333333333334,0.125,0.0036666666666666666,IsolationForest
0.9473333333333334,0.502214233076441,0.14285714285714285,0.006535947712418301,0.012499999999999999,0.6159436260161483,0.082785186011818,0.082785186011818,0.020192514352113413,0.002107481559536354,0.9934640522875817,1,6,2841,152,0.048061433468667265,152120,50.70666666666666,0.135,0.0023333333333333335,IsolationForest
0.948,0.4994731296101159,0.0,0.0,0.0,0.6159436260161483,0.082785186011818,0.082785186011818,-0.007334478464248126,0.001053740779768177,1.0,0,3,2844,153,0.048061433468667265,153060,51.02,0.14500000000000002,0.001,IsolationForest
0.948,0.4994731296101159,0.0,0.0,0.0,0.6159436260161483,0.082785186011818,0.082785186011818,-0.007334478464248126,0.001053740779768177,1.0,0,3,2844,153,0.048061433468667265,153060,51.02,0.155,0.001,IsolationForest
0.948,0.4994731296101159,0.0,0.0,0.0,0.6159436260161483,0.082785186011818,0.082785186011818,-0.007334478464248126,0.001053740779768177,1.0,0,3,2844,153,0.048061433468667265,153060,51.02,0.165,0.001,IsolationForest
0.948,0.4994731296101159,0.0,0.0,0.0,0.6159436260161483,0.082785186011818,0.082785186011818,-0.007334478464248126,0.001053740779768177,1.0,0,3,2844,153,0.048061433468667265,153060,51.02,0.17500000000000002,0.001,IsolationForest
0.9483333333333334,0.4996487530734106,0.0,0.0,0.0,0.6159436260161483,0.082785186011818,0.082785186011818,-0.005987577743707604,0.0007024938531787847,1.0,0,2,2845,153,0.048061433468667265,153040,51.013333333333335,0.185,0.0006666666666666666,IsolationForest
0.9486666666666667,0.4998243765367053,0.0,0.0,0.0,0.6159436260161483,0.082785186011818,0.082785186011818,-0.0042331508885077515,0.00035124692658939234,1.0,0,1,2846,153,0.048061433468667265,153020,51.00666666666667,0.195,0.0003333333333333333,IsolationForest
0.9486666666666667,0.4998243765367053,0.0,0.0,0.0,0.6159436260161483,0.082785186011818,0.082785186011818,-0.0042331508885077515,0.00035124692658939234,1.0,0,1,2846,153,0.048061433468667265,153020,51.00666666666667,0.20500000000000002,0.0003333333333333333,IsolationForest
0.9486666666666667,0.4998243765367053,0.0,0.0,0.0,0.6159436260161483,0.082785186011818,0.082785186011818,-0.0042331508885077515,0.00035124692658939234,1.0,0,1,2846,153,0.048061433468667265,153020,51.00666666666667,0.215,0.0003333333333333333,IsolationForest
0.9486666666666667,0.4998243765367053,0.0,0.0,0.0,0.6159436260161483,0.082785186011818,0.082785186011818,-0.0042331508885077515,0.00035124692658939234,1.0,0,1,2846,153,0.048061433468667265,153020,51.00666666666667,0.225,0.0003333333333333333,IsolationForest
0.9486666666666667,0.4998243765367053,0.0,0.0,0.0,0.6159436260161483,0.082785186011818,0.082785186011818,-0.0042331508885077515,0.00035124692658939234,1.0,0,1,2846,153,0.048061433468667265,153020,51.00666666666667,0.22777377243738586,0.0003333333333333333,IsolationForest
0.949,0.5,0.0,0.0,0.0,0.6159436260161483,0.082785186011818,0.082785186011818,0.0,0.0,1.0,0,0,2847,153,0.048061433468667265,153000,51.0,0.23500000000000001,0.0,IsolationForest
0.949,0.5,0.0,0.0,0.0,0.6159436260161483,0.082785186011818,0.082785186011818,0.0,0.0,1.0,0,0,2847,153,0.048061433468667265,153000,51.0,0.245,0.0,IsolationForest
0.949,0.5,0.0,0.0,0.0,0.6159436260161483,0.082785186011818,0.082785186011818,0.0,0.0,1.0,0,0,2847,153,0.048061433468667265,153000,51.0,0.255,0.0,IsolationForest
0.949,0.5,0.0,0.0,0.0,0.6159436260161483,0.082785186011818,0.082785186011818,0.0,0.0,1.0,0,0,2847,153,0.048061433468667265,153000,51.0,0.265,0.0,IsolationForest
0.949,0.5,0.0,0.0,0.0,0.6159436260161483,0.082785186011818,0.082785186011818,0.0,0.0,1.0,0,0,2847,153,0.048061433468667265,153000,51.0,0.275,0.0,IsolationForest
0.949,0.5,0.0,0.0,0.0,0.6159436260161483,0.082785186011818,0.082785186011818,0.0,0.0,1.0,0,0,2847,153,0.048061433468667265,153000,51.0,0.28500000000000003,0.0,IsolationForest
0.949,0.5,0.0,0.0,0.0,0.6159436260161483,0.082785186011818,0.082785186011818,0.0,0.0,1.0,0,0,2847,153,0.048061433468667265,153000,51.0,0.295,0.0,IsolationForest
0.949,0.5,0.0,0.0,0.0,0.6159436260161483,0.082785186011818,0.082785186011818,0.0,0.0,1.0,0,0,2847,153,0.048061433468667265,153000,51.0,0.305,0.0,IsolationForest
0.949,0.5,0.0,0.0,0.0,0.6159436260161483,0.082785186011818,0.082785186011818,0.0,0.0,1.0,0,0,2847,153,0.048061433468667265,153000,51.0,0.315,0.0,IsolationForest
0.949,0.5,0.0,0.0,0.0,0.6159436260161483,0.082785186011818,0.082785186011818,0.0,0.0,1.0,0,0,2847,153,0.048061433468667265,153000,51.0,0.325,0.0,IsolationForest
0.949,0.5,0.0,0.0,0.0,0.6159436260161483,0.082785186011818,0.082785186011818,0.0,0.0,1.0,0,0,2847,153,0.048061433468667265,153000,51.0,0.335,0.0,IsolationForest
0.949,0.5,0.0,0.0,0.0,0.6159436260161483,0.082785186011818,0.082785186011818,0.0,0.0,1.0,0,0,2847,153,0.048061433468667265,153000,51.0,0.34500000000000003,0.0,IsolationForest
0.949,0.5,0.0,0.0,0.0,0.6159436260161483,0.082785186011818,0.082785186011818,0.0,0.0,1.0,0,0,2847,153,0.048061433468667265,153000,51.0,0.35500000000000004,0.0,IsolationForest
0.949,0.5,0.0,0.0,0.0,0.6159436260161483,0.082785186011818,0.082785186011818,0.0,0.0,1.0,0,0,2847,153,0.048061433468667265,153000,51.0,0.365,0.0,IsolationForest
0.949,0.5,0.0,0.0,0.0,0.6159436260161483,0.082785186011818,0.082785186011818,0.0,0.0,1.0,0,0,2847,153,0.048061433468667265,153000,51.0,0.375,0.0,IsolationForest
0.949,0.5,0.0,0.0,0.0,0.6159436260161483,0.082785186011818,0.082785186011818,0.0,0.0,1.0,0,0,2847,153,0.048061433468667265,153000,51.0,0.385,0.0,IsolationForest
0.949,0.5,0.0,0.0,0.0,0.6159436260161483,0.082785186011818,0.082785186011818,0.0,0.0,1.0,0,0,2847,153,0.048061433468667265,153000,51.0,0.395,0.0,IsolationForest
0.949,0.5,0.0,0.0,0.0,0.6159436260161483,0.082785186011818,0.082785186011818,0.0,0.0,1.0,0,0,2847,153,0.048061433468667265,153000,51.0,0.405,0.0,IsolationForest
0.949,0.5,0.0,0.0,0.0,0.6159436260161483,0.082785186011818,0.082785186011818,0.0,0.0,1.0,0,0,2847,153,0.048061433468667265,153000,51.0,0.41500000000000004,0.0,IsolationForest
0.949,0.5,0.0,0.0,0.0,0.6159436260161483,0.082785186011818,0.082785186011818,0.0,0.0,1.0,0,0,2847,153,0.048061433468667265,153000,51.0,0.425,0.0,IsolationForest
0.949,0.5,0.0,0.0,0.0,0.6159436260161483,0.082785186011818,0.082785186011818,0.0,0.0,1.0,0,0,2847,153,0.048061433468667265,153000,51.0,0.435,0.0,IsolationForest
0.949,0.5,0.0,0.0,0.0,0.6159436260161483,0.082785186011818,0.082785186011818,0.0,0.0,1.0,0,0,2847,153,0.048061433468667265,153000,51.0,0.445,0.0,IsolationForest
0.949,0.5,0.0,0.0,0.0,0.6159436260161483,0.082785186011818,0.082785186011818,0.0,0.0,1.0,0,0,2847,153,0.048061433468667265,153000,51.0,0.455,0.0,IsolationForest
0.949,0.5,0.0,0.0,0.0,0.6159436260161483,0.082785186011818,0.082785186011818,0.0,0.0,1.0,0,0,2847,153,0.048061433468667265,153000,51.0,0.465,0.0,IsolationForest
0.949,0.5,0.0,0.0,0.0,0.6159436260161483,0.082785186011818,0.082785186011818,0.0,0.0,1.0,0,0,2847,153,0.048061433468667265,153000,51.0,0.47500000000000003,0.0,IsolationForest
0.949,0.5,0.0,0.0,0.0,0.6159436260161483,0.082785186011818,0.082785186011818,0.0,0.0,1.0,0,0,2847,153,0.048061433468667265,153000,51.0,0.485,0.0,IsolationForest
0.949,0.5,0.0,0.0,0.0,0.6159436260161483,0.082785186011818,0.082785186011818,0.0,0.0,1.0,0,0,2847,153,0.048061433468667265,153000,51.0,0.495,0.0,IsolationForest
0.949,0.5,0.0,0.0,0.0,0.6159436260161483,0.082785186011818,0.082785186011818,0.0,0.0,1.0,0,0,2847,153,0.048061433468667265,153000,51.0,0.505,0.0,IsolationForest
0.949,0.5,0.0,0.0,0.0,0.6159436260161483,0.082785186011818,0.082785186011818,0.0,0.0,1.0,0,0,2847,153,0.048061433468667265,153000,51.0,0.515,0.0,IsolationForest
0.949,0.5,0.0,0.0,0.0,0.6159436260161483,0.082785186011818,0.082785186011818,0.0,0.0,1.0,0,0,2847,153,0.048061433468667265,153000,51.0,0.525,0.0,IsolationForest
0.949,0.5,0.0,0.0,0.0,0.6159436260161483,0.082785186011818,0.082785186011818,0.0,0.0,1.0,0,0,2847,153,0.048061433468667265,153000,51.0,0.535,0.0,IsolationForest
0.949,0.5,0.0,0.0,0.0,0.6159436260161483,0.082785186011818,0.082785186011818,0.0,0.0,1.0,0,0,2847,153,0.048061433468667265,153000,51.0,0.545,0.0,IsolationForest
0.949,0.5,0.0,0.0,0.0,0.6159436260161483,0.082785186011818,0.082785186011818,0.0,0.0,1.0,0,0,2847,153,0.048061433468667265,153000,51.0,0.555,0.0,IsolationForest
0.949,0.5,0.0,0.0,0.0,0.6159436260161483,0.082785186011818,0.082785186011818,0.0,0.0,1.0,0,0,2847,153,0.048061433468667265,153000,51.0,0.5650000000000001,0.0,IsolationForest
0.949,0.5,0.0,0.0,0.0,0.6159436260161483,0.082785186011818,0.082785186011818,0.0,0.0,1.0,0,0,2847,153,0.048061433468667265,153000,51.0,0.5750000000000001,0.0,IsolationForest
0.949,0.5,0.0,0.0,0.0,0.6159436260161483,0.082785186011818,0.082785186011818,0.0,0.0,1.0,0,0,2847,153,0.048061433468667265,153000,51.0,0.585,0.0,IsolationForest
0.949,0.5,0.0,0.0,0.0,0.6159436260161483,0.082785186011818,0.082785186011818,0.0,0.0,1.0,0,0,2847,153,0.048061433468667265,153000,51.0,0.595,0.0,IsolationForest
0.949,0.5,0.0,0.0,0.0,0.6159436260161483,0.082785186011818,0.082785186011818,0.0,0.0,1.0,0,0,2847,153,0.048061433468667265,153000,51.0,0.605,0.0,IsolationForest
0.949,0.5,0.0,0.0,0.0,0.6159436260161483,0.082785186011818,0.082785186011818,0.0,0.0,1.0,0,0,2847,153,0.048061433468667265,153000,51.0,0.615,0.0,IsolationForest
0.949,0.5,0.0,0.0,0.0,0.6159436260161483,0.082785186011818,0.082785186011818,0.0,0.0,1.0,0,0,2847,153,0.048061433468667265,153000,51.0,0.625,0.0,IsolationForest
0.949,0.5,0.0,0.0,0.0,0.6159436260161483,0.082785186011818,0.082785186011818,0.0,0.0,1.0,0,0,2847,153,0.048061433468667265,153000,51.0,0.635,0.0,IsolationForest
0.949,0.5,0.0,0.0,0.0,0.6159436260161483,0.082785186011818,0.082785186011818,0.0,0.0,1.0,0,0,2847,153,0.048061433468667265,153000,51.0,0.645,0.0,IsolationForest
0.949,0.5,0.0,0.0,0.0,0.6159436260161483,0.082785186011818,0.082785186011818,0.0,0.0,1.0,0,0,2847,153,0.048061433468667265,153000,51.0,0.655,0.0,IsolationForest
0.949,0.5,0.0,0.0,0.0,0.6159436260161483,0.082785186011818,0.082785186011818,0.0,0.0,1.0,0,0,2847,153,0.048061433468667265,153000,51.0,0.665,0.0,IsolationForest
0.949,0.5,0.0,0.0,0.0,0.6159436260161483,0.082785186011818,0.082785186011818,0.0,0.0,1.0,0,0,2847,153,0.048061433468667265,153000,51.0,0.675,0.0,IsolationForest
0.949,0.5,0.0,0.0,0.0,0.6159436260161483,0.082785186011818,0.082785186011818,0.0,0.0,1.0,0,0,2847,153,0.048061433468667265,153000,51.0,0.685,0.0,IsolationForest
0.949,0.5,0.0,0.0,0.0,0.6159436260161483,0.082785186011818,0.082785186011818,0.0,0.0,1.0,0,0,2847,153,0.048061433468667265,153000,51.0,0.6950000000000001,0.0,IsolationForest
0.949,0.5,0.0,0.0,0.0,0.6159436260161483,0.082785186011818,0.082785186011818,0.0,0.0,1.0,0,0,2847,153,0.048061433468667265,153000,51.0,0.7050000000000001,0.0,IsolationForest
0.949,0.5,0.0,0.0,0.0,0.6159436260161483,0.082785186011818,0.082785186011818,0.0,0.0,1.0,0,0,2847,153,0.048061433468667265,153000,51.0,0.715,0.0,IsolationForest
0.949,0.5,0.0,0.0,0.0,0.6159436260161483,0.082785186011818,0.082785186011818,0.0,0.0,1.0,0,0,2847,153,0.048061433468667265,153000,51.0,0.725,0.0,IsolationForest
0.949,0.5,0.0,0.0,0.0,0.6159436260161483,0.082785186011818,0.082785186011818,0.0,0.0,1.0,0,0,2847,153,0.048061433468667265,153000,51.0,0.735,0.0,IsolationForest
0.949,0.5,0.0,0.0,0.0,0.6159436260161483,0.082785186011818,0.082785186011818,0.0,0.0,1.0,0,0,2847,153,0.048061433468667265,153000,51.0,0.745,0.0,IsolationForest
0.949,0.5,0.0,0.0,0.0,0.6159436260161483,0.082785186011818,0.082785186011818,0.0,0.0,1.0,0,0,2847,153,0.048061433468667265,153000,51.0,0.755,0.0,IsolationForest
0.949,0.5,0.0,0.0,0.0,0.6159436260161483,0.082785186011818,0.082785186011818,0.0,0.0,1.0,0,0,2847,153,0.048061433468667265,153000,51.0,0.765,0.0,IsolationForest
0.949,0.5,0.0,0.0,0.0,0.6159436260161483,0.082785186011818,0.082785186011818,0.0,0.0,1.0,0,0,2847,153,0.048061433468667265,153000,51.0,0.775,0.0,IsolationForest
0.949,0.5,0.0,0.0,0.0,0.6159436260161483,0.082785186011818,0.082785186011818,0.0,0.0,1.0,0,0,2847,153,0.048061433468667265,153000,51.0,0.785,0.0,IsolationForest
0.949,0.5,0.0,0.0,0.0,0.6159436260161483,0.082785186011818,0.082785186011818,0.0,0.0,1.0,0,0,2847,153,0.048061433468667265,153000,51.0,0.795,0.0,IsolationForest
0.949,0.5,0.0,0.0,0.0,0.6159436260161483,0.082785186011818,0.082785186011818,0.0,0.0,1.0,0,0,2847,153,0.048061433468667265,153000,51.0,0.805,0.0,IsolationForest
0.949,0.5,0.0,0.0,0.0,0.6159436260161483,0.082785186011818,0.082785186011818,0.0,0.0,1.0,0,0,2847,153,0.048061433468667265,153000,51.0,0.8150000000000001,0.0,IsolationForest
0.949,0.5,0.0,0.0,0.0,0.6159436260161483,0.082785186011818,0.082785186011818,0.0,0.0,1.0,0,0,2847,153,0.048061433468667265,153000,51.0,0.8250000000000001,0.0,IsolationForest
0.949,0.5,0.0,0.0,0.0,0.6159436260161483,0.082785186011818,0.082785186011818,0.0,0.0,1.0,0,0,2847,153,0.048061433468667265,153000,51.0,0.8350000000000001,0.0,IsolationForest
0.949,0.5,0.0,0.0,0.0,0.6159436260161483,0.082785186011818,0.082785186011818,0.0,0.0,1.0,0,0,2847,153,0.048061433468667265,153000,51.0,0.845,0.0,IsolationForest
0.949,0.5,0.0,0.0,0.0,0.6159436260161483,0.082785186011818,0.082785186011818,0.0,0.0,1.0,0,0,2847,153,0.048061433468667265,153000,51.0,0.855,0.0,IsolationForest
0.949,0.5,0.0,0.0,0.0,0.6159436260161483,0.082785186011818,0.082785186011818,0.0,0.0,1.0,0,0,2847,153,0.048061433468667265,153000,51.0,0.865,0.0,IsolationForest
0.949,0.5,0.0,0.0,0.0,0.6159436260161483,0.082785186011818,0.082785186011818,0.0,0.0,1.0,0,0,2847,153,0.048061433468667265,153000,51.0,0.875,0.0,IsolationForest
0.949,0.5,0.0,0.0,0.0,0.6159436260161483,0.082785186011818,0.082785186011818,0.0,0.0,1.0,0,0,2847,153,0.048061433468667265,153000,51.0,0.885,0.0,IsolationForest
0.949,0.5,0.0,0.0,0.0,0.6159436260161483,0.082785186011818,0.082785186011818,0.0,0.0,1.0,0,0,2847,153,0.048061433468667265,153000,51.0,0.895,0.0,IsolationForest
0.949,0.5,0.0,0.0,0.0,0.6159436260161483,0.082785186011818,0.082785186011818,0.0,0.0,1.0,0,0,2847,153,0.048061433468667265,153000,51.0,0.905,0.0,IsolationForest
0.949,0.5,0.0,0.0,0.0,0.6159436260161483,0.082785186011818,0.082785186011818,0.0,0.0,1.0,0,0,2847,153,0.048061433468667265,153000,51.0,0.915,0.0,IsolationForest
0.949,0.5,0.0,0.0,0.0,0.6159436260161483,0.082785186011818,0.082785186011818,0.0,0.0,1.0,0,0,2847,153,0.048061433468667265,153000,51.0,0.925,0.0,IsolationForest
0.949,0.5,0.0,0.0,0.0,0.6159436260161483,0.082785186011818,0.082785186011818,0.0,0.0,1.0,0,0,2847,153,0.048061433468667265,153000,51.0,0.935,0.0,IsolationForest
0.949,0.5,0.0,0.0,0.0,0.6159436260161483,0.082785186011818,0.082785186011818,0.0,0.0,1.0,0,0,2847,153,0.048061433468667265,153000,51.0,0.9450000000000001,0.0,IsolationForest
0.949,0.5,0.0,0.0,0.0,0.6159436260161483,0.082785186011818,0.082785186011818,0.0,0.0,1.0,0,0,2847,153,0.048061433468667265,153000,51.0,0.9550000000000001,0.0,IsolationForest
0.949,0.5,0.0,0.0,0.0,0.6159436260161483,0.082785186011818,0.082785186011818,0.0,0.0,1.0,0,0,2847,153,0.048061433468667265,153000,51.0,0.965,0.0,IsolationForest
0.949,0.5,0.0,0.0,0.0,0.6159436260161483,0.082785186011818,0.082785186011818,0.0,0.0,1.0,0,0,2847,153,0.048061433468667265,153000,51.0,0.975,0.0,IsolationForest
0.949,0.5,0.0,0.0,0.0,0.6159436260161483,0.082785186011818,0.082785186011818,0.0,0.0,1.0,0,0,2847,153,0.048061433468667265,153000,51.0,0.985,0.0,IsolationForest
0.949,0.5,0.0,0.0,0.0,0.6159436260161483,0.082785186011818,0.082785186011818,0.0,0.0,1.0,0,0,2847,153,0.048061433468667265,153000,51.0,0.995,0.0,IsolationForest
0.949,0.5,0.0,0.0,0.0,0.6159436260161483,0.082785186011818,0.082785186011818,0.0,0.0,1.0,0,0,2847,153,0.048061433468667265,153000,51.0,1.000001,0.0,IsolationForest
0.051,0.5,0.051,1.0,0.09705042816365367,0.7506835540679215,0.2701965710488319,0.2701965710488319,0.0,1.0,0.0,153,2847,0,0,0.043834825382386915,56940,18.98,0.005,1.0,Hybrid_RulesSupervised
0.051,0.5,0.051,1.0,0.09705042816365367,0.7506835540679215,0.2701965710488319,0.2701965710488319,0.0,1.0,0.0,153,2847,0,0,0.043834825382386915,56940,18.98,0.006489784738713446,1.0,Hybrid_RulesSupervised
0.06366666666666666,0.5066736916051985,0.051654287643484134,1.0,0.09823434991974317,0.7506835540679215,0.2701965710488319,0.2701965710488319,0.02625737175799689,0.9866526167896031,0.0,153,2809,38,0,0.043834825382386915,56180,18.726666666666667,0.008894759959742878,0.9873333333333333,Hybrid_RulesSupervised
0.07533333333333334,0.5097281624275983,0.051965811965811966,0.9934640522875817,0.09876543209876543,0.7506835540679215,0.2701965710488319,0.2701965710488319,0.027416164105048515,0.974007727432385,0.006535947712418301,152,2773,74,1,0.043834825382386915,56460,18.82,0.00948033623618096,0.975,Hybrid_RulesSupervised
0.08733333333333333,0.512958256713293,0.05230342916522342,0.9869281045751634,0.0993421052631579,0.7506835540679215,0.2701965710488319,0.2701965710488319,0.02994700605292727,0.9610115911485775,0.013071895424836602,151,2736,111,2,0.043834825382386915,56720,18.906666666666666,0.010005039187338796,0.9623333333333334,Hybrid_RulesSupervised
0.099,0.5160127275356928,0.05263157894736842,0.9803921568627451,0.09990009990009989,0.7506835540679215,0.2701965710488319,0.2701965710488319,0.032327096459275846,0.9483667017913593,0.0196078431372549,150,2700,147,3,0.043834825382386915,57000,19.0,0.010461328387113979,0.95,Hybrid_RulesSupervised
0.11166666666666666,0.5226864191408913,0.05334281650071124,0.9803921568627451,0.10118043844856661,0.7506835540679215,0.2701965710488319,0.2701965710488319,0.04118592396861915,0.9350193185809624,0.0196078431372549,150,2662,185,3,0.043834825382386915,56240,18.746666666666666,0.01092981894621178,0.9373333333333334,Hybrid_RulesSupervised
0.124,0.5291844872827951,0.05405405405405406,0.9803921568627451,0.10245901639344263,0.7506835540679215,0.2701965710488319,0.2701965710488319,0.048752709791766956,0.9220231822971549,0.0196078431372549,150,2625,222,3,0.043834825382386915,55500,18.5,0.011296169202990028,0.925,Hybrid_RulesSupervised
0.136,0.5324145815684898,0.05443916697113628,0.9738562091503268,0.10311418685121108,0.7506835540679215,0.2701965710488319,0.2701965710488319,0.05043065298015686,0.9090270460133474,0.026143790849673203,149,2588,259,4,0.043834825382386915,55760,18.586666666666666,0.011625637633819668,0.9123333333333333,Hybrid_RulesSupervised
0.14833333333333334,0.5389126497103934,0.055185185185185184,0.9738562091503268,0.10445145460918333,0.7506835540679215,0.2701965710488319,0.2701965710488319,0.057071296653263326,0.8960309097295399,0.026143790849673203,149,2551,296,4,0.043834825382386915,55020,18.34,0.011923310941774623,0.9,Hybrid_RulesSupervised
0.161,0.5455863413155919,0.05597295266716754,0.9738562091503268,0.1058614564831261,0.7506835540679215,0.2701965710488319,0.2701965710488319,0.06343687879378002,0.882683526519143,0.026143790849673203,149,2513,334,4,0.043834825382386915,54260,18.086666666666666,0.012243707212535943,0.8873333333333333,Hybrid_RulesSupervised
0.17266666666666666,0.5486408121379919,0.05638095238095238,0.9673202614379085,0.10655147588192945,0.7506835540679215,0.2701965710488319,0.2701965710488319,0.06471276769051185,0.8700386371619249,0.032679738562091505,148,2477,370,5,0.043834825382386915,54540,18.18,0.012545028983937515,0.875,Hybrid_RulesSupervised
0.18466666666666667,0.5518709064236864,0.05682257441051411,0.9607843137254902,0.1072992700729927,0.7506835540679215,0.2701965710488319,0.2701965710488319,0.06623995696834328,0.8570425008781173,0.0392156862745098,147,2440,407,6,0.043834825382386915,54800,18.266666666666666,0.012894047239956385,0.8623333333333333,Hybrid_RulesSupervised
0.197,0.5583689745655902,0.05764705882352941,0.9607843137254902,0.10876803551609322,0.7506835540679215,0.2701965710488319,0.2701965710488319,0.07192422006589715,0.8440463645943098,0.0392156862745098,147,2403,444,6,0.043834825382386915,54060,18.02,0.013174484357666567,0.85,Hybrid_RulesSupervised
0.20833333333333334,0.5581554715317809,0.057722929936305734,0.9477124183006536,0.10881801125703565,0.7506835540679215,0.2701965710488319,0.2701965710488319,0.06933304872677841,0.8314014752370916,0.05228758169934641,145,2367,480,8,0.043834825382386915,55340,18.446666666666665,0.013473478588296426,0.8373333333333334,Hybrid_RulesSupervised
0.22066666666666668,0.5646535396736847,0.05858585858585859,0.9477124183006536,0.11035007610350078,0.7506835540679215,0.2701965710488319,0.2701965710488319,0.07486770114502132,0.8184053389532842,0.05228758169934641,145,2330,517,8,0.043834825382386915,54600,18.2,0.01376274721114967,0.825,Hybrid_RulesSupervised
0.23266666666666666,0.5678836339593794,0.059089043906442346,0.9411764705882353,0.11119691119691118,0.7506835540679215,0.2701965710488319,0.2701965710488319,0.07649843766915644,0.8054092026694767,0.058823529411764705,144,2293,554,9,0.043834825382386915,54860,18.286666666666665,0.014035588093041548,0.8123333333333334,Hybrid_RulesSupervised
0.245,0.574381702101283,0.06,0.9411764705882353,0.11280846063454758,0.7506835540679215,0.2701965710488319,0.2701965710488319,0.08181902706043061,0.7924130663856691,0.058823529411764705,144,2256,591,9,0.043834825382386915,54120,18.04,0.014241525798651128,0.8,Hybrid_RulesSupervised
0.257,0.5776117963869777,0.06054191363251482,0.934640522875817,0.11371769383697813,0.7506835540679215,0.2701965710488319,0.2701965710488319,0.08345394942048273,0.7794169301018616,0.06535947712418301,143,2219,628,10,0.043834825382386915,54380,18.126666666666665,0.014536838805067674,0.7873333333333333,Hybrid_RulesSupervised
0.2693333333333333,0.5841098645288815,0.061505376344086024,0.934640522875817,0.11541565778853914,0.7506835540679215,0.2701965710488319,0.2701965710488319,0.08862433982833841,0.7664207938180541,0.06535947712418301,143,2182,665,10,0.043834825382386915,53640,17.88,0.014746678363371245,0.775,Hybrid_RulesSupervised
0.2806666666666667,0.5900810622809012,0.06241815800960279,0.934640522875817,0.11702127659574468,0.7506835540679215,0.2701965710488319,0.2701965710488319,0.09329691457427336,0.7544783983140148,0.06535947712418301,143,2148,699,10,0.043834825382386915,52960,17.653333333333332,0.015,0.7636666666666667,Hybrid_RulesSupervised
0.2813333333333333,0.587339958814576,0.062090074333187584,0.9281045751633987,0.11639344262295083,0.7506835540679215,0.2701965710488319,0.2701965710488319,0.09028270864211797,0.7534246575342466,0.0718954248366013,142,2145,702,11,0.043834825382386915,53900,17.966666666666665,0.015007794207953541,0.7623333333333333,Hybrid_RulesSupervised
0.2936666666666667,0.5938380269564798,0.06311111111111112,0.9281045751633987,0.11818560133166876,0.7506835540679215,0.2701965710488319,0.2701965710488319,0.09535125676853416,0.740428521250439,0.0718954248366013,142,2108,739,11,0.043834825382386915,53160,17.72,0.015267986513486109,0.75,Hybrid_RulesSupervised
0.30566666666666664,0.5970681212421745,0.06374321880650995,0.9215686274509803,0.11923890063424948,0.7506835540679215,0.2701965710488319,0.2701965710488319,0.09704885111888976,0.7274323849666315,0.0784313725490196,141,2071,776,12,0.043834825382386915,53420,17.80666666666667,0.015591835899811697,0.7373333333333333,Hybrid_RulesSupervised
0.31733333333333336,0.6001225920645743,0.06436781609195402,0.9150326797385621,0.1202749140893471,0.7506835540679215,0.2701965710488319,0.2701965710488319,0.09866086623540128,0.7147874956094135,0.08496732026143791,140,2035,812,13,0.043834825382386915,53700,17.9,0.015932676259289697,0.725,Hybrid_RulesSupervised
0.33,0.6067962836697728,0.06551240056153486,0.9150326797385621,0.1222707423580786,0.7506835540679215,0.2701965710488319,0.2701965710488319,0.1038049170999626,0.7014401123990165,0.08496732026143791,140,1997,850,13,0.043834825382386915,52940,17.64666666666667,0.016213065529653715,0.7123333333333334,Hybrid_RulesSupervised
0.341,0.6064071571726688,0.06571428571428571,0.9019607843137255,0.12250332889480692,0.7506835540679215,0.2701965710488319,0.2701965710488319,0.10216670405709667,0.6891464699683878,0.09803921568627451,138,1962,885,15,0.043834825382386915,54240,18.08,0.016476483592312643,0.7,Hybrid_RulesSupervised
0.35233333333333333,0.6061936541388596,0.06595538312318137,0.8888888888888888,0.12279909706546274,0.7506835540679215,0.2701965710488319,0.2701965710488319,0.10079111745363169,0.6765015806111696,0.1111111111111111,136,1926,921,17,0.043834825382386915,55520,18.506666666666668,0.016818529911384446,0.6873333333333334,Hybrid_RulesSupervised
0.36466666666666664,0.6126917222807633,0.0671604938271605,0.8888888888888888,0.12488521579430671,0.7506835540679215,0.2701965710488319,0.2701965710488319,0.10586359532008409,0.6635054443273621,0.1111111111111111,136,1889,958,17,0.043834825382386915,54780,18.26,0.017028103627319473,0.675,Hybrid_RulesSupervised
0.37733333333333335,0.6193654138859618,0.06844489179667841,0.8888888888888888,0.12710280373831775,0.7506835540679215,0.2701965710488319,0.2701965710488319,0.11105658037442018,0.6501580611169653,0.1111111111111111,136,1851,996,17,0.043834825382386915,54020,18.006666666666668,0.017295899796374265,0.6623333333333333,Hybrid_RulesSupervised
0.389,0.6224198847083617,0.06923076923076923,0.8823529411764706,0.1283880171184023,0.7506835540679215,0.2701965710488319,0.2701965710488319,0.11293003314000648,0.6375131717597471,0.11764705882352941,135,1815,1032,18,0.043834825382386915,54300,18.1,0.017595332790255887,0.65,Hybrid_RulesSupervised
0.399,0.6153191870355448,0.06851464435146444,0.8562091503267973,0.1268765133171913,0.7506835540679215,0.2701965710488319,0.2701965710488319,0.10553891500262584,0.6255707762557078,0.1437908496732026,131,1781,1066,22,0.043834825382386915,57620,19.206666666666667,0.017884511015143763,0.6373333333333333,Hybrid_RulesSupervised
0.4106666666666667,0.6183736578579447,0.06933333333333333,0.8496732026143791,0.1282051282051282,0.7506835540679215,0.2701965710488319,0.2701965710488319,0.10758398213849875,0.6129258868984896,0.1503267973856209,130,1745,1102,23,0.043834825382386915,57900,19.3,0.01821597522537371,0.625,Hybrid_RulesSupervised
0.4226666666666667,0.6216037521436393,0.07022318998366903,0.8431372549019608,0.12964824120603013,0.7506835540679215,0.2701965710488319,0.2701965710488319,0.10981760920925988,0.5999297506146821,0.1568627450980392,129,1708,1139,24,0.043834825382386915,58160,19.386666666666667,0.018474641215479072,0.6123333333333333,Hybrid_RulesSupervised
0.43366666666666664,0.6212146256465354,0.07055555555555555,0.8300653594771242,0.1300563236047107,0.7506835540679215,0.2701965710488319,0.2701965710488319,0.10886733545872913,0.5876361081840534,0.16993464052287582,127,1673,1174,26,0.043834825382386915,59460,19.82,0.018807389290004455,0.6,Hybrid_RulesSupervised
0.44566666666666666,0.62444471993223,0.07150964812712826,0.8235294117647058,0.13159268929503917,0.7506835540679215,0.2701965710488319,0.2701965710488319,0.11121993704471929,0.5746399719002458,0.17647058823529413,126,1636,1211,27,0.043834825382386915,59720,19.906666666666666,0.019140953994713397,0.5873333333333334,Hybrid_RulesSupervised
0.4553333333333333,0.6171683987961184,0.07072463768115941,0.7973856209150327,0.12992545260915866,0.7506835540679215,0.2701965710488319,0.2701965710488319,0.10428702956822987,0.5630488233227959,0.20261437908496732,122,1603,1244,31,0.043834825382386915,63060,21.02,0.019434081870694724,0.575,Hybrid_RulesSupervised
0.468,0.6238420904013169,0.07231772377000593,0.7973856209150327,0.13260869565217392,0.7506835540679215,0.2701965710488319,0.2701965710488319,0.1098367855317257,0.549701440112399,0.20261437908496732,122,1565,1282,31,0.043834825382386915,62300,20.766666666666666,0.019850051354318957,0.5623333333333334,Hybrid_RulesSupervised
0.4776666666666667,0.6165657692652052,0.07151515151515152,0.7712418300653595,0.13089295618413754,0.7506835540679215,0.2701965710488319,0.2701965710488319,0.1030935803143247,0.538110291534949,0.22875816993464052,118,1532,1315,35,0.043834825382386915,65640,21.88,0.02014513101037709,0.55,Hybrid_RulesSupervised
0.48966666666666664,0.6197958635508998,0.07258064516129033,0.7647058823529411,0.13257790368271954,0.7506835540679215,0.2701965710488319,0.2701965710488319,0.1057143674119138,0.5251141552511416,0.23529411764705882,117,1495,1352,36,0.043834825382386915,65900,21.966666666666665,0.02052455039832427,0.5373333333333333,Hybrid_RulesSupervised
0.502,0.6262939316928036,0.07428571428571429,0.7647058823529411,0.13541666666666666,0.7506835540679215,0.2701965710488319,0.2701965710488319,0.11127669466917785,0.512118018967334,0.23529411764705882,117,1458,1389,36,0.043834825382386915,65160,21.72,0.02087225705438532,0.525,Hybrid_RulesSupervised
0.5146666666666667,0.6329676232980019,0.07612231620039037,0.7647058823529411,0.13846153846153844,0.7506835540679215,0.2701965710488319,0.2701965710488319,0.11704591308521926,0.49877063575693714,0.23529411764705882,117,1420,1427,36,0.043834825382386915,64400,21.466666666666665,0.021409473021979864,0.5123333333333333,Hybrid_RulesSupervised
0.5263333333333333,0.636022094120402,0.07733333333333334,0.7581699346405228,0.14035087719298245,0.7506835540679215,0.2701965710488319,0.2701965710488319,0.11969820625507442,0.486125746399719,0.24183006535947713,116,1384,1463,37,0.043834825382386915,64680,21.56,0.02182632189926311,0.5,Hybrid_RulesSupervised
0.5386666666666666,0.6425201622623057,0.07928913192071087,0.7581699346405228,0.14356435643564355,0.7506835540679215,0.2701965710488319,0.2701965710488319,0.12545461903654131,0.4731296101159115,0.24183006535947713,116,1347,1500,37,0.043834825382386915,63940,21.313333333333333,0.0222302026966989,0.4876666666666667,Hybrid_RulesSupervised
0.5513333333333333,0.6491938538675042,0.08140350877192983,0.7581699346405228,0.14702154626108999,0.7506835540679215,0.2701965710488319,0.2701965710488319,0.13145365498410716,0.45978222690551457,0.24183006535947713,116,1309,1538,37,0.043834825382386915,63180,21.06,0.022737708625411298,0.475,Hybrid_RulesSupervised
0.563,0.652248324689904,0.08285302593659942,0.7516339869281046,0.14925373134328357,0.7506835540679215,0.2701965710488319,0.2701965710488319,0.13435217925766163,0.44713733754829643,0.24836601307189543,115,1273,1574,38,0.043834825382386915,63460,21.153333333333332,0.023085244422951026,0.46266666666666667,Hybrid_RulesSupervised
0.5756666666666667,0.6589220162951025,0.08518518518518518,0.7516339869281046,0.15302727877578176,0.7506835540679215,0.2701965710488319,0.2701965710488319,0.14055446769589616,0.4337899543378995,0.24836601307189543,115,1235,1612,38,0.043834825382386915,62700,20.9,0.02352730897741159,0.45,Hybrid_RulesSupervised
0.588,0.6654200844370063,0.08758568164508758,0.7516339869281046,0.15688949522510232,0.7506835540679215,0.2701965710488319,0.2701965710488319,0.14671272325966986,0.42079381805409205,0.24836601307189543,115,1198,1649,38,0.043834825382386915,61960,20.653333333333332,0.024052901361603606,0.43766666666666665,Hybrid_RulesSupervised
0.6006666666666667,0.6720937760422048,0.09019607843137255,0.7516339869281046,0.1610644257703081,0.7506835540679215,0.2701965710488319,0.2701965710488319,0.15317396921887694,0.40744643484369514,0.24836601307189543,115,1160,1687,38,0.043834825382386915,61200,20.4,0.024539832565044373,0.425,Hybrid_RulesSupervised
0.61,0.6708265322286273,0.09090909090909091,0.738562091503268,0.16189111747851004,0.7506835540679215,0.2701965710488319,0.2701965710488319,0.15258200744594191,0.39690902704601333,0.26143790849673204,113,1130,1717,40,0.043834825382386915,62600,20.866666666666667,0.025,0.41433333333333333,Hybrid_RulesSupervised
0.611,0.668261052225597,0.09046849757673667,0.7320261437908496,0.16103522645578722,0.7506835540679215,0.2701965710488319,0.2701965710488319,0.15037989274113325,0.3955040393396558,0.2679738562091503,112,1126,1721,41,0.043834825382386915,63520,21.173333333333332,0.0250849608172504,0.4126666666666667,Hybrid_RulesSupervised
0.6236666666666667,0.6749347438307953,0.09333333333333334,0.7320261437908496,0.1655580192165558,0.7506835540679215,0.2701965710488319,0.2701965710488319,0.15711535912793864,0.38215665612925886,0.2679738562091503,112,1088,1759,41,0.043834825382386915,62760,20.92,0.02558275442210254,0.4,Hybrid_RulesSupervised
0.6346666666666667,0.6745456173336914,0.09458297506448839,0.7189542483660131,0.16717325227963523,0.7506835540679215,0.2701965710488319,0.2701965710488319,0.1576282150479924,0.3698630136986301,0.28104575163398693,110,1053,1794,43,0.043834825382386915,64060,21.35333333333333,0.02622211454198232,0.38766666666666666,Hybrid_RulesSupervised
0.646,0.6743321142998823,0.096,0.7058823529411765,0.16901408450704228,0.7506835540679215,0.2701965710488319,0.2701965710488319,0.1584418646039709,0.35721812434141204,0.29411764705882354,108,1017,1830,45,0.043834825382386915,65340,21.78,0.026933827319416757,0.375,Hybrid_RulesSupervised
0.6583333333333333,0.680830182441786,0.09926470588235294,0.7058823529411765,0.17405318291700242,0.7506835540679215,0.2701965710488319,0.2701965710488319,0.16549389347282276,0.3442219880576045,0.29411764705882354,108,980,1867,45,0.043834825382386915,64600,21.533333333333335,0.027727184496078045,0.3626666666666667,Hybrid_RulesSupervised
0.6683333333333333,0.673729484768969,0.09904761904761905,0.6797385620915033,0.17290108063175394,0.7506835540679215,0.2701965710488319,0.2701965710488319,0.1602621707992497,0.33227959255356515,0.3202614379084967,104,946,1901,49,0.043834825382386915,67920,22.64,0.028218938980593973,0.35,Hybrid_RulesSupervised
0.68,0.6767839555913691,0.1016781836130306,0.673202614379085,0.17667238421955403,0.7506835540679215,0.2701965710488319,0.2701965710488319,0.16447831020631823,0.319634703196347,0.32679738562091504,103,910,1937,50,0.043834825382386915,68200,22.733333333333334,0.02908803397670865,0.33766666666666667,Hybrid_RulesSupervised
0.6913333333333334,0.6765704525575598,0.10358974358974359,0.6601307189542484,0.17907801418439714,0.7506835540679215,0.2701965710488319,0.2701965710488319,0.1658718365175649,0.30698981383912893,0.33986928104575165,101,874,1973,52,0.043834825382386915,69480,23.16,0.029859920082822608,0.325,Hybrid_RulesSupervised
0.703,0.6796249233799596,0.10660980810234541,0.6535947712418301,0.18331805682859761,0.7506835540679215,0.2701965710488319,0.2701965710488319,0.17048661614295144,0.2943449244819108,0.3464052287581699,100,838,2009,53,0.043834825382386915,69760,23.253333333333334,0.030640783609478604,0.31266666666666665,Hybrid_RulesSupervised
0.715,0.6828550176656543,0.11,0.6470588235294118,0.18803418803418803,0.7506835540679215,0.2701965710488319,0.2701965710488319,0.1755680254185059,0.2813487881981033,0.35294117647058826,99,801,2046,54,0.043834825382386915,70020,23.34,0.03160031438654407,0.3,Hybrid_RulesSupervised
0.7266666666666667,0.6859094884880541,0.11355735805330243,0.6405228758169934,0.19291338582677164,0.7506835540679215,0.2701965710488319,0.2701965710488319,0.18070215907766682,0.26870389884088514,0.35947712418300654,98,765,2082,55,0.043834825382386915,70300,23.433333333333334,0.032659373818078166,0.2876666666666667,Hybrid_RulesSupervised
0.738,0.6856959854542449,0.11636363636363636,0.6274509803921569,0.19631901840490798,0.7506835540679215,0.2701965710488319,0.2701965710488319,0.18298494279429112,0.256059009483667,0.37254901960784315,96,729,2118,57,0.043834825382386915,71580,23.86,0.0338858404739456,0.275,Hybrid_RulesSupervised
0.749,0.6914915597429698,0.12121212121212122,0.6274509803921569,0.2031746031746032,0.7506835540679215,0.2701965710488319,0.2701965710488319,0.1911423653055403,0.24446786090621708,0.37254901960784315,96,696,2151,57,0.043834825382386915,70920,23.64,0.034999999999999996,0.264,Hybrid_RulesSupervised
0.7503333333333333,0.6921940535961486,0.1218274111675127,0.6274509803921569,0.20403825717322,0.7506835540679215,0.2701965710488319,0.2701965710488319,0.19215589891611592,0.2430628731998595,0.37254901960784315,96,692,2155,57,0.043834825382386915,70840,23.613333333333333,0.035159578146446165,0.26266666666666666,Hybrid_RulesSupervised
0.761,0.6885369532428356,0.124,0.6078431372549019,0.20598006644518274,0.7506835540679215,0.2701965710488319,0.2701965710488319,0.19157729570925672,0.23076923076923078,0.39215686274509803,93,657,2190,60,0.043834825382386915,73140,24.38,0.036706241193782456,0.25,Hybrid_RulesSupervised
0.7726666666666666,0.6915914240652354,0.12903225806451613,0.6013071895424836,0.21247113163972287,0.7506835540679215,0.2701965710488319,0.2701965710488319,0.1980467239964325,0.21812434141201265,0.39869281045751637,92,621,2226,61,0.043834825382386915,73420,24.473333333333333,0.03805408855795659,0.23766666666666666,Hybrid_RulesSupervised
0.7833333333333333,0.6879343237119224,0.13185185185185186,0.5816993464052288,0.21497584541062803,0.7506835540679215,0.2701965710488319,0.2701965710488319,0.19802142665840608,0.20583069898138392,0.41830065359477125,89,586,2261,64,0.043834825382386915,75720,25.24,0.039608046384044505,0.225,Hybrid_RulesSupervised
0.795,0.6909887945343223,0.13793103448275862,0.5751633986928104,0.22250316055625788,0.7506835540679215,0.2701965710488319,0.2701965710488319,0.2053652916300831,0.1931858096241658,0.42483660130718953,88,550,2297,65,0.043834825382386915,76000,25.333333333333332,0.04137117888718671,0.21266666666666667,Hybrid_RulesSupervised
0.8076666666666666,0.6976624861395208,0.14666666666666667,0.5751633986928104,0.23373173970783528,0.7506835540679215,0.2701965710488319,0.2701965710488319,0.2174264885772554,0.17983842641376888,0.42483660130718953,88,512,2335,65,0.043834825382386915,75240,25.08,0.043210967419267214,0.2,Hybrid_RulesSupervised
0.8176666666666667,0.6998388396454471,0.15316901408450703,0.5686274509803921,0.24133148404993063,0.7506835540679215,0.2701965710488319,0.2701965710488319,0.2244364500721124,0.1689497716894977,0.43137254901960786,87,481,2366,66,0.043834825382386915,75620,25.206666666666667,0.045,0.18933333333333333,Hybrid_RulesSupervised
0.8186666666666667,0.6972733596424169,0.152753108348135,0.5620915032679739,0.24022346368715083,0.7506835540679215,0.2701965710488319,0.2701965710488319,0.2223084258485753,0.16754478398314016,0.43790849673202614,86,477,2370,67,0.043834825382386915,76540,25.513333333333332,0.04513878911051126,0.18766666666666668,Hybrid_RulesSupervised
0.83,0.6970598566086077,0.16,0.5490196078431373,0.24778761061946905,0.7506835540679215,0.2701965710488319,0.2701965710488319,0.22819196793735527,0.15489989462592202,0.45098039215686275,84,441,2406,69,0.043834825382386915,77820,25.94,0.047540784597466974,0.175,Hybrid_RulesSupervised
0.8416666666666667,0.7001143274310075,0.17008196721311475,0.5424836601307189,0.25897035881435254,0.7506835540679215,0.2701965710488319,0.2701965710488319,0.23857663001009868,0.1422550052687039,0.45751633986928103,83,405,2442,70,0.043834825382386915,78100,26.033333333333335,0.05072446141925416,0.16266666666666665,Hybrid_RulesSupervised
0.853,0.6999008243971983,0.18,0.5294117647058824,0.26865671641791045,0.7506835540679215,0.2701965710488319,0.2701965710488319,0.24632454128763004,0.12961011591148577,0.47058823529411764,81,369,2478,72,0.043834825382386915,79380,26.46,0.054898613417489,0.15,Hybrid_RulesSupervised
0.854,0.7004276947870824,0.18120805369127516,0.5294117647058824,0.26999999999999996,0.7506835540679215,0.2701965710488319,0.2701965710488319,0.24765551699419383,0.1285563751317176,0.47058823529411764,81,366,2481,72,0.043834825382386915,79320,26.44,0.055,0.149,Hybrid_RulesSupervised
0.8633333333333333,0.6960681005805904,0.18886198547215496,0.5098039215686274,0.2756183745583039,0.7506835540679215,0.2701965710488319,0.2701965710488319,0.25038202415896976,0.11766772040744644,0.49019607843137253,78,335,2512,75,0.043834825382386915,81700,27.233333333333334,0.05795338779837922,0.13766666666666666,Hybrid_RulesSupervised
0.8726666666666667,0.6855238055882698,0.19466666666666665,0.477124183006536,0.27651515151515155,0.7506835540679215,0.2701965710488319,0.2701965710488319,0.24682480420009387,0.10607657182999648,0.5228758169934641,73,302,2545,80,0.043834825382386915,86040,28.68,0.06272587140736814,0.125,Hybrid_RulesSupervised
0.8766666666666667,0.6876312871478061,0.20110192837465565,0.477124183006536,0.28294573643410853,0.7506835540679215,0.2701965710488319,0.2701965710488319,0.25314323457512966,0.10186160871092378,0.5228758169934641,73,290,2557,80,0.043834825382386915,85800,28.6,0.065,0.121,Hybrid_RulesSupervised
0.8836666666666667,0.6851346790911659,0.21005917159763313,0.46405228758169936,0.2892057026476578,0.7506835540679215,0.2701965710488319,0.2701965710488319,0.25762905859731083,0.09378292939936776,0.5359477124183006,71,267,2580,82,0.043834825382386915,87340,29.113333333333333,0.06897269808774145,0.11266666666666666,Hybrid_RulesSupervised
0.893,0.6807750848846739,0.2236842105263158,0.4444444444444444,0.2975929978118162,0.7506835540679215,0.2701965710488319,0.2701965710488319,0.26357928954240173,0.0828942746750966,0.5555555555555556,68,236,2611,85,0.043834825382386915,89720,29.906666666666666,0.07500000000000001,0.10133333333333333,Hybrid_RulesSupervised
0.8943333333333333,0.6814775787378526,0.22666666666666666,0.4444444444444444,0.30022075055187636,0.7506835540679215,0.2701965710488319,0.2701965710488319,0.2661643658076971,0.08148928696873903,0.5555555555555556,68,232,2615,85,0.043834825382386915,89640,29.88,0.07572756302847292,0.1,Hybrid_RulesSupervised
0.904,0.6742012576017411,0.24334600760456274,0.41830065359477125,0.30769230769230765,0.7506835540679215,0.2701965710488319,0.2701965710488319,0.27102256903295385,0.06989813839128908,0.5816993464052288,64,199,2648,89,0.043834825382386915,92980,30.993333333333332,0.085,0.08766666666666667,Hybrid_RulesSupervised
0.904,0.6742012576017411,0.24334600760456274,0.41830065359477125,0.30769230769230765,0.7506835540679215,0.2701965710488319,0.2701965710488319,0.27102256903295385,0.06989813839128908,0.5816993464052288,64,199,2648,89,0.043834825382386915,92980,30.993333333333332,0.0850059837877767,0.08766666666666667,Hybrid_RulesSupervised
0.914,0.6671005599289241,0.26666666666666666,0.39215686274509803,0.3174603174603175,0.7506835540679215,0.2701965710488319,0.2701965710488319,0.27914162155109046,0.05795574288724974,0.6078431372549019,60,165,2682,93,0.043834825382386915,96300,32.1,0.09491284609207816,0.075,Hybrid_RulesSupervised
0.914,0.6671005599289241,0.26666666666666666,0.39215686274509803,0.3174603174603175,0.7506835540679215,0.2701965710488319,0.2701965710488319,0.27914162155109046,0.05795574288724974,0.6078431372549019,60,165,2682,93,0.043834825382386915,96300,32.1,0.095,0.075,Hybrid_RulesSupervised
0.92,0.6671694318753142,0.28780487804878047,0.38562091503267976,0.329608938547486,0.7506835540679215,0.2701965710488319,0.2701965710488319,0.2915133676117664,0.05128205128205128,0.6143790849673203,59,146,2701,94,0.043834825382386915,96920,32.306666666666665,0.10500000000000001,0.06833333333333333,Hybrid_RulesSupervised
0.9236666666666666,0.6598242387928125,0.2978723404255319,0.3660130718954248,0.3284457478005865,0.7506835540679215,0.2701965710488319,0.2701965710488319,0.2901519585961676,0.04636459430979979,0.6339869281045751,56,132,2715,97,0.043834825382386915,99640,33.21333333333333,0.10881656986589268,0.06266666666666666,Hybrid_RulesSupervised
0.9273333333333333,0.6586637464961397,0.3142857142857143,0.35947712418300654,0.33536585365853655,0.7506835540679215,0.2701965710488319,0.2701965710488319,0.2978646048449434,0.04214963119072708,0.6405228758169934,55,120,2727,98,0.043834825382386915,100400,33.46666666666667,0.115,0.058333333333333334,Hybrid_RulesSupervised
0.93,0.644606982237925,0.3184713375796178,0.32679738562091504,0.3225806451612903,0.7506835540679215,0.2701965710488319,0.2701965710488319,0.28570671753937804,0.03758342114506498,0.673202614379085,50,107,2740,103,0.043834825382386915,105140,35.04666666666667,0.125,0.052333333333333336,Hybrid_RulesSupervised
0.931,0.6389491518419802,0.32,0.3137254901960784,0.3168316831683168,0.7506835540679215,0.2701965710488319,0.2701965710488319,0.28051577250145815,0.03582718651211802,0.6862745098039216,48,102,2745,105,0.043834825382386915,107040,35.68,0.12876230287345622,0.05,Hybrid_RulesSupervised
0.931,0.6358568014490658,0.31756756756756754,0.30718954248366015,0.3122923588039867,0.7506835540679215,0.2701965710488319,0.2701965710488319,0.27602296195334824,0.035475939585528624,0.6928104575163399,47,101,2746,106,0.043834825382386915,108020,36.00666666666667,0.135,0.04933333333333333,Hybrid_RulesSupervised
0.933,0.630725841443005,0.32608695652173914,0.29411764705882354,0.30927835051546393,0.7506835540679215,0.2701965710488319,0.2701965710488319,0.2745721805077936,0.032665964172813484,0.7058823529411765,45,93,2754,108,0.043834825382386915,109860,36.62,0.14500000000000002,0.046,Hybrid_RulesSupervised
0.935,0.6255948814369443,0.3359375,0.28104575163398693,0.30604982206405695,0.7506835540679215,0.2701965710488319,0.2701965710488319,0.2734287533151866,0.02985598876009835,0.7189542483660131,43,85,2762,110,0.043834825382386915,111700,37.233333333333334,0.155,0.042666666666666665,Hybrid_RulesSupervised
0.9373333333333334,0.6206395448941783,0.3504273504273504,0.2679738562091503,0.3037037037037037,0.7506835540679215,0.2701965710488319,0.2701965710488319,0.27418512049448035,0.026694766420793818,0.7320261437908496,41,76,2771,112,0.043834825382386915,113520,37.84,0.165,0.039,Hybrid_RulesSupervised
0.9386666666666666,0.621342038747357,0.36283185840707965,0.2679738562091503,0.30827067669172925,0.7506835540679215,0.2701965710488319,0.2701965710488319,0.2804258974985379,0.02528977871443625,0.7320261437908496,41,72,2775,112,0.043834825382386915,113440,37.81333333333333,0.17222171530550245,0.03766666666666667,Hybrid_RulesSupervised
0.939,0.6122406110319083,0.3584905660377358,0.24836601307189543,0.29343629343629346,0.7506835540679215,0.2701965710488319,0.2701965710488319,0.26749598690499155,0.02388479100807868,0.7516339869281046,38,68,2779,115,0.043834825382386915,116360,38.78666666666667,0.17500000000000002,0.035333333333333335,Hybrid_RulesSupervised
0.9406666666666667,0.606934027562553,0.3711340206185567,0.23529411764705882,0.288,0.7506835540679215,0.2701965710488319,0.2701965710488319,0.265996537851961,0.02142606252195293,0.7647058823529411,36,61,2786,117,0.043834825382386915,118220,39.406666666666666,0.185,0.03233333333333333,Hybrid_RulesSupervised
0.9416666666666667,0.6074608979524371,0.3829787234042553,0.23529411764705882,0.29149797570850206,0.7506835540679215,0.2701965710488319,0.2701965710488319,0.27139895937711467,0.020372321742184757,0.7647058823529411,36,58,2789,117,0.043834825382386915,118160,39.38666666666666,0.195,0.03133333333333333,Hybrid_RulesSupervised
0.945,0.6061247821924696,0.4268292682926829,0.22875816993464052,0.2978723404255319,0.7506835540679215,0.2701965710488319,0.2701965710488319,0.28637604475794637,0.01650860554970144,0.7712418300653595,35,47,2800,118,0.043834825382386915,118940,39.64666666666667,0.20500000000000002,0.027333333333333334,Hybrid_RulesSupervised
0.9453333333333334,0.6001157048699353,0.42857142857142855,0.21568627450980393,0.2869565217391305,0.7506835540679215,0.2701965710488319,0.2701965710488319,0.2785555935541937,0.015454864769933263,0.7843137254901961,33,44,2803,120,0.043834825382386915,120880,40.29333333333334,0.215,0.025666666666666667,Hybrid_RulesSupervised
0.9453333333333334,0.5970233544770208,0.4266666666666667,0.20915032679738563,0.28070175438596495,0.7506835540679215,0.2701965710488319,0.2701965710488319,0.2734337782866343,0.01510361784334387,0.7908496732026143,32,43,2804,121,0.043834825382386915,121860,40.62,0.21649269780989192,0.025,Hybrid_RulesSupervised
0.947,0.59480912140058,0.45588235294117646,0.20261437908496732,0.28054298642533937,0.7506835540679215,0.2701965710488319,0.2701965710488319,0.28027420365641376,0.012996136283807516,0.7973856209150327,31,37,2810,122,0.043834825382386915,122740,40.913333333333334,0.225,0.02266666666666667,Hybrid_RulesSupervised
0.948,0.5922436413975496,0.47619047619047616,0.19607843137254902,0.2777777777777778,0.7506835540679215,0.2701965710488319,0.2701965710488319,0.2830633456190131,0.011591148577449948,0.803921568627451,30,33,2814,123,0.043834825382386915,123660,41.22,0.23500000000000001,0.021,Hybrid_RulesSupervised
0.9483333333333334,0.5800498632891864,0.48148148148148145,0.16993464052287582,0.25120772946859904,0.7506835540679215,0.2701965710488319,0.2701965710488319,0.2649212454205806,0.009834913944502985,0.8300653594771242,26,28,2819,127,0.043834825382386915,127560,42.52,0.245,0.018,Hybrid_RulesSupervised
0.9503333333333334,0.5656418521043823,0.5526315789473685,0.13725490196078433,0.2198952879581152,0.7506835540679215,0.2701965710488319,0.2701965710488319,0.2582652324308239,0.00597119775201967,0.8627450980392157,21,17,2830,132,0.043834825382386915,132340,44.11333333333334,0.255,0.012666666666666666,Hybrid_RulesSupervised
0.9503333333333334,0.5656418521043823,0.5526315789473685,0.13725490196078433,0.2198952879581152,0.7506835540679215,0.2701965710488319,0.2701965710488319,0.2582652324308239,0.00597119775201967,0.8627450980392157,21,17,2830,132,0.043834825382386915,132340,44.11333333333334,0.2556801082332608,0.012666666666666666,Hybrid_RulesSupervised
0.9506666666666667,0.5627251251747626,0.5714285714285714,0.13071895424836602,0.2127659574468085,0.7506835540679215,0.2701965710488319,0.2701965710488319,0.2570186335357421,0.005268703898840885,0.869281045751634,20,15,2832,133,0.043834825382386915,133300,44.43333333333333,0.265,0.011666666666666667,Hybrid_RulesSupervised
0.952,0.5572429182421125,0.6666666666666666,0.11764705882352941,0.2,0.7506835540679215,0.2701965710488319,0.2701965710488319,0.26669315794228177,0.003161222339304531,0.8823529411764706,18,9,2838,135,0.043834825382386915,135180,45.06,0.275,0.009,Hybrid_RulesSupervised
0.952,0.5510582174562836,0.6956521739130435,0.10457516339869281,0.18181818181818182,0.7506835540679215,0.2701965710488319,0.2701965710488319,0.2575619817233524,0.0024587284861257463,0.8954248366013072,16,7,2840,137,0.043834825382386915,137140,45.71333333333333,0.28500000000000003,0.007666666666666666,Hybrid_RulesSupervised
0.9516666666666667,0.5416055428142454,0.7222222222222222,0.08496732026143791,0.15204678362573099,0.7506835540679215,0.2701965710488319,0.2701965710488319,0.23704487220293446,0.0017562346329469617,0.9150326797385621,13,5,2842,140,0.043834825382386915,140100,46.7,0.295,0.006,Hybrid_RulesSupervised
0.9513333333333334,0.5352452185651219,0.7333333333333333,0.0718954248366013,0.13095238095238093,0.7506835540679215,0.2701965710488319,0.2701965710488319,0.2198628511179447,0.0014049877063575693,0.9281045751633987,11,4,2843,142,0.043834825382386915,142080,47.36,0.305,0.005,Hybrid_RulesSupervised
0.95,0.5221733231402853,0.6363636363636364,0.0457516339869281,0.08536585365853658,0.7506835540679215,0.2701965710488319,0.2701965710488319,0.16141389995916336,0.0014049877063575693,0.954248366013072,7,4,2843,146,0.043834825382386915,146080,48.693333333333335,0.315,0.0036666666666666666,Hybrid_RulesSupervised
0.9493333333333334,0.5063603242491236,0.6666666666666666,0.013071895424836602,0.02564102564102564,0.7506835540679215,0.2701965710488319,0.2701965710488319,0.08854105701611953,0.00035124692658939234,0.9869281045751634,2,1,2846,151,0.043834825382386915,151020,50.34,0.325,0.001,Hybrid_RulesSupervised
0.9493333333333334,0.5032679738562091,1.0,0.006535947712418301,0.012987012987012988,0.7506835540679215,0.2701965710488319,0.2701965710488319,0.07876980770968345,0.0,0.9934640522875817,1,0,2847,152,0.043834825382386915,152000,50.666666666666664,0.33482488808896566,0.0003333333333333333,Hybrid_RulesSupervised
0.949,0.5,0.0,0.0,0.0,0.7506835540679215,0.2701965710488319,0.2701965710488319,0.0,0.0,1.0,0,0,2847,153,0.043834825382386915,153000,51.0,0.335,0.0,Hybrid_RulesSupervised
0.949,0.5,0.0,0.0,0.0,0.7506835540679215,0.2701965710488319,0.2701965710488319,0.0,0.0,1.0,0,0,2847,153,0.043834825382386915,153000,51.0,0.34500000000000003,0.0,Hybrid_RulesSupervised
0.949,0.5,0.0,0.0,0.0,0.7506835540679215,0.2701965710488319,0.2701965710488319,0.0,0.0,1.0,0,0,2847,153,0.043834825382386915,153000,51.0,0.35500000000000004,0.0,Hybrid_RulesSupervised
0.949,0.5,0.0,0.0,0.0,0.7506835540679215,0.2701965710488319,0.2701965710488319,0.0,0.0,1.0,0,0,2847,153,0.043834825382386915,153000,51.0,0.365,0.0,Hybrid_RulesSupervised
0.949,0.5,0.0,0.0,0.0,0.7506835540679215,0.2701965710488319,0.2701965710488319,0.0,0.0,1.0,0,0,2847,153,0.043834825382386915,153000,51.0,0.375,0.0,Hybrid_RulesSupervised
0.949,0.5,0.0,0.0,0.0,0.7506835540679215,0.2701965710488319,0.2701965710488319,0.0,0.0,1.0,0,0,2847,153,0.043834825382386915,153000,51.0,0.385,0.0,Hybrid_RulesSupervised
0.949,0.5,0.0,0.0,0.0,0.7506835540679215,0.2701965710488319,0.2701965710488319,0.0,0.0,1.0,0,0,2847,153,0.043834825382386915,153000,51.0,0.395,0.0,Hybrid_RulesSupervised
0.949,0.5,0.0,0.0,0.0,0.7506835540679215,0.2701965710488319,0.2701965710488319,0.0,0.0,1.0,0,0,2847,153,0.043834825382386915,153000,51.0,0.405,0.0,Hybrid_RulesSupervised
0.949,0.5,0.0,0.0,0.0,0.7506835540679215,0.2701965710488319,0.2701965710488319,0.0,0.0,1.0,0,0,2847,153,0.043834825382386915,153000,51.0,0.41500000000000004,0.0,Hybrid_RulesSupervised
0.949,0.5,0.0,0.0,0.0,0.7506835540679215,0.2701965710488319,0.2701965710488319,0.0,0.0,1.0,0,0,2847,153,0.043834825382386915,153000,51.0,0.425,0.0,Hybrid_RulesSupervised
0.949,0.5,0.0,0.0,0.0,0.7506835540679215,0.2701965710488319,0.2701965710488319,0.0,0.0,1.0,0,0,2847,153,0.043834825382386915,153000,51.0,0.435,0.0,Hybrid_RulesSupervised
0.949,0.5,0.0,0.0,0.0,0.7506835540679215,0.2701965710488319,0.2701965710488319,0.0,0.0,1.0,0,0,2847,153,0.043834825382386915,153000,51.0,0.445,0.0,Hybrid_RulesSupervised
0.949,0.5,0.0,0.0,0.0,0.7506835540679215,0.2701965710488319,0.2701965710488319,0.0,0.0,1.0,0,0,2847,153,0.043834825382386915,153000,51.0,0.455,0.0,Hybrid_RulesSupervised
0.949,0.5,0.0,0.0,0.0,0.7506835540679215,0.2701965710488319,0.2701965710488319,0.0,0.0,1.0,0,0,2847,153,0.043834825382386915,153000,51.0,0.465,0.0,Hybrid_RulesSupervised
0.949,0.5,0.0,0.0,0.0,0.7506835540679215,0.2701965710488319,0.2701965710488319,0.0,0.0,1.0,0,0,2847,153,0.043834825382386915,153000,51.0,0.47500000000000003,0.0,Hybrid_RulesSupervised
0.949,0.5,0.0,0.0,0.0,0.7506835540679215,0.2701965710488319,0.2701965710488319,0.0,0.0,1.0,0,0,2847,153,0.043834825382386915,153000,51.0,0.485,0.0,Hybrid_RulesSupervised
0.949,0.5,0.0,0.0,0.0,0.7506835540679215,0.2701965710488319,0.2701965710488319,0.0,0.0,1.0,0,0,2847,153,0.043834825382386915,153000,51.0,0.495,0.0,Hybrid_RulesSupervised
0.949,0.5,0.0,0.0,0.0,0.7506835540679215,0.2701965710488319,0.2701965710488319,0.0,0.0,1.0,0,0,2847,153,0.043834825382386915,153000,51.0,0.505,0.0,Hybrid_RulesSupervised
0.949,0.5,0.0,0.0,0.0,0.7506835540679215,0.2701965710488319,0.2701965710488319,0.0,0.0,1.0,0,0,2847,153,0.043834825382386915,153000,51.0,0.515,0.0,Hybrid_RulesSupervised
0.949,0.5,0.0,0.0,0.0,0.7506835540679215,0.2701965710488319,0.2701965710488319,0.0,0.0,1.0,0,0,2847,153,0.043834825382386915,153000,51.0,0.525,0.0,Hybrid_RulesSupervised
0.949,0.5,0.0,0.0,0.0,0.7506835540679215,0.2701965710488319,0.2701965710488319,0.0,0.0,1.0,0,0,2847,153,0.043834825382386915,153000,51.0,0.535,0.0,Hybrid_RulesSupervised
0.949,0.5,0.0,0.0,0.0,0.7506835540679215,0.2701965710488319,0.2701965710488319,0.0,0.0,1.0,0,0,2847,153,0.043834825382386915,153000,51.0,0.545,0.0,Hybrid_RulesSupervised
0.949,0.5,0.0,0.0,0.0,0.7506835540679215,0.2701965710488319,0.2701965710488319,0.0,0.0,1.0,0,0,2847,153,0.043834825382386915,153000,51.0,0.555,0.0,Hybrid_RulesSupervised
0.949,0.5,0.0,0.0,0.0,0.7506835540679215,0.2701965710488319,0.2701965710488319,0.0,0.0,1.0,0,0,2847,153,0.043834825382386915,153000,51.0,0.5650000000000001,0.0,Hybrid_RulesSupervised
0.949,0.5,0.0,0.0,0.0,0.7506835540679215,0.2701965710488319,0.2701965710488319,0.0,0.0,1.0,0,0,2847,153,0.043834825382386915,153000,51.0,0.5750000000000001,0.0,Hybrid_RulesSupervised
0.949,0.5,0.0,0.0,0.0,0.7506835540679215,0.2701965710488319,0.2701965710488319,0.0,0.0,1.0,0,0,2847,153,0.043834825382386915,153000,51.0,0.585,0.0,Hybrid_RulesSupervised
0.949,0.5,0.0,0.0,0.0,0.7506835540679215,0.2701965710488319,0.2701965710488319,0.0,0.0,1.0,0,0,2847,153,0.043834825382386915,153000,51.0,0.595,0.0,Hybrid_RulesSupervised
0.949,0.5,0.0,0.0,0.0,0.7506835540679215,0.2701965710488319,0.2701965710488319,0.0,0.0,1.0,0,0,2847,153,0.043834825382386915,153000,51.0,0.605,0.0,Hybrid_RulesSupervised
0.949,0.5,0.0,0.0,0.0,0.7506835540679215,0.2701965710488319,0.2701965710488319,0.0,0.0,1.0,0,0,2847,153,0.043834825382386915,153000,51.0,0.615,0.0,Hybrid_RulesSupervised
0.949,0.5,0.0,0.0,0.0,0.7506835540679215,0.2701965710488319,0.2701965710488319,0.0,0.0,1.0,0,0,2847,153,0.043834825382386915,153000,51.0,0.625,0.0,Hybrid_RulesSupervised
0.949,0.5,0.0,0.0,0.0,0.7506835540679215,0.2701965710488319,0.2701965710488319,0.0,0.0,1.0,0,0,2847,153,0.043834825382386915,153000,51.0,0.635,0.0,Hybrid_RulesSupervised
0.949,0.5,0.0,0.0,0.0,0.7506835540679215,0.2701965710488319,0.2701965710488319,0.0,0.0,1.0,0,0,2847,153,0.043834825382386915,153000,51.0,0.645,0.0,Hybrid_RulesSupervised
0.949,0.5,0.0,0.0,0.0,0.7506835540679215,0.2701965710488319,0.2701965710488319,0.0,0.0,1.0,0,0,2847,153,0.043834825382386915,153000,51.0,0.655,0.0,Hybrid_RulesSupervised
0.949,0.5,0.0,0.0,0.0,0.7506835540679215,0.2701965710488319,0.2701965710488319,0.0,0.0,1.0,0,0,2847,153,0.043834825382386915,153000,51.0,0.665,0.0,Hybrid_RulesSupervised
0.949,0.5,0.0,0.0,0.0,0.7506835540679215,0.2701965710488319,0.2701965710488319,0.0,0.0,1.0,0,0,2847,153,0.043834825382386915,153000,51.0,0.675,0.0,Hybrid_RulesSupervised
0.949,0.5,0.0,0.0,0.0,0.7506835540679215,0.2701965710488319,0.2701965710488319,0.0,0.0,1.0,0,0,2847,153,0.043834825382386915,153000,51.0,0.685,0.0,Hybrid_RulesSupervised
0.949,0.5,0.0,0.0,0.0,0.7506835540679215,0.2701965710488319,0.2701965710488319,0.0,0.0,1.0,0,0,2847,153,0.043834825382386915,153000,51.0,0.6950000000000001,0.0,Hybrid_RulesSupervised
0.949,0.5,0.0,0.0,0.0,0.7506835540679215,0.2701965710488319,0.2701965710488319,0.0,0.0,1.0,0,0,2847,153,0.043834825382386915,153000,51.0,0.7050000000000001,0.0,Hybrid_RulesSupervised
0.949,0.5,0.0,0.0,0.0,0.7506835540679215,0.2701965710488319,0.2701965710488319,0.0,0.0,1.0,0,0,2847,153,0.043834825382386915,153000,51.0,0.715,0.0,Hybrid_RulesSupervised
0.949,0.5,0.0,0.0,0.0,0.7506835540679215,0.2701965710488319,0.2701965710488319,0.0,0.0,1.0,0,0,2847,153,0.043834825382386915,153000,51.0,0.725,0.0,Hybrid_RulesSupervised
0.949,0.5,0.0,0.0,0.0,0.7506835540679215,0.2701965710488319,0.2701965710488319,0.0,0.0,1.0,0,0,2847,153,0.043834825382386915,153000,51.0,0.735,0.0,Hybrid_RulesSupervised
0.949,0.5,0.0,0.0,0.0,0.7506835540679215,0.2701965710488319,0.2701965710488319,0.0,0.0,1.0,0,0,2847,153,0.043834825382386915,153000,51.0,0.745,0.0,Hybrid_RulesSupervised
0.949,0.5,0.0,0.0,0.0,0.7506835540679215,0.2701965710488319,0.2701965710488319,0.0,0.0,1.0,0,0,2847,153,0.043834825382386915,153000,51.0,0.755,0.0,Hybrid_RulesSupervised
0.949,0.5,0.0,0.0,0.0,0.7506835540679215,0.2701965710488319,0.2701965710488319,0.0,0.0,1.0,0,0,2847,153,0.043834825382386915,153000,51.0,0.765,0.0,Hybrid_RulesSupervised
0.949,0.5,0.0,0.0,0.0,0.7506835540679215,0.2701965710488319,0.2701965710488319,0.0,0.0,1.0,0,0,2847,153,0.043834825382386915,153000,51.0,0.775,0.0,Hybrid_RulesSupervised
0.949,0.5,0.0,0.0,0.0,0.7506835540679215,0.2701965710488319,0.2701965710488319,0.0,0.0,1.0,0,0,2847,153,0.043834825382386915,153000,51.0,0.785,0.0,Hybrid_RulesSupervised
0.949,0.5,0.0,0.0,0.0,0.7506835540679215,0.2701965710488319,0.2701965710488319,0.0,0.0,1.0,0,0,2847,153,0.043834825382386915,153000,51.0,0.795,0.0,Hybrid_RulesSupervised
0.949,0.5,0.0,0.0,0.0,0.7506835540679215,0.2701965710488319,0.2701965710488319,0.0,0.0,1.0,0,0,2847,153,0.043834825382386915,153000,51.0,0.805,0.0,Hybrid_RulesSupervised
0.949,0.5,0.0,0.0,0.0,0.7506835540679215,0.2701965710488319,0.2701965710488319,0.0,0.0,1.0,0,0,2847,153,0.043834825382386915,153000,51.0,0.8150000000000001,0.0,Hybrid_RulesSupervised
0.949,0.5,0.0,0.0,0.0,0.7506835540679215,0.2701965710488319,0.2701965710488319,0.0,0.0,1.0,0,0,2847,153,0.043834825382386915,153000,51.0,0.8250000000000001,0.0,Hybrid_RulesSupervised
0.949,0.5,0.0,0.0,0.0,0.7506835540679215,0.2701965710488319,0.2701965710488319,0.0,0.0,1.0,0,0,2847,153,0.043834825382386915,153000,51.0,0.8350000000000001,0.0,Hybrid_RulesSupervised
0.949,0.5,0.0,0.0,0.0,0.7506835540679215,0.2701965710488319,0.2701965710488319,0.0,0.0,1.0,0,0,2847,153,0.043834825382386915,153000,51.0,0.845,0.0,Hybrid_RulesSupervised
0.949,0.5,0.0,0.0,0.0,0.7506835540679215,0.2701965710488319,0.2701965710488319,0.0,0.0,1.0,0,0,2847,153,0.043834825382386915,153000,51.0,0.855,0.0,Hybrid_RulesSupervised
0.949,0.5,0.0,0.0,0.0,0.7506835540679215,0.2701965710488319,0.2701965710488319,0.0,0.0,1.0,0,0,2847,153,0.043834825382386915,153000,51.0,0.865,0.0,Hybrid_RulesSupervised
0.949,0.5,0.0,0.0,0.0,0.7506835540679215,0.2701965710488319,0.2701965710488319,0.0,0.0,1.0,0,0,2847,153,0.043834825382386915,153000,51.0,0.875,0.0,Hybrid_RulesSupervised
0.949,0.5,0.0,0.0,0.0,0.7506835540679215,0.2701965710488319,0.2701965710488319,0.0,0.0,1.0,0,0,2847,153,0.043834825382386915,153000,51.0,0.885,0.0,Hybrid_RulesSupervised
0.949,0.5,0.0,0.0,0.0,0.7506835540679215,0.2701965710488319,0.2701965710488319,0.0,0.0,1.0,0,0,2847,153,0.043834825382386915,153000,51.0,0.895,0.0,Hybrid_RulesSupervised
0.949,0.5,0.0,0.0,0.0,0.7506835540679215,0.2701965710488319,0.2701965710488319,0.0,0.0,1.0,0,0,2847,153,0.043834825382386915,153000,51.0,0.905,0.0,Hybrid_RulesSupervised
0.949,0.5,0.0,0.0,0.0,0.7506835540679215,0.2701965710488319,0.2701965710488319,0.0,0.0,1.0,0,0,2847,153,0.043834825382386915,153000,51.0,0.915,0.0,Hybrid_RulesSupervised
0.949,0.5,0.0,0.0,0.0,0.7506835540679215,0.2701965710488319,0.2701965710488319,0.0,0.0,1.0,0,0,2847,153,0.043834825382386915,153000,51.0,0.925,0.0,Hybrid_RulesSupervised
0.949,0.5,0.0,0.0,0.0,0.7506835540679215,0.2701965710488319,0.2701965710488319,0.0,0.0,1.0,0,0,2847,153,0.043834825382386915,153000,51.0,0.935,0.0,Hybrid_RulesSupervised
0.949,0.5,0.0,0.0,0.0,0.7506835540679215,0.2701965710488319,0.2701965710488319,0.0,0.0,1.0,0,0,2847,153,0.043834825382386915,153000,51.0,0.9450000000000001,0.0,Hybrid_RulesSupervised
0.949,0.5,0.0,0.0,0.0,0.7506835540679215,0.2701965710488319,0.2701965710488319,0.0,0.0,1.0,0,0,2847,153,0.043834825382386915,153000,51.0,0.9550000000000001,0.0,Hybrid_RulesSupervised
0.949,0.5,0.0,0.0,0.0,0.7506835540679215,0.2701965710488319,0.2701965710488319,0.0,0.0,1.0,0,0,2847,153,0.043834825382386915,153000,51.0,0.965,0.0,Hybrid_RulesSupervised
0.949,0.5,0.0,0.0,0.0,0.7506835540679215,0.2701965710488319,0.2701965710488319,0.0,0.0,1.0,0,0,2847,153,0.043834825382386915,153000,51.0,0.975,0.0,Hybrid_RulesSupervised
0.949,0.5,0.0,0.0,0.0,0.7506835540679215,0.2701965710488319,0.2701965710488319,0.0,0.0,1.0,0,0,2847,153,0.043834825382386915,153000,51.0,0.985,0.0,Hybrid_RulesSupervised
0.949,0.5,0.0,0.0,0.0,0.7506835540679215,0.2701965710488319,0.2701965710488319,0.0,0.0,1.0,0,0,2847,153,0.043834825382386915,153000,51.0,0.995,0.0,Hybrid_RulesSupervised
0.949,0.5,0.0,0.0,0.0,0.7506835540679215,0.2701965710488319,0.2701965710488319,0.0,0.0,1.0,0,0,2847,153,0.043834825382386915,153000,51.0,1.000001,0.0,Hybrid_RulesSupervised
0.051,0.5,0.051,1.0,0.09705042816365367,0.7526647703924094,0.26813228980511145,0.26813228980511145,0.0,1.0,0.0,153,2847,0,0,0.04380645254964984,56940,18.98,0.005,1.0,Hybrid_AddAnomaly
0.051,0.5,0.051,1.0,0.09705042816365367,0.7526647703924094,0.26813228980511145,0.26813228980511145,0.0,1.0,0.0,153,2847,0,0,0.04380645254964984,56940,18.98,0.006311191798116796,1.0,Hybrid_AddAnomaly
0.06366666666666666,0.5066736916051985,0.051654287643484134,1.0,0.09823434991974317,0.7526647703924094,0.26813228980511145,0.26813228980511145,0.02625737175799689,0.9866526167896031,0.0,153,2809,38,0,0.04380645254964984,56180,18.726666666666667,0.008721078112434671,0.9873333333333333,Hybrid_AddAnomaly
0.076,0.5131717597471022,0.052307692307692305,1.0,0.09941520467836255,0.7526647703924094,0.26813228980511145,0.26813228980511145,0.037121000956393126,0.9736564805057956,0.0,153,2772,75,0,0.04380645254964984,55440,18.48,0.009405554287815967,0.975,Hybrid_AddAnomaly
0.08733333333333333,0.512958256713293,0.05230342916522342,0.9869281045751634,0.0993421052631579,0.7526647703924094,0.26813228980511145,0.26813228980511145,0.02994700605292727,0.9610115911485775,0.013071895424836602,151,2736,111,2,0.04380645254964984,56720,18.906666666666666,0.009870701111717341,0.9623333333333334,Hybrid_AddAnomaly
0.09966666666666667,0.5194563248551968,0.052982456140350874,0.9869281045751634,0.10056610056610055,0.7526647703924094,0.26813228980511145,0.26813228980511145,0.03927916021395883,0.9480154548647699,0.013071895424836602,151,2699,148,2,0.04380645254964984,55980,18.66,0.010409285079589778,0.95,Hybrid_AddAnomaly
0.11166666666666666,0.5226864191408913,0.05334281650071124,0.9803921568627451,0.10118043844856661,0.7526647703924094,0.26813228980511145,0.26813228980511145,0.04118592396861915,0.9350193185809624,0.0196078431372549,150,2662,185,3,0.04380645254964984,56240,18.746666666666666,0.010807297862775952,0.9373333333333334,Hybrid_AddAnomaly
0.12333333333333334,0.5257408899632913,0.05369369369369369,0.9738562091503268,0.10177595628415301,0.7526647703924094,0.26813228980511145,0.26813228980511145,0.043000177662944894,0.9223744292237442,0.026143790849673203,149,2626,221,4,0.04380645254964984,56520,18.84,0.011176175178898485,0.925,Hybrid_AddAnomaly
0.136,0.5324145815684898,0.05443916697113628,0.9738562091503268,0.10311418685121108,0.7526647703924094,0.26813228980511145,0.26813228980511145,0.05043065298015686,0.9090270460133474,0.026143790849673203,149,2588,259,4,0.04380645254964984,55760,18.586666666666666,0.011604348136605071,0.9123333333333333,Hybrid_AddAnomaly
0.14833333333333334,0.5389126497103934,0.055185185185185184,0.9738562091503268,0.10445145460918333,0.7526647703924094,0.26813228980511145,0.26813228980511145,0.057071296653263326,0.8960309097295399,0.026143790849673203,149,2551,296,4,0.04380645254964984,55020,18.34,0.011880098694788451,0.9,Hybrid_AddAnomaly
0.16033333333333333,0.5421427439960881,0.05559729526671676,0.9673202614379085,0.10515097690941384,0.7526647703924094,0.26813228980511145,0.26813228980511145,0.05864484987749507,0.8830347734457323,0.032679738562091505,148,2514,333,5,0.04380645254964984,55280,18.426666666666666,0.01228736834947487,0.8873333333333333,Hybrid_AddAnomaly
0.17266666666666666,0.5486408121379919,0.05638095238095238,0.9673202614379085,0.10655147588192945,0.7526647703924094,0.26813228980511145,0.26813228980511145,0.06471276769051185,0.8700386371619249,0.032679738562091505,148,2477,370,5,0.04380645254964984,54540,18.18,0.012566399249344648,0.875,Hybrid_AddAnomaly
0.18533333333333332,0.5553145037431902,0.057209122535755705,0.9673202614379085,0.10802919708029197,0.7526647703924094,0.26813228980511145,0.26813228980511145,0.07063748448400041,0.8566912539515279,0.032679738562091505,148,2439,408,5,0.04380645254964984,53780,17.926666666666666,0.012847724227196414,0.8623333333333333,Hybrid_AddAnomaly
0.197,0.5583689745655902,0.05764705882352941,0.9607843137254902,0.10876803551609322,0.7526647703924094,0.26813228980511145,0.26813228980511145,0.07192422006589715,0.8440463645943098,0.0392156862745098,147,2403,444,6,0.04380645254964984,54060,18.02,0.013102200226251854,0.85,Hybrid_AddAnomaly
0.209,0.5615990688512849,0.058121019108280256,0.954248366013072,0.10956848030018762,0.7526647703924094,0.26813228980511145,0.26813228980511145,0.07343851110993677,0.8310502283105022,0.0457516339869281,146,2366,481,7,0.04380645254964984,54320,18.106666666666666,0.013435849625569535,0.8373333333333334,Hybrid_AddAnomaly
0.22066666666666668,0.5646535396736847,0.05858585858585859,0.9477124183006536,0.11035007610350078,0.7526647703924094,0.26813228980511145,0.26813228980511145,0.07486770114502132,0.8184053389532842,0.05228758169934641,145,2330,517,8,0.04380645254964984,54600,18.2,0.013659112082965566,0.825,Hybrid_AddAnomaly
0.23266666666666666,0.5678836339593794,0.059089043906442346,0.9411764705882353,0.11119691119691118,0.7526647703924094,0.26813228980511145,0.26813228980511145,0.07649843766915644,0.8054092026694767,0.058823529411764705,144,2293,554,9,0.04380645254964984,54860,18.286666666666665,0.013935692993964528,0.8123333333333334,Hybrid_AddAnomaly
0.24433333333333335,0.5709381047817792,0.059583333333333335,0.934640522875817,0.11202506854680767,0.7526647703924094,0.26813228980511145,0.26813228980511145,0.07803110914096623,0.7927643133122585,0.06535947712418301,143,2257,590,10,0.04380645254964984,55140,18.38,0.01418113088001289,0.8,Hybrid_AddAnomaly
0.257,0.5776117963869777,0.06054191363251482,0.934640522875817,0.11371769383697813,0.7526647703924094,0.26813228980511145,0.26813228980511145,0.08345394942048273,0.7794169301018616,0.06535947712418301,143,2219,628,10,0.04380645254964984,54380,18.126666666666665,0.014424668438603605,0.7873333333333333,Hybrid_AddAnomaly
0.26866666666666666,0.5806662672093776,0.0610752688172043,0.9281045751633987,0.11460855528652139,0.7526647703924094,0.26813228980511145,0.26813228980511145,0.08499591240445557,0.7667720407446434,0.0718954248366013,142,2183,664,11,0.04380645254964984,54660,18.22,0.014725729384471977,0.775,Hybrid_AddAnomaly
0.2813333333333333,0.587339958814576,0.062090074333187584,0.9281045751633987,0.11639344262295083,0.7526647703924094,0.26813228980511145,0.26813228980511145,0.09028270864211797,0.7534246575342466,0.0718954248366013,142,2145,702,11,0.04380645254964984,53900,17.966666666666665,0.014972812273913432,0.7623333333333333,Hybrid_AddAnomaly
0.2816666666666667,0.5875155822778708,0.0621172353455818,0.9281045751633987,0.11644116441164411,0.7526647703924094,0.26813228980511145,0.26813228980511145,0.09042064744259909,0.7530734106076572,0.0718954248366013,142,2144,703,11,0.04380645254964984,53880,17.96,0.015,0.762,Hybrid_AddAnomaly
0.2936666666666667,0.5938380269564798,0.06311111111111112,0.9281045751633987,0.11818560133166876,0.7526647703924094,0.26813228980511145,0.26813228980511145,0.09535125676853416,0.740428521250439,0.0718954248366013,142,2108,739,11,0.04380645254964984,53160,17.72,0.01532791293686615,0.75,Hybrid_AddAnomaly
0.30566666666666664,0.5970681212421745,0.06374321880650995,0.9215686274509803,0.11923890063424948,0.7526647703924094,0.26813228980511145,0.26813228980511145,0.09704885111888976,0.7274323849666315,0.0784313725490196,141,2071,776,12,0.04380645254964984,53420,17.80666666666667,0.01565990968707372,0.7373333333333333,Hybrid_AddAnomaly
0.31733333333333336,0.6001225920645743,0.06436781609195402,0.9150326797385621,0.1202749140893471,0.7526647703924094,0.26813228980511145,0.26813228980511145,0.09866086623540128,0.7147874956094135,0.08496732026143791,140,2035,812,13,0.04380645254964984,53700,17.9,0.015910037866444977,0.725,Hybrid_AddAnomaly
0.32866666666666666,0.5999090890307651,0.0645765091249415,0.9019607843137255,0.1205240174672489,0.7526647703924094,0.26813228980511145,0.26813228980511145,0.09711063295460662,0.7021426062521953,0.09803921568627451,138,1999,848,15,0.04380645254964984,54980,18.326666666666668,0.016186285682061412,0.7123333333333334,Hybrid_AddAnomaly
0.341,0.6064071571726688,0.06571428571428571,0.9019607843137255,0.12250332889480692,0.7526647703924094,0.26813228980511145,0.26813228980511145,0.10216670405709667,0.6891464699683878,0.09803921568627451,138,1962,885,15,0.04380645254964984,54240,18.08,0.016494492812296303,0.7,Hybrid_AddAnomaly
0.353,0.6096372514583634,0.06644034917555772,0.8954248366013072,0.12370203160270882,0.7526647703924094,0.26813228980511145,0.26813228980511145,0.10405952388250618,0.6761503336845802,0.10457516339869281,137,1925,922,16,0.04380645254964984,54500,18.166666666666668,0.016730615606944634,0.6873333333333334,Hybrid_AddAnomaly
0.36533333333333334,0.6161353196002672,0.06765432098765432,0.8954248366013072,0.1258034894398531,0.7526647703924094,0.26813228980511145,0.26813228980511145,0.10909854093719897,0.6631541974007727,0.10457516339869281,137,1888,959,16,0.04380645254964984,53760,17.92,0.017041642669231208,0.675,Hybrid_AddAnomaly
0.37733333333333335,0.6193654138859618,0.06844489179667841,0.8888888888888888,0.12710280373831775,0.7526647703924094,0.26813228980511145,0.26813228980511145,0.11105658037442018,0.6501580611169653,0.1111111111111111,136,1851,996,17,0.04380645254964984,54020,18.006666666666668,0.0173370098862858,0.6623333333333333,Hybrid_AddAnomaly
0.38966666666666666,0.6258634820278656,0.06974358974358974,0.8888888888888888,0.12933903946742747,0.7526647703924094,0.26813228980511145,0.26813228980511145,0.11610668667418388,0.6371619248331577,0.1111111111111111,136,1814,1033,17,0.04380645254964984,53280,17.76,0.017674717630554528,0.65,Hybrid_AddAnomaly
0.401,0.6256499789940564,0.0700836820083682,0.8758169934640523,0.1297820823244552,0.7526647703924094,0.26813228980511145,0.26813228980511145,0.11499354785642056,0.6245170354759396,0.12418300653594772,134,1778,1069,19,0.04380645254964984,54560,18.186666666666667,0.017958385639251003,0.6373333333333333,Hybrid_AddAnomaly
0.4106666666666667,0.6183736578579447,0.06933333333333333,0.8496732026143791,0.1282051282051282,0.7526647703924094,0.26813228980511145,0.26813228980511145,0.10758398213849875,0.6129258868984896,0.1503267973856209,130,1745,1102,23,0.04380645254964984,57900,19.3,0.018158385089023253,0.625,Hybrid_AddAnomaly
0.4226666666666667,0.6216037521436393,0.07022318998366903,0.8431372549019608,0.12964824120603013,0.7526647703924094,0.26813228980511145,0.26813228980511145,0.10981760920925988,0.5999297506146821,0.1568627450980392,129,1708,1139,24,0.04380645254964984,58160,19.386666666666667,0.018401247019755353,0.6123333333333333,Hybrid_AddAnomaly
0.43433333333333335,0.6246582229660392,0.07111111111111111,0.8366013071895425,0.13108038914490527,0.7526647703924094,0.26813228980511145,0.26813228980511145,0.11196015748880667,0.587284861257464,0.16339869281045752,128,1672,1175,25,0.04380645254964984,58440,19.48,0.01877751911651652,0.6,Hybrid_AddAnomaly
0.44633333333333336,0.6278883172517339,0.0720771850170261,0.8300653594771242,0.13263707571801567,0.7526647703924094,0.26813228980511145,0.26813228980511145,0.11429758210102343,0.5742887249736565,0.16993464052287582,127,1635,1212,26,0.04380645254964984,58700,19.566666666666666,0.019158333607538294,0.5873333333333334,Hybrid_AddAnomaly
0.458,0.6309427880741337,0.07304347826086957,0.8235294117647058,0.13418530351437702,0.7526647703924094,0.26813228980511145,0.26813228980511145,0.11654707712952067,0.5616438356164384,0.17647058823529413,126,1599,1248,27,0.04380645254964984,58980,19.66,0.019501303847015598,0.575,Hybrid_AddAnomaly
0.468,0.6238420904013169,0.07231772377000593,0.7973856209150327,0.13260869565217392,0.7526647703924094,0.26813228980511145,0.26813228980511145,0.1098367855317257,0.549701440112399,0.20261437908496732,122,1565,1282,31,0.04380645254964984,62300,20.766666666666666,0.019873872902169226,0.5623333333333334,Hybrid_AddAnomaly
0.479,0.6234529639042129,0.07272727272727272,0.7843137254901961,0.13311148086522462,0.7526647703924094,0.26813228980511145,0.26813228980511145,0.10918478151458022,0.5374077976817703,0.21568627450980393,120,1530,1317,33,0.04380645254964984,63600,21.2,0.02024835410739156,0.55,Hybrid_AddAnomaly
0.49033333333333334,0.6232394608704037,0.07320099255583126,0.7712418300653595,0.13371104815864024,0.7526647703924094,0.26813228980511145,0.26813228980511145,0.10875318445836413,0.5247629083245522,0.22875816993464052,118,1494,1353,35,0.04380645254964984,64880,21.626666666666665,0.020683068170810497,0.5373333333333333,Hybrid_AddAnomaly
0.502,0.6262939316928036,0.07428571428571429,0.7647058823529411,0.13541666666666666,0.7526647703924094,0.26813228980511145,0.26813228980511145,0.11127669466917785,0.512118018967334,0.23529411764705882,117,1458,1389,36,0.04380645254964984,65160,21.72,0.021069236158756163,0.525,Hybrid_AddAnomaly
0.5146666666666667,0.6329676232980019,0.07612231620039037,0.7647058823529411,0.13846153846153844,0.7526647703924094,0.26813228980511145,0.26813228980511145,0.11704591308521926,0.49877063575693714,0.23529411764705882,117,1420,1427,36,0.04380645254964984,64400,21.466666666666665,0.021497217001922406,0.5123333333333333,Hybrid_AddAnomaly
0.527,0.6394656914399057,0.078,0.7647058823529411,0.1415607985480944,0.7526647703924094,0.26813228980511145,0.26813228980511145,0.12272854059064592,0.4857744994731296,0.23529411764705882,117,1383,1464,36,0.04380645254964984,63660,21.22,0.021886375043495172,0.5,Hybrid_AddAnomaly
0.5393333333333333,0.6459637595818095,0.07997265892002735,0.7647058823529411,0.1448019801980198,0.7526647703924094,0.26813228980511145,0.26813228980511145,0.12848587568806333,0.4727783631893221,0.23529411764705882,117,1346,1501,36,0.04380645254964984,62920,20.973333333333333,0.02233913249472593,0.4876666666666667,Hybrid_AddAnomaly
0.5513333333333333,0.6491938538675042,0.08140350877192983,0.7581699346405228,0.14702154626108999,0.7526647703924094,0.26813228980511145,0.26813228980511145,0.13145365498410716,0.45978222690551457,0.24183006535947713,116,1309,1538,37,0.04380645254964984,63180,21.06,0.022732031440319794,0.475,Hybrid_AddAnomaly
0.5636666666666666,0.655691922009408,0.08357348703170028,0.7581699346405228,0.15055158987670345,0.7526647703924094,0.26813228980511145,0.26813228980511145,0.13739099630411197,0.44678609062170704,0.24183006535947713,116,1272,1575,37,0.04380645254964984,62440,20.813333333333333,0.02322102079101067,0.46266666666666667,Hybrid_AddAnomaly
0.5763333333333334,0.6623656136146063,0.08592592592592592,0.7581699346405228,0.1543579507651364,0.7526647703924094,0.26813228980511145,0.26813228980511145,0.14360006829602392,0.43343870741131013,0.24183006535947713,116,1234,1613,37,0.04380645254964984,61680,20.56,0.023645393671062064,0.45,Hybrid_AddAnomaly
0.588,0.6654200844370063,0.08758568164508758,0.7516339869281046,0.15688949522510232,0.7526647703924094,0.26813228980511145,0.26813228980511145,0.14671272325966986,0.42079381805409205,0.24836601307189543,115,1198,1649,38,0.04380645254964984,61960,20.653333333333332,0.024115042356027107,0.43766666666666665,Hybrid_AddAnomaly
0.6006666666666667,0.6720937760422048,0.09019607843137255,0.7516339869281046,0.1610644257703081,0.7526647703924094,0.26813228980511145,0.26813228980511145,0.15317396921887694,0.40744643484369514,0.24836601307189543,115,1160,1687,38,0.04380645254964984,61200,20.4,0.024707232105118673,0.425,Hybrid_AddAnomaly
0.6076666666666667,0.6757818687713933,0.09170653907496013,0.7516339869281046,0.1634683724235963,0.7526647703924094,0.26813228980511145,0.26813228980511145,0.15680959528872107,0.4000702493853179,0.24836601307189543,115,1139,1708,38,0.04380645254964984,60780,20.26,0.025,0.418,Hybrid_AddAnomaly
0.613,0.6785918441841086,0.09289176090468497,0.7516339869281046,0.16534867002156722,0.7526647703924094,0.26813228980511145,0.26813228980511145,0.1596128279100457,0.3944502985598876,0.24836601307189543,115,1123,1724,38,0.04380645254964984,60460,20.153333333333332,0.025240079516677397,0.4126666666666667,Hybrid_AddAnomaly
0.6236666666666667,0.6749347438307953,0.09333333333333334,0.7320261437908496,0.1655580192165558,0.7526647703924094,0.26813228980511145,0.26813228980511145,0.15711535912793864,0.38215665612925886,0.2679738562091503,112,1088,1759,41,0.04380645254964984,62760,20.92,0.025792135002413747,0.4,Hybrid_AddAnomaly
0.636,0.6814328119726991,0.09630266552020636,0.7320261437908496,0.1702127659574468,0.7526647703924094,0.26813228980511145,0.26813228980511145,0.1638478853795564,0.36916051984545134,0.2679738562091503,112,1051,1796,41,0.04380645254964984,62020,20.673333333333332,0.026414977891070595,0.38766666666666666,Hybrid_AddAnomaly
0.6473333333333333,0.6812193089388899,0.09777777777777778,0.7189542483660131,0.17214397496087638,0.7526647703924094,0.26813228980511145,0.26813228980511145,0.16470129629202898,0.3565156304882332,0.28104575163398693,110,1015,1832,43,0.04380645254964984,63300,21.1,0.02692856027653522,0.375,Hybrid_AddAnomaly
0.6576666666666666,0.6773865851222821,0.09834558823529412,0.6993464052287581,0.1724415793714746,0.7526647703924094,0.26813228980511145,0.26813228980511145,0.16234234918822452,0.3445732349841939,0.3006535947712418,107,981,1866,46,0.04380645254964984,65620,21.873333333333335,0.02774123448366028,0.3626666666666667,Hybrid_AddAnomaly
0.669,0.6771730820884729,0.1,0.6862745098039216,0.1745635910224439,0.7526647703924094,0.26813228980511145,0.26813228980511145,0.1634388243334271,0.33192834562697576,0.3137254901960784,105,945,1902,48,0.04380645254964984,66900,22.3,0.028474838843332087,0.35,Hybrid_AddAnomaly
0.68,0.6767839555913691,0.1016781836130306,0.673202614379085,0.17667238421955403,0.7526647703924094,0.26813228980511145,0.26813228980511145,0.16447831020631823,0.319634703196347,0.32679738562091504,103,910,1937,50,0.04380645254964984,68200,22.733333333333334,0.029029360303529796,0.33766666666666667,Hybrid_AddAnomaly
0.6913333333333334,0.6765704525575598,0.10358974358974359,0.6601307189542484,0.17907801418439714,0.7526647703924094,0.26813228980511145,0.26813228980511145,0.1658718365175649,0.30698981383912893,0.33986928104575165,101,874,1973,52,0.04380645254964984,69480,23.16,0.02987272436809553,0.325,Hybrid_AddAnomaly
0.703,0.6796249233799596,0.10660980810234541,0.6535947712418301,0.18331805682859761,0.7526647703924094,0.26813228980511145,0.26813228980511145,0.17048661614295144,0.2943449244819108,0.3464052287581699,100,838,2009,53,0.04380645254964984,69760,23.253333333333334,0.03066517487933016,0.31266666666666665,Hybrid_AddAnomaly
0.7143333333333334,0.6794114203461503,0.10888888888888888,0.6405228758169934,0.18613485280151945,0.7526647703924094,0.26813228980511145,0.26813228980511145,0.1722616595914154,0.28170003512469266,0.35947712418300654,98,802,2045,55,0.04380645254964984,71040,23.68,0.03156375482650321,0.3,Hybrid_AddAnomaly
0.7266666666666667,0.6859094884880541,0.11355735805330243,0.6405228758169934,0.19291338582677164,0.7526647703924094,0.26813228980511145,0.26813228980511145,0.18070215907766682,0.26870389884088514,0.35947712418300654,98,765,2082,55,0.04380645254964984,70300,23.433333333333334,0.03272327836493366,0.2876666666666667,Hybrid_AddAnomaly
0.7393333333333333,0.6925831800932526,0.11878787878787879,0.6405228758169934,0.20040899795501022,0.7526647703924094,0.26813228980511145,0.26813228980511145,0.18977158879500658,0.2553565156304882,0.35947712418300654,98,727,2120,55,0.04380645254964984,69540,23.18,0.03395073802105965,0.275,Hybrid_AddAnomaly
0.747,0.6873454685702873,0.11934673366834171,0.6209150326797386,0.20021074815595366,0.7526647703924094,0.26813228980511145,0.26813228980511145,0.18670257540636312,0.24622409553916402,0.3790849673202614,95,701,2146,58,0.04380645254964984,72020,24.006666666666668,0.034999999999999996,0.2653333333333333,Hybrid_AddAnomaly
0.7496666666666667,0.6887504562766449,0.12055837563451777,0.6209150326797386,0.20191285866099895,0.7526647703924094,0.26813228980511145,0.26813228980511145,0.188712985225223,0.2434141201264489,0.3790849673202614,95,693,2154,58,0.04380645254964984,71860,23.953333333333333,0.03534302730745467,0.26266666666666666,Hybrid_AddAnomaly
0.7616666666666667,0.6919805505623395,0.12533333333333332,0.6143790849673203,0.2081949058693245,0.7526647703924094,0.26813228980511145,0.26813228980511145,0.19507642439801026,0.23041798384264137,0.38562091503267976,94,656,2191,59,0.04380645254964984,72120,24.04,0.036614952670469485,0.25,Hybrid_AddAnomaly
0.772,0.6881478267457317,0.1276297335203366,0.5947712418300654,0.21016166281755197,0.7526647703924094,0.26813228980511145,0.26813228980511145,0.1944871013712652,0.21847558833860203,0.40522875816993464,91,622,2225,62,0.04380645254964984,74440,24.813333333333333,0.03829086853734906,0.23766666666666666,Hybrid_AddAnomaly
0.7833333333333333,0.6879343237119224,0.13185185185185186,0.5816993464052288,0.21497584541062803,0.7526647703924094,0.26813228980511145,0.26813228980511145,0.19802142665840608,0.20583069898138392,0.41830065359477125,89,586,2261,64,0.04380645254964984,75720,25.24,0.03962229278651405,0.225,Hybrid_AddAnomaly
0.7956666666666666,0.6944323918538262,0.13949843260188088,0.5816993464052288,0.22503160556257903,0.7526647703924094,0.26813228980511145,0.26813228980511145,0.20906810241278267,0.1928345626975764,0.41830065359477125,89,549,2298,64,0.04380645254964984,74980,24.993333333333332,0.041500225493300895,0.21266666666666667,Hybrid_AddAnomaly
0.8076666666666666,0.6976624861395208,0.14666666666666667,0.5751633986928104,0.23373173970783528,0.7526647703924094,0.26813228980511145,0.26813228980511145,0.2174264885772554,0.17983842641376888,0.42483660130718953,88,512,2335,65,0.04380645254964984,75240,25.08,0.04311431429327464,0.2,Hybrid_AddAnomaly
0.8163333333333334,0.7022286961851829,0.15331010452961671,0.5751633986928104,0.24209078404401652,0.7526647703924094,0.26813228980511145,0.26813228980511145,0.22620952200483838,0.17070600632244468,0.42483660130718953,88,486,2361,65,0.04380645254964984,74720,24.906666666666666,0.045,0.19133333333333333,Hybrid_AddAnomaly
0.8186666666666667,0.6972733596424169,0.152753108348135,0.5620915032679739,0.24022346368715083,0.7526647703924094,0.26813228980511145,0.26813228980511145,0.2223084258485753,0.16754478398314016,0.43790849673202614,86,477,2370,67,0.04380645254964984,76540,25.513333333333332,0.045571825610317196,0.18766666666666668,Hybrid_AddAnomaly
0.8306666666666667,0.7005034539281114,0.1619047619047619,0.5555555555555556,0.2507374631268437,0.7526647703924094,0.26813228980511145,0.26813228980511145,0.2321795951621234,0.15454864769933263,0.4444444444444444,85,440,2407,68,0.04380645254964984,76800,25.6,0.047993056344884585,0.175,Hybrid_AddAnomaly
0.8416666666666667,0.7001143274310075,0.17008196721311475,0.5424836601307189,0.25897035881435254,0.7526647703924094,0.26813228980511145,0.26813228980511145,0.23857663001009868,0.1422550052687039,0.45751633986928103,83,405,2442,70,0.04380645254964984,78100,26.033333333333335,0.05071496836175744,0.16266666666666665,Hybrid_AddAnomaly
0.852,0.6962816036143997,0.17738359201773837,0.5228758169934641,0.26490066225165565,0.7526647703924094,0.26813228980511145,0.26813228980511145,0.24164390950300688,0.13031260976466455,0.477124183006536,80,371,2476,73,0.04380645254964984,80420,26.80666666666667,0.055,0.15033333333333335,Hybrid_AddAnomaly
0.8523333333333334,0.6964572270776945,0.17777777777777778,0.5228758169934641,0.26533996683250416,0.7526647703924094,0.26813228980511145,0.26813228980511145,0.24208122446958302,0.12996136283807516,0.477124183006536,80,370,2477,73,0.04380645254964984,80400,26.8,0.055002019451370246,0.15,Hybrid_AddAnomaly
0.8633333333333333,0.6960681005805904,0.18886198547215496,0.5098039215686274,0.2756183745583039,0.7526647703924094,0.26813228980511145,0.26813228980511145,0.25038202415896976,0.11766772040744644,0.49019607843137253,78,335,2512,75,0.04380645254964984,81700,27.233333333333334,0.058022034243147204,0.13766666666666666,Hybrid_AddAnomaly
0.8733333333333333,0.6889674029077736,0.19733333333333333,0.48366013071895425,0.2803030303030303,0.7526647703924094,0.26813228980511145,0.26813228980511145,0.2514062390808381,0.1057253249034071,0.5163398692810458,74,301,2546,79,0.04380645254964984,85020,28.34,0.06325929570717578,0.125,Hybrid_AddAnomaly
0.876,0.6841876898283022,0.19834710743801653,0.47058823529411764,0.27906976744186046,0.7526647703924094,0.26813228980511145,0.26813228980511145,0.2484972963774838,0.10221285563751317,0.5294117647058824,72,291,2556,81,0.04380645254964984,86820,28.94,0.065,0.121,Hybrid_AddAnomaly
0.883,0.6816910817716619,0.20710059171597633,0.45751633986928103,0.28513238289205706,0.7526647703924094,0.26813228980511145,0.26813228980511145,0.2528370296810259,0.09413417632595715,0.5424836601307189,70,268,2579,83,0.04380645254964984,88360,29.453333333333333,0.06885174240601115,0.11266666666666666,Hybrid_AddAnomaly
0.8916666666666667,0.6800725910314951,0.22077922077922077,0.4444444444444444,0.2950108459869848,0.7526647703924094,0.26813228980511145,0.26813228980511145,0.261038263787646,0.08429926238145416,0.5555555555555556,68,240,2607,85,0.04380645254964984,89800,29.933333333333334,0.07500000000000001,0.10266666666666667,Hybrid_AddAnomaly
0.8936666666666667,0.6780339814183489,0.22333333333333333,0.43790849673202614,0.29580573951434874,0.7526647703924094,0.26813228980511145,0.26813228980511145,0.2611138085817446,0.08184053389532842,0.5620915032679739,67,233,2614,86,0.04380645254964984,90660,30.22,0.07698920093502402,0.1,Hybrid_AddAnomaly
0.9016666666666666,0.6729718933586782,0.23703703703703705,0.41830065359477125,0.3026004728132388,0.7526647703924094,0.26813228980511145,0.26813228980511145,0.2659388450362178,0.07235686687741483,0.5816993464052288,64,206,2641,89,0.04380645254964984,93120,31.04,0.085,0.09,Hybrid_AddAnomaly
0.904,0.6742012576017411,0.24334600760456274,0.41830065359477125,0.30769230769230765,0.7526647703924094,0.26813228980511145,0.26813228980511145,0.27102256903295385,0.06989813839128908,0.5816993464052288,64,199,2648,89,0.04380645254964984,92980,30.993333333333332,0.08588099236019117,0.08766666666666667,Hybrid_AddAnomaly
0.9136666666666666,0.6669249364656294,0.26548672566371684,0.39215686274509803,0.316622691292876,0.7526647703924094,0.26813228980511145,0.26813228980511145,0.27828078277318813,0.05830698981383913,0.6078431372549019,60,166,2681,93,0.04380645254964984,96320,32.10666666666667,0.095,0.07533333333333334,Hybrid_AddAnomaly
0.914,0.6671005599289241,0.26666666666666666,0.39215686274509803,0.3174603174603175,0.7526647703924094,0.26813228980511145,0.26813228980511145,0.27914162155109046,0.05795574288724974,0.6078431372549019,60,165,2682,93,0.04380645254964984,96300,32.1,0.09587216754756384,0.075,Hybrid_AddAnomaly
0.921,0.6646039518722839,0.29,0.3790849673202614,0.3286118980169971,0.7526647703924094,0.26813228980511145,0.26813228980511145,0.29034589407959055,0.049877063575693714,0.6209150326797386,58,142,2705,95,0.04380645254964984,97840,32.61333333333334,0.10500000000000001,0.06666666666666667,Hybrid_AddAnomaly
0.9243333333333333,0.6632678361123163,0.30319148936170215,0.37254901960784315,0.33431085043988273,0.7526647703924094,0.26813228980511145,0.26813228980511145,0.29640361675776733,0.0460133473832104,0.6274509803921569,57,131,2716,96,0.04380645254964984,98620,32.873333333333335,0.10835120740611899,0.06266666666666666,Hybrid_AddAnomaly
0.9263333333333333,0.6550445257133412,0.3068181818181818,0.35294117647058826,0.3282674772036474,0.7526647703924094,0.26813228980511145,0.26813228980511145,0.29029342633918204,0.04285212504390586,0.6470588235294118,54,122,2725,99,0.04380645254964984,101440,33.81333333333333,0.115,0.058666666666666666,Hybrid_AddAnomaly
0.9296666666666666,0.6444313587746303,0.31645569620253167,0.32679738562091504,0.32154340836012857,0.7526647703924094,0.26813228980511145,0.26813228980511145,0.28450530011300956,0.037934668071654375,0.673202614379085,50,108,2739,103,0.04380645254964984,105160,35.053333333333335,0.125,0.05266666666666667,Hybrid_AddAnomaly
0.931,0.6389491518419802,0.32,0.3137254901960784,0.3168316831683168,0.7526647703924094,0.26813228980511145,0.26813228980511145,0.28051577250145815,0.03582718651211802,0.6862745098039216,48,102,2745,105,0.04380645254964984,107040,35.68,0.13176037774940996,0.05,Hybrid_AddAnomaly
0.9316666666666666,0.6393003987685696,0.32432432432432434,0.3137254901960784,0.318936877076412,0.7526647703924094,0.26813228980511145,0.26813228980511145,0.2830193870256728,0.035124692658939236,0.6862745098039216,48,100,2747,105,0.04380645254964984,107000,35.666666666666664,0.135,0.04933333333333333,Hybrid_AddAnomaly
0.9333333333333333,0.6278091145133853,0.32592592592592595,0.2875816993464052,0.3055555555555555,0.7526647703924094,0.26813228980511145,0.26813228980511145,0.27127019103317096,0.0319634703196347,0.7124183006535948,44,91,2756,109,0.04380645254964984,110820,36.94,0.14500000000000002,0.045,Hybrid_AddAnomaly
0.9346666666666666,0.6254192579736496,0.3333333333333333,0.28104575163398693,0.30496453900709214,0.7526647703924094,0.26813228980511145,0.26813228980511145,0.2720333941633045,0.03020723568668774,0.7189542483660131,43,86,2761,110,0.04380645254964984,111720,37.24,0.155,0.043,Hybrid_AddAnomaly
0.9373333333333334,0.6206395448941783,0.3504273504273504,0.2679738562091503,0.3037037037037037,0.7526647703924094,0.26813228980511145,0.26813228980511145,0.27418512049448035,0.026694766420793818,0.7320261437908496,41,76,2771,112,0.04380645254964984,113520,37.84,0.165,0.039,Hybrid_AddAnomaly
0.938,0.6178984414278532,0.35398230088495575,0.26143790849673204,0.3007518796992481,0.7526647703924094,0.26813228980511145,0.26813228980511145,0.2724676179202952,0.02564102564102564,0.738562091503268,40,73,2774,113,0.04380645254964984,114460,38.153333333333336,0.17034209855529653,0.03766666666666667,Hybrid_AddAnomaly
0.9386666666666666,0.6120649875686137,0.35514018691588783,0.24836601307189543,0.29230769230769227,0.7526647703924094,0.26813228980511145,0.26813228980511145,0.26587241858469446,0.02423603793466807,0.7516339869281046,38,69,2778,115,0.04380645254964984,116380,38.79333333333334,0.17500000000000002,0.035666666666666666,Hybrid_AddAnomaly
0.9403333333333334,0.6067584040992583,0.3673469387755102,0.23529411764705882,0.2868525896414343,0.7526647703924094,0.26813228980511145,0.26813228980511145,0.2642468237400482,0.021777309448542326,0.7647058823529411,36,62,2785,117,0.04380645254964984,118240,39.413333333333334,0.185,0.03266666666666666,Hybrid_AddAnomaly
0.942,0.6076365214157318,0.3870967741935484,0.23529411764705882,0.29268292682926833,0.7526647703924094,0.26813228980511145,0.26813228980511145,0.27325310672877856,0.020021074815595362,0.7647058823529411,36,57,2790,117,0.04380645254964984,118140,39.38,0.195,0.031,Hybrid_AddAnomaly
0.9446666666666667,0.6059491587291749,0.42168674698795183,0.22875816993464052,0.2966101694915254,0.7526647703924094,0.26813228980511145,0.26813228980511145,0.2842233124099804,0.01685985247629083,0.7712418300653595,35,48,2799,118,0.04380645254964984,118960,39.653333333333336,0.20500000000000002,0.027666666666666666,Hybrid_AddAnomaly
0.9463333333333334,0.6037349256527338,0.4473684210526316,0.2222222222222222,0.29694323144104806,0.7526647703924094,0.26813228980511145,0.26813228980511145,0.2904684480876453,0.014752370916754479,0.7777777777777778,34,42,2805,119,0.04380645254964984,119840,39.946666666666665,0.215,0.025333333333333333,Hybrid_AddAnomaly
0.946,0.6004669517965247,0.44,0.21568627450980393,0.2894736842105263,0.7526647703924094,0.26813228980511145,0.26813228980511145,0.2831386151379789,0.014752370916754479,0.7843137254901961,33,42,2805,120,0.04380645254964984,120840,40.28,0.21590176652585835,0.025,Hybrid_AddAnomaly
0.9476666666666667,0.5951603683271693,0.4696969696969697,0.20261437908496732,0.28310502283105027,0.7526647703924094,0.26813228980511145,0.26813228980511145,0.2854457206104026,0.012293642430628733,0.7973856209150327,31,35,2812,122,0.04380645254964984,122700,40.9,0.225,0.022,Hybrid_AddAnomaly
0.948,0.589151291004635,0.47540983606557374,0.1895424836601307,0.2710280373831776,0.7526647703924094,0.26813228980511145,0.26813228980511145,0.277928043836571,0.011239901650860555,0.8104575163398693,29,32,2815,124,0.04380645254964984,124640,41.54666666666667,0.23500000000000001,0.02033333333333333,Hybrid_AddAnomaly
0.9503333333333334,0.584195954461869,0.54,0.17647058823529413,0.2660098522167488,0.7526647703924094,0.26813228980511145,0.26813228980511145,0.2893774324954679,0.008078679311556024,0.8235294117647058,27,23,2824,126,0.04380645254964984,126460,42.153333333333336,0.245,0.016666666666666666,Hybrid_AddAnomaly
0.951,0.5690854494238862,0.5789473684210527,0.1437908496732026,0.23036649214659685,0.7526647703924094,0.26813228980511145,0.26813228980511145,0.27181392786838676,0.005619950825430277,0.8562091503267973,22,16,2831,131,0.04380645254964984,131320,43.77333333333333,0.255,0.012666666666666666,Hybrid_AddAnomaly
0.951,0.5690854494238862,0.5789473684210527,0.1437908496732026,0.23036649214659685,0.7526647703924094,0.26813228980511145,0.26813228980511145,0.27181392786838676,0.005619950825430277,0.8562091503267973,22,16,2831,131,0.04380645254964984,131320,43.77333333333333,0.2564644601460318,0.012666666666666666,Hybrid_AddAnomaly
0.9503333333333334,0.5594571513185533,0.5588235294117647,0.12418300653594772,0.20320855614973263,0.7526647703924094,0.26813228980511145,0.26813228980511145,0.24714311170431955,0.005268703898840885,0.8758169934640523,19,15,2832,134,0.04380645254964984,134300,44.766666666666666,0.265,0.011333333333333334,Hybrid_AddAnomaly
0.952,0.5572429182421125,0.6666666666666666,0.11764705882352941,0.2,0.7526647703924094,0.26813228980511145,0.26813228980511145,0.26669315794228177,0.003161222339304531,0.8823529411764706,18,9,2838,135,0.04380645254964984,135180,45.06,0.275,0.009,Hybrid_AddAnomaly
0.9523333333333334,0.5543261913124927,0.7083333333333334,0.1111111111111111,0.192090395480226,0.7526647703924094,0.26813228980511145,0.26813228980511145,0.26832220799613615,0.0024587284861257463,0.8888888888888888,17,7,2840,136,0.04380645254964984,136140,45.38,0.28500000000000003,0.008,Hybrid_AddAnomaly
0.9513333333333334,0.5414299193509508,0.6842105263157895,0.08496732026143791,0.1511627906976744,0.7526647703924094,0.26813228980511145,0.26813228980511145,0.22978715281830125,0.002107481559536354,0.9150326797385621,13,6,2841,140,0.04380645254964984,140120,46.70666666666666,0.295,0.006333333333333333,Hybrid_AddAnomaly
0.951,0.5319772447089127,0.7142857142857143,0.06535947712418301,0.11976047904191617,0.7526647703924094,0.26813228980511145,0.26813228980511145,0.20644366738904185,0.0014049877063575693,0.934640522875817,10,4,2843,143,0.04380645254964984,143080,47.693333333333335,0.305,0.004666666666666667,Hybrid_AddAnomaly
0.9503333333333334,0.52234894660358,0.7,0.0457516339869281,0.08588957055214724,0.7526647703924094,0.26813228980511145,0.26813228980511145,0.1706046673840555,0.001053740779768177,0.954248366013072,7,3,2844,146,0.04380645254964984,146060,48.68666666666667,0.315,0.0033333333333333335,Hybrid_AddAnomaly
0.9496666666666667,0.5127206484982472,0.6666666666666666,0.026143790849673203,0.05031446540880503,0.7526647703924094,0.26813228980511145,0.26813228980511145,0.12527868140084916,0.0007024938531787847,0.9738562091503268,4,2,2845,149,0.04380645254964984,149040,49.68,0.325,0.002,Hybrid_AddAnomaly
0.9493333333333334,0.5032679738562091,1.0,0.006535947712418301,0.012987012987012988,0.7526647703924094,0.26813228980511145,0.26813228980511145,0.07876980770968345,0.0,0.9934640522875817,1,0,2847,152,0.04380645254964984,152000,50.666666666666664,0.335,0.0003333333333333333,Hybrid_AddAnomaly
0.9493333333333334,0.5032679738562091,1.0,0.006535947712418301,0.012987012987012988,0.7526647703924094,0.26813228980511145,0.26813228980511145,0.07876980770968345,0.0,0.9934640522875817,1,0,2847,152,0.04380645254964984,152000,50.666666666666664,0.3396420603627736,0.0003333333333333333,Hybrid_AddAnomaly
0.949,0.5,0.0,0.0,0.0,0.7526647703924094,0.26813228980511145,0.26813228980511145,0.0,0.0,1.0,0,0,2847,153,0.04380645254964984,153000,51.0,0.34500000000000003,0.0,Hybrid_AddAnomaly
0.949,0.5,0.0,0.0,0.0,0.7526647703924094,0.26813228980511145,0.26813228980511145,0.0,0.0,1.0,0,0,2847,153,0.04380645254964984,153000,51.0,0.35500000000000004,0.0,Hybrid_AddAnomaly
0.949,0.5,0.0,0.0,0.0,0.7526647703924094,0.26813228980511145,0.26813228980511145,0.0,0.0,1.0,0,0,2847,153,0.04380645254964984,153000,51.0,0.365,0.0,Hybrid_AddAnomaly
0.949,0.5,0.0,0.0,0.0,0.7526647703924094,0.26813228980511145,0.26813228980511145,0.0,0.0,1.0,0,0,2847,153,0.04380645254964984,153000,51.0,0.375,0.0,Hybrid_AddAnomaly
0.949,0.5,0.0,0.0,0.0,0.7526647703924094,0.26813228980511145,0.26813228980511145,0.0,0.0,1.0,0,0,2847,153,0.04380645254964984,153000,51.0,0.385,0.0,Hybrid_AddAnomaly
0.949,0.5,0.0,0.0,0.0,0.7526647703924094,0.26813228980511145,0.26813228980511145,0.0,0.0,1.0,0,0,2847,153,0.04380645254964984,153000,51.0,0.395,0.0,Hybrid_AddAnomaly
0.949,0.5,0.0,0.0,0.0,0.7526647703924094,0.26813228980511145,0.26813228980511145,0.0,0.0,1.0,0,0,2847,153,0.04380645254964984,153000,51.0,0.405,0.0,Hybrid_AddAnomaly
0.949,0.5,0.0,0.0,0.0,0.7526647703924094,0.26813228980511145,0.26813228980511145,0.0,0.0,1.0,0,0,2847,153,0.04380645254964984,153000,51.0,0.41500000000000004,0.0,Hybrid_AddAnomaly
0.949,0.5,0.0,0.0,0.0,0.7526647703924094,0.26813228980511145,0.26813228980511145,0.0,0.0,1.0,0,0,2847,153,0.04380645254964984,153000,51.0,0.425,0.0,Hybrid_AddAnomaly
0.949,0.5,0.0,0.0,0.0,0.7526647703924094,0.26813228980511145,0.26813228980511145,0.0,0.0,1.0,0,0,2847,153,0.04380645254964984,153000,51.0,0.435,0.0,Hybrid_AddAnomaly
0.949,0.5,0.0,0.0,0.0,0.7526647703924094,0.26813228980511145,0.26813228980511145,0.0,0.0,1.0,0,0,2847,153,0.04380645254964984,153000,51.0,0.445,0.0,Hybrid_AddAnomaly
0.949,0.5,0.0,0.0,0.0,0.7526647703924094,0.26813228980511145,0.26813228980511145,0.0,0.0,1.0,0,0,2847,153,0.04380645254964984,153000,51.0,0.455,0.0,Hybrid_AddAnomaly
0.949,0.5,0.0,0.0,0.0,0.7526647703924094,0.26813228980511145,0.26813228980511145,0.0,0.0,1.0,0,0,2847,153,0.04380645254964984,153000,51.0,0.465,0.0,Hybrid_AddAnomaly
0.949,0.5,0.0,0.0,0.0,0.7526647703924094,0.26813228980511145,0.26813228980511145,0.0,0.0,1.0,0,0,2847,153,0.04380645254964984,153000,51.0,0.47500000000000003,0.0,Hybrid_AddAnomaly
0.949,0.5,0.0,0.0,0.0,0.7526647703924094,0.26813228980511145,0.26813228980511145,0.0,0.0,1.0,0,0,2847,153,0.04380645254964984,153000,51.0,0.485,0.0,Hybrid_AddAnomaly
0.949,0.5,0.0,0.0,0.0,0.7526647703924094,0.26813228980511145,0.26813228980511145,0.0,0.0,1.0,0,0,2847,153,0.04380645254964984,153000,51.0,0.495,0.0,Hybrid_AddAnomaly
0.949,0.5,0.0,0.0,0.0,0.7526647703924094,0.26813228980511145,0.26813228980511145,0.0,0.0,1.0,0,0,2847,153,0.04380645254964984,153000,51.0,0.505,0.0,Hybrid_AddAnomaly
0.949,0.5,0.0,0.0,0.0,0.7526647703924094,0.26813228980511145,0.26813228980511145,0.0,0.0,1.0,0,0,2847,153,0.04380645254964984,153000,51.0,0.515,0.0,Hybrid_AddAnomaly
0.949,0.5,0.0,0.0,0.0,0.7526647703924094,0.26813228980511145,0.26813228980511145,0.0,0.0,1.0,0,0,2847,153,0.04380645254964984,153000,51.0,0.525,0.0,Hybrid_AddAnomaly
0.949,0.5,0.0,0.0,0.0,0.7526647703924094,0.26813228980511145,0.26813228980511145,0.0,0.0,1.0,0,0,2847,153,0.04380645254964984,153000,51.0,0.535,0.0,Hybrid_AddAnomaly
0.949,0.5,0.0,0.0,0.0,0.7526647703924094,0.26813228980511145,0.26813228980511145,0.0,0.0,1.0,0,0,2847,153,0.04380645254964984,153000,51.0,0.545,0.0,Hybrid_AddAnomaly
0.949,0.5,0.0,0.0,0.0,0.7526647703924094,0.26813228980511145,0.26813228980511145,0.0,0.0,1.0,0,0,2847,153,0.04380645254964984,153000,51.0,0.555,0.0,Hybrid_AddAnomaly
0.949,0.5,0.0,0.0,0.0,0.7526647703924094,0.26813228980511145,0.26813228980511145,0.0,0.0,1.0,0,0,2847,153,0.04380645254964984,153000,51.0,0.5650000000000001,0.0,Hybrid_AddAnomaly
0.949,0.5,0.0,0.0,0.0,0.7526647703924094,0.26813228980511145,0.26813228980511145,0.0,0.0,1.0,0,0,2847,153,0.04380645254964984,153000,51.0,0.5750000000000001,0.0,Hybrid_AddAnomaly
0.949,0.5,0.0,0.0,0.0,0.7526647703924094,0.26813228980511145,0.26813228980511145,0.0,0.0,1.0,0,0,2847,153,0.04380645254964984,153000,51.0,0.585,0.0,Hybrid_AddAnomaly
0.949,0.5,0.0,0.0,0.0,0.7526647703924094,0.26813228980511145,0.26813228980511145,0.0,0.0,1.0,0,0,2847,153,0.04380645254964984,153000,51.0,0.595,0.0,Hybrid_AddAnomaly
0.949,0.5,0.0,0.0,0.0,0.7526647703924094,0.26813228980511145,0.26813228980511145,0.0,0.0,1.0,0,0,2847,153,0.04380645254964984,153000,51.0,0.605,0.0,Hybrid_AddAnomaly
0.949,0.5,0.0,0.0,0.0,0.7526647703924094,0.26813228980511145,0.26813228980511145,0.0,0.0,1.0,0,0,2847,153,0.04380645254964984,153000,51.0,0.615,0.0,Hybrid_AddAnomaly
0.949,0.5,0.0,0.0,0.0,0.7526647703924094,0.26813228980511145,0.26813228980511145,0.0,0.0,1.0,0,0,2847,153,0.04380645254964984,153000,51.0,0.625,0.0,Hybrid_AddAnomaly
0.949,0.5,0.0,0.0,0.0,0.7526647703924094,0.26813228980511145,0.26813228980511145,0.0,0.0,1.0,0,0,2847,153,0.04380645254964984,153000,51.0,0.635,0.0,Hybrid_AddAnomaly
0.949,0.5,0.0,0.0,0.0,0.7526647703924094,0.26813228980511145,0.26813228980511145,0.0,0.0,1.0,0,0,2847,153,0.04380645254964984,153000,51.0,0.645,0.0,Hybrid_AddAnomaly
0.949,0.5,0.0,0.0,0.0,0.7526647703924094,0.26813228980511145,0.26813228980511145,0.0,0.0,1.0,0,0,2847,153,0.04380645254964984,153000,51.0,0.655,0.0,Hybrid_AddAnomaly
0.949,0.5,0.0,0.0,0.0,0.7526647703924094,0.26813228980511145,0.26813228980511145,0.0,0.0,1.0,0,0,2847,153,0.04380645254964984,153000,51.0,0.665,0.0,Hybrid_AddAnomaly
0.949,0.5,0.0,0.0,0.0,0.7526647703924094,0.26813228980511145,0.26813228980511145,0.0,0.0,1.0,0,0,2847,153,0.04380645254964984,153000,51.0,0.675,0.0,Hybrid_AddAnomaly
0.949,0.5,0.0,0.0,0.0,0.7526647703924094,0.26813228980511145,0.26813228980511145,0.0,0.0,1.0,0,0,2847,153,0.04380645254964984,153000,51.0,0.685,0.0,Hybrid_AddAnomaly
0.949,0.5,0.0,0.0,0.0,0.7526647703924094,0.26813228980511145,0.26813228980511145,0.0,0.0,1.0,0,0,2847,153,0.04380645254964984,153000,51.0,0.6950000000000001,0.0,Hybrid_AddAnomaly
0.949,0.5,0.0,0.0,0.0,0.7526647703924094,0.26813228980511145,0.26813228980511145,0.0,0.0,1.0,0,0,2847,153,0.04380645254964984,153000,51.0,0.7050000000000001,0.0,Hybrid_AddAnomaly
0.949,0.5,0.0,0.0,0.0,0.7526647703924094,0.26813228980511145,0.26813228980511145,0.0,0.0,1.0,0,0,2847,153,0.04380645254964984,153000,51.0,0.715,0.0,Hybrid_AddAnomaly
0.949,0.5,0.0,0.0,0.0,0.7526647703924094,0.26813228980511145,0.26813228980511145,0.0,0.0,1.0,0,0,2847,153,0.04380645254964984,153000,51.0,0.725,0.0,Hybrid_AddAnomaly
0.949,0.5,0.0,0.0,0.0,0.7526647703924094,0.26813228980511145,0.26813228980511145,0.0,0.0,1.0,0,0,2847,153,0.04380645254964984,153000,51.0,0.735,0.0,Hybrid_AddAnomaly
0.949,0.5,0.0,0.0,0.0,0.7526647703924094,0.26813228980511145,0.26813228980511145,0.0,0.0,1.0,0,0,2847,153,0.04380645254964984,153000,51.0,0.745,0.0,Hybrid_AddAnomaly
0.949,0.5,0.0,0.0,0.0,0.7526647703924094,0.26813228980511145,0.26813228980511145,0.0,0.0,1.0,0,0,2847,153,0.04380645254964984,153000,51.0,0.755,0.0,Hybrid_AddAnomaly
0.949,0.5,0.0,0.0,0.0,0.7526647703924094,0.26813228980511145,0.26813228980511145,0.0,0.0,1.0,0,0,2847,153,0.04380645254964984,153000,51.0,0.765,0.0,Hybrid_AddAnomaly
0.949,0.5,0.0,0.0,0.0,0.7526647703924094,0.26813228980511145,0.26813228980511145,0.0,0.0,1.0,0,0,2847,153,0.04380645254964984,153000,51.0,0.775,0.0,Hybrid_AddAnomaly
0.949,0.5,0.0,0.0,0.0,0.7526647703924094,0.26813228980511145,0.26813228980511145,0.0,0.0,1.0,0,0,2847,153,0.04380645254964984,153000,51.0,0.785,0.0,Hybrid_AddAnomaly
0.949,0.5,0.0,0.0,0.0,0.7526647703924094,0.26813228980511145,0.26813228980511145,0.0,0.0,1.0,0,0,2847,153,0.04380645254964984,153000,51.0,0.795,0.0,Hybrid_AddAnomaly
0.949,0.5,0.0,0.0,0.0,0.7526647703924094,0.26813228980511145,0.26813228980511145,0.0,0.0,1.0,0,0,2847,153,0.04380645254964984,153000,51.0,0.805,0.0,Hybrid_AddAnomaly
0.949,0.5,0.0,0.0,0.0,0.7526647703924094,0.26813228980511145,0.26813228980511145,0.0,0.0,1.0,0,0,2847,153,0.04380645254964984,153000,51.0,0.8150000000000001,0.0,Hybrid_AddAnomaly
0.949,0.5,0.0,0.0,0.0,0.7526647703924094,0.26813228980511145,0.26813228980511145,0.0,0.0,1.0,0,0,2847,153,0.04380645254964984,153000,51.0,0.8250000000000001,0.0,Hybrid_AddAnomaly
0.949,0.5,0.0,0.0,0.0,0.7526647703924094,0.26813228980511145,0.26813228980511145,0.0,0.0,1.0,0,0,2847,153,0.04380645254964984,153000,51.0,0.8350000000000001,0.0,Hybrid_AddAnomaly
0.949,0.5,0.0,0.0,0.0,0.7526647703924094,0.26813228980511145,0.26813228980511145,0.0,0.0,1.0,0,0,2847,153,0.04380645254964984,153000,51.0,0.845,0.0,Hybrid_AddAnomaly
0.949,0.5,0.0,0.0,0.0,0.7526647703924094,0.26813228980511145,0.26813228980511145,0.0,0.0,1.0,0,0,2847,153,0.04380645254964984,153000,51.0,0.855,0.0,Hybrid_AddAnomaly
0.949,0.5,0.0,0.0,0.0,0.7526647703924094,0.26813228980511145,0.26813228980511145,0.0,0.0,1.0,0,0,2847,153,0.04380645254964984,153000,51.0,0.865,0.0,Hybrid_AddAnomaly
0.949,0.5,0.0,0.0,0.0,0.7526647703924094,0.26813228980511145,0.26813228980511145,0.0,0.0,1.0,0,0,2847,153,0.04380645254964984,153000,51.0,0.875,0.0,Hybrid_AddAnomaly
0.949,0.5,0.0,0.0,0.0,0.7526647703924094,0.26813228980511145,0.26813228980511145,0.0,0.0,1.0,0,0,2847,153,0.04380645254964984,153000,51.0,0.885,0.0,Hybrid_AddAnomaly
0.949,0.5,0.0,0.0,0.0,0.7526647703924094,0.26813228980511145,0.26813228980511145,0.0,0.0,1.0,0,0,2847,153,0.04380645254964984,153000,51.0,0.895,0.0,Hybrid_AddAnomaly
0.949,0.5,0.0,0.0,0.0,0.7526647703924094,0.26813228980511145,0.26813228980511145,0.0,0.0,1.0,0,0,2847,153,0.04380645254964984,153000,51.0,0.905,0.0,Hybrid_AddAnomaly
0.949,0.5,0.0,0.0,0.0,0.7526647703924094,0.26813228980511145,0.26813228980511145,0.0,0.0,1.0,0,0,2847,153,0.04380645254964984,153000,51.0,0.915,0.0,Hybrid_AddAnomaly
0.949,0.5,0.0,0.0,0.0,0.7526647703924094,0.26813228980511145,0.26813228980511145,0.0,0.0,1.0,0,0,2847,153,0.04380645254964984,153000,51.0,0.925,0.0,Hybrid_AddAnomaly
0.949,0.5,0.0,0.0,0.0,0.7526647703924094,0.26813228980511145,0.26813228980511145,0.0,0.0,1.0,0,0,2847,153,0.04380645254964984,153000,51.0,0.935,0.0,Hybrid_AddAnomaly
0.949,0.5,0.0,0.0,0.0,0.7526647703924094,0.26813228980511145,0.26813228980511145,0.0,0.0,1.0,0,0,2847,153,0.04380645254964984,153000,51.0,0.9450000000000001,0.0,Hybrid_AddAnomaly
0.949,0.5,0.0,0.0,0.0,0.7526647703924094,0.26813228980511145,0.26813228980511145,0.0,0.0,1.0,0,0,2847,153,0.04380645254964984,153000,51.0,0.9550000000000001,0.0,Hybrid_AddAnomaly
0.949,0.5,0.0,0.0,0.0,0.7526647703924094,0.26813228980511145,0.26813228980511145,0.0,0.0,1.0,0,0,2847,153,0.04380645254964984,153000,51.0,0.965,0.0,Hybrid_AddAnomaly
0.949,0.5,0.0,0.0,0.0,0.7526647703924094,0.26813228980511145,0.26813228980511145,0.0,0.0,1.0,0,0,2847,153,0.04380645254964984,153000,51.0,0.975,0.0,Hybrid_AddAnomaly
0.949,0.5,0.0,0.0,0.0,0.7526647703924094,0.26813228980511145,0.26813228980511145,0.0,0.0,1.0,0,0,2847,153,0.04380645254964984,153000,51.0,0.985,0.0,Hybrid_AddAnomaly
0.949,0.5,0.0,0.0,0.0,0.7526647703924094,0.26813228980511145,0.26813228980511145,0.0,0.0,1.0,0,0,2847,153,0.04380645254964984,153000,51.0,0.995,0.0,Hybrid_AddAnomaly
0.949,0.5,0.0,0.0,0.0,0.7526647703924094,0.26813228980511145,0.26813228980511145,0.0,0.0,1.0,0,0,2847,153,0.04380645254964984,153000,51.0,1.000001,0.0,Hybrid_AddAnomaly
0.051,0.5,0.051,1.0,0.09705042816365367,0.7529976514666281,0.26868446419812936,0.26868446419812936,0.0,1.0,0.0,153,2847,0,0,0.04380898344506764,56940,18.98,0.005,1.0,Hybrid_AddDeviceRecipient
0.051,0.5,0.051,1.0,0.09705042816365367,0.7529976514666281,0.26868446419812936,0.26868446419812936,0.0,1.0,0.0,153,2847,0,0,0.04380898344506764,56940,18.98,0.006301346491911749,1.0,Hybrid_AddDeviceRecipient
0.06366666666666666,0.5066736916051985,0.051654287643484134,1.0,0.09823434991974317,0.7529976514666281,0.26868446419812936,0.26868446419812936,0.02625737175799689,0.9866526167896031,0.0,153,2809,38,0,0.04380898344506764,56180,18.726666666666667,0.008783484352115605,0.9873333333333333,Hybrid_AddDeviceRecipient
0.076,0.5131717597471022,0.052307692307692305,1.0,0.09941520467836255,0.7529976514666281,0.26868446419812936,0.26868446419812936,0.037121000956393126,0.9736564805057956,0.0,153,2772,75,0,0.04380898344506764,55440,18.48,0.009469781520464375,0.975,Hybrid_AddDeviceRecipient
0.08733333333333333,0.512958256713293,0.05230342916522342,0.9869281045751634,0.0993421052631579,0.7529976514666281,0.26868446419812936,0.26868446419812936,0.02994700605292727,0.9610115911485775,0.013071895424836602,151,2736,111,2,0.04380898344506764,56720,18.906666666666666,0.009943154490631996,0.9623333333333334,Hybrid_AddDeviceRecipient
0.09966666666666667,0.5194563248551968,0.052982456140350874,0.9869281045751634,0.10056610056610055,0.7529976514666281,0.26868446419812936,0.26868446419812936,0.03927916021395883,0.9480154548647699,0.013071895424836602,151,2699,148,2,0.04380898344506764,55980,18.66,0.010504470747044853,0.95,Hybrid_AddDeviceRecipient
0.11166666666666666,0.5226864191408913,0.05334281650071124,0.9803921568627451,0.10118043844856661,0.7529976514666281,0.26868446419812936,0.26868446419812936,0.04118592396861915,0.9350193185809624,0.0196078431372549,150,2662,185,3,0.04380898344506764,56240,18.746666666666666,0.010847555457214319,0.9373333333333334,Hybrid_AddDeviceRecipient
0.12333333333333334,0.5257408899632913,0.05369369369369369,0.9738562091503268,0.10177595628415301,0.7529976514666281,0.26868446419812936,0.26868446419812936,0.043000177662944894,0.9223744292237442,0.026143790849673203,149,2626,221,4,0.04380898344506764,56520,18.84,0.01122093311509516,0.925,Hybrid_AddDeviceRecipient
0.136,0.5324145815684898,0.05443916697113628,0.9738562091503268,0.10311418685121108,0.7529976514666281,0.26868446419812936,0.26868446419812936,0.05043065298015686,0.9090270460133474,0.026143790849673203,149,2588,259,4,0.04380898344506764,55760,18.586666666666666,0.011632905446584326,0.9123333333333333,Hybrid_AddDeviceRecipient
0.14833333333333334,0.5389126497103934,0.055185185185185184,0.9738562091503268,0.10445145460918333,0.7529976514666281,0.26868446419812936,0.26868446419812936,0.057071296653263326,0.8960309097295399,0.026143790849673203,149,2551,296,4,0.04380898344506764,55020,18.34,0.011938793050937676,0.9,Hybrid_AddDeviceRecipient
0.16033333333333333,0.5421427439960881,0.05559729526671676,0.9673202614379085,0.10515097690941384,0.7529976514666281,0.26868446419812936,0.26868446419812936,0.05864484987749507,0.8830347734457323,0.032679738562091505,148,2514,333,5,0.04380898344506764,55280,18.426666666666666,0.012313566480321133,0.8873333333333333,Hybrid_AddDeviceRecipient
0.17266666666666666,0.5486408121379919,0.05638095238095238,0.9673202614379085,0.10655147588192945,0.7529976514666281,0.26868446419812936,0.26868446419812936,0.06471276769051185,0.8700386371619249,0.032679738562091505,148,2477,370,5,0.04380898344506764,54540,18.18,0.012594275458953851,0.875,Hybrid_AddDeviceRecipient
0.18533333333333332,0.5553145037431902,0.057209122535755705,0.9673202614379085,0.10802919708029197,0.7529976514666281,0.26868446419812936,0.26868446419812936,0.07063748448400041,0.8566912539515279,0.032679738562091505,148,2439,408,5,0.04380898344506764,53780,17.926666666666666,0.012877499091017552,0.8623333333333333,Hybrid_AddDeviceRecipient
0.197,0.5583689745655902,0.05764705882352941,0.9607843137254902,0.10876803551609322,0.7529976514666281,0.26868446419812936,0.26868446419812936,0.07192422006589715,0.8440463645943098,0.0392156862745098,147,2403,444,6,0.04380898344506764,54060,18.02,0.013141902434275626,0.85,Hybrid_AddDeviceRecipient
0.209,0.5615990688512849,0.058121019108280256,0.954248366013072,0.10956848030018762,0.7529976514666281,0.26868446419812936,0.26868446419812936,0.07343851110993677,0.8310502283105022,0.0457516339869281,146,2366,481,7,0.04380898344506764,54320,18.106666666666666,0.013469568508229952,0.8373333333333334,Hybrid_AddDeviceRecipient
0.22066666666666668,0.5646535396736847,0.05858585858585859,0.9477124183006536,0.11035007610350078,0.7529976514666281,0.26868446419812936,0.26868446419812936,0.07486770114502132,0.8184053389532842,0.05228758169934641,145,2330,517,8,0.04380898344506764,54600,18.2,0.013684796131985125,0.825,Hybrid_AddDeviceRecipient
0.23266666666666666,0.5678836339593794,0.059089043906442346,0.9411764705882353,0.11119691119691118,0.7529976514666281,0.26868446419812936,0.26868446419812936,0.07649843766915644,0.8054092026694767,0.058823529411764705,144,2293,554,9,0.04380898344506764,54860,18.286666666666665,0.013988994916438674,0.8123333333333334,Hybrid_AddDeviceRecipient
0.24433333333333335,0.5709381047817792,0.059583333333333335,0.934640522875817,0.11202506854680767,0.7529976514666281,0.26868446419812936,0.26868446419812936,0.07803110914096623,0.7927643133122585,0.06535947712418301,143,2257,590,10,0.04380898344506764,55140,18.38,0.014234821055205198,0.8,Hybrid_AddDeviceRecipient
0.257,0.5776117963869777,0.06054191363251482,0.934640522875817,0.11371769383697813,0.7529976514666281,0.26868446419812936,0.26868446419812936,0.08345394942048273,0.7794169301018616,0.06535947712418301,143,2219,628,10,0.04380898344506764,54380,18.126666666666665,0.014432654877146995,0.7873333333333333,Hybrid_AddDeviceRecipient
0.26866666666666666,0.5806662672093776,0.0610752688172043,0.9281045751633987,0.11460855528652139,0.7529976514666281,0.26868446419812936,0.26868446419812936,0.08499591240445557,0.7667720407446434,0.0718954248366013,142,2183,664,11,0.04380898344506764,54660,18.22,0.014736087733044306,0.775,Hybrid_AddDeviceRecipient
0.2813333333333333,0.587339958814576,0.062090074333187584,0.9281045751633987,0.11639344262295083,0.7529976514666281,0.26868446419812936,0.26868446419812936,0.09028270864211797,0.7534246575342466,0.0718954248366013,142,2145,702,11,0.04380898344506764,53900,17.966666666666665,0.014976462826686082,0.7623333333333333,Hybrid_AddDeviceRecipient
0.283,0.5882180761310496,0.06222611744084137,0.9281045751633987,0.11663244353182751,0.7529976514666281,0.26868446419812936,0.26868446419812936,0.09097184126389642,0.7516684229012996,0.0718954248366013,142,2140,707,11,0.04380898344506764,53800,17.933333333333334,0.015,0.7606666666666667,Hybrid_AddDeviceRecipient
0.2936666666666667,0.5938380269564798,0.06311111111111112,0.9281045751633987,0.11818560133166876,0.7529976514666281,0.26868446419812936,0.26868446419812936,0.09535125676853416,0.740428521250439,0.0718954248366013,142,2108,739,11,0.04380898344506764,53160,17.72,0.015370690672837523,0.75,Hybrid_AddDeviceRecipient
0.30566666666666664,0.5970681212421745,0.06374321880650995,0.9215686274509803,0.11923890063424948,0.7529976514666281,0.26868446419812936,0.26868446419812936,0.09704885111888976,0.7274323849666315,0.0784313725490196,141,2071,776,12,0.04380898344506764,53420,17.80666666666667,0.015687282503200405,0.7373333333333333,Hybrid_AddDeviceRecipient
0.31733333333333336,0.6001225920645743,0.06436781609195402,0.9150326797385621,0.1202749140893471,0.7529976514666281,0.26868446419812936,0.26868446419812936,0.09866086623540128,0.7147874956094135,0.08496732026143791,140,2035,812,13,0.04380898344506764,53700,17.9,0.015957381329877934,0.725,Hybrid_AddDeviceRecipient
0.32866666666666666,0.5999090890307651,0.0645765091249415,0.9019607843137255,0.1205240174672489,0.7529976514666281,0.26868446419812936,0.26868446419812936,0.09711063295460662,0.7021426062521953,0.09803921568627451,138,1999,848,15,0.04380898344506764,54980,18.326666666666668,0.016216993266742002,0.7123333333333334,Hybrid_AddDeviceRecipient
0.3403333333333333,0.6029635598531651,0.06523809523809523,0.8954248366013072,0.1216156236129605,0.7529976514666281,0.26868446419812936,0.26868446419812936,0.09886033823000616,0.6894977168949772,0.10457516339869281,137,1963,884,16,0.04380898344506764,55260,18.42,0.01654739589478097,0.7,Hybrid_AddDeviceRecipient
0.353,0.6096372514583634,0.06644034917555772,0.8954248366013072,0.12370203160270882,0.7529976514666281,0.26868446419812936,0.26868446419812936,0.10405952388250618,0.6761503336845802,0.10457516339869281,137,1925,922,16,0.04380898344506764,54500,18.166666666666668,0.016763355357160736,0.6873333333333334,Hybrid_AddDeviceRecipient
0.36533333333333334,0.6161353196002672,0.06765432098765432,0.8954248366013072,0.1258034894398531,0.7529976514666281,0.26868446419812936,0.26868446419812936,0.10909854093719897,0.6631541974007727,0.10457516339869281,137,1888,959,16,0.04380898344506764,53760,17.92,0.01706525430939088,0.675,Hybrid_AddDeviceRecipient
0.37733333333333335,0.6193654138859618,0.06844489179667841,0.8888888888888888,0.12710280373831775,0.7529976514666281,0.26868446419812936,0.26868446419812936,0.11105658037442018,0.6501580611169653,0.1111111111111111,136,1851,996,17,0.04380898344506764,54020,18.006666666666668,0.0173307710576325,0.6623333333333333,Hybrid_AddDeviceRecipient
0.389,0.6224198847083617,0.06923076923076923,0.8823529411764706,0.1283880171184023,0.7529976514666281,0.26868446419812936,0.26868446419812936,0.11293003314000648,0.6375131717597471,0.11764705882352941,135,1815,1032,18,0.04380898344506764,54300,18.1,0.01768103735783095,0.65,Hybrid_AddDeviceRecipient
0.4003333333333333,0.6222063816745526,0.06956066945606694,0.869281045751634,0.1288135593220339,0.7529976514666281,0.26868446419812936,0.26868446419812936,0.11184200357182232,0.624868282402529,0.13071895424836602,133,1779,1068,20,0.04380898344506764,55580,18.526666666666667,0.017925131881570897,0.6373333333333333,Hybrid_AddDeviceRecipient
0.4106666666666667,0.6183736578579447,0.06933333333333333,0.8496732026143791,0.1282051282051282,0.7529976514666281,0.26868446419812936,0.26868446419812936,0.10758398213849875,0.6129258868984896,0.1503267973856209,130,1745,1102,23,0.04380898344506764,57900,19.3,0.018189035537398354,0.625,Hybrid_AddDeviceRecipient
0.4226666666666667,0.6216037521436393,0.07022318998366903,0.8431372549019608,0.12964824120603013,0.7529976514666281,0.26868446419812936,0.26868446419812936,0.10981760920925988,0.5999297506146821,0.1568627450980392,129,1708,1139,24,0.04380898344506764,58160,19.386666666666667,0.018408068157979983,0.6123333333333333,Hybrid_AddDeviceRecipient
0.43433333333333335,0.6246582229660392,0.07111111111111111,0.8366013071895425,0.13108038914490527,0.7529976514666281,0.26868446419812936,0.26868446419812936,0.11196015748880667,0.587284861257464,0.16339869281045752,128,1672,1175,25,0.04380898344506764,58440,19.48,0.018828012633942168,0.6,Hybrid_AddDeviceRecipient
0.44633333333333336,0.6278883172517339,0.0720771850170261,0.8300653594771242,0.13263707571801567,0.7529976514666281,0.26868446419812936,0.26868446419812936,0.11429758210102343,0.5742887249736565,0.16993464052287582,127,1635,1212,26,0.04380898344506764,58700,19.566666666666666,0.019160394393413348,0.5873333333333334,Hybrid_AddDeviceRecipient
0.458,0.6309427880741337,0.07304347826086957,0.8235294117647058,0.13418530351437702,0.7529976514666281,0.26868446419812936,0.26868446419812936,0.11654707712952067,0.5616438356164384,0.17647058823529413,126,1599,1248,27,0.04380898344506764,58980,19.66,0.01952019585996444,0.575,Hybrid_AddDeviceRecipient
0.468,0.6238420904013169,0.07231772377000593,0.7973856209150327,0.13260869565217392,0.7529976514666281,0.26868446419812936,0.26868446419812936,0.1098367855317257,0.549701440112399,0.20261437908496732,122,1565,1282,31,0.04380898344506764,62300,20.766666666666666,0.019903083491898243,0.5623333333333334,Hybrid_AddDeviceRecipient
0.479,0.6234529639042129,0.07272727272727272,0.7843137254901961,0.13311148086522462,0.7529976514666281,0.26868446419812936,0.26868446419812936,0.10918478151458022,0.5374077976817703,0.21568627450980393,120,1530,1317,33,0.04380898344506764,63600,21.2,0.02025050579443631,0.55,Hybrid_AddDeviceRecipient
0.49033333333333334,0.6232394608704037,0.07320099255583126,0.7712418300653595,0.13371104815864024,0.7529976514666281,0.26868446419812936,0.26868446419812936,0.10875318445836413,0.5247629083245522,0.22875816993464052,118,1494,1353,35,0.04380898344506764,64880,21.626666666666665,0.020668058036323083,0.5373333333333333,Hybrid_AddDeviceRecipient
0.502,0.6262939316928036,0.07428571428571429,0.7647058823529411,0.13541666666666666,0.7529976514666281,0.26868446419812936,0.26868446419812936,0.11127669466917785,0.512118018967334,0.23529411764705882,117,1458,1389,36,0.04380898344506764,65160,21.72,0.02103374956105107,0.525,Hybrid_AddDeviceRecipient
0.5146666666666667,0.6329676232980019,0.07612231620039037,0.7647058823529411,0.13846153846153844,0.7529976514666281,0.26868446419812936,0.26868446419812936,0.11704591308521926,0.49877063575693714,0.23529411764705882,117,1420,1427,36,0.04380898344506764,64400,21.466666666666665,0.021490780207139702,0.5123333333333333,Hybrid_AddDeviceRecipient
0.527,0.6394656914399057,0.078,0.7647058823529411,0.1415607985480944,0.7529976514666281,0.26868446419812936,0.26868446419812936,0.12272854059064592,0.4857744994731296,0.23529411764705882,117,1383,1464,36,0.04380898344506764,63660,21.22,0.021847501664107156,0.5,Hybrid_AddDeviceRecipient
0.5393333333333333,0.6459637595818095,0.07997265892002735,0.7647058823529411,0.1448019801980198,0.7529976514666281,0.26868446419812936,0.26868446419812936,0.12848587568806333,0.4727783631893221,0.23529411764705882,117,1346,1501,36,0.04380898344506764,62920,20.973333333333333,0.022336279001889954,0.4876666666666667,Hybrid_AddDeviceRecipient
0.5513333333333333,0.6491938538675042,0.08140350877192983,0.7581699346405228,0.14702154626108999,0.7529976514666281,0.26868446419812936,0.26868446419812936,0.13145365498410716,0.45978222690551457,0.24183006535947713,116,1309,1538,37,0.04380898344506764,63180,21.06,0.022734153488630195,0.475,Hybrid_AddDeviceRecipient
0.5636666666666666,0.655691922009408,0.08357348703170028,0.7581699346405228,0.15055158987670345,0.7529976514666281,0.26868446419812936,0.26868446419812936,0.13739099630411197,0.44678609062170704,0.24183006535947713,116,1272,1575,37,0.04380898344506764,62440,20.813333333333333,0.023246166050916343,0.46266666666666667,Hybrid_AddDeviceRecipient
0.5763333333333334,0.6623656136146063,0.08592592592592592,0.7581699346405228,0.1543579507651364,0.7529976514666281,0.26868446419812936,0.26868446419812936,0.14360006829602392,0.43343870741131013,0.24183006535947713,116,1234,1613,37,0.04380898344506764,61680,20.56,0.023668333011823434,0.45,Hybrid_AddDeviceRecipient
0.588,0.6654200844370063,0.08758568164508758,0.7516339869281046,0.15688949522510232,0.7529976514666281,0.26868446419812936,0.26868446419812936,0.14671272325966986,0.42079381805409205,0.24836601307189543,115,1198,1649,38,0.04380898344506764,61960,20.653333333333332,0.024100884480344642,0.43766666666666665,Hybrid_AddDeviceRecipient
0.6006666666666667,0.6720937760422048,0.09019607843137255,0.7516339869281046,0.1610644257703081,0.7529976514666281,0.26868446419812936,0.26868446419812936,0.15317396921887694,0.40744643484369514,0.24836601307189543,115,1160,1687,38,0.04380898344506764,61200,20.4,0.02463958820825241,0.425,Hybrid_AddDeviceRecipient
0.608,0.675957492234688,0.09177972865123703,0.7516339869281046,0.16358463726884778,0.7529976514666281,0.26868446419812936,0.26868446419812936,0.15698393838794322,0.3997190024587285,0.24836601307189543,115,1138,1709,38,0.04380898344506764,60760,20.253333333333334,0.025,0.4176666666666667,Hybrid_AddDeviceRecipient
0.613,0.6785918441841086,0.09289176090468497,0.7516339869281046,0.16534867002156722,0.7529976514666281,0.26868446419812936,0.26868446419812936,0.1596128279100457,0.3944502985598876,0.24836601307189543,115,1123,1724,38,0.04380898344506764,60460,20.153333333333332,0.025261506522234894,0.4126666666666667,Hybrid_AddDeviceRecipient
0.6243333333333333,0.6783783411502993,0.09416666666666666,0.738562091503268,0.1670362158167036,0.7529976514666281,0.26868446419812936,0.26868446419812936,0.16020818115801616,0.3818054092026695,0.26143790849673204,113,1087,1760,40,0.04380898344506764,61740,20.58,0.02580090564505536,0.4,Hybrid_AddDeviceRecipient
0.6366666666666667,0.6848764092922031,0.09716251074806535,0.738562091503268,0.1717325227963526,0.7529976514666281,0.26868446419812936,0.26868446419812936,0.16695772054533842,0.36880927291886195,0.26143790849673204,113,1050,1797,40,0.04380898344506764,61000,20.333333333333332,0.026328876314982246,0.38766666666666666,Hybrid_AddDeviceRecipient
0.6486666666666666,0.6881065035778976,0.09955555555555555,0.7320261437908496,0.1752738654147105,0.7529976514666281,0.26868446419812936,0.26868446419812936,0.1709607279800871,0.35581313663505443,0.2679738562091503,112,1013,1834,41,0.04380898344506764,61260,20.42,0.02694437223087112,0.375,Hybrid_AddDeviceRecipient
0.6583333333333333,0.680830182441786,0.09926470588235294,0.7058823529411765,0.17405318291700242,0.7529976514666281,0.26868446419812936,0.26868446419812936,0.16549389347282276,0.3442219880576045,0.29411764705882354,108,980,1867,45,0.04380898344506764,64600,21.533333333333335,0.02777163609051052,0.3626666666666667,Hybrid_AddDeviceRecipient
0.669,0.6771730820884729,0.1,0.6862745098039216,0.1745635910224439,0.7529976514666281,0.26868446419812936,0.26868446419812936,0.1634388243334271,0.33192834562697576,0.3137254901960784,105,945,1902,48,0.04380898344506764,66900,22.3,0.028463251582758278,0.35,Hybrid_AddDeviceRecipient
0.68,0.6767839555913691,0.1016781836130306,0.673202614379085,0.17667238421955403,0.7529976514666281,0.26868446419812936,0.26868446419812936,0.16447831020631823,0.319634703196347,0.32679738562091504,103,910,1937,50,0.04380898344506764,68200,22.733333333333334,0.029066932415072296,0.33766666666666667,Hybrid_AddDeviceRecipient
0.692,0.6800140498770635,0.10461538461538461,0.6666666666666666,0.18085106382978722,0.7529976514666281,0.26868446419812936,0.26868446419812936,0.16910678213467978,0.3066385669125395,0.3333333333333333,102,873,1974,51,0.04380898344506764,68460,22.82,0.02998548700206821,0.325,Hybrid_AddDeviceRecipient
0.7036666666666667,0.6830685206994636,0.10767590618336886,0.6601307189542484,0.1851512373968836,0.7529976514666281,0.26868446419812936,0.26868446419812936,0.17375502257182593,0.2939936775553214,0.33986928104575165,101,837,2010,52,0.04380898344506764,68740,22.913333333333334,0.030724173096579963,0.31266666666666665,Hybrid_AddDeviceRecipient
0.7143333333333334,0.6794114203461503,0.10888888888888888,0.6405228758169934,0.18613485280151945,0.7529976514666281,0.26868446419812936,0.26868446419812936,0.1722616595914154,0.28170003512469266,0.35947712418300654,98,802,2045,55,0.04380898344506764,71040,23.68,0.03158074091251727,0.3,Hybrid_AddDeviceRecipient
0.7266666666666667,0.6859094884880541,0.11355735805330243,0.6405228758169934,0.19291338582677164,0.7529976514666281,0.26868446419812936,0.26868446419812936,0.18070215907766682,0.26870389884088514,0.35947712418300654,98,765,2082,55,0.04380898344506764,70300,23.433333333333334,0.03254848740136982,0.2876666666666667,Hybrid_AddDeviceRecipient
0.7393333333333333,0.6925831800932526,0.11878787878787879,0.6405228758169934,0.20040899795501022,0.7529976514666281,0.26868446419812936,0.26868446419812936,0.18977158879500658,0.2553565156304882,0.35947712418300654,98,727,2120,55,0.04380898344506764,69540,23.18,0.0338035832903129,0.275,Hybrid_AddDeviceRecipient
0.7476666666666667,0.6876967154968767,0.11964735516372796,0.6209150326797386,0.2006335797254488,0.7529976514666281,0.26868446419812936,0.26868446419812936,0.18720313283244688,0.24552160168598525,0.3790849673202614,95,699,2148,58,0.04380898344506764,71980,23.993333333333332,0.034999999999999996,0.26466666666666666,Hybrid_AddDeviceRecipient
0.7496666666666667,0.6887504562766449,0.12055837563451777,0.6209150326797386,0.20191285866099895,0.7529976514666281,0.26868446419812936,0.26868446419812936,0.188712985225223,0.2434141201264489,0.3790849673202614,95,693,2154,58,0.04380898344506764,71860,23.953333333333333,0.03525935909627352,0.26266666666666666,Hybrid_AddDeviceRecipient
0.7616666666666667,0.6919805505623395,0.12533333333333332,0.6143790849673203,0.2081949058693245,0.7529976514666281,0.26868446419812936,0.26868446419812936,0.19507642439801026,0.23041798384264137,0.38562091503267976,94,656,2191,59,0.04380898344506764,72120,24.04,0.0366275886297661,0.25,Hybrid_AddDeviceRecipient
0.772,0.6881478267457317,0.1276297335203366,0.5947712418300654,0.21016166281755197,0.7529976514666281,0.26868446419812936,0.26868446419812936,0.1944871013712652,0.21847558833860203,0.40522875816993464,91,622,2225,62,0.04380898344506764,74440,24.813333333333333,0.0380184175792491,0.23766666666666666,Hybrid_AddDeviceRecipient
0.784,0.6913779210314263,0.13333333333333333,0.5882352941176471,0.21739130434782608,0.7529976514666281,0.26868446419812936,0.26868446419812936,0.20164985408228894,0.2054794520547945,0.4117647058823529,90,585,2262,63,0.04380898344506764,74700,24.9,0.03964808028358191,0.225,Hybrid_AddDeviceRecipient
0.795,0.6909887945343223,0.13793103448275862,0.5751633986928104,0.22250316055625788,0.7529976514666281,0.26868446419812936,0.26868446419812936,0.2053652916300831,0.1931858096241658,0.42483660130718953,88,550,2297,65,0.04380898344506764,76000,25.333333333333332,0.04149478775305492,0.21266666666666667,Hybrid_AddDeviceRecipient
0.8076666666666666,0.6976624861395208,0.14666666666666667,0.5751633986928104,0.23373173970783528,0.7529976514666281,0.26868446419812936,0.26868446419812936,0.2174264885772554,0.17983842641376888,0.42483660130718953,88,512,2335,65,0.04380898344506764,75240,25.08,0.04322073085113259,0.2,Hybrid_AddDeviceRecipient
0.8166666666666667,0.6993119692555632,0.15236427320490367,0.5686274509803921,0.24033149171270715,0.7529976514666281,0.26868446419812936,0.26868446419812936,0.22339374730511702,0.1700035124692659,0.43137254901960786,87,484,2363,66,0.04380898344506764,75680,25.226666666666667,0.045,0.19033333333333333,Hybrid_AddDeviceRecipient
0.8186666666666667,0.6972733596424169,0.152753108348135,0.5620915032679739,0.24022346368715083,0.7529976514666281,0.26868446419812936,0.26868446419812936,0.2223084258485753,0.16754478398314016,0.43790849673202614,86,477,2370,67,0.04380898344506764,76540,25.513333333333332,0.04550657293325477,0.18766666666666668,Hybrid_AddDeviceRecipient
0.8306666666666667,0.7005034539281114,0.1619047619047619,0.5555555555555556,0.2507374631268437,0.7529976514666281,0.26868446419812936,0.26868446419812936,0.2321795951621234,0.15454864769933263,0.4444444444444444,85,440,2407,68,0.04380898344506764,76800,25.6,0.04784000424979952,0.175,Hybrid_AddDeviceRecipient
0.8416666666666667,0.7001143274310075,0.17008196721311475,0.5424836601307189,0.25897035881435254,0.7529976514666281,0.26868446419812936,0.26868446419812936,0.23857663001009868,0.1422550052687039,0.45751633986928103,83,405,2442,70,0.04380898344506764,78100,26.033333333333335,0.050372846627801185,0.16266666666666665,Hybrid_AddDeviceRecipient
0.8523333333333334,0.6964572270776945,0.17777777777777778,0.5228758169934641,0.26533996683250416,0.7529976514666281,0.26868446419812936,0.26868446419812936,0.24208122446958302,0.12996136283807516,0.477124183006536,80,370,2477,73,0.04380898344506764,80400,26.8,0.05461792259427236,0.15,Hybrid_AddDeviceRecipient
0.853,0.6968084740042839,0.17857142857142858,0.5228758169934641,0.26622296173044924,0.7529976514666281,0.26868446419812936,0.26868446419812936,0.2429595063966132,0.12925886898489639,0.477124183006536,80,368,2479,73,0.04380898344506764,80360,26.786666666666665,0.055,0.14933333333333335,Hybrid_AddDeviceRecipient
0.8633333333333333,0.6960681005805904,0.18886198547215496,0.5098039215686274,0.2756183745583039,0.7529976514666281,0.26868446419812936,0.26868446419812936,0.25038202415896976,0.11766772040744644,0.49019607843137253,78,335,2512,75,0.04380898344506764,81700,27.233333333333334,0.05816803172195367,0.13766666666666666,Hybrid_AddDeviceRecipient
0.874,0.6924110002272774,0.2,0.49019607843137253,0.2840909090909091,0.7529976514666281,0.26868446419812936,0.26868446419812936,0.2559876739615823,0.1053740779768177,0.5098039215686274,75,300,2547,78,0.04380898344506764,84000,28.0,0.06302764349775705,0.125,Hybrid_AddDeviceRecipient
0.8753333333333333,0.6838364429017129,0.19726027397260273,0.47058823529411764,0.277992277992278,0.7529976514666281,0.26868446419812936,0.26868446419812936,0.2474368115759127,0.10291534949069196,0.5294117647058824,72,293,2554,81,0.04380898344506764,86860,28.953333333333333,0.065,0.12166666666666667,Hybrid_AddDeviceRecipient
0.883,0.6816910817716619,0.20710059171597633,0.45751633986928103,0.28513238289205706,0.7529976514666281,0.26868446419812936,0.26868446419812936,0.2528370296810259,0.09413417632595715,0.5424836601307189,70,268,2579,83,0.04380898344506764,88360,29.453333333333333,0.06884813238873193,0.11266666666666666,Hybrid_AddDeviceRecipient
0.8916666666666667,0.6800725910314951,0.22077922077922077,0.4444444444444444,0.2950108459869848,0.7529976514666281,0.26868446419812936,0.26868446419812936,0.261038263787646,0.08429926238145416,0.5555555555555556,68,240,2607,85,0.04380898344506764,89800,29.933333333333334,0.07500000000000001,0.10266666666666667,Hybrid_AddDeviceRecipient
0.8936666666666667,0.6780339814183489,0.22333333333333333,0.43790849673202614,0.29580573951434874,0.7529976514666281,0.26868446419812936,0.26868446419812936,0.2611138085817446,0.08184053389532842,0.5620915032679739,67,233,2614,86,0.04380898344506764,90660,30.22,0.07674998783092932,0.1,Hybrid_AddDeviceRecipient
0.903,0.673674387211857,0.24060150375939848,0.41830065359477125,0.30548926014319805,0.7529976514666281,0.26868446419812936,0.26868446419812936,0.2688222095564779,0.07095187917105725,0.5816993464052288,64,202,2645,89,0.04380898344506764,93040,31.013333333333332,0.085,0.08866666666666667,Hybrid_AddDeviceRecipient
0.904,0.6742012576017411,0.24334600760456274,0.41830065359477125,0.30769230769230765,0.7529976514666281,0.26868446419812936,0.26868446419812936,0.27102256903295385,0.06989813839128908,0.5816993464052288,64,199,2648,89,0.04380898344506764,92980,30.993333333333332,0.08582767972359848,0.08766666666666667,Hybrid_AddDeviceRecipient
0.9136666666666666,0.6669249364656294,0.26548672566371684,0.39215686274509803,0.316622691292876,0.7529976514666281,0.26868446419812936,0.26868446419812936,0.27828078277318813,0.05830698981383913,0.6078431372549019,60,166,2681,93,0.04380898344506764,96320,32.10666666666667,0.095,0.07533333333333334,Hybrid_AddDeviceRecipient
0.914,0.6671005599289241,0.26666666666666666,0.39215686274509803,0.3174603174603175,0.7529976514666281,0.26868446419812936,0.26868446419812936,0.27914162155109046,0.05795574288724974,0.6078431372549019,60,165,2682,93,0.04380898344506764,96300,32.1,0.09539688964916032,0.075,Hybrid_AddDeviceRecipient
0.921,0.6646039518722839,0.29,0.3790849673202614,0.3286118980169971,0.7529976514666281,0.26868446419812936,0.26868446419812936,0.29034589407959055,0.049877063575693714,0.6209150326797386,58,142,2705,95,0.04380898344506764,97840,32.61333333333334,0.10500000000000001,0.06666666666666667,Hybrid_AddDeviceRecipient
0.9236666666666666,0.6598242387928125,0.2978723404255319,0.3660130718954248,0.3284457478005865,0.7529976514666281,0.26868446419812936,0.26868446419812936,0.2901519585961676,0.04636459430979979,0.6339869281045751,56,132,2715,97,0.04380898344506764,99640,33.21333333333333,0.10839197216326935,0.06266666666666666,Hybrid_AddDeviceRecipient
0.9263333333333333,0.6550445257133412,0.3068181818181818,0.35294117647058826,0.3282674772036474,0.7529976514666281,0.26868446419812936,0.26868446419812936,0.29029342633918204,0.04285212504390586,0.6470588235294118,54,122,2725,99,0.04380898344506764,101440,33.81333333333333,0.115,0.058666666666666666,Hybrid_AddDeviceRecipient
0.9296666666666666,0.6444313587746303,0.31645569620253167,0.32679738562091504,0.32154340836012857,0.7529976514666281,0.26868446419812936,0.26868446419812936,0.28450530011300956,0.037934668071654375,0.673202614379085,50,108,2739,103,0.04380898344506764,105160,35.053333333333335,0.125,0.05266666666666667,Hybrid_AddDeviceRecipient
0.931,0.6389491518419802,0.32,0.3137254901960784,0.3168316831683168,0.7529976514666281,0.26868446419812936,0.26868446419812936,0.28051577250145815,0.03582718651211802,0.6862745098039216,48,102,2745,105,0.04380898344506764,107040,35.68,0.13359636723887522,0.05,Hybrid_AddDeviceRecipient
0.9313333333333333,0.6391247753052749,0.3221476510067114,0.3137254901960784,0.31788079470198677,0.7529976514666281,0.26868446419812936,0.26868446419812936,0.2817618419433276,0.035475939585528624,0.6862745098039216,48,101,2746,105,0.04380898344506764,107020,35.67333333333333,0.135,0.049666666666666665,Hybrid_AddDeviceRecipient
0.933,0.6276334910500905,0.3235294117647059,0.2875816993464052,0.3044982698961937,0.7529976514666281,0.26868446419812936,0.26868446419812936,0.2699467678645117,0.032314717246224096,0.7124183006535948,44,92,2755,109,0.04380898344506764,110840,36.946666666666665,0.14500000000000002,0.04533333333333334,Hybrid_AddDeviceRecipient
0.9346666666666666,0.6254192579736496,0.3333333333333333,0.28104575163398693,0.30496453900709214,0.7529976514666281,0.26868446419812936,0.26868446419812936,0.2720333941633045,0.03020723568668774,0.7189542483660131,43,86,2761,110,0.04380898344506764,111720,37.24,0.155,0.043,Hybrid_AddDeviceRecipient
0.9373333333333334,0.6206395448941783,0.3504273504273504,0.2679738562091503,0.3037037037037037,0.7529976514666281,0.26868446419812936,0.26868446419812936,0.27418512049448035,0.026694766420793818,0.7320261437908496,41,76,2771,112,0.04380898344506764,113520,37.84,0.165,0.039,Hybrid_AddDeviceRecipient
0.938,0.6178984414278532,0.35398230088495575,0.26143790849673204,0.3007518796992481,0.7529976514666281,0.26868446419812936,0.26868446419812936,0.2724676179202952,0.02564102564102564,0.738562091503268,40,73,2774,113,0.04380898344506764,114460,38.153333333333336,0.16991206145930685,0.03766666666666667,Hybrid_AddDeviceRecipient
0.939,0.6122406110319083,0.3584905660377358,0.24836601307189543,0.29343629343629346,0.7529976514666281,0.26868446419812936,0.26868446419812936,0.26749598690499155,0.02388479100807868,0.7516339869281046,38,68,2779,115,0.04380898344506764,116360,38.78666666666667,0.17500000000000002,0.035333333333333335,Hybrid_AddDeviceRecipient
0.94,0.6065827806359636,0.36363636363636365,0.23529411764705882,0.2857142857142857,0.7529976514666281,0.26868446419812936,0.26868446419812936,0.2625215920179832,0.022128556375131718,0.7647058823529411,36,63,2784,117,0.04380898344506764,118260,39.42,0.185,0.033,Hybrid_AddDeviceRecipient
0.942,0.6076365214157318,0.3870967741935484,0.23529411764705882,0.29268292682926833,0.7529976514666281,0.26868446419812936,0.26868446419812936,0.27325310672877856,0.020021074815595362,0.7647058823529411,36,57,2790,117,0.04380898344506764,118140,39.38,0.195,0.031,Hybrid_AddDeviceRecipient
0.9446666666666667,0.6059491587291749,0.42168674698795183,0.22875816993464052,0.2966101694915254,0.7529976514666281,0.26868446419812936,0.26868446419812936,0.2842233124099804,0.01685985247629083,0.7712418300653595,35,48,2799,118,0.04380898344506764,118960,39.653333333333336,0.20500000000000002,0.027666666666666666,Hybrid_AddDeviceRecipient
0.9456666666666667,0.6002913283332301,0.4342105263157895,0.21568627450980393,0.28820960698689957,0.7529976514666281,0.26868446419812936,0.26868446419812936,0.28082602184652045,0.01510361784334387,0.7843137254901961,33,43,2804,120,0.04380898344506764,120860,40.28666666666667,0.215,0.025333333333333333,Hybrid_AddDeviceRecipient
0.946,0.6004669517965247,0.44,0.21568627450980393,0.2894736842105263,0.7529976514666281,0.26868446419812936,0.26868446419812936,0.2831386151379789,0.014752370916754479,0.7843137254901961,33,42,2805,120,0.04380898344506764,120840,40.28,0.21525125560432784,0.025,Hybrid_AddDeviceRecipient
0.9476666666666667,0.5951603683271693,0.4696969696969697,0.20261437908496732,0.28310502283105027,0.7529976514666281,0.26868446419812936,0.26868446419812936,0.2854457206104026,0.012293642430628733,0.7973856209150327,31,35,2812,122,0.04380898344506764,122700,40.9,0.225,0.022,Hybrid_AddDeviceRecipient
0.948,0.589151291004635,0.47540983606557374,0.1895424836601307,0.2710280373831776,0.7529976514666281,0.26868446419812936,0.26868446419812936,0.277928043836571,0.011239901650860555,0.8104575163398693,29,32,2815,124,0.04380898344506764,124640,41.54666666666667,0.23500000000000001,0.02033333333333333,Hybrid_AddDeviceRecipient
0.9486666666666667,0.5771331363595666,0.49019607843137253,0.16339869281045752,0.24509803921568626,0.7529976514666281,0.26868446419812936,0.26868446419812936,0.26253545420110763,0.0091324200913242,0.8366013071895425,25,26,2821,128,0.04380898344506764,128520,42.84,0.245,0.017,Hybrid_AddDeviceRecipient
0.9506666666666667,0.5720021763535059,0.5609756097560976,0.1503267973856209,0.23711340206185566,0.7529976514666281,0.26868446419812936,0.26868446419812936,0.27286677462474246,0.006322444678609062,0.8496732026143791,23,18,2829,130,0.04380898344506764,130360,43.45333333333333,0.255,0.013666666666666667,Hybrid_AddDeviceRecipient
0.951,0.5690854494238862,0.5789473684210527,0.1437908496732026,0.23036649214659685,0.7529976514666281,0.26868446419812936,0.26868446419812936,0.27181392786838676,0.005619950825430277,0.8562091503267973,22,16,2831,131,0.04380898344506764,131320,43.77333333333333,0.2613433682287336,0.012666666666666666,Hybrid_AddDeviceRecipient
0.951,0.5690854494238862,0.5789473684210527,0.1437908496732026,0.23036649214659685,0.7529976514666281,0.26868446419812936,0.26868446419812936,0.27181392786838676,0.005619950825430277,0.8562091503267973,22,16,2831,131,0.04380898344506764,131320,43.77333333333333,0.265,0.012666666666666666,Hybrid_AddDeviceRecipient
0.952,0.5572429182421125,0.6666666666666666,0.11764705882352941,0.2,0.7529976514666281,0.26868446419812936,0.26868446419812936,0.26669315794228177,0.003161222339304531,0.8823529411764706,18,9,2838,135,0.04380898344506764,135180,45.06,0.275,0.009,Hybrid_AddDeviceRecipient
0.9523333333333334,0.5543261913124927,0.7083333333333334,0.1111111111111111,0.192090395480226,0.7529976514666281,0.26868446419812936,0.26868446419812936,0.26832220799613615,0.0024587284861257463,0.8888888888888888,17,7,2840,136,0.04380898344506764,136140,45.38,0.28500000000000003,0.008,Hybrid_AddDeviceRecipient
0.9516666666666667,0.5416055428142454,0.7222222222222222,0.08496732026143791,0.15204678362573099,0.7529976514666281,0.26868446419812936,0.26868446419812936,0.23704487220293446,0.0017562346329469617,0.9150326797385621,13,5,2842,140,0.04380898344506764,140100,46.7,0.295,0.006,Hybrid_AddDeviceRecipient
0.951,0.5350695951018272,0.6875,0.0718954248366013,0.1301775147928994,0.7529976514666281,0.26868446419812936,0.26868446419812936,0.21185601338360818,0.0017562346329469617,0.9281045751633987,11,5,2842,142,0.04380898344506764,142100,47.36666666666667,0.305,0.005333333333333333,Hybrid_AddDeviceRecipient
0.95,0.5190809727473709,0.6666666666666666,0.0392156862745098,0.07407407407407407,0.7529976514666281,0.26868446419812936,0.26868446419812936,0.1535113513105992,0.001053740779768177,0.9607843137254902,6,3,2844,147,0.04380898344506764,147060,49.02,0.315,0.003,Hybrid_AddDeviceRecipient
0.9496666666666667,0.5127206484982472,0.6666666666666666,0.026143790849673203,0.05031446540880503,0.7529976514666281,0.26868446419812936,0.26868446419812936,0.12527868140084916,0.0007024938531787847,0.9738562091503268,4,2,2845,149,0.04380898344506764,149040,49.68,0.325,0.002,Hybrid_AddDeviceRecipient
0.9493333333333334,0.5063603242491236,0.6666666666666666,0.013071895424836602,0.02564102564102564,0.7529976514666281,0.26868446419812936,0.26868446419812936,0.08854105701611953,0.00035124692658939234,0.9869281045751634,2,1,2846,151,0.04380898344506764,151020,50.34,0.335,0.001,Hybrid_AddDeviceRecipient
0.9493333333333334,0.5032679738562091,1.0,0.006535947712418301,0.012987012987012988,0.7529976514666281,0.26868446419812936,0.26868446419812936,0.07876980770968345,0.0,0.9934640522875817,1,0,2847,152,0.04380898344506764,152000,50.666666666666664,0.3381712367185582,0.0003333333333333333,Hybrid_AddDeviceRecipient
0.949,0.5,0.0,0.0,0.0,0.7529976514666281,0.26868446419812936,0.26868446419812936,0.0,0.0,1.0,0,0,2847,153,0.04380898344506764,153000,51.0,0.34500000000000003,0.0,Hybrid_AddDeviceRecipient
0.949,0.5,0.0,0.0,0.0,0.7529976514666281,0.26868446419812936,0.26868446419812936,0.0,0.0,1.0,0,0,2847,153,0.04380898344506764,153000,51.0,0.35500000000000004,0.0,Hybrid_AddDeviceRecipient
0.949,0.5,0.0,0.0,0.0,0.7529976514666281,0.26868446419812936,0.26868446419812936,0.0,0.0,1.0,0,0,2847,153,0.04380898344506764,153000,51.0,0.365,0.0,Hybrid_AddDeviceRecipient
0.949,0.5,0.0,0.0,0.0,0.7529976514666281,0.26868446419812936,0.26868446419812936,0.0,0.0,1.0,0,0,2847,153,0.04380898344506764,153000,51.0,0.375,0.0,Hybrid_AddDeviceRecipient
0.949,0.5,0.0,0.0,0.0,0.7529976514666281,0.26868446419812936,0.26868446419812936,0.0,0.0,1.0,0,0,2847,153,0.04380898344506764,153000,51.0,0.385,0.0,Hybrid_AddDeviceRecipient
0.949,0.5,0.0,0.0,0.0,0.7529976514666281,0.26868446419812936,0.26868446419812936,0.0,0.0,1.0,0,0,2847,153,0.04380898344506764,153000,51.0,0.395,0.0,Hybrid_AddDeviceRecipient
0.949,0.5,0.0,0.0,0.0,0.7529976514666281,0.26868446419812936,0.26868446419812936,0.0,0.0,1.0,0,0,2847,153,0.04380898344506764,153000,51.0,0.405,0.0,Hybrid_AddDeviceRecipient
0.949,0.5,0.0,0.0,0.0,0.7529976514666281,0.26868446419812936,0.26868446419812936,0.0,0.0,1.0,0,0,2847,153,0.04380898344506764,153000,51.0,0.41500000000000004,0.0,Hybrid_AddDeviceRecipient
0.949,0.5,0.0,0.0,0.0,0.7529976514666281,0.26868446419812936,0.26868446419812936,0.0,0.0,1.0,0,0,2847,153,0.04380898344506764,153000,51.0,0.425,0.0,Hybrid_AddDeviceRecipient
0.949,0.5,0.0,0.0,0.0,0.7529976514666281,0.26868446419812936,0.26868446419812936,0.0,0.0,1.0,0,0,2847,153,0.04380898344506764,153000,51.0,0.435,0.0,Hybrid_AddDeviceRecipient
0.949,0.5,0.0,0.0,0.0,0.7529976514666281,0.26868446419812936,0.26868446419812936,0.0,0.0,1.0,0,0,2847,153,0.04380898344506764,153000,51.0,0.445,0.0,Hybrid_AddDeviceRecipient
0.949,0.5,0.0,0.0,0.0,0.7529976514666281,0.26868446419812936,0.26868446419812936,0.0,0.0,1.0,0,0,2847,153,0.04380898344506764,153000,51.0,0.455,0.0,Hybrid_AddDeviceRecipient
0.949,0.5,0.0,0.0,0.0,0.7529976514666281,0.26868446419812936,0.26868446419812936,0.0,0.0,1.0,0,0,2847,153,0.04380898344506764,153000,51.0,0.465,0.0,Hybrid_AddDeviceRecipient
0.949,0.5,0.0,0.0,0.0,0.7529976514666281,0.26868446419812936,0.26868446419812936,0.0,0.0,1.0,0,0,2847,153,0.04380898344506764,153000,51.0,0.47500000000000003,0.0,Hybrid_AddDeviceRecipient
0.949,0.5,0.0,0.0,0.0,0.7529976514666281,0.26868446419812936,0.26868446419812936,0.0,0.0,1.0,0,0,2847,153,0.04380898344506764,153000,51.0,0.485,0.0,Hybrid_AddDeviceRecipient
0.949,0.5,0.0,0.0,0.0,0.7529976514666281,0.26868446419812936,0.26868446419812936,0.0,0.0,1.0,0,0,2847,153,0.04380898344506764,153000,51.0,0.495,0.0,Hybrid_AddDeviceRecipient
0.949,0.5,0.0,0.0,0.0,0.7529976514666281,0.26868446419812936,0.26868446419812936,0.0,0.0,1.0,0,0,2847,153,0.04380898344506764,153000,51.0,0.505,0.0,Hybrid_AddDeviceRecipient
0.949,0.5,0.0,0.0,0.0,0.7529976514666281,0.26868446419812936,0.26868446419812936,0.0,0.0,1.0,0,0,2847,153,0.04380898344506764,153000,51.0,0.515,0.0,Hybrid_AddDeviceRecipient
0.949,0.5,0.0,0.0,0.0,0.7529976514666281,0.26868446419812936,0.26868446419812936,0.0,0.0,1.0,0,0,2847,153,0.04380898344506764,153000,51.0,0.525,0.0,Hybrid_AddDeviceRecipient
0.949,0.5,0.0,0.0,0.0,0.7529976514666281,0.26868446419812936,0.26868446419812936,0.0,0.0,1.0,0,0,2847,153,0.04380898344506764,153000,51.0,0.535,0.0,Hybrid_AddDeviceRecipient
0.949,0.5,0.0,0.0,0.0,0.7529976514666281,0.26868446419812936,0.26868446419812936,0.0,0.0,1.0,0,0,2847,153,0.04380898344506764,153000,51.0,0.545,0.0,Hybrid_AddDeviceRecipient
0.949,0.5,0.0,0.0,0.0,0.7529976514666281,0.26868446419812936,0.26868446419812936,0.0,0.0,1.0,0,0,2847,153,0.04380898344506764,153000,51.0,0.555,0.0,Hybrid_AddDeviceRecipient
0.949,0.5,0.0,0.0,0.0,0.7529976514666281,0.26868446419812936,0.26868446419812936,0.0,0.0,1.0,0,0,2847,153,0.04380898344506764,153000,51.0,0.5650000000000001,0.0,Hybrid_AddDeviceRecipient
0.949,0.5,0.0,0.0,0.0,0.7529976514666281,0.26868446419812936,0.26868446419812936,0.0,0.0,1.0,0,0,2847,153,0.04380898344506764,153000,51.0,0.5750000000000001,0.0,Hybrid_AddDeviceRecipient
0.949,0.5,0.0,0.0,0.0,0.7529976514666281,0.26868446419812936,0.26868446419812936,0.0,0.0,1.0,0,0,2847,153,0.04380898344506764,153000,51.0,0.585,0.0,Hybrid_AddDeviceRecipient
0.949,0.5,0.0,0.0,0.0,0.7529976514666281,0.26868446419812936,0.26868446419812936,0.0,0.0,1.0,0,0,2847,153,0.04380898344506764,153000,51.0,0.595,0.0,Hybrid_AddDeviceRecipient
0.949,0.5,0.0,0.0,0.0,0.7529976514666281,0.26868446419812936,0.26868446419812936,0.0,0.0,1.0,0,0,2847,153,0.04380898344506764,153000,51.0,0.605,0.0,Hybrid_AddDeviceRecipient
0.949,0.5,0.0,0.0,0.0,0.7529976514666281,0.26868446419812936,0.26868446419812936,0.0,0.0,1.0,0,0,2847,153,0.04380898344506764,153000,51.0,0.615,0.0,Hybrid_AddDeviceRecipient
0.949,0.5,0.0,0.0,0.0,0.7529976514666281,0.26868446419812936,0.26868446419812936,0.0,0.0,1.0,0,0,2847,153,0.04380898344506764,153000,51.0,0.625,0.0,Hybrid_AddDeviceRecipient
0.949,0.5,0.0,0.0,0.0,0.7529976514666281,0.26868446419812936,0.26868446419812936,0.0,0.0,1.0,0,0,2847,153,0.04380898344506764,153000,51.0,0.635,0.0,Hybrid_AddDeviceRecipient
0.949,0.5,0.0,0.0,0.0,0.7529976514666281,0.26868446419812936,0.26868446419812936,0.0,0.0,1.0,0,0,2847,153,0.04380898344506764,153000,51.0,0.645,0.0,Hybrid_AddDeviceRecipient
0.949,0.5,0.0,0.0,0.0,0.7529976514666281,0.26868446419812936,0.26868446419812936,0.0,0.0,1.0,0,0,2847,153,0.04380898344506764,153000,51.0,0.655,0.0,Hybrid_AddDeviceRecipient
0.949,0.5,0.0,0.0,0.0,0.7529976514666281,0.26868446419812936,0.26868446419812936,0.0,0.0,1.0,0,0,2847,153,0.04380898344506764,153000,51.0,0.665,0.0,Hybrid_AddDeviceRecipient
0.949,0.5,0.0,0.0,0.0,0.7529976514666281,0.26868446419812936,0.26868446419812936,0.0,0.0,1.0,0,0,2847,153,0.04380898344506764,153000,51.0,0.675,0.0,Hybrid_AddDeviceRecipient
0.949,0.5,0.0,0.0,0.0,0.7529976514666281,0.26868446419812936,0.26868446419812936,0.0,0.0,1.0,0,0,2847,153,0.04380898344506764,153000,51.0,0.685,0.0,Hybrid_AddDeviceRecipient
0.949,0.5,0.0,0.0,0.0,0.7529976514666281,0.26868446419812936,0.26868446419812936,0.0,0.0,1.0,0,0,2847,153,0.04380898344506764,153000,51.0,0.6950000000000001,0.0,Hybrid_AddDeviceRecipient
0.949,0.5,0.0,0.0,0.0,0.7529976514666281,0.26868446419812936,0.26868446419812936,0.0,0.0,1.0,0,0,2847,153,0.04380898344506764,153000,51.0,0.7050000000000001,0.0,Hybrid_AddDeviceRecipient
0.949,0.5,0.0,0.0,0.0,0.7529976514666281,0.26868446419812936,0.26868446419812936,0.0,0.0,1.0,0,0,2847,153,0.04380898344506764,153000,51.0,0.715,0.0,Hybrid_AddDeviceRecipient
0.949,0.5,0.0,0.0,0.0,0.7529976514666281,0.26868446419812936,0.26868446419812936,0.0,0.0,1.0,0,0,2847,153,0.04380898344506764,153000,51.0,0.725,0.0,Hybrid_AddDeviceRecipient
0.949,0.5,0.0,0.0,0.0,0.7529976514666281,0.26868446419812936,0.26868446419812936,0.0,0.0,1.0,0,0,2847,153,0.04380898344506764,153000,51.0,0.735,0.0,Hybrid_AddDeviceRecipient
0.949,0.5,0.0,0.0,0.0,0.7529976514666281,0.26868446419812936,0.26868446419812936,0.0,0.0,1.0,0,0,2847,153,0.04380898344506764,153000,51.0,0.745,0.0,Hybrid_AddDeviceRecipient
0.949,0.5,0.0,0.0,0.0,0.7529976514666281,0.26868446419812936,0.26868446419812936,0.0,0.0,1.0,0,0,2847,153,0.04380898344506764,153000,51.0,0.755,0.0,Hybrid_AddDeviceRecipient
0.949,0.5,0.0,0.0,0.0,0.7529976514666281,0.26868446419812936,0.26868446419812936,0.0,0.0,1.0,0,0,2847,153,0.04380898344506764,153000,51.0,0.765,0.0,Hybrid_AddDeviceRecipient
0.949,0.5,0.0,0.0,0.0,0.7529976514666281,0.26868446419812936,0.26868446419812936,0.0,0.0,1.0,0,0,2847,153,0.04380898344506764,153000,51.0,0.775,0.0,Hybrid_AddDeviceRecipient
0.949,0.5,0.0,0.0,0.0,0.7529976514666281,0.26868446419812936,0.26868446419812936,0.0,0.0,1.0,0,0,2847,153,0.04380898344506764,153000,51.0,0.785,0.0,Hybrid_AddDeviceRecipient
0.949,0.5,0.0,0.0,0.0,0.7529976514666281,0.26868446419812936,0.26868446419812936,0.0,0.0,1.0,0,0,2847,153,0.04380898344506764,153000,51.0,0.795,0.0,Hybrid_AddDeviceRecipient
0.949,0.5,0.0,0.0,0.0,0.7529976514666281,0.26868446419812936,0.26868446419812936,0.0,0.0,1.0,0,0,2847,153,0.04380898344506764,153000,51.0,0.805,0.0,Hybrid_AddDeviceRecipient
0.949,0.5,0.0,0.0,0.0,0.7529976514666281,0.26868446419812936,0.26868446419812936,0.0,0.0,1.0,0,0,2847,153,0.04380898344506764,153000,51.0,0.8150000000000001,0.0,Hybrid_AddDeviceRecipient
0.949,0.5,0.0,0.0,0.0,0.7529976514666281,0.26868446419812936,0.26868446419812936,0.0,0.0,1.0,0,0,2847,153,0.04380898344506764,153000,51.0,0.8250000000000001,0.0,Hybrid_AddDeviceRecipient
0.949,0.5,0.0,0.0,0.0,0.7529976514666281,0.26868446419812936,0.26868446419812936,0.0,0.0,1.0,0,0,2847,153,0.04380898344506764,153000,51.0,0.8350000000000001,0.0,Hybrid_AddDeviceRecipient
0.949,0.5,0.0,0.0,0.0,0.7529976514666281,0.26868446419812936,0.26868446419812936,0.0,0.0,1.0,0,0,2847,153,0.04380898344506764,153000,51.0,0.845,0.0,Hybrid_AddDeviceRecipient
0.949,0.5,0.0,0.0,0.0,0.7529976514666281,0.26868446419812936,0.26868446419812936,0.0,0.0,1.0,0,0,2847,153,0.04380898344506764,153000,51.0,0.855,0.0,Hybrid_AddDeviceRecipient
0.949,0.5,0.0,0.0,0.0,0.7529976514666281,0.26868446419812936,0.26868446419812936,0.0,0.0,1.0,0,0,2847,153,0.04380898344506764,153000,51.0,0.865,0.0,Hybrid_AddDeviceRecipient
0.949,0.5,0.0,0.0,0.0,0.7529976514666281,0.26868446419812936,0.26868446419812936,0.0,0.0,1.0,0,0,2847,153,0.04380898344506764,153000,51.0,0.875,0.0,Hybrid_AddDeviceRecipient
0.949,0.5,0.0,0.0,0.0,0.7529976514666281,0.26868446419812936,0.26868446419812936,0.0,0.0,1.0,0,0,2847,153,0.04380898344506764,153000,51.0,0.885,0.0,Hybrid_AddDeviceRecipient
0.949,0.5,0.0,0.0,0.0,0.7529976514666281,0.26868446419812936,0.26868446419812936,0.0,0.0,1.0,0,0,2847,153,0.04380898344506764,153000,51.0,0.895,0.0,Hybrid_AddDeviceRecipient
0.949,0.5,0.0,0.0,0.0,0.7529976514666281,0.26868446419812936,0.26868446419812936,0.0,0.0,1.0,0,0,2847,153,0.04380898344506764,153000,51.0,0.905,0.0,Hybrid_AddDeviceRecipient
0.949,0.5,0.0,0.0,0.0,0.7529976514666281,0.26868446419812936,0.26868446419812936,0.0,0.0,1.0,0,0,2847,153,0.04380898344506764,153000,51.0,0.915,0.0,Hybrid_AddDeviceRecipient
0.949,0.5,0.0,0.0,0.0,0.7529976514666281,0.26868446419812936,0.26868446419812936,0.0,0.0,1.0,0,0,2847,153,0.04380898344506764,153000,51.0,0.925,0.0,Hybrid_AddDeviceRecipient
0.949,0.5,0.0,0.0,0.0,0.7529976514666281,0.26868446419812936,0.26868446419812936,0.0,0.0,1.0,0,0,2847,153,0.04380898344506764,153000,51.0,0.935,0.0,Hybrid_AddDeviceRecipient
0.949,0.5,0.0,0.0,0.0,0.7529976514666281,0.26868446419812936,0.26868446419812936,0.0,0.0,1.0,0,0,2847,153,0.04380898344506764,153000,51.0,0.9450000000000001,0.0,Hybrid_AddDeviceRecipient
0.949,0.5,0.0,0.0,0.0,0.7529976514666281,0.26868446419812936,0.26868446419812936,0.0,0.0,1.0,0,0,2847,153,0.04380898344506764,153000,51.0,0.9550000000000001,0.0,Hybrid_AddDeviceRecipient
0.949,0.5,0.0,0.0,0.0,0.7529976514666281,0.26868446419812936,0.26868446419812936,0.0,0.0,1.0,0,0,2847,153,0.04380898344506764,153000,51.0,0.965,0.0,Hybrid_AddDeviceRecipient
0.949,0.5,0.0,0.0,0.0,0.7529976514666281,0.26868446419812936,0.26868446419812936,0.0,0.0,1.0,0,0,2847,153,0.04380898344506764,153000,51.0,0.975,0.0,Hybrid_AddDeviceRecipient
0.949,0.5,0.0,0.0,0.0,0.7529976514666281,0.26868446419812936,0.26868446419812936,0.0,0.0,1.0,0,0,2847,153,0.04380898344506764,153000,51.0,0.985,0.0,Hybrid_AddDeviceRecipient
0.949,0.5,0.0,0.0,0.0,0.7529976514666281,0.26868446419812936,0.26868446419812936,0.0,0.0,1.0,0,0,2847,153,0.04380898344506764,153000,51.0,0.995,0.0,Hybrid_AddDeviceRecipient
0.949,0.5,0.0,0.0,0.0,0.7529976514666281,0.26868446419812936,0.26868446419812936,0.0,0.0,1.0,0,0,2847,153,0.04380898344506764,153000,51.0,1.000001,0.0,Hybrid_AddDeviceRecipient
0.051,0.5,0.051,1.0,0.09705042816365367,0.7512574869545054,0.2605926910309754,0.2605926910309754,0.0,1.0,0.0,153,2847,0,0,0.0438800994822225,56940,18.98,0.005,1.0,FullHybrid
0.051,0.5,0.051,1.0,0.09705042816365367,0.7512574869545054,0.2605926910309754,0.2605926910309754,0.0,1.0,0.0,153,2847,0,0,0.0438800994822225,56940,18.98,0.00647316231303641,1.0,FullHybrid
0.06366666666666666,0.5066736916051985,0.051654287643484134,1.0,0.09823434991974317,0.7512574869545054,0.2605926910309754,0.2605926910309754,0.02625737175799689,0.9866526167896031,0.0,153,2809,38,0,0.0438800994822225,56180,18.726666666666667,0.008053343722373336,0.9873333333333333,FullHybrid
0.076,0.5131717597471022,0.052307692307692305,1.0,0.09941520467836255,0.7512574869545054,0.2605926910309754,0.2605926910309754,0.037121000956393126,0.9736564805057956,0.0,153,2772,75,0,0.0438800994822225,55440,18.48,0.00879324984763292,0.975,FullHybrid
0.08733333333333333,0.512958256713293,0.05230342916522342,0.9869281045751634,0.0993421052631579,0.7512574869545054,0.2605926910309754,0.2605926910309754,0.02994700605292727,0.9610115911485775,0.013071895424836602,151,2736,111,2,0.0438800994822225,56720,18.906666666666666,0.009433304078985667,0.9623333333333334,FullHybrid
0.09966666666666667,0.5194563248551968,0.052982456140350874,0.9869281045751634,0.10056610056610055,0.7512574869545054,0.2605926910309754,0.2605926910309754,0.03927916021395883,0.9480154548647699,0.013071895424836602,151,2699,148,2,0.0438800994822225,55980,18.66,0.010018229726594706,0.95,FullHybrid
0.11166666666666666,0.5226864191408913,0.05334281650071124,0.9803921568627451,0.10118043844856661,0.7512574869545054,0.2605926910309754,0.2605926910309754,0.04118592396861915,0.9350193185809624,0.0196078431372549,150,2662,185,3,0.0438800994822225,56240,18.746666666666666,0.010416675954902093,0.9373333333333334,FullHybrid
0.124,0.5291844872827951,0.05405405405405406,0.9803921568627451,0.10245901639344263,0.7512574869545054,0.2605926910309754,0.2605926910309754,0.048752709791766956,0.9220231822971549,0.0196078431372549,150,2625,222,3,0.0438800994822225,55500,18.5,0.010876050574973291,0.925,FullHybrid
0.136,0.5324145815684898,0.05443916697113628,0.9738562091503268,0.10311418685121108,0.7512574869545054,0.2605926910309754,0.2605926910309754,0.05043065298015686,0.9090270460133474,0.026143790849673203,149,2588,259,4,0.0438800994822225,55760,18.586666666666666,0.011288073646912486,0.9123333333333333,FullHybrid
0.14833333333333334,0.5389126497103934,0.055185185185185184,0.9738562091503268,0.10445145460918333,0.7512574869545054,0.2605926910309754,0.2605926910309754,0.057071296653263326,0.8960309097295399,0.026143790849673203,149,2551,296,4,0.0438800994822225,55020,18.34,0.011568207287424989,0.9,FullHybrid
0.16033333333333333,0.5421427439960881,0.05559729526671676,0.9673202614379085,0.10515097690941384,0.7512574869545054,0.2605926910309754,0.2605926910309754,0.05864484987749507,0.8830347734457323,0.032679738562091505,148,2514,333,5,0.0438800994822225,55280,18.426666666666666,0.01190859226848862,0.8873333333333333,FullHybrid
0.17266666666666666,0.5486408121379919,0.05638095238095238,0.9673202614379085,0.10655147588192945,0.7512574869545054,0.2605926910309754,0.2605926910309754,0.06471276769051185,0.8700386371619249,0.032679738562091505,148,2477,370,5,0.0438800994822225,54540,18.18,0.012237945491916761,0.875,FullHybrid
0.18466666666666667,0.5518709064236864,0.05682257441051411,0.9607843137254902,0.1072992700729927,0.7512574869545054,0.2605926910309754,0.2605926910309754,0.06623995696834328,0.8570425008781173,0.0392156862745098,147,2440,407,6,0.0438800994822225,54800,18.266666666666666,0.012604311276785152,0.8623333333333333,FullHybrid
0.19633333333333333,0.5549253772460864,0.05725490196078432,0.954248366013072,0.10802811690714022,0.7512574869545054,0.2605926910309754,0.2605926910309754,0.06768090324785012,0.8443976115208992,0.0457516339869281,146,2404,443,7,0.0438800994822225,55080,18.36,0.01292490277009804,0.85,FullHybrid
0.209,0.5615990688512849,0.058121019108280256,0.954248366013072,0.10956848030018762,0.7512574869545054,0.2605926910309754,0.2605926910309754,0.07343851110993677,0.8310502283105022,0.0457516339869281,146,2366,481,7,0.0438800994822225,54320,18.106666666666666,0.013132974525408608,0.8373333333333334,FullHybrid
0.22133333333333333,0.5680971369931886,0.05898989898989899,0.954248366013072,0.1111111111111111,0.7512574869545054,0.2605926910309754,0.2605926910309754,0.07885532836978944,0.8180540920266948,0.0457516339869281,146,2329,518,7,0.0438800994822225,53580,17.86,0.013381914347470998,0.825,FullHybrid
0.23333333333333334,0.5713272312788832,0.05949938448912597,0.9477124183006536,0.11196911196911195,0.7512574869545054,0.2605926910309754,0.2605926910309754,0.08037904628626984,0.8050579557428873,0.05228758169934641,145,2292,555,8,0.0438800994822225,53840,17.946666666666665,0.013678818954335726,0.8123333333333334,FullHybrid
0.245,0.574381702101283,0.06,0.9411764705882353,0.11280846063454758,0.7512574869545054,0.2605926910309754,0.2605926910309754,0.08181902706043061,0.7924130663856691,0.058823529411764705,144,2256,591,9,0.0438800994822225,54120,18.04,0.01403204000728956,0.8,FullHybrid
0.257,0.5776117963869777,0.06054191363251482,0.934640522875817,0.11371769383697813,0.7512574869545054,0.2605926910309754,0.2605926910309754,0.08345394942048273,0.7794169301018616,0.06535947712418301,143,2219,628,10,0.0438800994822225,54380,18.126666666666665,0.014339750882625305,0.7873333333333333,FullHybrid
0.26866666666666666,0.5806662672093776,0.0610752688172043,0.9281045751633987,0.11460855528652139,0.7512574869545054,0.2605926910309754,0.2605926910309754,0.08499591240445557,0.7667720407446434,0.0718954248366013,142,2183,664,11,0.0438800994822225,54660,18.22,0.014628762485043212,0.775,FullHybrid
0.2813333333333333,0.587339958814576,0.062090074333187584,0.9281045751633987,0.11639344262295083,0.7512574869545054,0.2605926910309754,0.2605926910309754,0.09028270864211797,0.7534246575342466,0.0718954248366013,142,2145,702,11,0.0438800994822225,53900,17.966666666666665,0.0149843764272832,0.7623333333333333,FullHybrid
0.2816666666666667,0.5875155822778708,0.0621172353455818,0.9281045751633987,0.11644116441164411,0.7512574869545054,0.2605926910309754,0.2605926910309754,0.09042064744259909,0.7530734106076572,0.0718954248366013,142,2144,703,11,0.0438800994822225,53880,17.96,0.015,0.762,FullHybrid
0.293,0.590394429636976,0.06266666666666666,0.9215686274509803,0.11735330836454431,0.7512574869545054,0.2605926910309754,0.2605926910309754,0.09185212807978062,0.7407797681770284,0.0784313725490196,141,2109,738,12,0.0438800994822225,54180,18.06,0.015214207236430348,0.75,FullHybrid
0.30566666666666664,0.5970681212421745,0.06374321880650995,0.9215686274509803,0.11923890063424948,0.7512574869545054,0.2605926910309754,0.2605926910309754,0.09704885111888976,0.7274323849666315,0.0784313725490196,141,2071,776,12,0.0438800994822225,53420,17.80666666666667,0.01549381707027114,0.7373333333333333,FullHybrid
0.31666666666666665,0.5966789947450705,0.0639080459770115,0.9084967320261438,0.11941580756013746,0.7512574869545054,0.2605926910309754,0.2605926910309754,0.09526754323504354,0.7151387425360028,0.0915032679738562,139,2036,811,14,0.0438800994822225,54720,18.24,0.015724111094560282,0.725,FullHybrid
0.328,0.5964654917112613,0.06410856340664482,0.8954248366013072,0.11965065502183404,0.7512574869545054,0.2605926910309754,0.2605926910309754,0.09376349088192862,0.7024938531787847,0.10457516339869281,137,2000,847,16,0.0438800994822225,56000,18.666666666666668,0.01603202658217146,0.7123333333333334,FullHybrid
0.3403333333333333,0.6029635598531651,0.06523809523809523,0.8954248366013072,0.1216156236129605,0.7512574869545054,0.2605926910309754,0.2605926910309754,0.09886033823000616,0.6894977168949772,0.10457516339869281,137,1963,884,16,0.0438800994822225,55260,18.42,0.01621959861875053,0.7,FullHybrid
0.35233333333333333,0.6061936541388596,0.06595538312318137,0.8888888888888888,0.12279909706546274,0.7512574869545054,0.2605926910309754,0.2605926910309754,0.10079111745363169,0.6765015806111696,0.1111111111111111,136,1926,921,17,0.0438800994822225,55520,18.506666666666668,0.01656906937879992,0.6873333333333334,FullHybrid
0.36466666666666664,0.6126917222807633,0.0671604938271605,0.8888888888888888,0.12488521579430671,0.7512574869545054,0.2605926910309754,0.2605926910309754,0.10586359532008409,0.6635054443273621,0.1111111111111111,136,1889,958,17,0.0438800994822225,54780,18.26,0.016913817770945822,0.675,FullHybrid
0.37666666666666665,0.615921816566458,0.06794162053346754,0.8823529411764706,0.12616822429906543,0.7512574869545054,0.2605926910309754,0.2605926910309754,0.10785268629789997,0.6505093080435547,0.11764705882352941,135,1852,995,18,0.0438800994822225,55040,18.346666666666668,0.017264960089756733,0.6623333333333333,FullHybrid
0.38766666666666666,0.6155326900693541,0.06820512820512821,0.869281045751634,0.1264859724203519,0.7512574869545054,0.2605926910309754,0.2605926910309754,0.10657672607165168,0.6382156656129259,0.13071895424836602,133,1817,1030,20,0.0438800994822225,56340,18.78,0.017483933478108928,0.65,FullHybrid
0.3983333333333333,0.611875589716041,0.06799163179916318,0.8496732026143791,0.12590799031476996,0.7512574869545054,0.2605926910309754,0.2605926910309754,0.1023873707180276,0.6259220231822972,0.1503267973856209,130,1782,1065,23,0.0438800994822225,58640,19.546666666666667,0.017823099039207684,0.6373333333333333,FullHybrid
0.41,0.6149300605384409,0.0688,0.8431372549019608,0.12721893491124261,0.7512574869545054,0.2605926910309754,0.2605926910309754,0.10445426629446969,0.613277133825079,0.1568627450980392,129,1746,1101,24,0.0438800994822225,58920,19.64,0.018173689394939147,0.625,FullHybrid
0.4226666666666667,0.6216037521436393,0.07022318998366903,0.8431372549019608,0.12964824120603013,0.7512574869545054,0.2605926910309754,0.2605926910309754,0.10981760920925988,0.5999297506146821,0.1568627450980392,129,1708,1139,24,0.0438800994822225,58160,19.386666666666667,0.018484981636793407,0.6123333333333333,FullHybrid
0.43166666666666664,0.6108838336880238,0.06888888888888889,0.8104575163398693,0.12698412698412698,0.7512574869545054,0.2605926910309754,0.2605926910309754,0.09958886936849654,0.5886898489638216,0.1895424836601307,124,1676,1171,29,0.0438800994822225,62520,20.84,0.01889681324485247,0.6,FullHybrid
0.44433333333333336,0.6175575252932223,0.07037457434733257,0.8104575163398693,0.12950391644908618,0.7512574869545054,0.2605926910309754,0.2605926910309754,0.105064646932111,0.5753424657534246,0.1895424836601307,124,1638,1209,29,0.0438800994822225,61760,20.586666666666666,0.01917730393384385,0.5873333333333334,FullHybrid
0.45666666666666667,0.6240555934351261,0.07188405797101449,0.8104575163398693,0.13205537806176784,0.7512574869545054,0.2605926910309754,0.2605926910309754,0.11041705334887526,0.5623463294696172,0.1895424836601307,124,1601,1246,29,0.0438800994822225,61020,20.34,0.019484426344528294,0.575,FullHybrid
0.468,0.6238420904013169,0.07231772377000593,0.7973856209150327,0.13260869565217392,0.7512574869545054,0.2605926910309754,0.2605926910309754,0.1098367855317257,0.549701440112399,0.20261437908496732,122,1565,1282,31,0.0438800994822225,62300,20.766666666666666,0.019799287583968123,0.5623333333333334,FullHybrid
0.479,0.6234529639042129,0.07272727272727272,0.7843137254901961,0.13311148086522462,0.7512574869545054,0.2605926910309754,0.2605926910309754,0.10918478151458022,0.5374077976817703,0.21568627450980393,120,1530,1317,33,0.0438800994822225,63600,21.2,0.020159413387991452,0.55,FullHybrid
0.491,0.6266830581899075,0.07382133995037221,0.7777777777777778,0.1348441926345609,0.7512574869545054,0.2605926910309754,0.2605926910309754,0.11179200150481444,0.5244116613979628,0.2222222222222222,119,1493,1354,34,0.0438800994822225,63860,21.286666666666665,0.020542172131048395,0.5373333333333333,FullHybrid
0.5033333333333333,0.6331811263318112,0.07555555555555556,0.7777777777777778,0.13773148148148148,0.7512574869545054,0.2605926910309754,0.2605926910309754,0.11734495341050998,0.5114155251141552,0.2222222222222222,119,1456,1391,34,0.0438800994822225,63120,21.04,0.020956231673971214,0.525,FullHybrid
0.5146666666666667,0.6329676232980019,0.07612231620039037,0.7647058823529411,0.13846153846153844,0.7512574869545054,0.2605926910309754,0.2605926910309754,0.11704591308521926,0.49877063575693714,0.23529411764705882,117,1420,1427,36,0.0438800994822225,64400,21.466666666666665,0.02154322573664399,0.5123333333333333,FullHybrid
0.527,0.6394656914399057,0.078,0.7647058823529411,0.1415607985480944,0.7512574869545054,0.2605926910309754,0.2605926910309754,0.12272854059064592,0.4857744994731296,0.23529411764705882,117,1383,1464,36,0.0438800994822225,63660,21.22,0.021958501544433465,0.5,FullHybrid
0.5393333333333333,0.6459637595818095,0.07997265892002735,0.7647058823529411,0.1448019801980198,0.7512574869545054,0.2605926910309754,0.2605926910309754,0.12848587568806333,0.4727783631893221,0.23529411764705882,117,1346,1501,36,0.0438800994822225,62920,20.973333333333333,0.022408137129215664,0.4876666666666667,FullHybrid
0.552,0.6526374511870079,0.08210526315789474,0.7647058823529411,0.14828897338403044,0.7512574869545054,0.2605926910309754,0.2605926910309754,0.1344877843547732,0.4594309799789252,0.23529411764705882,117,1308,1539,36,0.0438800994822225,62160,20.72,0.022857734701450663,0.475,FullHybrid
0.5643333333333334,0.6591355193289117,0.08429394812680115,0.7647058823529411,0.1518494484101233,0.7512574869545054,0.2605926910309754,0.2605926910309754,0.1404298133505623,0.44643484369511766,0.23529411764705882,117,1271,1576,36,0.0438800994822225,61420,20.473333333333333,0.02329927963731133,0.46266666666666667,FullHybrid
0.5763333333333334,0.6623656136146063,0.08592592592592592,0.7581699346405228,0.1543579507651364,0.7512574869545054,0.2605926910309754,0.2605926910309754,0.14360006829602392,0.43343870741131013,0.24183006535947713,116,1234,1613,37,0.0438800994822225,61680,20.56,0.02389432739125087,0.45,FullHybrid
0.5886666666666667,0.6688636817565101,0.08834729626808835,0.7581699346405228,0.1582537517053206,0.7512574869545054,0.2605926910309754,0.2605926910309754,0.14976688407861505,0.4204425711275026,0.24183006535947713,116,1197,1650,37,0.0438800994822225,60940,20.313333333333333,0.02444384223368637,0.43766666666666665,FullHybrid
0.5993333333333334,0.6652065814031971,0.08862745098039215,0.738562091503268,0.15826330532212884,0.7512574869545054,0.2605926910309754,0.2605926910309754,0.14704394543823154,0.4081489286968739,0.26143790849673204,113,1162,1685,40,0.0438800994822225,63240,21.08,0.02479007688177112,0.425,FullHybrid
0.6036666666666667,0.6643973360331137,0.08888888888888889,0.7320261437908496,0.15852795470629866,0.7512574869545054,0.2605926910309754,0.2605926910309754,0.14655624315915047,0.4032314717246224,0.2679738562091503,112,1148,1699,41,0.0438800994822225,63960,21.32,0.025,0.42,FullHybrid
0.611,0.668261052225597,0.09046849757673667,0.7320261437908496,0.16103522645578722,0.7512574869545054,0.2605926910309754,0.2605926910309754,0.15037989274113325,0.3955040393396558,0.2679738562091503,112,1126,1721,41,0.0438800994822225,63520,21.173333333333332,0.025398261244417793,0.4126666666666667,FullHybrid
0.6223333333333333,0.6680475491917877,0.09166666666666666,0.7189542483660131,0.16260162601626016,0.7512574869545054,0.2605926910309754,0.2605926910309754,0.15092971506778358,0.38285914998243764,0.28104575163398693,110,1090,1757,43,0.0438800994822225,64800,21.6,0.02584350626179575,0.4,FullHybrid
0.6333333333333333,0.6676584226946838,0.09286328460877043,0.7058823529411765,0.16413373860182373,0.7512574869545054,0.2605926910309754,0.2605926910309754,0.1514085447164284,0.37056550755180895,0.29411764705882354,108,1055,1792,45,0.0438800994822225,66100,22.033333333333335,0.02641347913936364,0.38766666666666666,FullHybrid
0.6453333333333333,0.6708885169803784,0.0951111111111111,0.6993464052287581,0.1674491392801252,0.7512574869545054,0.2605926910309754,0.2605926910309754,0.15531214875994181,0.3575693712680014,0.3006535947712418,107,1018,1829,46,0.0438800994822225,66360,22.12,0.02702337344540901,0.375,FullHybrid
0.657,0.6739429878027783,0.0974264705882353,0.6928104575163399,0.17082997582594683,0.7512574869545054,0.2605926910309754,0.2605926910309754,0.15919080490362628,0.3449244819107833,0.30718954248366015,106,982,1865,47,0.0438800994822225,66640,22.213333333333335,0.027586456483374402,0.3626666666666667,FullHybrid
0.669,0.6771730820884729,0.1,0.6862745098039216,0.1745635910224439,0.7512574869545054,0.2605926910309754,0.2605926910309754,0.1634388243334271,0.33192834562697576,0.3137254901960784,105,945,1902,48,0.0438800994822225,66900,22.3,0.028399429112652603,0.35,FullHybrid
0.6813333333333333,0.6836711502303767,0.10365251727541955,0.6862745098039216,0.18010291595197256,0.7512574869545054,0.2605926910309754,0.2605926910309754,0.17088609835935867,0.31893220934316824,0.3137254901960784,105,908,1939,48,0.0438800994822225,66160,22.053333333333335,0.029220304141109304,0.33766666666666667,FullHybrid
0.692,0.6800140498770635,0.10461538461538461,0.6666666666666666,0.18085106382978722,0.7512574869545054,0.2605926910309754,0.2605926910309754,0.16910678213467978,0.3066385669125395,0.3333333333333333,102,873,1974,51,0.0438800994822225,68460,22.82,0.030084395385157697,0.325,FullHybrid
0.7036666666666667,0.6830685206994636,0.10767590618336886,0.6601307189542484,0.1851512373968836,0.7512574869545054,0.2605926910309754,0.2605926910309754,0.17375502257182593,0.2939936775553214,0.33986928104575165,101,837,2010,52,0.0438800994822225,68740,22.913333333333334,0.031059884922456375,0.31266666666666665,FullHybrid
0.7163333333333334,0.6897422123046619,0.11222222222222222,0.6601307189542484,0.19183285849952517,0.7512574869545054,0.2605926910309754,0.2605926910309754,0.18218075707268694,0.2806462943449245,0.33986928104575165,101,799,2048,52,0.0438800994822225,67980,22.66,0.03199022073164684,0.3,FullHybrid
0.7273333333333334,0.689353085807558,0.11471610660486674,0.6470588235294118,0.19488188976377951,0.7512574869545054,0.2605926910309754,0.2605926910309754,0.1840493011503448,0.26835265191429575,0.35294117647058826,99,764,2083,54,0.0438800994822225,69280,23.093333333333334,0.03299374932365255,0.2876666666666667,FullHybrid
0.74,0.6960267774127564,0.12,0.6470588235294118,0.20245398773006135,0.7512574869545054,0.2605926910309754,0.2605926910309754,0.19316491179536432,0.25500526870389884,0.35294117647058826,99,726,2121,54,0.0438800994822225,68520,22.84,0.034218407001638036,0.275,FullHybrid
0.747,0.6966225197490306,0.12219451371571072,0.6405228758169934,0.2052356020942408,0.7512574869545054,0.2605926910309754,0.2605926910309754,0.19547970448508892,0.24727783631893221,0.35947712418300654,98,704,2143,55,0.0438800994822225,69080,23.026666666666667,0.034999999999999996,0.2673333333333333,FullHybrid
0.7516666666666667,0.6990812482351563,0.12436548223350254,0.6405228758169934,0.20828905419766208,0.7512574869545054,0.2605926910309754,0.2605926910309754,0.1990417262979018,0.24236037934668073,0.35947712418300654,98,690,2157,55,0.0438800994822225,68800,22.933333333333334,0.03548062459070742,0.26266666666666666,FullHybrid
0.7636666666666667,0.7023113425208509,0.12933333333333333,0.6339869281045751,0.2148394241417497,0.7512574869545054,0.2605926910309754,0.2605926910309754,0.2055738104642709,0.2293642430628732,0.3660130718954248,97,653,2194,56,0.0438800994822225,69060,23.02,0.03711577824809351,0.25,FullHybrid
0.7746666666666666,0.701922216023747,0.1332398316970547,0.6209150326797386,0.21939953810623555,0.7512574869545054,0.2605926910309754,0.2605926910309754,0.20872559187193437,0.21707060063224448,0.3790849673202614,95,618,2229,58,0.0438800994822225,70360,23.453333333333333,0.03830693477811231,0.23766666666666666,FullHybrid
0.7866666666666666,0.7051523103094417,0.13925925925925925,0.6143790849673203,0.22705314009661837,0.7512574869545054,0.2605926910309754,0.2605926910309754,0.2161635637778203,0.20407446434843696,0.38562091503267976,94,581,2266,59,0.0438800994822225,70620,23.54,0.0399029925560643,0.225,FullHybrid
0.7976666666666666,0.7047631838123377,0.14420062695924765,0.6013071895424836,0.23261694058154236,0.7512574869545054,0.2605926910309754,0.2605926910309754,0.22017653476088136,0.1917808219178082,0.39869281045751637,92,546,2301,61,0.0438800994822225,71920,23.973333333333333,0.04155354043736335,0.21266666666666667,FullHybrid
0.807,0.6942188888200169,0.145,0.5686274509803921,0.23107569721115537,0.7512574869545054,0.2605926910309754,0.2605926910309754,0.21363857065779104,0.18018967334035826,0.43137254901960786,87,513,2334,66,0.0438800994822225,76260,25.42,0.04347418180862652,0.2,FullHybrid
0.814,0.694814631156291,0.14904679376083188,0.5620915032679739,0.2356164383561644,0.7512574869545054,0.2605926910309754,0.2605926910309754,0.21748354407170548,0.17246224095539164,0.43790849673202614,86,491,2356,67,0.0438800994822225,76820,25.606666666666666,0.045,0.19233333333333333,FullHybrid
0.8173333333333334,0.6903861650034091,0.1492007104795737,0.5490196078431373,0.23463687150837986,0.7512574869545054,0.2605926910309754,0.2605926910309754,0.2145472086143485,0.16824727783631893,0.45098039215686275,84,479,2368,69,0.0438800994822225,78580,26.19333333333333,0.04605293645297193,0.18766666666666668,FullHybrid
0.8293333333333334,0.6936162592891038,0.1580952380952381,0.5424836601307189,0.24483775811209438,0.7512574869545054,0.2605926910309754,0.2605926910309754,0.22420434071258716,0.1552511415525114,0.45751633986928103,83,442,2405,70,0.0438800994822225,78840,26.28,0.04851999240292254,0.175,FullHybrid
0.8416666666666667,0.7001143274310075,0.17008196721311475,0.5424836601307189,0.25897035881435254,0.7512574869545054,0.2605926910309754,0.2605926910309754,0.23857663001009868,0.1422550052687039,0.45751633986928103,83,405,2442,70,0.0438800994822225,78100,26.033333333333335,0.05158374830039969,0.16266666666666665,FullHybrid
0.853,0.6999008243971983,0.18,0.5294117647058824,0.26865671641791045,0.7512574869545054,0.2605926910309754,0.2605926910309754,0.24632454128763004,0.12961011591148577,0.47058823529411764,81,369,2478,72,0.0438800994822225,79380,26.46,0.054908131690299504,0.15,FullHybrid
0.8533333333333334,0.7000764478604931,0.18040089086859687,0.5294117647058824,0.2691029900332226,0.7512574869545054,0.2605926910309754,0.2605926910309754,0.24676696130325076,0.12925886898489639,0.47058823529411764,81,368,2479,72,0.0438800994822225,79360,26.453333333333333,0.055,0.14966666666666667,FullHybrid
0.8633333333333333,0.6960681005805904,0.18886198547215496,0.5098039215686274,0.2756183745583039,0.7512574869545054,0.2605926910309754,0.2605926910309754,0.25038202415896976,0.11766772040744644,0.49019607843137253,78,335,2512,75,0.0438800994822225,81700,27.233333333333334,0.05830046870484103,0.13766666666666666,FullHybrid
0.8733333333333333,0.6889674029077736,0.19733333333333333,0.48366013071895425,0.2803030303030303,0.7512574869545054,0.2605926910309754,0.2605926910309754,0.2514062390808381,0.1057253249034071,0.5163398692810458,74,301,2546,79,0.0438800994822225,85020,28.34,0.06272424075200496,0.125,FullHybrid
0.8786666666666667,0.6886850279275742,0.20448179271708683,0.477124183006536,0.28627450980392155,0.7512574869545054,0.2605926910309754,0.2605926910309754,0.25640364542554567,0.09975412715138743,0.5228758169934641,73,284,2563,80,0.0438800994822225,85680,28.56,0.065,0.119,FullHybrid
0.8836666666666667,0.6851346790911659,0.21005917159763313,0.46405228758169936,0.2892057026476578,0.7512574869545054,0.2605926910309754,0.2605926910309754,0.25762905859731083,0.09378292939936776,0.5359477124183006,71,267,2580,82,0.0438800994822225,87340,29.113333333333333,0.06898368322979866,0.11266666666666666,FullHybrid
0.8903333333333333,0.6731853963924874,0.21428571428571427,0.43137254901960786,0.28633405639913234,0.7512574869545054,0.2605926910309754,0.2605926910309754,0.25105439383477957,0.08500175623463295,0.5686274509803921,66,242,2605,87,0.0438800994822225,91840,30.613333333333333,0.07500000000000001,0.10266666666666667,FullHybrid
0.8923333333333333,0.6711467867793411,0.21666666666666667,0.42483660130718953,0.2869757174392936,0.7512574869545054,0.2605926910309754,0.2605926910309754,0.2510126941298396,0.0825430277485072,0.5751633986928104,65,235,2612,88,0.0438800994822225,92700,30.9,0.07805515102562778,0.1,FullHybrid
0.901,0.6664359456462599,0.23134328358208955,0.40522875816993464,0.29453681710213775,0.7512574869545054,0.2605926910309754,0.2605926910309754,0.256749039770345,0.07235686687741483,0.5947712418300654,62,206,2641,91,0.0438800994822225,95120,31.706666666666667,0.085,0.08933333333333333,FullHybrid
0.9026666666666666,0.6673140629627334,0.23574144486692014,0.40522875816993464,0.2980769230769231,0.7512574869545054,0.2605926910309754,0.2605926910309754,0.26030746163251683,0.07060063224446786,0.5947712418300654,62,201,2646,91,0.0438800994822225,95020,31.673333333333332,0.08683243192175664,0.08766666666666667,FullHybrid
0.9123333333333333,0.6631300922195362,0.25877192982456143,0.38562091503267976,0.3097112860892389,0.7512574869545054,0.2605926910309754,0.2605926910309754,0.2708566419789958,0.0593607305936073,0.6143790849673203,59,169,2678,94,0.0438800994822225,97380,32.46,0.095,0.076,FullHybrid
0.9133333333333333,0.6636569626094203,0.26222222222222225,0.38562091503267976,0.3121693121693122,0.7512574869545054,0.2605926910309754,0.2605926910309754,0.27338908942226836,0.05830698981383913,0.6143790849673203,59,166,2681,94,0.0438800994822225,97320,32.44,0.09571021288978233,0.075,FullHybrid
0.9223333333333333,0.6591217449396337,0.2916666666666667,0.3660130718954248,0.3246376811594203,0.7512574869545054,0.2605926910309754,0.2605926910309754,0.28605517648379214,0.04776958201615736,0.6339869281045751,56,136,2711,97,0.0438800994822225,99720,33.24,0.10500000000000001,0.064,FullHybrid
0.9236666666666666,0.6598242387928125,0.2978723404255319,0.3660130718954248,0.3284457478005865,0.7512574869545054,0.2605926910309754,0.2605926910309754,0.2901519585961676,0.04636459430979979,0.6339869281045751,56,132,2715,97,0.0438800994822225,99640,33.21333333333333,0.10724675960011251,0.06266666666666666,FullHybrid
0.9266666666666666,0.6521277987837214,0.3063583815028902,0.3464052287581699,0.32515337423312884,0.7512574869545054,0.2605926910309754,0.2605926910309754,0.2871389249956025,0.04214963119072708,0.6535947712418301,53,120,2727,100,0.0438800994822225,102400,34.13333333333333,0.115,0.057666666666666665,FullHybrid
0.9283333333333333,0.6344518137427082,0.30128205128205127,0.30718954248366015,0.3042071197411003,0.7512574869545054,0.2605926910309754,0.2605926910309754,0.26644588332088015,0.03828591499824376,0.6928104575163399,47,109,2738,106,0.0438800994822225,108180,36.06,0.125,0.052,FullHybrid
0.929,0.6286183598834687,0.3,0.29411764705882354,0.29702970297029707,0.7512574869545054,0.2605926910309754,0.2605926910309754,0.25965958123740923,0.0368809272918862,0.7058823529411765,45,105,2742,108,0.0438800994822225,110100,36.7,0.13298563039968123,0.05,FullHybrid
0.929,0.6286183598834687,0.3,0.29411764705882354,0.29702970297029707,0.7512574869545054,0.2605926910309754,0.2605926910309754,0.25965958123740923,0.0368809272918862,0.7058823529411765,45,105,2742,108,0.0438800994822225,110100,36.7,0.135,0.05,FullHybrid
0.9326666666666666,0.6274578675867959,0.32116788321167883,0.2875816993464052,0.303448275862069,0.7512574869545054,0.2605926910309754,0.2605926910309754,0.26863657104476224,0.032665964172813484,0.7124183006535948,44,93,2754,109,0.0438800994822225,110860,36.95333333333333,0.14500000000000002,0.04566666666666667,FullHybrid
0.936,0.6261217518268284,0.344,0.28104575163398693,0.30935251798561153,0.7512574869545054,0.2605926910309754,0.2605926910309754,0.2777061566924506,0.02880224798033017,0.7189542483660131,43,82,2765,110,0.0438800994822225,111640,37.21333333333333,0.155,0.041666666666666664,FullHybrid
0.9373333333333334,0.6144548441083493,0.34513274336283184,0.2549019607843137,0.2932330827067669,0.7512574869545054,0.2605926910309754,0.2605926910309754,0.26450933834205254,0.02599227256761503,0.7450980392156863,39,74,2773,114,0.0438800994822225,115480,38.49333333333333,0.1646332304990607,0.03766666666666667,FullHybrid
0.9376666666666666,0.6146304675716441,0.3482142857142857,0.2549019607843137,0.2943396226415094,0.7512574869545054,0.2605926910309754,0.2605926910309754,0.2660491665415495,0.02564102564102564,0.7450980392156863,39,73,2774,114,0.0438800994822225,115460,38.486666666666665,0.165,0.037333333333333336,FullHybrid
0.939,0.6091482606389939,0.3557692307692308,0.24183006535947713,0.2879377431906615,0.7512574869545054,0.2605926910309754,0.2605926910309754,0.2625247874435158,0.023533544081489288,0.7581699346405228,37,67,2780,116,0.0438800994822225,117340,39.11333333333334,0.17500000000000002,0.034666666666666665,FullHybrid
0.941,0.6040173006329332,0.3723404255319149,0.22875816993464052,0.28340080971659914,0.7512574869545054,0.2605926910309754,0.2605926910309754,0.2627019472840199,0.02072356866877415,0.7712418300653595,35,59,2788,118,0.0438800994822225,119180,39.72666666666667,0.185,0.03133333333333333,FullHybrid
0.9433333333333334,0.6052466648759961,0.40229885057471265,0.22875816993464052,0.29166666666666663,0.7512574869545054,0.2605926910309754,0.2605926910309754,0.2759611324957196,0.0182648401826484,0.7712418300653595,35,52,2795,118,0.0438800994822225,119040,39.68,0.195,0.029,FullHybrid
0.9443333333333334,0.5995888344800513,0.4125,0.21568627450980393,0.2832618025751073,0.7512574869545054,0.2605926910309754,0.2605926910309754,0.2719841995229643,0.01650860554970144,0.7843137254901961,33,47,2800,120,0.0438800994822225,120940,40.31333333333333,0.20500000000000002,0.02666666666666667,FullHybrid
0.9453333333333334,0.5970233544770208,0.4266666666666667,0.20915032679738563,0.28070175438596495,0.7512574869545054,0.2605926910309754,0.2605926910309754,0.2734337782866343,0.01510361784334387,0.7908496732026143,32,43,2804,121,0.0438800994822225,121860,40.62,0.21176430928637455,0.025,FullHybrid
0.946,0.5942822510106958,0.43661971830985913,0.20261437908496732,0.27678571428571425,0.7512574869545054,0.2605926910309754,0.2605926910309754,0.27290439340665956,0.014049877063575694,0.7973856209150327,31,40,2807,122,0.0438800994822225,122800,40.93333333333333,0.215,0.023666666666666666,FullHybrid
0.9466666666666667,0.5884487971514563,0.4461538461538462,0.1895424836601307,0.26605504587155965,0.7512574869545054,0.2605926910309754,0.2605926910309754,0.26730103765863295,0.012644889357218124,0.8104575163398693,29,36,2811,124,0.0438800994822225,124720,41.57333333333333,0.225,0.021666666666666667,FullHybrid
0.9493333333333334,0.5867614344648994,0.509090909090909,0.1830065359477124,0.2692307692307692,0.7512574869545054,0.2605926910309754,0.2605926910309754,0.2845589004993993,0.009483667017913594,0.8169934640522876,28,27,2820,125,0.0438800994822225,125540,41.846666666666664,0.23500000000000001,0.018333333333333333,FullHybrid
0.9496666666666667,0.5776600067494507,0.5208333333333334,0.16339869281045752,0.24875621890547267,0.7512574869545054,0.2605926910309754,0.2605926910309754,0.27232535179683054,0.008078679311556024,0.8366013071895425,25,23,2824,128,0.0438800994822225,128460,42.82,0.245,0.016,FullHybrid
0.9516666666666667,0.5787137475292189,0.5952380952380952,0.16339869281045752,0.25641025641025644,0.7512574869545054,0.2605926910309754,0.2605926910309754,0.2947788390368681,0.00597119775201967,0.8366013071895425,25,17,2830,128,0.0438800994822225,128340,42.78,0.255,0.014,FullHybrid
0.951,0.5690854494238862,0.5789473684210527,0.1437908496732026,0.23036649214659685,0.7512574869545054,0.2605926910309754,0.2605926910309754,0.27181392786838676,0.005619950825430277,0.8562091503267973,22,16,2831,131,0.0438800994822225,131320,43.77333333333333,0.2641017402208019,0.012666666666666666,FullHybrid
0.9516666666666667,0.5694366963504756,0.6111111111111112,0.1437908496732026,0.23280423280423282,0.7512574869545054,0.2605926910309754,0.2605926910309754,0.2805873868682158,0.004917456972251493,0.8562091503267973,22,14,2833,131,0.0438800994822225,131280,43.76,0.265,0.012,FullHybrid
0.953,0.5639544894178254,0.7142857142857143,0.13071895424836602,0.22099447513812154,0.7512574869545054,0.2605926910309754,0.2605926910309754,0.2926422737648144,0.0028099754127151387,0.869281045751634,20,8,2839,133,0.0438800994822225,133160,44.38666666666666,0.275,0.009333333333333334,FullHybrid
0.9516666666666667,0.5477902436000744,0.6818181818181818,0.09803921568627451,0.17142857142857143,0.7512574869545054,0.2605926910309754,0.2605926910309754,0.246453506594899,0.0024587284861257463,0.9019607843137255,15,7,2840,138,0.0438800994822225,138140,46.04666666666667,0.28500000000000003,0.007333333333333333,FullHybrid
0.9506666666666667,0.5379863220314469,0.631578947368421,0.0784313725490196,0.13953488372093023,0.7512574869545054,0.2605926910309754,0.2605926910309754,0.21068756402116876,0.0024587284861257463,0.9215686274509803,12,7,2840,141,0.0438800994822225,141140,47.04666666666667,0.295,0.006333333333333333,FullHybrid
0.9496666666666667,0.5250900500699051,0.5714285714285714,0.05228758169934641,0.09580838323353293,0.7512574869545054,0.2605926910309754,0.2605926910309754,0.1619802455951496,0.002107481559536354,0.9477124183006536,8,6,2841,145,0.0438800994822225,145120,48.373333333333335,0.305,0.004666666666666667,FullHybrid
0.9486666666666667,0.5152861285012776,0.45454545454545453,0.032679738562091505,0.06097560975609757,0.7512574869545054,0.2605926910309754,0.2605926910309754,0.11127757445546299,0.002107481559536354,0.9673202614379085,5,6,2841,148,0.0438800994822225,148120,49.373333333333335,0.315,0.0036666666666666666,FullHybrid
0.9486666666666667,0.5121937781083631,0.4444444444444444,0.026143790849673203,0.04938271604938271,0.7512574869545054,0.2605926910309754,0.2605926910309754,0.09810209258091171,0.0017562346329469617,0.9738562091503268,4,5,2842,149,0.0438800994822225,149100,49.7,0.325,0.003,FullHybrid
0.9483333333333334,0.508925804252154,0.375,0.0196078431372549,0.037267080745341616,0.7512574869545054,0.2605926910309754,0.2605926910309754,0.07615370106057245,0.0017562346329469617,0.9803921568627451,3,5,2842,150,0.0438800994822225,150100,50.03333333333333,0.335,0.0026666666666666666,FullHybrid
0.949,0.5092770511787433,0.5,0.0196078431372549,0.03773584905660377,0.7512574869545054,0.2605926910309754,0.2605926910309754,0.09136458248345632,0.001053740779768177,0.9803921568627451,3,3,2844,150,0.0438800994822225,150060,50.02,0.34500000000000003,0.002,FullHybrid
0.9493333333333334,0.5063603242491236,0.6666666666666666,0.013071895424836602,0.02564102564102564,0.7512574869545054,0.2605926910309754,0.2605926910309754,0.08854105701611953,0.00035124692658939234,0.9869281045751634,2,1,2846,151,0.0438800994822225,151020,50.34,0.35500000000000004,0.001,FullHybrid
0.9493333333333334,0.5032679738562091,1.0,0.006535947712418301,0.012987012987012988,0.7512574869545054,0.2605926910309754,0.2605926910309754,0.07876980770968345,0.0,0.9934640522875817,1,0,2847,152,0.0438800994822225,152000,50.666666666666664,0.365,0.0003333333333333333,FullHybrid
0.9493333333333334,0.5032679738562091,1.0,0.006535947712418301,0.012987012987012988,0.7512574869545054,0.2605926910309754,0.2605926910309754,0.07876980770968345,0.0,0.9934640522875817,1,0,2847,152,0.0438800994822225,152000,50.666666666666664,0.375,0.0003333333333333333,FullHybrid
0.9493333333333334,0.5032679738562091,1.0,0.006535947712418301,0.012987012987012988,0.7512574869545054,0.2605926910309754,0.2605926910309754,0.07876980770968345,0.0,0.9934640522875817,1,0,2847,152,0.0438800994822225,152000,50.666666666666664,0.385,0.0003333333333333333,FullHybrid
0.9493333333333334,0.5032679738562091,1.0,0.006535947712418301,0.012987012987012988,0.7512574869545054,0.2605926910309754,0.2605926910309754,0.07876980770968345,0.0,0.9934640522875817,1,0,2847,152,0.0438800994822225,152000,50.666666666666664,0.3863904115033634,0.0003333333333333333,FullHybrid
0.949,0.5,0.0,0.0,0.0,0.7512574869545054,0.2605926910309754,0.2605926910309754,0.0,0.0,1.0,0,0,2847,153,0.0438800994822225,153000,51.0,0.395,0.0,FullHybrid
0.949,0.5,0.0,0.0,0.0,0.7512574869545054,0.2605926910309754,0.2605926910309754,0.0,0.0,1.0,0,0,2847,153,0.0438800994822225,153000,51.0,0.405,0.0,FullHybrid
0.949,0.5,0.0,0.0,0.0,0.7512574869545054,0.2605926910309754,0.2605926910309754,0.0,0.0,1.0,0,0,2847,153,0.0438800994822225,153000,51.0,0.41500000000000004,0.0,FullHybrid
0.949,0.5,0.0,0.0,0.0,0.7512574869545054,0.2605926910309754,0.2605926910309754,0.0,0.0,1.0,0,0,2847,153,0.0438800994822225,153000,51.0,0.425,0.0,FullHybrid
0.949,0.5,0.0,0.0,0.0,0.7512574869545054,0.2605926910309754,0.2605926910309754,0.0,0.0,1.0,0,0,2847,153,0.0438800994822225,153000,51.0,0.435,0.0,FullHybrid
0.949,0.5,0.0,0.0,0.0,0.7512574869545054,0.2605926910309754,0.2605926910309754,0.0,0.0,1.0,0,0,2847,153,0.0438800994822225,153000,51.0,0.445,0.0,FullHybrid
0.949,0.5,0.0,0.0,0.0,0.7512574869545054,0.2605926910309754,0.2605926910309754,0.0,0.0,1.0,0,0,2847,153,0.0438800994822225,153000,51.0,0.455,0.0,FullHybrid
0.949,0.5,0.0,0.0,0.0,0.7512574869545054,0.2605926910309754,0.2605926910309754,0.0,0.0,1.0,0,0,2847,153,0.0438800994822225,153000,51.0,0.465,0.0,FullHybrid
0.949,0.5,0.0,0.0,0.0,0.7512574869545054,0.2605926910309754,0.2605926910309754,0.0,0.0,1.0,0,0,2847,153,0.0438800994822225,153000,51.0,0.47500000000000003,0.0,FullHybrid
0.949,0.5,0.0,0.0,0.0,0.7512574869545054,0.2605926910309754,0.2605926910309754,0.0,0.0,1.0,0,0,2847,153,0.0438800994822225,153000,51.0,0.485,0.0,FullHybrid
0.949,0.5,0.0,0.0,0.0,0.7512574869545054,0.2605926910309754,0.2605926910309754,0.0,0.0,1.0,0,0,2847,153,0.0438800994822225,153000,51.0,0.495,0.0,FullHybrid
0.949,0.5,0.0,0.0,0.0,0.7512574869545054,0.2605926910309754,0.2605926910309754,0.0,0.0,1.0,0,0,2847,153,0.0438800994822225,153000,51.0,0.505,0.0,FullHybrid
0.949,0.5,0.0,0.0,0.0,0.7512574869545054,0.2605926910309754,0.2605926910309754,0.0,0.0,1.0,0,0,2847,153,0.0438800994822225,153000,51.0,0.515,0.0,FullHybrid
0.949,0.5,0.0,0.0,0.0,0.7512574869545054,0.2605926910309754,0.2605926910309754,0.0,0.0,1.0,0,0,2847,153,0.0438800994822225,153000,51.0,0.525,0.0,FullHybrid
0.949,0.5,0.0,0.0,0.0,0.7512574869545054,0.2605926910309754,0.2605926910309754,0.0,0.0,1.0,0,0,2847,153,0.0438800994822225,153000,51.0,0.535,0.0,FullHybrid
0.949,0.5,0.0,0.0,0.0,0.7512574869545054,0.2605926910309754,0.2605926910309754,0.0,0.0,1.0,0,0,2847,153,0.0438800994822225,153000,51.0,0.545,0.0,FullHybrid
0.949,0.5,0.0,0.0,0.0,0.7512574869545054,0.2605926910309754,0.2605926910309754,0.0,0.0,1.0,0,0,2847,153,0.0438800994822225,153000,51.0,0.555,0.0,FullHybrid
0.949,0.5,0.0,0.0,0.0,0.7512574869545054,0.2605926910309754,0.2605926910309754,0.0,0.0,1.0,0,0,2847,153,0.0438800994822225,153000,51.0,0.5650000000000001,0.0,FullHybrid
0.949,0.5,0.0,0.0,0.0,0.7512574869545054,0.2605926910309754,0.2605926910309754,0.0,0.0,1.0,0,0,2847,153,0.0438800994822225,153000,51.0,0.5750000000000001,0.0,FullHybrid
0.949,0.5,0.0,0.0,0.0,0.7512574869545054,0.2605926910309754,0.2605926910309754,0.0,0.0,1.0,0,0,2847,153,0.0438800994822225,153000,51.0,0.585,0.0,FullHybrid
0.949,0.5,0.0,0.0,0.0,0.7512574869545054,0.2605926910309754,0.2605926910309754,0.0,0.0,1.0,0,0,2847,153,0.0438800994822225,153000,51.0,0.595,0.0,FullHybrid
0.949,0.5,0.0,0.0,0.0,0.7512574869545054,0.2605926910309754,0.2605926910309754,0.0,0.0,1.0,0,0,2847,153,0.0438800994822225,153000,51.0,0.605,0.0,FullHybrid
0.949,0.5,0.0,0.0,0.0,0.7512574869545054,0.2605926910309754,0.2605926910309754,0.0,0.0,1.0,0,0,2847,153,0.0438800994822225,153000,51.0,0.615,0.0,FullHybrid
0.949,0.5,0.0,0.0,0.0,0.7512574869545054,0.2605926910309754,0.2605926910309754,0.0,0.0,1.0,0,0,2847,153,0.0438800994822225,153000,51.0,0.625,0.0,FullHybrid
0.949,0.5,0.0,0.0,0.0,0.7512574869545054,0.2605926910309754,0.2605926910309754,0.0,0.0,1.0,0,0,2847,153,0.0438800994822225,153000,51.0,0.635,0.0,FullHybrid
0.949,0.5,0.0,0.0,0.0,0.7512574869545054,0.2605926910309754,0.2605926910309754,0.0,0.0,1.0,0,0,2847,153,0.0438800994822225,153000,51.0,0.645,0.0,FullHybrid
0.949,0.5,0.0,0.0,0.0,0.7512574869545054,0.2605926910309754,0.2605926910309754,0.0,0.0,1.0,0,0,2847,153,0.0438800994822225,153000,51.0,0.655,0.0,FullHybrid
0.949,0.5,0.0,0.0,0.0,0.7512574869545054,0.2605926910309754,0.2605926910309754,0.0,0.0,1.0,0,0,2847,153,0.0438800994822225,153000,51.0,0.665,0.0,FullHybrid
0.949,0.5,0.0,0.0,0.0,0.7512574869545054,0.2605926910309754,0.2605926910309754,0.0,0.0,1.0,0,0,2847,153,0.0438800994822225,153000,51.0,0.675,0.0,FullHybrid
0.949,0.5,0.0,0.0,0.0,0.7512574869545054,0.2605926910309754,0.2605926910309754,0.0,0.0,1.0,0,0,2847,153,0.0438800994822225,153000,51.0,0.685,0.0,FullHybrid
0.949,0.5,0.0,0.0,0.0,0.7512574869545054,0.2605926910309754,0.2605926910309754,0.0,0.0,1.0,0,0,2847,153,0.0438800994822225,153000,51.0,0.6950000000000001,0.0,FullHybrid
0.949,0.5,0.0,0.0,0.0,0.7512574869545054,0.2605926910309754,0.2605926910309754,0.0,0.0,1.0,0,0,2847,153,0.0438800994822225,153000,51.0,0.7050000000000001,0.0,FullHybrid
0.949,0.5,0.0,0.0,0.0,0.7512574869545054,0.2605926910309754,0.2605926910309754,0.0,0.0,1.0,0,0,2847,153,0.0438800994822225,153000,51.0,0.715,0.0,FullHybrid
0.949,0.5,0.0,0.0,0.0,0.7512574869545054,0.2605926910309754,0.2605926910309754,0.0,0.0,1.0,0,0,2847,153,0.0438800994822225,153000,51.0,0.725,0.0,FullHybrid
0.949,0.5,0.0,0.0,0.0,0.7512574869545054,0.2605926910309754,0.2605926910309754,0.0,0.0,1.0,0,0,2847,153,0.0438800994822225,153000,51.0,0.735,0.0,FullHybrid
0.949,0.5,0.0,0.0,0.0,0.7512574869545054,0.2605926910309754,0.2605926910309754,0.0,0.0,1.0,0,0,2847,153,0.0438800994822225,153000,51.0,0.745,0.0,FullHybrid
0.949,0.5,0.0,0.0,0.0,0.7512574869545054,0.2605926910309754,0.2605926910309754,0.0,0.0,1.0,0,0,2847,153,0.0438800994822225,153000,51.0,0.755,0.0,FullHybrid
0.949,0.5,0.0,0.0,0.0,0.7512574869545054,0.2605926910309754,0.2605926910309754,0.0,0.0,1.0,0,0,2847,153,0.0438800994822225,153000,51.0,0.765,0.0,FullHybrid
0.949,0.5,0.0,0.0,0.0,0.7512574869545054,0.2605926910309754,0.2605926910309754,0.0,0.0,1.0,0,0,2847,153,0.0438800994822225,153000,51.0,0.775,0.0,FullHybrid
0.949,0.5,0.0,0.0,0.0,0.7512574869545054,0.2605926910309754,0.2605926910309754,0.0,0.0,1.0,0,0,2847,153,0.0438800994822225,153000,51.0,0.785,0.0,FullHybrid
0.949,0.5,0.0,0.0,0.0,0.7512574869545054,0.2605926910309754,0.2605926910309754,0.0,0.0,1.0,0,0,2847,153,0.0438800994822225,153000,51.0,0.795,0.0,FullHybrid
0.949,0.5,0.0,0.0,0.0,0.7512574869545054,0.2605926910309754,0.2605926910309754,0.0,0.0,1.0,0,0,2847,153,0.0438800994822225,153000,51.0,0.805,0.0,FullHybrid
0.949,0.5,0.0,0.0,0.0,0.7512574869545054,0.2605926910309754,0.2605926910309754,0.0,0.0,1.0,0,0,2847,153,0.0438800994822225,153000,51.0,0.8150000000000001,0.0,FullHybrid
0.949,0.5,0.0,0.0,0.0,0.7512574869545054,0.2605926910309754,0.2605926910309754,0.0,0.0,1.0,0,0,2847,153,0.0438800994822225,153000,51.0,0.8250000000000001,0.0,FullHybrid
0.949,0.5,0.0,0.0,0.0,0.7512574869545054,0.2605926910309754,0.2605926910309754,0.0,0.0,1.0,0,0,2847,153,0.0438800994822225,153000,51.0,0.8350000000000001,0.0,FullHybrid
0.949,0.5,0.0,0.0,0.0,0.7512574869545054,0.2605926910309754,0.2605926910309754,0.0,0.0,1.0,0,0,2847,153,0.0438800994822225,153000,51.0,0.845,0.0,FullHybrid
0.949,0.5,0.0,0.0,0.0,0.7512574869545054,0.2605926910309754,0.2605926910309754,0.0,0.0,1.0,0,0,2847,153,0.0438800994822225,153000,51.0,0.855,0.0,FullHybrid
0.949,0.5,0.0,0.0,0.0,0.7512574869545054,0.2605926910309754,0.2605926910309754,0.0,0.0,1.0,0,0,2847,153,0.0438800994822225,153000,51.0,0.865,0.0,FullHybrid
0.949,0.5,0.0,0.0,0.0,0.7512574869545054,0.2605926910309754,0.2605926910309754,0.0,0.0,1.0,0,0,2847,153,0.0438800994822225,153000,51.0,0.875,0.0,FullHybrid
0.949,0.5,0.0,0.0,0.0,0.7512574869545054,0.2605926910309754,0.2605926910309754,0.0,0.0,1.0,0,0,2847,153,0.0438800994822225,153000,51.0,0.885,0.0,FullHybrid
0.949,0.5,0.0,0.0,0.0,0.7512574869545054,0.2605926910309754,0.2605926910309754,0.0,0.0,1.0,0,0,2847,153,0.0438800994822225,153000,51.0,0.895,0.0,FullHybrid
0.949,0.5,0.0,0.0,0.0,0.7512574869545054,0.2605926910309754,0.2605926910309754,0.0,0.0,1.0,0,0,2847,153,0.0438800994822225,153000,51.0,0.905,0.0,FullHybrid
0.949,0.5,0.0,0.0,0.0,0.7512574869545054,0.2605926910309754,0.2605926910309754,0.0,0.0,1.0,0,0,2847,153,0.0438800994822225,153000,51.0,0.915,0.0,FullHybrid
0.949,0.5,0.0,0.0,0.0,0.7512574869545054,0.2605926910309754,0.2605926910309754,0.0,0.0,1.0,0,0,2847,153,0.0438800994822225,153000,51.0,0.925,0.0,FullHybrid
0.949,0.5,0.0,0.0,0.0,0.7512574869545054,0.2605926910309754,0.2605926910309754,0.0,0.0,1.0,0,0,2847,153,0.0438800994822225,153000,51.0,0.935,0.0,FullHybrid
0.949,0.5,0.0,0.0,0.0,0.7512574869545054,0.2605926910309754,0.2605926910309754,0.0,0.0,1.0,0,0,2847,153,0.0438800994822225,153000,51.0,0.9450000000000001,0.0,FullHybrid
0.949,0.5,0.0,0.0,0.0,0.7512574869545054,0.2605926910309754,0.2605926910309754,0.0,0.0,1.0,0,0,2847,153,0.0438800994822225,153000,51.0,0.9550000000000001,0.0,FullHybrid
0.949,0.5,0.0,0.0,0.0,0.7512574869545054,0.2605926910309754,0.2605926910309754,0.0,0.0,1.0,0,0,2847,153,0.0438800994822225,153000,51.0,0.965,0.0,FullHybrid
0.949,0.5,0.0,0.0,0.0,0.7512574869545054,0.2605926910309754,0.2605926910309754,0.0,0.0,1.0,0,0,2847,153,0.0438800994822225,153000,51.0,0.975,0.0,FullHybrid
0.949,0.5,0.0,0.0,0.0,0.7512574869545054,0.2605926910309754,0.2605926910309754,0.0,0.0,1.0,0,0,2847,153,0.0438800994822225,153000,51.0,0.985,0.0,FullHybrid
0.949,0.5,0.0,0.0,0.0,0.7512574869545054,0.2605926910309754,0.2605926910309754,0.0,0.0,1.0,0,0,2847,153,0.0438800994822225,153000,51.0,0.995,0.0,FullHybrid
0.949,0.5,0.0,0.0,0.0,0.7512574869545054,0.2605926910309754,0.2605926910309754,0.0,0.0,1.0,0,0,2847,153,0.0438800994822225,153000,51.0,1.000001,0.0,FullHybrid
0.051,0.5,0.051,1.0,0.09705042816365367,0.7497606699862945,0.2587646076867568,0.2587646076867568,0.0,1.0,0.0,153,2847,0,0,0.04389942235881614,56940,18.98,0.005,1.0,Hybrid_WithoutAnomaly
0.051,0.5,0.051,1.0,0.09705042816365367,0.7497606699862945,0.2587646076867568,0.2587646076867568,0.0,1.0,0.0,153,2847,0,0,0.04389942235881614,56940,18.98,0.006653759592308639,1.0,Hybrid_WithoutAnomaly
0.06366666666666666,0.5066736916051985,0.051654287643484134,1.0,0.09823434991974317,0.7497606699862945,0.2587646076867568,0.2587646076867568,0.02625737175799689,0.9866526167896031,0.0,153,2809,38,0,0.04389942235881614,56180,18.726666666666667,0.008136277122006434,0.9873333333333333,Hybrid_WithoutAnomaly
0.076,0.5131717597471022,0.052307692307692305,1.0,0.09941520467836255,0.7497606699862945,0.2587646076867568,0.2587646076867568,0.037121000956393126,0.9736564805057956,0.0,153,2772,75,0,0.04389942235881614,55440,18.48,0.008912160222575719,0.975,Hybrid_WithoutAnomaly
0.08733333333333333,0.512958256713293,0.05230342916522342,0.9869281045751634,0.0993421052631579,0.7497606699862945,0.2587646076867568,0.2587646076867568,0.02994700605292727,0.9610115911485775,0.013071895424836602,151,2736,111,2,0.04389942235881614,56720,18.906666666666666,0.00952857743254644,0.9623333333333334,Hybrid_WithoutAnomaly
0.099,0.5160127275356928,0.05263157894736842,0.9803921568627451,0.09990009990009989,0.7497606699862945,0.2587646076867568,0.2587646076867568,0.032327096459275846,0.9483667017913593,0.0196078431372549,150,2700,147,3,0.04389942235881614,57000,19.0,0.010078294645896558,0.95,Hybrid_WithoutAnomaly
0.11166666666666666,0.5226864191408913,0.05334281650071124,0.9803921568627451,0.10118043844856661,0.7497606699862945,0.2587646076867568,0.2587646076867568,0.04118592396861915,0.9350193185809624,0.0196078431372549,150,2662,185,3,0.04389942235881614,56240,18.746666666666666,0.010507028439688575,0.9373333333333334,Hybrid_WithoutAnomaly
0.124,0.5291844872827951,0.05405405405405406,0.9803921568627451,0.10245901639344263,0.7497606699862945,0.2587646076867568,0.2587646076867568,0.048752709791766956,0.9220231822971549,0.0196078431372549,150,2625,222,3,0.04389942235881614,55500,18.5,0.010970835234929565,0.925,Hybrid_WithoutAnomaly
0.136,0.5324145815684898,0.05443916697113628,0.9738562091503268,0.10311418685121108,0.7497606699862945,0.2587646076867568,0.2587646076867568,0.05043065298015686,0.9090270460133474,0.026143790849673203,149,2588,259,4,0.04389942235881614,55760,18.586666666666666,0.011374870943888402,0.9123333333333333,Hybrid_WithoutAnomaly
0.14833333333333334,0.5389126497103934,0.055185185185185184,0.9738562091503268,0.10445145460918333,0.7497606699862945,0.2587646076867568,0.2587646076867568,0.057071296653263326,0.8960309097295399,0.026143790849673203,149,2551,296,4,0.04389942235881614,55020,18.34,0.011706383116641544,0.9,Hybrid_WithoutAnomaly
0.16033333333333333,0.5421427439960881,0.05559729526671676,0.9673202614379085,0.10515097690941384,0.7497606699862945,0.2587646076867568,0.2587646076867568,0.05864484987749507,0.8830347734457323,0.032679738562091505,148,2514,333,5,0.04389942235881614,55280,18.426666666666666,0.012041909375264592,0.8873333333333333,Hybrid_WithoutAnomaly
0.172,0.545197214818488,0.056,0.9607843137254902,0.10583153347732183,0.7497606699862945,0.2587646076867568,0.2587646076867568,0.060131332809767644,0.8703898840885143,0.0392156862745098,147,2478,369,6,0.04389942235881614,55560,18.52,0.012307932460194038,0.875,Hybrid_WithoutAnomaly
0.184,0.5484273091041826,0.056436026285272514,0.954248366013072,0.10656934306569343,0.7497606699862945,0.2587646076867568,0.2587646076867568,0.06184242945268616,0.8573937478047067,0.0457516339869281,146,2441,406,7,0.04389942235881614,55820,18.606666666666666,0.012639614946648883,0.8623333333333333,Hybrid_WithoutAnomaly
0.19633333333333333,0.5549253772460864,0.05725490196078432,0.954248366013072,0.10802811690714022,0.7497606699862945,0.2587646076867568,0.2587646076867568,0.06768090324785012,0.8443976115208992,0.0457516339869281,146,2404,443,7,0.04389942235881614,55080,18.36,0.012978146261763855,0.85,Hybrid_WithoutAnomaly
0.209,0.5615990688512849,0.058121019108280256,0.954248366013072,0.10956848030018762,0.7497606699862945,0.2587646076867568,0.2587646076867568,0.07343851110993677,0.8310502283105022,0.0457516339869281,146,2366,481,7,0.04389942235881614,54320,18.106666666666666,0.013271288583125651,0.8373333333333334,Hybrid_WithoutAnomaly
0.22133333333333333,0.5680971369931886,0.05898989898989899,0.954248366013072,0.1111111111111111,0.7497606699862945,0.2587646076867568,0.2587646076867568,0.07885532836978944,0.8180540920266948,0.0457516339869281,146,2329,518,7,0.04389942235881614,53580,17.86,0.013556746074635095,0.825,Hybrid_WithoutAnomaly
0.23333333333333334,0.5713272312788832,0.05949938448912597,0.9477124183006536,0.11196911196911195,0.7497606699862945,0.2587646076867568,0.2587646076867568,0.08037904628626984,0.8050579557428873,0.05228758169934641,145,2292,555,8,0.04389942235881614,53840,17.946666666666665,0.013837886380446767,0.8123333333333334,Hybrid_WithoutAnomaly
0.245,0.574381702101283,0.06,0.9411764705882353,0.11280846063454758,0.7497606699862945,0.2587646076867568,0.2587646076867568,0.08181902706043061,0.7924130663856691,0.058823529411764705,144,2256,591,9,0.04389942235881614,54120,18.04,0.014125095792446762,0.8,Hybrid_WithoutAnomaly
0.25766666666666665,0.5810553937064815,0.06096528365791702,0.9411764705882353,0.11451292246520875,0.7497606699862945,0.2587646076867568,0.2587646076867568,0.08715676020318229,0.7790656831752722,0.058823529411764705,144,2218,629,9,0.04389942235881614,53360,17.786666666666665,0.014465852316497194,0.7873333333333333,Hybrid_WithoutAnomaly
0.26866666666666666,0.5806662672093776,0.0610752688172043,0.9281045751633987,0.11460855528652139,0.7497606699862945,0.2587646076867568,0.2587646076867568,0.08499591240445557,0.7667720407446434,0.0718954248366013,142,2183,664,11,0.04389942235881614,54660,18.22,0.014750390201895109,0.775,Hybrid_WithoutAnomaly
0.279,0.5861105945715132,0.06190061028770706,0.9281045751633987,0.11606048222313035,0.7497606699862945,0.2587646076867568,0.2587646076867568,0.08931552909271537,0.7558833860203723,0.0718954248366013,142,2152,695,11,0.04389942235881614,54040,18.013333333333332,0.015,0.7646666666666667,Hybrid_WithoutAnomaly
0.2813333333333333,0.587339958814576,0.062090074333187584,0.9281045751633987,0.11639344262295083,0.7497606699862945,0.2587646076867568,0.2587646076867568,0.09028270864211797,0.7534246575342466,0.0718954248366013,142,2145,702,11,0.04389942235881614,53900,17.966666666666665,0.015050052723154827,0.7623333333333333,Hybrid_WithoutAnomaly
0.2936666666666667,0.5938380269564798,0.06311111111111112,0.9281045751633987,0.11818560133166876,0.7497606699862945,0.2587646076867568,0.2587646076867568,0.09535125676853416,0.740428521250439,0.0718954248366013,142,2108,739,11,0.04389942235881614,53160,17.72,0.015303676952021651,0.75,Hybrid_WithoutAnomaly
0.305,0.5936245239226705,0.06329113924050633,0.9150326797385621,0.11839323467230445,0.7497606699862945,0.2587646076867568,0.2587646076867568,0.09360593742799685,0.7277836318932209,0.08496732026143791,140,2072,775,13,0.04389942235881614,54440,18.14666666666667,0.015625640642620908,0.7373333333333333,Hybrid_WithoutAnomaly
0.31666666666666665,0.5966789947450705,0.0639080459770115,0.9084967320261438,0.11941580756013746,0.7497606699862945,0.2587646076867568,0.2587646076867568,0.09526754323504354,0.7151387425360028,0.0915032679738562,139,2036,811,14,0.04389942235881614,54720,18.24,0.015895898448477736,0.725,Hybrid_WithoutAnomaly
0.328,0.5964654917112613,0.06410856340664482,0.8954248366013072,0.11965065502183404,0.7497606699862945,0.2587646076867568,0.2587646076867568,0.09376349088192862,0.7024938531787847,0.10457516339869281,137,2000,847,16,0.04389942235881614,56000,18.666666666666668,0.01610199248854,0.7123333333333334,Hybrid_WithoutAnomaly
0.3396666666666667,0.5995199625336611,0.06476190476190476,0.8888888888888888,0.12072791833111406,0.7497606699862945,0.2587646076867568,0.2587646076867568,0.09555397240291565,0.6898489638215666,0.1111111111111111,136,1964,883,17,0.04389942235881614,56280,18.76,0.016374213655054117,0.7,Hybrid_WithoutAnomaly
0.35233333333333333,0.6061936541388596,0.06595538312318137,0.8888888888888888,0.12279909706546274,0.7497606699862945,0.2587646076867568,0.2587646076867568,0.10079111745363169,0.6765015806111696,0.1111111111111111,136,1926,921,17,0.04389942235881614,55520,18.506666666666668,0.01661704443596273,0.6873333333333334,Hybrid_WithoutAnomaly
0.364,0.6092481249612596,0.06666666666666667,0.8823529411764706,0.12396694214876033,0.7497606699862945,0.2587646076867568,0.2587646076867568,0.10262864970296923,0.6638566912539515,0.11764705882352941,135,1890,957,18,0.04389942235881614,55800,18.6,0.016992493460216685,0.675,Hybrid_WithoutAnomaly
0.374,0.6021474272884426,0.06592853548062405,0.8562091503267973,0.12242990654205606,0.7497606699862945,0.2587646076867568,0.2587646076867568,0.09503710999181911,0.6519142957499122,0.1437908496732026,131,1856,991,22,0.04389942235881614,59120,19.706666666666667,0.01732204175278219,0.6623333333333333,Hybrid_WithoutAnomaly
0.3863333333333333,0.6086454954303463,0.06717948717948719,0.8562091503267973,0.1245839277223015,0.7497606699862945,0.2587646076867568,0.2587646076867568,0.10022341900329688,0.6389181594661046,0.1437908496732026,131,1819,1028,22,0.04389942235881614,58380,19.46,0.01762734515047357,0.65,Hybrid_WithoutAnomaly
0.3983333333333333,0.611875589716041,0.06799163179916318,0.8496732026143791,0.12590799031476996,0.7497606699862945,0.2587646076867568,0.2587646076867568,0.1023873707180276,0.6259220231822972,0.1503267973856209,130,1782,1065,23,0.04389942235881614,58640,19.546666666666667,0.017893669524473063,0.6373333333333333,Hybrid_WithoutAnomaly
0.41,0.6149300605384409,0.0688,0.8431372549019608,0.12721893491124261,0.7497606699862945,0.2587646076867568,0.2587646076867568,0.10445426629446969,0.613277133825079,0.1568627450980392,129,1746,1101,24,0.04389942235881614,58920,19.64,0.01820567028382214,0.625,Hybrid_WithoutAnomaly
0.422,0.6181601548241356,0.06967882416984214,0.8366013071895425,0.12864321608040202,0.7497606699862945,0.2587646076867568,0.2587646076867568,0.10670777404347788,0.6002809975412715,0.16339869281045752,128,1709,1138,25,0.04389942235881614,59180,19.726666666666667,0.01853675414536437,0.6123333333333333,Hybrid_WithoutAnomaly
0.43233333333333335,0.6143274310075277,0.06944444444444445,0.8169934640522876,0.12800819252432155,0.7497606699862945,0.2587646076867568,0.2587646076867568,0.10268169139857407,0.5883386020372322,0.1830065359477124,125,1675,1172,28,0.04389942235881614,61500,20.5,0.019005932022586377,0.6,Hybrid_WithoutAnomaly
0.44433333333333336,0.6175575252932223,0.07037457434733257,0.8104575163398693,0.12950391644908618,0.7497606699862945,0.2587646076867568,0.2587646076867568,0.105064646932111,0.5753424657534246,0.1895424836601307,124,1638,1209,29,0.04389942235881614,61760,20.586666666666666,0.019275633302435303,0.5873333333333334,Hybrid_WithoutAnomaly
0.4553333333333333,0.6171683987961184,0.07072463768115941,0.7973856209150327,0.12992545260915866,0.7497606699862945,0.2587646076867568,0.2587646076867568,0.10428702956822987,0.5630488233227959,0.20261437908496732,122,1603,1244,31,0.04389942235881614,63060,21.02,0.019493698889417817,0.575,Hybrid_WithoutAnomaly
0.4673333333333333,0.6203984930818129,0.07172495554238292,0.7908496732026143,0.13152173913043477,0.7497606699862945,0.2587646076867568,0.2587646076867568,0.10678262471278051,0.5500526870389885,0.20915032679738563,121,1566,1281,32,0.04389942235881614,63320,21.106666666666666,0.019875974048460088,0.5623333333333334,Hybrid_WithoutAnomaly
0.47833333333333333,0.6200093665847091,0.07212121212121213,0.7777777777777778,0.13200221852468108,0.7497606699862945,0.2587646076867568,0.2587646076867568,0.10613918091445246,0.5377590446083597,0.2222222222222222,119,1531,1316,34,0.04389942235881614,64620,21.54,0.020249385951600016,0.55,Hybrid_WithoutAnomaly
0.491,0.6266830581899075,0.07382133995037221,0.7777777777777778,0.1348441926345609,0.7497606699862945,0.2587646076867568,0.2587646076867568,0.11179200150481444,0.5244116613979628,0.2222222222222222,119,1493,1354,34,0.04389942235881614,63860,21.286666666666665,0.02058084887861681,0.5373333333333333,Hybrid_WithoutAnomaly
0.5026666666666667,0.6297375290123074,0.07492063492063492,0.7712418300653595,0.13657407407407404,0.7497606699862945,0.2587646076867568,0.2587646076867568,0.11431082403984391,0.5117667720407446,0.22875816993464052,118,1457,1390,35,0.04389942235881614,64140,21.38,0.02105626828690699,0.525,Hybrid_WithoutAnomaly
0.5146666666666667,0.6329676232980019,0.07612231620039037,0.7647058823529411,0.13846153846153844,0.7497606699862945,0.2587646076867568,0.2587646076867568,0.11704591308521926,0.49877063575693714,0.23529411764705882,117,1420,1427,36,0.04389942235881614,64400,21.466666666666665,0.021512308528297306,0.5123333333333333,Hybrid_WithoutAnomaly
0.527,0.6394656914399057,0.078,0.7647058823529411,0.1415607985480944,0.7497606699862945,0.2587646076867568,0.2587646076867568,0.12272854059064592,0.4857744994731296,0.23529411764705882,117,1383,1464,36,0.04389942235881614,63660,21.22,0.022007557033217516,0.5,Hybrid_WithoutAnomaly
0.5393333333333333,0.6459637595818095,0.07997265892002735,0.7647058823529411,0.1448019801980198,0.7497606699862945,0.2587646076867568,0.2587646076867568,0.12848587568806333,0.4727783631893221,0.23529411764705882,117,1346,1501,36,0.04389942235881614,62920,20.973333333333333,0.0223899130735758,0.4876666666666667,Hybrid_WithoutAnomaly
0.5513333333333333,0.6491938538675042,0.08140350877192983,0.7581699346405228,0.14702154626108999,0.7497606699862945,0.2587646076867568,0.2587646076867568,0.13145365498410716,0.45978222690551457,0.24183006535947713,116,1309,1538,37,0.04389942235881614,63180,21.06,0.02290427995781957,0.475,Hybrid_WithoutAnomaly
0.5636666666666666,0.655691922009408,0.08357348703170028,0.7581699346405228,0.15055158987670345,0.7497606699862945,0.2587646076867568,0.2587646076867568,0.13739099630411197,0.44678609062170704,0.24183006535947713,116,1272,1575,37,0.04389942235881614,62440,20.813333333333333,0.023392952503236163,0.46266666666666667,Hybrid_WithoutAnomaly
0.5763333333333334,0.6623656136146063,0.08592592592592592,0.7581699346405228,0.1543579507651364,0.7497606699862945,0.2587646076867568,0.2587646076867568,0.14360006829602392,0.43343870741131013,0.24183006535947713,116,1234,1613,37,0.04389942235881614,61680,20.56,0.023909879220695984,0.45,Hybrid_WithoutAnomaly
0.5873333333333334,0.6619764871175025,0.08682406702208682,0.7450980392156863,0.15552523874488405,0.7497606699862945,0.2587646076867568,0.2587646076867568,0.14365856244072467,0.42114506498068144,0.2549019607843137,114,1199,1648,39,0.04389942235881614,62980,20.993333333333332,0.02435621433856273,0.43766666666666665,Hybrid_WithoutAnomaly
0.5993333333333334,0.6652065814031971,0.08862745098039215,0.738562091503268,0.15826330532212884,0.7497606699862945,0.2587646076867568,0.2587646076867568,0.14704394543823154,0.4081489286968739,0.26143790849673204,113,1162,1685,40,0.04389942235881614,63240,21.08,0.024801362079701714,0.425,Hybrid_WithoutAnomaly
0.6036666666666667,0.6643973360331137,0.08888888888888889,0.7320261437908496,0.15852795470629866,0.7497606699862945,0.2587646076867568,0.2587646076867568,0.14655624315915047,0.4032314717246224,0.2679738562091503,112,1148,1699,41,0.04389942235881614,63960,21.32,0.025,0.42,Hybrid_WithoutAnomaly
0.611,0.668261052225597,0.09046849757673667,0.7320261437908496,0.16103522645578722,0.7497606699862945,0.2587646076867568,0.2587646076867568,0.15037989274113325,0.3955040393396558,0.2679738562091503,112,1126,1721,41,0.04389942235881614,63520,21.173333333333332,0.025388400501544516,0.4126666666666667,Hybrid_WithoutAnomaly
0.621,0.66116035455278,0.09,0.7058823529411765,0.15964523281596454,0.7497606699862945,0.2587646076867568,0.2587646076867568,0.1447440710076285,0.3835616438356164,0.29411764705882354,108,1092,1755,45,0.04389942235881614,66840,22.28,0.02590874457626304,0.4,Hybrid_WithoutAnomaly
0.6333333333333333,0.6676584226946838,0.09286328460877043,0.7058823529411765,0.16413373860182373,0.7497606699862945,0.2587646076867568,0.2587646076867568,0.1514085447164284,0.37056550755180895,0.29411764705882354,108,1055,1792,45,0.04389942235881614,66100,22.033333333333335,0.02656634722448946,0.38766666666666666,Hybrid_WithoutAnomaly
0.6446666666666667,0.6674449196608745,0.09422222222222222,0.6928104575163399,0.16588419405320814,0.7497606699862945,0.2587646076867568,0.2587646076867568,0.15218243291591277,0.3579206181945908,0.30718954248366015,106,1019,1828,47,0.04389942235881614,67380,22.46,0.02696785658795435,0.375,Hybrid_WithoutAnomaly
0.657,0.6739429878027783,0.0974264705882353,0.6928104575163399,0.17082997582594683,0.7497606699862945,0.2587646076867568,0.2587646076867568,0.15919080490362628,0.3449244819107833,0.30718954248366015,106,982,1865,47,0.04389942235881614,66640,22.213333333333335,0.027536229655190494,0.3626666666666667,Hybrid_WithoutAnomaly
0.669,0.6771730820884729,0.1,0.6862745098039216,0.1745635910224439,0.7497606699862945,0.2587646076867568,0.2587646076867568,0.1634388243334271,0.33192834562697576,0.3137254901960784,105,945,1902,48,0.04389942235881614,66900,22.3,0.02841680429744079,0.35,Hybrid_WithoutAnomaly
0.6806666666666666,0.6802275529108728,0.10266535044422508,0.6797385620915033,0.1783876500857633,0.7497606699862945,0.2587646076867568,0.2587646076867568,0.16768220428283845,0.3192834562697576,0.3202614379084967,104,909,1938,49,0.04389942235881614,67180,22.393333333333334,0.029300993183155957,0.33766666666666667,Hybrid_WithoutAnomaly
0.692,0.6800140498770635,0.10461538461538461,0.6666666666666666,0.18085106382978722,0.7497606699862945,0.2587646076867568,0.2587646076867568,0.16910678213467978,0.3066385669125395,0.3333333333333333,102,873,1974,51,0.04389942235881614,68460,22.82,0.030053391395634312,0.325,Hybrid_WithoutAnomaly
0.7036666666666667,0.6830685206994636,0.10767590618336886,0.6601307189542484,0.1851512373968836,0.7497606699862945,0.2587646076867568,0.2587646076867568,0.17375502257182593,0.2939936775553214,0.33986928104575165,101,837,2010,52,0.04389942235881614,68740,22.913333333333334,0.031025725023428243,0.31266666666666665,Hybrid_WithoutAnomaly
0.7156666666666667,0.6862986149851581,0.1111111111111111,0.6535947712418301,0.18993352326685659,0.7497606699862945,0.2587646076867568,0.2587646076867568,0.17887439124559643,0.2809975412715139,0.3464052287581699,100,800,2047,53,0.04389942235881614,69000,23.0,0.03202560415048335,0.3,Hybrid_WithoutAnomaly
0.728,0.6927966831270619,0.11587485515643106,0.6535947712418301,0.1968503937007874,0.7497606699862945,0.2587646076867568,0.2587646076867568,0.1873964432230228,0.26800140498770636,0.3464052287581699,100,763,2084,53,0.04389942235881614,68260,22.753333333333334,0.03312711738182017,0.2876666666666667,Hybrid_WithoutAnomaly
0.7393333333333333,0.6925831800932526,0.11878787878787879,0.6405228758169934,0.20040899795501022,0.7497606699862945,0.2587646076867568,0.2587646076867568,0.18977158879500658,0.2553565156304882,0.35947712418300654,98,727,2120,55,0.04389942235881614,69540,23.18,0.03438852890774442,0.275,Hybrid_WithoutAnomaly
0.745,0.6955687789692624,0.12128712871287128,0.6405228758169934,0.20395421436004163,0.7497606699862945,0.2587646076867568,0.2587646076867568,0.19397377310419145,0.24938531787846857,0.35947712418300654,98,710,2137,55,0.04389942235881614,69200,23.066666666666666,0.034999999999999996,0.2693333333333333,Hybrid_WithoutAnomaly
0.7516666666666667,0.6990812482351563,0.12436548223350254,0.6405228758169934,0.20828905419766208,0.7497606699862945,0.2587646076867568,0.2587646076867568,0.1990417262979018,0.24236037934668073,0.35947712418300654,98,690,2157,55,0.04389942235881614,68800,22.933333333333334,0.03570646252559709,0.26266666666666666,Hybrid_WithoutAnomaly
0.7636666666666667,0.7023113425208509,0.12933333333333333,0.6339869281045751,0.2148394241417497,0.7497606699862945,0.2587646076867568,0.2587646076867568,0.2055738104642709,0.2293642430628732,0.3660130718954248,97,653,2194,56,0.04389942235881614,69060,23.02,0.03701081294101268,0.25,Hybrid_WithoutAnomaly
0.7753333333333333,0.7053658133432509,0.13464235624123422,0.6274509803921569,0.22170900692840645,0.7497606699862945,0.2587646076867568,0.2587646076867568,0.21228521449710167,0.21671935370565507,0.37254901960784315,96,617,2230,57,0.04389942235881614,69340,23.113333333333333,0.038515022797443406,0.23766666666666666,Hybrid_WithoutAnomaly
0.7873333333333333,0.7085959076289455,0.14074074074074075,0.6209150326797386,0.22946859903381647,0.7497606699862945,0.2587646076867568,0.2587646076867568,0.21979199120170315,0.20372321742184757,0.3790849673202614,95,580,2267,58,0.04389942235881614,69600,23.2,0.03980982861501134,0.225,Hybrid_WithoutAnomaly
0.797,0.7013195864928339,0.1426332288401254,0.5947712418300654,0.2300884955752212,0.7497606699862945,0.2587646076867568,0.2587646076867568,0.2164737239781818,0.19213206884439762,0.40522875816993464,91,547,2300,62,0.04389942235881614,72940,24.313333333333333,0.04135978981047855,0.21266666666666667,Hybrid_WithoutAnomaly
0.807,0.6942188888200169,0.145,0.5686274509803921,0.23107569721115537,0.7497606699862945,0.2587646076867568,0.2587646076867568,0.21363857065779104,0.18018967334035826,0.43137254901960786,87,513,2334,66,0.04389942235881614,76260,25.42,0.043278169269244035,0.2,Hybrid_WithoutAnomaly
0.8136666666666666,0.6884543069071676,0.14634146341463414,0.5490196078431373,0.2310866574965612,0.7497606699862945,0.2587646076867568,0.2587646076867568,0.21080172838669048,0.17211099402880226,0.45098039215686275,84,490,2357,69,0.04389942235881614,78800,26.266666666666666,0.045,0.19133333333333333,Hybrid_WithoutAnomaly
0.8173333333333334,0.6903861650034091,0.1492007104795737,0.5490196078431373,0.23463687150837986,0.7497606699862945,0.2587646076867568,0.2587646076867568,0.2145472086143485,0.16824727783631893,0.45098039215686275,84,479,2368,69,0.04389942235881614,78580,26.19333333333333,0.04601790162832648,0.18766666666666668,Hybrid_WithoutAnomaly
0.8293333333333334,0.6936162592891038,0.1580952380952381,0.5424836601307189,0.24483775811209438,0.7497606699862945,0.2587646076867568,0.2587646076867568,0.22420434071258716,0.1552511415525114,0.45751633986928103,83,442,2405,70,0.04389942235881614,78840,26.28,0.04859381817674751,0.175,Hybrid_WithoutAnomaly
0.8416666666666667,0.7001143274310075,0.17008196721311475,0.5424836601307189,0.25897035881435254,0.7497606699862945,0.2587646076867568,0.2587646076867568,0.23857663001009868,0.1422550052687039,0.45751633986928103,83,405,2442,70,0.04389942235881614,78100,26.033333333333335,0.051235165886595394,0.16266666666666665,Hybrid_WithoutAnomaly
0.8536666666666667,0.7033444217167022,0.18222222222222223,0.5359477124183006,0.27197346600331673,0.7497606699862945,0.2587646076867568,0.2587646076867568,0.25056785810567705,0.12925886898489639,0.46405228758169936,82,368,2479,71,0.04389942235881614,78360,26.12,0.054873924800544115,0.15,Hybrid_WithoutAnomaly
0.854,0.7035200451799968,0.18262806236080179,0.5359477124183006,0.2724252491694352,0.7497606699862945,0.2587646076867568,0.2587646076867568,0.2510141680863225,0.128907622058307,0.46405228758169936,82,367,2480,71,0.04389942235881614,78340,26.113333333333333,0.055,0.14966666666666667,Hybrid_WithoutAnomaly
0.864,0.6995116979000944,0.19128329297820823,0.5163398692810458,0.27915194346289757,0.7497606699862945,0.2587646076867568,0.2587646076867568,0.2547795516746269,0.11731647348085704,0.48366013071895425,79,334,2513,74,0.04389942235881614,80680,26.893333333333334,0.057934516029864186,0.13766666666666666,Hybrid_WithoutAnomaly
0.8733333333333333,0.6889674029077736,0.19733333333333333,0.48366013071895425,0.2803030303030303,0.7497606699862945,0.2587646076867568,0.2587646076867568,0.2514062390808381,0.1057253249034071,0.5163398692810458,74,301,2546,79,0.04389942235881614,85020,28.34,0.0627458407554047,0.125,Hybrid_WithoutAnomaly
0.8776666666666667,0.6881581575376902,0.20277777777777778,0.477124183006536,0.28460038986354774,0.7497606699862945,0.2587646076867568,0.2587646076867568,0.2547647177559203,0.1008078679311556,0.5228758169934641,73,287,2560,80,0.04389942235881614,85740,28.58,0.065,0.12,Hybrid_WithoutAnomaly
0.8836666666666667,0.6851346790911659,0.21005917159763313,0.46405228758169936,0.2892057026476578,0.7497606699862945,0.2587646076867568,0.2587646076867568,0.25762905859731083,0.09378292939936776,0.5359477124183006,71,267,2580,82,0.04389942235881614,87340,29.113333333333333,0.0689002720630874,0.11266666666666666,Hybrid_WithoutAnomaly
0.8906666666666667,0.6733610198557822,0.21498371335504887,0.43137254901960786,0.28695652173913044,0.7497606699862945,0.2587646076867568,0.2587646076867568,0.25167120783230285,0.08465050930804355,0.5686274509803921,66,241,2606,87,0.04389942235881614,91820,30.606666666666666,0.07500000000000001,0.10233333333333333,Hybrid_WithoutAnomaly
0.8923333333333333,0.6711467867793411,0.21666666666666667,0.42483660130718953,0.2869757174392936,0.7497606699862945,0.2587646076867568,0.2587646076867568,0.2510126941298396,0.0825430277485072,0.5751633986928104,65,235,2612,88,0.04389942235881614,92700,30.9,0.0774377349767589,0.1,Hybrid_WithoutAnomaly
0.9013333333333333,0.6666115691095547,0.23220973782771537,0.40522875816993464,0.29523809523809524,0.7497606699862945,0.2587646076867568,0.2587646076867568,0.2574537088501023,0.07200561995082543,0.5947712418300654,62,205,2642,91,0.04389942235881614,95100,31.7,0.085,0.089,Hybrid_WithoutAnomaly
0.9026666666666666,0.6673140629627334,0.23574144486692014,0.40522875816993464,0.2980769230769231,0.7497606699862945,0.2587646076867568,0.2587646076867568,0.26030746163251683,0.07060063224446786,0.5947712418300654,62,201,2646,91,0.04389942235881614,95020,31.673333333333332,0.08582811561391107,0.08766666666666667,Hybrid_WithoutAnomaly
0.9126666666666666,0.6663980660757454,0.26200873362445415,0.39215686274509803,0.31413612565445026,0.7497606699862945,0.2587646076867568,0.2587646076867568,0.2757285361056319,0.0593607305936073,0.6078431372549019,60,169,2678,93,0.04389942235881614,96380,32.126666666666665,0.095,0.07633333333333334,Hybrid_WithoutAnomaly
0.9133333333333333,0.6636569626094203,0.26222222222222225,0.38562091503267976,0.3121693121693122,0.7497606699862945,0.2587646076867568,0.2587646076867568,0.27338908942226836,0.05830698981383913,0.6143790849673203,59,166,2681,94,0.04389942235881614,97320,32.44,0.09544656797120905,0.075,Hybrid_WithoutAnomaly
0.9216666666666666,0.6618628484059588,0.29081632653061223,0.37254901960784315,0.326647564469914,0.7497606699862945,0.2587646076867568,0.2587646076867568,0.28820372054506266,0.048823322795925536,0.6274509803921569,57,139,2708,96,0.04389942235881614,98780,32.92666666666667,0.10500000000000001,0.06533333333333333,Hybrid_WithoutAnomaly
0.9236666666666666,0.6598242387928125,0.2978723404255319,0.3660130718954248,0.3284457478005865,0.7497606699862945,0.2587646076867568,0.2587646076867568,0.2901519585961676,0.04636459430979979,0.6339869281045751,56,132,2715,97,0.04389942235881614,99640,33.21333333333333,0.10849365510518084,0.06266666666666666,Hybrid_WithoutAnomaly
0.927,0.6523034222470161,0.3081395348837209,0.3464052287581699,0.3261538461538462,0.7497606699862945,0.2587646076867568,0.2587646076867568,0.2882538925292551,0.04179838426413769,0.6535947712418301,53,119,2728,100,0.04389942235881614,102380,34.126666666666665,0.115,0.05733333333333333,Hybrid_WithoutAnomaly
0.9286666666666666,0.6346274372060029,0.3032258064516129,0.30718954248366015,0.30519480519480524,0.7497606699862945,0.2587646076867568,0.2587646076867568,0.26760611844415644,0.037934668071654375,0.6928104575163399,47,108,2739,106,0.04389942235881614,108160,36.053333333333335,0.125,0.051666666666666666,Hybrid_WithoutAnomaly
0.929,0.6286183598834687,0.3,0.29411764705882354,0.29702970297029707,0.7497606699862945,0.2587646076867568,0.2587646076867568,0.25965958123740923,0.0368809272918862,0.7058823529411765,45,105,2742,108,0.04389942235881614,110100,36.7,0.13188530268805407,0.05,Hybrid_WithoutAnomaly
0.9293333333333333,0.6287939833467634,0.30201342281879195,0.29411764705882354,0.29801324503311266,0.7497606699862945,0.2587646076867568,0.2587646076867568,0.26083945076909965,0.0365296803652968,0.7058823529411765,45,104,2743,108,0.04389942235881614,110080,36.693333333333335,0.135,0.049666666666666665,Hybrid_WithoutAnomaly
0.9326666666666666,0.6274578675867959,0.32116788321167883,0.2875816993464052,0.303448275862069,0.7497606699862945,0.2587646076867568,0.2587646076867568,0.26863657104476224,0.032665964172813484,0.7124183006535948,44,93,2754,109,0.04389942235881614,110860,36.95333333333333,0.14500000000000002,0.04566666666666667,Hybrid_WithoutAnomaly
0.936,0.6261217518268284,0.344,0.28104575163398693,0.30935251798561153,0.7497606699862945,0.2587646076867568,0.2587646076867568,0.2777061566924506,0.02880224798033017,0.7189542483660131,43,82,2765,110,0.04389942235881614,111640,37.21333333333333,0.155,0.041666666666666664,Hybrid_WithoutAnomaly
0.9366666666666666,0.6110112467888456,0.336283185840708,0.24836601307189543,0.2857142857142857,0.7497606699862945,0.2587646076867568,0.2587646076867568,0.25655105876380985,0.026343519494204427,0.7516339869281046,38,75,2772,115,0.04389942235881614,116500,38.833333333333336,0.16417659126971465,0.03766666666666667,Hybrid_WithoutAnomaly
0.9376666666666666,0.6115381171787295,0.34545454545454546,0.24836601307189543,0.2889733840304183,0.7497606699862945,0.2587646076867568,0.2587646076867568,0.26112442086565985,0.02528977871443625,0.7516339869281046,38,72,2775,115,0.04389942235881614,116440,38.81333333333333,0.165,0.03666666666666667,Hybrid_WithoutAnomaly
0.9403333333333334,0.6129431048850872,0.37254901960784315,0.24836601307189543,0.29803921568627456,0.7497606699862945,0.2587646076867568,0.2587646076867568,0.2742078545736183,0.02247980330172111,0.7516339869281046,38,64,2783,115,0.04389942235881614,116280,38.76,0.17500000000000002,0.034,Hybrid_WithoutAnomaly
0.9403333333333334,0.6036660537063439,0.3645833333333333,0.22875816993464052,0.28112449799196787,0.7497606699862945,0.2587646076867568,0.2587646076867568,0.259162456926263,0.02142606252195293,0.7712418300653595,35,61,2786,118,0.04389942235881614,119220,39.74,0.185,0.032,Hybrid_WithoutAnomaly
0.9436666666666667,0.6054222883392908,0.4069767441860465,0.22875816993464052,0.2928870292887029,0.7497606699862945,0.2587646076867568,0.2587646076867568,0.27797637316459456,0.01791359325605901,0.7712418300653595,35,51,2796,118,0.04389942235881614,119020,39.67333333333333,0.195,0.028666666666666667,Hybrid_WithoutAnomaly
0.945,0.603032431799555,0.425,0.2222222222222222,0.2918454935622318,0.7497606699862945,0.2587646076867568,0.2587646076867568,0.28138890905003777,0.016157358623112048,0.7777777777777778,34,46,2801,119,0.04389942235881614,119920,39.973333333333336,0.20500000000000002,0.02666666666666667,Hybrid_WithoutAnomaly
0.9446666666666667,0.593579757157517,0.41333333333333333,0.20261437908496732,0.2719298245614036,0.7497606699862945,0.2587646076867568,0.2587646076867568,0.2637289414352897,0.015454864769933263,0.7973856209150327,31,44,2803,122,0.04389942235881614,122880,40.96,0.21183562327506608,0.025,Hybrid_WithoutAnomaly
0.9456666666666667,0.5941066275474011,0.4305555555555556,0.20261437908496732,0.2755555555555556,0.7497606699862945,0.2587646076867568,0.2587646076867568,0.27054397729016005,0.014401123990165085,0.7973856209150327,31,41,2806,122,0.04389942235881614,122820,40.94,0.215,0.024,Hybrid_WithoutAnomaly
0.9473333333333334,0.5888000440780456,0.4603174603174603,0.1895424836601307,0.26851851851851855,0.7497606699862945,0.2587646076867568,0.2587646076867568,0.27249615460773846,0.01194239550403934,0.8104575163398693,29,34,2813,124,0.04389942235881614,124680,41.56,0.225,0.021,Hybrid_WithoutAnomaly
0.9486666666666667,0.5833178371453955,0.4909090909090909,0.17647058823529413,0.25961538461538464,0.7497606699862945,0.2587646076867568,0.2587646076867568,0.2732646397135529,0.009834913944502985,0.8235294117647058,27,28,2819,126,0.04389942235881614,126560,42.18666666666667,0.23500000000000001,0.018333333333333333,Hybrid_WithoutAnomaly
0.9496666666666667,0.5776600067494507,0.5208333333333334,0.16339869281045752,0.24875621890547267,0.7497606699862945,0.2587646076867568,0.2587646076867568,0.27232535179683054,0.008078679311556024,0.8366013071895425,25,23,2824,128,0.04389942235881614,128460,42.82,0.245,0.016,Hybrid_WithoutAnomaly
0.9516666666666667,0.5787137475292189,0.5952380952380952,0.16339869281045752,0.25641025641025644,0.7497606699862945,0.2587646076867568,0.2587646076867568,0.2947788390368681,0.00597119775201967,0.8366013071895425,25,17,2830,128,0.04389942235881614,128340,42.78,0.255,0.014,Hybrid_WithoutAnomaly
0.951,0.5690854494238862,0.5789473684210527,0.1437908496732026,0.23036649214659685,0.7497606699862945,0.2587646076867568,0.2587646076867568,0.27181392786838676,0.005619950825430277,0.8562091503267973,22,16,2831,131,0.04389942235881614,131320,43.77333333333333,0.26192205562476994,0.012666666666666666,Hybrid_WithoutAnomaly
0.9516666666666667,0.5694366963504756,0.6111111111111112,0.1437908496732026,0.23280423280423282,0.7497606699862945,0.2587646076867568,0.2587646076867568,0.2805873868682158,0.004917456972251493,0.8562091503267973,22,14,2833,131,0.04389942235881614,131280,43.76,0.265,0.012,Hybrid_WithoutAnomaly
0.952,0.5572429182421125,0.6666666666666666,0.11764705882352941,0.2,0.7497606699862945,0.2587646076867568,0.2587646076867568,0.26669315794228177,0.003161222339304531,0.8823529411764706,18,9,2838,135,0.04389942235881614,135180,45.06,0.275,0.009,Hybrid_WithoutAnomaly
0.952,0.5510582174562836,0.6956521739130435,0.10457516339869281,0.18181818181818182,0.7497606699862945,0.2587646076867568,0.2587646076867568,0.2575619817233524,0.0024587284861257463,0.8954248366013072,16,7,2840,137,0.04389942235881614,137140,45.71333333333333,0.28500000000000003,0.007666666666666666,Hybrid_WithoutAnomaly
0.9506666666666667,0.5379863220314469,0.631578947368421,0.0784313725490196,0.13953488372093023,0.7497606699862945,0.2587646076867568,0.2587646076867568,0.21068756402116876,0.0024587284861257463,0.9215686274509803,12,7,2840,141,0.04389942235881614,141140,47.04666666666667,0.295,0.006333333333333333,Hybrid_WithoutAnomaly
0.95,0.5283580239261142,0.6,0.058823529411764705,0.10714285714285714,0.7497606699862945,0.2587646076867568,0.2587646076867568,0.17689991001038347,0.002107481559536354,0.9411764705882353,9,6,2841,144,0.04389942235881614,144120,48.04,0.305,0.005,Hybrid_WithoutAnomaly
0.949,0.5154617519645723,0.5,0.032679738562091505,0.06134969325153375,0.7497606699862945,0.2587646076867568,0.2587646076867568,0.11803003953072559,0.0017562346329469617,0.9673202614379085,5,5,2842,148,0.04389942235881614,148100,49.36666666666667,0.315,0.0033333333333333335,Hybrid_WithoutAnomaly
0.949,0.5154617519645723,0.5,0.032679738562091505,0.06134969325153375,0.7497606699862945,0.2587646076867568,0.2587646076867568,0.11803003953072559,0.0017562346329469617,0.9673202614379085,5,5,2842,148,0.04389942235881614,148100,49.36666666666667,0.325,0.0033333333333333335,Hybrid_WithoutAnomaly
0.9486666666666667,0.5091014277154486,0.42857142857142855,0.0196078431372549,0.0375,0.7497606699862945,0.2587646076867568,0.2587646076867568,0.08299971295899805,0.0014049877063575693,0.9803921568627451,3,4,2843,150,0.04389942235881614,150080,50.026666666666664,0.335,0.0023333333333333335,Hybrid_WithoutAnomaly
0.949,0.5092770511787433,0.5,0.0196078431372549,0.03773584905660377,0.7497606699862945,0.2587646076867568,0.2587646076867568,0.09136458248345632,0.001053740779768177,0.9803921568627451,3,3,2844,150,0.04389942235881614,150060,50.02,0.34500000000000003,0.002,Hybrid_WithoutAnomaly
0.9493333333333334,0.5063603242491236,0.6666666666666666,0.013071895424836602,0.02564102564102564,0.7497606699862945,0.2587646076867568,0.2587646076867568,0.08854105701611953,0.00035124692658939234,0.9869281045751634,2,1,2846,151,0.04389942235881614,151020,50.34,0.35500000000000004,0.001,Hybrid_WithoutAnomaly
0.9493333333333334,0.5032679738562091,1.0,0.006535947712418301,0.012987012987012988,0.7497606699862945,0.2587646076867568,0.2587646076867568,0.07876980770968345,0.0,0.9934640522875817,1,0,2847,152,0.04389942235881614,152000,50.666666666666664,0.365,0.0003333333333333333,Hybrid_WithoutAnomaly
0.9493333333333334,0.5032679738562091,1.0,0.006535947712418301,0.012987012987012988,0.7497606699862945,0.2587646076867568,0.2587646076867568,0.07876980770968345,0.0,0.9934640522875817,1,0,2847,152,0.04389942235881614,152000,50.666666666666664,0.375,0.0003333333333333333,Hybrid_WithoutAnomaly
0.9493333333333334,0.5032679738562091,1.0,0.006535947712418301,0.012987012987012988,0.7497606699862945,0.2587646076867568,0.2587646076867568,0.07876980770968345,0.0,0.9934640522875817,1,0,2847,152,0.04389942235881614,152000,50.666666666666664,0.385,0.0003333333333333333,Hybrid_WithoutAnomaly
0.9493333333333334,0.5032679738562091,1.0,0.006535947712418301,0.012987012987012988,0.7497606699862945,0.2587646076867568,0.2587646076867568,0.07876980770968345,0.0,0.9934640522875817,1,0,2847,152,0.04389942235881614,152000,50.666666666666664,0.3894445984756846,0.0003333333333333333,Hybrid_WithoutAnomaly
0.949,0.5,0.0,0.0,0.0,0.7497606699862945,0.2587646076867568,0.2587646076867568,0.0,0.0,1.0,0,0,2847,153,0.04389942235881614,153000,51.0,0.395,0.0,Hybrid_WithoutAnomaly
0.949,0.5,0.0,0.0,0.0,0.7497606699862945,0.2587646076867568,0.2587646076867568,0.0,0.0,1.0,0,0,2847,153,0.04389942235881614,153000,51.0,0.405,0.0,Hybrid_WithoutAnomaly
0.949,0.5,0.0,0.0,0.0,0.7497606699862945,0.2587646076867568,0.2587646076867568,0.0,0.0,1.0,0,0,2847,153,0.04389942235881614,153000,51.0,0.41500000000000004,0.0,Hybrid_WithoutAnomaly
0.949,0.5,0.0,0.0,0.0,0.7497606699862945,0.2587646076867568,0.2587646076867568,0.0,0.0,1.0,0,0,2847,153,0.04389942235881614,153000,51.0,0.425,0.0,Hybrid_WithoutAnomaly
0.949,0.5,0.0,0.0,0.0,0.7497606699862945,0.2587646076867568,0.2587646076867568,0.0,0.0,1.0,0,0,2847,153,0.04389942235881614,153000,51.0,0.435,0.0,Hybrid_WithoutAnomaly
0.949,0.5,0.0,0.0,0.0,0.7497606699862945,0.2587646076867568,0.2587646076867568,0.0,0.0,1.0,0,0,2847,153,0.04389942235881614,153000,51.0,0.445,0.0,Hybrid_WithoutAnomaly
0.949,0.5,0.0,0.0,0.0,0.7497606699862945,0.2587646076867568,0.2587646076867568,0.0,0.0,1.0,0,0,2847,153,0.04389942235881614,153000,51.0,0.455,0.0,Hybrid_WithoutAnomaly
0.949,0.5,0.0,0.0,0.0,0.7497606699862945,0.2587646076867568,0.2587646076867568,0.0,0.0,1.0,0,0,2847,153,0.04389942235881614,153000,51.0,0.465,0.0,Hybrid_WithoutAnomaly
0.949,0.5,0.0,0.0,0.0,0.7497606699862945,0.2587646076867568,0.2587646076867568,0.0,0.0,1.0,0,0,2847,153,0.04389942235881614,153000,51.0,0.47500000000000003,0.0,Hybrid_WithoutAnomaly
0.949,0.5,0.0,0.0,0.0,0.7497606699862945,0.2587646076867568,0.2587646076867568,0.0,0.0,1.0,0,0,2847,153,0.04389942235881614,153000,51.0,0.485,0.0,Hybrid_WithoutAnomaly
0.949,0.5,0.0,0.0,0.0,0.7497606699862945,0.2587646076867568,0.2587646076867568,0.0,0.0,1.0,0,0,2847,153,0.04389942235881614,153000,51.0,0.495,0.0,Hybrid_WithoutAnomaly
0.949,0.5,0.0,0.0,0.0,0.7497606699862945,0.2587646076867568,0.2587646076867568,0.0,0.0,1.0,0,0,2847,153,0.04389942235881614,153000,51.0,0.505,0.0,Hybrid_WithoutAnomaly
0.949,0.5,0.0,0.0,0.0,0.7497606699862945,0.2587646076867568,0.2587646076867568,0.0,0.0,1.0,0,0,2847,153,0.04389942235881614,153000,51.0,0.515,0.0,Hybrid_WithoutAnomaly
0.949,0.5,0.0,0.0,0.0,0.7497606699862945,0.2587646076867568,0.2587646076867568,0.0,0.0,1.0,0,0,2847,153,0.04389942235881614,153000,51.0,0.525,0.0,Hybrid_WithoutAnomaly
0.949,0.5,0.0,0.0,0.0,0.7497606699862945,0.2587646076867568,0.2587646076867568,0.0,0.0,1.0,0,0,2847,153,0.04389942235881614,153000,51.0,0.535,0.0,Hybrid_WithoutAnomaly
0.949,0.5,0.0,0.0,0.0,0.7497606699862945,0.2587646076867568,0.2587646076867568,0.0,0.0,1.0,0,0,2847,153,0.04389942235881614,153000,51.0,0.545,0.0,Hybrid_WithoutAnomaly
0.949,0.5,0.0,0.0,0.0,0.7497606699862945,0.2587646076867568,0.2587646076867568,0.0,0.0,1.0,0,0,2847,153,0.04389942235881614,153000,51.0,0.555,0.0,Hybrid_WithoutAnomaly
0.949,0.5,0.0,0.0,0.0,0.7497606699862945,0.2587646076867568,0.2587646076867568,0.0,0.0,1.0,0,0,2847,153,0.04389942235881614,153000,51.0,0.5650000000000001,0.0,Hybrid_WithoutAnomaly
0.949,0.5,0.0,0.0,0.0,0.7497606699862945,0.2587646076867568,0.2587646076867568,0.0,0.0,1.0,0,0,2847,153,0.04389942235881614,153000,51.0,0.5750000000000001,0.0,Hybrid_WithoutAnomaly
0.949,0.5,0.0,0.0,0.0,0.7497606699862945,0.2587646076867568,0.2587646076867568,0.0,0.0,1.0,0,0,2847,153,0.04389942235881614,153000,51.0,0.585,0.0,Hybrid_WithoutAnomaly
0.949,0.5,0.0,0.0,0.0,0.7497606699862945,0.2587646076867568,0.2587646076867568,0.0,0.0,1.0,0,0,2847,153,0.04389942235881614,153000,51.0,0.595,0.0,Hybrid_WithoutAnomaly
0.949,0.5,0.0,0.0,0.0,0.7497606699862945,0.2587646076867568,0.2587646076867568,0.0,0.0,1.0,0,0,2847,153,0.04389942235881614,153000,51.0,0.605,0.0,Hybrid_WithoutAnomaly
0.949,0.5,0.0,0.0,0.0,0.7497606699862945,0.2587646076867568,0.2587646076867568,0.0,0.0,1.0,0,0,2847,153,0.04389942235881614,153000,51.0,0.615,0.0,Hybrid_WithoutAnomaly
0.949,0.5,0.0,0.0,0.0,0.7497606699862945,0.2587646076867568,0.2587646076867568,0.0,0.0,1.0,0,0,2847,153,0.04389942235881614,153000,51.0,0.625,0.0,Hybrid_WithoutAnomaly
0.949,0.5,0.0,0.0,0.0,0.7497606699862945,0.2587646076867568,0.2587646076867568,0.0,0.0,1.0,0,0,2847,153,0.04389942235881614,153000,51.0,0.635,0.0,Hybrid_WithoutAnomaly
0.949,0.5,0.0,0.0,0.0,0.7497606699862945,0.2587646076867568,0.2587646076867568,0.0,0.0,1.0,0,0,2847,153,0.04389942235881614,153000,51.0,0.645,0.0,Hybrid_WithoutAnomaly
0.949,0.5,0.0,0.0,0.0,0.7497606699862945,0.2587646076867568,0.2587646076867568,0.0,0.0,1.0,0,0,2847,153,0.04389942235881614,153000,51.0,0.655,0.0,Hybrid_WithoutAnomaly
0.949,0.5,0.0,0.0,0.0,0.7497606699862945,0.2587646076867568,0.2587646076867568,0.0,0.0,1.0,0,0,2847,153,0.04389942235881614,153000,51.0,0.665,0.0,Hybrid_WithoutAnomaly
0.949,0.5,0.0,0.0,0.0,0.7497606699862945,0.2587646076867568,0.2587646076867568,0.0,0.0,1.0,0,0,2847,153,0.04389942235881614,153000,51.0,0.675,0.0,Hybrid_WithoutAnomaly
0.949,0.5,0.0,0.0,0.0,0.7497606699862945,0.2587646076867568,0.2587646076867568,0.0,0.0,1.0,0,0,2847,153,0.04389942235881614,153000,51.0,0.685,0.0,Hybrid_WithoutAnomaly
0.949,0.5,0.0,0.0,0.0,0.7497606699862945,0.2587646076867568,0.2587646076867568,0.0,0.0,1.0,0,0,2847,153,0.04389942235881614,153000,51.0,0.6950000000000001,0.0,Hybrid_WithoutAnomaly
0.949,0.5,0.0,0.0,0.0,0.7497606699862945,0.2587646076867568,0.2587646076867568,0.0,0.0,1.0,0,0,2847,153,0.04389942235881614,153000,51.0,0.7050000000000001,0.0,Hybrid_WithoutAnomaly
0.949,0.5,0.0,0.0,0.0,0.7497606699862945,0.2587646076867568,0.2587646076867568,0.0,0.0,1.0,0,0,2847,153,0.04389942235881614,153000,51.0,0.715,0.0,Hybrid_WithoutAnomaly
0.949,0.5,0.0,0.0,0.0,0.7497606699862945,0.2587646076867568,0.2587646076867568,0.0,0.0,1.0,0,0,2847,153,0.04389942235881614,153000,51.0,0.725,0.0,Hybrid_WithoutAnomaly
0.949,0.5,0.0,0.0,0.0,0.7497606699862945,0.2587646076867568,0.2587646076867568,0.0,0.0,1.0,0,0,2847,153,0.04389942235881614,153000,51.0,0.735,0.0,Hybrid_WithoutAnomaly
0.949,0.5,0.0,0.0,0.0,0.7497606699862945,0.2587646076867568,0.2587646076867568,0.0,0.0,1.0,0,0,2847,153,0.04389942235881614,153000,51.0,0.745,0.0,Hybrid_WithoutAnomaly
0.949,0.5,0.0,0.0,0.0,0.7497606699862945,0.2587646076867568,0.2587646076867568,0.0,0.0,1.0,0,0,2847,153,0.04389942235881614,153000,51.0,0.755,0.0,Hybrid_WithoutAnomaly
0.949,0.5,0.0,0.0,0.0,0.7497606699862945,0.2587646076867568,0.2587646076867568,0.0,0.0,1.0,0,0,2847,153,0.04389942235881614,153000,51.0,0.765,0.0,Hybrid_WithoutAnomaly
0.949,0.5,0.0,0.0,0.0,0.7497606699862945,0.2587646076867568,0.2587646076867568,0.0,0.0,1.0,0,0,2847,153,0.04389942235881614,153000,51.0,0.775,0.0,Hybrid_WithoutAnomaly
0.949,0.5,0.0,0.0,0.0,0.7497606699862945,0.2587646076867568,0.2587646076867568,0.0,0.0,1.0,0,0,2847,153,0.04389942235881614,153000,51.0,0.785,0.0,Hybrid_WithoutAnomaly
0.949,0.5,0.0,0.0,0.0,0.7497606699862945,0.2587646076867568,0.2587646076867568,0.0,0.0,1.0,0,0,2847,153,0.04389942235881614,153000,51.0,0.795,0.0,Hybrid_WithoutAnomaly
0.949,0.5,0.0,0.0,0.0,0.7497606699862945,0.2587646076867568,0.2587646076867568,0.0,0.0,1.0,0,0,2847,153,0.04389942235881614,153000,51.0,0.805,0.0,Hybrid_WithoutAnomaly
0.949,0.5,0.0,0.0,0.0,0.7497606699862945,0.2587646076867568,0.2587646076867568,0.0,0.0,1.0,0,0,2847,153,0.04389942235881614,153000,51.0,0.8150000000000001,0.0,Hybrid_WithoutAnomaly
0.949,0.5,0.0,0.0,0.0,0.7497606699862945,0.2587646076867568,0.2587646076867568,0.0,0.0,1.0,0,0,2847,153,0.04389942235881614,153000,51.0,0.8250000000000001,0.0,Hybrid_WithoutAnomaly
0.949,0.5,0.0,0.0,0.0,0.7497606699862945,0.2587646076867568,0.2587646076867568,0.0,0.0,1.0,0,0,2847,153,0.04389942235881614,153000,51.0,0.8350000000000001,0.0,Hybrid_WithoutAnomaly
0.949,0.5,0.0,0.0,0.0,0.7497606699862945,0.2587646076867568,0.2587646076867568,0.0,0.0,1.0,0,0,2847,153,0.04389942235881614,153000,51.0,0.845,0.0,Hybrid_WithoutAnomaly
0.949,0.5,0.0,0.0,0.0,0.7497606699862945,0.2587646076867568,0.2587646076867568,0.0,0.0,1.0,0,0,2847,153,0.04389942235881614,153000,51.0,0.855,0.0,Hybrid_WithoutAnomaly
0.949,0.5,0.0,0.0,0.0,0.7497606699862945,0.2587646076867568,0.2587646076867568,0.0,0.0,1.0,0,0,2847,153,0.04389942235881614,153000,51.0,0.865,0.0,Hybrid_WithoutAnomaly
0.949,0.5,0.0,0.0,0.0,0.7497606699862945,0.2587646076867568,0.2587646076867568,0.0,0.0,1.0,0,0,2847,153,0.04389942235881614,153000,51.0,0.875,0.0,Hybrid_WithoutAnomaly
0.949,0.5,0.0,0.0,0.0,0.7497606699862945,0.2587646076867568,0.2587646076867568,0.0,0.0,1.0,0,0,2847,153,0.04389942235881614,153000,51.0,0.885,0.0,Hybrid_WithoutAnomaly
0.949,0.5,0.0,0.0,0.0,0.7497606699862945,0.2587646076867568,0.2587646076867568,0.0,0.0,1.0,0,0,2847,153,0.04389942235881614,153000,51.0,0.895,0.0,Hybrid_WithoutAnomaly
0.949,0.5,0.0,0.0,0.0,0.7497606699862945,0.2587646076867568,0.2587646076867568,0.0,0.0,1.0,0,0,2847,153,0.04389942235881614,153000,51.0,0.905,0.0,Hybrid_WithoutAnomaly
0.949,0.5,0.0,0.0,0.0,0.7497606699862945,0.2587646076867568,0.2587646076867568,0.0,0.0,1.0,0,0,2847,153,0.04389942235881614,153000,51.0,0.915,0.0,Hybrid_WithoutAnomaly
0.949,0.5,0.0,0.0,0.0,0.7497606699862945,0.2587646076867568,0.2587646076867568,0.0,0.0,1.0,0,0,2847,153,0.04389942235881614,153000,51.0,0.925,0.0,Hybrid_WithoutAnomaly
0.949,0.5,0.0,0.0,0.0,0.7497606699862945,0.2587646076867568,0.2587646076867568,0.0,0.0,1.0,0,0,2847,153,0.04389942235881614,153000,51.0,0.935,0.0,Hybrid_WithoutAnomaly
0.949,0.5,0.0,0.0,0.0,0.7497606699862945,0.2587646076867568,0.2587646076867568,0.0,0.0,1.0,0,0,2847,153,0.04389942235881614,153000,51.0,0.9450000000000001,0.0,Hybrid_WithoutAnomaly
0.949,0.5,0.0,0.0,0.0,0.7497606699862945,0.2587646076867568,0.2587646076867568,0.0,0.0,1.0,0,0,2847,153,0.04389942235881614,153000,51.0,0.9550000000000001,0.0,Hybrid_WithoutAnomaly
0.949,0.5,0.0,0.0,0.0,0.7497606699862945,0.2587646076867568,0.2587646076867568,0.0,0.0,1.0,0,0,2847,153,0.04389942235881614,153000,51.0,0.965,0.0,Hybrid_WithoutAnomaly
0.949,0.5,0.0,0.0,0.0,0.7497606699862945,0.2587646076867568,0.2587646076867568,0.0,0.0,1.0,0,0,2847,153,0.04389942235881614,153000,51.0,0.975,0.0,Hybrid_WithoutAnomaly
0.949,0.5,0.0,0.0,0.0,0.7497606699862945,0.2587646076867568,0.2587646076867568,0.0,0.0,1.0,0,0,2847,153,0.04389942235881614,153000,51.0,0.985,0.0,Hybrid_WithoutAnomaly
0.949,0.5,0.0,0.0,0.0,0.7497606699862945,0.2587646076867568,0.2587646076867568,0.0,0.0,1.0,0,0,2847,153,0.04389942235881614,153000,51.0,0.995,0.0,Hybrid_WithoutAnomaly
0.949,0.5,0.0,0.0,0.0,0.7497606699862945,0.2587646076867568,0.2587646076867568,0.0,0.0,1.0,0,0,2847,153,0.04389942235881614,153000,51.0,1.000001,0.0,Hybrid_WithoutAnomaly
0.051,0.5,0.051,1.0,0.09705042816365367,0.7517143375322264,0.2601698196123746,0.2601698196123746,0.0,1.0,0.0,153,2847,0,0,0.043864300239582786,56940,18.98,0.005,1.0,Hybrid_WithoutGraph
0.051,0.5,0.051,1.0,0.09705042816365367,0.7517143375322264,0.2601698196123746,0.2601698196123746,0.0,1.0,0.0,153,2847,0,0,0.043864300239582786,56940,18.98,0.0064890592625041895,1.0,Hybrid_WithoutGraph
0.06366666666666666,0.5066736916051985,0.051654287643484134,1.0,0.09823434991974317,0.7517143375322264,0.2601698196123746,0.2601698196123746,0.02625737175799689,0.9866526167896031,0.0,153,2809,38,0,0.043864300239582786,56180,18.726666666666667,0.008915924859903489,0.9873333333333333,Hybrid_WithoutGraph
0.07533333333333334,0.5097281624275983,0.051965811965811966,0.9934640522875817,0.09876543209876543,0.7517143375322264,0.2601698196123746,0.2601698196123746,0.027416164105048515,0.974007727432385,0.006535947712418301,152,2773,74,1,0.043864300239582786,56460,18.82,0.009533923476973552,0.975,Hybrid_WithoutGraph
0.088,0.5164018540327968,0.052649809490820924,0.9934640522875817,0.1,0.7517143375322264,0.2601698196123746,0.2601698196123746,0.03790528563116997,0.9606603442219881,0.006535947712418301,152,2735,112,1,0.043864300239582786,55700,18.566666666666666,0.01002198632820562,0.9623333333333334,Hybrid_WithoutGraph
0.09966666666666667,0.5194563248551968,0.052982456140350874,0.9869281045751634,0.10056610056610055,0.7517143375322264,0.2601698196123746,0.2601698196123746,0.03927916021395883,0.9480154548647699,0.013071895424836602,151,2699,148,2,0.043864300239582786,55980,18.66,0.010552888662174511,0.95,Hybrid_WithoutGraph
0.11166666666666666,0.5226864191408913,0.05334281650071124,0.9803921568627451,0.10118043844856661,0.7517143375322264,0.2601698196123746,0.2601698196123746,0.04118592396861915,0.9350193185809624,0.0196078431372549,150,2662,185,3,0.043864300239582786,56240,18.746666666666666,0.010929230137471805,0.9373333333333334,Hybrid_WithoutGraph
0.12333333333333334,0.5257408899632913,0.05369369369369369,0.9738562091503268,0.10177595628415301,0.7517143375322264,0.2601698196123746,0.2601698196123746,0.043000177662944894,0.9223744292237442,0.026143790849673203,149,2626,221,4,0.043864300239582786,56520,18.84,0.01131413499176273,0.925,Hybrid_WithoutGraph
0.136,0.5324145815684898,0.05443916697113628,0.9738562091503268,0.10311418685121108,0.7517143375322264,0.2601698196123746,0.2601698196123746,0.05043065298015686,0.9090270460133474,0.026143790849673203,149,2588,259,4,0.043864300239582786,55760,18.586666666666666,0.011708504686655416,0.9123333333333333,Hybrid_WithoutGraph
0.14833333333333334,0.5389126497103934,0.055185185185185184,0.9738562091503268,0.10445145460918333,0.7517143375322264,0.2601698196123746,0.2601698196123746,0.057071296653263326,0.8960309097295399,0.026143790849673203,149,2551,296,4,0.043864300239582786,55020,18.34,0.012003000146250175,0.9,Hybrid_WithoutGraph
0.16033333333333333,0.5421427439960881,0.05559729526671676,0.9673202614379085,0.10515097690941384,0.7517143375322264,0.2601698196123746,0.2601698196123746,0.05864484987749507,0.8830347734457323,0.032679738562091505,148,2514,333,5,0.043864300239582786,55280,18.426666666666666,0.012396703219850291,0.8873333333333333,Hybrid_WithoutGraph
0.172,0.545197214818488,0.056,0.9607843137254902,0.10583153347732183,0.7517143375322264,0.2601698196123746,0.2601698196123746,0.060131332809767644,0.8703898840885143,0.0392156862745098,147,2478,369,6,0.043864300239582786,55560,18.52,0.012702884926191135,0.875,Hybrid_WithoutGraph
0.18466666666666667,0.5518709064236864,0.05682257441051411,0.9607843137254902,0.1072992700729927,0.7517143375322264,0.2601698196123746,0.2601698196123746,0.06623995696834328,0.8570425008781173,0.0392156862745098,147,2440,407,6,0.043864300239582786,54800,18.266666666666666,0.012974045175818787,0.8623333333333333,Hybrid_WithoutGraph
0.19633333333333333,0.5549253772460864,0.05725490196078432,0.954248366013072,0.10802811690714022,0.7517143375322264,0.2601698196123746,0.2601698196123746,0.06768090324785012,0.8443976115208992,0.0457516339869281,146,2404,443,7,0.043864300239582786,55080,18.36,0.013287550290373738,0.85,Hybrid_WithoutGraph
0.20833333333333334,0.5581554715317809,0.057722929936305734,0.9477124183006536,0.10881801125703565,0.7517143375322264,0.2601698196123746,0.2601698196123746,0.06933304872677841,0.8314014752370916,0.05228758169934641,145,2367,480,8,0.043864300239582786,55340,18.446666666666665,0.013615140227399226,0.8373333333333334,Hybrid_WithoutGraph
0.22,0.5612099423541809,0.05818181818181818,0.9411764705882353,0.1095890410958904,0.7517143375322264,0.2601698196123746,0.2601698196123746,0.07088007392025321,0.8187565858798735,0.058823529411764705,144,2331,516,9,0.043864300239582786,55620,18.54,0.01385770929168869,0.825,Hybrid_WithoutGraph
0.23266666666666666,0.5678836339593794,0.059089043906442346,0.9411764705882353,0.11119691119691118,0.7517143375322264,0.2601698196123746,0.2601698196123746,0.07649843766915644,0.8054092026694767,0.058823529411764705,144,2293,554,9,0.043864300239582786,54860,18.286666666666665,0.014091940528375316,0.8123333333333334,Hybrid_WithoutGraph
0.24433333333333335,0.5709381047817792,0.059583333333333335,0.934640522875817,0.11202506854680767,0.7517143375322264,0.2601698196123746,0.2601698196123746,0.07803110914096623,0.7927643133122585,0.06535947712418301,143,2257,590,10,0.043864300239582786,55140,18.38,0.014439535778015433,0.8,Hybrid_WithoutGraph
0.257,0.5776117963869777,0.06054191363251482,0.934640522875817,0.11371769383697813,0.7517143375322264,0.2601698196123746,0.2601698196123746,0.08345394942048273,0.7794169301018616,0.06535947712418301,143,2219,628,10,0.043864300239582786,54380,18.126666666666665,0.014664671081881556,0.7873333333333333,Hybrid_WithoutGraph
0.26866666666666666,0.5806662672093776,0.0610752688172043,0.9281045751633987,0.11460855528652139,0.7517143375322264,0.2601698196123746,0.2601698196123746,0.08499591240445557,0.7667720407446434,0.0718954248366013,142,2183,664,11,0.043864300239582786,54660,18.22,0.014951805506069997,0.775,Hybrid_WithoutGraph
0.27266666666666667,0.582773748768914,0.061392131431041934,0.9281045751633987,0.1151662611516626,0.7517143375322264,0.2601698196123746,0.2601698196123746,0.08667540593167178,0.7625570776255708,0.0718954248366013,142,2171,676,11,0.043864300239582786,54420,18.14,0.015,0.771,Hybrid_WithoutGraph
0.2813333333333333,0.587339958814576,0.062090074333187584,0.9281045751633987,0.11639344262295083,0.7517143375322264,0.2601698196123746,0.2601698196123746,0.09028270864211797,0.7534246575342466,0.0718954248366013,142,2145,702,11,0.043864300239582786,53900,17.966666666666665,0.015171916219851048,0.7623333333333333,Hybrid_WithoutGraph
0.2936666666666667,0.5938380269564798,0.06311111111111112,0.9281045751633987,0.11818560133166876,0.7517143375322264,0.2601698196123746,0.2601698196123746,0.09535125676853416,0.740428521250439,0.0718954248366013,142,2108,739,11,0.043864300239582786,53160,17.72,0.015533376794392706,0.75,Hybrid_WithoutGraph
0.305,0.5936245239226705,0.06329113924050633,0.9150326797385621,0.11839323467230445,0.7517143375322264,0.2601698196123746,0.2601698196123746,0.09360593742799685,0.7277836318932209,0.08496732026143791,140,2072,775,13,0.043864300239582786,54440,18.14666666666667,0.015794706600306296,0.7373333333333333,Hybrid_WithoutGraph
0.31733333333333336,0.6001225920645743,0.06436781609195402,0.9150326797385621,0.1202749140893471,0.7517143375322264,0.2601698196123746,0.2601698196123746,0.09866086623540128,0.7147874956094135,0.08496732026143791,140,2035,812,13,0.043864300239582786,53700,17.9,0.016052906791093335,0.725,Hybrid_WithoutGraph
0.3293333333333333,0.603352686350269,0.06504445484323819,0.9084967320261438,0.12139737991266376,0.7517143375322264,0.2601698196123746,0.2601698196123746,0.1004577750272846,0.7017913593256059,0.0915032679738562,139,1998,849,14,0.043864300239582786,53960,17.986666666666668,0.016430174299449634,0.7123333333333334,Hybrid_WithoutGraph
0.3403333333333333,0.6029635598531651,0.06523809523809523,0.8954248366013072,0.1216156236129605,0.7517143375322264,0.2601698196123746,0.2601698196123746,0.09886033823000616,0.6894977168949772,0.10457516339869281,137,1963,884,16,0.043864300239582786,55260,18.42,0.01668836199268897,0.7,Hybrid_WithoutGraph
0.353,0.6096372514583634,0.06644034917555772,0.8954248366013072,0.12370203160270882,0.7517143375322264,0.2601698196123746,0.2601698196123746,0.10405952388250618,0.6761503336845802,0.10457516339869281,137,1925,922,16,0.043864300239582786,54500,18.166666666666668,0.016884160725963625,0.6873333333333334,Hybrid_WithoutGraph
0.36533333333333334,0.6161353196002672,0.06765432098765432,0.8954248366013072,0.1258034894398531,0.7517143375322264,0.2601698196123746,0.2601698196123746,0.10909854093719897,0.6631541974007727,0.10457516339869281,137,1888,959,16,0.043864300239582786,53760,17.92,0.0171781493634497,0.675,Hybrid_WithoutGraph
0.378,0.6228090112054657,0.06894816305988928,0.8954248366013072,0.1280373831775701,0.7517143375322264,0.2601698196123746,0.2601698196123746,0.1142604744509404,0.6498068141903758,0.10457516339869281,137,1850,997,16,0.043864300239582786,53000,17.666666666666668,0.01744312442981864,0.6623333333333333,Hybrid_WithoutGraph
0.38966666666666666,0.6258634820278656,0.06974358974358974,0.8888888888888888,0.12933903946742747,0.7517143375322264,0.2601698196123746,0.2601698196123746,0.11610668667418388,0.6371619248331577,0.1111111111111111,136,1814,1033,17,0.043864300239582786,53280,17.76,0.01774690422275169,0.65,Hybrid_WithoutGraph
0.399,0.6153191870355448,0.06851464435146444,0.8562091503267973,0.1268765133171913,0.7517143375322264,0.2601698196123746,0.2601698196123746,0.10553891500262584,0.6255707762557078,0.1437908496732026,131,1781,1066,22,0.043864300239582786,57620,19.206666666666667,0.018059979567517936,0.6373333333333333,Hybrid_WithoutGraph
0.41,0.6149300605384409,0.0688,0.8431372549019608,0.12721893491124261,0.7517143375322264,0.2601698196123746,0.2601698196123746,0.10445426629446969,0.613277133825079,0.1568627450980392,129,1746,1101,24,0.043864300239582786,58920,19.64,0.018247364338687885,0.625,Hybrid_WithoutGraph
0.42133333333333334,0.6147165575046316,0.06913445835601524,0.8300653594771242,0.12763819095477386,0.7517143375322264,0.2601698196123746,0.2601698196123746,0.10359793887769587,0.6006322444678609,0.16993464052287582,127,1710,1137,26,0.043864300239582786,60200,20.066666666666666,0.018489599502312236,0.6123333333333333,Hybrid_WithoutGraph
0.433,0.6177710283270316,0.07,0.8235294117647058,0.12903225806451613,0.7517143375322264,0.2601698196123746,0.2601698196123746,0.1057745134286516,0.5879873551106428,0.17647058823529413,126,1674,1173,27,0.043864300239582786,60480,20.16,0.01890569375819044,0.6,Hybrid_WithoutGraph
0.44433333333333336,0.6175575252932223,0.07037457434733257,0.8104575163398693,0.12950391644908618,0.7517143375322264,0.2601698196123746,0.2601698196123746,0.105064646932111,0.5753424657534246,0.1895424836601307,124,1638,1209,29,0.043864300239582786,61760,20.586666666666666,0.01928197425560865,0.5873333333333334,Hybrid_WithoutGraph
0.45666666666666667,0.6240555934351261,0.07188405797101449,0.8104575163398693,0.13205537806176784,0.7517143375322264,0.2601698196123746,0.2601698196123746,0.11041705334887526,0.5623463294696172,0.1895424836601307,124,1601,1246,29,0.043864300239582786,61020,20.34,0.019513019515597856,0.575,Hybrid_WithoutGraph
0.468,0.6238420904013169,0.07231772377000593,0.7973856209150327,0.13260869565217392,0.7517143375322264,0.2601698196123746,0.2601698196123746,0.1098367855317257,0.549701440112399,0.20261437908496732,122,1565,1282,31,0.043864300239582786,62300,20.766666666666666,0.01983541419484835,0.5623333333333334,Hybrid_WithoutGraph
0.479,0.6234529639042129,0.07272727272727272,0.7843137254901961,0.13311148086522462,0.7517143375322264,0.2601698196123746,0.2601698196123746,0.10918478151458022,0.5374077976817703,0.21568627450980393,120,1530,1317,33,0.043864300239582786,63600,21.2,0.020310227605805965,0.55,Hybrid_WithoutGraph
0.48966666666666664,0.6197958635508998,0.07258064516129033,0.7647058823529411,0.13257790368271954,0.7517143375322264,0.2601698196123746,0.2601698196123746,0.1057143674119138,0.5251141552511416,0.23529411764705882,117,1495,1352,36,0.043864300239582786,65900,21.966666666666665,0.020749175645899096,0.5373333333333333,Hybrid_WithoutGraph
0.502,0.6262939316928036,0.07428571428571429,0.7647058823529411,0.13541666666666666,0.7517143375322264,0.2601698196123746,0.2601698196123746,0.11127669466917785,0.512118018967334,0.23529411764705882,117,1458,1389,36,0.043864300239582786,65160,21.72,0.021145508738591792,0.525,Hybrid_WithoutGraph
0.5146666666666667,0.6329676232980019,0.07612231620039037,0.7647058823529411,0.13846153846153844,0.7517143375322264,0.2601698196123746,0.2601698196123746,0.11704591308521926,0.49877063575693714,0.23529411764705882,117,1420,1427,36,0.043864300239582786,64400,21.466666666666665,0.021530190396500577,0.5123333333333333,Hybrid_WithoutGraph
0.527,0.6394656914399057,0.078,0.7647058823529411,0.1415607985480944,0.7517143375322264,0.2601698196123746,0.2601698196123746,0.12272854059064592,0.4857744994731296,0.23529411764705882,117,1383,1464,36,0.043864300239582786,63660,21.22,0.021920557852826122,0.5,Hybrid_WithoutGraph
0.5393333333333333,0.6459637595818095,0.07997265892002735,0.7647058823529411,0.1448019801980198,0.7517143375322264,0.2601698196123746,0.2601698196123746,0.12848587568806333,0.4727783631893221,0.23529411764705882,117,1346,1501,36,0.043864300239582786,62920,20.973333333333333,0.022291889009422385,0.4876666666666667,Hybrid_WithoutGraph
0.5513333333333333,0.6491938538675042,0.08140350877192983,0.7581699346405228,0.14702154626108999,0.7517143375322264,0.2601698196123746,0.2601698196123746,0.13145365498410716,0.45978222690551457,0.24183006535947713,116,1309,1538,37,0.043864300239582786,63180,21.06,0.022730588946000604,0.475,Hybrid_WithoutGraph
0.5636666666666666,0.655691922009408,0.08357348703170028,0.7581699346405228,0.15055158987670345,0.7517143375322264,0.2601698196123746,0.2601698196123746,0.13739099630411197,0.44678609062170704,0.24183006535947713,116,1272,1575,37,0.043864300239582786,62440,20.813333333333333,0.023237602577474717,0.46266666666666667,Hybrid_WithoutGraph
0.5763333333333334,0.6623656136146063,0.08592592592592592,0.7581699346405228,0.1543579507651364,0.7517143375322264,0.2601698196123746,0.2601698196123746,0.14360006829602392,0.43343870741131013,0.24183006535947713,116,1234,1613,37,0.043864300239582786,61680,20.56,0.02360202411657914,0.45,Hybrid_WithoutGraph
0.5886666666666667,0.6688636817565101,0.08834729626808835,0.7581699346405228,0.1582537517053206,0.7517143375322264,0.2601698196123746,0.2601698196123746,0.14976688407861505,0.4204425711275026,0.24183006535947713,116,1197,1650,37,0.043864300239582786,60940,20.313333333333333,0.02409331498660168,0.43766666666666665,Hybrid_WithoutGraph
0.6013333333333334,0.6755373733617085,0.09098039215686274,0.7581699346405228,0.16246498599439776,0.7517143375322264,0.2601698196123746,0.2601698196123746,0.15623898110919962,0.40709518791710575,0.24183006535947713,116,1159,1688,37,0.043864300239582786,60180,20.06,0.024653595890536013,0.425,Hybrid_WithoutGraph
0.607,0.6785229722377184,0.09220985691573927,0.7581699346405228,0.16442239546420978,0.7517143375322264,0.2601698196123746,0.2601698196123746,0.15918390618660241,0.40112399016508604,0.24183006535947713,116,1142,1705,37,0.043864300239582786,59840,19.946666666666665,0.025,0.41933333333333334,Hybrid_WithoutGraph
0.6136666666666667,0.6820354415036123,0.09369951534733441,0.7581699346405228,0.16678648454349387,0.7517143375322264,0.2601698196123746,0.2601698196123746,0.16269047296634986,0.3940990516332982,0.24183006535947713,116,1122,1725,37,0.043864300239582786,59440,19.813333333333333,0.02522227691289,0.4126666666666667,Hybrid_WithoutGraph
0.6243333333333333,0.6783783411502993,0.09416666666666666,0.738562091503268,0.1670362158167036,0.7517143375322264,0.2601698196123746,0.2601698196123746,0.16020818115801616,0.3818054092026695,0.26143790849673204,113,1087,1760,40,0.043864300239582786,61740,20.58,0.025876427256762504,0.4,Hybrid_WithoutGraph
0.6346666666666667,0.6745456173336914,0.09458297506448839,0.7189542483660131,0.16717325227963523,0.7517143375322264,0.2601698196123746,0.2601698196123746,0.1576282150479924,0.3698630136986301,0.28104575163398693,110,1053,1794,43,0.043864300239582786,64060,21.35333333333333,0.026448862656308064,0.38766666666666666,Hybrid_WithoutGraph
0.646,0.6743321142998823,0.096,0.7058823529411765,0.16901408450704228,0.7517143375322264,0.2601698196123746,0.2601698196123746,0.1584418646039709,0.35721812434141204,0.29411764705882354,108,1017,1830,45,0.043864300239582786,65340,21.78,0.02713140077217356,0.375,Hybrid_WithoutGraph
0.6576666666666666,0.6773865851222821,0.09834558823529412,0.6993464052287581,0.1724415793714746,0.7517143375322264,0.2601698196123746,0.2601698196123746,0.16234234918822452,0.3445732349841939,0.3006535947712418,107,981,1866,46,0.043864300239582786,65620,21.873333333333335,0.0278185799778612,0.3626666666666667,Hybrid_WithoutGraph
0.6696666666666666,0.6806166794079768,0.10095238095238095,0.6928104575163399,0.17622610141313383,0.7517143375322264,0.2601698196123746,0.2601698196123746,0.1666154778676045,0.3315770987003864,0.30718954248366015,106,944,1903,47,0.043864300239582786,65880,21.96,0.02839828084087852,0.35,Hybrid_WithoutGraph
0.6806666666666666,0.6802275529108728,0.10266535044422508,0.6797385620915033,0.1783876500857633,0.7517143375322264,0.2601698196123746,0.2601698196123746,0.16768220428283845,0.3192834562697576,0.3202614379084967,104,909,1938,49,0.043864300239582786,67180,22.393333333333334,0.029137925959303777,0.33766666666666667,Hybrid_WithoutGraph
0.6926666666666667,0.6834576471965674,0.10564102564102563,0.673202614379085,0.1826241134751773,0.7517143375322264,0.2601698196123746,0.2601698196123746,0.17234172775179465,0.3062873199859501,0.32679738562091504,103,872,1975,50,0.043864300239582786,67440,22.48,0.029794987401581638,0.325,Hybrid_WithoutGraph
0.7036666666666667,0.6830685206994636,0.10767590618336886,0.6601307189542484,0.1851512373968836,0.7517143375322264,0.2601698196123746,0.2601698196123746,0.17375502257182593,0.2939936775553214,0.33986928104575165,101,837,2010,52,0.043864300239582786,68740,22.913333333333334,0.030503359534827457,0.31266666666666665,Hybrid_WithoutGraph
0.7143333333333334,0.6794114203461503,0.10888888888888888,0.6405228758169934,0.18613485280151945,0.7517143375322264,0.2601698196123746,0.2601698196123746,0.1722616595914154,0.28170003512469266,0.35947712418300654,98,802,2045,55,0.043864300239582786,71040,23.68,0.03158966750474995,0.3,Hybrid_WithoutGraph
0.7266666666666667,0.6859094884880541,0.11355735805330243,0.6405228758169934,0.19291338582677164,0.7517143375322264,0.2601698196123746,0.2601698196123746,0.18070215907766682,0.26870389884088514,0.35947712418300654,98,765,2082,55,0.043864300239582786,70300,23.433333333333334,0.032534869248985396,0.2876666666666667,Hybrid_WithoutGraph
0.738,0.6856959854542449,0.11636363636363636,0.6274509803921569,0.19631901840490798,0.7517143375322264,0.2601698196123746,0.2601698196123746,0.18298494279429112,0.256059009483667,0.37254901960784315,96,729,2118,57,0.043864300239582786,71580,23.86,0.03369208740736171,0.275,Hybrid_WithoutGraph
0.749,0.6853068589571409,0.11928934010152284,0.6143790849673203,0.1997874601487779,0.7517143375322264,0.2601698196123746,0.2601698196123746,0.1852700715343301,0.24376536705303828,0.38562091503267976,94,694,2153,59,0.043864300239582786,72880,24.293333333333333,0.03494390698532845,0.26266666666666666,Hybrid_WithoutGraph
0.7493333333333333,0.6854824824204357,0.11944091486658195,0.6143790849673203,0.19999999999999998,0.7517143375322264,0.2601698196123746,0.2601698196123746,0.18552151030791533,0.2434141201264489,0.38562091503267976,94,693,2154,59,0.043864300239582786,72860,24.286666666666665,0.034999999999999996,0.2623333333333333,Hybrid_WithoutGraph
0.761,0.6885369532428356,0.124,0.6078431372549019,0.20598006644518274,0.7517143375322264,0.2601698196123746,0.2601698196123746,0.19157729570925672,0.23076923076923078,0.39215686274509803,93,657,2190,60,0.043864300239582786,73140,24.38,0.03659225939874589,0.25,Hybrid_WithoutGraph
0.7726666666666666,0.6915914240652354,0.12903225806451613,0.6013071895424836,0.21247113163972287,0.7517143375322264,0.2601698196123746,0.2601698196123746,0.1980467239964325,0.21812434141201265,0.39869281045751637,92,621,2226,61,0.043864300239582786,73420,24.473333333333333,0.038375673949636514,0.23766666666666666,Hybrid_WithoutGraph
0.7846666666666666,0.6948215183509301,0.1348148148148148,0.5947712418300654,0.21980676328502413,0.7517143375322264,0.2601698196123746,0.2601698196123746,0.20527828150617178,0.20512820512820512,0.40522875816993464,91,584,2263,62,0.043864300239582786,73680,24.56,0.0394645506254592,0.225,Hybrid_WithoutGraph
0.7963333333333333,0.69787598917333,0.14106583072100312,0.5882352941176471,0.2275600505689001,0.7517143375322264,0.2601698196123746,0.2601698196123746,0.21277091319548225,0.192483315770987,0.4117647058823529,90,548,2299,63,0.043864300239582786,73960,24.653333333333332,0.04086787543911151,0.21266666666666667,Hybrid_WithoutGraph
0.8083333333333333,0.7011060834590246,0.14833333333333334,0.5816993464052288,0.23638778220451528,0.7517143375322264,0.2601698196123746,0.2601698196123746,0.2212144064967198,0.1794871794871795,0.41830065359477125,89,511,2336,64,0.043864300239582786,74220,24.74,0.042840142455447504,0.2,Hybrid_WithoutGraph
0.8163333333333334,0.696043995399354,0.15087719298245614,0.5620915032679739,0.23789764868603042,0.7517143375322264,0.2601698196123746,0.2601698196123746,0.21987832753005665,0.1700035124692659,0.43790849673202614,86,484,2363,67,0.043864300239582786,76680,25.56,0.045,0.19,Hybrid_WithoutGraph
0.818,0.693829762322913,0.15097690941385436,0.5555555555555556,0.2374301675977654,0.7517143375322264,0.2601698196123746,0.2601698196123746,0.2184278172314619,0.16789603090972954,0.4444444444444444,85,478,2369,68,0.043864300239582786,77560,25.85333333333333,0.045314826604971215,0.18766666666666668,Hybrid_WithoutGraph
0.83,0.6970598566086077,0.16,0.5490196078431373,0.24778761061946905,0.7517143375322264,0.2601698196123746,0.2601698196123746,0.22819196793735527,0.15489989462592202,0.45098039215686275,84,441,2406,69,0.043864300239582786,77820,25.94,0.047866520949670234,0.175,Hybrid_WithoutGraph
0.8416666666666667,0.7001143274310075,0.17008196721311475,0.5424836601307189,0.25897035881435254,0.7517143375322264,0.2601698196123746,0.2601698196123746,0.23857663001009868,0.1422550052687039,0.45751633986928103,83,405,2442,70,0.043864300239582786,78100,26.033333333333335,0.0507784458245736,0.16266666666666665,Hybrid_WithoutGraph
0.8523333333333334,0.6964572270776945,0.17777777777777778,0.5228758169934641,0.26533996683250416,0.7517143375322264,0.2601698196123746,0.2601698196123746,0.24208122446958302,0.12996136283807516,0.477124183006536,80,370,2477,73,0.043864300239582786,80400,26.8,0.05458798226118347,0.15,Hybrid_WithoutGraph
0.854,0.6973353443941679,0.1797752808988764,0.5228758169934641,0.26755852842809363,0.7517143375322264,0.2601698196123746,0.2601698196123746,0.24428616118299387,0.1282051282051282,0.477124183006536,80,365,2482,73,0.043864300239582786,80300,26.766666666666666,0.055,0.14833333333333334,Hybrid_WithoutGraph
0.8633333333333333,0.6960681005805904,0.18886198547215496,0.5098039215686274,0.2756183745583039,0.7517143375322264,0.2601698196123746,0.2601698196123746,0.25038202415896976,0.11766772040744644,0.49019607843137253,78,335,2512,75,0.043864300239582786,81700,27.233333333333334,0.05763892721039411,0.13766666666666666,Hybrid_WithoutGraph
0.8746666666666667,0.6958545975467813,0.20266666666666666,0.49673202614379086,0.2878787878787879,0.7517143375322264,0.2601698196123746,0.2601698196123746,0.2605691088423265,0.1050228310502283,0.5032679738562091,76,299,2548,77,0.043864300239582786,82980,27.66,0.06238030763112963,0.125,Hybrid_WithoutGraph
0.8773333333333333,0.6910748844673099,0.20385674931129477,0.48366013071895425,0.2868217054263566,0.7517143375322264,0.2601698196123746,0.2601698196123746,0.2577891727727755,0.10151036178433438,0.5163398692810458,74,289,2558,79,0.043864300239582786,84780,28.26,0.065,0.121,Hybrid_WithoutGraph
0.8843333333333333,0.6885782764106696,0.21301775147928995,0.47058823529411764,0.29327902240325865,0.7517143375322264,0.2601698196123746,0.2601698196123746,0.2624210875135958,0.09343168247277836,0.5294117647058824,72,266,2581,81,0.043864300239582786,86320,28.773333333333333,0.06881578083451545,0.11266666666666666,Hybrid_WithoutGraph
0.892,0.6802482144947899,0.22149837133550487,0.4444444444444444,0.29565217391304344,0.7517143375322264,0.2601698196123746,0.2601698196123746,0.26166946808029373,0.08394801545486477,0.5555555555555556,68,239,2608,85,0.043864300239582786,89780,29.926666666666666,0.07500000000000001,0.10233333333333333,Hybrid_WithoutGraph
0.8943333333333333,0.6814775787378526,0.22666666666666666,0.4444444444444444,0.30022075055187636,0.7517143375322264,0.2601698196123746,0.2601698196123746,0.2661643658076971,0.08148928696873903,0.5555555555555556,68,232,2615,85,0.043864300239582786,89640,29.88,0.07623638006733677,0.1,Hybrid_WithoutGraph
0.904,0.6742012576017411,0.24334600760456274,0.41830065359477125,0.30769230769230765,0.7517143375322264,0.2601698196123746,0.2601698196123746,0.27102256903295385,0.06989813839128908,0.5816993464052288,64,199,2648,89,0.043864300239582786,92980,30.993333333333332,0.08444289657016962,0.08766666666666667,Hybrid_WithoutGraph
0.9053333333333333,0.6749037514549199,0.2471042471042471,0.41830065359477125,0.3106796116504854,0.7517143375322264,0.2601698196123746,0.2601698196123746,0.2740085846756938,0.0684931506849315,0.5816993464052288,64,195,2652,89,0.043864300239582786,92900,30.966666666666665,0.085,0.08633333333333333,Hybrid_WithoutGraph
0.914,0.6671005599289241,0.26666666666666666,0.39215686274509803,0.3174603174603175,0.7517143375322264,0.2601698196123746,0.2601698196123746,0.27914162155109046,0.05795574288724974,0.6078431372549019,60,165,2682,93,0.043864300239582786,96300,32.1,0.09423091414063908,0.075,Hybrid_WithoutGraph
0.914,0.6671005599289241,0.26666666666666666,0.39215686274509803,0.3174603174603175,0.7517143375322264,0.2601698196123746,0.2601698196123746,0.27914162155109046,0.05795574288724974,0.6078431372549019,60,165,2682,93,0.043864300239582786,96300,32.1,0.095,0.075,Hybrid_WithoutGraph
0.9223333333333333,0.6653064457254627,0.29591836734693877,0.3790849673202614,0.332378223495702,0.7517143375322264,0.2601698196123746,0.2601698196123746,0.2943351927717894,0.04847207586933614,0.6209150326797386,58,138,2709,95,0.043864300239582786,97760,32.586666666666666,0.10500000000000001,0.06533333333333333,Hybrid_WithoutGraph
0.9236666666666666,0.6598242387928125,0.2978723404255319,0.3660130718954248,0.3284457478005865,0.7517143375322264,0.2601698196123746,0.2601698196123746,0.2901519585961676,0.04636459430979979,0.6339869281045751,56,132,2715,97,0.043864300239582786,99640,33.21333333333333,0.10706280628194277,0.06266666666666666,Hybrid_WithoutGraph
0.9266666666666666,0.6459430979978925,0.30177514792899407,0.3333333333333333,0.3167701863354037,0.7517143375322264,0.2601698196123746,0.2601698196123746,0.27850931083116026,0.0414471373375483,0.6666666666666666,51,118,2729,102,0.043864300239582786,104360,34.78666666666667,0.115,0.05633333333333333,Hybrid_WithoutGraph
0.9296666666666666,0.6444313587746303,0.31645569620253167,0.32679738562091504,0.32154340836012857,0.7517143375322264,0.2601698196123746,0.2601698196123746,0.28450530011300956,0.037934668071654375,0.673202614379085,50,108,2739,103,0.043864300239582786,105160,35.053333333333335,0.125,0.05266666666666667,Hybrid_WithoutGraph
0.9303333333333333,0.6355055545224764,0.31333333333333335,0.30718954248366015,0.31023102310231027,0.7517143375322264,0.2601698196123746,0.2601698196123746,0.2735637087467752,0.036178433438707414,0.6928104575163399,47,103,2744,106,0.043864300239582786,108060,36.02,0.13242706461062853,0.05,Hybrid_WithoutGraph
0.931,0.6327644510561513,0.3150684931506849,0.3006535947712418,0.3076923076923077,0.7517143375322264,0.2601698196123746,0.2601698196123746,0.271486248608822,0.035124692658939236,0.6993464052287581,46,100,2747,107,0.043864300239582786,109000,36.333333333333336,0.135,0.048666666666666664,Hybrid_WithoutGraph
0.933,0.6276334910500905,0.3235294117647059,0.2875816993464052,0.3044982698961937,0.7517143375322264,0.2601698196123746,0.2601698196123746,0.2699467678645117,0.032314717246224096,0.7124183006535948,44,92,2755,109,0.043864300239582786,110840,36.946666666666665,0.14500000000000002,0.04533333333333334,Hybrid_WithoutGraph
0.9343333333333333,0.6221512841174405,0.328125,0.27450980392156865,0.29893238434163705,0.7517143375322264,0.2601698196123746,0.2601698196123746,0.2659318035094401,0.03020723568668774,0.7254901960784313,42,86,2761,111,0.043864300239582786,112720,37.57333333333333,0.155,0.042666666666666665,Hybrid_WithoutGraph
0.9376666666666666,0.6177228179645585,0.3508771929824561,0.26143790849673204,0.299625468164794,0.7517143375322264,0.2601698196123746,0.2601698196123746,0.2709127875609158,0.02599227256761503,0.738562091503268,40,74,2773,113,0.043864300239582786,114480,38.16,0.165,0.038,Hybrid_WithoutGraph
0.9373333333333334,0.6144548441083493,0.34513274336283184,0.2549019607843137,0.2932330827067669,0.7517143375322264,0.2601698196123746,0.2601698196123746,0.26450933834205254,0.02599227256761503,0.7450980392156863,39,74,2773,114,0.043864300239582786,115480,38.49333333333333,0.16664524082897794,0.03766666666666667,Hybrid_WithoutGraph
0.9386666666666666,0.6058802867827847,0.34951456310679613,0.23529411764705882,0.28125,0.7517143375322264,0.2601698196123746,0.2601698196123746,0.25585369515670586,0.023533544081489288,0.7647058823529411,36,67,2780,117,0.043864300239582786,118340,39.446666666666665,0.17500000000000002,0.034333333333333334,Hybrid_WithoutGraph
0.9403333333333334,0.6036660537063439,0.3645833333333333,0.22875816993464052,0.28112449799196787,0.7517143375322264,0.2601698196123746,0.2601698196123746,0.259162456926263,0.02142606252195293,0.7712418300653595,35,61,2786,118,0.043864300239582786,119220,39.74,0.185,0.032,Hybrid_WithoutGraph
0.9436666666666667,0.6054222883392908,0.4069767441860465,0.22875816993464052,0.2928870292887029,0.7517143375322264,0.2601698196123746,0.2601698196123746,0.27797637316459456,0.01791359325605901,0.7712418300653595,35,51,2796,118,0.043864300239582786,119020,39.67333333333333,0.195,0.028666666666666667,Hybrid_WithoutGraph
0.9453333333333334,0.6001157048699353,0.42857142857142855,0.21568627450980393,0.2869565217391305,0.7517143375322264,0.2601698196123746,0.2601698196123746,0.2785555935541937,0.015454864769933263,0.7843137254901961,33,44,2803,120,0.043864300239582786,120880,40.29333333333334,0.20500000000000002,0.025666666666666667,Hybrid_WithoutGraph
0.9453333333333334,0.5970233544770208,0.4266666666666667,0.20915032679738563,0.28070175438596495,0.7517143375322264,0.2601698196123746,0.2601698196123746,0.2734337782866343,0.01510361784334387,0.7908496732026143,32,43,2804,121,0.043864300239582786,121860,40.62,0.21425068416019774,0.025,Hybrid_WithoutGraph
0.9453333333333334,0.5970233544770208,0.4266666666666667,0.20915032679738563,0.28070175438596495,0.7517143375322264,0.2601698196123746,0.2601698196123746,0.2734337782866343,0.01510361784334387,0.7908496732026143,32,43,2804,121,0.043864300239582786,121860,40.62,0.215,0.025,Hybrid_WithoutGraph
0.9466666666666667,0.5853564467585418,0.4444444444444444,0.1830065359477124,0.25925925925925924,0.7517143375322264,0.2601698196123746,0.2601698196123746,0.26192896359646384,0.012293642430628733,0.8169934640522876,28,35,2812,125,0.043864300239582786,125700,41.9,0.225,0.021,Hybrid_WithoutGraph
0.9473333333333334,0.5826153432922168,0.4576271186440678,0.17647058823529413,0.25471698113207547,0.7517143375322264,0.2601698196123746,0.2601698196123746,0.26179216119948545,0.011239901650860555,0.8235294117647058,27,32,2815,126,0.043864300239582786,126640,42.21333333333333,0.23500000000000001,0.019666666666666666,Hybrid_WithoutGraph
0.9493333333333334,0.5805767336790705,0.5098039215686274,0.16993464052287582,0.2549019607843137,0.7517143375322264,0.2601698196123746,0.2601698196123746,0.27425631023044406,0.008781173164734809,0.8300653594771242,26,25,2822,127,0.043864300239582786,127500,42.5,0.245,0.017,Hybrid_WithoutGraph
0.952,0.5757970205995991,0.6153846153846154,0.1568627450980392,0.25,0.7517143375322264,0.2601698196123746,0.2601698196123746,0.294421873768927,0.005268703898840885,0.8431372549019608,24,15,2832,129,0.043864300239582786,129300,43.1,0.255,0.013,Hybrid_WithoutGraph
0.9523333333333334,0.5759726440628938,0.631578947368421,0.1568627450980392,0.2513089005235602,0.7517143375322264,0.2601698196123746,0.2601698196123746,0.29891131874351257,0.004917456972251493,0.8431372549019608,24,14,2833,129,0.043864300239582786,129280,43.093333333333334,0.2573871828656859,0.012666666666666666,Hybrid_WithoutGraph
0.952,0.5696123198137703,0.6285714285714286,0.1437908496732026,0.23404255319148934,0.7517143375322264,0.2601698196123746,0.2601698196123746,0.2852391807260514,0.0045662100456621,0.8562091503267973,22,13,2834,131,0.043864300239582786,131260,43.75333333333333,0.265,0.011666666666666667,Hybrid_WithoutGraph
0.952,0.5572429182421125,0.6666666666666666,0.11764705882352941,0.2,0.7517143375322264,0.2601698196123746,0.2601698196123746,0.26669315794228177,0.003161222339304531,0.8823529411764706,18,9,2838,135,0.043864300239582786,135180,45.06,0.275,0.009,Hybrid_WithoutGraph
0.9506666666666667,0.5410786724243614,0.6190476190476191,0.08496732026143791,0.14942528735632182,0.7517143375322264,0.2601698196123746,0.2601698196123746,0.2167908485910346,0.0028099754127151387,0.9150326797385621,13,8,2839,140,0.043864300239582786,140160,46.72,0.28500000000000003,0.007,Hybrid_WithoutGraph
0.9506666666666667,0.5348939716385325,0.6470588235294118,0.0718954248366013,0.12941176470588234,0.7517143375322264,0.2601698196123746,0.2601698196123746,0.20453553025666826,0.002107481559536354,0.9281045751633987,11,6,2841,142,0.043864300239582786,142120,47.373333333333335,0.295,0.005666666666666667,Hybrid_WithoutGraph
0.9506666666666667,0.5287092708527036,0.6923076923076923,0.058823529411764705,0.10843373493975904,0.7517143375322264,0.2601698196123746,0.2601698196123746,0.1923102001109755,0.0014049877063575693,0.9411764705882353,9,4,2843,144,0.043864300239582786,144080,48.026666666666664,0.305,0.004333333333333333,Hybrid_WithoutGraph
0.9506666666666667,0.5287092708527036,0.6923076923076923,0.058823529411764705,0.10843373493975904,0.7517143375322264,0.2601698196123746,0.2601698196123746,0.1923102001109755,0.0014049877063575693,0.9411764705882353,9,4,2843,144,0.043864300239582786,144080,48.026666666666664,0.315,0.004333333333333333,Hybrid_WithoutGraph
0.949,0.5123694015716578,0.5,0.026143790849673203,0.049689440993788817,0.7517143375322264,0.2601698196123746,0.2601698196123746,0.10553398696357108,0.0014049877063575693,0.9738562091503268,4,4,2843,149,0.043864300239582786,149080,49.693333333333335,0.325,0.0026666666666666666,Hybrid_WithoutGraph
0.9486666666666667,0.5091014277154486,0.42857142857142855,0.0196078431372549,0.0375,0.7517143375322264,0.2601698196123746,0.2601698196123746,0.08299971295899805,0.0014049877063575693,0.9803921568627451,3,4,2843,150,0.043864300239582786,150080,50.026666666666664,0.335,0.0023333333333333335,Hybrid_WithoutGraph
0.949,0.5061847007858289,0.5,0.013071895424836602,0.02547770700636943,0.7517143375322264,0.2601698196123746,0.2601698196123746,0.07457396556973096,0.0007024938531787847,0.9869281045751634,2,2,2845,151,0.043864300239582786,151040,50.346666666666664,0.34500000000000003,0.0013333333333333333,Hybrid_WithoutGraph
0.9493333333333334,0.5063603242491236,0.6666666666666666,0.013071895424836602,0.02564102564102564,0.7517143375322264,0.2601698196123746,0.2601698196123746,0.08854105701611953,0.00035124692658939234,0.9869281045751634,2,1,2846,151,0.043864300239582786,151020,50.34,0.35500000000000004,0.001,Hybrid_WithoutGraph
0.949,0.5030923503929144,0.5,0.006535947712418301,0.012903225806451615,0.7517143375322264,0.2601698196123746,0.2601698196123746,0.05271416484166107,0.00035124692658939234,0.9934640522875817,1,1,2846,152,0.043864300239582786,152020,50.67333333333333,0.365,0.0006666666666666666,Hybrid_WithoutGraph
0.9493333333333334,0.5032679738562091,1.0,0.006535947712418301,0.012987012987012988,0.7517143375322264,0.2601698196123746,0.2601698196123746,0.07876980770968345,0.0,0.9934640522875817,1,0,2847,152,0.043864300239582786,152000,50.666666666666664,0.374517151989297,0.0003333333333333333,Hybrid_WithoutGraph
0.949,0.5,0.0,0.0,0.0,0.7517143375322264,0.2601698196123746,0.2601698196123746,0.0,0.0,1.0,0,0,2847,153,0.043864300239582786,153000,51.0,0.375,0.0,Hybrid_WithoutGraph
0.949,0.5,0.0,0.0,0.0,0.7517143375322264,0.2601698196123746,0.2601698196123746,0.0,0.0,1.0,0,0,2847,153,0.043864300239582786,153000,51.0,0.385,0.0,Hybrid_WithoutGraph
0.949,0.5,0.0,0.0,0.0,0.7517143375322264,0.2601698196123746,0.2601698196123746,0.0,0.0,1.0,0,0,2847,153,0.043864300239582786,153000,51.0,0.395,0.0,Hybrid_WithoutGraph
0.949,0.5,0.0,0.0,0.0,0.7517143375322264,0.2601698196123746,0.2601698196123746,0.0,0.0,1.0,0,0,2847,153,0.043864300239582786,153000,51.0,0.405,0.0,Hybrid_WithoutGraph
0.949,0.5,0.0,0.0,0.0,0.7517143375322264,0.2601698196123746,0.2601698196123746,0.0,0.0,1.0,0,0,2847,153,0.043864300239582786,153000,51.0,0.41500000000000004,0.0,Hybrid_WithoutGraph
0.949,0.5,0.0,0.0,0.0,0.7517143375322264,0.2601698196123746,0.2601698196123746,0.0,0.0,1.0,0,0,2847,153,0.043864300239582786,153000,51.0,0.425,0.0,Hybrid_WithoutGraph
0.949,0.5,0.0,0.0,0.0,0.7517143375322264,0.2601698196123746,0.2601698196123746,0.0,0.0,1.0,0,0,2847,153,0.043864300239582786,153000,51.0,0.435,0.0,Hybrid_WithoutGraph
0.949,0.5,0.0,0.0,0.0,0.7517143375322264,0.2601698196123746,0.2601698196123746,0.0,0.0,1.0,0,0,2847,153,0.043864300239582786,153000,51.0,0.445,0.0,Hybrid_WithoutGraph
0.949,0.5,0.0,0.0,0.0,0.7517143375322264,0.2601698196123746,0.2601698196123746,0.0,0.0,1.0,0,0,2847,153,0.043864300239582786,153000,51.0,0.455,0.0,Hybrid_WithoutGraph
0.949,0.5,0.0,0.0,0.0,0.7517143375322264,0.2601698196123746,0.2601698196123746,0.0,0.0,1.0,0,0,2847,153,0.043864300239582786,153000,51.0,0.465,0.0,Hybrid_WithoutGraph
0.949,0.5,0.0,0.0,0.0,0.7517143375322264,0.2601698196123746,0.2601698196123746,0.0,0.0,1.0,0,0,2847,153,0.043864300239582786,153000,51.0,0.47500000000000003,0.0,Hybrid_WithoutGraph
0.949,0.5,0.0,0.0,0.0,0.7517143375322264,0.2601698196123746,0.2601698196123746,0.0,0.0,1.0,0,0,2847,153,0.043864300239582786,153000,51.0,0.485,0.0,Hybrid_WithoutGraph
0.949,0.5,0.0,0.0,0.0,0.7517143375322264,0.2601698196123746,0.2601698196123746,0.0,0.0,1.0,0,0,2847,153,0.043864300239582786,153000,51.0,0.495,0.0,Hybrid_WithoutGraph
0.949,0.5,0.0,0.0,0.0,0.7517143375322264,0.2601698196123746,0.2601698196123746,0.0,0.0,1.0,0,0,2847,153,0.043864300239582786,153000,51.0,0.505,0.0,Hybrid_WithoutGraph
0.949,0.5,0.0,0.0,0.0,0.7517143375322264,0.2601698196123746,0.2601698196123746,0.0,0.0,1.0,0,0,2847,153,0.043864300239582786,153000,51.0,0.515,0.0,Hybrid_WithoutGraph
0.949,0.5,0.0,0.0,0.0,0.7517143375322264,0.2601698196123746,0.2601698196123746,0.0,0.0,1.0,0,0,2847,153,0.043864300239582786,153000,51.0,0.525,0.0,Hybrid_WithoutGraph
0.949,0.5,0.0,0.0,0.0,0.7517143375322264,0.2601698196123746,0.2601698196123746,0.0,0.0,1.0,0,0,2847,153,0.043864300239582786,153000,51.0,0.535,0.0,Hybrid_WithoutGraph
0.949,0.5,0.0,0.0,0.0,0.7517143375322264,0.2601698196123746,0.2601698196123746,0.0,0.0,1.0,0,0,2847,153,0.043864300239582786,153000,51.0,0.545,0.0,Hybrid_WithoutGraph
0.949,0.5,0.0,0.0,0.0,0.7517143375322264,0.2601698196123746,0.2601698196123746,0.0,0.0,1.0,0,0,2847,153,0.043864300239582786,153000,51.0,0.555,0.0,Hybrid_WithoutGraph
0.949,0.5,0.0,0.0,0.0,0.7517143375322264,0.2601698196123746,0.2601698196123746,0.0,0.0,1.0,0,0,2847,153,0.043864300239582786,153000,51.0,0.5650000000000001,0.0,Hybrid_WithoutGraph
0.949,0.5,0.0,0.0,0.0,0.7517143375322264,0.2601698196123746,0.2601698196123746,0.0,0.0,1.0,0,0,2847,153,0.043864300239582786,153000,51.0,0.5750000000000001,0.0,Hybrid_WithoutGraph
0.949,0.5,0.0,0.0,0.0,0.7517143375322264,0.2601698196123746,0.2601698196123746,0.0,0.0,1.0,0,0,2847,153,0.043864300239582786,153000,51.0,0.585,0.0,Hybrid_WithoutGraph
0.949,0.5,0.0,0.0,0.0,0.7517143375322264,0.2601698196123746,0.2601698196123746,0.0,0.0,1.0,0,0,2847,153,0.043864300239582786,153000,51.0,0.595,0.0,Hybrid_WithoutGraph
0.949,0.5,0.0,0.0,0.0,0.7517143375322264,0.2601698196123746,0.2601698196123746,0.0,0.0,1.0,0,0,2847,153,0.043864300239582786,153000,51.0,0.605,0.0,Hybrid_WithoutGraph
0.949,0.5,0.0,0.0,0.0,0.7517143375322264,0.2601698196123746,0.2601698196123746,0.0,0.0,1.0,0,0,2847,153,0.043864300239582786,153000,51.0,0.615,0.0,Hybrid_WithoutGraph
0.949,0.5,0.0,0.0,0.0,0.7517143375322264,0.2601698196123746,0.2601698196123746,0.0,0.0,1.0,0,0,2847,153,0.043864300239582786,153000,51.0,0.625,0.0,Hybrid_WithoutGraph
0.949,0.5,0.0,0.0,0.0,0.7517143375322264,0.2601698196123746,0.2601698196123746,0.0,0.0,1.0,0,0,2847,153,0.043864300239582786,153000,51.0,0.635,0.0,Hybrid_WithoutGraph
0.949,0.5,0.0,0.0,0.0,0.7517143375322264,0.2601698196123746,0.2601698196123746,0.0,0.0,1.0,0,0,2847,153,0.043864300239582786,153000,51.0,0.645,0.0,Hybrid_WithoutGraph
0.949,0.5,0.0,0.0,0.0,0.7517143375322264,0.2601698196123746,0.2601698196123746,0.0,0.0,1.0,0,0,2847,153,0.043864300239582786,153000,51.0,0.655,0.0,Hybrid_WithoutGraph
0.949,0.5,0.0,0.0,0.0,0.7517143375322264,0.2601698196123746,0.2601698196123746,0.0,0.0,1.0,0,0,2847,153,0.043864300239582786,153000,51.0,0.665,0.0,Hybrid_WithoutGraph
0.949,0.5,0.0,0.0,0.0,0.7517143375322264,0.2601698196123746,0.2601698196123746,0.0,0.0,1.0,0,0,2847,153,0.043864300239582786,153000,51.0,0.675,0.0,Hybrid_WithoutGraph
0.949,0.5,0.0,0.0,0.0,0.7517143375322264,0.2601698196123746,0.2601698196123746,0.0,0.0,1.0,0,0,2847,153,0.043864300239582786,153000,51.0,0.685,0.0,Hybrid_WithoutGraph
0.949,0.5,0.0,0.0,0.0,0.7517143375322264,0.2601698196123746,0.2601698196123746,0.0,0.0,1.0,0,0,2847,153,0.043864300239582786,153000,51.0,0.6950000000000001,0.0,Hybrid_WithoutGraph
0.949,0.5,0.0,0.0,0.0,0.7517143375322264,0.2601698196123746,0.2601698196123746,0.0,0.0,1.0,0,0,2847,153,0.043864300239582786,153000,51.0,0.7050000000000001,0.0,Hybrid_WithoutGraph
0.949,0.5,0.0,0.0,0.0,0.7517143375322264,0.2601698196123746,0.2601698196123746,0.0,0.0,1.0,0,0,2847,153,0.043864300239582786,153000,51.0,0.715,0.0,Hybrid_WithoutGraph
0.949,0.5,0.0,0.0,0.0,0.7517143375322264,0.2601698196123746,0.2601698196123746,0.0,0.0,1.0,0,0,2847,153,0.043864300239582786,153000,51.0,0.725,0.0,Hybrid_WithoutGraph
0.949,0.5,0.0,0.0,0.0,0.7517143375322264,0.2601698196123746,0.2601698196123746,0.0,0.0,1.0,0,0,2847,153,0.043864300239582786,153000,51.0,0.735,0.0,Hybrid_WithoutGraph
0.949,0.5,0.0,0.0,0.0,0.7517143375322264,0.2601698196123746,0.2601698196123746,0.0,0.0,1.0,0,0,2847,153,0.043864300239582786,153000,51.0,0.745,0.0,Hybrid_WithoutGraph
0.949,0.5,0.0,0.0,0.0,0.7517143375322264,0.2601698196123746,0.2601698196123746,0.0,0.0,1.0,0,0,2847,153,0.043864300239582786,153000,51.0,0.755,0.0,Hybrid_WithoutGraph
0.949,0.5,0.0,0.0,0.0,0.7517143375322264,0.2601698196123746,0.2601698196123746,0.0,0.0,1.0,0,0,2847,153,0.043864300239582786,153000,51.0,0.765,0.0,Hybrid_WithoutGraph
0.949,0.5,0.0,0.0,0.0,0.7517143375322264,0.2601698196123746,0.2601698196123746,0.0,0.0,1.0,0,0,2847,153,0.043864300239582786,153000,51.0,0.775,0.0,Hybrid_WithoutGraph
0.949,0.5,0.0,0.0,0.0,0.7517143375322264,0.2601698196123746,0.2601698196123746,0.0,0.0,1.0,0,0,2847,153,0.043864300239582786,153000,51.0,0.785,0.0,Hybrid_WithoutGraph
0.949,0.5,0.0,0.0,0.0,0.7517143375322264,0.2601698196123746,0.2601698196123746,0.0,0.0,1.0,0,0,2847,153,0.043864300239582786,153000,51.0,0.795,0.0,Hybrid_WithoutGraph
0.949,0.5,0.0,0.0,0.0,0.7517143375322264,0.2601698196123746,0.2601698196123746,0.0,0.0,1.0,0,0,2847,153,0.043864300239582786,153000,51.0,0.805,0.0,Hybrid_WithoutGraph
0.949,0.5,0.0,0.0,0.0,0.7517143375322264,0.2601698196123746,0.2601698196123746,0.0,0.0,1.0,0,0,2847,153,0.043864300239582786,153000,51.0,0.8150000000000001,0.0,Hybrid_WithoutGraph
0.949,0.5,0.0,0.0,0.0,0.7517143375322264,0.2601698196123746,0.2601698196123746,0.0,0.0,1.0,0,0,2847,153,0.043864300239582786,153000,51.0,0.8250000000000001,0.0,Hybrid_WithoutGraph
0.949,0.5,0.0,0.0,0.0,0.7517143375322264,0.2601698196123746,0.2601698196123746,0.0,0.0,1.0,0,0,2847,153,0.043864300239582786,153000,51.0,0.8350000000000001,0.0,Hybrid_WithoutGraph
0.949,0.5,0.0,0.0,0.0,0.7517143375322264,0.2601698196123746,0.2601698196123746,0.0,0.0,1.0,0,0,2847,153,0.043864300239582786,153000,51.0,0.845,0.0,Hybrid_WithoutGraph
0.949,0.5,0.0,0.0,0.0,0.7517143375322264,0.2601698196123746,0.2601698196123746,0.0,0.0,1.0,0,0,2847,153,0.043864300239582786,153000,51.0,0.855,0.0,Hybrid_WithoutGraph
0.949,0.5,0.0,0.0,0.0,0.7517143375322264,0.2601698196123746,0.2601698196123746,0.0,0.0,1.0,0,0,2847,153,0.043864300239582786,153000,51.0,0.865,0.0,Hybrid_WithoutGraph
0.949,0.5,0.0,0.0,0.0,0.7517143375322264,0.2601698196123746,0.2601698196123746,0.0,0.0,1.0,0,0,2847,153,0.043864300239582786,153000,51.0,0.875,0.0,Hybrid_WithoutGraph
0.949,0.5,0.0,0.0,0.0,0.7517143375322264,0.2601698196123746,0.2601698196123746,0.0,0.0,1.0,0,0,2847,153,0.043864300239582786,153000,51.0,0.885,0.0,Hybrid_WithoutGraph
0.949,0.5,0.0,0.0,0.0,0.7517143375322264,0.2601698196123746,0.2601698196123746,0.0,0.0,1.0,0,0,2847,153,0.043864300239582786,153000,51.0,0.895,0.0,Hybrid_WithoutGraph
0.949,0.5,0.0,0.0,0.0,0.7517143375322264,0.2601698196123746,0.2601698196123746,0.0,0.0,1.0,0,0,2847,153,0.043864300239582786,153000,51.0,0.905,0.0,Hybrid_WithoutGraph
0.949,0.5,0.0,0.0,0.0,0.7517143375322264,0.2601698196123746,0.2601698196123746,0.0,0.0,1.0,0,0,2847,153,0.043864300239582786,153000,51.0,0.915,0.0,Hybrid_WithoutGraph
0.949,0.5,0.0,0.0,0.0,0.7517143375322264,0.2601698196123746,0.2601698196123746,0.0,0.0,1.0,0,0,2847,153,0.043864300239582786,153000,51.0,0.925,0.0,Hybrid_WithoutGraph
0.949,0.5,0.0,0.0,0.0,0.7517143375322264,0.2601698196123746,0.2601698196123746,0.0,0.0,1.0,0,0,2847,153,0.043864300239582786,153000,51.0,0.935,0.0,Hybrid_WithoutGraph
0.949,0.5,0.0,0.0,0.0,0.7517143375322264,0.2601698196123746,0.2601698196123746,0.0,0.0,1.0,0,0,2847,153,0.043864300239582786,153000,51.0,0.9450000000000001,0.0,Hybrid_WithoutGraph
0.949,0.5,0.0,0.0,0.0,0.7517143375322264,0.2601698196123746,0.2601698196123746,0.0,0.0,1.0,0,0,2847,153,0.043864300239582786,153000,51.0,0.9550000000000001,0.0,Hybrid_WithoutGraph
0.949,0.5,0.0,0.0,0.0,0.7517143375322264,0.2601698196123746,0.2601698196123746,0.0,0.0,1.0,0,0,2847,153,0.043864300239582786,153000,51.0,0.965,0.0,Hybrid_WithoutGraph
0.949,0.5,0.0,0.0,0.0,0.7517143375322264,0.2601698196123746,0.2601698196123746,0.0,0.0,1.0,0,0,2847,153,0.043864300239582786,153000,51.0,0.975,0.0,Hybrid_WithoutGraph
0.949,0.5,0.0,0.0,0.0,0.7517143375322264,0.2601698196123746,0.2601698196123746,0.0,0.0,1.0,0,0,2847,153,0.043864300239582786,153000,51.0,0.985,0.0,Hybrid_WithoutGraph
0.949,0.5,0.0,0.0,0.0,0.7517143375322264,0.2601698196123746,0.2601698196123746,0.0,0.0,1.0,0,0,2847,153,0.043864300239582786,153000,51.0,0.995,0.0,Hybrid_WithoutGraph
0.949,0.5,0.0,0.0,0.0,0.7517143375322264,0.2601698196123746,0.2601698196123746,0.0,0.0,1.0,0,0,2847,153,0.043864300239582786,153000,51.0,1.000001,0.0,Hybrid_WithoutGraph
0.051,0.5,0.051,1.0,0.09705042816365367,0.7524512673586001,0.2630257787973396,0.2630257787973396,0.0,1.0,0.0,153,2847,0,0,0.04383543786120084,56940,18.98,0.005,1.0,Hybrid_WithoutSequence
0.051,0.5,0.051,1.0,0.09705042816365367,0.7524512673586001,0.2630257787973396,0.2630257787973396,0.0,1.0,0.0,153,2847,0,0,0.04383543786120084,56940,18.98,0.00639666581555855,1.0,Hybrid_WithoutSequence
0.06366666666666666,0.5066736916051985,0.051654287643484134,1.0,0.09823434991974317,0.7524512673586001,0.2630257787973396,0.2630257787973396,0.02625737175799689,0.9866526167896031,0.0,153,2809,38,0,0.04383543786120084,56180,18.726666666666667,0.008037852193525994,0.9873333333333333,Hybrid_WithoutSequence
0.07533333333333334,0.5097281624275983,0.051965811965811966,0.9934640522875817,0.09876543209876543,0.7524512673586001,0.2630257787973396,0.2630257787973396,0.027416164105048515,0.974007727432385,0.006535947712418301,152,2773,74,1,0.04383543786120084,56460,18.82,0.008785780658722106,0.975,Hybrid_WithoutSequence
0.08733333333333333,0.512958256713293,0.05230342916522342,0.9869281045751634,0.0993421052631579,0.7524512673586001,0.2630257787973396,0.2630257787973396,0.02994700605292727,0.9610115911485775,0.013071895424836602,151,2736,111,2,0.04383543786120084,56720,18.906666666666666,0.00940909185333035,0.9623333333333334,Hybrid_WithoutSequence
0.09966666666666667,0.5194563248551968,0.052982456140350874,0.9869281045751634,0.10056610056610055,0.7524512673586001,0.2630257787973396,0.2630257787973396,0.03927916021395883,0.9480154548647699,0.013071895424836602,151,2699,148,2,0.04383543786120084,55980,18.66,0.010013334194167259,0.95,Hybrid_WithoutSequence
0.11166666666666666,0.5226864191408913,0.05334281650071124,0.9803921568627451,0.10118043844856661,0.7524512673586001,0.2630257787973396,0.2630257787973396,0.04118592396861915,0.9350193185809624,0.0196078431372549,150,2662,185,3,0.04383543786120084,56240,18.746666666666666,0.01044473105161446,0.9373333333333334,Hybrid_WithoutSequence
0.12333333333333334,0.5257408899632913,0.05369369369369369,0.9738562091503268,0.10177595628415301,0.7524512673586001,0.2630257787973396,0.2630257787973396,0.043000177662944894,0.9223744292237442,0.026143790849673203,149,2626,221,4,0.04383543786120084,56520,18.84,0.010952620130418603,0.925,Hybrid_WithoutSequence
0.136,0.5324145815684898,0.05443916697113628,0.9738562091503268,0.10311418685121108,0.7524512673586001,0.2630257787973396,0.2630257787973396,0.05043065298015686,0.9090270460133474,0.026143790849673203,149,2588,259,4,0.04383543786120084,55760,18.586666666666666,0.011296920427897579,0.9123333333333333,Hybrid_WithoutSequence
0.14833333333333334,0.5389126497103934,0.055185185185185184,0.9738562091503268,0.10445145460918333,0.7524512673586001,0.2630257787973396,0.2630257787973396,0.057071296653263326,0.8960309097295399,0.026143790849673203,149,2551,296,4,0.04383543786120084,55020,18.34,0.011521347254127935,0.9,Hybrid_WithoutSequence
0.16033333333333333,0.5421427439960881,0.05559729526671676,0.9673202614379085,0.10515097690941384,0.7524512673586001,0.2630257787973396,0.2630257787973396,0.05864484987749507,0.8830347734457323,0.032679738562091505,148,2514,333,5,0.04383543786120084,55280,18.426666666666666,0.011835072693732625,0.8873333333333333,Hybrid_WithoutSequence
0.17266666666666666,0.5486408121379919,0.05638095238095238,0.9673202614379085,0.10655147588192945,0.7524512673586001,0.2630257787973396,0.2630257787973396,0.06471276769051185,0.8700386371619249,0.032679738562091505,148,2477,370,5,0.04383543786120084,54540,18.18,0.01213118637501106,0.875,Hybrid_WithoutSequence
0.18533333333333332,0.5553145037431902,0.057209122535755705,0.9673202614379085,0.10802919708029197,0.7524512673586001,0.2630257787973396,0.2630257787973396,0.07063748448400041,0.8566912539515279,0.032679738562091505,148,2439,408,5,0.04383543786120084,53780,17.926666666666666,0.012520224974214999,0.8623333333333333,Hybrid_WithoutSequence
0.19766666666666666,0.561812571885094,0.05803921568627451,0.9673202614379085,0.10950795412504624,0.7524512673586001,0.2630257787973396,0.2630257787973396,0.07616753688394418,0.8436951176677204,0.032679738562091505,148,2402,445,5,0.04383543786120084,53040,17.68,0.01286278347870079,0.85,Hybrid_WithoutSequence
0.20966666666666667,0.5650426661707887,0.05851910828025478,0.9607843137254902,0.11031894934333958,0.7524512673586001,0.2630257787973396,0.2630257787973396,0.07754397349309512,0.8306989813839128,0.0392156862745098,147,2365,482,6,0.04383543786120084,53300,17.766666666666666,0.013106157993262205,0.8373333333333334,Hybrid_WithoutSequence
0.222,0.5715407343126924,0.059393939393939395,0.9607843137254902,0.11187214611872145,0.7524512673586001,0.2630257787973396,0.2630257787973396,0.08284295559455755,0.8177028451001054,0.0392156862745098,147,2328,519,6,0.04383543786120084,52560,17.52,0.013372877386666471,0.825,Hybrid_WithoutSequence
0.23333333333333334,0.5713272312788832,0.05949938448912597,0.9477124183006536,0.11196911196911195,0.7524512673586001,0.2630257787973396,0.2630257787973396,0.08037904628626984,0.8050579557428873,0.05228758169934641,145,2292,555,8,0.04383543786120084,53840,17.946666666666665,0.013672653257788818,0.8123333333333334,Hybrid_WithoutSequence
0.245,0.574381702101283,0.06,0.9411764705882353,0.11280846063454758,0.7524512673586001,0.2630257787973396,0.2630257787973396,0.08181902706043061,0.7924130663856691,0.058823529411764705,144,2256,591,9,0.04383543786120084,54120,18.04,0.013947082784653855,0.8,Hybrid_WithoutSequence
0.25633333333333336,0.5741681990674739,0.060118543607112614,0.9281045751633987,0.1129224652087475,0.7524512673586001,0.2630257787973396,0.2630257787973396,0.07975113863778317,0.779768177028451,0.0718954248366013,142,2220,627,11,0.04383543786120084,55400,18.466666666666665,0.014254374554296349,0.7873333333333333,Hybrid_WithoutSequence
0.26866666666666666,0.5806662672093776,0.0610752688172043,0.9281045751633987,0.11460855528652139,0.7524512673586001,0.2630257787973396,0.2630257787973396,0.08499591240445557,0.7667720407446434,0.0718954248366013,142,2183,664,11,0.04383543786120084,54660,18.22,0.014508439089837195,0.775,Hybrid_WithoutSequence
0.2813333333333333,0.587339958814576,0.062090074333187584,0.9281045751633987,0.11639344262295083,0.7524512673586001,0.2630257787973396,0.2630257787973396,0.09028270864211797,0.7534246575342466,0.0718954248366013,142,2145,702,11,0.04383543786120084,53900,17.966666666666665,0.014812016622915173,0.7623333333333333,Hybrid_WithoutSequence
0.288,0.59085242808047,0.06263784737538597,0.9281045751633987,0.11735537190082646,0.7524512673586001,0.2630257787973396,0.2630257787973396,0.09303111707930738,0.7463997190024587,0.0718954248366013,142,2125,722,11,0.04383543786120084,53500,17.833333333333332,0.015,0.7556666666666667,Hybrid_WithoutSequence
0.293,0.590394429636976,0.06266666666666666,0.9215686274509803,0.11735330836454431,0.7524512673586001,0.2630257787973396,0.2630257787973396,0.09185212807978062,0.7407797681770284,0.0784313725490196,141,2109,738,12,0.04383543786120084,54180,18.06,0.01516448654083257,0.75,Hybrid_WithoutSequence
0.305,0.5936245239226705,0.06329113924050633,0.9150326797385621,0.11839323467230445,0.7524512673586001,0.2630257787973396,0.2630257787973396,0.09360593742799685,0.7277836318932209,0.08496732026143791,140,2072,775,13,0.04383543786120084,54440,18.14666666666667,0.015437492022147033,0.7373333333333333,Hybrid_WithoutSequence
0.316,0.5932353974255666,0.06344827586206897,0.9019607843137255,0.11855670103092783,0.7524512673586001,0.2630257787973396,0.2630257787973396,0.0918742202346858,0.7154899894625922,0.09803921568627451,138,2037,810,15,0.04383543786120084,55740,18.58,0.01566678161368484,0.725,Hybrid_WithoutSequence
0.328,0.5964654917112613,0.06410856340664482,0.8954248366013072,0.11965065502183404,0.7524512673586001,0.2630257787973396,0.2630257787973396,0.09376349088192862,0.7024938531787847,0.10457516339869281,137,2000,847,16,0.04383543786120084,56000,18.666666666666668,0.01596497425543188,0.7123333333333334,Hybrid_WithoutSequence
0.3403333333333333,0.6029635598531651,0.06523809523809523,0.8954248366013072,0.1216156236129605,0.7524512673586001,0.2630257787973396,0.2630257787973396,0.09886033823000616,0.6894977168949772,0.10457516339869281,137,1963,884,16,0.04383543786120084,55260,18.42,0.016235618088627054,0.7,Hybrid_WithoutSequence
0.35233333333333333,0.6061936541388596,0.06595538312318137,0.8888888888888888,0.12279909706546274,0.7524512673586001,0.2630257787973396,0.2630257787973396,0.10079111745363169,0.6765015806111696,0.1111111111111111,136,1926,921,17,0.04383543786120084,55520,18.506666666666668,0.016478148909670223,0.6873333333333334,Hybrid_WithoutSequence
0.36466666666666664,0.6126917222807633,0.0671604938271605,0.8888888888888888,0.12488521579430671,0.7524512673586001,0.2630257787973396,0.2630257787973396,0.10586359532008409,0.6635054443273621,0.1111111111111111,136,1889,958,17,0.04383543786120084,54780,18.26,0.016872552137969395,0.675,Hybrid_WithoutSequence
0.37733333333333335,0.6193654138859618,0.06844489179667841,0.8888888888888888,0.12710280373831775,0.7524512673586001,0.2630257787973396,0.2630257787973396,0.11105658037442018,0.6501580611169653,0.1111111111111111,136,1851,996,17,0.04383543786120084,54020,18.006666666666668,0.017236460749461495,0.6623333333333333,Hybrid_WithoutSequence
0.3883333333333333,0.6189762873888579,0.06871794871794872,0.8758169934640523,0.1274369947693771,0.7524512673586001,0.2630257787973396,0.2630257787973396,0.10975337960582908,0.6378644186863365,0.12418300653594772,134,1816,1031,19,0.04383543786120084,55320,18.44,0.01752273083505341,0.65,Hybrid_WithoutSequence
0.39966666666666667,0.6187627843550487,0.06903765690376569,0.8627450980392157,0.12784503631961258,0.7524512673586001,0.2630257787973396,0.2630257787973396,0.10869045928722408,0.6252195293291184,0.13725490196078433,132,1780,1067,21,0.04383543786120084,56600,18.866666666666667,0.017856288956979816,0.6373333333333333,Hybrid_WithoutSequence
0.41133333333333333,0.6218172551774486,0.06986666666666666,0.8562091503267973,0.1291913214990138,0.7524512673586001,0.2630257787973396,0.2630257787973396,0.1107136979825278,0.6125746399719002,0.1437908496732026,131,1744,1103,22,0.04383543786120084,56880,18.96,0.01816002477493678,0.625,Hybrid_WithoutSequence
0.4226666666666667,0.6216037521436393,0.07022318998366903,0.8431372549019608,0.12964824120603013,0.7524512673586001,0.2630257787973396,0.2630257787973396,0.10981760920925988,0.5999297506146821,0.1568627450980392,129,1708,1139,24,0.04383543786120084,58160,19.386666666666667,0.018477798349917977,0.6123333333333333,Hybrid_WithoutSequence
0.433,0.6177710283270316,0.07,0.8235294117647058,0.12903225806451613,0.7524512673586001,0.2630257787973396,0.2630257787973396,0.1057745134286516,0.5879873551106428,0.17647058823529413,126,1674,1173,27,0.04383543786120084,60480,20.16,0.018864462145272588,0.6,Hybrid_WithoutSequence
0.44433333333333336,0.6175575252932223,0.07037457434733257,0.8104575163398693,0.12950391644908618,0.7524512673586001,0.2630257787973396,0.2630257787973396,0.105064646932111,0.5753424657534246,0.1895424836601307,124,1638,1209,29,0.04383543786120084,61760,20.586666666666666,0.01921257682166114,0.5873333333333334,Hybrid_WithoutSequence
0.45666666666666667,0.6240555934351261,0.07188405797101449,0.8104575163398693,0.13205537806176784,0.7524512673586001,0.2630257787973396,0.2630257787973396,0.11041705334887526,0.5623463294696172,0.1895424836601307,124,1601,1246,29,0.04383543786120084,61020,20.34,0.019533000825940425,0.575,Hybrid_WithoutSequence
0.4686666666666667,0.6272856877208207,0.07291049199762893,0.803921568627451,0.13369565217391305,0.7524512673586001,0.2630257787973396,0.2630257787973396,0.11289094635067087,0.5493501931858096,0.19607843137254902,123,1564,1283,30,0.04383543786120084,61280,20.426666666666666,0.01990239231514949,0.5623333333333334,Hybrid_WithoutSequence
0.48033333333333333,0.6303401585432207,0.07393939393939394,0.7973856209150327,0.1353300055463117,0.7524512673586001,0.2630257787973396,0.2630257787973396,0.11527598271483575,0.5367053038285915,0.20261437908496732,122,1528,1319,31,0.04383543786120084,61560,20.52,0.020161363937924136,0.55,Hybrid_WithoutSequence
0.49166666666666664,0.6301266555094114,0.07444168734491315,0.7843137254901961,0.13597733711048157,0.7524512673586001,0.2630257787973396,0.2630257787973396,0.11483081855126477,0.5240604144713734,0.21568627450980393,120,1492,1355,33,0.04383543786120084,62840,20.946666666666665,0.02052439818440177,0.5373333333333333,Hybrid_WithoutSequence
0.5033333333333333,0.6331811263318112,0.07555555555555556,0.7777777777777778,0.13773148148148148,0.7524512673586001,0.2630257787973396,0.2630257787973396,0.11734495341050998,0.5114155251141552,0.2222222222222222,119,1456,1391,34,0.04383543786120084,63120,21.04,0.020970450674548776,0.525,Hybrid_WithoutSequence
0.5153333333333333,0.6364112206175059,0.07677293428757319,0.7712418300653595,0.13964497041420118,0.7524512673586001,0.2630257787973396,0.2630257787973396,0.12007716973674128,0.49841938883034775,0.22875816993464052,118,1419,1428,35,0.04383543786120084,63380,21.126666666666665,0.021470975709614388,0.5123333333333333,Hybrid_WithoutSequence
0.527,0.6394656914399057,0.078,0.7647058823529411,0.1415607985480944,0.7524512673586001,0.2630257787973396,0.2630257787973396,0.12272854059064592,0.4857744994731296,0.23529411764705882,117,1383,1464,36,0.04383543786120084,63660,21.22,0.021961706809498535,0.5,Hybrid_WithoutSequence
0.5393333333333333,0.6459637595818095,0.07997265892002735,0.7647058823529411,0.1448019801980198,0.7524512673586001,0.2630257787973396,0.2630257787973396,0.12848587568806333,0.4727783631893221,0.23529411764705882,117,1346,1501,36,0.04383543786120084,62920,20.973333333333333,0.022360572669973645,0.4876666666666667,Hybrid_WithoutSequence
0.552,0.6526374511870079,0.08210526315789474,0.7647058823529411,0.14828897338403044,0.7524512673586001,0.2630257787973396,0.2630257787973396,0.1344877843547732,0.4594309799789252,0.23529411764705882,117,1308,1539,36,0.04383543786120084,62160,20.72,0.02289107777786659,0.475,Hybrid_WithoutSequence
0.5636666666666666,0.655691922009408,0.08357348703170028,0.7581699346405228,0.15055158987670345,0.7524512673586001,0.2630257787973396,0.2630257787973396,0.13739099630411197,0.44678609062170704,0.24183006535947713,116,1272,1575,37,0.04383543786120084,62440,20.813333333333333,0.023407428797562146,0.46266666666666667,Hybrid_WithoutSequence
0.575,0.6554784189755987,0.08444444444444445,0.7450980392156863,0.15169660678642716,0.7524512673586001,0.2630257787973396,0.2630257787973396,0.1375088670957684,0.43414120126448896,0.2549019607843137,114,1236,1611,39,0.04383543786120084,63720,21.24,0.02389773419774221,0.45,Hybrid_WithoutSequence
0.5873333333333334,0.6619764871175025,0.08682406702208682,0.7450980392156863,0.15552523874488405,0.7524512673586001,0.2630257787973396,0.2630257787973396,0.14365856244072467,0.42114506498068144,0.2549019607843137,114,1199,1648,39,0.04383543786120084,62980,20.993333333333332,0.024513116782866086,0.43766666666666665,Hybrid_WithoutSequence
0.6,0.6686501787227008,0.08941176470588236,0.7450980392156863,0.1596638655462185,0.7524512673586001,0.2630257787973396,0.2630257787973396,0.15010895732855423,0.4077976817702845,0.2549019607843137,114,1161,1686,39,0.04383543786120084,62220,20.74,0.024918316460126134,0.425,Hybrid_WithoutSequence
0.602,0.669703919502469,0.08983451536643026,0.7450980392156863,0.16033755274261605,0.7524512673586001,0.2630257787973396,0.2630257787973396,0.15114088908161666,0.40569020021074814,0.2549019607843137,114,1155,1692,39,0.04383543786120084,62100,20.7,0.025,0.423,Hybrid_WithoutSequence
0.6116666666666667,0.6717046495451009,0.0912762520193861,0.738562091503268,0.16247304097771387,0.7524512673586001,0.2630257787973396,0.2630257787973396,0.1534575377974374,0.3951527924130664,0.26143790849673204,113,1125,1722,40,0.04383543786120084,62500,20.833333333333332,0.025423983610849386,0.4126666666666667,Hybrid_WithoutSequence
0.6236666666666667,0.6749347438307953,0.09333333333333334,0.7320261437908496,0.1655580192165558,0.7524512673586001,0.2630257787973396,0.2630257787973396,0.15711535912793864,0.38215665612925886,0.2679738562091503,112,1088,1759,41,0.04383543786120084,62760,20.92,0.025981034395777824,0.4,Hybrid_WithoutSequence
0.6346666666666667,0.6745456173336914,0.09458297506448839,0.7189542483660131,0.16717325227963523,0.7524512673586001,0.2630257787973396,0.2630257787973396,0.1576282150479924,0.3698630136986301,0.28104575163398693,110,1053,1794,43,0.04383543786120084,64060,21.35333333333333,0.026536119762551116,0.38766666666666666,Hybrid_WithoutSequence
0.646,0.6743321142998823,0.096,0.7058823529411765,0.16901408450704228,0.7524512673586001,0.2630257787973396,0.2630257787973396,0.1584418646039709,0.35721812434141204,0.29411764705882354,108,1017,1830,45,0.04383543786120084,65340,21.78,0.02714007500966384,0.375,Hybrid_WithoutSequence
0.657,0.6739429878027783,0.0974264705882353,0.6928104575163399,0.17082997582594683,0.7524512673586001,0.2630257787973396,0.2630257787973396,0.15919080490362628,0.3449244819107833,0.30718954248366015,106,982,1865,47,0.04383543786120084,66640,22.213333333333335,0.027737547933254485,0.3626666666666667,Hybrid_WithoutSequence
0.669,0.6771730820884729,0.1,0.6862745098039216,0.1745635910224439,0.7524512673586001,0.2630257787973396,0.2630257787973396,0.1634388243334271,0.33192834562697576,0.3137254901960784,105,945,1902,48,0.04383543786120084,66900,22.3,0.028557730475958675,0.35,Hybrid_WithoutSequence
0.6813333333333333,0.6836711502303767,0.10365251727541955,0.6862745098039216,0.18010291595197256,0.7524512673586001,0.2630257787973396,0.2630257787973396,0.17088609835935867,0.31893220934316824,0.3137254901960784,105,908,1939,48,0.04383543786120084,66160,22.053333333333335,0.02945946206402244,0.33766666666666667,Hybrid_WithoutSequence
0.6926666666666667,0.6834576471965674,0.10564102564102563,0.673202614379085,0.1826241134751773,0.7524512673586001,0.2630257787973396,0.2630257787973396,0.17234172775179465,0.3062873199859501,0.32679738562091504,103,872,1975,50,0.04383543786120084,67440,22.48,0.03015743583960058,0.325,Hybrid_WithoutSequence
0.7036666666666667,0.6830685206994636,0.10767590618336886,0.6601307189542484,0.1851512373968836,0.7524512673586001,0.2630257787973396,0.2630257787973396,0.17375502257182593,0.2939936775553214,0.33986928104575165,101,837,2010,52,0.04383543786120084,68740,22.913333333333334,0.03108586468401768,0.31266666666666665,Hybrid_WithoutSequence
0.7163333333333334,0.6897422123046619,0.11222222222222222,0.6601307189542484,0.19183285849952517,0.7524512673586001,0.2630257787973396,0.2630257787973396,0.18218075707268694,0.2806462943449245,0.33986928104575165,101,799,2048,52,0.04383543786120084,67980,22.66,0.03223739325943972,0.3,Hybrid_WithoutSequence
0.7273333333333334,0.689353085807558,0.11471610660486674,0.6470588235294118,0.19488188976377951,0.7524512673586001,0.2630257787973396,0.2630257787973396,0.1840493011503448,0.26835265191429575,0.35294117647058826,99,764,2083,54,0.04383543786120084,69280,23.093333333333334,0.03324256997518396,0.2876666666666667,Hybrid_WithoutSequence
0.74,0.6960267774127564,0.12,0.6470588235294118,0.20245398773006135,0.7524512673586001,0.2630257787973396,0.2630257787973396,0.19316491179536432,0.25500526870389884,0.35294117647058826,99,726,2121,54,0.04383543786120084,68520,22.84,0.03418666014218902,0.275,Hybrid_WithoutSequence
0.7483333333333333,0.7004173639951239,0.12375,0.6470588235294118,0.20776495278069254,0.7524512673586001,0.2630257787973396,0.2630257787973396,0.19941069929336513,0.24622409553916402,0.35294117647058826,99,701,2146,54,0.04383543786120084,68020,22.673333333333332,0.034999999999999996,0.26666666666666666,Hybrid_WithoutSequence
0.7516666666666667,0.6990812482351563,0.12436548223350254,0.6405228758169934,0.20828905419766208,0.7524512673586001,0.2630257787973396,0.2630257787973396,0.1990417262979018,0.24236037934668073,0.35947712418300654,98,690,2157,55,0.04383543786120084,68800,22.933333333333334,0.03568853504670789,0.26266666666666666,Hybrid_WithoutSequence
0.763,0.6988677452013472,0.128,0.6274509803921569,0.21262458471760798,0.7524512673586001,0.2630257787973396,0.2630257787973396,0.20207468177551735,0.2297154899894626,0.37254901960784315,96,654,2193,57,0.04383543786120084,70080,23.36,0.037274375406114106,0.25,Hybrid_WithoutSequence
0.7733333333333333,0.6950350213847394,0.13043478260869565,0.6078431372549019,0.21478060046189373,0.7524512673586001,0.2630257787973396,0.2630257787973396,0.2016063466215998,0.21777309448542326,0.39215686274509803,93,620,2227,60,0.04383543786120084,72400,24.133333333333333,0.03855960446642606,0.23766666666666666,Hybrid_WithoutSequence
0.7846666666666666,0.6948215183509301,0.1348148148148148,0.5947712418300654,0.21980676328502413,0.7524512673586001,0.2630257787973396,0.2630257787973396,0.20527828150617178,0.20512820512820512,0.40522875816993464,91,584,2263,62,0.04383543786120084,73680,24.56,0.04006739469561498,0.225,Hybrid_WithoutSequence
0.797,0.7013195864928339,0.1426332288401254,0.5947712418300654,0.2300884955752212,0.7524512673586001,0.2630257787973396,0.2630257787973396,0.2164737239781818,0.19213206884439762,0.40522875816993464,91,547,2300,62,0.04383543786120084,72940,24.313333333333333,0.042188674439016305,0.21266666666666667,Hybrid_WithoutSequence
0.8076666666666666,0.6976624861395208,0.14666666666666667,0.5751633986928104,0.23373173970783528,0.7524512673586001,0.2630257787973396,0.2630257787973396,0.2174264885772554,0.17983842641376888,0.42483660130718953,88,512,2335,65,0.04383543786120084,75240,25.08,0.0438410656102206,0.2,Hybrid_WithoutSequence
0.814,0.694814631156291,0.14904679376083188,0.5620915032679739,0.2356164383561644,0.7524512673586001,0.2630257787973396,0.2630257787973396,0.21748354407170548,0.17246224095539164,0.43790849673202614,86,491,2356,67,0.04383543786120084,76820,25.606666666666666,0.045,0.19233333333333333,Hybrid_WithoutSequence
0.818,0.693829762322913,0.15097690941385436,0.5555555555555556,0.2374301675977654,0.7524512673586001,0.2630257787973396,0.2630257787973396,0.2184278172314619,0.16789603090972954,0.4444444444444444,85,478,2369,68,0.04383543786120084,77560,25.85333333333333,0.04602045148588602,0.18766666666666668,Hybrid_WithoutSequence
0.8293333333333334,0.6936162592891038,0.1580952380952381,0.5424836601307189,0.24483775811209438,0.7524512673586001,0.2630257787973396,0.2630257787973396,0.22420434071258716,0.1552511415525114,0.45751633986928103,83,442,2405,70,0.04383543786120084,78840,26.28,0.04883123342107402,0.175,Hybrid_WithoutSequence
0.8416666666666667,0.7001143274310075,0.17008196721311475,0.5424836601307189,0.25897035881435254,0.7524512673586001,0.2630257787973396,0.2630257787973396,0.23857663001009868,0.1422550052687039,0.45751633986928103,83,405,2442,70,0.04383543786120084,78100,26.033333333333335,0.05178376910218527,0.16266666666666665,Hybrid_WithoutSequence
0.852,0.6962816036143997,0.17738359201773837,0.5228758169934641,0.26490066225165565,0.7524512673586001,0.2630257787973396,0.2630257787973396,0.24164390950300688,0.13031260976466455,0.477124183006536,80,371,2476,73,0.04383543786120084,80420,26.80666666666667,0.055,0.15033333333333335,Hybrid_WithoutSequence
0.8523333333333334,0.6964572270776945,0.17777777777777778,0.5228758169934641,0.26533996683250416,0.7524512673586001,0.2630257787973396,0.2630257787973396,0.24208122446958302,0.12996136283807516,0.477124183006536,80,370,2477,73,0.04383543786120084,80400,26.8,0.0550906007474685,0.15,Hybrid_WithoutSequence
0.8626666666666667,0.6926245032610867,0.1864406779661017,0.5032679738562091,0.2720848056537103,0.7524512673586001,0.2630257787973396,0.2630257787973396,0.24598449664331262,0.11801896733403583,0.49673202614379086,77,336,2511,76,0.04383543786120084,82720,27.573333333333334,0.05880182087489831,0.13766666666666666,Hybrid_WithoutSequence
0.8726666666666667,0.6855238055882698,0.19466666666666665,0.477124183006536,0.27651515151515155,0.7524512673586001,0.2630257787973396,0.2630257787973396,0.24682480420009387,0.10607657182999648,0.5228758169934641,73,302,2545,80,0.04383543786120084,86040,28.68,0.062379393740119846,0.125,Hybrid_WithoutSequence
0.8766666666666667,0.6845389367548916,0.1994459833795014,0.47058823529411764,0.28015564202334636,0.7524512673586001,0.2630257787973396,0.2630257787973396,0.24956527844231108,0.10151036178433438,0.5294117647058824,72,289,2558,81,0.04383543786120084,86780,28.926666666666666,0.065,0.12033333333333333,Hybrid_WithoutSequence
0.883,0.6816910817716619,0.20710059171597633,0.45751633986928103,0.28513238289205706,0.7524512673586001,0.2630257787973396,0.2630257787973396,0.2528370296810259,0.09413417632595715,0.5424836601307189,70,268,2579,83,0.04383543786120084,88360,29.453333333333333,0.06948440547462723,0.11266666666666666,Hybrid_WithoutSequence
0.889,0.6693905521463942,0.20967741935483872,0.42483660130718953,0.28077753779697623,0.7524512673586001,0.2630257787973396,0.2630257787973396,0.24485086430207775,0.08605549701440113,0.5751633986928104,65,245,2602,88,0.04383543786120084,92900,30.966666666666665,0.07500000000000001,0.10333333333333333,Hybrid_WithoutSequence
0.8923333333333333,0.6711467867793411,0.21666666666666667,0.42483660130718953,0.2869757174392936,0.7524512673586001,0.2630257787973396,0.2630257787973396,0.2510126941298396,0.0825430277485072,0.5751633986928104,65,235,2612,88,0.04383543786120084,92700,30.9,0.07804514819587591,0.1,Hybrid_WithoutSequence
0.9003333333333333,0.669177049112585,0.23161764705882354,0.4117647058823529,0.29647058823529415,0.7524512673586001,0.2630257787973396,0.2630257787973396,0.2592413384945871,0.073410607657183,0.5882352941176471,63,209,2638,90,0.04383543786120084,94180,31.393333333333334,0.085,0.09066666666666667,Hybrid_WithoutSequence
0.902,0.6638704656432295,0.23193916349809887,0.39869281045751637,0.2932692307692308,0.7524512673586001,0.2630257787973396,0.2630257787973396,0.2549499079322983,0.07095187917105725,0.6013071895424836,61,202,2645,92,0.04383543786120084,96040,32.013333333333335,0.08740410480982551,0.08766666666666667,Hybrid_WithoutSequence
0.912,0.666046819149156,0.2597402597402597,0.39215686274509803,0.31249999999999994,0.7524512673586001,0.2630257787973396,0.2630257787973396,0.2740517232903985,0.06006322444678609,0.6078431372549019,60,171,2676,93,0.04383543786120084,96420,32.14,0.095,0.077,Hybrid_WithoutSequence
0.914,0.6671005599289241,0.26666666666666666,0.39215686274509803,0.3174603174603175,0.7524512673586001,0.2630257787973396,0.2630257787973396,0.27914162155109046,0.05795574288724974,0.6078431372549019,60,165,2682,93,0.04383543786120084,96300,32.1,0.09738665126080386,0.075,Hybrid_WithoutSequence
0.9216666666666666,0.6618628484059588,0.29081632653061223,0.37254901960784315,0.326647564469914,0.7524512673586001,0.2630257787973396,0.2630257787973396,0.28820372054506266,0.048823322795925536,0.6274509803921569,57,139,2708,96,0.04383543786120084,98780,32.92666666666667,0.10500000000000001,0.06533333333333333,Hybrid_WithoutSequence
0.9236666666666666,0.6598242387928125,0.2978723404255319,0.3660130718954248,0.3284457478005865,0.7524512673586001,0.2630257787973396,0.2630257787973396,0.2901519585961676,0.04636459430979979,0.6339869281045751,56,132,2715,97,0.04383543786120084,99640,33.21333333333333,0.10807613831946376,0.06266666666666666,Hybrid_WithoutSequence
0.9253333333333333,0.6514253049305426,0.2994350282485876,0.3464052287581699,0.3212121212121212,0.7524512673586001,0.2630257787973396,0.2630257787973396,0.2827651151134506,0.04355461889708465,0.6535947712418301,53,124,2723,100,0.04383543786120084,102480,34.16,0.115,0.059,Hybrid_WithoutSequence
0.9276666666666666,0.6310082164232044,0.2948717948717949,0.3006535947712418,0.2977346278317152,0.7524512673586001,0.2630257787973396,0.2630257787973396,0.25962163674468713,0.03863716192483316,0.6993464052287581,46,110,2737,107,0.04383543786120084,109200,36.4,0.125,0.052,Hybrid_WithoutSequence
0.9296666666666666,0.6320619572029725,0.30666666666666664,0.3006535947712418,0.3036303630363036,0.7524512673586001,0.2630257787973396,0.2630257787973396,0.2666116449920922,0.0365296803652968,0.6993464052287581,46,104,2743,107,0.04383543786120084,109080,36.36,0.13148864614934241,0.05,Hybrid_WithoutSequence
0.9306666666666666,0.6325888275928566,0.3129251700680272,0.3006535947712418,0.3066666666666667,0.7524512673586001,0.2630257787973396,0.2630257787973396,0.2702506964669301,0.035475939585528624,0.6993464052287581,46,101,2746,107,0.04383543786120084,109020,36.34,0.135,0.049,Hybrid_WithoutSequence
0.933,0.630725841443005,0.32608695652173914,0.29411764705882354,0.30927835051546393,0.7524512673586001,0.2630257787973396,0.2630257787973396,0.2745721805077936,0.032665964172813484,0.7058823529411765,45,93,2754,108,0.04383543786120084,109860,36.62,0.14500000000000002,0.046,Hybrid_WithoutSequence
0.935,0.6255948814369443,0.3359375,0.28104575163398693,0.30604982206405695,0.7524512673586001,0.2630257787973396,0.2630257787973396,0.2734287533151866,0.02985598876009835,0.7189542483660131,43,85,2762,110,0.04383543786120084,111700,37.233333333333334,0.155,0.042666666666666665,Hybrid_WithoutSequence
0.9376666666666666,0.620815168357473,0.35344827586206895,0.2679738562091503,0.3048327137546469,0.7524512673586001,0.2630257787973396,0.2630257787973396,0.27571747044968314,0.026343519494204427,0.7320261437908496,41,75,2772,112,0.04383543786120084,113500,37.833333333333336,0.165,0.03866666666666667,Hybrid_WithoutSequence
0.9373333333333334,0.6144548441083493,0.34513274336283184,0.2549019607843137,0.2932330827067669,0.7524512673586001,0.2630257787973396,0.2630257787973396,0.26450933834205254,0.02599227256761503,0.7450980392156863,39,74,2773,114,0.04383543786120084,115480,38.49333333333333,0.16681650779250876,0.03766666666666667,Hybrid_WithoutSequence
0.9383333333333334,0.6087970137124045,0.3490566037735849,0.24183006535947713,0.28571428571428575,0.7524512673586001,0.2630257787973396,0.2630257787973396,0.2592890780596522,0.02423603793466807,0.7581699346405228,37,69,2778,116,0.04383543786120084,117380,39.126666666666665,0.17500000000000002,0.035333333333333335,Hybrid_WithoutSequence
0.941,0.6071096510258477,0.375,0.23529411764705882,0.28915662650602403,0.7524512673586001,0.2630257787973396,0.2630257787973396,0.267771361288682,0.02107481559536354,0.7647058823529411,36,60,2787,117,0.04383543786120084,118200,39.4,0.185,0.032,Hybrid_WithoutSequence
0.943,0.6050710414127014,0.3977272727272727,0.22875816993464052,0.2904564315352697,0.7524512673586001,0.2630257787973396,0.2630257787973396,0.2739778542613115,0.018616087109237796,0.7712418300653595,35,53,2794,118,0.04383543786120084,119060,39.68666666666667,0.195,0.029333333333333333,Hybrid_WithoutSequence
0.9436666666666667,0.6054222883392908,0.4069767441860465,0.22875816993464052,0.2928870292887029,0.7524512673586001,0.2630257787973396,0.2630257787973396,0.27797637316459456,0.01791359325605901,0.7712418300653595,35,51,2796,118,0.04383543786120084,119020,39.67333333333333,0.20500000000000002,0.028666666666666667,Hybrid_WithoutSequence
0.9456666666666667,0.6033836787261444,0.4358974358974359,0.2222222222222222,0.29437229437229434,0.7524512673586001,0.2630257787973396,0.2630257787973396,0.28584725051498394,0.015454864769933263,0.7777777777777778,34,44,2803,119,0.04383543786120084,119880,39.96,0.215,0.026,Hybrid_WithoutSequence
0.946,0.6004669517965247,0.44,0.21568627450980393,0.2894736842105263,0.7524512673586001,0.2630257787973396,0.2630257787973396,0.2831386151379789,0.014752370916754479,0.7843137254901961,33,42,2805,120,0.04383543786120084,120840,40.28,0.21668139543324064,0.025,Hybrid_WithoutSequence
0.947,0.5886244206147511,0.453125,0.1895424836601307,0.2672811059907834,0.7524512673586001,0.2630257787973396,0.2630257787973396,0.26987014414283245,0.012293642430628733,0.8104575163398693,29,35,2812,124,0.04383543786120084,124700,41.56666666666667,0.225,0.021333333333333333,Hybrid_WithoutSequence
0.9493333333333334,0.5867614344648994,0.509090909090909,0.1830065359477124,0.2692307692307692,0.7524512673586001,0.2630257787973396,0.2630257787973396,0.2845589004993993,0.009483667017913594,0.8169934640522876,28,27,2820,125,0.04383543786120084,125540,41.846666666666664,0.23500000000000001,0.018333333333333333,Hybrid_WithoutSequence
0.951,0.5876395517813728,0.56,0.1830065359477124,0.27586206896551724,0.7524512673586001,0.2630257787973396,0.2630257787973396,0.3012129103071435,0.007727432384966632,0.8169934640522876,28,22,2825,125,0.04383543786120084,125440,41.81333333333333,0.245,0.016666666666666666,Hybrid_WithoutSequence
0.9513333333333334,0.5754457736730098,0.5853658536585366,0.1568627450980392,0.24742268041237112,0.7524512673586001,0.2630257787973396,0.2630257787973396,0.28591698145552075,0.00597119775201967,0.8431372549019608,24,17,2830,129,0.04383543786120084,129340,43.11333333333334,0.255,0.013666666666666667,Hybrid_WithoutSequence
0.951,0.5690854494238862,0.5789473684210527,0.1437908496732026,0.23036649214659685,0.7524512673586001,0.2630257787973396,0.2630257787973396,0.27181392786838676,0.005619950825430277,0.8562091503267973,22,16,2831,131,0.04383543786120084,131320,43.77333333333333,0.26106967597615083,0.012666666666666666,Hybrid_WithoutSequence
0.9503333333333334,0.5625495017114679,0.5555555555555556,0.13071895424836602,0.21164021164021166,0.7524512673586001,0.2630257787973396,0.2630257787973396,0.2527568585138996,0.005619950825430277,0.869281045751634,20,16,2831,133,0.04383543786120084,133320,44.44,0.265,0.012,Hybrid_WithoutSequence
0.9516666666666667,0.5570672947788178,0.6428571428571429,0.11764705882352941,0.19889502762430938,0.7524512673586001,0.2630257787973396,0.2630257787973396,0.26112792164713033,0.0035124692658939235,0.8823529411764706,18,10,2837,135,0.04383543786120084,135200,45.06666666666667,0.275,0.009333333333333334,Hybrid_WithoutSequence
0.9513333333333334,0.5507069705296942,0.64,0.10457516339869281,0.17977528089887643,0.7524512673586001,0.2630257787973396,0.2630257787973396,0.24542772394602053,0.003161222339304531,0.8954248366013072,16,9,2838,137,0.04383543786120084,137180,45.72666666666667,0.28500000000000003,0.008333333333333333,Hybrid_WithoutSequence
0.9513333333333334,0.5414299193509508,0.6842105263157895,0.08496732026143791,0.1511627906976744,0.7524512673586001,0.2630257787973396,0.2630257787973396,0.22978715281830125,0.002107481559536354,0.9150326797385621,13,6,2841,140,0.04383543786120084,140120,46.70666666666666,0.295,0.006333333333333333,Hybrid_WithoutSequence
0.9503333333333334,0.5285336473894089,0.6428571428571429,0.058823529411764705,0.10778443113772455,0.7524512673586001,0.2630257787973396,0.2630257787973396,0.18421195649209574,0.0017562346329469617,0.9411764705882353,9,5,2842,144,0.04383543786120084,144100,48.03333333333333,0.305,0.004666666666666667,Hybrid_WithoutSequence
0.95,0.5221733231402853,0.6363636363636364,0.0457516339869281,0.08536585365853658,0.7524512673586001,0.2630257787973396,0.2630257787973396,0.16141389995916336,0.0014049877063575693,0.954248366013072,7,4,2843,146,0.04383543786120084,146080,48.693333333333335,0.315,0.0036666666666666666,Hybrid_WithoutSequence
0.9493333333333334,0.515637375427867,0.5555555555555556,0.032679738562091505,0.0617283950617284,0.7524512673586001,0.2630257787973396,0.2630257787973396,0.12580672194575546,0.0014049877063575693,0.9673202614379085,5,4,2843,148,0.04383543786120084,148080,49.36,0.325,0.003,Hybrid_WithoutSequence
0.949,0.5061847007858289,0.5,0.013071895424836602,0.02547770700636943,0.7524512673586001,0.2630257787973396,0.2630257787973396,0.07457396556973096,0.0007024938531787847,0.9869281045751634,2,2,2845,151,0.04383543786120084,151040,50.346666666666664,0.335,0.0013333333333333333,Hybrid_WithoutSequence
0.9486666666666667,0.5029167269296198,0.3333333333333333,0.006535947712418301,0.01282051282051282,0.7524512673586001,0.2630257787973396,0.2630257787973396,0.040603289275935706,0.0007024938531787847,0.9934640522875817,1,2,2845,152,0.04383543786120084,152040,50.68,0.34500000000000003,0.001,Hybrid_WithoutSequence
0.9493333333333334,0.5032679738562091,1.0,0.006535947712418301,0.012987012987012988,0.7524512673586001,0.2630257787973396,0.2630257787973396,0.07876980770968345,0.0,0.9934640522875817,1,0,2847,152,0.04383543786120084,152000,50.666666666666664,0.35500000000000004,0.0003333333333333333,Hybrid_WithoutSequence
0.9493333333333334,0.5032679738562091,1.0,0.006535947712418301,0.012987012987012988,0.7524512673586001,0.2630257787973396,0.2630257787973396,0.07876980770968345,0.0,0.9934640522875817,1,0,2847,152,0.04383543786120084,152000,50.666666666666664,0.365,0.0003333333333333333,Hybrid_WithoutSequence
0.9493333333333334,0.5032679738562091,1.0,0.006535947712418301,0.012987012987012988,0.7524512673586001,0.2630257787973396,0.2630257787973396,0.07876980770968345,0.0,0.9934640522875817,1,0,2847,152,0.04383543786120084,152000,50.666666666666664,0.3703822836870886,0.0003333333333333333,Hybrid_WithoutSequence
0.949,0.5,0.0,0.0,0.0,0.7524512673586001,0.2630257787973396,0.2630257787973396,0.0,0.0,1.0,0,0,2847,153,0.04383543786120084,153000,51.0,0.375,0.0,Hybrid_WithoutSequence
0.949,0.5,0.0,0.0,0.0,0.7524512673586001,0.2630257787973396,0.2630257787973396,0.0,0.0,1.0,0,0,2847,153,0.04383543786120084,153000,51.0,0.385,0.0,Hybrid_WithoutSequence
0.949,0.5,0.0,0.0,0.0,0.7524512673586001,0.2630257787973396,0.2630257787973396,0.0,0.0,1.0,0,0,2847,153,0.04383543786120084,153000,51.0,0.395,0.0,Hybrid_WithoutSequence
0.949,0.5,0.0,0.0,0.0,0.7524512673586001,0.2630257787973396,0.2630257787973396,0.0,0.0,1.0,0,0,2847,153,0.04383543786120084,153000,51.0,0.405,0.0,Hybrid_WithoutSequence
0.949,0.5,0.0,0.0,0.0,0.7524512673586001,0.2630257787973396,0.2630257787973396,0.0,0.0,1.0,0,0,2847,153,0.04383543786120084,153000,51.0,0.41500000000000004,0.0,Hybrid_WithoutSequence
0.949,0.5,0.0,0.0,0.0,0.7524512673586001,0.2630257787973396,0.2630257787973396,0.0,0.0,1.0,0,0,2847,153,0.04383543786120084,153000,51.0,0.425,0.0,Hybrid_WithoutSequence
0.949,0.5,0.0,0.0,0.0,0.7524512673586001,0.2630257787973396,0.2630257787973396,0.0,0.0,1.0,0,0,2847,153,0.04383543786120084,153000,51.0,0.435,0.0,Hybrid_WithoutSequence
0.949,0.5,0.0,0.0,0.0,0.7524512673586001,0.2630257787973396,0.2630257787973396,0.0,0.0,1.0,0,0,2847,153,0.04383543786120084,153000,51.0,0.445,0.0,Hybrid_WithoutSequence
0.949,0.5,0.0,0.0,0.0,0.7524512673586001,0.2630257787973396,0.2630257787973396,0.0,0.0,1.0,0,0,2847,153,0.04383543786120084,153000,51.0,0.455,0.0,Hybrid_WithoutSequence
0.949,0.5,0.0,0.0,0.0,0.7524512673586001,0.2630257787973396,0.2630257787973396,0.0,0.0,1.0,0,0,2847,153,0.04383543786120084,153000,51.0,0.465,0.0,Hybrid_WithoutSequence
0.949,0.5,0.0,0.0,0.0,0.7524512673586001,0.2630257787973396,0.2630257787973396,0.0,0.0,1.0,0,0,2847,153,0.04383543786120084,153000,51.0,0.47500000000000003,0.0,Hybrid_WithoutSequence
0.949,0.5,0.0,0.0,0.0,0.7524512673586001,0.2630257787973396,0.2630257787973396,0.0,0.0,1.0,0,0,2847,153,0.04383543786120084,153000,51.0,0.485,0.0,Hybrid_WithoutSequence
0.949,0.5,0.0,0.0,0.0,0.7524512673586001,0.2630257787973396,0.2630257787973396,0.0,0.0,1.0,0,0,2847,153,0.04383543786120084,153000,51.0,0.495,0.0,Hybrid_WithoutSequence
0.949,0.5,0.0,0.0,0.0,0.7524512673586001,0.2630257787973396,0.2630257787973396,0.0,0.0,1.0,0,0,2847,153,0.04383543786120084,153000,51.0,0.505,0.0,Hybrid_WithoutSequence
0.949,0.5,0.0,0.0,0.0,0.7524512673586001,0.2630257787973396,0.2630257787973396,0.0,0.0,1.0,0,0,2847,153,0.04383543786120084,153000,51.0,0.515,0.0,Hybrid_WithoutSequence
0.949,0.5,0.0,0.0,0.0,0.7524512673586001,0.2630257787973396,0.2630257787973396,0.0,0.0,1.0,0,0,2847,153,0.04383543786120084,153000,51.0,0.525,0.0,Hybrid_WithoutSequence
0.949,0.5,0.0,0.0,0.0,0.7524512673586001,0.2630257787973396,0.2630257787973396,0.0,0.0,1.0,0,0,2847,153,0.04383543786120084,153000,51.0,0.535,0.0,Hybrid_WithoutSequence
0.949,0.5,0.0,0.0,0.0,0.7524512673586001,0.2630257787973396,0.2630257787973396,0.0,0.0,1.0,0,0,2847,153,0.04383543786120084,153000,51.0,0.545,0.0,Hybrid_WithoutSequence
0.949,0.5,0.0,0.0,0.0,0.7524512673586001,0.2630257787973396,0.2630257787973396,0.0,0.0,1.0,0,0,2847,153,0.04383543786120084,153000,51.0,0.555,0.0,Hybrid_WithoutSequence
0.949,0.5,0.0,0.0,0.0,0.7524512673586001,0.2630257787973396,0.2630257787973396,0.0,0.0,1.0,0,0,2847,153,0.04383543786120084,153000,51.0,0.5650000000000001,0.0,Hybrid_WithoutSequence
0.949,0.5,0.0,0.0,0.0,0.7524512673586001,0.2630257787973396,0.2630257787973396,0.0,0.0,1.0,0,0,2847,153,0.04383543786120084,153000,51.0,0.5750000000000001,0.0,Hybrid_WithoutSequence
0.949,0.5,0.0,0.0,0.0,0.7524512673586001,0.2630257787973396,0.2630257787973396,0.0,0.0,1.0,0,0,2847,153,0.04383543786120084,153000,51.0,0.585,0.0,Hybrid_WithoutSequence
0.949,0.5,0.0,0.0,0.0,0.7524512673586001,0.2630257787973396,0.2630257787973396,0.0,0.0,1.0,0,0,2847,153,0.04383543786120084,153000,51.0,0.595,0.0,Hybrid_WithoutSequence
0.949,0.5,0.0,0.0,0.0,0.7524512673586001,0.2630257787973396,0.2630257787973396,0.0,0.0,1.0,0,0,2847,153,0.04383543786120084,153000,51.0,0.605,0.0,Hybrid_WithoutSequence
0.949,0.5,0.0,0.0,0.0,0.7524512673586001,0.2630257787973396,0.2630257787973396,0.0,0.0,1.0,0,0,2847,153,0.04383543786120084,153000,51.0,0.615,0.0,Hybrid_WithoutSequence
0.949,0.5,0.0,0.0,0.0,0.7524512673586001,0.2630257787973396,0.2630257787973396,0.0,0.0,1.0,0,0,2847,153,0.04383543786120084,153000,51.0,0.625,0.0,Hybrid_WithoutSequence
0.949,0.5,0.0,0.0,0.0,0.7524512673586001,0.2630257787973396,0.2630257787973396,0.0,0.0,1.0,0,0,2847,153,0.04383543786120084,153000,51.0,0.635,0.0,Hybrid_WithoutSequence
0.949,0.5,0.0,0.0,0.0,0.7524512673586001,0.2630257787973396,0.2630257787973396,0.0,0.0,1.0,0,0,2847,153,0.04383543786120084,153000,51.0,0.645,0.0,Hybrid_WithoutSequence
0.949,0.5,0.0,0.0,0.0,0.7524512673586001,0.2630257787973396,0.2630257787973396,0.0,0.0,1.0,0,0,2847,153,0.04383543786120084,153000,51.0,0.655,0.0,Hybrid_WithoutSequence
0.949,0.5,0.0,0.0,0.0,0.7524512673586001,0.2630257787973396,0.2630257787973396,0.0,0.0,1.0,0,0,2847,153,0.04383543786120084,153000,51.0,0.665,0.0,Hybrid_WithoutSequence
0.949,0.5,0.0,0.0,0.0,0.7524512673586001,0.2630257787973396,0.2630257787973396,0.0,0.0,1.0,0,0,2847,153,0.04383543786120084,153000,51.0,0.675,0.0,Hybrid_WithoutSequence
0.949,0.5,0.0,0.0,0.0,0.7524512673586001,0.2630257787973396,0.2630257787973396,0.0,0.0,1.0,0,0,2847,153,0.04383543786120084,153000,51.0,0.685,0.0,Hybrid_WithoutSequence
0.949,0.5,0.0,0.0,0.0,0.7524512673586001,0.2630257787973396,0.2630257787973396,0.0,0.0,1.0,0,0,2847,153,0.04383543786120084,153000,51.0,0.6950000000000001,0.0,Hybrid_WithoutSequence
0.949,0.5,0.0,0.0,0.0,0.7524512673586001,0.2630257787973396,0.2630257787973396,0.0,0.0,1.0,0,0,2847,153,0.04383543786120084,153000,51.0,0.7050000000000001,0.0,Hybrid_WithoutSequence
0.949,0.5,0.0,0.0,0.0,0.7524512673586001,0.2630257787973396,0.2630257787973396,0.0,0.0,1.0,0,0,2847,153,0.04383543786120084,153000,51.0,0.715,0.0,Hybrid_WithoutSequence
0.949,0.5,0.0,0.0,0.0,0.7524512673586001,0.2630257787973396,0.2630257787973396,0.0,0.0,1.0,0,0,2847,153,0.04383543786120084,153000,51.0,0.725,0.0,Hybrid_WithoutSequence
0.949,0.5,0.0,0.0,0.0,0.7524512673586001,0.2630257787973396,0.2630257787973396,0.0,0.0,1.0,0,0,2847,153,0.04383543786120084,153000,51.0,0.735,0.0,Hybrid_WithoutSequence
0.949,0.5,0.0,0.0,0.0,0.7524512673586001,0.2630257787973396,0.2630257787973396,0.0,0.0,1.0,0,0,2847,153,0.04383543786120084,153000,51.0,0.745,0.0,Hybrid_WithoutSequence
0.949,0.5,0.0,0.0,0.0,0.7524512673586001,0.2630257787973396,0.2630257787973396,0.0,0.0,1.0,0,0,2847,153,0.04383543786120084,153000,51.0,0.755,0.0,Hybrid_WithoutSequence
0.949,0.5,0.0,0.0,0.0,0.7524512673586001,0.2630257787973396,0.2630257787973396,0.0,0.0,1.0,0,0,2847,153,0.04383543786120084,153000,51.0,0.765,0.0,Hybrid_WithoutSequence
0.949,0.5,0.0,0.0,0.0,0.7524512673586001,0.2630257787973396,0.2630257787973396,0.0,0.0,1.0,0,0,2847,153,0.04383543786120084,153000,51.0,0.775,0.0,Hybrid_WithoutSequence
0.949,0.5,0.0,0.0,0.0,0.7524512673586001,0.2630257787973396,0.2630257787973396,0.0,0.0,1.0,0,0,2847,153,0.04383543786120084,153000,51.0,0.785,0.0,Hybrid_WithoutSequence
0.949,0.5,0.0,0.0,0.0,0.7524512673586001,0.2630257787973396,0.2630257787973396,0.0,0.0,1.0,0,0,2847,153,0.04383543786120084,153000,51.0,0.795,0.0,Hybrid_WithoutSequence
0.949,0.5,0.0,0.0,0.0,0.7524512673586001,0.2630257787973396,0.2630257787973396,0.0,0.0,1.0,0,0,2847,153,0.04383543786120084,153000,51.0,0.805,0.0,Hybrid_WithoutSequence
0.949,0.5,0.0,0.0,0.0,0.7524512673586001,0.2630257787973396,0.2630257787973396,0.0,0.0,1.0,0,0,2847,153,0.04383543786120084,153000,51.0,0.8150000000000001,0.0,Hybrid_WithoutSequence
0.949,0.5,0.0,0.0,0.0,0.7524512673586001,0.2630257787973396,0.2630257787973396,0.0,0.0,1.0,0,0,2847,153,0.04383543786120084,153000,51.0,0.8250000000000001,0.0,Hybrid_WithoutSequence
0.949,0.5,0.0,0.0,0.0,0.7524512673586001,0.2630257787973396,0.2630257787973396,0.0,0.0,1.0,0,0,2847,153,0.04383543786120084,153000,51.0,0.8350000000000001,0.0,Hybrid_WithoutSequence
0.949,0.5,0.0,0.0,0.0,0.7524512673586001,0.2630257787973396,0.2630257787973396,0.0,0.0,1.0,0,0,2847,153,0.04383543786120084,153000,51.0,0.845,0.0,Hybrid_WithoutSequence
0.949,0.5,0.0,0.0,0.0,0.7524512673586001,0.2630257787973396,0.2630257787973396,0.0,0.0,1.0,0,0,2847,153,0.04383543786120084,153000,51.0,0.855,0.0,Hybrid_WithoutSequence
0.949,0.5,0.0,0.0,0.0,0.7524512673586001,0.2630257787973396,0.2630257787973396,0.0,0.0,1.0,0,0,2847,153,0.04383543786120084,153000,51.0,0.865,0.0,Hybrid_WithoutSequence
0.949,0.5,0.0,0.0,0.0,0.7524512673586001,0.2630257787973396,0.2630257787973396,0.0,0.0,1.0,0,0,2847,153,0.04383543786120084,153000,51.0,0.875,0.0,Hybrid_WithoutSequence
0.949,0.5,0.0,0.0,0.0,0.7524512673586001,0.2630257787973396,0.2630257787973396,0.0,0.0,1.0,0,0,2847,153,0.04383543786120084,153000,51.0,0.885,0.0,Hybrid_WithoutSequence
0.949,0.5,0.0,0.0,0.0,0.7524512673586001,0.2630257787973396,0.2630257787973396,0.0,0.0,1.0,0,0,2847,153,0.04383543786120084,153000,51.0,0.895,0.0,Hybrid_WithoutSequence
0.949,0.5,0.0,0.0,0.0,0.7524512673586001,0.2630257787973396,0.2630257787973396,0.0,0.0,1.0,0,0,2847,153,0.04383543786120084,153000,51.0,0.905,0.0,Hybrid_WithoutSequence
0.949,0.5,0.0,0.0,0.0,0.7524512673586001,0.2630257787973396,0.2630257787973396,0.0,0.0,1.0,0,0,2847,153,0.04383543786120084,153000,51.0,0.915,0.0,Hybrid_WithoutSequence
0.949,0.5,0.0,0.0,0.0,0.7524512673586001,0.2630257787973396,0.2630257787973396,0.0,0.0,1.0,0,0,2847,153,0.04383543786120084,153000,51.0,0.925,0.0,Hybrid_WithoutSequence
0.949,0.5,0.0,0.0,0.0,0.7524512673586001,0.2630257787973396,0.2630257787973396,0.0,0.0,1.0,0,0,2847,153,0.04383543786120084,153000,51.0,0.935,0.0,Hybrid_WithoutSequence
0.949,0.5,0.0,0.0,0.0,0.7524512673586001,0.2630257787973396,0.2630257787973396,0.0,0.0,1.0,0,0,2847,153,0.04383543786120084,153000,51.0,0.9450000000000001,0.0,Hybrid_WithoutSequence
0.949,0.5,0.0,0.0,0.0,0.7524512673586001,0.2630257787973396,0.2630257787973396,0.0,0.0,1.0,0,0,2847,153,0.04383543786120084,153000,51.0,0.9550000000000001,0.0,Hybrid_WithoutSequence
0.949,0.5,0.0,0.0,0.0,0.7524512673586001,0.2630257787973396,0.2630257787973396,0.0,0.0,1.0,0,0,2847,153,0.04383543786120084,153000,51.0,0.965,0.0,Hybrid_WithoutSequence
0.949,0.5,0.0,0.0,0.0,0.7524512673586001,0.2630257787973396,0.2630257787973396,0.0,0.0,1.0,0,0,2847,153,0.04383543786120084,153000,51.0,0.975,0.0,Hybrid_WithoutSequence
0.949,0.5,0.0,0.0,0.0,0.7524512673586001,0.2630257787973396,0.2630257787973396,0.0,0.0,1.0,0,0,2847,153,0.04383543786120084,153000,51.0,0.985,0.0,Hybrid_WithoutSequence
0.949,0.5,0.0,0.0,0.0,0.7524512673586001,0.2630257787973396,0.2630257787973396,0.0,0.0,1.0,0,0,2847,153,0.04383543786120084,153000,51.0,0.995,0.0,Hybrid_WithoutSequence
0.949,0.5,0.0,0.0,0.0,0.7524512673586001,0.2630257787973396,0.2630257787973396,0.0,0.0,1.0,0,0,2847,153,0.04383543786120084,153000,51.0,1.000001,0.0,Hybrid_WithoutSequence
0.051,0.5,0.051,1.0,0.09705042816365367,0.7411447894928959,0.2576582348522298,0.2576582348522298,0.0,1.0,0.0,153,2847,0,0,0.043545116120078414,56940,18.98,0.004314691551435253,1.0,WithoutGraphFeatures
0.052,0.5005268703898841,0.05105105105105105,1.0,0.09714285714285714,0.7411447894928959,0.2576582348522298,0.2576582348522298,0.007334478464248126,0.9989462592202318,0.0,153,2844,3,0,0.043545116120078414,56880,18.96,0.005,0.999,WithoutGraphFeatures
0.063,0.5032300942856947,0.05131667792032411,0.9934640522875817,0.09759229534510434,0.7411447894928959,0.2576582348522298,0.2576582348522298,0.012708676320433994,0.9870038637161925,0.006535947712418301,152,2810,37,1,0.043545116120078414,57200,19.066666666666666,0.008384901352540438,0.9873333333333333,WithoutGraphFeatures
0.07533333333333334,0.5097281624275983,0.051965811965811966,0.9934640522875817,0.09876543209876543,0.7411447894928959,0.2576582348522298,0.2576582348522298,0.027416164105048515,0.974007727432385,0.006535947712418301,152,2773,74,1,0.043545116120078414,56460,18.82,0.009454198488556989,0.975,WithoutGraphFeatures
0.08733333333333333,0.512958256713293,0.05230342916522342,0.9869281045751634,0.0993421052631579,0.7411447894928959,0.2576582348522298,0.2576582348522298,0.02994700605292727,0.9610115911485775,0.013071895424836602,151,2736,111,2,0.043545116120078414,56720,18.906666666666666,0.010312997062650752,0.9623333333333334,WithoutGraphFeatures
0.099,0.5160127275356928,0.05263157894736842,0.9803921568627451,0.09990009990009989,0.7411447894928959,0.2576582348522298,0.2576582348522298,0.032327096459275846,0.9483667017913593,0.0196078431372549,150,2700,147,3,0.043545116120078414,57000,19.0,0.01089405377518174,0.95,WithoutGraphFeatures
0.11166666666666666,0.5226864191408913,0.05334281650071124,0.9803921568627451,0.10118043844856661,0.7411447894928959,0.2576582348522298,0.2576582348522298,0.04118592396861915,0.9350193185809624,0.0196078431372549,150,2662,185,3,0.043545116120078414,56240,18.746666666666666,0.011441670035265935,0.9373333333333334,WithoutGraphFeatures
0.12333333333333334,0.5257408899632913,0.05369369369369369,0.9738562091503268,0.10177595628415301,0.7411447894928959,0.2576582348522298,0.2576582348522298,0.043000177662944894,0.9223744292237442,0.026143790849673203,149,2626,221,4,0.043545116120078414,56520,18.84,0.012089860311383342,0.925,WithoutGraphFeatures
0.13533333333333333,0.5289709842489858,0.05407380343441724,0.9673202614379085,0.10242214532871972,0.7411447894928959,0.2576582348522298,0.2576582348522298,0.04507309927993834,0.9093782929399368,0.032679738562091505,148,2589,258,5,0.043545116120078414,56780,18.926666666666666,0.012792042530661674,0.9123333333333333,WithoutGraphFeatures
0.147,0.5320254550713858,0.05444444444444444,0.9607843137254902,0.10304942166140904,0.7411447894928959,0.2576582348522298,0.2576582348522298,0.04697018220135832,0.8967334035827187,0.0392156862745098,147,2553,294,6,0.043545116120078414,57060,19.02,0.013241929088632108,0.9,WithoutGraphFeatures
0.15833333333333333,0.5318119520375765,0.05447032306536439,0.9477124183006536,0.10301953818827708,0.7411447894928959,0.2576582348522298,0.2576582348522298,0.04426876312864026,0.8840885142255005,0.05228758169934641,145,2517,330,8,0.043545116120078414,58340,19.446666666666665,0.0137233972042875,0.8873333333333333,WithoutGraphFeatures
0.17,0.5348664228599764,0.054857142857142854,0.9411764705882353,0.10367170626349892,0.7411447894928959,0.2576582348522298,0.2576582348522298,0.046387028167535045,0.8714436248682824,0.058823529411764705,144,2481,366,9,0.043545116120078414,58620,19.54,0.014143032913815981,0.875,WithoutGraphFeatures
0.18266666666666667,0.5415401144651749,0.05566293003478933,0.9411764705882353,0.10510948905109489,0.7411447894928959,0.2576582348522298,0.2576582348522298,0.053047374421371904,0.8580962416578855,0.058823529411764705,144,2443,404,9,0.043545116120078414,57860,19.286666666666665,0.01469173339881866,0.8623333333333333,WithoutGraphFeatures
0.19166666666666668,0.5400972471883028,0.05555555555555555,0.9281045751633987,0.10483573274270948,0.7411447894928959,0.2576582348522298,0.2576582348522298,0.0496834897247753,0.8479100807867931,0.0718954248366013,142,2414,433,11,0.043545116120078414,59280,19.76,0.015,0.852,WithoutGraphFeatures
0.19366666666666665,0.5411509879680709,0.05568627450980392,0.9281045751633987,0.10506844247132816,0.7411447894928959,0.2576582348522298,0.2576582348522298,0.050707635975662003,0.8458025992272568,0.0718954248366013,142,2408,439,11,0.043545116120078414,59160,19.72,0.015056899954864035,0.85,WithoutGraphFeatures
0.20633333333333334,0.5478246795732694,0.05652866242038217,0.9281045751633987,0.10656660412757975,0.7411447894928959,0.2576582348522298,0.2576582348522298,0.05701666157730332,0.8324552160168599,0.0718954248366013,142,2370,477,11,0.043545116120078414,58400,19.466666666666665,0.015541075527541193,0.8373333333333334,WithoutGraphFeatures
0.218,0.5508791503956693,0.05696969696969697,0.9215686274509803,0.10730593607305935,0.7411447894928959,0.2576582348522298,0.2576582348522298,0.05891719224594887,0.8198103266596417,0.0784313725490196,141,2334,513,12,0.043545116120078414,58680,19.56,0.01596756513968661,0.825,WithoutGraphFeatures
0.23066666666666666,0.5575528420008677,0.05785802215839146,0.9215686274509803,0.10888030888030889,0.7411447894928959,0.2576582348522298,0.2576582348522298,0.06485661181781624,0.8064629434492449,0.0784313725490196,141,2296,551,12,0.043545116120078414,57920,19.30666666666667,0.016253972994910357,0.8123333333333334,WithoutGraphFeatures
0.243,0.5640509101427715,0.05875,0.9215686274509803,0.11045828437132785,0.7411447894928959,0.2576582348522298,0.2576582348522298,0.07045527330203748,0.7934668071654373,0.0784313725490196,141,2259,588,12,0.043545116120078414,57180,19.06,0.016585004305636548,0.8,WithoutGraphFeatures
0.25433333333333336,0.5638374071089622,0.05884843353090601,0.9084967320261438,0.11053677932405567,0.7411447894928959,0.2576582348522298,0.2576582348522298,0.06864270628968448,0.7808219178082192,0.0915032679738562,139,2223,624,14,0.043545116120078414,58460,19.486666666666668,0.01689703970166085,0.7873333333333333,WithoutGraphFeatures
0.26666666666666666,0.570335475250866,0.05978494623655914,0.9084967320261438,0.11218724778046811,0.7411447894928959,0.2576582348522298,0.2576582348522298,0.07411063013280704,0.7678257815244116,0.0915032679738562,139,2186,661,14,0.043545116120078414,57720,19.24,0.01725613622048669,0.775,WithoutGraphFeatures
0.2793333333333333,0.5770091668560645,0.06077831219938785,0.9084967320261438,0.1139344262295082,0.7411447894928959,0.2576582348522298,0.2576582348522298,0.0796038407666161,0.7544783983140148,0.0915032679738562,139,2148,699,14,0.043545116120078414,56960,18.986666666666668,0.017618563094635588,0.7623333333333333,WithoutGraphFeatures
0.291,0.5800636376784645,0.06133333333333333,0.9019607843137255,0.11485642946317104,0.7411447894928959,0.2576582348522298,0.2576582348522298,0.08135474201351997,0.7418335089567967,0.09803921568627451,138,2112,735,15,0.043545116120078414,57240,19.08,0.017945009422616558,0.75,WithoutGraphFeatures
0.30366666666666664,0.5867373292836628,0.06238698010849909,0.9019607843137255,0.11670190274841437,0.7411447894928959,0.2576582348522298,0.2576582348522298,0.086720110046211,0.7284861257463997,0.09803921568627451,138,2074,773,15,0.043545116120078414,56480,18.826666666666668,0.01831433892602391,0.7373333333333333,WithoutGraphFeatures
0.31533333333333335,0.5897918001060628,0.06298850574712643,0.8954248366013072,0.1176975945017182,0.7411447894928959,0.2576582348522298,0.2576582348522298,0.08848089723432806,0.7158412363891816,0.10457516339869281,137,2038,809,16,0.043545116120078414,56760,18.92,0.018690095415062995,0.725,WithoutGraphFeatures
0.32666666666666666,0.5895782970722535,0.06317267197005147,0.8823529411764706,0.11790393013100435,0.7411447894928959,0.2576582348522298,0.2576582348522298,0.08706920673657263,0.7031963470319634,0.11764705882352941,135,2002,845,18,0.043545116120078414,58040,19.346666666666668,0.01904736460567958,0.7123333333333334,WithoutGraphFeatures
0.3383333333333333,0.5926327678946535,0.06380952380952382,0.8758169934640523,0.11895250776742124,0.7411447894928959,0.2576582348522298,0.2576582348522298,0.08894124074873463,0.6905514576747454,0.12418300653594772,134,1966,881,19,0.043545116120078414,58320,19.44,0.019426178520656617,0.7,WithoutGraphFeatures
0.35033333333333333,0.5958628621803481,0.06450048496605237,0.869281045751634,0.12009029345372459,0.7411447894928959,0.2576582348522298,0.2576582348522298,0.0909858981670082,0.6775553213909379,0.13071895424836602,133,1929,918,20,0.043545116120078414,58580,19.526666666666667,0.019841494479881892,0.6873333333333334,WithoutGraphFeatures
0.3626666666666667,0.6023609303222519,0.06567901234567901,0.869281045751634,0.12213039485766758,0.7411447894928959,0.2576582348522298,0.2576582348522298,0.09615875846873949,0.6645591851071303,0.13071895424836602,133,1892,955,20,0.043545116120078414,57840,19.28,0.02022961414482363,0.675,WithoutGraphFeatures
0.37466666666666665,0.6055910246079464,0.06643180674383492,0.8627450980392157,0.12336448598130839,0.7411447894928959,0.2576582348522298,0.2576582348522298,0.09824100406833933,0.6515630488233228,0.13725490196078433,132,1855,992,21,0.043545116120078414,58100,19.366666666666667,0.02054997207134102,0.6623333333333333,WithoutGraphFeatures
0.38566666666666666,0.6052018981108425,0.06666666666666667,0.8496732026143791,0.12363290537327627,0.7411447894928959,0.2576582348522298,0.2576582348522298,0.09704676546911949,0.639269406392694,0.1503267973856209,130,1820,1027,23,0.043545116120078414,59400,19.8,0.020873887883724195,0.65,WithoutGraphFeatures
0.3983333333333333,0.611875589716041,0.06799163179916318,0.8496732026143791,0.12590799031476996,0.7411447894928959,0.2576582348522298,0.2576582348522298,0.1023873707180276,0.6259220231822972,0.1503267973856209,130,1782,1065,23,0.043545116120078414,58640,19.546666666666667,0.021220377219465642,0.6373333333333333,WithoutGraphFeatures
0.4093333333333333,0.6114864632189371,0.06826666666666667,0.8366013071895425,0.126232741617357,0.7411447894928959,0.2576582348522298,0.2576582348522298,0.10132455045044064,0.6136283807516684,0.16339869281045752,128,1747,1100,25,0.043545116120078414,59940,19.98,0.02155696102958942,0.625,WithoutGraphFeatures
0.422,0.6181601548241356,0.06967882416984214,0.8366013071895425,0.12864321608040202,0.7411447894928959,0.2576582348522298,0.2576582348522298,0.10670777404347788,0.6002809975412715,0.16339869281045752,128,1709,1138,25,0.043545116120078414,59180,19.726666666666667,0.021987169685797357,0.6123333333333333,WithoutGraphFeatures
0.43366666666666664,0.6212146256465354,0.07055555555555555,0.8300653594771242,0.1300563236047107,0.7411447894928959,0.2576582348522298,0.2576582348522298,0.10886733545872913,0.5876361081840534,0.16993464052287582,127,1673,1174,26,0.043545116120078414,59460,19.82,0.022399511636953716,0.6,WithoutGraphFeatures
0.44633333333333336,0.6278883172517339,0.0720771850170261,0.8300653594771242,0.13263707571801567,0.7411447894928959,0.2576582348522298,0.2576582348522298,0.11429758210102343,0.5742887249736565,0.16993464052287582,127,1635,1212,26,0.043545116120078414,58700,19.566666666666666,0.022760391090346437,0.5873333333333334,WithoutGraphFeatures
0.45866666666666667,0.6343863853936377,0.0736231884057971,0.8300653594771242,0.13525026624068157,0.7411447894928959,0.2576582348522298,0.2576582348522298,0.11961208901984337,0.561292588689849,0.16993464052287582,127,1598,1249,26,0.043545116120078414,57960,19.32,0.023123378593363983,0.575,WithoutGraphFeatures
0.4706666666666667,0.6376164796793322,0.07468879668049792,0.8235294117647058,0.13695652173913045,0.7411447894928959,0.2576582348522298,0.2576582348522298,0.12205342880750643,0.5482964524060414,0.17647058823529413,126,1561,1286,27,0.043545116120078414,58220,19.406666666666666,0.02362191678245798,0.5623333333333334,WithoutGraphFeatures
0.483,0.644114547821236,0.07636363636363637,0.8235294117647058,0.13976705490848587,0.7411447894928959,0.2576582348522298,0.2576582348522298,0.1274583851153468,0.5353003161222339,0.17647058823529413,126,1524,1323,27,0.043545116120078414,57480,19.16,0.024011051842316587,0.55,WithoutGraphFeatures
0.49366666666666664,0.6404574474679229,0.07630272952853598,0.803921568627451,0.13937677053824363,0.7411447894928959,0.2576582348522298,0.2576582348522298,0.12394726969061573,0.5230066736916053,0.19607843137254902,123,1489,1358,30,0.043545116120078414,59780,19.926666666666666,0.024469951668665772,0.5373333333333333,WithoutGraphFeatures
0.506,0.6469555156098267,0.07809523809523809,0.803921568627451,0.1423611111111111,0.7411447894928959,0.2576582348522298,0.2576582348522298,0.12948147089317422,0.5100105374077977,0.19607843137254902,123,1452,1395,30,0.043545116120078414,59040,19.68,0.02495245425571756,0.525,WithoutGraphFeatures
0.506,0.6438631652169122,0.0775588048315321,0.7973856209150327,0.1413673232908459,0.7411447894928959,0.2576582348522298,0.2576582348522298,0.1267484648662016,0.5096592904812083,0.20261437908496732,122,1451,1396,31,0.043545116120078414,60020,20.006666666666668,0.025,0.5243333333333333,WithoutGraphFeatures
0.516,0.6398548179370097,0.07742355237475602,0.7777777777777778,0.14082840236686392,0.7411447894928959,0.2576582348522298,0.2576582348522298,0.12310842638826329,0.49806814190375837,0.2222222222222222,119,1418,1429,34,0.043545116120078414,62360,20.786666666666665,0.025405777787898345,0.5123333333333333,WithoutGraphFeatures
0.5283333333333333,0.6463528860789135,0.07933333333333334,0.7777777777777778,0.14398064125831822,0.7411447894928959,0.2576582348522298,0.2576582348522298,0.12878920926178894,0.48507200561995084,0.2222222222222222,119,1381,1466,34,0.043545116120078414,61620,20.54,0.025928176977539543,0.5,WithoutGraphFeatures
0.5393333333333333,0.6459637595818095,0.07997265892002735,0.7647058823529411,0.1448019801980198,0.7411447894928959,0.2576582348522298,0.2576582348522298,0.12848587568806333,0.4727783631893221,0.23529411764705882,117,1346,1501,36,0.043545116120078414,62920,20.973333333333333,0.026299136627721927,0.4876666666666667,WithoutGraphFeatures
0.55,0.6423066592284965,0.08,0.7450980392156863,0.14448669201520914,0.7411447894928959,0.2576582348522298,0.2576582348522298,0.12538539624277503,0.46048472075869334,0.2549019607843137,114,1311,1536,39,0.043545116120078414,65220,21.74,0.02683492311369722,0.475,WithoutGraphFeatures
0.5623333333333334,0.6488047273704003,0.08213256484149856,0.7450980392156863,0.14795587280986372,0.7411447894928959,0.2576582348522298,0.2576582348522298,0.13131336221121132,0.4474885844748858,0.2549019607843137,114,1274,1573,39,0.043545116120078414,64480,21.493333333333332,0.027144671296897318,0.46266666666666667,WithoutGraphFeatures
0.5736666666666667,0.648591224336591,0.08296296296296296,0.7320261437908496,0.1490352628077179,0.7411447894928959,0.2576582348522298,0.2576582348522298,0.13141766589551288,0.43484369511766774,0.2679738562091503,112,1238,1609,41,0.043545116120078414,65760,21.92,0.027661595422548018,0.45,WithoutGraphFeatures
0.5853333333333334,0.6516456951589908,0.08453922315308454,0.7254901960784313,0.1514324693042292,0.7411447894928959,0.2576582348522298,0.2576582348522298,0.13449607998388913,0.4221988057604496,0.27450980392156865,111,1202,1645,42,0.043545116120078414,66040,22.013333333333332,0.028337974481304606,0.43766666666666665,WithoutGraphFeatures
0.5966666666666667,0.6514321921251817,0.08549019607843138,0.7124183006535948,0.15266106442577032,0.7411447894928959,0.2576582348522298,0.2576582348522298,0.13478389787694073,0.40955391640323147,0.2875816993464052,109,1166,1681,44,0.043545116120078414,67320,22.44,0.028960551525468885,0.425,WithoutGraphFeatures
0.609,0.6579302602670853,0.08804523424878836,0.7124183006535948,0.15672178289000718,0.7411447894928959,0.2576582348522298,0.2576582348522298,0.14114695757222082,0.39655778011942394,0.2875816993464052,109,1129,1718,44,0.043545116120078414,66580,22.19333333333333,0.029619493671603093,0.4126666666666667,WithoutGraphFeatures
0.621,0.66116035455278,0.09,0.7058823529411765,0.15964523281596454,0.7411447894928959,0.2576582348522298,0.2576582348522298,0.1447440710076285,0.3835616438356164,0.29411764705882354,108,1092,1755,45,0.043545116120078414,66840,22.28,0.03032054671042425,0.4,WithoutGraphFeatures
0.632,0.6607712280556761,0.09114359415305245,0.6928104575163399,0.16109422492401215,0.7411447894928959,0.2576582348522298,0.2576582348522298,0.14518887438486439,0.3712680014049877,0.30718954248366015,106,1057,1790,47,0.043545116120078414,68140,22.713333333333335,0.030866993991673974,0.38766666666666666,WithoutGraphFeatures
0.6426666666666667,0.6571141277023631,0.09155555555555556,0.673202614379085,0.16118935837245696,0.7411447894928959,0.2576582348522298,0.2576582348522298,0.1427932853838256,0.358974358974359,0.32679738562091504,103,1022,1825,50,0.043545116120078414,70440,23.48,0.0314501912766315,0.375,WithoutGraphFeatures
0.6543333333333333,0.660168598524763,0.09375,0.6666666666666666,0.16438356164383564,0.7411447894928959,0.2576582348522298,0.2576582348522298,0.14658462776523332,0.34632946961714084,0.3333333333333333,102,986,1861,51,0.043545116120078414,70720,23.573333333333334,0.03203195184135003,0.3626666666666667,WithoutGraphFeatures
0.6656666666666666,0.6599550954909537,0.09523809523809523,0.6535947712418301,0.1662510390689942,0.7411447894928959,0.2576582348522298,0.2576582348522298,0.1475555566625401,0.3336845802599227,0.3464052287581699,100,950,1897,53,0.043545116120078414,72000,24.0,0.032836911898064,0.35,WithoutGraphFeatures
0.678,0.6664531636328574,0.09871668311944719,0.6535947712418301,0.17152658662092626,0.7411447894928959,0.2576582348522298,0.2576582348522298,0.1548666279767576,0.32068844397611523,0.3464052287581699,100,913,1934,53,0.043545116120078414,71260,23.753333333333334,0.033419458412082485,0.33766666666666667,WithoutGraphFeatures
0.69,0.6696832579185521,0.10153846153846154,0.6470588235294118,0.17553191489361702,0.7411447894928959,0.2576582348522298,0.2576582348522298,0.15940194528333518,0.3076923076923077,0.35294117647058826,99,876,1971,54,0.043545116120078414,71520,23.84,0.03432641068656127,0.325,WithoutGraphFeatures
0.6973333333333334,0.6704546237181208,0.10304942166140904,0.6405228758169934,0.17753623188405798,0.7411447894928959,0.2576582348522298,0.2576582348522298,0.16118216810462815,0.2996136283807517,0.35947712418300654,98,853,1994,55,0.043545116120078414,72060,24.02,0.034999999999999996,0.317,WithoutGraphFeatures
0.701,0.6692941314214481,0.10341151385927505,0.6339869281045751,0.1778185151237397,0.7411447894928959,0.2576582348522298,0.2576582348522298,0.16068139685632793,0.29539866526167896,0.3660130718954248,97,841,2006,56,0.043545116120078414,72820,24.273333333333333,0.03523982448354905,0.31266666666666665,WithoutGraphFeatures
0.7123333333333334,0.6690806283876389,0.10555555555555556,0.6209150326797386,0.1804368471035138,0.7411447894928959,0.2576582348522298,0.2576582348522298,0.1623425621101439,0.2827537759044608,0.3790849673202614,95,805,2042,58,0.043545116120078414,74100,24.7,0.03597083289058858,0.3,WithoutGraphFeatures
0.7246666666666667,0.6755786965295426,0.1100811123986095,0.6209150326797386,0.187007874015748,0.7411447894928959,0.2576582348522298,0.2576582348522298,0.17066073285963282,0.2697576396206533,0.3790849673202614,95,768,2079,58,0.043545116120078414,73360,24.453333333333333,0.036868613344212646,0.2876666666666667,WithoutGraphFeatures
0.7373333333333333,0.6822523881347411,0.11515151515151516,0.6209150326797386,0.19427402862985688,0.7411447894928959,0.2576582348522298,0.2576582348522298,0.17959161979393337,0.2564102564102564,0.3790849673202614,95,730,2117,58,0.043545116120078414,72600,24.2,0.037529747533508476,0.275,WithoutGraphFeatures
0.7496666666666667,0.6887504562766449,0.12055837563451777,0.6209150326797386,0.20191285866099895,0.7411447894928959,0.2576582348522298,0.2576582348522298,0.188712985225223,0.2434141201264489,0.3790849673202614,95,693,2154,58,0.043545116120078414,71860,23.953333333333333,0.03869580709994499,0.26266666666666666,WithoutGraphFeatures
0.7616666666666667,0.6919805505623395,0.12533333333333332,0.6143790849673203,0.2081949058693245,0.7411447894928959,0.2576582348522298,0.2576582348522298,0.19507642439801026,0.23041798384264137,0.38562091503267976,94,656,2191,59,0.043545116120078414,72120,24.04,0.03969993170599598,0.25,WithoutGraphFeatures
0.774,0.6984786187042432,0.13183730715287517,0.6143790849673203,0.21709006928406469,0.7411447894928959,0.2576582348522298,0.2576582348522298,0.20516596924676708,0.21742184755883387,0.38562091503267976,94,619,2228,59,0.043545116120078414,71380,23.793333333333333,0.04070237229530441,0.23766666666666666,WithoutGraphFeatures
0.7853333333333333,0.6982651156704339,0.1362962962962963,0.6013071895424836,0.22222222222222224,0.7411447894928959,0.2576582348522298,0.2576582348522298,0.2089067089300546,0.20477695820161573,0.39869281045751637,92,583,2264,61,0.043545116120078414,72660,24.22,0.04191789844702784,0.225,WithoutGraphFeatures
0.7963333333333333,0.69787598917333,0.14106583072100312,0.5882352941176471,0.2275600505689001,0.7411447894928959,0.2576582348522298,0.2576582348522298,0.21277091319548225,0.192483315770987,0.4117647058823529,90,548,2299,63,0.043545116120078414,73960,24.653333333333332,0.04324505137282059,0.21266666666666667,WithoutGraphFeatures
0.8046666666666666,0.6929895245769541,0.14332784184514002,0.5686274509803921,0.22894736842105262,0.7411447894928959,0.2576582348522298,0.2576582348522298,0.21136714731540832,0.182648401826484,0.43137254901960786,87,520,2327,66,0.043545116120078414,76400,25.466666666666665,0.045,0.20233333333333334,WithoutGraphFeatures
0.807,0.6942188888200169,0.145,0.5686274509803921,0.23107569721115537,0.7411447894928959,0.2576582348522298,0.2576582348522298,0.21363857065779104,0.18018967334035826,0.43137254901960786,87,513,2334,66,0.043545116120078414,76260,25.42,0.04548626880442915,0.2,WithoutGraphFeatures
0.818,0.693829762322913,0.15097690941385436,0.5555555555555556,0.2374301675977654,0.7411447894928959,0.2576582348522298,0.2576582348522298,0.2184278172314619,0.16789603090972954,0.4444444444444444,85,478,2369,68,0.043545116120078414,77560,25.85333333333333,0.0464825006281929,0.18766666666666668,WithoutGraphFeatures
0.8293333333333334,0.6936162592891038,0.1580952380952381,0.5424836601307189,0.24483775811209438,0.7411447894928959,0.2576582348522298,0.2576582348522298,0.22420434071258716,0.1552511415525114,0.45751633986928103,83,442,2405,70,0.043545116120078414,78840,26.28,0.04843204489715477,0.175,WithoutGraphFeatures
0.8396666666666667,0.6897835354724959,0.16393442622950818,0.5228758169934641,0.24960998439937598,0.7411447894928959,0.2576582348522298,0.2576582348522298,0.2262602428606236,0.14330874604847207,0.477124183006536,80,408,2439,73,0.043545116120078414,81160,27.053333333333335,0.050178364837851645,0.16266666666666665,WithoutGraphFeatures
0.8503333333333334,0.6861264351191829,0.1711111111111111,0.5032679738562091,0.2553897180762852,0.7411447894928959,0.2576582348522298,0.2576582348522298,0.22935127401544195,0.13101510361784335,0.49673202614379086,77,373,2474,76,0.043545116120078414,83460,27.82,0.052294331427774364,0.15,WithoutGraphFeatures
0.8596666666666667,0.68795154169852,0.18095238095238095,0.49673202614379086,0.26527050610820246,0.7411447894928959,0.2576582348522298,0.2576582348522298,0.2383311666441007,0.12082894274675096,0.5032679738562091,76,344,2503,77,0.043545116120078414,83880,27.96,0.055,0.14,WithoutGraphFeatures
0.862,0.6891809059415828,0.18401937046004843,0.49673202614379086,0.2685512367491166,0.7411447894928959,0.2576582348522298,0.2576582348522298,0.2415869691276555,0.11837021426062522,0.5032679738562091,76,337,2510,77,0.043545116120078414,83740,27.913333333333334,0.05590043944690106,0.13766666666666666,WithoutGraphFeatures
0.8733333333333333,0.6889674029077736,0.19733333333333333,0.48366013071895425,0.2803030303030303,0.7411447894928959,0.2576582348522298,0.2576582348522298,0.2514062390808381,0.1057253249034071,0.5163398692810458,74,301,2546,79,0.043545116120078414,85020,28.34,0.05957841028626325,0.125,WithoutGraphFeatures
0.8816666666666667,0.6748038871326543,0.20118343195266272,0.4444444444444444,0.27698574338085535,0.7411447894928959,0.2576582348522298,0.2576582348522298,0.243252971848456,0.09483667017913593,0.5555555555555556,68,270,2577,85,0.043545116120078414,90400,30.133333333333333,0.06393552133739502,0.11266666666666666,WithoutGraphFeatures
0.885,0.6765601217656012,0.2073170731707317,0.4444444444444444,0.28274428274428276,0.7411447894928959,0.2576582348522298,0.2576582348522298,0.2489470105990988,0.091324200913242,0.5555555555555556,68,260,2587,85,0.043545116120078414,90200,30.066666666666666,0.065,0.10933333333333334,WithoutGraphFeatures
0.8923333333333333,0.6711467867793411,0.21666666666666667,0.42483660130718953,0.2869757174392936,0.7411447894928959,0.2576582348522298,0.2576582348522298,0.2510126941298396,0.0825430277485072,0.5751633986928104,65,235,2612,88,0.043545116120078414,92700,30.9,0.06778339400868909,0.1,WithoutGraphFeatures
0.9033333333333333,0.6707576602822372,0.23954372623574144,0.4117647058823529,0.3028846153846153,0.7411447894928959,0.2576582348522298,0.2576582348522298,0.26566501533273534,0.07024938531787847,0.5882352941176471,63,200,2647,90,0.043545116120078414,94000,31.333333333333332,0.07410883246578577,0.08766666666666667,WithoutGraphFeatures
0.9053333333333333,0.668719050669091,0.24313725490196078,0.40522875816993464,0.30392156862745096,0.7411447894928959,0.2576582348522298,0.2576582348522298,0.2661903474629701,0.06779065683175273,0.5947712418300654,62,193,2654,91,0.043545116120078414,94860,31.62,0.07500000000000001,0.085,WithoutGraphFeatures
0.9133333333333333,0.6636569626094203,0.26222222222222225,0.38562091503267976,0.3121693121693122,0.7411447894928959,0.2576582348522298,0.2576582348522298,0.27338908942226836,0.05830698981383913,0.6143790849673203,59,166,2681,94,0.043545116120078414,97320,32.44,0.08073534714792127,0.075,WithoutGraphFeatures
0.9166666666666666,0.6623208468494528,0.27230046948356806,0.3790849673202614,0.31693989071038253,0.7411447894928959,0.2576582348522298,0.2576582348522298,0.2780900552449985,0.054443273621355814,0.6209150326797386,58,155,2692,95,0.043545116120078414,98100,32.7,0.085,0.071,WithoutGraphFeatures
0.9223333333333333,0.6560293945467193,0.2894736842105263,0.35947712418300654,0.3206997084548105,0.7411447894928959,0.2576582348522298,0.2576582348522298,0.28186808667057767,0.04741833508956796,0.6405228758169934,55,135,2712,98,0.043545116120078414,100700,33.56666666666667,0.095,0.06333333333333334,WithoutGraphFeatures
0.923,0.6563806414733087,0.2925531914893617,0.35947712418300654,0.3225806451612903,0.7411447894928959,0.2576582348522298,0.2576582348522298,0.2839003004345678,0.04671584123638918,0.6405228758169934,55,133,2714,98,0.043545116120078414,100660,33.553333333333335,0.09708874251658253,0.06266666666666666,WithoutGraphFeatures
0.9283333333333333,0.6530059161001949,0.31547619047619047,0.3464052287581699,0.3302180685358255,0.7411447894928959,0.2576582348522298,0.2576582348522298,0.292803593751459,0.04039339655778012,0.6535947712418301,53,115,2732,100,0.043545116120078414,102300,34.1,0.10500000000000001,0.056,WithoutGraphFeatures
0.9306666666666666,0.6480505795574288,0.3248407643312102,0.3333333333333333,0.32903225806451614,0.7411447894928959,0.2576582348522298,0.2576582348522298,0.29251039237897936,0.03723217421847559,0.6666666666666666,51,106,2741,102,0.043545116120078414,104120,34.70666666666666,0.115,0.052333333333333336,WithoutGraphFeatures
0.9323333333333333,0.6458363464809879,0.3333333333333333,0.32679738562091504,0.33003300330033003,0.7411447894928959,0.2576582348522298,0.2576582348522298,0.29441990001082413,0.035124692658939236,0.673202614379085,50,100,2747,103,0.043545116120078414,105000,35.0,0.11711700313990353,0.05,WithoutGraphFeatures
0.9333333333333333,0.6339938152992142,0.33093525179856115,0.3006535947712418,0.3150684931506849,0.7411447894928959,0.2576582348522298,0.2576582348522298,0.28047093924953015,0.032665964172813484,0.6993464052287581,46,93,2754,107,0.043545116120078414,108860,36.28666666666667,0.125,0.04633333333333333,WithoutGraphFeatures
0.9366666666666666,0.6295653491463322,0.352,0.2875816993464052,0.31654676258992803,0.7411447894928959,0.2576582348522298,0.2576582348522298,0.2852885773529953,0.02845100105374078,0.7124183006535948,44,81,2766,109,0.043545116120078414,110620,36.873333333333335,0.135,0.041666666666666664,WithoutGraphFeatures
0.9376666666666666,0.620815168357473,0.35344827586206895,0.2679738562091503,0.3048327137546469,0.7411447894928959,0.2576582348522298,0.2576582348522298,0.27571747044968314,0.026343519494204427,0.7320261437908496,41,75,2772,112,0.043545116120078414,113500,37.833333333333336,0.14500000000000002,0.03866666666666667,WithoutGraphFeatures
0.938,0.6178984414278532,0.35398230088495575,0.26143790849673204,0.3007518796992481,0.7411447894928959,0.2576582348522298,0.2576582348522298,0.2724676179202952,0.02564102564102564,0.738562091503268,40,73,2774,113,0.043545116120078414,114460,38.153333333333336,0.15034988597981339,0.03766666666666667,WithoutGraphFeatures
0.9393333333333334,0.618600935281032,0.3669724770642202,0.26143790849673204,0.30534351145038174,0.7411447894928959,0.2576582348522298,0.2576582348522298,0.2788818583357134,0.02423603793466807,0.738562091503268,40,69,2778,113,0.043545116120078414,114380,38.126666666666665,0.155,0.036333333333333336,WithoutGraphFeatures
0.941,0.6132943518116766,0.38,0.24836601307189543,0.3003952569169961,0.7411447894928959,0.2576582348522298,0.2576582348522298,0.2777018063817235,0.021777309448542326,0.7516339869281046,38,62,2785,115,0.043545116120078414,116240,38.74666666666667,0.165,0.03333333333333333,WithoutGraphFeatures
0.9423333333333334,0.6139968456648554,0.3958333333333333,0.24836601307189543,0.30522088353413657,0.7411447894928959,0.2576582348522298,0.2576582348522298,0.2849891700135201,0.020372321742184757,0.7516339869281046,38,58,2789,115,0.043545116120078414,116160,38.72,0.17500000000000002,0.032,WithoutGraphFeatures
0.9443333333333334,0.6057735352658802,0.4166666666666667,0.22875816993464052,0.29535864978902954,0.7411447894928959,0.2576582348522298,0.2576582348522298,0.28210647984697784,0.017211099402880226,0.7712418300653595,35,49,2798,118,0.043545116120078414,118980,39.66,0.185,0.028,WithoutGraphFeatures
0.9463333333333334,0.6037349256527338,0.4473684210526316,0.2222222222222222,0.29694323144104806,0.7411447894928959,0.2576582348522298,0.2576582348522298,0.2904684480876453,0.014752370916754479,0.7777777777777778,34,42,2805,119,0.043545116120078414,119840,39.946666666666665,0.195,0.025333333333333333,WithoutGraphFeatures
0.9466666666666667,0.6039105491160286,0.4533333333333333,0.2222222222222222,0.2982456140350877,0.7411447894928959,0.2576582348522298,0.2576582348522298,0.29284345198932354,0.014401123990165085,0.7777777777777778,34,41,2806,119,0.043545116120078414,119820,39.94,0.19645427088930237,0.025,WithoutGraphFeatures
0.9466666666666667,0.5977258483301996,0.4507042253521127,0.20915032679738563,0.28571428571428575,0.7411447894928959,0.2576582348522298,0.2576582348522298,0.2828720472072607,0.0136986301369863,0.7908496732026143,32,39,2808,121,0.043545116120078414,121780,40.593333333333334,0.20500000000000002,0.023666666666666666,WithoutGraphFeatures
0.9483333333333334,0.5986039656466732,0.48484848484848486,0.20915032679738563,0.29223744292237447,0.7411447894928959,0.2576582348522298,0.2576582348522298,0.2957752321038672,0.01194239550403934,0.7908496732026143,32,34,2813,121,0.043545116120078414,121680,40.56,0.215,0.022,WithoutGraphFeatures
0.949,0.5896781613945192,0.5,0.1895424836601307,0.27488151658767773,0.7411447894928959,0.2576582348522298,0.2576582348522298,0.28656345806572087,0.010186160871092378,0.8104575163398693,29,29,2818,124,0.043545116120078414,124580,41.526666666666664,0.225,0.019333333333333334,WithoutGraphFeatures
0.9496666666666667,0.5900294083211086,0.5178571428571429,0.1895424836601307,0.27751196172248804,0.7411447894928959,0.2576582348522298,0.2576582348522298,0.2926785698715377,0.009483667017913594,0.8104575163398693,29,27,2820,124,0.043545116120078414,124540,41.513333333333335,0.23500000000000001,0.018666666666666668,WithoutGraphFeatures
0.9493333333333334,0.5836690840719849,0.5094339622641509,0.17647058823529413,0.2621359223300971,0.7411447894928959,0.2576582348522298,0.2576582348522298,0.27945150746118,0.0091324200913242,0.8235294117647058,27,26,2821,126,0.043545116120078414,126520,42.17333333333333,0.245,0.017666666666666667,WithoutGraphFeatures
0.9506666666666667,0.5812792275322493,0.5531914893617021,0.16993464052287582,0.26,0.7411447894928959,0.2576582348522298,0.2576582348522298,0.28798400003737323,0.007376185458377239,0.8300653594771242,26,21,2826,127,0.043545116120078414,127420,42.473333333333336,0.255,0.015666666666666666,WithoutGraphFeatures
0.9503333333333334,0.5718265528902112,0.5476190476190477,0.1503267973856209,0.2358974358974359,0.7411447894928959,0.2576582348522298,0.2576582348522298,0.26898665782793746,0.0066736916051984545,0.8496732026143791,23,19,2828,130,0.043545116120078414,130380,43.46,0.265,0.014,WithoutGraphFeatures
0.9503333333333334,0.5656418521043823,0.5526315789473685,0.13725490196078433,0.2198952879581152,0.7411447894928959,0.2576582348522298,0.2576582348522298,0.2582652324308239,0.00597119775201967,0.8627450980392157,21,17,2830,132,0.043545116120078414,132340,44.11333333333334,0.2693781092723335,0.012666666666666666,WithoutGraphFeatures
0.9516666666666667,0.5663443459575611,0.6176470588235294,0.13725490196078433,0.22459893048128346,0.7411447894928959,0.2576582348522298,0.2576582348522298,0.27577083227704274,0.0045662100456621,0.8627450980392157,21,13,2834,132,0.043545116120078414,132260,44.086666666666666,0.275,0.011333333333333334,WithoutGraphFeatures
0.9513333333333334,0.5599840217084375,0.6129032258064516,0.12418300653594772,0.2065217391304348,0.7411447894928959,0.2576582348522298,0.2576582348522298,0.2609871225373206,0.004214963119072708,0.8758169934640523,19,12,2835,134,0.043545116120078414,134240,44.74666666666667,0.28500000000000003,0.010333333333333333,WithoutGraphFeatures
0.9516666666666667,0.5570672947788178,0.6428571428571429,0.11764705882352941,0.19889502762430938,0.7411447894928959,0.2576582348522298,0.2576582348522298,0.26112792164713033,0.0035124692658939235,0.8823529411764706,18,10,2837,135,0.043545116120078414,135200,45.06666666666667,0.295,0.009333333333333334,WithoutGraphFeatures
0.9513333333333334,0.5507069705296942,0.64,0.10457516339869281,0.17977528089887643,0.7411447894928959,0.2576582348522298,0.2576582348522298,0.24542772394602053,0.003161222339304531,0.8954248366013072,16,9,2838,137,0.043545116120078414,137180,45.72666666666667,0.305,0.008333333333333333,WithoutGraphFeatures
0.9516666666666667,0.5508825939929889,0.6666666666666666,0.10457516339869281,0.1807909604519774,0.7411447894928959,0.2576582348522298,0.2576582348522298,0.25131395444668536,0.0028099754127151387,0.8954248366013072,16,8,2839,137,0.043545116120078414,137160,45.72,0.315,0.008,WithoutGraphFeatures
0.951,0.5443466462805705,0.6363636363636364,0.0915032679738562,0.15999999999999998,0.7411447894928959,0.2576582348522298,0.2576582348522298,0.22869493139711122,0.0028099754127151387,0.9084967320261438,14,8,2839,139,0.043545116120078414,139160,46.38666666666666,0.325,0.007333333333333333,WithoutGraphFeatures
0.951,0.5412542958876561,0.65,0.08496732026143791,0.15028901734104047,0.7411447894928959,0.2576582348522298,0.2576582348522298,0.22305681358642132,0.0024587284861257463,0.9150326797385621,13,7,2840,140,0.043545116120078414,140140,46.71333333333333,0.335,0.006666666666666667,WithoutGraphFeatures
0.951,0.5381619454947416,0.6666666666666666,0.0784313725490196,0.14035087719298245,0.7411447894928959,0.2576582348522298,0.2576582348522298,0.21742520060858467,0.002107481559536354,0.9215686274509803,12,6,2841,141,0.043545116120078414,141120,47.04,0.34500000000000003,0.006,WithoutGraphFeatures
0.951,0.5350695951018272,0.6875,0.0718954248366013,0.1301775147928994,0.7411447894928959,0.2576582348522298,0.2576582348522298,0.21185601338360818,0.0017562346329469617,0.9281045751633987,11,5,2842,142,0.043545116120078414,142100,47.36666666666667,0.35500000000000004,0.005333333333333333,WithoutGraphFeatures
0.9503333333333334,0.5254412969964944,0.6666666666666666,0.05228758169934641,0.09696969696969696,0.7411447894928959,0.2576582348522298,0.2576582348522298,0.1773486034441522,0.0014049877063575693,0.9477124183006536,8,4,2843,145,0.043545116120078414,145080,48.36,0.365,0.004,WithoutGraphFeatures
0.95,0.5221733231402853,0.6363636363636364,0.0457516339869281,0.08536585365853658,0.7411447894928959,0.2576582348522298,0.2576582348522298,0.16141389995916336,0.0014049877063575693,0.954248366013072,7,4,2843,146,0.043545116120078414,146080,48.693333333333335,0.375,0.0036666666666666666,WithoutGraphFeatures
0.9496666666666667,0.5189053492840762,0.6,0.0392156862745098,0.0736196319018405,0.7411447894928959,0.2576582348522298,0.2576582348522298,0.14431735345739055,0.0014049877063575693,0.9607843137254902,6,4,2843,147,0.043545116120078414,147080,49.026666666666664,0.385,0.0033333333333333335,WithoutGraphFeatures
0.9496666666666667,0.5189053492840762,0.6,0.0392156862745098,0.0736196319018405,0.7411447894928959,0.2576582348522298,0.2576582348522298,0.14431735345739055,0.0014049877063575693,0.9607843137254902,6,4,2843,147,0.043545116120078414,147080,49.026666666666664,0.395,0.0033333333333333335,WithoutGraphFeatures
0.9496666666666667,0.5189053492840762,0.6,0.0392156862745098,0.0736196319018405,0.7411447894928959,0.2576582348522298,0.2576582348522298,0.14431735345739055,0.0014049877063575693,0.9607843137254902,6,4,2843,147,0.043545116120078414,147080,49.026666666666664,0.405,0.0033333333333333335,WithoutGraphFeatures
0.9496666666666667,0.5189053492840762,0.6,0.0392156862745098,0.0736196319018405,0.7411447894928959,0.2576582348522298,0.2576582348522298,0.14431735345739055,0.0014049877063575693,0.9607843137254902,6,4,2843,147,0.043545116120078414,147080,49.026666666666664,0.41500000000000004,0.0033333333333333335,WithoutGraphFeatures
0.9496666666666667,0.5189053492840762,0.6,0.0392156862745098,0.0736196319018405,0.7411447894928959,0.2576582348522298,0.2576582348522298,0.14431735345739055,0.0014049877063575693,0.9607843137254902,6,4,2843,147,0.043545116120078414,147080,49.026666666666664,0.425,0.0033333333333333335,WithoutGraphFeatures
0.9496666666666667,0.5158129988911617,0.625,0.032679738562091505,0.062111801242236024,0.7411447894928959,0.2576582348522298,0.2576582348522298,0.1349142728665697,0.001053740779768177,0.9673202614379085,5,3,2844,148,0.043545116120078414,148060,49.35333333333333,0.435,0.0026666666666666666,WithoutGraphFeatures
0.9493333333333334,0.509452674642038,0.6,0.0196078431372549,0.0379746835443038,0.7411447894928959,0.2576582348522298,0.2576582348522298,0.10196256190554302,0.0007024938531787847,0.9803921568627451,3,2,2845,150,0.043545116120078414,150040,50.013333333333335,0.445,0.0016666666666666668,WithoutGraphFeatures
0.9493333333333334,0.509452674642038,0.6,0.0196078431372549,0.0379746835443038,0.7411447894928959,0.2576582348522298,0.2576582348522298,0.10196256190554302,0.0007024938531787847,0.9803921568627451,3,2,2845,150,0.043545116120078414,150040,50.013333333333335,0.455,0.0016666666666666668,WithoutGraphFeatures
0.949,0.5061847007858289,0.5,0.013071895424836602,0.02547770700636943,0.7411447894928959,0.2576582348522298,0.2576582348522298,0.07457396556973096,0.0007024938531787847,0.9869281045751634,2,2,2845,151,0.043545116120078414,151040,50.346666666666664,0.465,0.0013333333333333333,WithoutGraphFeatures
0.949,0.5030923503929144,0.5,0.006535947712418301,0.012903225806451615,0.7411447894928959,0.2576582348522298,0.2576582348522298,0.05271416484166107,0.00035124692658939234,0.9934640522875817,1,1,2846,152,0.043545116120078414,152020,50.67333333333333,0.47500000000000003,0.0006666666666666666,WithoutGraphFeatures
0.9486666666666667,0.4998243765367053,0.0,0.0,0.0,0.7411447894928959,0.2576582348522298,0.2576582348522298,-0.0042331508885077515,0.00035124692658939234,1.0,0,1,2846,153,0.043545116120078414,153020,51.00666666666667,0.485,0.0003333333333333333,WithoutGraphFeatures
0.9486666666666667,0.4998243765367053,0.0,0.0,0.0,0.7411447894928959,0.2576582348522298,0.2576582348522298,-0.0042331508885077515,0.00035124692658939234,1.0,0,1,2846,153,0.043545116120078414,153020,51.00666666666667,0.495,0.0003333333333333333,WithoutGraphFeatures
0.9486666666666667,0.4998243765367053,0.0,0.0,0.0,0.7411447894928959,0.2576582348522298,0.2576582348522298,-0.0042331508885077515,0.00035124692658939234,1.0,0,1,2846,153,0.043545116120078414,153020,51.00666666666667,0.505,0.0003333333333333333,WithoutGraphFeatures
0.9486666666666667,0.4998243765367053,0.0,0.0,0.0,0.7411447894928959,0.2576582348522298,0.2576582348522298,-0.0042331508885077515,0.00035124692658939234,1.0,0,1,2846,153,0.043545116120078414,153020,51.00666666666667,0.5148448068695688,0.0003333333333333333,WithoutGraphFeatures
0.949,0.5,0.0,0.0,0.0,0.7411447894928959,0.2576582348522298,0.2576582348522298,0.0,0.0,1.0,0,0,2847,153,0.043545116120078414,153000,51.0,0.515,0.0,WithoutGraphFeatures
0.949,0.5,0.0,0.0,0.0,0.7411447894928959,0.2576582348522298,0.2576582348522298,0.0,0.0,1.0,0,0,2847,153,0.043545116120078414,153000,51.0,0.525,0.0,WithoutGraphFeatures
0.949,0.5,0.0,0.0,0.0,0.7411447894928959,0.2576582348522298,0.2576582348522298,0.0,0.0,1.0,0,0,2847,153,0.043545116120078414,153000,51.0,0.535,0.0,WithoutGraphFeatures
0.949,0.5,0.0,0.0,0.0,0.7411447894928959,0.2576582348522298,0.2576582348522298,0.0,0.0,1.0,0,0,2847,153,0.043545116120078414,153000,51.0,0.545,0.0,WithoutGraphFeatures
0.949,0.5,0.0,0.0,0.0,0.7411447894928959,0.2576582348522298,0.2576582348522298,0.0,0.0,1.0,0,0,2847,153,0.043545116120078414,153000,51.0,0.555,0.0,WithoutGraphFeatures
0.949,0.5,0.0,0.0,0.0,0.7411447894928959,0.2576582348522298,0.2576582348522298,0.0,0.0,1.0,0,0,2847,153,0.043545116120078414,153000,51.0,0.5650000000000001,0.0,WithoutGraphFeatures
0.949,0.5,0.0,0.0,0.0,0.7411447894928959,0.2576582348522298,0.2576582348522298,0.0,0.0,1.0,0,0,2847,153,0.043545116120078414,153000,51.0,0.5750000000000001,0.0,WithoutGraphFeatures
0.949,0.5,0.0,0.0,0.0,0.7411447894928959,0.2576582348522298,0.2576582348522298,0.0,0.0,1.0,0,0,2847,153,0.043545116120078414,153000,51.0,0.585,0.0,WithoutGraphFeatures
0.949,0.5,0.0,0.0,0.0,0.7411447894928959,0.2576582348522298,0.2576582348522298,0.0,0.0,1.0,0,0,2847,153,0.043545116120078414,153000,51.0,0.595,0.0,WithoutGraphFeatures
0.949,0.5,0.0,0.0,0.0,0.7411447894928959,0.2576582348522298,0.2576582348522298,0.0,0.0,1.0,0,0,2847,153,0.043545116120078414,153000,51.0,0.605,0.0,WithoutGraphFeatures
0.949,0.5,0.0,0.0,0.0,0.7411447894928959,0.2576582348522298,0.2576582348522298,0.0,0.0,1.0,0,0,2847,153,0.043545116120078414,153000,51.0,0.615,0.0,WithoutGraphFeatures
0.949,0.5,0.0,0.0,0.0,0.7411447894928959,0.2576582348522298,0.2576582348522298,0.0,0.0,1.0,0,0,2847,153,0.043545116120078414,153000,51.0,0.625,0.0,WithoutGraphFeatures
0.949,0.5,0.0,0.0,0.0,0.7411447894928959,0.2576582348522298,0.2576582348522298,0.0,0.0,1.0,0,0,2847,153,0.043545116120078414,153000,51.0,0.635,0.0,WithoutGraphFeatures
0.949,0.5,0.0,0.0,0.0,0.7411447894928959,0.2576582348522298,0.2576582348522298,0.0,0.0,1.0,0,0,2847,153,0.043545116120078414,153000,51.0,0.645,0.0,WithoutGraphFeatures
0.949,0.5,0.0,0.0,0.0,0.7411447894928959,0.2576582348522298,0.2576582348522298,0.0,0.0,1.0,0,0,2847,153,0.043545116120078414,153000,51.0,0.655,0.0,WithoutGraphFeatures
0.949,0.5,0.0,0.0,0.0,0.7411447894928959,0.2576582348522298,0.2576582348522298,0.0,0.0,1.0,0,0,2847,153,0.043545116120078414,153000,51.0,0.665,0.0,WithoutGraphFeatures
0.949,0.5,0.0,0.0,0.0,0.7411447894928959,0.2576582348522298,0.2576582348522298,0.0,0.0,1.0,0,0,2847,153,0.043545116120078414,153000,51.0,0.675,0.0,WithoutGraphFeatures
0.949,0.5,0.0,0.0,0.0,0.7411447894928959,0.2576582348522298,0.2576582348522298,0.0,0.0,1.0,0,0,2847,153,0.043545116120078414,153000,51.0,0.685,0.0,WithoutGraphFeatures
0.949,0.5,0.0,0.0,0.0,0.7411447894928959,0.2576582348522298,0.2576582348522298,0.0,0.0,1.0,0,0,2847,153,0.043545116120078414,153000,51.0,0.6950000000000001,0.0,WithoutGraphFeatures
0.949,0.5,0.0,0.0,0.0,0.7411447894928959,0.2576582348522298,0.2576582348522298,0.0,0.0,1.0,0,0,2847,153,0.043545116120078414,153000,51.0,0.7050000000000001,0.0,WithoutGraphFeatures
0.949,0.5,0.0,0.0,0.0,0.7411447894928959,0.2576582348522298,0.2576582348522298,0.0,0.0,1.0,0,0,2847,153,0.043545116120078414,153000,51.0,0.715,0.0,WithoutGraphFeatures
0.949,0.5,0.0,0.0,0.0,0.7411447894928959,0.2576582348522298,0.2576582348522298,0.0,0.0,1.0,0,0,2847,153,0.043545116120078414,153000,51.0,0.725,0.0,WithoutGraphFeatures
0.949,0.5,0.0,0.0,0.0,0.7411447894928959,0.2576582348522298,0.2576582348522298,0.0,0.0,1.0,0,0,2847,153,0.043545116120078414,153000,51.0,0.735,0.0,WithoutGraphFeatures
0.949,0.5,0.0,0.0,0.0,0.7411447894928959,0.2576582348522298,0.2576582348522298,0.0,0.0,1.0,0,0,2847,153,0.043545116120078414,153000,51.0,0.745,0.0,WithoutGraphFeatures
0.949,0.5,0.0,0.0,0.0,0.7411447894928959,0.2576582348522298,0.2576582348522298,0.0,0.0,1.0,0,0,2847,153,0.043545116120078414,153000,51.0,0.755,0.0,WithoutGraphFeatures
0.949,0.5,0.0,0.0,0.0,0.7411447894928959,0.2576582348522298,0.2576582348522298,0.0,0.0,1.0,0,0,2847,153,0.043545116120078414,153000,51.0,0.765,0.0,WithoutGraphFeatures
0.949,0.5,0.0,0.0,0.0,0.7411447894928959,0.2576582348522298,0.2576582348522298,0.0,0.0,1.0,0,0,2847,153,0.043545116120078414,153000,51.0,0.775,0.0,WithoutGraphFeatures
0.949,0.5,0.0,0.0,0.0,0.7411447894928959,0.2576582348522298,0.2576582348522298,0.0,0.0,1.0,0,0,2847,153,0.043545116120078414,153000,51.0,0.785,0.0,WithoutGraphFeatures
0.949,0.5,0.0,0.0,0.0,0.7411447894928959,0.2576582348522298,0.2576582348522298,0.0,0.0,1.0,0,0,2847,153,0.043545116120078414,153000,51.0,0.795,0.0,WithoutGraphFeatures
0.949,0.5,0.0,0.0,0.0,0.7411447894928959,0.2576582348522298,0.2576582348522298,0.0,0.0,1.0,0,0,2847,153,0.043545116120078414,153000,51.0,0.805,0.0,WithoutGraphFeatures
0.949,0.5,0.0,0.0,0.0,0.7411447894928959,0.2576582348522298,0.2576582348522298,0.0,0.0,1.0,0,0,2847,153,0.043545116120078414,153000,51.0,0.8150000000000001,0.0,WithoutGraphFeatures
0.949,0.5,0.0,0.0,0.0,0.7411447894928959,0.2576582348522298,0.2576582348522298,0.0,0.0,1.0,0,0,2847,153,0.043545116120078414,153000,51.0,0.8250000000000001,0.0,WithoutGraphFeatures
0.949,0.5,0.0,0.0,0.0,0.7411447894928959,0.2576582348522298,0.2576582348522298,0.0,0.0,1.0,0,0,2847,153,0.043545116120078414,153000,51.0,0.8350000000000001,0.0,WithoutGraphFeatures
0.949,0.5,0.0,0.0,0.0,0.7411447894928959,0.2576582348522298,0.2576582348522298,0.0,0.0,1.0,0,0,2847,153,0.043545116120078414,153000,51.0,0.845,0.0,WithoutGraphFeatures
0.949,0.5,0.0,0.0,0.0,0.7411447894928959,0.2576582348522298,0.2576582348522298,0.0,0.0,1.0,0,0,2847,153,0.043545116120078414,153000,51.0,0.855,0.0,WithoutGraphFeatures
0.949,0.5,0.0,0.0,0.0,0.7411447894928959,0.2576582348522298,0.2576582348522298,0.0,0.0,1.0,0,0,2847,153,0.043545116120078414,153000,51.0,0.865,0.0,WithoutGraphFeatures
0.949,0.5,0.0,0.0,0.0,0.7411447894928959,0.2576582348522298,0.2576582348522298,0.0,0.0,1.0,0,0,2847,153,0.043545116120078414,153000,51.0,0.875,0.0,WithoutGraphFeatures
0.949,0.5,0.0,0.0,0.0,0.7411447894928959,0.2576582348522298,0.2576582348522298,0.0,0.0,1.0,0,0,2847,153,0.043545116120078414,153000,51.0,0.885,0.0,WithoutGraphFeatures
0.949,0.5,0.0,0.0,0.0,0.7411447894928959,0.2576582348522298,0.2576582348522298,0.0,0.0,1.0,0,0,2847,153,0.043545116120078414,153000,51.0,0.895,0.0,WithoutGraphFeatures
0.949,0.5,0.0,0.0,0.0,0.7411447894928959,0.2576582348522298,0.2576582348522298,0.0,0.0,1.0,0,0,2847,153,0.043545116120078414,153000,51.0,0.905,0.0,WithoutGraphFeatures
0.949,0.5,0.0,0.0,0.0,0.7411447894928959,0.2576582348522298,0.2576582348522298,0.0,0.0,1.0,0,0,2847,153,0.043545116120078414,153000,51.0,0.915,0.0,WithoutGraphFeatures
0.949,0.5,0.0,0.0,0.0,0.7411447894928959,0.2576582348522298,0.2576582348522298,0.0,0.0,1.0,0,0,2847,153,0.043545116120078414,153000,51.0,0.925,0.0,WithoutGraphFeatures
0.949,0.5,0.0,0.0,0.0,0.7411447894928959,0.2576582348522298,0.2576582348522298,0.0,0.0,1.0,0,0,2847,153,0.043545116120078414,153000,51.0,0.935,0.0,WithoutGraphFeatures
0.949,0.5,0.0,0.0,0.0,0.7411447894928959,0.2576582348522298,0.2576582348522298,0.0,0.0,1.0,0,0,2847,153,0.043545116120078414,153000,51.0,0.9450000000000001,0.0,WithoutGraphFeatures
0.949,0.5,0.0,0.0,0.0,0.7411447894928959,0.2576582348522298,0.2576582348522298,0.0,0.0,1.0,0,0,2847,153,0.043545116120078414,153000,51.0,0.9550000000000001,0.0,WithoutGraphFeatures
0.949,0.5,0.0,0.0,0.0,0.7411447894928959,0.2576582348522298,0.2576582348522298,0.0,0.0,1.0,0,0,2847,153,0.043545116120078414,153000,51.0,0.965,0.0,WithoutGraphFeatures
0.949,0.5,0.0,0.0,0.0,0.7411447894928959,0.2576582348522298,0.2576582348522298,0.0,0.0,1.0,0,0,2847,153,0.043545116120078414,153000,51.0,0.975,0.0,WithoutGraphFeatures
0.949,0.5,0.0,0.0,0.0,0.7411447894928959,0.2576582348522298,0.2576582348522298,0.0,0.0,1.0,0,0,2847,153,0.043545116120078414,153000,51.0,0.985,0.0,WithoutGraphFeatures
0.949,0.5,0.0,0.0,0.0,0.7411447894928959,0.2576582348522298,0.2576582348522298,0.0,0.0,1.0,0,0,2847,153,0.043545116120078414,153000,51.0,0.995,0.0,WithoutGraphFeatures
0.949,0.5,0.0,0.0,0.0,0.7411447894928959,0.2576582348522298,0.2576582348522298,0.0,0.0,1.0,0,0,2847,153,0.043545116120078414,153000,51.0,1.000001,0.0,WithoutGraphFeatures
0.051,0.5,0.051,1.0,0.09705042816365367,0.7466752067880191,0.2591604325668528,0.2591604325668528,0.0,1.0,0.0,153,2847,0,0,0.043553317610317444,56940,18.98,0.0040717293621524864,1.0,WithoutSequenceFeatures
0.051333333333333335,0.5001756234632947,0.05101700566855619,1.0,0.09708121827411167,0.7466752067880191,0.2591604325668528,0.2591604325668528,0.0042331508885077515,0.9996487530734106,0.0,153,2846,1,0,0.043553317610317444,56920,18.973333333333333,0.005,0.9996666666666667,WithoutSequenceFeatures
0.06366666666666666,0.5066736916051985,0.051654287643484134,1.0,0.09823434991974317,0.7466752067880191,0.2591604325668528,0.2591604325668528,0.02625737175799689,0.9866526167896031,0.0,153,2809,38,0,0.043553317610317444,56180,18.726666666666667,0.008715081633712532,0.9873333333333333,WithoutSequenceFeatures
0.07533333333333334,0.5097281624275983,0.051965811965811966,0.9934640522875817,0.09876543209876543,0.7466752067880191,0.2591604325668528,0.2591604325668528,0.027416164105048515,0.974007727432385,0.006535947712418301,152,2773,74,1,0.043553317610317444,56460,18.82,0.009602456686575304,0.975,WithoutSequenceFeatures
0.088,0.5164018540327968,0.052649809490820924,0.9934640522875817,0.1,0.7466752067880191,0.2591604325668528,0.2591604325668528,0.03790528563116997,0.9606603442219881,0.006535947712418301,152,2735,112,1,0.043553317610317444,55700,18.566666666666666,0.010474605431920518,0.9623333333333334,WithoutSequenceFeatures
0.09966666666666667,0.5194563248551968,0.052982456140350874,0.9869281045751634,0.10056610056610055,0.7466752067880191,0.2591604325668528,0.2591604325668528,0.03927916021395883,0.9480154548647699,0.013071895424836602,151,2699,148,2,0.043553317610317444,55980,18.66,0.01119856639772719,0.95,WithoutSequenceFeatures
0.111,0.5192428218213875,0.05298719772403983,0.9738562091503268,0.10050590219224283,0.7466752067880191,0.2591604325668528,0.2591604325668528,0.0349342658070194,0.9353705655075518,0.026143790849673203,149,2663,184,4,0.043553317610317444,57260,19.086666666666666,0.01220034556285951,0.9373333333333334,WithoutSequenceFeatures
0.12333333333333334,0.5257408899632913,0.05369369369369369,0.9738562091503268,0.10177595628415301,0.7466752067880191,0.2591604325668528,0.2591604325668528,0.043000177662944894,0.9223744292237442,0.026143790849673203,149,2626,221,4,0.043553317610317444,56520,18.84,0.012837000267771619,0.925,WithoutSequenceFeatures
0.13533333333333333,0.5289709842489858,0.05407380343441724,0.9673202614379085,0.10242214532871972,0.7466752067880191,0.2591604325668528,0.2591604325668528,0.04507309927993834,0.9093782929399368,0.032679738562091505,148,2589,258,5,0.043553317610317444,56780,18.926666666666666,0.01339533604955274,0.9123333333333333,WithoutSequenceFeatures
0.14766666666666667,0.5354690523908896,0.054814814814814816,0.9673202614379085,0.10375043813529619,0.7466752067880191,0.2591604325668528,0.2591604325668528,0.05202073942731082,0.8963821566561293,0.032679738562091505,148,2552,295,5,0.043553317610317444,56040,18.68,0.013836950226412598,0.9,WithoutSequenceFeatures
0.15966666666666668,0.5386991466765843,0.055221637866265966,0.9607843137254902,0.1044404973357016,0.7466752067880191,0.2591604325668528,0.2591604325668528,0.053852820961210135,0.8833860203723217,0.0392156862745098,147,2515,332,6,0.043553317610317444,56300,18.766666666666666,0.014401584048690508,0.8873333333333333,WithoutSequenceFeatures
0.172,0.545197214818488,0.056,0.9607843137254902,0.10583153347732183,0.7466752067880191,0.2591604325668528,0.2591604325668528,0.060131332809767644,0.8703898840885143,0.0392156862745098,147,2478,369,6,0.043553317610317444,55560,18.52,0.01487187469342021,0.875,WithoutSequenceFeatures
0.17466666666666666,0.5466022025248456,0.0561711883836454,0.9607843137254902,0.10613718411552346,0.7466752067880191,0.2591604325668528,0.2591604325668528,0.06144331506599633,0.867579908675799,0.0392156862745098,147,2470,377,6,0.043553317610317444,55400,18.466666666666665,0.015,0.8723333333333333,WithoutSequenceFeatures
0.18466666666666667,0.5518709064236864,0.05682257441051411,0.9607843137254902,0.1072992700729927,0.7466752067880191,0.2591604325668528,0.2591604325668528,0.06623995696834328,0.8570425008781173,0.0392156862745098,147,2440,407,6,0.043553317610317444,54800,18.266666666666666,0.015313143991731313,0.8623333333333333,WithoutSequenceFeatures
0.19566666666666666,0.5514817799265825,0.056862745098039215,0.9477124183006536,0.1072881982981872,0.7466752067880191,0.2591604325668528,0.2591604325668528,0.06343758642980309,0.8447488584474886,0.05228758169934641,145,2405,442,8,0.043553317610317444,56100,18.7,0.015695682175144294,0.85,WithoutSequenceFeatures
0.20766666666666667,0.5547118742122771,0.05732484076433121,0.9411764705882353,0.10806754221388368,0.7466752067880191,0.2591604325668528,0.2591604325668528,0.06522758634362004,0.831752722163681,0.058823529411764705,144,2368,479,9,0.043553317610317444,56360,18.786666666666665,0.016137248846611774,0.8373333333333334,WithoutSequenceFeatures
0.22,0.5612099423541809,0.05818181818181818,0.9411764705882353,0.1095890410958904,0.7466752067880191,0.2591604325668528,0.2591604325668528,0.07088007392025321,0.8187565858798735,0.058823529411764705,144,2331,516,9,0.043553317610317444,55620,18.54,0.01642368779947213,0.825,WithoutSequenceFeatures
0.23266666666666666,0.5678836339593794,0.059089043906442346,0.9411764705882353,0.11119691119691118,0.7466752067880191,0.2591604325668528,0.2591604325668528,0.07649843766915644,0.8054092026694767,0.058823529411764705,144,2293,554,9,0.043553317610317444,54860,18.286666666666665,0.016715107344390655,0.8123333333333334,WithoutSequenceFeatures
0.24366666666666667,0.5674945074622754,0.059166666666666666,0.9281045751633987,0.11124167645906777,0.7466752067880191,0.2591604325668528,0.2591604325668528,0.07424319122150186,0.7931155602388479,0.0718954248366013,142,2258,589,11,0.043553317610317444,56160,18.72,0.01706844898695546,0.8,WithoutSequenceFeatures
0.25633333333333336,0.5741681990674739,0.060118543607112614,0.9281045751633987,0.1129224652087475,0.7466752067880191,0.2591604325668528,0.2591604325668528,0.07975113863778317,0.779768177028451,0.0718954248366013,142,2220,627,11,0.043553317610317444,55400,18.466666666666665,0.01750593082377727,0.7873333333333333,WithoutSequenceFeatures
0.268,0.5772226698898737,0.06064516129032258,0.9215686274509803,0.11380145278450363,0.7466752067880191,0.2591604325668528,0.2591604325668528,0.08136748498057272,0.7671232876712328,0.0784313725490196,141,2184,663,12,0.043553317610317444,55680,18.56,0.01793927409572859,0.775,WithoutSequenceFeatures
0.2806666666666667,0.5838963614950722,0.06165282028858767,0.9215686274509803,0.11557377049180328,0.7466752067880191,0.2591604325668528,0.2591604325668528,0.08672308601695068,0.753775904460836,0.0784313725490196,141,2146,701,12,0.043553317610317444,54920,18.30666666666667,0.018233171695968064,0.7623333333333333,WithoutSequenceFeatures
0.29233333333333333,0.5869508323174721,0.06222222222222222,0.9150326797385621,0.1165210153974199,0.7466752067880191,0.2591604325668528,0.2591604325668528,0.08835299939102707,0.7411310151036179,0.08496732026143791,140,2110,737,13,0.043553317610317444,55200,18.4,0.018634747029229168,0.75,WithoutSequenceFeatures
0.305,0.5936245239226705,0.06329113924050633,0.9150326797385621,0.11839323467230445,0.7466752067880191,0.2591604325668528,0.2591604325668528,0.09360593742799685,0.7277836318932209,0.08496732026143791,140,2072,775,13,0.043553317610317444,54440,18.14666666666667,0.01902815285249008,0.7373333333333333,WithoutSequenceFeatures
0.31666666666666665,0.5966789947450705,0.0639080459770115,0.9084967320261438,0.11941580756013746,0.7466752067880191,0.2591604325668528,0.2591604325668528,0.09526754323504354,0.7151387425360028,0.0915032679738562,139,2036,811,14,0.043553317610317444,54720,18.24,0.01948109548983114,0.725,WithoutSequenceFeatures
0.32866666666666666,0.5999090890307651,0.0645765091249415,0.9019607843137255,0.1205240174672489,0.7466752067880191,0.2591604325668528,0.2591604325668528,0.09711063295460662,0.7021426062521953,0.09803921568627451,138,1999,848,15,0.043553317610317444,54980,18.326666666666668,0.019896756044456763,0.7123333333333334,WithoutSequenceFeatures
0.341,0.6064071571726688,0.06571428571428571,0.9019607843137255,0.12250332889480692,0.7466752067880191,0.2591604325668528,0.2591604325668528,0.10216670405709667,0.6891464699683878,0.09803921568627451,138,1962,885,15,0.043553317610317444,54240,18.08,0.02034708875370306,0.7,WithoutSequenceFeatures
0.353,0.6096372514583634,0.06644034917555772,0.8954248366013072,0.12370203160270882,0.7466752067880191,0.2591604325668528,0.2591604325668528,0.10405952388250618,0.6761503336845802,0.10457516339869281,137,1925,922,16,0.043553317610317444,54500,18.166666666666668,0.02067760933260302,0.6873333333333334,WithoutSequenceFeatures
0.364,0.6092481249612596,0.06666666666666667,0.8823529411764706,0.12396694214876033,0.7466752067880191,0.2591604325668528,0.2591604325668528,0.10262864970296923,0.6638566912539515,0.11764705882352941,135,1890,957,18,0.043553317610317444,55800,18.6,0.021020116749430995,0.675,WithoutSequenceFeatures
0.37533333333333335,0.6090346219274503,0.0669350780070458,0.869281045751634,0.12429906542056075,0.7466752067880191,0.2591604325668528,0.2591604325668528,0.10144489814485955,0.6512118018967334,0.13071895424836602,133,1854,993,20,0.043553317610317444,57080,19.026666666666667,0.021441325853119378,0.6623333333333333,WithoutSequenceFeatures
0.387,0.6120890927498502,0.06769230769230769,0.8627450980392157,0.12553495007132667,0.7466752067880191,0.2591604325668528,0.2591604325668528,0.10340007253747428,0.6385669125395153,0.13725490196078433,132,1818,1029,21,0.043553317610317444,57360,19.12,0.021883990487117557,0.65,WithoutSequenceFeatures
0.39966666666666667,0.6187627843550487,0.06903765690376569,0.8627450980392157,0.12784503631961258,0.7466752067880191,0.2591604325668528,0.2591604325668528,0.10869045928722408,0.6252195293291184,0.13725490196078433,132,1780,1067,21,0.043553317610317444,56600,18.866666666666667,0.022394324862444477,0.6373333333333333,WithoutSequenceFeatures
0.412,0.6252608524969524,0.0704,0.8627450980392157,0.1301775147928994,0.7466752067880191,0.2591604325668528,0.2591604325668528,0.11384341382655686,0.6122233930453108,0.13725490196078433,132,1743,1104,21,0.043553317610317444,55860,18.62,0.022642962335966105,0.625,WithoutSequenceFeatures
0.424,0.6284909467826469,0.07131192161132281,0.8562091503267973,0.13165829145728644,0.7466752067880191,0.2591604325668528,0.2591604325668528,0.11603727954082389,0.5992272567615033,0.1437908496732026,131,1706,1141,22,0.043553317610317444,56120,18.706666666666667,0.02304582231299669,0.6123333333333333,WithoutSequenceFeatures
0.43566666666666665,0.6315454176050469,0.07222222222222222,0.8496732026143791,0.13312852022529442,0.7466752067880191,0.2591604325668528,0.2591604325668528,0.11814580154896173,0.5865823674042853,0.1503267973856209,130,1670,1177,23,0.043553317610317444,56400,18.8,0.023560589624869576,0.6,WithoutSequenceFeatures
0.44766666666666666,0.6347755118907416,0.07321225879682179,0.8431372549019608,0.13472584856396866,0.7466752067880191,0.2591604325668528,0.2591604325668528,0.12045287221363173,0.5735862311204777,0.1568627450980392,129,1633,1214,24,0.043553317610317444,56660,18.886666666666667,0.023911817785403754,0.5873333333333334,WithoutSequenceFeatures
0.46,0.6412735800326453,0.07478260869565218,0.8431372549019608,0.13738019169329074,0.7466752067880191,0.2591604325668528,0.2591604325668528,0.12574211280048878,0.5605900948366702,0.1568627450980392,129,1596,1251,24,0.043553317610317444,55920,18.64,0.024262606709636293,0.575,WithoutSequenceFeatures
0.4713333333333333,0.641060076998836,0.07528156490812092,0.8300653594771242,0.13804347826086957,0.7466752067880191,0.2591604325668528,0.2591604325668528,0.1251075896264516,0.547945205479452,0.16993464052287582,127,1560,1287,26,0.043553317610317444,57200,19.066666666666666,0.024563039139568237,0.5623333333333334,WithoutSequenceFeatures
0.4836666666666667,0.6475581451407398,0.07696969696969697,0.8300653594771242,0.14087631724902938,0.7466752067880191,0.2591604325668528,0.2591604325668528,0.13050398571547456,0.5349490691956446,0.16993464052287582,127,1523,1324,26,0.043553317610317444,56460,18.82,0.02497552050460246,0.55,WithoutSequenceFeatures
0.485,0.6482606389939186,0.07715674362089915,0.8300653594771242,0.14118954974986103,0.7466752067880191,0.2591604325668528,0.2591604325668528,0.1310904531140323,0.533544081489287,0.16993464052287582,127,1519,1328,26,0.043553317610317444,56380,18.793333333333333,0.025,0.5486666666666666,WithoutSequenceFeatures
0.495,0.6473446421069305,0.07754342431761786,0.8169934640522876,0.141643059490085,0.7466752067880191,0.2591604325668528,0.2591604325668528,0.1300249037835164,0.5223041798384264,0.1830065359477124,125,1487,1360,28,0.043553317610317444,57740,19.246666666666666,0.025452786853116433,0.5373333333333333,WithoutSequenceFeatures
0.506,0.6469555156098267,0.07809523809523809,0.803921568627451,0.1423611111111111,0.7466752067880191,0.2591604325668528,0.2591604325668528,0.12948147089317422,0.5100105374077977,0.19607843137254902,123,1452,1395,30,0.043553317610317444,59040,19.68,0.026004935879126823,0.525,WithoutSequenceFeatures
0.5173333333333333,0.6467420125760174,0.07872478854912167,0.7908496732026143,0.14319526627218934,0.7466752067880191,0.2591604325668528,0.2591604325668528,0.1291709396913073,0.49736564805057953,0.20915032679738563,121,1416,1431,32,0.043553317610317444,60320,20.106666666666666,0.02642327303808434,0.5123333333333333,WithoutSequenceFeatures
0.529,0.6497964833984173,0.08,0.7843137254901961,0.14519056261343014,0.7466752067880191,0.2591604325668528,0.2591604325668528,0.13181954359736042,0.48472075869336145,0.21568627450980393,120,1380,1467,33,0.043553317610317444,60600,20.2,0.02686364261355638,0.5,WithoutSequenceFeatures
0.5413333333333333,0.6562945515403211,0.08202323991797676,0.7843137254901961,0.1485148514851485,0.7466752067880191,0.2591604325668528,0.2591604325668528,0.13757964564262934,0.47172462240955393,0.21568627450980393,120,1343,1504,33,0.043553317610317444,59860,19.953333333333333,0.027284357420421877,0.4876666666666667,WithoutSequenceFeatures
0.5526666666666666,0.6560810485065118,0.08280701754385965,0.7712418300653595,0.14955640050697086,0.7466752067880191,0.2591604325668528,0.2591604325668528,0.1375219137254393,0.4590797330523358,0.22875816993464052,118,1307,1540,35,0.043553317610317444,61140,20.38,0.027894303333874194,0.475,WithoutSequenceFeatures
0.5636666666666666,0.655691922009408,0.08357348703170028,0.7581699346405228,0.15055158987670345,0.7466752067880191,0.2591604325668528,0.2591604325668528,0.13739099630411197,0.44678609062170704,0.24183006535947713,116,1272,1575,37,0.043553317610317444,62440,20.813333333333333,0.028308756287147917,0.46266666666666667,WithoutSequenceFeatures
0.5756666666666667,0.6589220162951025,0.08518518518518518,0.7516339869281046,0.15302727877578176,0.7466752067880191,0.2591604325668528,0.2591604325668528,0.14055446769589616,0.4337899543378995,0.24836601307189543,115,1235,1612,38,0.043553317610317444,62700,20.9,0.028779531948717626,0.45,WithoutSequenceFeatures
0.5873333333333334,0.6619764871175025,0.08682406702208682,0.7450980392156863,0.15552523874488405,0.7466752067880191,0.2591604325668528,0.2591604325668528,0.14365856244072467,0.42114506498068144,0.2549019607843137,114,1199,1648,39,0.043553317610317444,62980,20.993333333333332,0.029282238305780632,0.43766666666666665,WithoutSequenceFeatures
0.5973333333333334,0.6548757894446855,0.08627450980392157,0.7189542483660131,0.15406162464985992,0.7466752067880191,0.2591604325668528,0.2591604325668528,0.13784890976726344,0.4092026694766421,0.28104575163398693,110,1165,1682,43,0.043553317610317444,66300,22.1,0.02969078503257763,0.425,WithoutSequenceFeatures
0.6076666666666667,0.6510430656280777,0.0864297253634895,0.6993464052287581,0.15384615384615385,0.7466752067880191,0.2591604325668528,0.2591604325668528,0.13499166745961252,0.3972602739726027,0.3006535947712418,107,1131,1716,46,0.043553317610317444,68620,22.873333333333335,0.030178460182222557,0.4126666666666667,WithoutSequenceFeatures
0.6196666666666667,0.6542731599137723,0.08833333333333333,0.6928104575163399,0.15668883961566887,0.7466752067880191,0.2591604325668528,0.2591604325668528,0.13855842694747345,0.38426413768879525,0.30718954248366015,106,1094,1753,47,0.043553317610317444,68880,22.96,0.030737511724870086,0.4,WithoutSequenceFeatures
0.6306666666666667,0.6538840334166685,0.08942390369733448,0.6797385620915033,0.15805471124620063,0.7466752067880191,0.2591604325668528,0.2591604325668528,0.13896920405330038,0.3719704952581665,0.3202614379084967,104,1059,1788,49,0.043553317610317444,70180,23.393333333333334,0.03137803157398683,0.38766666666666666,WithoutSequenceFeatures
0.642,0.6536705303828592,0.09066666666666667,0.6666666666666666,0.1596244131455399,0.7466752067880191,0.2591604325668528,0.2591604325668528,0.13966356953979656,0.35932560590094836,0.3333333333333333,102,1023,1824,51,0.043553317610317444,71460,23.82,0.03210224623540059,0.375,WithoutSequenceFeatures
0.6536666666666666,0.656725001205259,0.09283088235294118,0.6601307189542484,0.1627719580983078,0.7466752067880191,0.2591604325668528,0.2591604325668528,0.14343308348063508,0.3466807165437302,0.33986928104575165,101,987,1860,52,0.043553317610317444,71740,23.913333333333334,0.03267584149720442,0.3626666666666667,WithoutSequenceFeatures
0.6663333333333333,0.6633986928104575,0.09619047619047619,0.6601307189542484,0.16791354945968412,0.7466752067880191,0.2591604325668528,0.2591604325668528,0.1507322101967175,0.3333333333333333,0.33986928104575165,101,949,1898,52,0.043553317610317444,70980,23.66,0.033274779758339104,0.35,WithoutSequenceFeatures
0.6786666666666666,0.6698967609523613,0.09970384995064166,0.6601307189542484,0.17324185248713553,0.7466752067880191,0.2591604325668528,0.2591604325668528,0.15807052205327782,0.3203371970495258,0.33986928104575165,101,912,1935,52,0.043553317610317444,70240,23.413333333333334,0.03392954656006355,0.33766666666666667,WithoutSequenceFeatures
0.6906666666666667,0.6731268552380558,0.10256410256410256,0.6535947712418301,0.17730496453900707,0.7466752067880191,0.2591604325668528,0.2591604325668528,0.16263689090045005,0.3073410607657183,0.3464052287581699,100,875,1972,53,0.043553317610317444,70500,23.5,0.03454505450394977,0.325,WithoutSequenceFeatures
0.695,0.6723176098679725,0.103125,0.6470588235294118,0.1778975741239892,0.7466752067880191,0.2591604325668528,0.2591604325668528,0.16253556546878906,0.30242360379346683,0.35294117647058826,99,861,1986,54,0.043553317610317444,71220,23.74,0.034999999999999996,0.32,WithoutSequenceFeatures
0.7023333333333334,0.6761813260604559,0.10554371002132196,0.6470588235294118,0.18148487626031162,0.7466752067880191,0.2591604325668528,0.2591604325668528,0.16721820971407694,0.2946961714085002,0.35294117647058826,99,839,2008,54,0.043553317610317444,70780,23.593333333333334,0.03539333375804168,0.31266666666666665,WithoutSequenceFeatures
0.7143333333333334,0.6794114203461503,0.10888888888888888,0.6405228758169934,0.18613485280151945,0.7466752067880191,0.2591604325668528,0.2591604325668528,0.1722616595914154,0.28170003512469266,0.35947712418300654,98,802,2045,55,0.043553317610317444,71040,23.68,0.03634499503922029,0.3,WithoutSequenceFeatures
0.7246666666666667,0.6755786965295426,0.1100811123986095,0.6209150326797386,0.187007874015748,0.7466752067880191,0.2591604325668528,0.2591604325668528,0.17066073285963282,0.2697576396206533,0.3790849673202614,95,768,2079,58,0.043553317610317444,73360,24.453333333333333,0.03727486080848322,0.2876666666666667,WithoutSequenceFeatures
0.7373333333333333,0.6822523881347411,0.11515151515151516,0.6209150326797386,0.19427402862985688,0.7466752067880191,0.2591604325668528,0.2591604325668528,0.17959161979393337,0.2564102564102564,0.3790849673202614,95,730,2117,58,0.043553317610317444,72600,24.2,0.03830851552101132,0.275,WithoutSequenceFeatures
0.7476666666666667,0.6784196643181333,0.116751269035533,0.6013071895424836,0.19553666312433582,0.7466752067880191,0.2591604325668528,0.2591604325668528,0.17838424415254422,0.24446786090621708,0.39869281045751637,92,696,2151,61,0.043553317610317444,74920,24.973333333333333,0.039400850434085415,0.26266666666666666,WithoutSequenceFeatures
0.7603333333333333,0.6850933559233318,0.12266666666666666,0.6013071895424836,0.20376522702104097,0.7466752067880191,0.2591604325668528,0.2591604325668528,0.18807816702050317,0.23112047769582017,0.39869281045751637,92,658,2189,61,0.043553317610317444,74160,24.72,0.04044359014094616,0.25,WithoutSequenceFeatures
0.772,0.6881478267457317,0.1276297335203366,0.5947712418300654,0.21016166281755197,0.7466752067880191,0.2591604325668528,0.2591604325668528,0.1944871013712652,0.21847558833860203,0.40522875816993464,91,622,2225,62,0.043553317610317444,74440,24.813333333333333,0.04176515048834706,0.23766666666666666,WithoutSequenceFeatures
0.7826666666666666,0.6844907263924185,0.13037037037037036,0.5751633986928104,0.21256038647342992,0.7466752067880191,0.2591604325668528,0.2591604325668528,0.19439299923452324,0.2061819459079733,0.42483660130718953,88,587,2260,65,0.043553317610317444,76740,25.58,0.0430902454467014,0.225,WithoutSequenceFeatures
0.7943333333333333,0.6875451972148185,0.13636363636363635,0.5686274509803921,0.21997471554993678,0.7466752067880191,0.2591604325668528,0.2591604325668528,0.20166248084738356,0.19353705655075518,0.43137254901960786,87,551,2296,66,0.043553317610317444,77020,25.673333333333332,0.0445480988410235,0.21266666666666667,WithoutSequenceFeatures
0.7986666666666666,0.6898283022376495,0.1392,0.5686274509803921,0.2236503856041131,0.7466752067880191,0.2591604325668528,0.2591604325668528,0.20566414885404452,0.18897084650509308,0.43137254901960786,87,538,2309,66,0.043553317610317444,76760,25.586666666666666,0.045,0.20833333333333334,WithoutSequenceFeatures
0.8056666666666666,0.6873316941810093,0.14166666666666666,0.5555555555555556,0.2257636122177955,0.7466752067880191,0.2591604325668528,0.2591604325668528,0.20606273481886228,0.18089216719353707,0.4444444444444444,85,515,2332,68,0.043553317610317444,78300,26.1,0.04576210525227999,0.2,WithoutSequenceFeatures
0.8173333333333334,0.6903861650034091,0.1492007104795737,0.5490196078431373,0.23463687150837986,0.7466752067880191,0.2591604325668528,0.2591604325668528,0.2145472086143485,0.16824727783631893,0.45098039215686275,84,479,2368,69,0.043553317610317444,78580,26.19333333333333,0.047380898542306676,0.18766666666666668,WithoutSequenceFeatures
0.8293333333333334,0.6936162592891038,0.1580952380952381,0.5424836601307189,0.24483775811209438,0.7466752067880191,0.2591604325668528,0.2591604325668528,0.22420434071258716,0.1552511415525114,0.45751633986928103,83,442,2405,70,0.043553317610317444,78840,26.28,0.04949550743323924,0.175,WithoutSequenceFeatures
0.8403333333333334,0.6932271327919999,0.16598360655737704,0.5294117647058824,0.2527301092043681,0.7466752067880191,0.2591604325668528,0.2591604325668528,0.23036570524378197,0.1429574991218827,0.47058823529411764,81,407,2440,72,0.043553317610317444,80140,26.713333333333335,0.05212461078720149,0.16266666666666665,WithoutSequenceFeatures
0.8503333333333334,0.6861264351191829,0.1711111111111111,0.5032679738562091,0.2553897180762852,0.7466752067880191,0.2591604325668528,0.2591604325668528,0.22935127401544195,0.13101510361784335,0.49673202614379086,77,373,2474,76,0.043553317610317444,83460,27.82,0.05408572441861196,0.15,WithoutSequenceFeatures
0.854,0.6849659428225101,0.17391304347826086,0.49673202614379086,0.2576271186440678,0.7466752067880191,0.2591604325668528,0.2591604325668528,0.2306992558242517,0.12680014049877064,0.5032679738562091,76,361,2486,77,0.043553317610317444,84220,28.073333333333334,0.055,0.14566666666666667,WithoutSequenceFeatures
0.8613333333333333,0.6857373086220789,0.18159806295399517,0.49019607843137253,0.265017667844523,0.7466752067880191,0.2591604325668528,0.2591604325668528,0.23718944161199837,0.1187214611872146,0.5098039215686274,75,338,2509,78,0.043553317610317444,84760,28.253333333333334,0.0573533957507924,0.13766666666666666,WithoutSequenceFeatures
0.8733333333333333,0.6889674029077736,0.19733333333333333,0.48366013071895425,0.2803030303030303,0.7466752067880191,0.2591604325668528,0.2591604325668528,0.2514062390808381,0.1057253249034071,0.5163398692810458,74,301,2546,79,0.043553317610317444,85020,28.34,0.060298818411567395,0.125,WithoutSequenceFeatures
0.8823333333333333,0.6782474844521581,0.20414201183431951,0.45098039215686275,0.2810590631364562,0.7466752067880191,0.2591604325668528,0.2591604325668528,0.24804500076474095,0.09448542325254654,0.5490196078431373,69,269,2578,84,0.043553317610317444,89380,29.793333333333333,0.06377677857360588,0.11266666666666666,WithoutSequenceFeatures
0.8856666666666667,0.6769113686921906,0.2085889570552147,0.4444444444444444,0.28392484342379953,0.7466752067880191,0.2591604325668528,0.2591604325668528,0.2501126660865109,0.09062170706006323,0.5555555555555556,68,258,2589,85,0.043553317610317444,90160,30.053333333333335,0.065,0.10866666666666666,WithoutSequenceFeatures
0.893,0.674590384098845,0.22,0.43137254901960786,0.29139072847682124,0.7466752067880191,0.2591604325668528,0.2591604325668528,0.2560632513557921,0.0821917808219178,0.5686274509803921,66,234,2613,87,0.043553317610317444,91680,30.56,0.06800686315682061,0.1,WithoutSequenceFeatures
0.9013333333333333,0.6604268683237257,0.22813688212927757,0.39215686274509803,0.2884615384615385,0.7466752067880191,0.2591604325668528,0.2591604325668528,0.24959235423207982,0.07130312609764665,0.6078431372549019,60,203,2644,93,0.043553317610317444,97060,32.35333333333333,0.07440920982691478,0.08766666666666667,WithoutSequenceFeatures
0.9023333333333333,0.6609537387136097,0.23076923076923078,0.39215686274509803,0.29055690072639223,0.7466752067880191,0.2591604325668528,0.2591604325668528,0.25171468814740944,0.07024938531787847,0.6078431372549019,60,200,2647,93,0.043553317610317444,97000,32.333333333333336,0.07500000000000001,0.08666666666666667,WithoutSequenceFeatures
0.9133333333333333,0.6636569626094203,0.26222222222222225,0.38562091503267976,0.3121693121693122,0.7466752067880191,0.2591604325668528,0.2591604325668528,0.27338908942226836,0.05830698981383913,0.6143790849673203,59,166,2681,94,0.043553317610317444,97320,32.44,0.08207513421856212,0.075,WithoutSequenceFeatures
0.916,0.6619695999228634,0.26976744186046514,0.3790849673202614,0.31521739130434784,0.7466752067880191,0.2591604325668528,0.2591604325668528,0.2762937903784616,0.0551457674745346,0.6209150326797386,58,157,2690,95,0.043553317610317444,98140,32.71333333333333,0.085,0.07166666666666667,WithoutSequenceFeatures
0.9216666666666666,0.6525857972272154,0.28421052631578947,0.35294117647058826,0.314868804664723,0.7466752067880191,0.2591604325668528,0.2591604325668528,0.27564720636445145,0.04776958201615736,0.6470588235294118,54,136,2711,99,0.043553317610317444,101720,33.906666666666666,0.095,0.06333333333333334,WithoutSequenceFeatures
0.9223333333333333,0.6529370441538048,0.2872340425531915,0.35294117647058826,0.3167155425219942,0.7466752067880191,0.2591604325668528,0.2591604325668528,0.2776486422729681,0.047067088162978575,0.6470588235294118,54,134,2713,99,0.043553317610317444,101680,33.89333333333333,0.09663395572834578,0.06266666666666666,WithoutSequenceFeatures
0.9266666666666666,0.649035448390807,0.30409356725146197,0.33986928104575165,0.32098765432098764,0.7466752067880191,0.2591604325668528,0.2591604325668528,0.2828423873408497,0.04179838426413769,0.6601307189542484,52,119,2728,101,0.043553317610317444,103380,34.46,0.10500000000000001,0.057,WithoutSequenceFeatures
0.9303333333333333,0.6416902553083053,0.3181818181818182,0.3202614379084967,0.3192182410423453,0.7466752067880191,0.2591604325668528,0.2591604325668528,0.2825085650300887,0.0368809272918862,0.6797385620915033,49,105,2742,104,0.043553317610317444,106100,35.36666666666667,0.115,0.051333333333333335,WithoutSequenceFeatures
0.9316666666666666,0.642392749161484,0.32666666666666666,0.3202614379084967,0.3234323432343234,0.7466752067880191,0.2591604325668528,0.2591604325668528,0.28746783625614114,0.035475939585528624,0.6797385620915033,49,101,2746,104,0.043553317610317444,106020,35.34,0.11643924292801854,0.05,WithoutSequenceFeatures
0.9343333333333333,0.6376130360820127,0.34057971014492755,0.30718954248366015,0.3230240549828179,0.7466752067880191,0.2591604325668528,0.2591604325668528,0.28903781353596875,0.0319634703196347,0.6928104575163399,47,91,2756,106,0.043553317610317444,107820,35.94,0.125,0.046,WithoutSequenceFeatures
0.936,0.6353988030055717,0.3511450381679389,0.3006535947712418,0.323943661971831,0.7466752067880191,0.2591604325668528,0.2591604325668528,0.2915300638055635,0.02985598876009835,0.6993464052287581,46,85,2762,107,0.043553317610317444,108700,36.233333333333334,0.135,0.043666666666666666,WithoutSequenceFeatures
0.9383333333333334,0.6335358168557201,0.36885245901639346,0.29411764705882354,0.32727272727272727,0.7466752067880191,0.2591604325668528,0.2591604325668528,0.29746912905398964,0.02704601334738321,0.7058823529411765,45,77,2770,108,0.043553317610317444,109540,36.513333333333335,0.14500000000000002,0.04066666666666666,WithoutSequenceFeatures
0.94,0.6282292333863647,0.3805309734513274,0.28104575163398693,0.3233082706766917,0.7466752067880191,0.2591604325668528,0.2591604325668528,0.29634245665502335,0.024587284861257466,0.7189542483660131,43,70,2777,110,0.043553317610317444,111400,37.13333333333333,0.1546799076793993,0.03766666666666667,WithoutSequenceFeatures
0.9403333333333334,0.6284048568496594,0.38392857142857145,0.28104575163398693,0.32452830188679244,0.7466752067880191,0.2591604325668528,0.2591604325668528,0.29801854488107715,0.02423603793466807,0.7189542483660131,43,69,2778,110,0.043553317610317444,111380,37.126666666666665,0.155,0.037333333333333336,WithoutSequenceFeatures
0.9423333333333334,0.6232738968435987,0.4019607843137255,0.2679738562091503,0.32156862745098036,0.7466752067880191,0.2591604325668528,0.2591604325668528,0.2992893706331602,0.02142606252195293,0.7320261437908496,41,61,2786,112,0.043553317610317444,113220,37.74,0.165,0.034,WithoutSequenceFeatures
0.9433333333333334,0.6145237160547394,0.40860215053763443,0.24836601307189543,0.3089430894308943,0.7466752067880191,0.2591604325668528,0.2591604325668528,0.2907373890801737,0.01931858096241658,0.7516339869281046,38,55,2792,115,0.043553317610317444,116100,38.7,0.17500000000000002,0.031,WithoutSequenceFeatures
0.9456666666666667,0.6157530802978023,0.4418604651162791,0.24836601307189543,0.3179916317991632,0.7466752067880191,0.2591604325668528,0.2591604325668528,0.30521649596768413,0.01685985247629083,0.7516339869281046,38,48,2799,115,0.043553317610317444,115960,38.653333333333336,0.185,0.028666666666666667,WithoutSequenceFeatures
0.9463333333333334,0.6099196264385628,0.45,0.23529411764705882,0.30901287553648066,0.7466752067880191,0.2591604325668528,0.2591604325668528,0.3001983281041847,0.015454864769933263,0.7647058823529411,36,44,2803,117,0.043553317610317444,117880,39.29333333333334,0.195,0.02666666666666667,WithoutSequenceFeatures
0.9473333333333334,0.6073541464355324,0.4666666666666667,0.22875816993464052,0.30701754385964913,0.7466752067880191,0.2591604325668528,0.2591604325668528,0.30254828884066814,0.014049877063575694,0.7712418300653595,35,40,2807,118,0.043553317610317444,118800,39.6,0.20116103741200972,0.025,WithoutSequenceFeatures
0.947,0.6040861725793232,0.4594594594594595,0.2222222222222222,0.29955947136563876,0.7466752067880191,0.2591604325668528,0.2591604325668528,0.2952632956948687,0.014049877063575694,0.7777777777777778,34,40,2807,119,0.043553317610317444,119800,39.93333333333333,0.20500000000000002,0.024666666666666667,WithoutSequenceFeatures
0.9456666666666667,0.5817372259757433,0.421875,0.17647058823529413,0.24884792626728108,0.7466752067880191,0.2591604325668528,0.2591604325668528,0.24889795389237923,0.012996136283807516,0.8235294117647058,27,37,2810,126,0.043553317610317444,126740,42.24666666666667,0.215,0.021333333333333333,WithoutSequenceFeatures
0.9486666666666667,0.5833178371453955,0.4909090909090909,0.17647058823529413,0.25961538461538464,0.7466752067880191,0.2591604325668528,0.2591604325668528,0.2732646397135529,0.009834913944502985,0.8235294117647058,27,28,2819,126,0.043553317610317444,126560,42.18666666666667,0.225,0.018333333333333333,WithoutSequenceFeatures
0.949,0.5742164094299469,0.5,0.1568627450980392,0.23880597014925373,0.7466752067880191,0.2591604325668528,0.2591604325668528,0.26024991051460145,0.008429926238145416,0.8431372549019608,24,24,2823,129,0.043553317610317444,129480,43.16,0.23500000000000001,0.016,WithoutSequenceFeatures
0.9496666666666667,0.5745676563565363,0.5217391304347826,0.1568627450980392,0.24120603015075376,0.7466752067880191,0.2591604325668528,0.2591604325668528,0.26701507230717453,0.007727432384966632,0.8431372549019608,24,22,2825,129,0.043553317610317444,129440,43.14666666666667,0.245,0.015333333333333332,WithoutSequenceFeatures
0.9493333333333334,0.5651149817144983,0.5121951219512195,0.13725490196078433,0.21649484536082478,0.7466752067880191,0.2591604325668528,0.2591604325668528,0.24676636096318597,0.007024938531787847,0.8627450980392157,21,20,2827,132,0.043553317610317444,132400,44.13333333333333,0.255,0.013666666666666667,WithoutSequenceFeatures
0.9496666666666667,0.565290605177793,0.525,0.13725490196078433,0.21761658031088082,0.7466752067880191,0.2591604325668528,0.2591604325668528,0.2504634091024151,0.0066736916051984545,0.8627450980392157,21,19,2828,132,0.043553317610317444,132380,44.126666666666665,0.265,0.013333333333333334,WithoutSequenceFeatures
0.9503333333333334,0.5656418521043823,0.5526315789473685,0.13725490196078433,0.2198952879581152,0.7466752067880191,0.2591604325668528,0.2591604325668528,0.2582652324308239,0.00597119775201967,0.8627450980392157,21,17,2830,132,0.043553317610317444,132340,44.11333333333334,0.2681822232161737,0.012666666666666666,WithoutSequenceFeatures
0.9513333333333334,0.5599840217084375,0.6129032258064516,0.12418300653594772,0.2065217391304348,0.7466752067880191,0.2591604325668528,0.2591604325668528,0.2609871225373206,0.004214963119072708,0.8758169934640523,19,12,2835,134,0.043553317610317444,134240,44.74666666666667,0.275,0.010333333333333333,WithoutSequenceFeatures
0.952,0.554150567849198,0.68,0.1111111111111111,0.19101123595505617,0.7466752067880191,0.2591604325668528,0.2591604325668528,0.26209514153148883,0.0028099754127151387,0.8888888888888888,17,8,2839,136,0.043553317610317444,136160,45.38666666666666,0.28500000000000003,0.008333333333333333,WithoutSequenceFeatures
0.9516666666666667,0.5508825939929889,0.6666666666666666,0.10457516339869281,0.1807909604519774,0.7466752067880191,0.2591604325668528,0.2591604325668528,0.25131395444668536,0.0028099754127151387,0.8954248366013072,16,8,2839,137,0.043553317610317444,137160,45.72,0.295,0.008,WithoutSequenceFeatures
0.9516666666666667,0.5477902436000744,0.6818181818181818,0.09803921568627451,0.17142857142857143,0.7466752067880191,0.2591604325668528,0.2591604325668528,0.246453506594899,0.0024587284861257463,0.9019607843137255,15,7,2840,138,0.043553317610317444,138140,46.04666666666667,0.305,0.007333333333333333,WithoutSequenceFeatures
0.952,0.5479658670633691,0.7142857142857143,0.09803921568627451,0.1724137931034483,0.7466752067880191,0.2591604325668528,0.2591604325668528,0.2531377089466444,0.002107481559536354,0.9019607843137255,15,6,2841,138,0.043553317610317444,138120,46.04,0.315,0.007,WithoutSequenceFeatures
0.952,0.5479658670633691,0.7142857142857143,0.09803921568627451,0.1724137931034483,0.7466752067880191,0.2591604325668528,0.2591604325668528,0.2531377089466444,0.002107481559536354,0.9019607843137255,15,6,2841,138,0.043553317610317444,138120,46.04,0.325,0.007,WithoutSequenceFeatures
0.9516666666666667,0.5416055428142454,0.7222222222222222,0.08496732026143791,0.15204678362573099,0.7466752067880191,0.2591604325668528,0.2591604325668528,0.23704487220293446,0.0017562346329469617,0.9150326797385621,13,5,2842,140,0.043553317610317444,140100,46.7,0.335,0.006,WithoutSequenceFeatures
0.9513333333333334,0.5383375689580363,0.7058823529411765,0.0784313725490196,0.1411764705882353,0.7466752067880191,0.2591604325668528,0.2591604325668528,0.22472062156789577,0.0017562346329469617,0.9215686274509803,12,5,2842,141,0.043553317610317444,141100,47.03333333333333,0.34500000000000003,0.005666666666666667,WithoutSequenceFeatures
0.9506666666666667,0.531801621245618,0.6666666666666666,0.06535947712418301,0.11904761904761907,0.7466752067880191,0.2591604325668528,0.2591604325668528,0.1983813805641641,0.0017562346329469617,0.934640522875817,10,5,2842,143,0.043553317610317444,143100,47.7,0.35500000000000004,0.005,WithoutSequenceFeatures
0.95,0.5252656735331998,0.6153846153846154,0.05228758169934641,0.0963855421686747,0.7466752067880191,0.2591604325668528,0.2591604325668528,0.16924312561043867,0.0017562346329469617,0.9477124183006536,8,5,2842,145,0.043553317610317444,145100,48.36666666666667,0.365,0.004333333333333333,WithoutSequenceFeatures
0.9503333333333334,0.5254412969964944,0.6666666666666666,0.05228758169934641,0.09696969696969696,0.7466752067880191,0.2591604325668528,0.2591604325668528,0.1773486034441522,0.0014049877063575693,0.9477124183006536,8,4,2843,145,0.043553317610317444,145080,48.36,0.375,0.004,WithoutSequenceFeatures
0.951,0.5257925439230838,0.8,0.05228758169934641,0.09815950920245399,0.7466752067880191,0.2591604325668528,0.2591604325668528,0.19689198131072042,0.0007024938531787847,0.9477124183006536,8,2,2845,145,0.043553317610317444,145040,48.346666666666664,0.385,0.0033333333333333335,WithoutSequenceFeatures
0.9503333333333334,0.5192565962106656,0.75,0.0392156862745098,0.07453416149068323,0.7466752067880191,0.2591604325668528,0.2591604325668528,0.16429455876956833,0.0007024938531787847,0.9607843137254902,6,2,2845,147,0.043553317610317444,147040,49.013333333333335,0.395,0.0026666666666666666,WithoutSequenceFeatures
0.9503333333333334,0.5192565962106656,0.75,0.0392156862745098,0.07453416149068323,0.7466752067880191,0.2591604325668528,0.2591604325668528,0.16429455876956833,0.0007024938531787847,0.9607843137254902,6,2,2845,147,0.043553317610317444,147040,49.013333333333335,0.405,0.0026666666666666666,WithoutSequenceFeatures
0.95,0.5159886223544564,0.7142857142857143,0.032679738562091505,0.0625,0.7466752067880191,0.2591604325668528,0.2591604325668528,0.14580691156588269,0.0007024938531787847,0.9673202614379085,5,2,2845,148,0.043553317610317444,148040,49.346666666666664,0.41500000000000004,0.0023333333333333335,WithoutSequenceFeatures
0.9496666666666667,0.5127206484982472,0.6666666666666666,0.026143790849673203,0.05031446540880503,0.7466752067880191,0.2591604325668528,0.2591604325668528,0.12527868140084916,0.0007024938531787847,0.9738562091503268,4,2,2845,149,0.043553317610317444,149040,49.68,0.425,0.002,WithoutSequenceFeatures
0.949,0.5061847007858289,0.5,0.013071895424836602,0.02547770700636943,0.7466752067880191,0.2591604325668528,0.2591604325668528,0.07457396556973096,0.0007024938531787847,0.9869281045751634,2,2,2845,151,0.043553317610317444,151040,50.346666666666664,0.435,0.0013333333333333333,WithoutSequenceFeatures
0.9486666666666667,0.5029167269296198,0.3333333333333333,0.006535947712418301,0.01282051282051282,0.7466752067880191,0.2591604325668528,0.2591604325668528,0.040603289275935706,0.0007024938531787847,0.9934640522875817,1,2,2845,152,0.043553317610317444,152040,50.68,0.445,0.001,WithoutSequenceFeatures
0.9486666666666667,0.5029167269296198,0.3333333333333333,0.006535947712418301,0.01282051282051282,0.7466752067880191,0.2591604325668528,0.2591604325668528,0.040603289275935706,0.0007024938531787847,0.9934640522875817,1,2,2845,152,0.043553317610317444,152040,50.68,0.455,0.001,WithoutSequenceFeatures
0.9486666666666667,0.4998243765367053,0.0,0.0,0.0,0.7466752067880191,0.2591604325668528,0.2591604325668528,-0.0042331508885077515,0.00035124692658939234,1.0,0,1,2846,153,0.043553317610317444,153020,51.00666666666667,0.465,0.0003333333333333333,WithoutSequenceFeatures
0.9486666666666667,0.4998243765367053,0.0,0.0,0.0,0.7466752067880191,0.2591604325668528,0.2591604325668528,-0.0042331508885077515,0.00035124692658939234,1.0,0,1,2846,153,0.043553317610317444,153020,51.00666666666667,0.47500000000000003,0.0003333333333333333,WithoutSequenceFeatures
0.9486666666666667,0.4998243765367053,0.0,0.0,0.0,0.7466752067880191,0.2591604325668528,0.2591604325668528,-0.0042331508885077515,0.00035124692658939234,1.0,0,1,2846,153,0.043553317610317444,153020,51.00666666666667,0.485,0.0003333333333333333,WithoutSequenceFeatures
0.9486666666666667,0.4998243765367053,0.0,0.0,0.0,0.7466752067880191,0.2591604325668528,0.2591604325668528,-0.0042331508885077515,0.00035124692658939234,1.0,0,1,2846,153,0.043553317610317444,153020,51.00666666666667,0.4859824391713999,0.0003333333333333333,WithoutSequenceFeatures
0.949,0.5,0.0,0.0,0.0,0.7466752067880191,0.2591604325668528,0.2591604325668528,0.0,0.0,1.0,0,0,2847,153,0.043553317610317444,153000,51.0,0.495,0.0,WithoutSequenceFeatures
0.949,0.5,0.0,0.0,0.0,0.7466752067880191,0.2591604325668528,0.2591604325668528,0.0,0.0,1.0,0,0,2847,153,0.043553317610317444,153000,51.0,0.505,0.0,WithoutSequenceFeatures
0.949,0.5,0.0,0.0,0.0,0.7466752067880191,0.2591604325668528,0.2591604325668528,0.0,0.0,1.0,0,0,2847,153,0.043553317610317444,153000,51.0,0.515,0.0,WithoutSequenceFeatures
0.949,0.5,0.0,0.0,0.0,0.7466752067880191,0.2591604325668528,0.2591604325668528,0.0,0.0,1.0,0,0,2847,153,0.043553317610317444,153000,51.0,0.525,0.0,WithoutSequenceFeatures
0.949,0.5,0.0,0.0,0.0,0.7466752067880191,0.2591604325668528,0.2591604325668528,0.0,0.0,1.0,0,0,2847,153,0.043553317610317444,153000,51.0,0.535,0.0,WithoutSequenceFeatures
0.949,0.5,0.0,0.0,0.0,0.7466752067880191,0.2591604325668528,0.2591604325668528,0.0,0.0,1.0,0,0,2847,153,0.043553317610317444,153000,51.0,0.545,0.0,WithoutSequenceFeatures
0.949,0.5,0.0,0.0,0.0,0.7466752067880191,0.2591604325668528,0.2591604325668528,0.0,0.0,1.0,0,0,2847,153,0.043553317610317444,153000,51.0,0.555,0.0,WithoutSequenceFeatures
0.949,0.5,0.0,0.0,0.0,0.7466752067880191,0.2591604325668528,0.2591604325668528,0.0,0.0,1.0,0,0,2847,153,0.043553317610317444,153000,51.0,0.5650000000000001,0.0,WithoutSequenceFeatures
0.949,0.5,0.0,0.0,0.0,0.7466752067880191,0.2591604325668528,0.2591604325668528,0.0,0.0,1.0,0,0,2847,153,0.043553317610317444,153000,51.0,0.5750000000000001,0.0,WithoutSequenceFeatures
0.949,0.5,0.0,0.0,0.0,0.7466752067880191,0.2591604325668528,0.2591604325668528,0.0,0.0,1.0,0,0,2847,153,0.043553317610317444,153000,51.0,0.585,0.0,WithoutSequenceFeatures
0.949,0.5,0.0,0.0,0.0,0.7466752067880191,0.2591604325668528,0.2591604325668528,0.0,0.0,1.0,0,0,2847,153,0.043553317610317444,153000,51.0,0.595,0.0,WithoutSequenceFeatures
0.949,0.5,0.0,0.0,0.0,0.7466752067880191,0.2591604325668528,0.2591604325668528,0.0,0.0,1.0,0,0,2847,153,0.043553317610317444,153000,51.0,0.605,0.0,WithoutSequenceFeatures
0.949,0.5,0.0,0.0,0.0,0.7466752067880191,0.2591604325668528,0.2591604325668528,0.0,0.0,1.0,0,0,2847,153,0.043553317610317444,153000,51.0,0.615,0.0,WithoutSequenceFeatures
0.949,0.5,0.0,0.0,0.0,0.7466752067880191,0.2591604325668528,0.2591604325668528,0.0,0.0,1.0,0,0,2847,153,0.043553317610317444,153000,51.0,0.625,0.0,WithoutSequenceFeatures
0.949,0.5,0.0,0.0,0.0,0.7466752067880191,0.2591604325668528,0.2591604325668528,0.0,0.0,1.0,0,0,2847,153,0.043553317610317444,153000,51.0,0.635,0.0,WithoutSequenceFeatures
0.949,0.5,0.0,0.0,0.0,0.7466752067880191,0.2591604325668528,0.2591604325668528,0.0,0.0,1.0,0,0,2847,153,0.043553317610317444,153000,51.0,0.645,0.0,WithoutSequenceFeatures
0.949,0.5,0.0,0.0,0.0,0.7466752067880191,0.2591604325668528,0.2591604325668528,0.0,0.0,1.0,0,0,2847,153,0.043553317610317444,153000,51.0,0.655,0.0,WithoutSequenceFeatures
0.949,0.5,0.0,0.0,0.0,0.7466752067880191,0.2591604325668528,0.2591604325668528,0.0,0.0,1.0,0,0,2847,153,0.043553317610317444,153000,51.0,0.665,0.0,WithoutSequenceFeatures
0.949,0.5,0.0,0.0,0.0,0.7466752067880191,0.2591604325668528,0.2591604325668528,0.0,0.0,1.0,0,0,2847,153,0.043553317610317444,153000,51.0,0.675,0.0,WithoutSequenceFeatures
0.949,0.5,0.0,0.0,0.0,0.7466752067880191,0.2591604325668528,0.2591604325668528,0.0,0.0,1.0,0,0,2847,153,0.043553317610317444,153000,51.0,0.685,0.0,WithoutSequenceFeatures
0.949,0.5,0.0,0.0,0.0,0.7466752067880191,0.2591604325668528,0.2591604325668528,0.0,0.0,1.0,0,0,2847,153,0.043553317610317444,153000,51.0,0.6950000000000001,0.0,WithoutSequenceFeatures
0.949,0.5,0.0,0.0,0.0,0.7466752067880191,0.2591604325668528,0.2591604325668528,0.0,0.0,1.0,0,0,2847,153,0.043553317610317444,153000,51.0,0.7050000000000001,0.0,WithoutSequenceFeatures
0.949,0.5,0.0,0.0,0.0,0.7466752067880191,0.2591604325668528,0.2591604325668528,0.0,0.0,1.0,0,0,2847,153,0.043553317610317444,153000,51.0,0.715,0.0,WithoutSequenceFeatures
0.949,0.5,0.0,0.0,0.0,0.7466752067880191,0.2591604325668528,0.2591604325668528,0.0,0.0,1.0,0,0,2847,153,0.043553317610317444,153000,51.0,0.725,0.0,WithoutSequenceFeatures
0.949,0.5,0.0,0.0,0.0,0.7466752067880191,0.2591604325668528,0.2591604325668528,0.0,0.0,1.0,0,0,2847,153,0.043553317610317444,153000,51.0,0.735,0.0,WithoutSequenceFeatures
0.949,0.5,0.0,0.0,0.0,0.7466752067880191,0.2591604325668528,0.2591604325668528,0.0,0.0,1.0,0,0,2847,153,0.043553317610317444,153000,51.0,0.745,0.0,WithoutSequenceFeatures
0.949,0.5,0.0,0.0,0.0,0.7466752067880191,0.2591604325668528,0.2591604325668528,0.0,0.0,1.0,0,0,2847,153,0.043553317610317444,153000,51.0,0.755,0.0,WithoutSequenceFeatures
0.949,0.5,0.0,0.0,0.0,0.7466752067880191,0.2591604325668528,0.2591604325668528,0.0,0.0,1.0,0,0,2847,153,0.043553317610317444,153000,51.0,0.765,0.0,WithoutSequenceFeatures
0.949,0.5,0.0,0.0,0.0,0.7466752067880191,0.2591604325668528,0.2591604325668528,0.0,0.0,1.0,0,0,2847,153,0.043553317610317444,153000,51.0,0.775,0.0,WithoutSequenceFeatures
0.949,0.5,0.0,0.0,0.0,0.7466752067880191,0.2591604325668528,0.2591604325668528,0.0,0.0,1.0,0,0,2847,153,0.043553317610317444,153000,51.0,0.785,0.0,WithoutSequenceFeatures
0.949,0.5,0.0,0.0,0.0,0.7466752067880191,0.2591604325668528,0.2591604325668528,0.0,0.0,1.0,0,0,2847,153,0.043553317610317444,153000,51.0,0.795,0.0,WithoutSequenceFeatures
0.949,0.5,0.0,0.0,0.0,0.7466752067880191,0.2591604325668528,0.2591604325668528,0.0,0.0,1.0,0,0,2847,153,0.043553317610317444,153000,51.0,0.805,0.0,WithoutSequenceFeatures
0.949,0.5,0.0,0.0,0.0,0.7466752067880191,0.2591604325668528,0.2591604325668528,0.0,0.0,1.0,0,0,2847,153,0.043553317610317444,153000,51.0,0.8150000000000001,0.0,WithoutSequenceFeatures
0.949,0.5,0.0,0.0,0.0,0.7466752067880191,0.2591604325668528,0.2591604325668528,0.0,0.0,1.0,0,0,2847,153,0.043553317610317444,153000,51.0,0.8250000000000001,0.0,WithoutSequenceFeatures
0.949,0.5,0.0,0.0,0.0,0.7466752067880191,0.2591604325668528,0.2591604325668528,0.0,0.0,1.0,0,0,2847,153,0.043553317610317444,153000,51.0,0.8350000000000001,0.0,WithoutSequenceFeatures
0.949,0.5,0.0,0.0,0.0,0.7466752067880191,0.2591604325668528,0.2591604325668528,0.0,0.0,1.0,0,0,2847,153,0.043553317610317444,153000,51.0,0.845,0.0,WithoutSequenceFeatures
0.949,0.5,0.0,0.0,0.0,0.7466752067880191,0.2591604325668528,0.2591604325668528,0.0,0.0,1.0,0,0,2847,153,0.043553317610317444,153000,51.0,0.855,0.0,WithoutSequenceFeatures
0.949,0.5,0.0,0.0,0.0,0.7466752067880191,0.2591604325668528,0.2591604325668528,0.0,0.0,1.0,0,0,2847,153,0.043553317610317444,153000,51.0,0.865,0.0,WithoutSequenceFeatures
0.949,0.5,0.0,0.0,0.0,0.7466752067880191,0.2591604325668528,0.2591604325668528,0.0,0.0,1.0,0,0,2847,153,0.043553317610317444,153000,51.0,0.875,0.0,WithoutSequenceFeatures
0.949,0.5,0.0,0.0,0.0,0.7466752067880191,0.2591604325668528,0.2591604325668528,0.0,0.0,1.0,0,0,2847,153,0.043553317610317444,153000,51.0,0.885,0.0,WithoutSequenceFeatures
0.949,0.5,0.0,0.0,0.0,0.7466752067880191,0.2591604325668528,0.2591604325668528,0.0,0.0,1.0,0,0,2847,153,0.043553317610317444,153000,51.0,0.895,0.0,WithoutSequenceFeatures
0.949,0.5,0.0,0.0,0.0,0.7466752067880191,0.2591604325668528,0.2591604325668528,0.0,0.0,1.0,0,0,2847,153,0.043553317610317444,153000,51.0,0.905,0.0,WithoutSequenceFeatures
0.949,0.5,0.0,0.0,0.0,0.7466752067880191,0.2591604325668528,0.2591604325668528,0.0,0.0,1.0,0,0,2847,153,0.043553317610317444,153000,51.0,0.915,0.0,WithoutSequenceFeatures
0.949,0.5,0.0,0.0,0.0,0.7466752067880191,0.2591604325668528,0.2591604325668528,0.0,0.0,1.0,0,0,2847,153,0.043553317610317444,153000,51.0,0.925,0.0,WithoutSequenceFeatures
0.949,0.5,0.0,0.0,0.0,0.7466752067880191,0.2591604325668528,0.2591604325668528,0.0,0.0,1.0,0,0,2847,153,0.043553317610317444,153000,51.0,0.935,0.0,WithoutSequenceFeatures
0.949,0.5,0.0,0.0,0.0,0.7466752067880191,0.2591604325668528,0.2591604325668528,0.0,0.0,1.0,0,0,2847,153,0.043553317610317444,153000,51.0,0.9450000000000001,0.0,WithoutSequenceFeatures
0.949,0.5,0.0,0.0,0.0,0.7466752067880191,0.2591604325668528,0.2591604325668528,0.0,0.0,1.0,0,0,2847,153,0.043553317610317444,153000,51.0,0.9550000000000001,0.0,WithoutSequenceFeatures
0.949,0.5,0.0,0.0,0.0,0.7466752067880191,0.2591604325668528,0.2591604325668528,0.0,0.0,1.0,0,0,2847,153,0.043553317610317444,153000,51.0,0.965,0.0,WithoutSequenceFeatures
0.949,0.5,0.0,0.0,0.0,0.7466752067880191,0.2591604325668528,0.2591604325668528,0.0,0.0,1.0,0,0,2847,153,0.043553317610317444,153000,51.0,0.975,0.0,WithoutSequenceFeatures
0.949,0.5,0.0,0.0,0.0,0.7466752067880191,0.2591604325668528,0.2591604325668528,0.0,0.0,1.0,0,0,2847,153,0.043553317610317444,153000,51.0,0.985,0.0,WithoutSequenceFeatures
0.949,0.5,0.0,0.0,0.0,0.7466752067880191,0.2591604325668528,0.2591604325668528,0.0,0.0,1.0,0,0,2847,153,0.043553317610317444,153000,51.0,0.995,0.0,WithoutSequenceFeatures
0.949,0.5,0.0,0.0,0.0,0.7466752067880191,0.2591604325668528,0.2591604325668528,0.0,0.0,1.0,0,0,2847,153,0.043553317610317444,153000,51.0,1.000001,0.0,WithoutSequenceFeatures
