accuracy,balanced_accuracy,precision,recall,f1,roc_auc,pr_auc,average_precision,mcc,false_positive_rate,false_negative_rate,true_positive,false_positive,true_negative,false_negative,brier_score,expected_business_cost,cost_per_transaction,threshold,review_volume,model
0.04666666666666667,0.5,0.04666666666666667,1.0,0.089171974522293,0.7553537087912088,0.20875778345449172,0.20875778345449172,0.0,1.0,0.0,560,11440,0,0,0.04107305034995079,228800,19.066666666666666,8.717904620425543e-07,1.0,LogisticRegression
0.04683333333333333,0.5000874125874126,0.046674445740956826,1.0,0.08918617614269787,0.7553537087912088,0.20875778345449172,0.20875778345449172,0.002856548290600198,0.9998251748251749,0.0,560,11438,2,0,0.04107305034995079,228760,19.063333333333333,0.005,0.9998333333333334,LogisticRegression
0.059166666666666666,0.5065559440559441,0.04725738396624472,1.0,0.09024979854955681,0.7553537087912088,0.20875778345449172,0.20875778345449172,0.024892439234151725,0.9868881118881119,0.0,560,11290,150,0,0.04107305034995079,225800,18.816666666666666,0.013060503359884023,0.9875,LogisticRegression
0.07133333333333333,0.5112387612387612,0.047692307692307694,0.9964285714285714,0.09102773246329526,0.7553537087912088,0.20875778345449172,0.20875778345449172,0.030367001305835493,0.973951048951049,0.0035714285714285713,558,11142,298,2,0.04107305034995079,224840,18.736666666666668,0.014404813735745847,0.975,LogisticRegression
0.07966666666666666,0.5147602397602398,0.04802552164166236,0.9946428571428572,0.09162691232110545,0.7553537087912088,0.20875778345449172,0.20875778345449172,0.034603964254248554,0.9651223776223776,0.005357142857142857,557,11041,399,3,0.04107305034995079,223820,18.651666666666667,0.015,0.9665,LogisticRegression
0.08366666666666667,0.5168581418581418,0.048225108225108226,0.9946428571428572,0.09199009083402147,0.7553537087912088,0.20875778345449172,0.20875778345449172,0.03743255543495543,0.9609265734265734,0.005357142857142857,557,10993,447,3,0.04107305034995079,222860,18.571666666666665,0.015193569415714592,0.9625,LogisticRegression
0.096,0.5224775224775224,0.048771929824561404,0.9928571428571429,0.09297658862876254,0.7553537087912088,0.20875778345449172,0.20875778345449172,0.04350682702872224,0.9479020979020979,0.007142857142857143,556,10844,596,4,0.04107305034995079,220880,18.406666666666666,0.01589467627927661,0.95,LogisticRegression
0.10816666666666666,0.5271603396603397,0.049244444444444445,0.9892857142857143,0.09381879762912786,0.7553537087912088,0.20875778345449172,0.20875778345449172,0.04733314103697578,0.9349650349650349,0.010714285714285714,554,10696,744,6,0.04107305034995079,219920,18.326666666666668,0.016556215356104076,0.9375,LogisticRegression
0.1205,0.5327797202797203,0.04981981981981982,0.9875,0.0948542024013722,0.7553537087912088,0.20875778345449172,0.20875778345449172,0.05250002625001969,0.9219405594405594,0.0125,553,10547,893,7,0.04107305034995079,217940,18.161666666666665,0.01712777460925281,0.925,LogisticRegression
0.1325,0.536525974025974,0.0502283105022831,0.9821428571428571,0.0955690703735882,0.7553537087912088,0.20875778345449172,0.20875778345449172,0.054530203474404175,0.9090909090909091,0.017857142857142856,550,10400,1040,10,0.04107305034995079,218000,18.166666666666668,0.017611176450736822,0.9125,LogisticRegression
0.14466666666666667,0.5412087912087912,0.05074074074074074,0.9785714285714285,0.09647887323943663,0.7553537087912088,0.20875778345449172,0.20875778345449172,0.05794612461375962,0.8961538461538462,0.02142857142857143,548,10252,1188,12,0.04107305034995079,217040,18.086666666666666,0.01808164082467556,0.9,LogisticRegression
0.15716666666666668,0.5477647352647352,0.051455399061032865,0.9785714285714285,0.09776984834968779,0.7553537087912088,0.20875778345449172,0.20875778345449172,0.06376798710193254,0.8830419580419581,0.02142857142857143,548,10102,1338,12,0.04107305034995079,214040,17.836666666666666,0.01854481901973486,0.8875,LogisticRegression
0.16916666666666666,0.551510989010989,0.051904761904761905,0.9732142857142857,0.09855334538878842,0.7553537087912088,0.20875778345449172,0.20875778345449172,0.06570472935769998,0.8701923076923077,0.026785714285714284,545,9955,1485,15,0.04107305034995079,214100,17.841666666666665,0.018994191894307733,0.875,LogisticRegression
0.18116666666666667,0.5552572427572428,0.05236714975845411,0.9678571428571429,0.09935838680109992,0.7553537087912088,0.20875778345449172,0.20875778345449172,0.06768837451266381,0.8573426573426574,0.03214285714285714,542,9808,1632,18,0.04107305034995079,214160,17.846666666666668,0.019404417066834868,0.8625,LogisticRegression
0.19333333333333333,0.5599400599400599,0.052941176470588235,0.9642857142857143,0.10037174721189591,0.7553537087912088,0.20875778345449172,0.20875778345449172,0.07081379279411157,0.8444055944055944,0.03571428571428571,540,9660,1780,20,0.04107305034995079,213200,17.766666666666666,0.019762911647558213,0.85,LogisticRegression
0.20566666666666666,0.5655594405594406,0.0536318407960199,0.9625,0.10160226201696511,0.7553537087912088,0.20875778345449172,0.20875778345449172,0.07496730933245188,0.8313811188811189,0.0375,539,9511,1929,21,0.04107305034995079,211220,17.601666666666667,0.020141048170626164,0.8375,LogisticRegression
0.21783333333333332,0.5702422577422578,0.054242424242424245,0.9589285714285715,0.10267686424474187,0.7553537087912088,0.20875778345449172,0.20875778345449172,0.0779844904894905,0.8184440559440559,0.04107142857142857,537,9363,2077,23,0.04107305034995079,210260,17.52166666666667,0.020501757971942425,0.825,LogisticRegression
0.23,0.5749250749250749,0.054871794871794874,0.9553571428571429,0.10378273520853541,0.7553537087912088,0.20875778345449172,0.20875778345449172,0.08097867014889464,0.805506993006993,0.044642857142857144,535,9215,2225,25,0.04107305034995079,209300,17.441666666666666,0.020890567800961435,0.8125,LogisticRegression
0.24166666666666667,0.5767982017982017,0.05520833333333333,0.9464285714285714,0.10433070866141732,0.7553537087912088,0.20875778345449172,0.20875778345449172,0.08099287872150492,0.7928321678321678,0.05357142857142857,530,9070,2370,30,0.04107305034995079,211400,17.616666666666667,0.021280197799205782,0.8,LogisticRegression
0.2535,0.5796078921078921,0.05566137566137566,0.9392857142857143,0.1050949050949051,0.7553537087912088,0.20875778345449172,0.20875778345449172,0.0820931937104299,0.7800699300699301,0.060714285714285714,526,8924,2516,34,0.04107305034995079,212480,17.706666666666667,0.021649886714294554,0.7875,LogisticRegression
0.2658333333333333,0.5852272727272727,0.056451612903225805,0.9375,0.10649087221095335,0.7553537087912088,0.20875778345449172,0.20875778345449172,0.08609784003097493,0.7670454545454546,0.0625,525,8775,2665,35,0.04107305034995079,210500,17.541666666666668,0.022032609116286038,0.775,LogisticRegression
0.2775,0.5871003996003996,0.05683060109289618,0.9285714285714286,0.10710607621009269,0.7553537087912088,0.20875778345449172,0.20875778345449172,0.08634241502233563,0.7543706293706294,0.07142857142857142,520,8630,2810,40,0.04107305034995079,212600,17.716666666666665,0.022413373924791813,0.7625,LogisticRegression
0.28883333333333333,0.5871003996003996,0.057,0.9160714285714285,0.10732217573221757,0.7553537087912088,0.20875778345449172,0.20875778345449172,0.08485457972496063,0.7418706293706294,0.08392857142857142,513,8487,2953,47,0.04107305034995079,216740,18.061666666666667,0.02281734487041831,0.75,LogisticRegression
0.3005,0.5889735264735265,0.05740112994350283,0.9071428571428571,0.1079702444208289,0.7553537087912088,0.20875778345449172,0.20875778345449172,0.085304298001055,0.7291958041958042,0.09285714285714286,508,8342,3098,52,0.04107305034995079,218840,18.236666666666668,0.023190021701157092,0.7375,LogisticRegression
0.31283333333333335,0.5945929070929071,0.05827586206896552,0.9053571428571429,0.10950323974082073,0.7553537087912088,0.20875778345449172,0.20875778345449172,0.08936737424252805,0.7161713286713287,0.09464285714285714,507,8193,3247,53,0.04107305034995079,216860,18.071666666666665,0.023576048854738477,0.725,LogisticRegression
0.32466666666666666,0.5974025974025974,0.05883040935672515,0.8982142857142857,0.11042810098792537,0.7553537087912088,0.20875778345449172,0.20875778345449172,0.09078517910640062,0.7034090909090909,0.10178571428571428,503,8047,3393,57,0.04107305034995079,217940,18.161666666666665,0.023943281965330247,0.7125,LogisticRegression
0.3365,0.6002122877122877,0.059404761904761905,0.8910714285714286,0.11138392857142858,0.7553537087912088,0.20875778345449172,0.20875778345449172,0.0922501550100422,0.6906468531468531,0.10892857142857143,499,7901,3539,61,0.04107305034995079,219020,18.251666666666665,0.02432394772768021,0.7,LogisticRegression
0.34833333333333333,0.603021978021978,0.06,0.8839285714285714,0.11237230419977298,0.7553537087912088,0.20875778345449172,0.20875778345449172,0.09376144618769909,0.6778846153846154,0.11607142857142858,495,7755,3685,65,0.04107305034995079,220100,18.341666666666665,0.02469288243446499,0.6875,LogisticRegression
0.35725,0.6060002497502497,0.06057255191055412,0.8803571428571428,0.11334636165076445,0.7553537087912088,0.20875778345449172,0.20875778345449172,0.09572127722913487,0.6683566433566434,0.11964285714285715,493,7646,3794,67,0.04107305034995079,219920,18.326666666666668,0.025,0.67825,LogisticRegression
0.3605,0.6077047952047951,0.060864197530864195,0.8803571428571428,0.11385681293302541,0.7553537087912088,0.20875778345449172,0.20875778345449172,0.09700569861586338,0.6649475524475524,0.11964285714285715,493,7607,3833,67,0.04107305034995079,219140,18.261666666666667,0.025139544252306224,0.675,LogisticRegression
0.3725,0.611451048951049,0.061635220125786164,0.875,0.11515863689776734,0.7553537087912088,0.20875778345449172,0.20875778345449172,0.09942832100597138,0.6520979020979021,0.125,490,7460,3980,70,0.04107305034995079,219200,18.266666666666666,0.02560996024403721,0.6625,LogisticRegression
0.38433333333333336,0.6142607392607393,0.06230769230769231,0.8678571428571429,0.11626794258373206,0.7553537087912088,0.20875778345449172,0.20875778345449172,0.10105600010573396,0.6393356643356644,0.13214285714285715,486,7314,4126,74,0.04107305034995079,220280,18.356666666666666,0.026054607518017293,0.65,LogisticRegression
0.39616666666666667,0.6170704295704296,0.06300653594771242,0.8607142857142858,0.11741778319123022,0.7553537087912088,0.20875778345449172,0.20875778345449172,0.10273274375392365,0.6265734265734266,0.1392857142857143,482,7168,4272,78,0.04107305034995079,221360,18.446666666666665,0.026481392700225113,0.6375,LogisticRegression
0.4071666666666667,0.6151973026973027,0.06306666666666666,0.8446428571428571,0.11736972704714638,0.7553537087912088,0.20875778345449172,0.20875778345449172,0.10037890254393139,0.6142482517482517,0.15535714285714286,473,7027,4413,87,0.04107305034995079,227540,18.961666666666666,0.026963643496856093,0.625,LogisticRegression
0.4186666666666667,0.6161338661338661,0.06353741496598639,0.8339285714285715,0.11807838179519595,0.7553537087912088,0.20875778345449172,0.20875778345449172,0.10056011457306961,0.6016608391608391,0.16607142857142856,467,6883,4557,93,0.04107305034995079,230660,19.221666666666668,0.027420397801324724,0.6125,LogisticRegression
0.4305,0.6189435564435564,0.06430555555555556,0.8267857142857142,0.11932989690721649,0.7553537087912088,0.20875778345449172,0.20875778345449172,0.10242148642148229,0.5888986013986014,0.1732142857142857,463,6737,4703,97,0.04107305034995079,231740,19.311666666666667,0.027847992628812792,0.6,LogisticRegression
0.44283333333333336,0.6245629370629371,0.06553191489361702,0.825,0.121419185282523,0.7553537087912088,0.20875778345449172,0.20875778345449172,0.10674036986031393,0.5758741258741259,0.175,462,6588,4852,98,0.04107305034995079,229760,19.14666666666667,0.02830932855140418,0.5875,LogisticRegression
0.45466666666666666,0.6273726273726273,0.0663768115942029,0.8178571428571428,0.1227882037533512,0.7553537087912088,0.20875778345449172,0.20875778345449172,0.10869348041091471,0.5631118881118881,0.18214285714285713,458,6442,4998,102,0.04107305034995079,230840,19.236666666666668,0.028766143275424844,0.575,LogisticRegression
0.467,0.6329920079920079,0.06770370370370371,0.8160714285714286,0.1250341997264022,0.7553537087912088,0.20875778345449172,0.20875778345449172,0.11309177659143513,0.5500874125874126,0.18392857142857144,457,6293,5147,103,0.04107305034995079,228860,19.071666666666665,0.029250568826682866,0.5625,LogisticRegression
0.47883333333333333,0.6358016983016983,0.06863636363636363,0.8089285714285714,0.126536312849162,0.7553537087912088,0.20875778345449172,0.20875778345449172,0.11515250100354406,0.5373251748251748,0.19107142857142856,453,6147,5293,107,0.04107305034995079,229940,19.161666666666665,0.029688851535320283,0.55,LogisticRegression
0.49116666666666664,0.6414210789210789,0.07007751937984497,0.8071428571428572,0.12895863052781742,0.7553537087912088,0.20875778345449172,0.20875778345449172,0.11965333799633623,0.5243006993006993,0.19285714285714287,452,5998,5442,108,0.04107305034995079,227960,18.996666666666666,0.03028091962914914,0.5375,LogisticRegression
0.5031666666666667,0.6451673326673327,0.07126984126984127,0.8017857142857143,0.13090379008746356,0.7553537087912088,0.20875778345449172,0.20875778345449172,0.1226304200654877,0.511451048951049,0.1982142857142857,449,5851,5589,111,0.04107305034995079,228020,19.001666666666665,0.03078268053941429,0.525,LogisticRegression
0.5153333333333333,0.6498501498501499,0.07268292682926829,0.7982142857142858,0.1332339791356185,0.7553537087912088,0.20875778345449172,0.20875778345449172,0.12646743549889444,0.498513986013986,0.2017857142857143,447,5703,5737,113,0.04107305034995079,227060,18.921666666666667,0.031327741174027326,0.5125,LogisticRegression
0.5275,0.6545329670329669,0.07416666666666667,0.7946428571428571,0.13567073170731708,0.7553537087912088,0.20875778345449172,0.20875778345449172,0.13037878038095913,0.4855769230769231,0.20535714285714285,445,5555,5885,115,0.04107305034995079,226100,18.841666666666665,0.031874243170022964,0.5,LogisticRegression
0.5395,0.6582792207792207,0.07555555555555556,0.7892857142857143,0.1379095163806552,0.7553537087912088,0.20875778345449172,0.20875778345449172,0.13358122874570724,0.4727272727272727,0.21071428571428572,442,5408,6032,118,0.04107305034995079,226160,18.846666666666668,0.03242369452491403,0.4875,LogisticRegression
0.551,0.6592157842157842,0.07649122807017544,0.7785714285714286,0.139297124600639,0.7553537087912088,0.20875778345449172,0.20875778345449172,0.13449788007182523,0.46013986013986014,0.22142857142857142,436,5264,6176,124,0.04107305034995079,229280,19.106666666666666,0.03305681180208921,0.475,LogisticRegression
0.5628333333333333,0.6620254745254746,0.07783783783783783,0.7714285714285715,0.1414075286415712,0.7553537087912088,0.20875778345449172,0.20875778345449172,0.1370862746580541,0.44737762237762235,0.22857142857142856,432,5118,6322,128,0.04107305034995079,230360,19.196666666666665,0.033703771559521555,0.4625,LogisticRegression
0.5743333333333334,0.662962037962038,0.07888888888888888,0.7607142857142857,0.14295302013422817,0.7553537087912088,0.20875778345449172,0.20875778345449172,0.13818300120425286,0.43479020979020977,0.2392857142857143,426,4974,6466,134,0.04107305034995079,233480,19.456666666666667,0.03428878653794527,0.45,LogisticRegression
0.5856666666666667,0.662962037962038,0.07980952380952382,0.7482142857142857,0.1442340791738382,0.7553537087912088,0.20875778345449172,0.20875778345449172,0.1385772473726036,0.4222902097902098,0.2517857142857143,419,4831,6609,141,0.04107305034995079,237620,19.801666666666666,0.03492787340655923,0.4375,LogisticRegression
0.5865,0.6633991008991009,0.0799618320610687,0.7482142857142857,0.14448275862068966,0.7553537087912088,0.20875778345449172,0.20875778345449172,0.13897852317669268,0.42141608391608393,0.2517857142857143,419,4821,6619,141,0.04107305034995079,237420,19.785,0.034999999999999996,0.43666666666666665,LogisticRegression
0.5978333333333333,0.6676448551448552,0.08176470588235295,0.7446428571428572,0.14734982332155477,0.7553537087912088,0.20875778345449172,0.20875778345449172,0.14305980142318922,0.40935314685314683,0.25535714285714284,417,4683,6757,143,0.04107305034995079,236660,19.721666666666668,0.03562850225716829,0.425,LogisticRegression
0.6098333333333333,0.6713911088911089,0.08363636363636363,0.7392857142857143,0.1502722323049002,0.7553537087912088,0.20875778345449172,0.20875778345449172,0.1468683284544169,0.3965034965034965,0.26071428571428573,414,4536,6904,146,0.04107305034995079,236720,19.726666666666667,0.036409424338489774,0.4125,LogisticRegression
0.6216666666666667,0.6742007992007992,0.08541666666666667,0.7321428571428571,0.15298507462686567,0.7553537087912088,0.20875778345449172,0.20875778345449172,0.15000312184563547,0.38374125874125875,0.26785714285714285,410,4390,7050,150,0.04107305034995079,237800,19.816666666666666,0.037004981935024266,0.4,LogisticRegression
0.6333333333333333,0.6760739260739261,0.08709677419354839,0.7232142857142857,0.15547024952015356,0.7553537087912088,0.20875778345449172,0.20875778345449172,0.15246210919142814,0.37106643356643354,0.2767857142857143,405,4245,7195,155,0.04107305034995079,239900,19.991666666666667,0.037758811190724384,0.3875,LogisticRegression
0.6446666666666667,0.6760739260739261,0.08844444444444445,0.7107142857142857,0.1573122529644269,0.7553537087912088,0.20875778345449172,0.20875778345449172,0.153424664050887,0.3585664335664336,0.2892857142857143,398,4102,7338,162,0.04107305034995079,244040,20.336666666666666,0.03849059669300914,0.375,LogisticRegression
0.6561666666666667,0.6770104895104895,0.09011494252873563,0.7,0.15967413441955192,0.7553537087912088,0.20875778345449172,0.20875778345449172,0.15533190855593254,0.345979020979021,0.3,392,3958,7482,168,0.04107305034995079,247160,20.596666666666668,0.03952375338412821,0.3625,LogisticRegression
0.6683333333333333,0.6816933066933066,0.09285714285714286,0.6964285714285714,0.1638655462184874,0.7553537087912088,0.20875778345449172,0.20875778345449172,0.1606956067255114,0.333041958041958,0.30357142857142855,390,3810,7630,170,0.04107305034995079,246200,20.516666666666666,0.04038230609148741,0.35,LogisticRegression
0.6805,0.6863761238761239,0.09580246913580247,0.6928571428571428,0.16832971800433838,0.7553537087912088,0.20875778345449172,0.20875778345449172,0.16627088974948157,0.3201048951048951,0.30714285714285716,388,3662,7778,172,0.04107305034995079,245240,20.436666666666667,0.04125311076641085,0.3375,LogisticRegression
0.692,0.6873126873126874,0.09794871794871794,0.6821428571428572,0.17130044843049325,0.7553537087912088,0.20875778345449172,0.20875778345449172,0.16870556281019716,0.3075174825174825,0.31785714285714284,382,3518,7922,178,0.04107305034995079,248360,20.696666666666665,0.042136343754827985,0.325,LogisticRegression
0.7038333333333333,0.6901223776223777,0.1008,0.675,0.17540603248259862,0.7553537087912088,0.20875778345449172,0.20875778345449172,0.17303248705548105,0.2947552447552448,0.325,378,3372,8068,182,0.04107305034995079,249440,20.786666666666665,0.043097099056467414,0.3125,LogisticRegression
0.7156666666666667,0.6929320679320679,0.10388888888888889,0.6678571428571428,0.1798076923076923,0.7553537087912088,0.20875778345449172,0.20875778345449172,0.1776031021688663,0.281993006993007,0.33214285714285713,374,3226,8214,186,0.04107305034995079,250520,20.876666666666665,0.04425299987196923,0.3,LogisticRegression
0.7226666666666667,0.6915084915084915,0.1050228310502283,0.6571428571428571,0.18110236220472442,0.7553537087912088,0.20875778345449172,0.20875778345449172,0.177678858810294,0.27412587412587414,0.34285714285714286,368,3136,8304,192,0.04107305034995079,254720,21.226666666666667,0.045,0.292,LogisticRegression
0.7271666666666666,0.6938686313686313,0.10666666666666667,0.6571428571428571,0.1835411471321696,0.7553537087912088,0.20875778345449172,0.20875778345449172,0.18069742379831663,0.2694055944055944,0.34285714285714286,368,3082,8358,192,0.04107305034995079,253640,21.136666666666667,0.04542649742215872,0.2875,LogisticRegression
0.7385,0.6938686313686314,0.10939393939393939,0.6446428571428572,0.18704663212435232,0.7553537087912088,0.20875778345449172,0.20875778345449172,0.18315887592280503,0.2569055944055944,0.35535714285714287,361,2939,8501,199,0.04107305034995079,257780,21.481666666666666,0.04663517968729138,0.275,LogisticRegression
0.7505,0.6976148851148851,0.11365079365079366,0.6392857142857142,0.19299191374663074,0.7553537087912088,0.20875778345449172,0.20875778345449172,0.18946533556023795,0.24405594405594405,0.3607142857142857,358,2792,8648,202,0.04107305034995079,257840,21.486666666666668,0.04805723307654263,0.2625,LogisticRegression
0.7608333333333334,0.6919955044955045,0.115,0.6160714285714286,0.19382022471910113,0.7553537087912088,0.20875778345449172,0.20875778345449172,0.1870450413292143,0.23208041958041958,0.38392857142857145,345,2655,8785,215,0.04107305034995079,268100,22.341666666666665,0.04943707585334778,0.25,LogisticRegression
0.7725,0.6938686313686313,0.11929824561403508,0.6071428571428571,0.19941348973607037,0.7553537087912088,0.20875778345449172,0.20875778345449172,0.1921815044045535,0.2194055944055944,0.39285714285714285,340,2510,8930,220,0.04107305034995079,270200,22.516666666666666,0.05097352461889389,0.2375,LogisticRegression
0.7831666666666667,0.6901223776223777,0.12185185185185185,0.5875,0.201840490797546,0.7553537087912088,0.20875778345449172,0.20875778345449172,0.19206441237679023,0.20725524475524476,0.4125,329,2371,9069,231,0.04107305034995079,278420,23.201666666666668,0.05263446448370815,0.225,LogisticRegression
0.795,0.692932067932068,0.12745098039215685,0.5803571428571429,0.2090032154340836,0.7553537087912088,0.20875778345449172,0.20875778345449172,0.19895526946292422,0.194493006993007,0.41964285714285715,325,2225,9215,235,0.04107305034995079,279500,23.291666666666668,0.05448591378517449,0.2125,LogisticRegression
0.7978333333333333,0.6910214785214785,0.12799043062200957,0.5732142857142857,0.20925684485006518,0.7553537087912088,0.20875778345449172,0.20875778345449172,0.19818765213967154,0.19117132867132866,0.42678571428571427,321,2187,9253,239,0.04107305034995079,282740,23.561666666666667,0.055,0.209,LogisticRegression
0.806,0.6910589410589411,0.13166666666666665,0.5642857142857143,0.21351351351351353,0.7553537087912088,0.20875778345449172,0.20875778345449172,0.20149447877057322,0.18216783216783217,0.4357142857142857,316,2084,9356,244,0.04107305034995079,285680,23.80666666666667,0.056270825862884524,0.2,LogisticRegression
0.8176666666666667,0.692932067932068,0.13822222222222222,0.5553571428571429,0.22135231316725976,0.7553537087912088,0.20875778345449172,0.20875778345449172,0.2085200756334037,0.16949300699300698,0.4446428571428571,311,1939,9501,249,0.04107305034995079,287780,23.981666666666666,0.05805229255929589,0.1875,LogisticRegression
0.8291666666666667,0.6938686313686313,0.14523809523809525,0.5446428571428571,0.2293233082706767,0.7553537087912088,0.20875778345449172,0.20875778345449172,0.21523719375099376,0.1569055944055944,0.45535714285714285,305,1795,9645,255,0.04107305034995079,290900,24.241666666666667,0.06025567529723052,0.175,LogisticRegression
0.8401666666666666,0.6919955044955045,0.1517948717948718,0.5285714285714286,0.2358565737051793,0.7553537087912088,0.20875778345449172,0.20875778345449172,0.21954712018789477,0.1445804195804196,0.4714285714285714,296,1654,9786,264,0.04107305034995079,297080,24.756666666666668,0.06265035830438137,0.1625,LogisticRegression
0.8501666666666666,0.6938436563436563,0.1602634467618002,0.5214285714285715,0.24517212426532328,0.7553537087912088,0.20875778345449172,0.20875778345449172,0.22786792879018888,0.13374125874125875,0.4785714285714286,292,1530,9910,268,0.04107305034995079,298600,24.883333333333333,0.065,0.15183333333333332,LogisticRegression
0.8516666666666667,0.692932067932068,0.16111111111111112,0.5178571428571429,0.2457627118644068,0.7553537087912088,0.20875778345449172,0.20875778345449172,0.2279318955560466,0.131993006993007,0.48214285714285715,290,1510,9930,270,0.04107305034995079,300200,25.016666666666666,0.06538121178746224,0.15,LogisticRegression
0.8631666666666666,0.6938686313686313,0.17212121212121212,0.5071428571428571,0.25701357466063346,0.7553537087912088,0.20875778345449172,0.20875778345449172,0.23748294108680357,0.11940559440559441,0.4928571428571429,284,1366,10074,276,0.04107305034995079,303320,25.276666666666667,0.0685665961354971,0.1375,LogisticRegression
0.8741666666666666,0.6919955044955045,0.18333333333333332,0.49107142857142855,0.2669902912621359,0.7553537087912088,0.20875778345449172,0.20875778345449172,0.24489944578779088,0.10708041958041958,0.5089285714285714,275,1225,10215,285,0.04107305034995079,309500,25.791666666666668,0.07273616269230843,0.125,LogisticRegression
0.87925,0.6938124375624376,0.1906750173973556,0.48928571428571427,0.27441161742613923,0.7553537087912088,0.20875778345449172,0.20875778345449172,0.25182372345641507,0.10166083916083916,0.5107142857142857,274,1163,10277,286,0.04107305034995079,309260,25.77166666666667,0.07500000000000001,0.11975,LogisticRegression
0.8858333333333334,0.6938686313686314,0.2,0.48214285714285715,0.28272251308900526,0.7553537087912088,0.20875778345449172,0.20875778345449172,0.25882300647254974,0.0944055944055944,0.5178571428571429,270,1080,10360,290,0.04107305034995079,311600,25.966666666666665,0.07753325318917632,0.1125,LogisticRegression
0.8955,0.684502997002997,0.21083333333333334,0.4517857142857143,0.28750000000000003,0.7553537087912088,0.20875778345449172,0.20875778345449172,0.25944060338433284,0.08277972027972028,0.5482142857142858,253,947,10493,307,0.04107305034995079,325940,27.161666666666665,0.08338805288076402,0.1,LogisticRegression
0.89875,0.68366008991009,0.21645021645021645,0.44642857142857145,0.2915451895043732,0.7553537087912088,0.20875778345449172,0.20875778345449172,0.26269151409250435,0.07910839160839161,0.5535714285714286,250,905,10535,310,0.04107305034995079,328100,27.341666666666665,0.085,0.09625,LogisticRegression
0.9063333333333333,0.6816933066933066,0.23142857142857143,0.43392857142857144,0.3018633540372671,0.7553537087912088,0.20875778345449172,0.20875778345449172,0.2712528070265233,0.07054195804195804,0.5660714285714286,243,807,10633,317,0.04107305034995079,333140,27.761666666666667,0.08946879971772444,0.0875,LogisticRegression
0.9134166666666667,0.6769168331668332,0.24656084656084656,0.4160714285714286,0.30963455149501656,0.7553537087912088,0.20875778345449172,0.20875778345449172,0.2770836503815879,0.062237762237762236,0.5839285714285715,233,712,10728,327,0.04107305034995079,341240,28.436666666666667,0.095,0.07875,LogisticRegression
0.9165,0.6751373626373627,0.2544444444444444,0.4089285714285714,0.3136986301369863,0.7553537087912088,0.20875778345449172,0.20875778345449172,0.2805001402501052,0.058653846153846154,0.5910714285714286,229,671,10769,331,0.04107305034995079,344420,28.701666666666668,0.09790060147643091,0.075,LogisticRegression
0.9214166666666667,0.660733016983017,0.26092384519350814,0.3732142857142857,0.30712711241734025,0.7553537087912088,0.20875778345449172,0.20875778345449172,0.2716665938332446,0.05174825174825175,0.6267857142857143,209,592,10848,351,0.04107305034995079,362840,30.236666666666668,0.10500000000000001,0.06675,LogisticRegression
0.9248333333333333,0.6582792207792207,0.272,0.36428571428571427,0.3114503816793893,0.7553537087912088,0.20875778345449172,0.20875778345449172,0.27583795983616916,0.04772727272727273,0.6357142857142857,204,546,10894,356,0.04107305034995079,366920,30.576666666666668,0.10871558170765638,0.0625,LogisticRegression
0.9290833333333334,0.6554133366633367,0.28820960698689957,0.3535714285714286,0.31756214915797915,0.7553537087912088,0.20875778345449172,0.20875778345449172,0.28220067224742507,0.042744755244755246,0.6464285714285715,198,489,10951,362,0.04107305034995079,371780,30.981666666666666,0.115,0.05725,LogisticRegression
0.9334166666666667,0.6457979520479521,0.3031301482701812,0.32857142857142857,0.31533847472150817,0.7553537087912088,0.20875778345449172,0.20875778345449172,0.28065646506892344,0.03697552447552448,0.6714285714285714,184,423,11017,376,0.04107305034995079,384460,32.038333333333334,0.125,0.050583333333333334,LogisticRegression
0.9338333333333333,0.6451673326673326,0.305,0.3267857142857143,0.31551724137931036,0.7553537087912088,0.20875778345449172,0.20875778345449172,0.28098159122716443,0.03645104895104895,0.6732142857142858,183,417,11023,377,0.04107305034995079,385340,32.111666666666665,0.1256519772112375,0.05,LogisticRegression
0.9368333333333333,0.6365509490509491,0.31666666666666665,0.3053571428571429,0.3109090909090909,0.7553537087912088,0.20875778345449172,0.20875778345449172,0.27787057231874346,0.03225524475524476,0.6946428571428571,171,369,11071,389,0.04107305034995079,396380,33.031666666666666,0.135,0.045,LogisticRegression
0.938,0.6201798201798202,0.31069958847736623,0.26964285714285713,0.2887189292543021,0.7553537087912088,0.20875778345449172,0.20875778345449172,0.25718007821579747,0.029283216783216784,0.7303571428571428,151,335,11105,409,0.04107305034995079,415700,34.641666666666666,0.14500000000000002,0.0405,LogisticRegression
0.9398333333333333,0.6151973026973027,0.32,0.2571428571428571,0.2851485148514851,0.7553537087912088,0.20875778345449172,0.20875778345449172,0.2557891288055288,0.02674825174825175,0.7428571428571429,144,306,11134,416,0.04107305034995079,422120,35.17666666666667,0.15397055372595791,0.0375,LogisticRegression
0.9405,0.6155469530469531,0.3257918552036199,0.2571428571428571,0.2874251497005988,0.7553537087912088,0.20875778345449172,0.20875778345449172,0.25878734758480776,0.02604895104895105,0.7428571428571429,144,298,11142,416,0.04107305034995079,421960,35.163333333333334,0.155,0.036833333333333336,LogisticRegression
0.9415833333333333,0.6110202297702299,0.33093525179856115,0.24642857142857144,0.28249744114636643,0.7553537087912088,0.20875778345449172,0.20875778345449172,0.2557175810322885,0.024388111888111887,0.7535714285714286,138,279,11161,422,0.04107305034995079,427580,35.63166666666667,0.165,0.03475,LogisticRegression
0.9435833333333333,0.6069742757242758,0.3464566929133858,0.2357142857142857,0.28055260361317746,0.7553537087912088,0.20875778345449172,0.20875778345449172,0.2573768684604272,0.021765734265734266,0.7642857142857142,132,249,11191,428,0.04107305034995079,432980,36.08166666666666,0.17500000000000002,0.03175,LogisticRegression
0.9448333333333333,0.6042332667332667,0.3575418994413408,0.22857142857142856,0.2788671023965142,0.7553537087912088,0.20875778345449172,0.20875778345449172,0.25845685753887293,0.020104895104895104,0.7714285714285715,128,230,11210,432,0.04107305034995079,436600,36.38333333333333,0.185,0.029833333333333333,LogisticRegression
0.94575,0.6004682817182817,0.3649851632047478,0.21964285714285714,0.274247491638796,0.7553537087912088,0.20875778345449172,0.20875778345449172,0.25653457587570194,0.018706293706293706,0.7803571428571429,123,214,11226,437,0.04107305034995079,441280,36.77333333333333,0.195,0.02808333333333333,LogisticRegression
0.9465833333333333,0.5949612887112887,0.3706070287539936,0.20714285714285716,0.26575028636884307,0.7553537087912088,0.20875778345449172,0.20875778345449172,0.251339027510428,0.01722027972027972,0.7928571428571428,116,197,11243,444,0.04107305034995079,447940,37.32833333333333,0.20500000000000002,0.026083333333333333,LogisticRegression
0.9471666666666667,0.5927197802197802,0.37666666666666665,0.2017857142857143,0.2627906976744186,0.7553537087912088,0.20875778345449172,0.20875778345449172,0.2505277607731428,0.016346153846153847,0.7982142857142858,113,187,11253,447,0.04107305034995079,450740,37.56166666666667,0.21266431175172446,0.025,LogisticRegression
0.94725,0.5919143356643357,0.3771043771043771,0.2,0.2613768961493583,0.7553537087912088,0.20875778345449172,0.20875778345449172,0.24957061360101868,0.016171328671328672,0.8,112,185,11255,448,0.04107305034995079,451700,37.641666666666666,0.215,0.02475,LogisticRegression
0.9473333333333334,0.5826173826173826,0.3686131386861314,0.18035714285714285,0.24220623501199043,0.7553537087912088,0.20875778345449172,0.20875778345449172,0.23332336280623464,0.015122377622377623,0.8196428571428571,101,173,11267,459,0.04107305034995079,462460,38.538333333333334,0.225,0.022833333333333334,LogisticRegression
0.9475833333333333,0.5768044455544455,0.3657587548638132,0.16785714285714284,0.230110159118727,0.7553537087912088,0.20875778345449172,0.20875778345449172,0.2238037131380809,0.014248251748251749,0.8321428571428572,94,163,11277,466,0.04107305034995079,469260,39.105,0.23500000000000001,0.021416666666666667,LogisticRegression
0.9473333333333334,0.5690309690309691,0.3512396694214876,0.15178571428571427,0.2119700748129676,0.7553537087912088,0.20875778345449172,0.20875778345449172,0.20716032342193386,0.013723776223776223,0.8482142857142857,85,157,11283,475,0.04107305034995079,478140,39.845,0.245,0.020166666666666666,LogisticRegression
0.94825,0.5669642857142857,0.36444444444444446,0.14642857142857144,0.2089171974522293,0.7553537087912088,0.20875778345449172,0.20875778345449172,0.2082612856917628,0.0125,0.8535714285714285,82,143,11297,478,0.04107305034995079,480860,40.071666666666665,0.255,0.01875,LogisticRegression
0.949,0.5656593406593406,0.37735849056603776,0.14285714285714285,0.20725388601036268,0.7553537087912088,0.20875778345449172,0.20875778345449172,0.21025461862434558,0.011538461538461539,0.8571428571428571,80,132,11308,480,0.04107305034995079,482640,40.22,0.265,0.017666666666666667,LogisticRegression
0.9495,0.5659215784215784,0.3883495145631068,0.14285714285714285,0.20887728459530025,0.7553537087912088,0.20875778345449172,0.20875778345449172,0.21409200382207885,0.011013986013986014,0.8571428571428571,80,126,11314,480,0.04107305034995079,482520,40.21,0.275,0.017166666666666667,LogisticRegression
0.9495833333333333,0.564266983016983,0.3880597014925373,0.1392857142857143,0.20499342969776613,0.7553537087912088,0.20875778345449172,0.20875778345449172,0.21125369057698418,0.010751748251748251,0.8607142857142858,78,123,11317,482,0.04107305034995079,484460,40.37166666666667,0.28500000000000003,0.01675,LogisticRegression
0.9498333333333333,0.5610014985014985,0.3894736842105263,0.13214285714285715,0.19733333333333333,0.7553537087912088,0.20875778345449172,0.20875778345449172,0.206146409832637,0.01013986013986014,0.8678571428571429,74,116,11324,486,0.04107305034995079,488320,40.693333333333335,0.295,0.015833333333333335,LogisticRegression
0.9501666666666667,0.5603271728271728,0.3967391304347826,0.13035714285714287,0.19623655913978497,0.7553537087912088,0.20875778345449172,0.20875778345449172,0.20711227624268566,0.009702797202797203,0.8696428571428572,73,111,11329,487,0.04107305034995079,489220,40.76833333333333,0.305,0.015333333333333332,LogisticRegression
0.95025,0.5569742757242757,0.3942857142857143,0.12321428571428572,0.18775510204081633,0.7553537087912088,0.20875778345449172,0.20875778345449172,0.20049162476597657,0.009265734265734266,0.8767857142857143,69,106,11334,491,0.04107305034995079,493120,41.093333333333334,0.315,0.014583333333333334,LogisticRegression
0.9506666666666667,0.5563436563436563,0.40476190476190477,0.12142857142857143,0.18681318681318682,0.7553537087912088,0.20875778345449172,0.20875778345449172,0.20230113834362762,0.008741258741258742,0.8785714285714286,68,100,11340,492,0.04107305034995079,494000,41.166666666666664,0.325,0.014,LogisticRegression
0.9505833333333333,0.5537524975024974,0.3987730061349693,0.11607142857142858,0.1798063623789765,0.7553537087912088,0.20875778345449172,0.20875778345449172,0.19589395886070973,0.008566433566433567,0.8839285714285714,65,98,11342,495,0.04107305034995079,496960,41.413333333333334,0.335,0.013583333333333333,LogisticRegression
0.9510833333333333,0.5531655844155844,0.4129032258064516,0.11428571428571428,0.17902097902097902,0.7553537087912088,0.20875778345449172,0.20875778345449172,0.19862514714311683,0.007954545454545454,0.8857142857142857,64,91,11349,496,0.04107305034995079,497820,41.485,0.34500000000000003,0.012916666666666667,LogisticRegression
0.9511666666666667,0.5523601398601399,0.4144736842105263,0.1125,0.17696629213483145,0.7553537087912088,0.20875778345449172,0.20875778345449172,0.19751200724261012,0.0077797202797202794,0.8875,63,89,11351,497,0.04107305034995079,498780,41.565,0.35500000000000004,0.012666666666666666,LogisticRegression
0.9511666666666667,0.551510989010989,0.41333333333333333,0.11071428571428571,0.17464788732394365,0.7553537087912088,0.20875778345449172,0.20875778345449172,0.19558345112547784,0.007692307692307693,0.8892857142857142,62,88,11352,498,0.04107305034995079,499760,41.64666666666667,0.35553077384829607,0.0125,LogisticRegression
0.9511666666666667,0.5472652347652348,0.40714285714285714,0.10178571428571428,0.16285714285714287,0.7553537087912088,0.20875778345449172,0.20875778345449172,0.18568314288514673,0.007255244755244755,0.8982142857142857,57,83,11357,503,0.04107305034995079,504660,42.055,0.365,0.011666666666666667,LogisticRegression
0.9513333333333334,0.5448051948051948,0.4090909090909091,0.09642857142857143,0.15606936416184972,0.7553537087912088,0.20875778345449172,0.20875778345449172,0.18121312795451747,0.006818181818181818,0.9035714285714286,54,78,11362,506,0.04107305034995079,507560,42.29666666666667,0.375,0.011,LogisticRegression
0.9511666666666667,0.5421703296703296,0.3984375,0.09107142857142857,0.14825581395348839,0.7553537087912088,0.20875778345449172,0.20875778345449172,0.173171767146974,0.006730769230769231,0.9089285714285714,51,77,11363,509,0.04107305034995079,510540,42.545,0.385,0.010666666666666666,LogisticRegression
0.9510833333333333,0.5395791708291708,0.3902439024390244,0.08571428571428572,0.1405563689604685,0.7553537087912088,0.20875778345449172,0.20875778345449172,0.16576688597325742,0.006555944055944056,0.9142857142857143,48,75,11365,512,0.04107305034995079,513500,42.791666666666664,0.395,0.01025,LogisticRegression
0.9509166666666666,0.535246003996004,0.3739130434782609,0.07678571428571429,0.1274074074074074,0.7553537087912088,0.20875778345449172,0.20875778345449172,0.15261541230687417,0.006293706293706294,0.9232142857142858,43,72,11368,517,0.04107305034995079,518440,43.20333333333333,0.405,0.009583333333333333,LogisticRegression
0.9509166666666666,0.5343968531468531,0.37168141592920356,0.075,0.12481426448736997,0.7553537087912088,0.20875778345449172,0.20875778345449172,0.15023820306384517,0.0062062937062937066,0.925,42,71,11369,518,0.04107305034995079,519420,43.285,0.41500000000000004,0.009416666666666667,LogisticRegression
0.951,0.5318931068931069,0.36792452830188677,0.06964285714285715,0.11711711711711711,0.7553537087912088,0.20875778345449172,0.20875778345449172,0.14378611519867765,0.005856643356643356,0.9303571428571429,39,67,11373,521,0.04107305034995079,522340,43.528333333333336,0.425,0.008833333333333334,LogisticRegression
0.951,0.5301948051948052,0.3627450980392157,0.06607142857142857,0.11178247734138973,0.7553537087912088,0.20875778345449172,0.20875778345449172,0.1387497423299182,0.005681818181818182,0.9339285714285714,37,65,11375,523,0.04107305034995079,524300,43.69166666666667,0.435,0.0085,LogisticRegression
0.95125,0.5286276223776224,0.3684210526315789,0.0625,0.10687022900763359,0.7553537087912088,0.20875778345449172,0.20875778345449172,0.13626860146715963,0.005244755244755245,0.9375,35,60,11380,525,0.04107305034995079,526200,43.85,0.445,0.007916666666666667,LogisticRegression
0.9511666666666667,0.5268856143856143,0.358695652173913,0.05892857142857143,0.10122699386503066,0.7553537087912088,0.20875778345449172,0.20875778345449172,0.13003002920386394,0.005157342657342657,0.9410714285714286,33,59,11381,527,0.04107305034995079,528180,44.015,0.455,0.007666666666666666,LogisticRegression
0.9516666666666667,0.5271478521478521,0.38372093023255816,0.05892857142857143,0.10216718266253869,0.7553537087912088,0.20875778345449172,0.20875778345449172,0.13576707863200346,0.004632867132867133,0.9410714285714286,33,53,11387,527,0.04107305034995079,528060,44.005,0.465,0.007166666666666667,LogisticRegression
0.9518333333333333,0.5263861138861139,0.3902439024390244,0.05714285714285714,0.09968847352024922,0.7553537087912088,0.20875778345449172,0.20875778345449172,0.1351150845204756,0.004370629370629371,0.9428571428571428,32,50,11390,528,0.04107305034995079,529000,44.083333333333336,0.47500000000000003,0.006833333333333334,LogisticRegression
0.9519166666666666,0.5264298201798202,0.3950617283950617,0.05714285714285714,0.09984399375975038,0.7553537087912088,0.20875778345449172,0.20875778345449172,0.1361660409326967,0.004283216783216783,0.9428571428571428,32,49,11391,528,0.04107305034995079,528980,44.08166666666666,0.485,0.00675,LogisticRegression
0.952,0.5264735264735264,0.4,0.05714285714285714,0.09999999999999999,0.7553537087912088,0.20875778345449172,0.20875778345449172,0.1372352559578288,0.004195804195804196,0.9428571428571428,32,48,11392,528,0.04107305034995079,528960,44.08,0.495,0.006666666666666667,LogisticRegression
0.95225,0.5266046453546454,0.4155844155844156,0.05714285714285714,0.10047095761381476,0.7553537087912088,0.20875778345449172,0.20875778345449172,0.14055825630999685,0.003933566433566434,0.9428571428571428,32,45,11395,528,0.04107305034995079,528900,44.075,0.505,0.006416666666666667,LogisticRegression
0.9521666666666667,0.5257117882117882,0.40789473684210525,0.055357142857142855,0.09748427672955974,0.7553537087912088,0.20875778345449172,0.20875778345449172,0.13672613073919507,0.003933566433566434,0.9446428571428571,31,45,11395,529,0.04107305034995079,529900,44.15833333333333,0.515,0.006333333333333333,LogisticRegression
0.9523333333333334,0.5257992007992008,0.4189189189189189,0.055357142857142855,0.09779179810725552,0.7553537087912088,0.20875778345449172,0.20875778345449172,0.1390208731106374,0.003758741258741259,0.9446428571428571,31,43,11397,529,0.04107305034995079,529860,44.155,0.525,0.006166666666666667,LogisticRegression
0.9524166666666667,0.5249937562437562,0.4225352112676056,0.05357142857142857,0.09508716323296355,0.7553537087912088,0.20875778345449172,0.20875778345449172,0.1374793144128485,0.003583916083916084,0.9464285714285714,30,41,11399,530,0.04107305034995079,530820,44.235,0.535,0.005916666666666666,LogisticRegression
0.95225,0.5232080419580419,0.4057971014492754,0.05,0.08903020667726551,0.7553537087912088,0.20875778345449172,0.20875778345449172,0.12948294069604,0.003583916083916084,0.95,28,41,11399,532,0.04107305034995079,532820,44.401666666666664,0.545,0.00575,LogisticRegression
0.9523333333333334,0.5232517482517482,0.4117647058823529,0.05,0.089171974522293,0.7553537087912088,0.20875778345449172,0.20875778345449172,0.13067170411975043,0.0034965034965034965,0.95,28,40,11400,532,0.04107305034995079,532800,44.4,0.555,0.005666666666666667,LogisticRegression
0.9520833333333333,0.5205731768231768,0.38461538461538464,0.044642857142857144,0.08,0.7553537087912088,0.20875778345449172,0.20875778345449172,0.11824165238326141,0.0034965034965034965,0.9553571428571429,25,40,11400,535,0.04107305034995079,535800,44.65,0.5650000000000001,0.005416666666666667,LogisticRegression
0.9520833333333333,0.519724025974026,0.38095238095238093,0.04285714285714286,0.07704654895666131,0.7553537087912088,0.20875778345449172,0.20875778345449172,0.11513694861577409,0.003409090909090909,0.9571428571428572,24,39,11401,536,0.04107305034995079,536780,44.73166666666667,0.5750000000000001,0.00525,LogisticRegression
0.9520833333333333,0.5188748751248752,0.3770491803278688,0.04107142857142857,0.07407407407407407,0.7553537087912088,0.20875778345449172,0.20875778345449172,0.11196240399704777,0.003321678321678322,0.9589285714285715,23,38,11402,537,0.04107305034995079,537760,44.81333333333333,0.585,0.005083333333333333,LogisticRegression
0.95225,0.5181131368631369,0.38596491228070173,0.039285714285714285,0.0713128038897893,0.7553537087912088,0.20875778345449172,0.20875778345449172,0.11113133873526258,0.0030594405594405595,0.9607142857142857,22,35,11405,538,0.04107305034995079,538700,44.891666666666666,0.595,0.00475,LogisticRegression
0.9523333333333334,0.5147602397602398,0.375,0.03214285714285714,0.05921052631578947,0.7553537087912088,0.20875778345449172,0.20875778345449172,0.09864828116121278,0.0026223776223776225,0.9678571428571429,18,30,11410,542,0.04107305034995079,542600,45.21666666666667,0.605,0.004,LogisticRegression
0.9521666666666667,0.5129745254745255,0.34782608695652173,0.02857142857142857,0.0528052805280528,0.7553537087912088,0.20875778345449172,0.20875778345449172,0.0885712885457109,0.0026223776223776225,0.9714285714285714,16,30,11410,544,0.04107305034995079,544600,45.38333333333333,0.615,0.003833333333333333,LogisticRegression
0.9520833333333333,0.5112325174825174,0.32558139534883723,0.025,0.04643449419568823,0.7553537087912088,0.20875778345449172,0.20875778345449172,0.07929919565051487,0.002534965034965035,0.975,14,29,11411,546,0.04107305034995079,546580,45.54833333333333,0.625,0.0035833333333333333,LogisticRegression
0.9520833333333333,0.5103833666333666,0.3170731707317073,0.023214285714285715,0.04326123128119801,0.7553537087912088,0.20875778345449172,0.20875778345449172,0.07506471657886278,0.0024475524475524478,0.9767857142857143,13,28,11412,547,0.04107305034995079,547560,45.63,0.635,0.003416666666666667,LogisticRegression
0.9521666666666667,0.5104270729270729,0.325,0.023214285714285715,0.043333333333333335,0.7553537087912088,0.20875778345449172,0.20875778345449172,0.07631393484532067,0.00236013986013986,0.9767857142857143,13,27,11413,547,0.04107305034995079,547540,45.62833333333333,0.645,0.0033333333333333335,LogisticRegression
0.9524166666666667,0.5105581918081918,0.35135135135135137,0.023214285714285715,0.043551088777219436,0.7553537087912088,0.20875778345449172,0.20875778345449172,0.0803351586071734,0.002097902097902098,0.9767857142857143,13,24,11416,547,0.04107305034995079,547480,45.623333333333335,0.655,0.0030833333333333333,LogisticRegression
0.9524166666666667,0.5097090409590409,0.34285714285714286,0.02142857142857143,0.040336134453781515,0.7553537087912088,0.20875778345449172,0.20875778345449172,0.0759491610594248,0.0020104895104895103,0.9785714285714285,12,23,11417,548,0.04107305034995079,548460,45.705,0.665,0.002916666666666667,LogisticRegression
0.9525,0.5097527472527472,0.35294117647058826,0.02142857142857143,0.04040404040404041,0.7553537087912088,0.20875778345449172,0.20875778345449172,0.07740161689092277,0.0019230769230769232,0.9785714285714285,12,22,11418,548,0.04107305034995079,548440,45.70333333333333,0.675,0.0028333333333333335,LogisticRegression
0.9525833333333333,0.5089473026973027,0.3548387096774194,0.019642857142857142,0.03722504230118443,0.7553537087912088,0.20875778345449172,0.20875778345449172,0.07435657398804414,0.0017482517482517483,0.9803571428571428,11,20,11420,549,0.04107305034995079,549400,45.78333333333333,0.685,0.0025833333333333333,LogisticRegression
0.9526666666666667,0.508991008991009,0.36666666666666664,0.019642857142857142,0.03728813559322034,0.7553537087912088,0.20875778345449172,0.20875778345449172,0.07595174404056013,0.001660839160839161,0.9803571428571428,11,19,11421,549,0.04107305034995079,549380,45.781666666666666,0.6950000000000001,0.0025,LogisticRegression
0.9528333333333333,0.5090784215784215,0.39285714285714285,0.019642857142857142,0.03741496598639456,0.7553537087912088,0.20875778345449172,0.20875778345449172,0.07937523023793851,0.001486013986013986,0.9803571428571428,11,17,11423,549,0.04107305034995079,549340,45.778333333333336,0.7050000000000001,0.0023333333333333335,LogisticRegression
0.9528333333333333,0.5090784215784215,0.39285714285714285,0.019642857142857142,0.03741496598639456,0.7553537087912088,0.20875778345449172,0.20875778345449172,0.07937523023793851,0.001486013986013986,0.9803571428571428,11,17,11423,549,0.04107305034995079,549340,45.778333333333336,0.715,0.0023333333333333335,LogisticRegression
0.95325,0.509296953046953,0.4782608695652174,0.019642857142857142,0.03773584905660377,0.7553537087912088,0.20875778345449172,0.20875778345449172,0.08966846106135852,0.001048951048951049,0.9803571428571428,11,12,11428,549,0.04107305034995079,549240,45.77,0.725,0.0019166666666666666,LogisticRegression
0.9533333333333334,0.5093406593406593,0.5,0.019642857142857142,0.037800687285223365,0.7553537087912088,0.20875778345449172,0.20875778345449172,0.09211090726654739,0.0009615384615384616,0.9803571428571428,11,11,11429,549,0.04107305034995079,549220,45.76833333333333,0.735,0.0018333333333333333,LogisticRegression
0.95325,0.5075986513486513,0.47368421052631576,0.01607142857142857,0.0310880829015544,0.7553537087912088,0.20875778345449172,0.20875778345449172,0.080621375769454,0.0008741258741258741,0.9839285714285714,9,10,11430,551,0.04107305034995079,551200,45.93333333333333,0.745,0.0015833333333333333,LogisticRegression
0.9533333333333334,0.5076423576423577,0.5,0.01607142857142857,0.03114186851211073,0.7553537087912088,0.20875778345449172,0.20875778345449172,0.0833035422373795,0.0007867132867132868,0.9839285714285714,9,9,11431,551,0.04107305034995079,551180,45.931666666666665,0.755,0.0015,LogisticRegression
0.9531666666666667,0.5058566433566434,0.4375,0.0125,0.024305555555555556,0.7553537087912088,0.20875778345449172,0.20875778345449172,0.06770564942253977,0.0007867132867132868,0.9875,7,9,11431,553,0.04107305034995079,553180,46.098333333333336,0.765,0.0013333333333333333,LogisticRegression
0.9531666666666667,0.5058566433566434,0.4375,0.0125,0.024305555555555556,0.7553537087912088,0.20875778345449172,0.20875778345449172,0.06770564942253977,0.0007867132867132868,0.9875,7,9,11431,553,0.04107305034995079,553180,46.098333333333336,0.775,0.0013333333333333333,LogisticRegression
0.9531666666666667,0.5041583416583417,0.4166666666666667,0.008928571428571428,0.01748251748251748,0.7553537087912088,0.20875778345449172,0.20875778345449172,0.05550002775002081,0.0006118881118881119,0.9910714285714286,5,7,11433,555,0.04107305034995079,555140,46.26166666666666,0.785,0.001,LogisticRegression
0.9531666666666667,0.5033091908091908,0.4,0.007142857142857143,0.014035087719298246,0.7553537087912088,0.20875778345449172,0.20875778345449172,0.04837814805780351,0.0005244755244755245,0.9928571428571429,4,6,11434,556,0.04107305034995079,556120,46.343333333333334,0.795,0.0008333333333333334,LogisticRegression
0.95325,0.5025037462537463,0.42857142857142855,0.005357142857142857,0.010582010582010581,0.7553537087912088,0.20875778345449172,0.20875778345449172,0.043743587449920955,0.00034965034965034965,0.9946428571428572,3,4,11436,557,0.04107305034995079,557080,46.42333333333333,0.805,0.0005833333333333334,LogisticRegression
0.95325,0.5016545954045954,0.4,0.0035714285714285713,0.007079646017699115,0.7553537087912088,0.20875778345449172,0.20875778345449172,0.03420138606476448,0.00026223776223776224,0.9964285714285714,2,3,11437,558,0.04107305034995079,558060,46.505,0.8150000000000001,0.0004166666666666667,LogisticRegression
0.95325,0.5016545954045954,0.4,0.0035714285714285713,0.007079646017699115,0.7553537087912088,0.20875778345449172,0.20875778345449172,0.03420138606476448,0.00026223776223776224,0.9964285714285714,2,3,11437,558,0.04107305034995079,558060,46.505,0.8250000000000001,0.0004166666666666667,LogisticRegression
0.9533333333333334,0.5016983016983018,0.5,0.0035714285714285713,0.0070921985815602835,0.7553537087912088,0.20875778345449172,0.20875778345449172,0.039246744775229755,0.00017482517482517483,0.9964285714285714,2,2,11438,558,0.04107305034995079,558040,46.50333333333333,0.8350000000000001,0.0003333333333333333,LogisticRegression
0.95325,0.5008054445554446,0.3333333333333333,0.0017857142857142857,0.003552397868561279,0.7553537087912088,0.20875778345449172,0.20875778345449172,0.021491944716803536,0.00017482517482517483,0.9982142857142857,1,2,11438,559,0.04107305034995079,559040,46.586666666666666,0.845,0.00025,LogisticRegression
0.9533333333333334,0.5008491508491508,0.5,0.0017857142857142857,0.0035587188612099642,0.7553537087912088,0.20875778345449172,0.20875778345449172,0.02774932625154478,8.741258741258741e-05,0.9982142857142857,1,1,11439,559,0.04107305034995079,559020,46.585,0.855,0.00016666666666666666,LogisticRegression
0.9533333333333334,0.5008491508491508,0.5,0.0017857142857142857,0.0035587188612099642,0.7553537087912088,0.20875778345449172,0.20875778345449172,0.02774932625154478,8.741258741258741e-05,0.9982142857142857,1,1,11439,559,0.04107305034995079,559020,46.585,0.865,0.00016666666666666666,LogisticRegression
0.9534166666666667,0.5008928571428571,1.0,0.0017857142857142857,0.0035650623885918,0.7553537087912088,0.20875778345449172,0.20875778345449172,0.04126163871301518,0.0,0.9982142857142857,1,0,11440,559,0.04107305034995079,559000,46.583333333333336,0.875,8.333333333333333e-05,LogisticRegression
0.9534166666666667,0.5008928571428571,1.0,0.0017857142857142857,0.0035650623885918,0.7553537087912088,0.20875778345449172,0.20875778345449172,0.04126163871301518,0.0,0.9982142857142857,1,0,11440,559,0.04107305034995079,559000,46.583333333333336,0.885,8.333333333333333e-05,LogisticRegression
0.9534166666666667,0.5008928571428571,1.0,0.0017857142857142857,0.0035650623885918,0.7553537087912088,0.20875778345449172,0.20875778345449172,0.04126163871301518,0.0,0.9982142857142857,1,0,11440,559,0.04107305034995079,559000,46.583333333333336,0.895,8.333333333333333e-05,LogisticRegression
0.9534166666666667,0.5008928571428571,1.0,0.0017857142857142857,0.0035650623885918,0.7553537087912088,0.20875778345449172,0.20875778345449172,0.04126163871301518,0.0,0.9982142857142857,1,0,11440,559,0.04107305034995079,559000,46.583333333333336,0.905,8.333333333333333e-05,LogisticRegression
0.9534166666666667,0.5008928571428571,1.0,0.0017857142857142857,0.0035650623885918,0.7553537087912088,0.20875778345449172,0.20875778345449172,0.04126163871301518,0.0,0.9982142857142857,1,0,11440,559,0.04107305034995079,559000,46.583333333333336,0.91133713722229,8.333333333333333e-05,LogisticRegression
0.9533333333333334,0.5,0.0,0.0,0.0,0.7553537087912088,0.20875778345449172,0.20875778345449172,0.0,0.0,1.0,0,0,11440,560,0.04107305034995079,560000,46.666666666666664,0.915,0.0,LogisticRegression
0.9533333333333334,0.5,0.0,0.0,0.0,0.7553537087912088,0.20875778345449172,0.20875778345449172,0.0,0.0,1.0,0,0,11440,560,0.04107305034995079,560000,46.666666666666664,0.925,0.0,LogisticRegression
0.9533333333333334,0.5,0.0,0.0,0.0,0.7553537087912088,0.20875778345449172,0.20875778345449172,0.0,0.0,1.0,0,0,11440,560,0.04107305034995079,560000,46.666666666666664,0.935,0.0,LogisticRegression
0.9533333333333334,0.5,0.0,0.0,0.0,0.7553537087912088,0.20875778345449172,0.20875778345449172,0.0,0.0,1.0,0,0,11440,560,0.04107305034995079,560000,46.666666666666664,0.9450000000000001,0.0,LogisticRegression
0.9533333333333334,0.5,0.0,0.0,0.0,0.7553537087912088,0.20875778345449172,0.20875778345449172,0.0,0.0,1.0,0,0,11440,560,0.04107305034995079,560000,46.666666666666664,0.9550000000000001,0.0,LogisticRegression
0.9533333333333334,0.5,0.0,0.0,0.0,0.7553537087912088,0.20875778345449172,0.20875778345449172,0.0,0.0,1.0,0,0,11440,560,0.04107305034995079,560000,46.666666666666664,0.965,0.0,LogisticRegression
0.9533333333333334,0.5,0.0,0.0,0.0,0.7553537087912088,0.20875778345449172,0.20875778345449172,0.0,0.0,1.0,0,0,11440,560,0.04107305034995079,560000,46.666666666666664,0.975,0.0,LogisticRegression
0.9533333333333334,0.5,0.0,0.0,0.0,0.7553537087912088,0.20875778345449172,0.20875778345449172,0.0,0.0,1.0,0,0,11440,560,0.04107305034995079,560000,46.666666666666664,0.985,0.0,LogisticRegression
0.9533333333333334,0.5,0.0,0.0,0.0,0.7553537087912088,0.20875778345449172,0.20875778345449172,0.0,0.0,1.0,0,0,11440,560,0.04107305034995079,560000,46.666666666666664,0.995,0.0,LogisticRegression
0.9533333333333334,0.5,0.0,0.0,0.0,0.7553537087912088,0.20875778345449172,0.20875778345449172,0.0,0.0,1.0,0,0,11440,560,0.04107305034995079,560000,46.666666666666664,1.000001,0.0,LogisticRegression
0.04666666666666667,0.5,0.04666666666666667,1.0,0.089171974522293,0.7625543206793208,0.18979612972574017,0.18979612972574017,0.0,1.0,0.0,560,11440,0,0,0.04115105026852602,228800,19.066666666666666,0.005,1.0,RandomForest
0.04666666666666667,0.5,0.04666666666666667,1.0,0.089171974522293,0.7625543206793208,0.18979612972574017,0.18979612972574017,0.0,1.0,0.0,560,11440,0,0,0.04115105026852602,228800,19.066666666666666,0.012355076187183083,1.0,RandomForest
0.058833333333333335,0.5046828171828172,0.04708860759493671,0.9964285714285714,0.08992747784045126,0.7625543206793208,0.18979612972574017,0.18979612972574017,0.017780313738679804,0.987062937062937,0.0035714285714285713,558,11292,148,2,0.04115105026852602,227840,18.986666666666668,0.014735923186655786,0.9875,RandomForest
0.06475,0.507785964035964,0.047372442482383904,0.9964285714285714,0.09044493070751276,0.7625543206793208,0.18979612972574017,0.18979612972574017,0.02442862748778434,0.9808566433566434,0.0035714285714285713,558,11221,219,2,0.04115105026852602,226420,18.868333333333332,0.015,0.9815833333333334,RandomForest
0.07116666666666667,0.5103021978021978,0.04760683760683761,0.9946428571428572,0.09086460032626427,0.7625543206793208,0.18979612972574017,0.18979612972574017,0.027836417863682537,0.9740384615384615,0.005357142857142857,557,11143,297,3,0.04115105026852602,225860,18.821666666666665,0.015184011502732537,0.975,RandomForest
0.08333333333333333,0.514985014985015,0.048051948051948054,0.9910714285714286,0.0916597853014038,0.7625543206793208,0.18979612972574017,0.18979612972574017,0.033273382608849274,0.9611013986013986,0.008928571428571428,555,10995,445,5,0.04115105026852602,224900,18.741666666666667,0.015557726244434836,0.9625,RandomForest
0.09566666666666666,0.5206043956043956,0.04859649122807017,0.9892857142857143,0.09264214046822743,0.7625543206793208,0.18979612972574017,0.18979612972574017,0.03988125810966205,0.948076923076923,0.010714285714285714,554,10846,594,6,0.04115105026852602,222920,18.576666666666668,0.015895175097750364,0.95,RandomForest
0.108,0.5262237762237763,0.049155555555555557,0.9875,0.09364944961896697,0.7625543206793208,0.18979612972574017,0.18979612972574017,0.04570096375983868,0.9350524475524475,0.0125,553,10697,743,7,0.04115105026852602,220940,18.411666666666665,0.01614757786494735,0.9375,RandomForest
0.12016666666666667,0.5309065934065934,0.04963963963963964,0.9839285714285714,0.09451114922813036,0.7625543206793208,0.18979612972574017,0.18979612972574017,0.049500024750018565,0.9221153846153847,0.01607142857142857,551,10549,891,9,0.04115105026852602,219980,18.331666666666667,0.016388345302212323,0.925,RandomForest
0.13216666666666665,0.5346528471528471,0.05004566210045662,0.9785714285714285,0.09522154648132058,0.7625543206793208,0.18979612972574017,0.18979612972574017,0.05173378278340909,0.9092657342657343,0.02142857142857143,548,10402,1038,12,0.04115105026852602,220040,18.336666666666666,0.01663318505992852,0.9125,RandomForest
0.1445,0.5402722277722277,0.05064814814814815,0.9767857142857143,0.09630281690140846,0.7625543206793208,0.18979612972574017,0.18979612972574017,0.05662916723617417,0.8962412587412587,0.023214285714285715,547,10253,1187,13,0.04115105026852602,218060,18.171666666666667,0.016953994876980603,0.9,RandomForest
0.1565,0.5440184815184815,0.05107981220657277,0.9714285714285714,0.09705619982158785,0.7625543206793208,0.18979612972574017,0.18979612972574017,0.0587665763488398,0.8833916083916084,0.02857142857142857,544,10106,1334,16,0.04115105026852602,218120,18.176666666666666,0.017196946709415253,0.8875,RandomForest
0.169,0.5505744255744256,0.05180952380952381,0.9714285714285714,0.09837251356238698,0.7625543206793208,0.18979612972574017,0.18979612972574017,0.06451009791483271,0.8702797202797202,0.02857142857142857,544,9956,1484,16,0.04115105026852602,215120,17.926666666666666,0.01740934962171315,0.875,RandomForest
0.1815,0.5571303696303697,0.05256038647342995,0.9714285714285714,0.09972502291475709,0.7625543206793208,0.18979612972574017,0.18979612972574017,0.06998289568258462,0.8571678321678322,0.02857142857142857,544,9806,1634,16,0.04115105026852602,212120,17.676666666666666,0.017662894811596986,0.8625,RandomForest
0.19316666666666665,0.5590034965034965,0.05284313725490196,0.9625,0.10018587360594795,0.7625543206793208,0.18979612972574017,0.18979612972574017,0.06970732728170358,0.844493006993007,0.0375,539,9661,1779,21,0.04115105026852602,214220,17.851666666666667,0.01791732779649103,0.85,RandomForest
0.20533333333333334,0.5636863136863137,0.05343283582089552,0.9589285714285715,0.10122525918944393,0.7625543206793208,0.18979612972574017,0.18979612972574017,0.07282538620866753,0.831555944055944,0.04107142857142857,537,9513,1927,23,0.04115105026852602,213260,17.77166666666667,0.018154098703354184,0.8375,RandomForest
0.217,0.5655594405594405,0.053737373737373736,0.95,0.10172084130019121,0.7625543206793208,0.18979612972574017,0.18979612972574017,0.07278552445685779,0.8188811188811189,0.05,532,9368,2072,28,0.04115105026852602,215360,17.946666666666665,0.01835480842117858,0.825,RandomForest
0.229,0.5693056943056943,0.05425641025641026,0.9446428571428571,0.10261881668283221,0.7625543206793208,0.18979612972574017,0.18979612972574017,0.07490526988772754,0.8060314685314686,0.055357142857142855,529,9221,2219,31,0.04115105026852602,215420,17.951666666666668,0.01856829700395818,0.8125,RandomForest
0.24116666666666667,0.5739885114885115,0.05489583333333333,0.9410714285714286,0.10374015748031495,0.7625543206793208,0.18979612972574017,0.18979612972574017,0.07802972462193766,0.7930944055944056,0.05892857142857143,527,9073,2367,33,0.04115105026852602,214460,17.871666666666666,0.01878021566424022,0.8,RandomForest
0.25283333333333335,0.5758616383616384,0.05523809523809524,0.9321428571428572,0.1042957042957043,0.7625543206793208,0.18979612972574017,0.18979612972574017,0.07822998459464496,0.7804195804195804,0.06785714285714285,522,8928,2512,38,0.04115105026852602,216560,18.046666666666667,0.018999433154661956,0.7875,RandomForest
0.265,0.5805444555444556,0.05591397849462366,0.9285714285714286,0.1054766734279919,0.7625543206793208,0.18979612972574017,0.18979612972574017,0.08136718947982247,0.7674825174825175,0.07142857142857142,520,8780,2660,40,0.04115105026852602,215600,17.966666666666665,0.01918273828078512,0.775,RandomForest
0.277,0.5842907092907093,0.056502732240437156,0.9232142857142858,0.10648815653964985,0.7625543206793208,0.18979612972574017,0.18979612972574017,0.08355717582806674,0.7546328671328671,0.07678571428571429,517,8633,2807,43,0.04115105026852602,215660,17.971666666666668,0.019375423803959624,0.7625,RandomForest
0.28933333333333333,0.5899100899100899,0.05733333333333333,0.9214285714285714,0.10794979079497907,0.7625543206793208,0.18979612972574017,0.18979612972574017,0.08759182423221742,0.7416083916083916,0.07857142857142857,516,8484,2956,44,0.04115105026852602,213680,17.80666666666667,0.019567387591074053,0.75,RandomForest
0.30133333333333334,0.5936563436563437,0.057966101694915256,0.9160714285714285,0.10903294367693944,0.7625543206793208,0.18979612972574017,0.18979612972574017,0.08979399789584737,0.7287587412587413,0.08392857142857142,513,8337,3103,47,0.04115105026852602,213740,17.811666666666667,0.019784580718205127,0.7375,RandomForest
0.31383333333333335,0.6002122877122877,0.05896551724137931,0.9160714285714285,0.11079913606911447,0.7625543206793208,0.18979612972574017,0.18979612972574017,0.09467632716782676,0.7156468531468532,0.08392857142857142,513,8187,3253,47,0.04115105026852602,210740,17.561666666666667,0.01996111998196532,0.725,RandomForest
0.3253333333333333,0.6011488511488512,0.059298245614035086,0.9053571428571429,0.11130625686059276,0.7625543206793208,0.18979612972574017,0.18979612972574017,0.09427691676433911,0.7030594405594406,0.09464285714285714,507,8043,3397,53,0.04115105026852602,213860,17.821666666666665,0.020161833689656985,0.7125,RandomForest
0.3375,0.6058316683316683,0.06011904761904762,0.9017857142857143,0.11272321428571429,0.7625543206793208,0.18979612972574017,0.18979612972574017,0.09742306089845577,0.6901223776223776,0.09821428571428571,505,7895,3545,55,0.04115105026852602,212900,17.741666666666667,0.0203421701787349,0.7,RandomForest
0.3496666666666667,0.6105144855144855,0.06096969696969697,0.8982142857142857,0.11418842224744609,0.7625543206793208,0.18979612972574017,0.18979612972574017,0.10058046045589539,0.6771853146853147,0.10178571428571428,503,7747,3693,57,0.04115105026852602,211940,17.661666666666665,0.020548163809177213,0.6875,RandomForest
0.3615,0.6133241758241759,0.06160493827160494,0.8910714285714286,0.11524249422632794,0.7625543206793208,0.18979612972574017,0.18979612972574017,0.10206686550016929,0.6644230769230769,0.10892857142857143,499,7601,3839,61,0.04115105026852602,213020,17.751666666666665,0.020734813885738293,0.675,RandomForest
0.374,0.6198801198801199,0.06276729559748427,0.8910714285714286,0.11727379553466509,0.7625543206793208,0.18979612972574017,0.18979612972574017,0.10694810998961628,0.6513111888111888,0.10892857142857143,499,7451,3989,61,0.04115105026852602,210020,17.501666666666665,0.020970793714412073,0.6625,RandomForest
0.386,0.6236263736263736,0.06358974358974359,0.8857142857142857,0.11866028708133972,0.7625543206793208,0.18979612972574017,0.18979612972574017,0.10933927880292527,0.6384615384615384,0.11428571428571428,496,7304,4136,64,0.04115105026852602,210080,17.506666666666668,0.021203682739957014,0.65,RandomForest
0.39716666666666667,0.6226898101898102,0.06379084967320262,0.8714285714285714,0.11887941534713764,0.7625543206793208,0.18979612972574017,0.18979612972574017,0.10766391545411198,0.6260489510489511,0.12857142857142856,488,7162,4278,72,0.04115105026852602,215240,17.936666666666667,0.02142199176430034,0.6375,RandomForest
0.4086666666666667,0.6236263736263736,0.06426666666666667,0.8607142857142858,0.1196029776674938,0.7625543206793208,0.18979612972574017,0.18979612972574017,0.10772370029104832,0.6134615384615385,0.1392857142857143,482,7018,4422,78,0.04115105026852602,218360,18.196666666666665,0.021670970046075145,0.625,RandomForest
0.4206666666666667,0.6273726273726273,0.06517006802721088,0.8553571428571428,0.12111251580278128,0.7625543206793208,0.18979612972574017,0.18979612972574017,0.11029173856401184,0.6006118881118881,0.14464285714285716,479,6871,4569,81,0.04115105026852602,218420,18.201666666666668,0.02193491384545707,0.6125,RandomForest
0.43233333333333335,0.6292457542457542,0.06583333333333333,0.8464285714285714,0.12216494845360824,0.7625543206793208,0.18979612972574017,0.18979612972574017,0.11129263878869729,0.5879370629370629,0.15357142857142858,474,6726,4714,86,0.04115105026852602,220520,18.376666666666665,0.022179884358003398,0.6,RandomForest
0.4445,0.6339285714285714,0.06695035460992908,0.8428571428571429,0.12404730617608412,0.7625543206793208,0.18979612972574017,0.18979612972574017,0.11476596157913453,0.575,0.15714285714285714,472,6578,4862,88,0.04115105026852602,219560,18.296666666666667,0.022419482855512526,0.5875,RandomForest
0.457,0.6404845154845155,0.06840579710144927,0.8428571428571429,0.1265415549597855,0.7625543206793208,0.18979612972574017,0.18979612972574017,0.11988251515909712,0.5618881118881119,0.15714285714285714,472,6428,5012,88,0.04115105026852602,216560,18.046666666666667,0.022696951581908428,0.575,RandomForest
0.4691666666666667,0.6451673326673326,0.06962962962962962,0.8392857142857143,0.12859097127222982,0.7625543206793208,0.18979612972574017,0.18979612972574017,0.12344524909628483,0.548951048951049,0.16071428571428573,470,6280,5160,90,0.04115105026852602,215600,17.966666666666665,0.023039550332473208,0.5625,RandomForest
0.48083333333333333,0.6470404595404595,0.07045454545454545,0.8303571428571429,0.12988826815642457,0.7625543206793208,0.18979612972574017,0.18979612972574017,0.1246823631555615,0.5362762237762237,0.16964285714285715,465,6135,5305,95,0.04115105026852602,217700,18.141666666666666,0.023324502994036333,0.55,RandomForest
0.49266666666666664,0.6498501498501499,0.07147286821705426,0.8232142857142857,0.13152639087018544,0.7625543206793208,0.18979612972574017,0.18979612972574017,0.12678499390340264,0.523513986013986,0.1767857142857143,461,5989,5451,99,0.04115105026852602,218780,18.231666666666666,0.02363695682259409,0.5375,RandomForest
0.504,0.6498501498501499,0.07206349206349207,0.8107142857142857,0.13236151603498542,0.7625543206793208,0.18979612972574017,0.18979612972574017,0.12658624006760022,0.5110139860139861,0.18928571428571428,454,5846,5594,106,0.04115105026852602,222920,18.576666666666668,0.023984170420397955,0.525,RandomForest
0.516,0.6535964035964036,0.07333333333333333,0.8053571428571429,0.13442622950819672,0.7625543206793208,0.18979612972574017,0.18979612972574017,0.1296291213863668,0.49816433566433566,0.19464285714285715,451,5699,5741,109,0.04115105026852602,222980,18.581666666666667,0.02437745254295212,0.5125,RandomForest
0.5281666666666667,0.6582792207792207,0.07483333333333334,0.8017857142857143,0.13689024390243903,0.7625543206793208,0.18979612972574017,0.18979612972574017,0.13353947808716418,0.48522727272727273,0.1982142857142857,449,5551,5889,111,0.04115105026852602,222020,18.501666666666665,0.024786669064145186,0.5,RandomForest
0.5351666666666667,0.6594030969030968,0.0754653130287648,0.7964285714285714,0.13786707882534774,0.7625543206793208,0.18979612972574017,0.18979612972574017,0.13450281981750162,0.47762237762237764,0.20357142857142857,446,5464,5976,114,0.04115105026852602,223280,18.606666666666666,0.025,0.4925,RandomForest
0.54,0.6610889110889111,0.07606837606837606,0.7946428571428571,0.13884555382215288,0.7625543206793208,0.18979612972574017,0.18979612972574017,0.13595249316131153,0.47246503496503495,0.20535714285714285,445,5405,6035,115,0.04115105026852602,223100,18.591666666666665,0.025186107599447553,0.4875,RandomForest
0.5516666666666666,0.662962037962038,0.07719298245614035,0.7857142857142857,0.14057507987220447,0.7625543206793208,0.18979612972574017,0.18979612972574017,0.13766253607351522,0.4597902097902098,0.21428571428571427,440,5260,6180,120,0.04115105026852602,225200,18.766666666666666,0.02566596089396289,0.475,RandomForest
0.5638333333333333,0.6676448551448552,0.07891891891891892,0.7821428571428571,0.14337152209492635,0.7625543206793208,0.18979612972574017,0.18979612972574017,0.1418407119294317,0.44685314685314687,0.21785714285714286,438,5112,6328,122,0.04115105026852602,224240,18.686666666666667,0.026073438405458713,0.4625,RandomForest
0.576,0.6723276723276723,0.08074074074074074,0.7785714285714286,0.14630872483221474,0.7625543206793208,0.18979612972574017,0.18979612972574017,0.14612455299760074,0.43391608391608394,0.22142857142857142,436,4964,6476,124,0.04115105026852602,223280,18.606666666666666,0.02648332148539586,0.45,RandomForest
0.5876666666666667,0.6742007992007992,0.0820952380952381,0.7696428571428572,0.14836488812392426,0.7625543206793208,0.18979612972574017,0.18979612972574017,0.1481342989155418,0.42124125874125873,0.23035714285714284,431,4819,6621,129,0.04115105026852602,225380,18.781666666666666,0.027036680015199134,0.4375,RandomForest
0.5998333333333333,0.6788836163836164,0.08411764705882353,0.7660714285714286,0.15159010600706715,0.7625543206793208,0.18979612972574017,0.18979612972574017,0.152650402635917,0.4083041958041958,0.23392857142857143,429,4671,6769,131,0.04115105026852602,224420,18.701666666666668,0.02763690716403653,0.425,RandomForest
0.6115,0.6807567432567432,0.08565656565656565,0.7571428571428571,0.1539019963702359,0.7625543206793208,0.18979612972574017,0.18979612972574017,0.1548939201732375,0.39562937062937065,0.24285714285714285,424,4526,6914,136,0.04115105026852602,226520,18.876666666666665,0.028257712184104583,0.4125,RandomForest
0.6233333333333333,0.6835664335664335,0.0875,0.75,0.15671641791044774,0.7625543206793208,0.18979612972574017,0.18979612972574017,0.15806780581583094,0.38286713286713286,0.25,420,4380,7060,140,0.04115105026852602,227600,18.966666666666665,0.02878376632499383,0.4,RandomForest
0.6356666666666667,0.6891858141858143,0.09010752688172043,0.7482142857142857,0.16084452975047986,0.7625543206793208,0.18979612972574017,0.18979612972574017,0.16381567051419405,0.36984265734265737,0.2517857142857143,419,4231,7209,141,0.04115105026852602,225620,18.801666666666666,0.029395150448269153,0.3875,RandomForest
0.6471666666666667,0.6901223776223777,0.09177777777777778,0.7375,0.1632411067193676,0.7625543206793208,0.18979612972574017,0.18979612972574017,0.16566599362941523,0.3572552447552448,0.2625,413,4087,7353,147,0.04115105026852602,228740,19.061666666666667,0.02994232814547421,0.375,RandomForest
0.6593333333333333,0.6948051948051948,0.09448275862068965,0.7339285714285714,0.16741344195519348,0.7625543206793208,0.18979612972574017,0.18979612972574017,0.17094728560652894,0.3443181818181818,0.26607142857142857,411,3939,7501,149,0.04115105026852602,227780,18.981666666666666,0.03067154469146387,0.3625,RandomForest
0.6706666666666666,0.6948051948051948,0.09619047619047619,0.7214285714285714,0.16974789915966387,0.7625543206793208,0.18979612972574017,0.18979612972574017,0.1722921969015792,0.33181818181818185,0.2785714285714286,404,3796,7644,156,0.04115105026852602,231920,19.326666666666668,0.031545586115682756,0.35,RandomForest
0.6821666666666667,0.6957417582417582,0.09827160493827161,0.7107142857142857,0.17266811279826466,0.7625543206793208,0.18979612972574017,0.18979612972574017,0.17462621084242033,0.3192307692307692,0.2892857142857143,398,3652,7788,162,0.04115105026852602,235040,19.586666666666666,0.03244670268550904,0.3375,RandomForest
0.6936666666666667,0.6966783216783217,0.10051282051282051,0.7,0.1757847533632287,0.7625543206793208,0.18979612972574017,0.18979612972574017,0.17714084095070703,0.3066433566433566,0.3,392,3508,7932,168,0.04115105026852602,238160,19.846666666666668,0.033527978137845915,0.325,RandomForest
0.7033333333333334,0.6958041958041958,0.10212201591511937,0.6875,0.17782909930715937,0.7625543206793208,0.18979612972574017,0.18979612972574017,0.1779460788751056,0.2958916083916084,0.3125,385,3385,8055,175,0.04115105026852602,242700,20.225,0.034999999999999996,0.31416666666666665,RandomForest
0.7048333333333333,0.6957417582417582,0.1024,0.6857142857142857,0.17819025522041765,0.7625543206793208,0.18979612972574017,0.18979612972574017,0.17814674775662825,0.29423076923076924,0.3142857142857143,384,3366,8074,176,0.04115105026852602,243320,20.276666666666667,0.035210930781255444,0.3125,RandomForest
0.7171666666666666,0.7013611388611389,0.1063888888888889,0.6839285714285714,0.1841346153846154,0.7625543206793208,0.18979612972574017,0.18979612972574017,0.18536246100148665,0.2812062937062937,0.31607142857142856,383,3217,8223,177,0.04115105026852602,241340,20.111666666666668,0.03684918257535685,0.3,RandomForest
0.7293333333333333,0.706043956043956,0.11043478260869566,0.6803571428571429,0.19002493765586034,0.7625543206793208,0.18979612972574017,0.18979612972574017,0.1920455711866167,0.26826923076923076,0.3196428571428571,381,3069,8371,179,0.04115105026852602,240380,20.031666666666666,0.03863951893415304,0.2875,RandomForest
0.741,0.7079170829170829,0.11393939393939394,0.6714285714285714,0.19481865284974093,0.7625543206793208,0.18979612972574017,0.18979612972574017,0.1964312582360518,0.2555944055944056,0.32857142857142857,376,2924,8516,184,0.04115105026852602,242480,20.206666666666667,0.04110593436769662,0.275,RandomForest
0.7525,0.7088536463536463,0.11746031746031746,0.6607142857142857,0.19946091644204852,0.7625543206793208,0.18979612972574017,0.18979612972574017,0.20024061530773965,0.243006993006993,0.3392857142857143,370,2780,8660,190,0.04115105026852602,245600,20.466666666666665,0.04351773198709911,0.2625,RandomForest
0.76075,0.7089348151848152,0.12002630713581058,0.6517857142857143,0.20272146625937237,0.7625543206793208,0.18979612972574017,0.18979612972574017,0.20263285165761927,0.23391608391608393,0.3482142857142857,365,2676,8764,195,0.04115105026852602,248520,20.71,0.045,0.2534166666666667,RandomForest
0.7638333333333334,0.7088536463536463,0.121,0.6482142857142857,0.2039325842696629,0.7625543206793208,0.18979612972574017,0.18979612972574017,0.20346850837275507,0.230506993006993,0.3517857142857143,363,2637,8803,197,0.04115105026852602,249740,20.811666666666667,0.045696426112214916,0.25,RandomForest
0.7755,0.7107267732267732,0.1256140350877193,0.6392857142857142,0.20997067448680348,0.7625543206793208,0.18979612972574017,0.18979612972574017,0.20889293957016686,0.21783216783216783,0.3607142857142857,358,2492,8948,202,0.04115105026852602,251840,20.986666666666668,0.04833310366172405,0.2375,RandomForest
0.7861666666666667,0.7069805194805194,0.12851851851851853,0.6196428571428572,0.2128834355828221,0.7625543206793208,0.18979612972574017,0.18979612972574017,0.2090947543609391,0.2056818181818182,0.38035714285714284,347,2353,9087,213,0.04115105026852602,260060,21.671666666666667,0.05126126366022655,0.225,RandomForest
0.798,0.7097902097902098,0.13450980392156864,0.6125,0.22057877813504823,0.7625543206793208,0.18979612972574017,0.18979612972574017,0.21633971048395645,0.19291958041958043,0.3875,343,2207,9233,217,0.04115105026852602,261140,21.761666666666667,0.054252756012954796,0.2125,RandomForest
0.8005833333333333,0.7102959540459541,0.13587604290822408,0.6107142857142858,0.22229444263893403,0.7625543206793208,0.18979612972574017,0.18979612972574017,0.21789810612848898,0.19012237762237763,0.3892857142857143,342,2175,9265,218,0.04115105026852602,261500,21.791666666666668,0.055,0.20975,RandomForest
0.8088333333333333,0.7069805194805194,0.13875,0.5946428571428571,0.225,0.7625543206793208,0.18979612972574017,0.18979612972574017,0.21828568533478765,0.1806818181818182,0.40535714285714286,333,2067,9373,227,0.04115105026852602,268340,22.361666666666668,0.05771231750277974,0.2,RandomForest
0.8205,0.7088536463536463,0.14577777777777778,0.5857142857142857,0.23345195729537369,0.7625543206793208,0.18979612972574017,0.18979612972574017,0.22572804304004382,0.168006993006993,0.4142857142857143,328,1922,9518,232,0.04115105026852602,270440,22.536666666666665,0.06127248573809947,0.1875,RandomForest
0.8288333333333333,0.7064310689310689,0.14995313964386128,0.5714285714285714,0.23756495916852263,0.7625543206793208,0.18979612972574017,0.18979612972574017,0.2277426237455568,0.15856643356643357,0.42857142857142855,320,1814,9626,240,0.04115105026852602,276280,23.023333333333333,0.065,0.17783333333333334,RandomForest
0.8313333333333334,0.706043956043956,0.15142857142857144,0.5678571428571428,0.23909774436090225,0.7625543206793208,0.18979612972574017,0.18979612972574017,0.22875450543583878,0.15576923076923077,0.43214285714285716,318,1782,9658,242,0.04115105026852602,277640,23.136666666666667,0.06639941913743487,0.175,RandomForest
0.8421666666666666,0.7032342657342657,0.15794871794871795,0.55,0.2454183266932271,0.7625543206793208,0.18979612972574017,0.18979612972574017,0.2323986589306008,0.14353146853146853,0.45,308,1642,9798,252,0.04115105026852602,284840,23.736666666666668,0.07358775964550096,0.1625,RandomForest
0.84575,0.7008678821178821,0.15972588297311544,0.5410714285714285,0.24664224664224663,0.7625543206793208,0.18979612972574017,0.18979612972574017,0.23226762543863969,0.13933566433566433,0.4589285714285714,303,1594,9846,257,0.04115105026852602,288880,24.073333333333334,0.07500000000000001,0.15808333333333333,RandomForest
0.8525,0.6976148851148851,0.1638888888888889,0.5267857142857143,0.25,0.7625543206793208,0.18979612972574017,0.18979612972574017,0.23346422311808657,0.13155594405594406,0.4732142857142857,295,1505,9935,265,0.04115105026852602,295100,24.591666666666665,0.07850828443748423,0.15,RandomForest
0.8635,0.6957417582417582,0.17333333333333334,0.5107142857142857,0.25882352941176473,0.7625543206793208,0.18979612972574017,0.18979612972574017,0.23977746225672436,0.11923076923076924,0.48928571428571427,286,1364,10076,274,0.04115105026852602,301280,25.106666666666666,0.08387891571443312,0.1375,RandomForest
0.8648333333333333,0.6930444555444555,0.17343173431734318,0.5035714285714286,0.25800548947849955,0.7625543206793208,0.18979612972574017,0.18979612972574017,0.2379364412348587,0.11748251748251748,0.49642857142857144,282,1344,10096,278,0.04115105026852602,304880,25.406666666666666,0.085,0.1355,RandomForest
0.8731666666666666,0.6863761238761239,0.17933333333333334,0.48035714285714287,0.26116504854368927,0.7625543206793208,0.18979612972574017,0.18979612972574017,0.23773165713058722,0.1076048951048951,0.5196428571428572,269,1231,10209,291,0.04115105026852602,315620,26.301666666666666,0.09102005148344539,0.125,RandomForest
0.878,0.682967032967033,0.18347338935574228,0.46785714285714286,0.26358148893360156,0.7625543206793208,0.18979612972574017,0.18979612972574017,0.23837855671281644,0.10192307692307692,0.5321428571428571,262,1166,10274,298,0.04115105026852602,321320,26.776666666666667,0.095,0.119,RandomForest
0.883,0.6779470529470529,0.1874074074074074,0.4517857142857143,0.2649214659685864,0.7625543206793208,0.18979612972574017,0.18979612972574017,0.23756701077190556,0.09589160839160839,0.5482142857142858,253,1097,10343,307,0.04115105026852602,328940,27.411666666666665,0.09958596620184959,0.1125,RandomForest
0.88975,0.674694055944056,0.19553072625698323,0.4375,0.2702702702702703,0.7625543206793208,0.18979612972574017,0.18979612972574017,0.2409883175025516,0.08811188811188811,0.5625,245,1008,10432,315,0.04115105026852602,335160,27.93,0.10500000000000001,0.10441666666666667,RandomForest
0.8931666666666667,0.6713911088911089,0.19916666666666666,0.42678571428571427,0.27159090909090905,0.7625543206793208,0.18979612972574017,0.18979612972574017,0.24100320009813658,0.0840034965034965,0.5732142857142857,239,961,10479,321,0.04115105026852602,340220,28.351666666666667,0.10887972794295242,0.1,RandomForest
0.8995833333333333,0.6628683816183816,0.2054794520547945,0.4017857142857143,0.27190332326283984,0.7625543206793208,0.18979612972574017,0.18979612972574017,0.23859091778608546,0.07604895104895106,0.5982142857142857,225,870,10570,335,0.04115105026852602,352400,29.366666666666667,0.115,0.09125,RandomForest
0.9025,0.6601523476523476,0.20952380952380953,0.39285714285714285,0.2732919254658385,0.7625543206793208,0.18979612972574017,0.18979612972574017,0.23909396908007985,0.07255244755244755,0.6071428571428571,220,830,10610,340,0.04115105026852602,356600,29.716666666666665,0.11768109943526216,0.0875,RandomForest
0.9111666666666667,0.6579045954045954,0.22795698924731184,0.37857142857142856,0.28456375838926173,0.7625543206793208,0.18979612972574017,0.18979612972574017,0.24912453775661125,0.06276223776223776,0.6214285714285714,212,718,10722,348,0.04115105026852602,362360,30.196666666666665,0.125,0.0775,RandomForest
0.913,0.6554695304695305,0.2311111111111111,0.37142857142857144,0.2849315068493151,0.7625543206793208,0.18979612972574017,0.18979612972574017,0.24900012450009337,0.06048951048951049,0.6285714285714286,208,692,10748,352,0.04115105026852602,365840,30.486666666666668,0.12841561890570008,0.075,RandomForest
0.9176666666666666,0.651973026973027,0.2421686746987952,0.35892857142857143,0.2892086330935252,0.7625543206793208,0.18979612972574017,0.18979612972574017,0.25266082065041384,0.054982517482517486,0.6410714285714286,201,629,10811,359,0.04115105026852602,371580,30.965,0.135,0.06916666666666667,RandomForest
0.9216666666666666,0.6438811188811189,0.24934036939313983,0.3375,0.2867981790591806,0.7625543206793208,0.18979612972574017,0.18979612972574017,0.2495079767380753,0.04973776223776224,0.6625,189,569,10871,371,0.04115105026852602,382380,31.865,0.14500000000000002,0.06316666666666666,RandomForest
0.9223333333333333,0.6442307692307692,0.252,0.3375,0.28854961832061066,0.7625543206793208,0.18979612972574017,0.18979612972574017,0.25135530067911277,0.04903846153846154,0.6625,189,561,10879,371,0.04115105026852602,382220,31.851666666666667,0.1460055047099777,0.0625,RandomForest
0.9253333333333333,0.6373126873126873,0.2579250720461095,0.3196428571428571,0.28548644338118023,0.7625543206793208,0.18979612972574017,0.18979612972574017,0.2481495330479334,0.04501748251748252,0.6803571428571429,179,515,10925,381,0.04115105026852602,391300,32.608333333333334,0.155,0.057833333333333334,RandomForest
0.9283333333333333,0.6278471528471529,0.2626582278481013,0.29642857142857143,0.27852348993288595,0.7625543206793208,0.18979612972574017,0.18979612972574017,0.24145016723329038,0.04073426573426574,0.7035714285714286,166,466,10974,394,0.04115105026852602,403320,33.61,0.165,0.05266666666666667,RandomForest
0.9296666666666666,0.6217532467532467,0.2633333333333333,0.28214285714285714,0.27241379310344827,0.7625543206793208,0.18979612972574017,0.18979612972574017,0.23566197973891212,0.038636363636363635,0.7178571428571429,158,442,10998,402,0.04115105026852602,410840,34.236666666666665,0.17168729189394863,0.05,RandomForest
0.93,0.6193806193806194,0.2627118644067797,0.2767857142857143,0.26956521739130435,0.7625543206793208,0.18979612972574017,0.18979612972574017,0.2329174469972172,0.03802447552447553,0.7232142857142857,155,435,11005,405,0.04115105026852602,413700,34.475,0.17500000000000002,0.049166666666666664,RandomForest
0.93175,0.6160526973026973,0.26833631484794274,0.26785714285714285,0.2680965147453083,0.7625543206793208,0.18979612972574017,0.18979612972574017,0.23230275665738553,0.035751748251748254,0.7321428571428571,150,409,11031,410,0.04115105026852602,418180,34.848333333333336,0.185,0.04658333333333333,RandomForest
0.9333333333333333,0.6117882117882119,0.2727272727272727,0.2571428571428571,0.2647058823529411,0.7625543206793208,0.18979612972574017,0.18979612972574017,0.22993045568250664,0.033566433566433566,0.7428571428571429,144,384,11056,416,0.04115105026852602,423680,35.306666666666665,0.195,0.044,RandomForest
0.9344166666666667,0.6038648851148851,0.27070707070707073,0.2392857142857143,0.25402843601895736,0.7625543206793208,0.18979612972574017,0.18979612972574017,0.22032300965293497,0.03155594405594406,0.7607142857142857,134,361,11079,426,0.04115105026852602,433220,36.10166666666667,0.20500000000000002,0.04125,RandomForest
0.9364166666666667,0.5964223276723277,0.2749445676274945,0.22142857142857142,0.2453016815034619,0.7625543206793208,0.18979612972574017,0.18979612972574017,0.21387211838022246,0.028583916083916083,0.7785714285714286,124,327,11113,436,0.04115105026852602,442540,36.87833333333333,0.215,0.03758333333333334,RandomForest
0.9365,0.5964660339660339,0.27555555555555555,0.22142857142857142,0.2455445544554455,0.7625543206793208,0.18979612972574017,0.18979612972574017,0.2141974005444672,0.028496503496503497,0.7785714285714286,124,326,11114,436,0.04115105026852602,442520,36.876666666666665,0.21531346983583427,0.0375,RandomForest
0.9376666666666666,0.5902847152847153,0.2761904761904762,0.20714285714285716,0.23673469387755103,0.7625543206793208,0.18979612972574017,0.18979612972574017,0.20723940146863598,0.026573426573426574,0.7928571428571428,116,304,11136,444,0.04115105026852602,450080,37.50666666666667,0.225,0.035,RandomForest
0.9393333333333334,0.5894605394605394,0.2878787878787879,0.20357142857142857,0.2384937238493724,0.7625543206793208,0.18979612972574017,0.18979612972574017,0.21125990544472897,0.02465034965034965,0.7964285714285714,114,282,11158,446,0.04115105026852602,451640,37.63666666666666,0.23500000000000001,0.033,RandomForest
0.9399166666666666,0.581274975024975,0.28184281842818426,0.18571428571428572,0.2238966630785791,0.7625543206793208,0.18979612972574017,0.18979612972574017,0.19859675827669762,0.023164335664335664,0.8142857142857143,104,265,11175,456,0.04115105026852602,461300,38.44166666666667,0.245,0.03075,RandomForest
0.9416666666666667,0.5770979020979021,0.2916666666666667,0.175,0.21875,0.7625543206793208,0.18979612972574017,0.18979612972574017,0.19714519108065093,0.020804195804195805,0.825,98,238,11202,462,0.04115105026852602,466760,38.89666666666667,0.255,0.028,RandomForest
0.9433333333333334,0.5745754245754245,0.3051948051948052,0.16785714285714284,0.21658986175115205,0.7625543206793208,0.18979612972574017,0.18979612972574017,0.1989358227448927,0.018706293706293706,0.8321428571428572,94,214,11226,466,0.04115105026852602,470280,39.19,0.265,0.025666666666666667,RandomForest
0.9436666666666667,0.573051948051948,0.30666666666666664,0.16428571428571428,0.21395348837209302,0.7625543206793208,0.18979612972574017,0.18979612972574017,0.1973855084879307,0.01818181818181818,0.8357142857142857,92,208,11232,468,0.04115105026852602,472160,39.346666666666664,0.2675287106082408,0.025,RandomForest
0.9453333333333334,0.573076923076923,0.3273381294964029,0.1625,0.2171837708830549,0.7625543206793208,0.18979612972574017,0.18979612972574017,0.20492456312534335,0.016346153846153847,0.8375,91,187,11253,469,0.04115105026852602,472740,39.395,0.275,0.023166666666666665,RandomForest
0.9464166666666667,0.5693993506493507,0.33725490196078434,0.15357142857142858,0.2110429447852761,0.7625543206793208,0.18979612972574017,0.18979612972574017,0.20299990165775314,0.014772727272727272,0.8464285714285714,86,169,11271,474,0.04115105026852602,477380,39.781666666666666,0.28500000000000003,0.02125,RandomForest
0.9468333333333333,0.564522977022977,0.33613445378151263,0.14285714285714285,0.20050125313283207,0.7625543206793208,0.18979612972574017,0.18979612972574017,0.19521912074655165,0.01381118881118881,0.8571428571428571,80,158,11282,480,0.04115105026852602,483160,40.263333333333335,0.295,0.019833333333333335,RandomForest
0.9478333333333333,0.5625,0.35,0.1375,0.19743589743589746,0.7625543206793208,0.18979612972574017,0.18979612972574017,0.19653190014827449,0.0125,0.8625,77,143,11297,483,0.04115105026852602,485860,40.48833333333334,0.305,0.018333333333333333,RandomForest
0.9486666666666667,0.5578421578421578,0.35858585858585856,0.12678571428571428,0.18733509234828494,0.7625543206793208,0.18979612972574017,0.18979612972574017,0.1915451268068,0.011101398601398601,0.8732142857142857,71,127,11313,489,0.04115105026852602,491540,40.961666666666666,0.315,0.0165,RandomForest
0.9486666666666667,0.5544455544455544,0.3526315789473684,0.11964285714285715,0.17866666666666667,0.7625543206793208,0.18979612972574017,0.18979612972574017,0.18399147325901685,0.010751748251748251,0.8803571428571428,67,123,11317,493,0.04115105026852602,495460,41.288333333333334,0.325,0.015833333333333335,RandomForest
0.94875,0.5510926573426573,0.34806629834254144,0.1125,0.1700404858299595,0.7625543206793208,0.18979612972574017,0.18979612972574017,0.17683403577454365,0.010314685314685315,0.8875,63,118,11322,497,0.04115105026852602,499360,41.61333333333334,0.335,0.015083333333333334,RandomForest
0.9489166666666666,0.5469343156843157,0.3431952662721893,0.10357142857142858,0.15912208504801095,0.7625543206793208,0.18979612972574017,0.18979612972574017,0.16802481736660216,0.009702797202797203,0.8964285714285715,58,111,11329,502,0.04115105026852602,504220,42.01833333333333,0.34500000000000003,0.014083333333333333,RandomForest
0.9491666666666667,0.5462162837162837,0.3475609756097561,0.10178571428571428,0.15745856353591162,0.7625543206793208,0.18979612972574017,0.18979612972574017,0.16792201607408064,0.009353146853146853,0.8982142857142857,57,107,11333,503,0.04115105026852602,505140,42.095,0.35500000000000004,0.013666666666666667,RandomForest
0.9493333333333334,0.5420579420579421,0.34210526315789475,0.09285714285714286,0.14606741573033707,0.7625543206793208,0.18979612972574017,0.18979612972574017,0.1586502362015528,0.008741258741258742,0.9071428571428571,52,100,11340,508,0.04115105026852602,510000,42.5,0.365,0.012666666666666666,RandomForest
0.9495,0.5421453546453546,0.3466666666666667,0.09285714285714286,0.14647887323943662,0.7625543206793208,0.18979612972574017,0.18979612972574017,0.16002282364811823,0.008566433566433567,0.9071428571428571,52,98,11342,508,0.04115105026852602,509960,42.49666666666667,0.36592336041277296,0.0125,RandomForest
0.9498333333333333,0.5406218781218781,0.352112676056338,0.08928571428571429,0.14245014245014245,0.7625543206793208,0.18979612972574017,0.18979612972574017,0.15847002447867578,0.008041958041958041,0.9107142857142857,50,92,11348,510,0.04115105026852602,511840,42.653333333333336,0.375,0.011833333333333333,RandomForest
0.9499166666666666,0.5364198301698302,0.3435114503816794,0.08035714285714286,0.13024602026049203,0.7625543206793208,0.18979612972574017,0.18979612972574017,0.14785370947748677,0.007517482517482518,0.9196428571428571,45,86,11354,515,0.04115105026852602,516720,43.06,0.385,0.010916666666666667,RandomForest
0.9500833333333333,0.5356580919080919,0.3464566929133858,0.07857142857142857,0.12809315866084425,0.7625543206793208,0.18979612972574017,0.18979612972574017,0.14699854193605502,0.007255244755244755,0.9214285714285714,44,83,11357,516,0.04115105026852602,517660,43.138333333333335,0.395,0.010583333333333333,RandomForest
0.9504166666666667,0.5332854645354645,0.3504273504273504,0.07321428571428572,0.12112259970457902,0.7625543206793208,0.18979612972574017,0.18979612972574017,0.1429011304388677,0.006643356643356644,0.9267857142857143,41,76,11364,519,0.04115105026852602,520520,43.376666666666665,0.405,0.00975,RandomForest
0.9503333333333334,0.528996003996004,0.3333333333333333,0.06428571428571428,0.10778443113772454,0.7625543206793208,0.18979612972574017,0.18979612972574017,0.12951970432584187,0.006293706293706294,0.9357142857142857,36,72,11368,524,0.04115105026852602,525440,43.78666666666667,0.41500000000000004,0.009,RandomForest
0.951,0.525949050949051,0.34782608695652173,0.05714285714285714,0.09815950920245398,0.7625543206793208,0.18979612972574017,0.18979612972574017,0.12550041833981854,0.005244755244755245,0.9428571428571428,32,60,11380,528,0.04115105026852602,529200,44.1,0.425,0.007666666666666666,RandomForest
0.9513333333333334,0.5261238761238761,0.36363636363636365,0.05714285714285714,0.09876543209876543,0.7625543206793208,0.18979612972574017,0.18979612972574017,0.1291638431817434,0.0048951048951048955,0.9428571428571428,32,56,11384,528,0.04115105026852602,529120,44.093333333333334,0.435,0.007333333333333333,RandomForest
0.9516666666666667,0.5246003996003996,0.375,0.05357142857142857,0.09375,0.7625543206793208,0.18979612972574017,0.18979612972574017,0.1275252142626994,0.004370629370629371,0.9464285714285714,30,50,11390,530,0.04115105026852602,531000,44.25,0.445,0.006666666666666667,RandomForest
0.95175,0.5212475024975025,0.36619718309859156,0.04642857142857143,0.08240887480190173,0.7625543206793208,0.18979612972574017,0.18979612972574017,0.11687287208266886,0.003933566433566434,0.9535714285714286,26,45,11395,534,0.04115105026852602,534900,44.575,0.455,0.005916666666666666,RandomForest
0.9519166666666666,0.5204857642357642,0.373134328358209,0.044642857142857144,0.07974481658692184,0.7625543206793208,0.18979612972574017,0.18979612972574017,0.11597836178908544,0.0036713286713286712,0.9553571428571429,25,42,11398,535,0.04115105026852602,535840,44.653333333333336,0.465,0.005583333333333333,RandomForest
0.9519166666666666,0.5196366133866134,0.36923076923076925,0.04285714285714286,0.0768,0.7625543206793208,0.18979612972574017,0.18979612972574017,0.11285887609874268,0.003583916083916084,0.9571428571428572,24,41,11399,536,0.04115105026852602,536820,44.735,0.47500000000000003,0.005416666666666667,RandomForest
0.9521666666666667,0.5180694305694306,0.3793103448275862,0.039285714285714285,0.07119741100323625,0.7625543206793208,0.18979612972574017,0.18979612972574017,0.10990791212643787,0.003146853146853147,0.9607142857142857,22,36,11404,538,0.04115105026852602,538720,44.89333333333333,0.485,0.004833333333333334,RandomForest
0.9521666666666667,0.5155219780219781,0.36538461538461536,0.033928571428571426,0.06209150326797385,0.7625543206793208,0.18979612972574017,0.18979612972574017,0.09968614619884285,0.0028846153846153848,0.9660714285714286,19,33,11407,541,0.04115105026852602,541660,45.138333333333335,0.495,0.004333333333333333,RandomForest
0.95225,0.5121690809190809,0.3488372093023256,0.026785714285714284,0.04975124378109453,0.7625543206793208,0.18979612972574017,0.18979612972574017,0.08591113525450443,0.0024475524475524478,0.9732142857142857,15,28,11412,545,0.04115105026852602,545560,45.46333333333333,0.505,0.0035833333333333333,RandomForest
0.9524166666666667,0.5122564935064935,0.36585365853658536,0.026785714285714284,0.04991680532445923,0.7625543206793208,0.18979612972574017,0.18979612972574017,0.08860615673139365,0.0022727272727272726,0.9732142857142857,15,26,11414,545,0.04115105026852602,545520,45.46,0.515,0.003416666666666667,RandomForest
0.953,0.5125624375624376,0.4411764705882353,0.026785714285714284,0.050505050505050504,0.7625543206793208,0.18979612972574017,0.18979612972574017,0.09970041817191845,0.001660839160839161,0.9732142857142857,15,19,11421,545,0.04115105026852602,545380,45.44833333333333,0.525,0.0028333333333333335,RandomForest
0.95325,0.5118444055944056,0.4827586206896552,0.025,0.04753820033955858,0.7625543206793208,0.18979612972574017,0.18979612972574017,0.1017621040164779,0.0013111888111888112,0.975,14,15,11425,546,0.04115105026852602,546300,45.525,0.535,0.002416666666666667,RandomForest
0.95325,0.509296953046953,0.4782608695652174,0.019642857142857142,0.03773584905660377,0.7625543206793208,0.18979612972574017,0.18979612972574017,0.08966846106135852,0.001048951048951049,0.9803571428571428,11,12,11428,549,0.04115105026852602,549240,45.77,0.545,0.0019166666666666666,RandomForest
0.9533333333333334,0.5084915084915085,0.5,0.017857142857142856,0.03448275862068965,0.7625543206793208,0.18979612972574017,0.18979612972574017,0.0878169729239375,0.0008741258741258741,0.9821428571428571,10,10,11430,550,0.04115105026852602,550200,45.85,0.555,0.0016666666666666668,RandomForest
0.9533333333333334,0.5076423576423577,0.5,0.01607142857142857,0.03114186851211073,0.7625543206793208,0.18979612972574017,0.18979612972574017,0.0833035422373795,0.0007867132867132868,0.9839285714285714,9,9,11431,551,0.04115105026852602,551180,45.931666666666665,0.5650000000000001,0.0015,RandomForest
0.9530833333333333,0.5041146353646354,0.38461538461538464,0.008928571428571428,0.01745200698080279,0.7625543206793208,0.18979612972574017,0.18979612972574017,0.052764453825434494,0.0006993006993006993,0.9910714285714286,5,8,11432,555,0.04115105026852602,555160,46.263333333333335,0.5750000000000001,0.0010833333333333333,RandomForest
0.9530833333333333,0.5041146353646354,0.38461538461538464,0.008928571428571428,0.01745200698080279,0.7625543206793208,0.18979612972574017,0.18979612972574017,0.052764453825434494,0.0006993006993006993,0.9910714285714286,5,8,11432,555,0.04115105026852602,555160,46.263333333333335,0.585,0.0010833333333333333,RandomForest
0.95325,0.5042020479520479,0.45454545454545453,0.008928571428571428,0.01751313485113835,0.7625543206793208,0.18979612972574017,0.18979612972574017,0.058574717512339766,0.0005244755244755245,0.9910714285714286,5,6,11434,555,0.04115105026852602,555120,46.26,0.595,0.0009166666666666666,RandomForest
0.9531666666666667,0.50246003996004,0.375,0.005357142857142857,0.01056338028169014,0.7625543206793208,0.18979612972574017,0.18979612972574017,0.04020576960710208,0.00043706293706293706,0.9946428571428572,3,5,11435,557,0.04115105026852602,557100,46.425,0.605,0.0006666666666666666,RandomForest
0.9530833333333333,0.5015671828171828,0.2857142857142857,0.0035714285714285713,0.007054673721340388,0.7625543206793208,0.18979612972574017,0.18979612972574017,0.027380649501072718,0.00043706293706293706,0.9964285714285714,2,5,11435,558,0.04115105026852602,558100,46.50833333333333,0.615,0.0005833333333333334,RandomForest
0.953,0.5006743256743257,0.16666666666666666,0.0017857142857142857,0.0035335689045936395,0.7625543206793208,0.18979612972574017,0.18979612972574017,0.012724744453184954,0.00043706293706293706,0.9982142857142857,1,5,11435,559,0.04115105026852602,559100,46.59166666666667,0.625,0.0005,RandomForest
0.953,0.4998251748251748,0.0,0.0,0.0,0.7625543206793208,0.18979612972574017,0.18979612972574017,-0.004040106079803063,0.00034965034965034965,1.0,0,4,11436,560,0.04115105026852602,560080,46.67333333333333,0.635,0.0003333333333333333,RandomForest
0.953,0.4998251748251748,0.0,0.0,0.0,0.7625543206793208,0.18979612972574017,0.18979612972574017,-0.004040106079803063,0.00034965034965034965,1.0,0,4,11436,560,0.04115105026852602,560080,46.67333333333333,0.645,0.0003333333333333333,RandomForest
0.953,0.4998251748251748,0.0,0.0,0.0,0.7625543206793208,0.18979612972574017,0.18979612972574017,-0.004040106079803063,0.00034965034965034965,1.0,0,4,11436,560,0.04115105026852602,560080,46.67333333333333,0.655,0.0003333333333333333,RandomForest
0.9530833333333333,0.4998688811188811,0.0,0.0,0.0,0.7625543206793208,0.18979612972574017,0.18979612972574017,-0.0034986886748284824,0.00026223776223776224,1.0,0,3,11437,560,0.04115105026852602,560060,46.67166666666667,0.665,0.00025,RandomForest
0.9531666666666667,0.49991258741258743,0.0,0.0,0.0,0.7625543206793208,0.18979612972574017,0.18979612972574017,-0.002856548290600198,0.00017482517482517483,1.0,0,2,11438,560,0.04115105026852602,560040,46.67,0.675,0.00016666666666666666,RandomForest
0.95325,0.4999562937062937,0.0,0.0,0.0,0.7625543206793208,0.18979612972574017,0.18979612972574017,-0.0020198004964413025,8.741258741258741e-05,1.0,0,1,11439,560,0.04115105026852602,560020,46.66833333333334,0.6820901121897154,8.333333333333333e-05,RandomForest
0.9533333333333334,0.5,0.0,0.0,0.0,0.7625543206793208,0.18979612972574017,0.18979612972574017,0.0,0.0,1.0,0,0,11440,560,0.04115105026852602,560000,46.666666666666664,0.685,0.0,RandomForest
0.9533333333333334,0.5,0.0,0.0,0.0,0.7625543206793208,0.18979612972574017,0.18979612972574017,0.0,0.0,1.0,0,0,11440,560,0.04115105026852602,560000,46.666666666666664,0.6950000000000001,0.0,RandomForest
0.9533333333333334,0.5,0.0,0.0,0.0,0.7625543206793208,0.18979612972574017,0.18979612972574017,0.0,0.0,1.0,0,0,11440,560,0.04115105026852602,560000,46.666666666666664,0.7050000000000001,0.0,RandomForest
0.9533333333333334,0.5,0.0,0.0,0.0,0.7625543206793208,0.18979612972574017,0.18979612972574017,0.0,0.0,1.0,0,0,11440,560,0.04115105026852602,560000,46.666666666666664,0.715,0.0,RandomForest
0.9533333333333334,0.5,0.0,0.0,0.0,0.7625543206793208,0.18979612972574017,0.18979612972574017,0.0,0.0,1.0,0,0,11440,560,0.04115105026852602,560000,46.666666666666664,0.725,0.0,RandomForest
0.9533333333333334,0.5,0.0,0.0,0.0,0.7625543206793208,0.18979612972574017,0.18979612972574017,0.0,0.0,1.0,0,0,11440,560,0.04115105026852602,560000,46.666666666666664,0.735,0.0,RandomForest
0.9533333333333334,0.5,0.0,0.0,0.0,0.7625543206793208,0.18979612972574017,0.18979612972574017,0.0,0.0,1.0,0,0,11440,560,0.04115105026852602,560000,46.666666666666664,0.745,0.0,RandomForest
0.9533333333333334,0.5,0.0,0.0,0.0,0.7625543206793208,0.18979612972574017,0.18979612972574017,0.0,0.0,1.0,0,0,11440,560,0.04115105026852602,560000,46.666666666666664,0.755,0.0,RandomForest
0.9533333333333334,0.5,0.0,0.0,0.0,0.7625543206793208,0.18979612972574017,0.18979612972574017,0.0,0.0,1.0,0,0,11440,560,0.04115105026852602,560000,46.666666666666664,0.765,0.0,RandomForest
0.9533333333333334,0.5,0.0,0.0,0.0,0.7625543206793208,0.18979612972574017,0.18979612972574017,0.0,0.0,1.0,0,0,11440,560,0.04115105026852602,560000,46.666666666666664,0.775,0.0,RandomForest
0.9533333333333334,0.5,0.0,0.0,0.0,0.7625543206793208,0.18979612972574017,0.18979612972574017,0.0,0.0,1.0,0,0,11440,560,0.04115105026852602,560000,46.666666666666664,0.785,0.0,RandomForest
0.9533333333333334,0.5,0.0,0.0,0.0,0.7625543206793208,0.18979612972574017,0.18979612972574017,0.0,0.0,1.0,0,0,11440,560,0.04115105026852602,560000,46.666666666666664,0.795,0.0,RandomForest
0.9533333333333334,0.5,0.0,0.0,0.0,0.7625543206793208,0.18979612972574017,0.18979612972574017,0.0,0.0,1.0,0,0,11440,560,0.04115105026852602,560000,46.666666666666664,0.805,0.0,RandomForest
0.9533333333333334,0.5,0.0,0.0,0.0,0.7625543206793208,0.18979612972574017,0.18979612972574017,0.0,0.0,1.0,0,0,11440,560,0.04115105026852602,560000,46.666666666666664,0.8150000000000001,0.0,RandomForest
0.9533333333333334,0.5,0.0,0.0,0.0,0.7625543206793208,0.18979612972574017,0.18979612972574017,0.0,0.0,1.0,0,0,11440,560,0.04115105026852602,560000,46.666666666666664,0.8250000000000001,0.0,RandomForest
0.9533333333333334,0.5,0.0,0.0,0.0,0.7625543206793208,0.18979612972574017,0.18979612972574017,0.0,0.0,1.0,0,0,11440,560,0.04115105026852602,560000,46.666666666666664,0.8350000000000001,0.0,RandomForest
0.9533333333333334,0.5,0.0,0.0,0.0,0.7625543206793208,0.18979612972574017,0.18979612972574017,0.0,0.0,1.0,0,0,11440,560,0.04115105026852602,560000,46.666666666666664,0.845,0.0,RandomForest
0.9533333333333334,0.5,0.0,0.0,0.0,0.7625543206793208,0.18979612972574017,0.18979612972574017,0.0,0.0,1.0,0,0,11440,560,0.04115105026852602,560000,46.666666666666664,0.855,0.0,RandomForest
0.9533333333333334,0.5,0.0,0.0,0.0,0.7625543206793208,0.18979612972574017,0.18979612972574017,0.0,0.0,1.0,0,0,11440,560,0.04115105026852602,560000,46.666666666666664,0.865,0.0,RandomForest
0.9533333333333334,0.5,0.0,0.0,0.0,0.7625543206793208,0.18979612972574017,0.18979612972574017,0.0,0.0,1.0,0,0,11440,560,0.04115105026852602,560000,46.666666666666664,0.875,0.0,RandomForest
0.9533333333333334,0.5,0.0,0.0,0.0,0.7625543206793208,0.18979612972574017,0.18979612972574017,0.0,0.0,1.0,0,0,11440,560,0.04115105026852602,560000,46.666666666666664,0.885,0.0,RandomForest
0.9533333333333334,0.5,0.0,0.0,0.0,0.7625543206793208,0.18979612972574017,0.18979612972574017,0.0,0.0,1.0,0,0,11440,560,0.04115105026852602,560000,46.666666666666664,0.895,0.0,RandomForest
0.9533333333333334,0.5,0.0,0.0,0.0,0.7625543206793208,0.18979612972574017,0.18979612972574017,0.0,0.0,1.0,0,0,11440,560,0.04115105026852602,560000,46.666666666666664,0.905,0.0,RandomForest
0.9533333333333334,0.5,0.0,0.0,0.0,0.7625543206793208,0.18979612972574017,0.18979612972574017,0.0,0.0,1.0,0,0,11440,560,0.04115105026852602,560000,46.666666666666664,0.915,0.0,RandomForest
0.9533333333333334,0.5,0.0,0.0,0.0,0.7625543206793208,0.18979612972574017,0.18979612972574017,0.0,0.0,1.0,0,0,11440,560,0.04115105026852602,560000,46.666666666666664,0.925,0.0,RandomForest
0.9533333333333334,0.5,0.0,0.0,0.0,0.7625543206793208,0.18979612972574017,0.18979612972574017,0.0,0.0,1.0,0,0,11440,560,0.04115105026852602,560000,46.666666666666664,0.935,0.0,RandomForest
0.9533333333333334,0.5,0.0,0.0,0.0,0.7625543206793208,0.18979612972574017,0.18979612972574017,0.0,0.0,1.0,0,0,11440,560,0.04115105026852602,560000,46.666666666666664,0.9450000000000001,0.0,RandomForest
0.9533333333333334,0.5,0.0,0.0,0.0,0.7625543206793208,0.18979612972574017,0.18979612972574017,0.0,0.0,1.0,0,0,11440,560,0.04115105026852602,560000,46.666666666666664,0.9550000000000001,0.0,RandomForest
0.9533333333333334,0.5,0.0,0.0,0.0,0.7625543206793208,0.18979612972574017,0.18979612972574017,0.0,0.0,1.0,0,0,11440,560,0.04115105026852602,560000,46.666666666666664,0.965,0.0,RandomForest
0.9533333333333334,0.5,0.0,0.0,0.0,0.7625543206793208,0.18979612972574017,0.18979612972574017,0.0,0.0,1.0,0,0,11440,560,0.04115105026852602,560000,46.666666666666664,0.975,0.0,RandomForest
0.9533333333333334,0.5,0.0,0.0,0.0,0.7625543206793208,0.18979612972574017,0.18979612972574017,0.0,0.0,1.0,0,0,11440,560,0.04115105026852602,560000,46.666666666666664,0.985,0.0,RandomForest
0.9533333333333334,0.5,0.0,0.0,0.0,0.7625543206793208,0.18979612972574017,0.18979612972574017,0.0,0.0,1.0,0,0,11440,560,0.04115105026852602,560000,46.666666666666664,0.995,0.0,RandomForest
0.9533333333333334,0.5,0.0,0.0,0.0,0.7625543206793208,0.18979612972574017,0.18979612972574017,0.0,0.0,1.0,0,0,11440,560,0.04115105026852602,560000,46.666666666666664,1.000001,0.0,RandomForest
0.04666666666666667,0.5,0.04666666666666667,1.0,0.089171974522293,0.7619833291708292,0.22138488790572028,0.22138488790572028,0.0,1.0,0.0,560,11440,0,0,0.04016703700258972,228800,19.066666666666666,0.001582543366175217,1.0,HistGradientBoosting
0.0505,0.4969155844155844,0.04639088929827499,0.9892857142857143,0.08862581986882098,0.7619833291708292,0.22138488790572028,0.22138488790572028,-0.018761060328424433,0.9954545454545455,0.010714285714285714,554,11388,52,6,0.04016703700258972,233760,19.48,0.005,0.9951666666666666,HistGradientBoosting
0.057833333333333334,0.4990634365634366,0.04658227848101266,0.9857142857142858,0.08896051571313458,0.7619833291708292,0.22138488790572028,0.22138488790572028,-0.003556062747735961,0.9875874125874126,0.014285714285714285,552,11298,142,8,0.04016703700258972,233960,19.496666666666666,0.007315614880253984,0.9875,HistGradientBoosting
0.07016666666666667,0.5046828171828172,0.047094017094017095,0.9839285714285714,0.08988580750407829,0.7619833291708292,0.22138488790572028,0.22138488790572028,0.012652917210764789,0.9745629370629371,0.01607142857142857,551,11149,291,9,0.04016703700258972,231980,19.331666666666667,0.008893552230319395,0.975,HistGradientBoosting
0.082,0.5074925074925075,0.04735930735930736,0.9767857142857143,0.09033856317093311,0.7619833291708292,0.22138488790572028,0.22138488790572028,0.016636691304424637,0.9618006993006993,0.023214285714285715,547,11003,437,13,0.04016703700258972,233060,19.421666666666667,0.009788883207072436,0.9625,HistGradientBoosting
0.0945,0.5140484515484516,0.047982456140350876,0.9767857142857143,0.0914715719063545,0.7619833291708292,0.22138488790572028,0.22138488790572028,0.0271917668929514,0.9486888111888112,0.023214285714285715,547,10853,587,13,0.04016703700258972,230060,19.171666666666667,0.010486420845323498,0.95,HistGradientBoosting
0.107,0.5206043956043955,0.04862222222222222,0.9767857142857143,0.09263336155800168,0.7619833291708292,0.22138488790572028,0.22138488790572028,0.0359079000970161,0.9355769230769231,0.023214285714285715,547,10703,737,13,0.04016703700258972,227060,18.921666666666667,0.011080576241367462,0.9375,HistGradientBoosting
0.11933333333333333,0.5262237762237763,0.049189189189189186,0.975,0.09365351629502572,0.7619833291708292,0.22138488790572028,0.22138488790572028,0.04200002100001575,0.9225524475524476,0.025,546,10554,886,14,0.04016703700258972,225080,18.756666666666668,0.011613138125274551,0.925,HistGradientBoosting
0.1315,0.5309065934065934,0.049680365296803655,0.9714285714285714,0.0945264986967854,0.7619833291708292,0.22138488790572028,0.22138488790572028,0.04614094140141892,0.9096153846153846,0.02857142857142857,544,10406,1034,16,0.04016703700258972,224120,18.676666666666666,0.012163196656255808,0.9125,HistGradientBoosting
0.14383333333333334,0.536525974025974,0.050277777777777775,0.9696428571428571,0.09559859154929577,0.7619833291708292,0.22138488790572028,0.22138488790572028,0.05136133772583239,0.8965909090909091,0.030357142857142857,543,10257,1183,17,0.04016703700258972,222140,18.511666666666667,0.012627654523645568,0.9,HistGradientBoosting
0.15583333333333332,0.5402722277722278,0.05070422535211268,0.9642857142857143,0.09634255129348797,0.7619833291708292,0.22138488790572028,0.22138488790572028,0.05376516559574705,0.8837412587412588,0.03571428571428571,540,10110,1330,20,0.04016703700258972,222200,18.516666666666666,0.013078845364929384,0.8875,HistGradientBoosting
0.16783333333333333,0.5440184815184815,0.05114285714285714,0.9589285714285715,0.09710669077757686,0.7619833291708292,0.22138488790572028,0.22138488790572028,0.05614767781476181,0.8708916083916084,0.04107142857142857,537,9963,1477,23,0.04016703700258972,222260,18.52166666666667,0.013529935880738432,0.875,HistGradientBoosting
0.18016666666666667,0.5496378621378621,0.05178743961352657,0.9571428571428572,0.0982584784601283,0.7619833291708292,0.22138488790572028,0.22138488790572028,0.060804811002901395,0.8578671328671329,0.04285714285714286,536,9814,1626,24,0.04016703700258972,220280,18.356666666666666,0.013964412886297396,0.8625,HistGradientBoosting
0.192,0.5524475524475524,0.05215686274509804,0.95,0.09888475836431225,0.7619833291708292,0.22138488790572028,0.22138488790572028,0.06196206869484762,0.8451048951048951,0.05,532,9668,1772,28,0.04016703700258972,221360,18.446666666666665,0.014389989607885696,0.85,HistGradientBoosting
0.20416666666666666,0.5571303696303697,0.0527363184079602,0.9464285714285714,0.0999057492931197,0.7619833291708292,0.22138488790572028,0.22138488790572028,0.06532865527542235,0.8321678321678322,0.05357142857142857,530,9520,1920,30,0.04016703700258972,220400,18.366666666666667,0.014785060237471712,0.8375,HistGradientBoosting
0.21108333333333335,0.5599088411588411,0.05308580030105369,0.9446428571428571,0.10052256532066509,0.7619833291708292,0.22138488790572028,0.22138488790572028,0.06734526745808413,0.8248251748251748,0.055357142857142855,529,9436,2004,31,0.04016703700258972,219720,18.31,0.015,0.8304166666666667,HistGradientBoosting
0.21633333333333332,0.5618131868131868,0.05333333333333334,0.9428571428571428,0.10095602294455068,0.7619833291708292,0.22138488790572028,0.22138488790572028,0.06862635163075163,0.8192307692307692,0.05714285714285714,528,9372,2068,32,0.04016703700258972,219440,18.286666666666665,0.01516202183448607,0.825,HistGradientBoosting
0.2285,0.566496003996004,0.05394871794871795,0.9392857142857143,0.10203685741998061,0.7619833291708292,0.22138488790572028,0.22138488790572028,0.071868569757144,0.8062937062937063,0.060714285714285714,526,9224,2216,34,0.04016703700258972,218480,18.206666666666667,0.01555163002324506,0.8125,HistGradientBoosting
0.24083333333333334,0.5721153846153846,0.0546875,0.9375,0.10334645669291338,0.7619833291708292,0.22138488790572028,0.22138488790572028,0.0760542885555595,0.7932692307692307,0.0625,525,9075,2365,35,0.04016703700258972,216500,18.041666666666668,0.015915156790699627,0.8,HistGradientBoosting
0.253,0.5767982017982018,0.05534391534391534,0.9339285714285714,0.10449550449550449,0.7619833291708292,0.22138488790572028,0.22138488790572028,0.07919578687359119,0.7803321678321679,0.06607142857142857,523,8927,2513,37,0.04016703700258972,215540,17.961666666666666,0.01626739251292192,0.7875,HistGradientBoosting
0.2648333333333333,0.5796078921078921,0.05580645161290323,0.9267857142857143,0.1052738336713996,0.7619833291708292,0.22138488790572028,0.22138488790572028,0.08042105936959197,0.76756993006993,0.07321428571428572,519,8781,2659,41,0.04016703700258972,216620,18.051666666666666,0.016696119650563338,0.775,HistGradientBoosting
0.277,0.5842907092907093,0.056502732240437156,0.9232142857142858,0.10648815653964985,0.7619833291708292,0.22138488790572028,0.22138488790572028,0.08355717582806674,0.7546328671328671,0.07678571428571429,517,8633,2807,43,0.04016703700258972,215660,17.971666666666668,0.01705576256381079,0.7625,HistGradientBoosting
0.2886666666666667,0.5861638361638362,0.05688888888888889,0.9142857142857143,0.10711297071129708,0.7619833291708292,0.22138488790572028,0.22138488790572028,0.08394216488920836,0.7419580419580419,0.08571428571428572,512,8488,2952,48,0.04016703700258972,217760,18.14666666666667,0.017406670178248273,0.75,HistGradientBoosting
0.301,0.5917832167832168,0.057740112994350286,0.9125,0.10860786397449522,0.7619833291708292,0.22138488790572028,0.22138488790572028,0.08799811793793043,0.7289335664335664,0.0875,511,8339,3101,49,0.04016703700258972,215780,17.981666666666666,0.017794823180608904,0.7375,HistGradientBoosting
0.31333333333333335,0.5974025974025974,0.05862068965517241,0.9107142857142857,0.1101511879049676,0.7619833291708292,0.22138488790572028,0.22138488790572028,0.0920218507051774,0.7159090909090909,0.08928571428571429,510,8190,3250,50,0.04016703700258972,213800,17.816666666666666,0.018111711201422222,0.725,HistGradientBoosting
0.3253333333333333,0.6011488511488512,0.059298245614035086,0.9053571428571429,0.11130625686059276,0.7619833291708292,0.22138488790572028,0.22138488790572028,0.09427691676433911,0.7030594405594406,0.09464285714285714,507,8043,3397,53,0.04016703700258972,213860,17.821666666666665,0.018547645746485514,0.7125,HistGradientBoosting
0.3368333333333333,0.6020854145854146,0.05964285714285714,0.8946428571428572,0.11183035714285715,0.7619833291708292,0.22138488790572028,0.22138488790572028,0.09397445697284673,0.690472027972028,0.10535714285714286,501,7899,3541,59,0.04016703700258972,216980,18.081666666666667,0.01891155421721116,0.7,HistGradientBoosting
0.3491666666666667,0.6077047952047953,0.06060606060606061,0.8928571428571429,0.11350737797956867,0.7619833291708292,0.22138488790572028,0.22138488790572028,0.09802333010532177,0.6774475524475524,0.10714285714285714,500,7750,3690,60,0.04016703700258972,215000,17.916666666666668,0.01932991674864445,0.6875,HistGradientBoosting
0.36133333333333334,0.6123876123876124,0.061481481481481484,0.8892857142857142,0.11501154734411086,0.7619833291708292,0.22138488790572028,0.22138488790572028,0.1012233376861183,0.6645104895104895,0.11071428571428571,498,7602,3838,62,0.04016703700258972,214040,17.836666666666666,0.01971279781442586,0.675,HistGradientBoosting
0.3735,0.6170704295704296,0.06238993710691824,0.8857142857142857,0.11656874265569919,0.7619833291708292,0.22138488790572028,0.22138488790572028,0.10444151366173464,0.6515734265734265,0.11428571428571428,496,7454,3986,64,0.04016703700258972,213080,17.756666666666668,0.020125725617512486,0.6625,HistGradientBoosting
0.38533333333333336,0.6198801198801198,0.06307692307692307,0.8785714285714286,0.11770334928229664,0.7619833291708292,0.22138488790572028,0.22138488790572028,0.10602596732404874,0.6388111888111888,0.12142857142857143,492,7308,4132,68,0.04016703700258972,214160,17.846666666666668,0.020526292398128435,0.65,HistGradientBoosting
0.39766666666666667,0.6254995004995005,0.06418300653594772,0.8767857142857143,0.11961023142509138,0.7619833291708292,0.22138488790572028,0.22138488790572028,0.11012950130420615,0.6257867132867133,0.12321428571428572,491,7159,4281,69,0.04016703700258972,212180,17.68166666666667,0.020996981752860362,0.6375,HistGradientBoosting
0.4096666666666667,0.6292457542457542,0.06506666666666666,0.8714285714285714,0.12109181141439207,0.7619833291708292,0.22138488790572028,0.22138488790572028,0.11262023212245961,0.612937062937063,0.12857142857142856,488,7012,4428,72,0.04016703700258972,212240,17.686666666666667,0.02139504662012609,0.625,HistGradientBoosting
0.4216666666666667,0.6329920079920079,0.06598639455782312,0.8660714285714286,0.12262958280657393,0.7619833291708292,0.22138488790572028,0.22138488790572028,0.11515755055948294,0.6000874125874126,0.13392857142857142,485,6865,4575,75,0.04016703700258972,212300,17.691666666666666,0.02179384578435,0.6125,HistGradientBoosting
0.43383333333333335,0.6376748251748252,0.06708333333333333,0.8625,0.12448453608247421,0.7619833291708292,0.22138488790572028,0.22138488790572028,0.1185508543618732,0.5871503496503496,0.1375,483,6717,4723,77,0.04016703700258972,211340,17.611666666666668,0.022240042134965013,0.6,HistGradientBoosting
0.44533333333333336,0.6386113886113887,0.06765957446808511,0.8517857142857143,0.12536136662286465,0.7619833291708292,0.22138488790572028,0.22138488790572028,0.11877875743854482,0.574562937062937,0.14821428571428572,477,6573,4867,83,0.04016703700258972,214460,17.871666666666666,0.022689142512901096,0.5875,HistGradientBoosting
0.4575,0.6432942057942058,0.06884057971014493,0.8482142857142857,0.12734584450402145,0.7619833291708292,0.22138488790572028,0.22138488790572028,0.12228016546227906,0.5616258741258742,0.15178571428571427,475,6425,5015,85,0.04016703700258972,213500,17.791666666666668,0.023098840603174173,0.575,HistGradientBoosting
0.469,0.6442307692307693,0.06948148148148148,0.8375,0.1283173734610123,0.7619833291708292,0.22138488790572028,0.22138488790572028,0.12264882813437332,0.5490384615384616,0.1625,469,6281,5159,91,0.04016703700258972,216620,18.051666666666666,0.02353206915816322,0.5625,HistGradientBoosting
0.481,0.647977022977023,0.0706060606060606,0.8321428571428572,0.13016759776536313,0.7619833291708292,0.22138488790572028,0.22138488790572028,0.1254765183348963,0.5361888111888112,0.16785714285714284,466,6134,5306,94,0.04016703700258972,216680,18.05666666666667,0.0239511609591141,0.55,HistGradientBoosting
0.49316666666666664,0.6526598401598402,0.07193798449612403,0.8285714285714286,0.13238231098430814,0.7619833291708292,0.22138488790572028,0.22138488790572028,0.12916221253909144,0.5232517482517482,0.17142857142857143,464,5986,5454,96,0.04016703700258972,215720,17.976666666666667,0.024370559632066847,0.5375,HistGradientBoosting
0.5048333333333334,0.654532967032967,0.07285714285714286,0.8196428571428571,0.1338192419825073,0.7619833291708292,0.22138488790572028,0.22138488790572028,0.13054206006971272,0.510576923076923,0.18035714285714285,459,5841,5599,101,0.04016703700258972,217820,18.151666666666667,0.024878385399344557,0.525,HistGradientBoosting
0.507,0.6548201798201798,0.07302295918367346,0.8178571428571428,0.13407494145199061,0.7619833291708292,0.22138488790572028,0.22138488790572028,0.13075552820933706,0.5082167832167832,0.18214285714285713,458,5814,5626,102,0.04016703700258972,218280,18.19,0.025,0.5226666666666666,HistGradientBoosting
0.516,0.6535964035964036,0.07333333333333333,0.8053571428571429,0.13442622950819672,0.7619833291708292,0.22138488790572028,0.22138488790572028,0.1296291213863668,0.49816433566433566,0.19464285714285715,451,5699,5741,109,0.04016703700258972,222980,18.581666666666667,0.025398354038781924,0.5125,HistGradientBoosting
0.5276666666666666,0.6554695304695304,0.07433333333333333,0.7964285714285714,0.13597560975609754,0.7619833291708292,0.22138488790572028,0.22138488790572028,0.1311689548075104,0.4854895104895105,0.20357142857142857,446,5554,5886,114,0.04016703700258972,225080,18.756666666666668,0.025892297809402845,0.5,HistGradientBoosting
0.5393333333333333,0.6573426573426573,0.07538461538461538,0.7875,0.137597503900156,0.7619833291708292,0.22138488790572028,0.22138488790572028,0.13279080727383916,0.4728146853146853,0.2125,441,5409,6031,119,0.04016703700258972,227180,18.93166666666667,0.026429409168019426,0.4875,HistGradientBoosting
0.5516666666666666,0.662962037962038,0.07719298245614035,0.7857142857142857,0.14057507987220447,0.7619833291708292,0.22138488790572028,0.22138488790572028,0.13766253607351522,0.4597902097902098,0.21428571428571427,440,5260,6180,120,0.04016703700258972,225200,18.766666666666666,0.02698179429380014,0.475,HistGradientBoosting
0.5636666666666666,0.6667082917082917,0.07873873873873874,0.7803571428571429,0.14304418985270048,0.7619833291708292,0.22138488790572028,0.22138488790572028,0.14104830571753543,0.44694055944055944,0.21964285714285714,437,5113,6327,123,0.04016703700258972,225260,18.77166666666667,0.027558172897848593,0.4625,HistGradientBoosting
0.5751666666666667,0.6676448551448552,0.07981481481481481,0.7696428571428572,0.14463087248322148,0.7619833291708292,0.22138488790572028,0.22138488790572028,0.1421537771009268,0.43435314685314685,0.23035714285714284,431,4969,6471,129,0.04016703700258972,228380,19.031666666666666,0.028217936112390825,0.45,HistGradientBoosting
0.5873333333333334,0.6723276723276723,0.08171428571428571,0.7660714285714286,0.14767641996557657,0.7619833291708292,0.22138488790572028,0.22138488790572028,0.14654145699171878,0.42141608391608393,0.23392857142857143,429,4821,6619,131,0.04016703700258972,227420,18.951666666666668,0.029009678637123042,0.4375,HistGradientBoosting
0.5991666666666666,0.6751373626373627,0.08333333333333333,0.7589285714285714,0.15017667844522967,0.7619833291708292,0.22138488790572028,0.22138488790572028,0.14945353556500773,0.40865384615384615,0.24107142857142858,425,4675,6765,135,0.04016703700258972,228500,19.041666666666668,0.029725742195293343,0.425,HistGradientBoosting
0.6106666666666667,0.6760739260739261,0.08464646464646465,0.7482142857142857,0.15208711433756808,0.7619833291708292,0.22138488790572028,0.22138488790572028,0.15088112431382722,0.39606643356643356,0.2517857142857143,419,4531,6909,141,0.04016703700258972,231620,19.301666666666666,0.030435889700846094,0.4125,HistGradientBoosting
0.6228333333333333,0.6807567432567433,0.086875,0.7446428571428572,0.15559701492537312,0.7619833291708292,0.22138488790572028,0.22138488790572028,0.15564840062477228,0.38312937062937064,0.25535714285714284,417,4383,7057,143,0.04016703700258972,230660,19.221666666666668,0.03109956630806453,0.4,HistGradientBoosting
0.6345,0.6826298701298701,0.08860215053763441,0.7357142857142858,0.15815738963531673,0.7619833291708292,0.22138488790572028,0.22138488790572028,0.1581388898528111,0.3704545454545455,0.2642857142857143,412,4238,7202,148,0.04016703700258972,232760,19.39666666666667,0.031889286008850964,0.3875,HistGradientBoosting
0.6456666666666667,0.6816933066933066,0.08977777777777778,0.7214285714285714,0.15968379446640316,0.7619833291708292,0.22138488790572028,0.22138488790572028,0.1583211958822983,0.35804195804195804,0.2785714285714286,404,4096,7344,156,0.04016703700258972,237920,19.826666666666668,0.032700796436625164,0.375,HistGradientBoosting
0.6575,0.684502997002997,0.09195402298850575,0.7142857142857143,0.1629327902240326,0.7619833291708292,0.22138488790572028,0.22138488790572028,0.16190680415618366,0.34527972027972026,0.2857142857142857,400,3950,7490,160,0.04016703700258972,239000,19.916666666666668,0.03354849454760587,0.3625,HistGradientBoosting
0.6696666666666666,0.6891858141858143,0.09476190476190476,0.7107142857142857,0.16722689075630254,0.7619833291708292,0.22138488790572028,0.22138488790572028,0.16732222968326443,0.33234265734265733,0.2892857142857143,398,3802,7638,162,0.04016703700258972,238040,19.836666666666666,0.0345381612842461,0.35,HistGradientBoosting
0.6753333333333333,0.6896103896103896,0.09573436742607852,0.7053571428571429,0.1685872812633376,0.7619833291708292,0.22138488790572028,0.22138488790572028,0.16839796344308863,0.3261363636363636,0.29464285714285715,395,3731,7709,165,0.04016703700258972,239620,19.968333333333334,0.034999999999999996,0.3438333333333333,HistGradientBoosting
0.6813333333333333,0.6910589410589411,0.09703703703703703,0.7017857142857142,0.1704989154013015,0.7619833291708292,0.22138488790572028,0.22138488790572028,0.17044855029595093,0.3196678321678322,0.2982142857142857,393,3657,7783,167,0.04016703700258972,240140,20.011666666666667,0.035488617103302755,0.3375,HistGradientBoosting
0.6933333333333334,0.6948051948051948,0.1,0.6964285714285714,0.17488789237668162,0.7619833291708292,0.22138488790572028,0.22138488790572028,0.17545378532260505,0.3068181818181818,0.30357142857142855,390,3510,7930,170,0.04016703700258972,240200,20.016666666666666,0.03664249865342305,0.325,HistGradientBoosting
0.7051666666666667,0.6976148851148851,0.10293333333333334,0.6892857142857143,0.1791183294663573,0.7619833291708292,0.22138488790572028,0.22138488790572028,0.17985150132367733,0.29405594405594404,0.3107142857142857,386,3364,8076,174,0.04016703700258972,241280,20.106666666666666,0.037737543153517655,0.3125,HistGradientBoosting
0.7168333333333333,0.699488011988012,0.10583333333333333,0.6803571428571429,0.18317307692307694,0.7619833291708292,0.22138488790572028,0.22138488790572028,0.18363815903868214,0.2813811188811189,0.3196428571428571,381,3219,8221,179,0.04016703700258972,243380,20.281666666666666,0.038771677799150916,0.3,HistGradientBoosting
0.7285,0.7013611388611388,0.10898550724637682,0.6714285714285714,0.18753117206982545,0.7619833291708292,0.22138488790572028,0.22138488790572028,0.1876808991141936,0.26870629370629373,0.32857142857142857,376,3074,8366,184,0.04016703700258972,245480,20.456666666666667,0.03995007449744319,0.2875,HistGradientBoosting
0.7405,0.7051073926073925,0.11303030303030304,0.6660714285714285,0.19326424870466322,0.7619833291708292,0.22138488790572028,0.22138488790572028,0.19377678177340243,0.2558566433566434,0.3339285714285714,373,2927,8513,187,0.04016703700258972,245540,20.461666666666666,0.041335077570116695,0.275,HistGradientBoosting
0.7515,0.7032342657342657,0.11555555555555555,0.65,0.19622641509433963,0.7619833291708292,0.22138488790572028,0.22138488790572028,0.1948529754339888,0.24353146853146854,0.35,364,2786,8654,196,0.04016703700258972,251720,20.976666666666667,0.04272857703143727,0.2625,HistGradientBoosting
0.7628333333333334,0.7032342657342657,0.119,0.6375,0.20056179775280897,0.7619833291708292,0.22138488790572028,0.22138488790572028,0.19799401935824149,0.23103146853146853,0.3625,357,2643,8797,203,0.04016703700258972,255860,21.321666666666665,0.04439060930125175,0.25,HistGradientBoosting
0.7675833333333333,0.7048763736263737,0.12104726283577015,0.6357142857142857,0.20337046558126248,0.7619833291708292,0.22138488790572028,0.22138488790572028,0.20092836842077438,0.22596153846153846,0.36428571428571427,356,2585,8855,204,0.04016703700258972,255700,21.308333333333334,0.045,0.24508333333333332,HistGradientBoosting
0.7748333333333334,0.7069805194805194,0.12421052631578948,0.6321428571428571,0.2076246334310851,0.7619833291708292,0.22138488790572028,0.22138488790572028,0.20517928731114166,0.21818181818181817,0.3678571428571429,354,2496,8944,206,0.04016703700258972,255920,21.326666666666668,0.046020062576958023,0.2375,HistGradientBoosting
0.7863333333333333,0.7079170829170829,0.1288888888888889,0.6214285714285714,0.21349693251533744,0.7619833291708292,0.22138488790572028,0.22138488790572028,0.21004088447116961,0.2055944055944056,0.37857142857142856,348,2352,9088,212,0.04016703700258972,259040,21.586666666666666,0.047950512861127545,0.225,HistGradientBoosting
0.7973333333333333,0.706043956043956,0.13294117647058823,0.6053571428571428,0.2180064308681672,0.7619833291708292,0.22138488790572028,0.22138488790572028,0.2124765013681715,0.19326923076923078,0.39464285714285713,339,2211,9229,221,0.04016703700258972,265220,22.101666666666667,0.050189469416646634,0.2125,HistGradientBoosting
0.8076666666666666,0.7004245754245755,0.13583333333333333,0.5821428571428572,0.22027027027027024,0.7619833291708292,0.22138488790572028,0.22138488790572028,0.21137165910246405,0.18129370629370628,0.41785714285714287,326,2074,9366,234,0.04016703700258972,275480,22.956666666666667,0.052347478495078495,0.2,HistGradientBoosting
0.8185,0.6976148851148851,0.14044444444444446,0.5642857142857143,0.22491103202846977,0.7619833291708292,0.22138488790572028,0.22138488790572028,0.2135812425177096,0.16905594405594407,0.4357142857142857,316,1934,9506,244,0.04016703700258972,282680,23.55666666666667,0.05479567083752229,0.1875,HistGradientBoosting
0.81925,0.6980082417582418,0.14100847835787594,0.5642857142857143,0.2256337022491967,0.7619833291708292,0.22138488790572028,0.22138488790572028,0.2143367797811566,0.16826923076923078,0.4357142857142857,316,1925,9515,244,0.04016703700258972,282500,23.541666666666668,0.055,0.18675,HistGradientBoosting
0.8303333333333334,0.7004245754245755,0.14857142857142858,0.5571428571428572,0.23458646616541354,0.7619833291708292,0.22138488790572028,0.22138488790572028,0.22251574619667952,0.15629370629370629,0.44285714285714284,312,1788,9652,248,0.04016703700258972,283760,23.64666666666667,0.05808907647935366,0.175,HistGradientBoosting
0.8411666666666666,0.6976148851148851,0.15487179487179487,0.5392857142857143,0.24063745019920316,0.7619833291708292,0.22138488790572028,0.22138488790572028,0.2259728895592478,0.14405594405594405,0.4607142857142857,302,1648,9792,258,0.04016703700258972,290960,24.246666666666666,0.06123262245487185,0.1625,HistGradientBoosting
0.8505833333333334,0.6974587912087913,0.16219178082191782,0.5285714285714286,0.2482180293501048,0.7619833291708292,0.22138488790572028,0.22138488790572028,0.23196093577084037,0.13365384615384615,0.4714285714285714,296,1529,9911,264,0.04016703700258972,294580,24.548333333333332,0.065,0.15208333333333332,HistGradientBoosting
0.8523333333333334,0.6966783216783217,0.16333333333333333,0.525,0.24915254237288137,0.7619833291708292,0.22138488790572028,0.22138488790572028,0.2323577576056786,0.13164335664335663,0.475,294,1506,9934,266,0.04016703700258972,296120,24.676666666666666,0.06563630998268169,0.15,HistGradientBoosting
0.8633333333333333,0.6948051948051948,0.17272727272727273,0.5089285714285714,0.2579185520361991,0.7619833291708292,0.22138488790572028,0.22138488790572028,0.23863020167176396,0.11931818181818182,0.49107142857142855,285,1365,10075,275,0.04016703700258972,302300,25.191666666666666,0.07040003496733996,0.1375,HistGradientBoosting
0.87325,0.6957604895104895,0.18408941485864563,0.5,0.2691013935607881,0.7619833291708292,0.22138488790572028,0.22138488790572028,0.24822043736865404,0.10847902097902098,0.5,280,1241,10199,280,0.04016703700258972,304820,25.401666666666667,0.07500000000000001,0.12675,HistGradientBoosting
0.875,0.6966783216783217,0.18666666666666668,0.5,0.2718446601941748,0.7619833291708292,0.22138488790572028,0.22138488790572028,0.2508726030021272,0.10664335664335664,0.5,280,1220,10220,280,0.04016703700258972,304400,25.366666666666667,0.0757021477614261,0.125,HistGradientBoosting
0.8855,0.6919955044955045,0.1985185185185185,0.4785714285714286,0.28062827225130893,0.7619833291708292,0.22138488790572028,0.22138488790572028,0.2563223010960034,0.09458041958041959,0.5214285714285715,268,1082,10358,292,0.04016703700258972,313640,26.136666666666667,0.08246465504408822,0.1125,HistGradientBoosting
0.8885,0.6901723276723277,0.20214395099540583,0.4714285714285714,0.2829581993569132,0.7619833291708292,0.22138488790572028,0.22138488790572028,0.25759810583125764,0.09108391608391608,0.5285714285714286,264,1042,10398,296,0.04016703700258972,316840,26.403333333333332,0.085,0.10883333333333334,HistGradientBoosting
0.8955,0.684502997002997,0.21083333333333334,0.4517857142857143,0.28750000000000003,0.7619833291708292,0.22138488790572028,0.22138488790572028,0.25944060338433284,0.08277972027972028,0.5482142857142858,253,947,10493,307,0.04016703700258972,325940,27.161666666666665,0.09166324893167885,0.1,HistGradientBoosting
0.8985,0.6826798201798201,0.21539792387543252,0.4446428571428571,0.29020979020979015,0.7619833291708292,0.22138488790572028,0.22138488790572028,0.26118842427341205,0.07928321678321679,0.5553571428571429,249,907,10533,311,0.04016703700258972,329140,27.428333333333335,0.095,0.09633333333333334,HistGradientBoosting
0.9065,0.6826298701298701,0.23238095238095238,0.4357142857142857,0.30310559006211185,0.7619833291708292,0.22138488790572028,0.22138488790572028,0.27265101737202085,0.07045454545454545,0.5642857142857143,244,806,10634,316,0.04016703700258972,332120,27.676666666666666,0.10311771863326552,0.0875,HistGradientBoosting
0.9075,0.681456043956044,0.23404255319148937,0.43214285714285716,0.30363864491844417,0.7619833291708292,0.22138488790572028,0.22138488790572028,0.2727872511862335,0.06923076923076923,0.5678571428571428,242,792,10648,318,0.04016703700258972,333840,27.82,0.10500000000000001,0.08616666666666667,HistGradientBoosting
0.9131666666666667,0.6776348651348651,0.2463157894736842,0.41785714285714287,0.3099337748344371,0.7619833291708292,0.22138488790572028,0.22138488790572028,0.2775378951906642,0.06258741258741259,0.5821428571428572,234,716,10724,326,0.04016703700258972,340320,28.36,0.115,0.07916666666666666,HistGradientBoosting
0.9163333333333333,0.6742007992007992,0.25333333333333335,0.40714285714285714,0.3123287671232877,0.7619833291708292,0.22138488790572028,0.22138488790572028,0.27900013950010466,0.05874125874125874,0.5928571428571429,228,672,10768,332,0.04016703700258972,345440,28.786666666666665,0.12163372410649076,0.075,HistGradientBoosting
0.9184166666666667,0.6744443056943057,0.2600229095074456,0.40535714285714286,0.316817864619679,0.7619833291708292,0.22138488790572028,0.22138488790572028,0.2833333216314942,0.056468531468531466,0.5946428571428571,227,646,10794,333,0.04016703700258972,345920,28.826666666666668,0.125,0.07275,HistGradientBoosting
0.92325,0.6684877622377623,0.2729559748427673,0.3875,0.3202952029520295,0.7619833291708292,0.22138488790572028,0.22138488790572028,0.28576950917782973,0.050524475524475525,0.6125,217,578,10862,343,0.04016703700258972,354560,29.546666666666667,0.135,0.06625,HistGradientBoosting
0.9263333333333333,0.6667082917082917,0.284,0.38035714285714284,0.32519083969465645,0.7619833291708292,0.22138488790572028,0.22138488790572028,0.29052755533040303,0.04694055944055944,0.6196428571428572,213,537,10903,347,0.04016703700258972,357740,29.811666666666667,0.14277867378888512,0.0625,HistGradientBoosting
0.9266666666666666,0.6651848151848152,0.284366576819407,0.3767857142857143,0.3241167434715822,0.7619833291708292,0.22138488790572028,0.22138488790572028,0.2893174098480817,0.046416083916083914,0.6232142857142857,211,531,10909,349,0.04016703700258972,359620,29.968333333333334,0.14500000000000002,0.06183333333333333,HistGradientBoosting
0.9298333333333333,0.6617507492507493,0.29624277456647397,0.36607142857142855,0.3274760383386581,0.7619833291708292,0.22138488790572028,0.22138488790572028,0.29270987571863416,0.04256993006993007,0.6339285714285714,205,487,10953,355,0.04016703700258972,364740,30.395,0.155,0.057666666666666665,HistGradientBoosting
0.9325833333333333,0.6563998501498501,0.30637636080870917,0.3517857142857143,0.32751454696591853,0.7619833291708292,0.22138488790572028,0.22138488790572028,0.2929787047426103,0.038986013986013986,0.6482142857142857,197,446,10994,363,0.04016703700258972,371920,30.993333333333332,0.165,0.05358333333333333,HistGradientBoosting
0.9348333333333333,0.6507867132867133,0.315,0.3375,0.3258620689655172,0.7619833291708292,0.22138488790572028,0.22138488790572028,0.291858297984345,0.035926573426573426,0.6625,189,411,11029,371,0.04016703700258972,379220,31.601666666666667,0.17420478591013352,0.05,HistGradientBoosting
0.9350833333333334,0.6509178321678322,0.3165829145728643,0.3375,0.3267070008643042,0.7619833291708292,0.22138488790572028,0.22138488790572028,0.2928065933908085,0.03566433566433566,0.6625,189,408,11032,371,0.04016703700258972,379160,31.596666666666668,0.17500000000000002,0.04975,HistGradientBoosting
0.9373333333333334,0.6461538461538462,0.3273381294964029,0.325,0.32616487455197135,0.7619833291708292,0.22138488790572028,0.22138488790572028,0.29330600168060683,0.032692307692307694,0.675,182,374,11066,378,0.04016703700258972,385480,32.123333333333335,0.185,0.04633333333333333,HistGradientBoosting
0.9380833333333334,0.6406031468531468,0.32833020637898686,0.3125,0.3202195791399817,0.7619833291708292,0.22138488790572028,0.22138488790572028,0.28790125061114097,0.03129370629370629,0.6875,175,358,11082,385,0.04016703700258972,392160,32.68,0.195,0.04441666666666667,HistGradientBoosting
0.9395,0.6320054945054945,0.3319838056680162,0.29285714285714287,0.31119544592030357,0.7619833291708292,0.22138488790572028,0.22138488790572028,0.2802872679915308,0.028846153846153848,0.7071428571428572,164,330,11110,396,0.04016703700258972,402600,33.55,0.20500000000000002,0.041166666666666664,HistGradientBoosting
0.9408333333333333,0.6259115884115884,0.33766233766233766,0.2785714285714286,0.3052837573385519,0.7619833291708292,0.22138488790572028,0.22138488790572028,0.27606825429889614,0.02674825174825175,0.7214285714285714,156,306,11134,404,0.04016703700258972,410120,34.17666666666667,0.215,0.0385,HistGradientBoosting
0.9411666666666667,0.6226898101898102,0.3377777777777778,0.2714285714285714,0.300990099009901,0.7619833291708292,0.22138488790572028,0.22138488790572028,0.2724258201099534,0.02604895104895105,0.7285714285714285,152,298,11142,408,0.04016703700258972,413960,34.49666666666667,0.22009792421383725,0.0375,HistGradientBoosting
0.9421666666666667,0.6206668331668331,0.3449074074074074,0.26607142857142857,0.30040322580645157,0.7619833291708292,0.22138488790572028,0.22138488790572028,0.27324606919198446,0.024737762237762237,0.7339285714285714,149,283,11157,411,0.04016703700258972,416660,34.721666666666664,0.225,0.036,HistGradientBoosting
0.94275,0.6124812687312687,0.3432098765432099,0.24821428571428572,0.28808290155440414,0.7619833291708292,0.22138488790572028,0.22138488790572028,0.2627570271723443,0.023251748251748253,0.7517857142857143,139,266,11174,421,0.04016703700258972,426320,35.526666666666664,0.23500000000000001,0.03375,HistGradientBoosting
0.94325,0.6076486013986014,0.34366925064599485,0.2375,0.2808870116156283,0.7619833291708292,0.22138488790572028,0.22138488790572028,0.2570500647409025,0.022202797202797202,0.7625,133,254,11186,427,0.04016703700258972,432080,36.00666666666667,0.245,0.03225,HistGradientBoosting
0.9445833333333333,0.6066496003996004,0.3569482288828338,0.23392857142857143,0.2826321467098166,0.7619833291708292,0.22138488790572028,0.22138488790572028,0.2612867324374851,0.02062937062937063,0.7660714285714286,131,236,11204,429,0.04016703700258972,433720,36.14333333333333,0.255,0.030583333333333334,HistGradientBoosting
0.94475,0.6016421078921079,0.35410764872521244,0.22321428571428573,0.2738225629791895,0.7619833291708292,0.22138488790572028,0.22138488790572028,0.2537559849061912,0.01993006993006993,0.7767857142857143,125,228,11212,435,0.04016703700258972,439560,36.63,0.265,0.029416666666666667,HistGradientBoosting
0.94475,0.5948489010989011,0.34718100890207715,0.20892857142857144,0.2608695652173913,0.7619833291708292,0.22138488790572028,0.22138488790572028,0.24218611286606104,0.019230769230769232,0.7910714285714285,117,220,11220,443,0.04016703700258972,447400,37.28333333333333,0.275,0.02808333333333333,HistGradientBoosting
0.9455,0.5918456543456544,0.353125,0.2017857142857143,0.25681818181818183,0.7619833291708292,0.22138488790572028,0.22138488790572028,0.24049121885264357,0.018094405594405595,0.7982142857142858,113,207,11233,447,0.04016703700258972,451140,37.595,0.28500000000000003,0.02666666666666667,HistGradientBoosting
0.9465,0.5889735264735265,0.36333333333333334,0.19464285714285715,0.2534883720930233,0.7619833291708292,0.22138488790572028,0.22138488790572028,0.240405427004531,0.016695804195804197,0.8053571428571429,109,191,11249,451,0.04016703700258972,454820,37.901666666666664,0.2947962593561757,0.025,HistGradientBoosting
0.9465833333333333,0.5890172327672328,0.36454849498327757,0.19464285714285715,0.25378346915017463,0.7619833291708292,0.22138488790572028,0.22138488790572028,0.2409151031094004,0.016608391608391608,0.8053571428571429,109,190,11250,451,0.04016703700258972,454800,37.9,0.295,0.024916666666666667,HistGradientBoosting
0.94725,0.5834228271728271,0.36823104693140796,0.18214285714285713,0.2437275985663082,0.7619833291708292,0.22138488790572028,0.22138488790572028,0.23434875910014424,0.015297202797202798,0.8178571428571428,102,175,11265,458,0.04016703700258972,461500,38.458333333333336,0.305,0.023083333333333334,HistGradientBoosting
0.9475,0.5801573426573426,0.3684210526315789,0.175,0.23728813559322032,0.7619833291708292,0.22138488790572028,0.22138488790572028,0.229676452906819,0.014685314685314685,0.825,98,168,11272,462,0.04016703700258972,465360,38.78,0.315,0.022166666666666668,HistGradientBoosting
0.9478333333333333,0.5769355644355645,0.3700787401574803,0.16785714285714284,0.23095823095823098,0.7619833291708292,0.22138488790572028,0.22138488790572028,0.22547703183129397,0.013986013986013986,0.8321428571428572,94,160,11280,466,0.04016703700258972,469200,39.1,0.325,0.021166666666666667,HistGradientBoosting
0.9476666666666667,0.5726023976023976,0.3617886178861789,0.15892857142857142,0.22084367245657568,0.7619833291708292,0.22138488790572028,0.22138488790572028,0.21613623780821548,0.013723776223776223,0.8410714285714286,89,157,11283,471,0.04016703700258972,474140,39.51166666666666,0.335,0.0205,HistGradientBoosting
0.9480833333333333,0.5702734765234765,0.3659574468085106,0.15357142857142858,0.21635220125786164,0.7619833291708292,0.22138488790572028,0.22138488790572028,0.21394323760730607,0.013024475524475524,0.8464285714285714,86,149,11291,474,0.04016703700258972,476980,39.748333333333335,0.34500000000000003,0.019583333333333335,HistGradientBoosting
0.9484166666666667,0.5636550949050949,0.3627906976744186,0.1392857142857143,0.2012903225806452,0.7619833291708292,0.22138488790572028,0.22138488790572028,0.20243526381739646,0.011975524475524475,0.8607142857142858,78,137,11303,482,0.04016703700258972,484740,40.395,0.35500000000000004,0.017916666666666668,HistGradientBoosting
0.9491666666666667,0.561500999000999,0.375,0.13392857142857142,0.1973684210526316,0.7619833291708292,0.22138488790572028,0.22138488790572028,0.2026577377128848,0.010926573426573426,0.8660714285714286,75,125,11315,485,0.04016703700258972,487500,40.625,0.365,0.016666666666666666,HistGradientBoosting
0.9495,0.556580919080919,0.375,0.12321428571428572,0.18548387096774194,0.7619833291708292,0.22138488790572028,0.22138488790572028,0.19425082253272793,0.010052447552447552,0.8767857142857143,69,115,11325,491,0.04016703700258972,493300,41.108333333333334,0.375,0.015333333333333332,HistGradientBoosting
0.9499166666666666,0.5508553946053946,0.37575757575757573,0.11071428571428571,0.17103448275862068,0.7619833291708292,0.22138488790572028,0.22138488790572028,0.18422473762386102,0.009003496503496503,0.8892857142857142,62,103,11337,498,0.04016703700258972,500060,41.67166666666667,0.385,0.01375,HistGradientBoosting
0.9503333333333334,0.5476773226773227,0.3815789473684211,0.10357142857142858,0.16292134831460675,0.7619833291708292,0.22138488790572028,0.22138488790572028,0.17984756586031134,0.008216783216783216,0.8964285714285715,58,94,11346,502,0.04016703700258972,503880,41.99,0.395,0.012666666666666666,HistGradientBoosting
0.9505,0.5477647352647352,0.38666666666666666,0.10357142857142858,0.16338028169014085,0.7619833291708292,0.22138488790572028,0.22138488790572028,0.181359200134534,0.008041958041958041,0.8964285714285715,58,92,11348,502,0.04016703700258972,503840,41.986666666666665,0.3965526524503052,0.0125,HistGradientBoosting
0.951,0.5454795204795205,0.39855072463768115,0.09821428571428571,0.15759312320916904,0.7619833291708292,0.22138488790572028,0.22138488790572028,0.1799427673914366,0.007255244755244755,0.9017857142857143,55,83,11357,505,0.04016703700258972,506660,42.221666666666664,0.405,0.0115,HistGradientBoosting
0.9511666666666667,0.5421703296703296,0.3984375,0.09107142857142857,0.14825581395348839,0.7619833291708292,0.22138488790572028,0.22138488790572028,0.173171767146974,0.006730769230769231,0.9089285714285714,51,77,11363,509,0.04016703700258972,510540,42.545,0.41500000000000004,0.010666666666666666,HistGradientBoosting
0.9515,0.5397977022977023,0.4067796610169492,0.08571428571428572,0.1415929203539823,0.7619833291708292,0.22138488790572028,0.22138488790572028,0.17014110252155812,0.006118881118881119,0.9142857142857143,48,70,11370,512,0.04016703700258972,513400,42.78333333333333,0.425,0.009833333333333333,HistGradientBoosting
0.9516666666666667,0.5381868131868132,0.4107142857142857,0.08214285714285714,0.1369047619047619,0.7619833291708292,0.22138488790572028,0.22138488790572028,0.16752785521789382,0.0057692307692307696,0.9178571428571428,46,66,11374,514,0.04016703700258972,515320,42.943333333333335,0.435,0.009333333333333334,HistGradientBoosting
0.9518333333333333,0.5348776223776224,0.4117647058823529,0.075,0.1268882175226586,0.7619833291708292,0.22138488790572028,0.22138488790572028,0.1602680026168162,0.005244755244755245,0.925,42,60,11380,518,0.04016703700258972,519200,43.266666666666666,0.445,0.0085,HistGradientBoosting
0.9523333333333334,0.5342907092907093,0.43617021276595747,0.07321428571428572,0.1253822629969419,0.7619833291708292,0.22138488790572028,0.22138488790572028,0.16408414708524532,0.004632867132867133,0.9267857142857143,41,53,11387,519,0.04016703700258972,520060,43.33833333333333,0.455,0.007833333333333333,HistGradientBoosting
0.9525,0.5309815184815185,0.44047619047619047,0.06607142857142857,0.11490683229813665,0.7619833291708292,0.22138488790572028,0.22138488790572028,0.15675984698767315,0.004108391608391608,0.9339285714285714,37,47,11393,523,0.04016703700258972,523940,43.66166666666667,0.465,0.007,HistGradientBoosting
0.95275,0.5285651848151848,0.4533333333333333,0.060714285714285714,0.10708661417322836,0.7619833291708292,0.22138488790572028,0.22138488790572028,0.15290237600077952,0.003583916083916084,0.9392857142857143,34,41,11399,526,0.04016703700258972,526820,43.901666666666664,0.47500000000000003,0.00625,HistGradientBoosting
0.9528333333333333,0.5243631368631368,0.453125,0.05178571428571429,0.09294871794871794,0.7619833291708292,0.22138488790572028,0.22138488790572028,0.1411077393704765,0.0030594405594405595,0.9482142857142857,29,35,11405,531,0.04016703700258972,531700,44.30833333333333,0.485,0.005333333333333333,HistGradientBoosting
0.9525833333333333,0.519137112887113,0.41818181818181815,0.04107142857142857,0.07479674796747966,0.7619833291708292,0.22138488790572028,0.22138488790572028,0.11951956898944328,0.002797202797202797,0.9589285714285715,23,32,11408,537,0.04016703700258972,537640,44.803333333333335,0.495,0.004583333333333333,HistGradientBoosting
0.9528333333333333,0.518419080919081,0.44,0.039285714285714285,0.0721311475409836,0.7619833291708292,0.22138488790572028,0.22138488790572028,0.12062463783668792,0.0024475524475524478,0.9607142857142857,22,28,11412,538,0.04016703700258972,538560,44.88,0.505,0.004166666666666667,HistGradientBoosting
0.9528333333333333,0.5158716283716284,0.4318181818181818,0.033928571428571426,0.06291390728476821,0.7619833291708292,0.22138488790572028,0.22138488790572028,0.1107743514505333,0.0021853146853146855,0.9660714285714286,19,25,11415,541,0.04016703700258972,541500,45.125,0.515,0.0036666666666666666,HistGradientBoosting
0.95325,0.5160901598401598,0.48717948717948717,0.033928571428571426,0.06343906510851417,0.7619833291708292,0.22138488790572028,0.22138488790572028,0.1192563000388384,0.0017482517482517483,0.9660714285714286,19,20,11420,541,0.04016703700258972,541400,45.11666666666667,0.525,0.00325,HistGradientBoosting
0.953,0.5134115884115884,0.4444444444444444,0.02857142857142857,0.05369127516778523,0.7619833291708292,0.22138488790572028,0.22138488790572028,0.10344935464561125,0.0017482517482517483,0.9714285714285714,16,20,11420,544,0.04016703700258972,544400,45.36666666666667,0.535,0.003,HistGradientBoosting
0.9533333333333334,0.5127372627372627,0.5,0.026785714285714284,0.05084745762711864,0.7619833291708292,0.22138488790572028,0.22138488790572028,0.10759830405746018,0.0013111888111888112,0.9732142857142857,15,15,11425,545,0.04016703700258972,545300,45.44166666666667,0.545,0.0025,HistGradientBoosting
0.95325,0.5109952547452548,0.48148148148148145,0.023214285714285715,0.044293015332197615,0.7619833291708292,0.22138488790572028,0.22138488790572028,0.09789464682003994,0.0012237762237762239,0.9767857142857143,13,14,11426,547,0.04016703700258972,547280,45.60666666666667,0.555,0.00225,HistGradientBoosting
0.9533333333333334,0.5110389610389611,0.5,0.023214285714285715,0.04436860068259386,0.7619833291708292,0.22138488790572028,0.22138488790572028,0.10015183733439188,0.0011363636363636363,0.9767857142857143,13,13,11427,547,0.04016703700258972,547260,45.605,0.5650000000000001,0.0021666666666666666,HistGradientBoosting
0.9533333333333334,0.5101898101898101,0.5,0.02142857142857143,0.0410958904109589,0.7619833291708292,0.22138488790572028,0.22138488790572028,0.0962147379061125,0.001048951048951049,0.9785714285714285,12,12,11428,548,0.04016703700258972,548240,45.68666666666667,0.5750000000000001,0.002,HistGradientBoosting
0.9535833333333333,0.5103209290709291,0.5714285714285714,0.02142857142857143,0.04130808950086058,0.7619833291708292,0.22138488790572028,0.22138488790572028,0.10416837396293153,0.0007867132867132868,0.9785714285714285,12,9,11431,548,0.04016703700258972,548180,45.681666666666665,0.585,0.00175,HistGradientBoosting
0.9533333333333334,0.5076423576423577,0.5,0.01607142857142857,0.03114186851211073,0.7619833291708292,0.22138488790572028,0.22138488790572028,0.0833035422373795,0.0007867132867132868,0.9839285714285714,9,9,11431,551,0.04016703700258972,551180,45.931666666666665,0.595,0.0015,HistGradientBoosting
0.95325,0.5067495004995005,0.47058823529411764,0.014285714285714285,0.02772963604852686,0.7619833291708292,0.22138488790572028,0.22138488790572028,0.07570096485192691,0.0007867132867132868,0.9857142857142858,8,9,11431,552,0.04016703700258972,552180,46.015,0.605,0.0014166666666666668,HistGradientBoosting
0.9534166666666667,0.5051386113886114,0.5454545454545454,0.010714285714285714,0.021015761821366025,0.7619833291708292,0.22138488790572028,0.22138488790572028,0.07163000373351504,0.00043706293706293706,0.9892857142857143,6,5,11435,554,0.04016703700258972,554100,46.175,0.615,0.0009166666666666666,HistGradientBoosting
0.9535,0.5043331668331669,0.625,0.008928571428571428,0.0176056338028169,0.7619833291708292,0.22138488790572028,0.22138488790572028,0.07081929976479402,0.00026223776223776224,0.9910714285714286,5,3,11437,555,0.04016703700258972,555060,46.255,0.625,0.0006666666666666666,HistGradientBoosting
0.9535833333333333,0.5035277222777222,0.8,0.007142857142857143,0.01415929203539823,0.7619833291708292,0.22138488790572028,0.22138488790572028,0.072919936326762,8.741258741258741e-05,0.9928571428571429,4,1,11439,556,0.04016703700258972,556020,46.335,0.635,0.0004166666666666667,HistGradientBoosting
0.9535833333333333,0.5035277222777222,0.8,0.007142857142857143,0.01415929203539823,0.7619833291708292,0.22138488790572028,0.22138488790572028,0.072919936326762,8.741258741258741e-05,0.9928571428571429,4,1,11439,556,0.04016703700258972,556020,46.335,0.645,0.0004166666666666667,HistGradientBoosting
0.9536666666666667,0.5035714285714286,1.0,0.007142857142857143,0.014184397163120567,0.7619833291708292,0.22138488790572028,0.22138488790572028,0.08253359563026258,0.0,0.9928571428571429,4,0,11440,556,0.04016703700258972,556000,46.333333333333336,0.655,0.0003333333333333333,HistGradientBoosting
0.9535,0.5017857142857143,1.0,0.0035714285714285713,0.0071174377224199285,0.7619833291708292,0.22138488790572028,0.22138488790572028,0.058355200793689756,0.0,0.9964285714285714,2,0,11440,558,0.04016703700258972,558000,46.5,0.665,0.00016666666666666666,HistGradientBoosting
0.9535,0.5017857142857143,1.0,0.0035714285714285713,0.0071174377224199285,0.7619833291708292,0.22138488790572028,0.22138488790572028,0.058355200793689756,0.0,0.9964285714285714,2,0,11440,558,0.04016703700258972,558000,46.5,0.675,0.00016666666666666666,HistGradientBoosting
0.9535,0.5017857142857143,1.0,0.0035714285714285713,0.0071174377224199285,0.7619833291708292,0.22138488790572028,0.22138488790572028,0.058355200793689756,0.0,0.9964285714285714,2,0,11440,558,0.04016703700258972,558000,46.5,0.685,0.00016666666666666666,HistGradientBoosting
0.9534166666666667,0.5008928571428571,1.0,0.0017857142857142857,0.0035650623885918,0.7619833291708292,0.22138488790572028,0.22138488790572028,0.04126163871301518,0.0,0.9982142857142857,1,0,11440,559,0.04016703700258972,559000,46.583333333333336,0.6950000000000001,8.333333333333333e-05,HistGradientBoosting
0.9534166666666667,0.5008928571428571,1.0,0.0017857142857142857,0.0035650623885918,0.7619833291708292,0.22138488790572028,0.22138488790572028,0.04126163871301518,0.0,0.9982142857142857,1,0,11440,559,0.04016703700258972,559000,46.583333333333336,0.6960078729524038,8.333333333333333e-05,HistGradientBoosting
0.9533333333333334,0.5,0.0,0.0,0.0,0.7619833291708292,0.22138488790572028,0.22138488790572028,0.0,0.0,1.0,0,0,11440,560,0.04016703700258972,560000,46.666666666666664,0.7050000000000001,0.0,HistGradientBoosting
0.9533333333333334,0.5,0.0,0.0,0.0,0.7619833291708292,0.22138488790572028,0.22138488790572028,0.0,0.0,1.0,0,0,11440,560,0.04016703700258972,560000,46.666666666666664,0.715,0.0,HistGradientBoosting
0.9533333333333334,0.5,0.0,0.0,0.0,0.7619833291708292,0.22138488790572028,0.22138488790572028,0.0,0.0,1.0,0,0,11440,560,0.04016703700258972,560000,46.666666666666664,0.725,0.0,HistGradientBoosting
0.9533333333333334,0.5,0.0,0.0,0.0,0.7619833291708292,0.22138488790572028,0.22138488790572028,0.0,0.0,1.0,0,0,11440,560,0.04016703700258972,560000,46.666666666666664,0.735,0.0,HistGradientBoosting
0.9533333333333334,0.5,0.0,0.0,0.0,0.7619833291708292,0.22138488790572028,0.22138488790572028,0.0,0.0,1.0,0,0,11440,560,0.04016703700258972,560000,46.666666666666664,0.745,0.0,HistGradientBoosting
0.9533333333333334,0.5,0.0,0.0,0.0,0.7619833291708292,0.22138488790572028,0.22138488790572028,0.0,0.0,1.0,0,0,11440,560,0.04016703700258972,560000,46.666666666666664,0.755,0.0,HistGradientBoosting
0.9533333333333334,0.5,0.0,0.0,0.0,0.7619833291708292,0.22138488790572028,0.22138488790572028,0.0,0.0,1.0,0,0,11440,560,0.04016703700258972,560000,46.666666666666664,0.765,0.0,HistGradientBoosting
0.9533333333333334,0.5,0.0,0.0,0.0,0.7619833291708292,0.22138488790572028,0.22138488790572028,0.0,0.0,1.0,0,0,11440,560,0.04016703700258972,560000,46.666666666666664,0.775,0.0,HistGradientBoosting
0.9533333333333334,0.5,0.0,0.0,0.0,0.7619833291708292,0.22138488790572028,0.22138488790572028,0.0,0.0,1.0,0,0,11440,560,0.04016703700258972,560000,46.666666666666664,0.785,0.0,HistGradientBoosting
0.9533333333333334,0.5,0.0,0.0,0.0,0.7619833291708292,0.22138488790572028,0.22138488790572028,0.0,0.0,1.0,0,0,11440,560,0.04016703700258972,560000,46.666666666666664,0.795,0.0,HistGradientBoosting
0.9533333333333334,0.5,0.0,0.0,0.0,0.7619833291708292,0.22138488790572028,0.22138488790572028,0.0,0.0,1.0,0,0,11440,560,0.04016703700258972,560000,46.666666666666664,0.805,0.0,HistGradientBoosting
0.9533333333333334,0.5,0.0,0.0,0.0,0.7619833291708292,0.22138488790572028,0.22138488790572028,0.0,0.0,1.0,0,0,11440,560,0.04016703700258972,560000,46.666666666666664,0.8150000000000001,0.0,HistGradientBoosting
0.9533333333333334,0.5,0.0,0.0,0.0,0.7619833291708292,0.22138488790572028,0.22138488790572028,0.0,0.0,1.0,0,0,11440,560,0.04016703700258972,560000,46.666666666666664,0.8250000000000001,0.0,HistGradientBoosting
0.9533333333333334,0.5,0.0,0.0,0.0,0.7619833291708292,0.22138488790572028,0.22138488790572028,0.0,0.0,1.0,0,0,11440,560,0.04016703700258972,560000,46.666666666666664,0.8350000000000001,0.0,HistGradientBoosting
0.9533333333333334,0.5,0.0,0.0,0.0,0.7619833291708292,0.22138488790572028,0.22138488790572028,0.0,0.0,1.0,0,0,11440,560,0.04016703700258972,560000,46.666666666666664,0.845,0.0,HistGradientBoosting
0.9533333333333334,0.5,0.0,0.0,0.0,0.7619833291708292,0.22138488790572028,0.22138488790572028,0.0,0.0,1.0,0,0,11440,560,0.04016703700258972,560000,46.666666666666664,0.855,0.0,HistGradientBoosting
0.9533333333333334,0.5,0.0,0.0,0.0,0.7619833291708292,0.22138488790572028,0.22138488790572028,0.0,0.0,1.0,0,0,11440,560,0.04016703700258972,560000,46.666666666666664,0.865,0.0,HistGradientBoosting
0.9533333333333334,0.5,0.0,0.0,0.0,0.7619833291708292,0.22138488790572028,0.22138488790572028,0.0,0.0,1.0,0,0,11440,560,0.04016703700258972,560000,46.666666666666664,0.875,0.0,HistGradientBoosting
0.9533333333333334,0.5,0.0,0.0,0.0,0.7619833291708292,0.22138488790572028,0.22138488790572028,0.0,0.0,1.0,0,0,11440,560,0.04016703700258972,560000,46.666666666666664,0.885,0.0,HistGradientBoosting
0.9533333333333334,0.5,0.0,0.0,0.0,0.7619833291708292,0.22138488790572028,0.22138488790572028,0.0,0.0,1.0,0,0,11440,560,0.04016703700258972,560000,46.666666666666664,0.895,0.0,HistGradientBoosting
0.9533333333333334,0.5,0.0,0.0,0.0,0.7619833291708292,0.22138488790572028,0.22138488790572028,0.0,0.0,1.0,0,0,11440,560,0.04016703700258972,560000,46.666666666666664,0.905,0.0,HistGradientBoosting
0.9533333333333334,0.5,0.0,0.0,0.0,0.7619833291708292,0.22138488790572028,0.22138488790572028,0.0,0.0,1.0,0,0,11440,560,0.04016703700258972,560000,46.666666666666664,0.915,0.0,HistGradientBoosting
0.9533333333333334,0.5,0.0,0.0,0.0,0.7619833291708292,0.22138488790572028,0.22138488790572028,0.0,0.0,1.0,0,0,11440,560,0.04016703700258972,560000,46.666666666666664,0.925,0.0,HistGradientBoosting
0.9533333333333334,0.5,0.0,0.0,0.0,0.7619833291708292,0.22138488790572028,0.22138488790572028,0.0,0.0,1.0,0,0,11440,560,0.04016703700258972,560000,46.666666666666664,0.935,0.0,HistGradientBoosting
0.9533333333333334,0.5,0.0,0.0,0.0,0.7619833291708292,0.22138488790572028,0.22138488790572028,0.0,0.0,1.0,0,0,11440,560,0.04016703700258972,560000,46.666666666666664,0.9450000000000001,0.0,HistGradientBoosting
0.9533333333333334,0.5,0.0,0.0,0.0,0.7619833291708292,0.22138488790572028,0.22138488790572028,0.0,0.0,1.0,0,0,11440,560,0.04016703700258972,560000,46.666666666666664,0.9550000000000001,0.0,HistGradientBoosting
0.9533333333333334,0.5,0.0,0.0,0.0,0.7619833291708292,0.22138488790572028,0.22138488790572028,0.0,0.0,1.0,0,0,11440,560,0.04016703700258972,560000,46.666666666666664,0.965,0.0,HistGradientBoosting
0.9533333333333334,0.5,0.0,0.0,0.0,0.7619833291708292,0.22138488790572028,0.22138488790572028,0.0,0.0,1.0,0,0,11440,560,0.04016703700258972,560000,46.666666666666664,0.975,0.0,HistGradientBoosting
0.9533333333333334,0.5,0.0,0.0,0.0,0.7619833291708292,0.22138488790572028,0.22138488790572028,0.0,0.0,1.0,0,0,11440,560,0.04016703700258972,560000,46.666666666666664,0.985,0.0,HistGradientBoosting
0.9533333333333334,0.5,0.0,0.0,0.0,0.7619833291708292,0.22138488790572028,0.22138488790572028,0.0,0.0,1.0,0,0,11440,560,0.04016703700258972,560000,46.666666666666664,0.995,0.0,HistGradientBoosting
0.9533333333333334,0.5,0.0,0.0,0.0,0.7619833291708292,0.22138488790572028,0.22138488790572028,0.0,0.0,1.0,0,0,11440,560,0.04016703700258972,560000,46.666666666666664,1.000001,0.0,HistGradientBoosting
0.04666666666666667,0.5,0.04666666666666667,1.0,0.089171974522293,0.7633390827922077,0.2159916760275694,0.2159916760275694,0.0,1.0,0.0,560,11440,0,0,0.03989527374505997,228800,19.066666666666666,0.0,1.0,XGBoost
0.05616666666666666,0.5041333666333666,0.04703803433187479,0.9982142857142857,0.0898424943747991,0.7633390827922077,0.2159916760275694,0.2159916760275694,0.017820941087901436,0.9899475524475524,0.0017857142857142857,559,11325,115,1,0.03989527374505997,227500,18.958333333333332,0.0028653296176344156,0.9903333333333333,XGBoost
0.09141666666666666,0.5192245254745255,0.048458919060508164,0.9910714285714286,0.0923999001082161,0.7633390827922077,0.2159916760275694,0.2159916760275694,0.0388811728230499,0.9526223776223777,0.008928571428571428,555,10898,542,5,0.03989527374505997,222960,18.58,0.004926108289510012,0.9544166666666667,XGBoost
0.1055,0.5257617382617383,0.04910476865803935,0.9892857142857143,0.09356527613578788,0.7633390827922077,0.2159916760275694,0.2159916760275694,0.04582019309763062,0.9377622377622378,0.010714285714285714,554,10728,712,6,0.03989527374505997,220560,18.38,0.005,0.9401666666666667,XGBoost
0.10566666666666667,0.5258491508491508,0.049113475177304966,0.9892857142857143,0.09358108108108108,0.7633390827922077,0.2159916760275694,0.2159916760275694,0.04591583687954716,0.9375874125874126,0.010714285714285714,554,10726,714,6,0.03989527374505997,220520,18.376666666666665,0.008771929889917374,0.94,XGBoost
0.11675,0.5308129370629371,0.04961866307761328,0.9875,0.0944895343870141,0.7633390827922077,0.2159916760275694,0.2159916760275694,0.05052973545137912,0.9258741258741259,0.0125,553,10592,848,7,0.03989527374505997,218840,18.236666666666668,0.012578615918755531,0.92875,XGBoost
0.132,0.5345654345654346,0.05003652300949598,0.9785714285714285,0.09520500347463515,0.7633390827922077,0.2159916760275694,0.2159916760275694,0.05164778297813784,0.9094405594405595,0.02142857142857143,548,10404,1036,12,0.03989527374505997,220080,18.34,0.015,0.9126666666666666,XGBoost
0.132,0.5345654345654346,0.05003652300949598,0.9785714285714285,0.09520500347463515,0.7633390827922077,0.2159916760275694,0.2159916760275694,0.05164778297813784,0.9094405594405595,0.02142857142857143,548,10404,1036,12,0.03989527374505997,220080,18.34,0.016355138272047043,0.9126666666666666,XGBoost
0.13433333333333333,0.5357892107892108,0.05016477480776273,0.9785714285714285,0.09543712991988854,0.7633390827922077,0.2159916760275694,0.2159916760275694,0.05284357141569798,0.906993006993007,0.02142857142857143,548,10376,1064,12,0.03989527374505997,219520,18.293333333333333,0.016355140134692192,0.9103333333333333,XGBoost
0.17425,0.5524787712287712,0.05203641590800192,0.9696428571428571,0.09877216916780356,0.7633390827922077,0.2159916760275694,0.2159916760275694,0.06573812023683029,0.8646853146853147,0.030357142857142857,543,9892,1548,17,0.03989527374505997,214840,17.903333333333332,0.017712175846099854,0.8695833333333334,XGBoost
0.1835,0.5556318681318682,0.05242248062015504,0.9660714285714286,0.0994485294117647,0.7633390827922077,0.2159916760275694,0.2159916760275694,0.06763417171519479,0.8548076923076923,0.033928571428571426,541,9779,1661,19,0.03989527374505997,214580,17.881666666666668,0.017712177708745003,0.86,XGBoost
0.28891666666666665,0.5913898601398602,0.057498057498057496,0.925,0.10826627651792246,0.7633390827922077,0.2159916760275694,0.2159916760275694,0.08912274083762799,0.7422202797202797,0.075,518,8491,2949,42,0.03989527374505997,211820,17.651666666666667,0.018083181232213974,0.75075,XGBoost
0.29283333333333333,0.5934440559440559,0.05779959830395001,0.925,0.10880067212770428,0.7633390827922077,0.2159916760275694,0.2159916760275694,0.090655122188169,0.7381118881118881,0.075,518,8444,2996,42,0.03989527374505997,210880,17.573333333333334,0.018083183094859123,0.7468333333333333,XGBoost
0.335,0.601973026973027,0.059591642924976256,0.8964285714285715,0.11175422974176313,0.7633390827922077,0.2159916760275694,0.2159916760275694,0.09405121240291715,0.6924825174825174,0.10357142857142858,502,7922,3518,58,0.03989527374505997,216440,18.036666666666665,0.02423263154923916,0.702,XGBoost
0.34425,0.6059752747252747,0.060281554566237516,0.8946428571428572,0.11295231653703078,0.7633390827922077,0.2159916760275694,0.2159916760275694,0.09688590575871676,0.6826923076923077,0.10535714285714286,501,7810,3630,59,0.03989527374505997,215200,17.933333333333334,0.024232633411884308,0.6925833333333333,XGBoost
0.524,0.6560939060939062,0.07421487603305785,0.8017857142857143,0.13585476550680786,0.7633390827922077,0.2159916760275694,0.2159916760275694,0.13170031076539557,0.4895979020979021,0.1982142857142857,449,5601,5839,111,0.03989527374505997,223020,18.585,0.024232635274529457,0.5041666666666667,XGBoost
0.5326666666666666,0.6572427572427573,0.07494105759514988,0.7946428571428571,0.13696522006771314,0.7633390827922077,0.2159916760275694,0.2159916760275694,0.1326721017936414,0.48015734265734267,0.20535714285714285,445,5493,5947,115,0.03989527374505997,224860,18.738333333333333,0.025,0.49483333333333335,XGBoost
0.5326666666666666,0.6572427572427573,0.07494105759514988,0.7946428571428571,0.13696522006771314,0.7633390827922077,0.2159916760275694,0.2159916760275694,0.1326721017936414,0.48015734265734267,0.20535714285714285,445,5493,5947,115,0.03989527374505997,224860,18.738333333333333,0.027319585904479027,0.49483333333333335,XGBoost
0.5401666666666667,0.6577797202797202,0.07551369863013699,0.7875,0.1378125,0.7633390827922077,0.2159916760275694,0.2159916760275694,0.13316540784726794,0.47194055944055946,0.2125,441,5399,6041,119,0.03989527374505997,226980,18.915,0.027319587767124176,0.4866666666666667,XGBoost
0.6788333333333333,0.6872002997002997,0.09572901325478646,0.6964285714285714,0.1683211048769961,0.7633390827922077,0.2159916760275694,0.2159916760275694,0.16676542506046413,0.322027972027972,0.30357142857142855,390,3684,7756,170,0.03989527374505997,243680,20.30666666666667,0.034999999999999996,0.3395,XGBoost
0.68,0.6878121878121878,0.0960591133004926,0.6964285714285714,0.1688311688311688,0.7633390827922077,0.2159916760275694,0.2159916760275694,0.16745091507147342,0.3208041958041958,0.30357142857142855,390,3670,7770,170,0.03989527374505997,243400,20.283333333333335,0.03580901771783829,0.3383333333333333,XGBoost
0.738,0.7020979020979021,0.11154539987973541,0.6625,0.19094184251158,0.7633390827922077,0.2159916760275694,0.2159916760275694,0.1904706199441921,0.2583041958041958,0.3375,371,2955,8485,189,0.03989527374505997,248100,20.675,0.04466019570827484,0.2771666666666667,XGBoost
0.8074166666666667,0.7070866633366633,0.13807358412567178,0.5964285714285714,0.22423632091305806,0.7633390827922077,0.2159916760275694,0.2159916760275694,0.21775382767379897,0.18225524475524477,0.4035714285714286,334,2085,9355,226,0.03989527374505997,267700,22.308333333333334,0.045,0.20158333333333334,XGBoost
0.8074166666666667,0.7070866633366633,0.13807358412567178,0.5964285714285714,0.22423632091305806,0.7633390827922077,0.2159916760275694,0.2159916760275694,0.21775382767379897,0.18225524475524477,0.4035714285714286,334,2085,9355,226,0.03989527374505997,267700,22.308333333333334,0.05081300437450409,0.20158333333333334,XGBoost
0.81325,0.7059003496503496,0.14065840102607952,0.5875,0.22697481890307,0.7633390827922077,0.2159916760275694,0.2159916760275694,0.21926431349675138,0.1756993006993007,0.4125,329,2010,9430,231,0.03989527374505997,271200,22.6,0.05081300809979439,0.19491666666666665,XGBoost
0.8409166666666666,0.7025786713286714,0.15674300254452928,0.55,0.24396039603960396,0.7633390827922077,0.2159916760275694,0.2159916760275694,0.23093553991944527,0.14484265734265733,0.45,308,1657,9783,252,0.03989527374505997,285140,23.761666666666667,0.055,0.16375,XGBoost
0.8415833333333333,0.7012300199800199,0.15668202764976957,0.5464285714285714,0.243533625149224,0.7633390827922077,0.2159916760275694,0.2159916760275694,0.22996432552724766,0.14396853146853147,0.45357142857142857,306,1647,9793,254,0.03989527374505997,286940,23.911666666666665,0.060070667415857315,0.16275,XGBoost
0.8434166666666667,0.7004932567432567,0.15775817332641412,0.5428571428571428,0.24447125050261362,0.7633390827922077,0.2159916760275694,0.2159916760275694,0.23036501131799178,0.14187062937062936,0.45714285714285713,304,1623,9817,256,0.03989527374505997,288460,24.038333333333334,0.060070671141147614,0.16058333333333333,XGBoost
0.8655,0.6942432567432567,0.17469135802469135,0.5053571428571428,0.25963302752293577,0.7633390827922077,0.2159916760275694,0.2159916760275694,0.2397876372257733,0.11687062937062936,0.49464285714285716,283,1337,10103,277,0.03989527374505997,303740,25.311666666666667,0.065,0.135,XGBoost
0.8665833333333334,0.6948114385614386,0.1761045426260112,0.5053571428571428,0.2611905860636825,0.7633390827922077,0.2159916760275694,0.2159916760275694,0.2413087515297492,0.11573426573426573,0.49464285714285716,283,1324,10116,277,0.03989527374505997,303480,25.29,0.06818182021379471,0.13391666666666666,XGBoost
0.88,0.6959040959040959,0.19273743016759776,0.4928571428571429,0.27710843373493976,0.7633390827922077,0.2159916760275694,0.2159916760275694,0.2549251164112701,0.10104895104895105,0.5071428571428571,276,1156,10284,284,0.03989527374505997,307120,25.593333333333334,0.07500000000000001,0.11933333333333333,XGBoost
0.88375,0.692775974025974,0.19636363636363635,0.48214285714285715,0.27906976744186046,0.7633390827922077,0.2159916760275694,0.2159916760275694,0.25531369390884967,0.09659090909090909,0.5178571428571429,270,1105,10335,290,0.03989527374505997,312100,26.008333333333333,0.07889125496149063,0.11458333333333333,XGBoost
0.90525,0.6853708791208791,0.23112767940354148,0.44285714285714284,0.3037354562155542,0.7633390827922077,0.2159916760275694,0.2159916760275694,0.2740489853449227,0.07211538461538461,0.5571428571428572,248,825,10615,312,0.03989527374505997,328500,27.375,0.07889126241207123,0.08941666666666667,XGBoost
0.9088333333333334,0.6855519480519481,0.23976608187134502,0.4392857142857143,0.3102143757881463,0.7633390827922077,0.2159916760275694,0.2159916760275694,0.279928025815182,0.06818181818181818,0.5607142857142857,246,780,10660,314,0.03989527374505997,329600,27.466666666666665,0.085,0.0855,XGBoost
0.9088333333333334,0.6855519480519481,0.23976608187134502,0.4392857142857143,0.3102143757881463,0.7633390827922077,0.2159916760275694,0.2159916760275694,0.279928025815182,0.06818181818181818,0.5607142857142857,246,780,10660,314,0.03989527374505997,329600,27.466666666666665,0.095,0.0855,XGBoost
0.9088333333333334,0.6855519480519481,0.23976608187134502,0.4392857142857143,0.3102143757881463,0.7633390827922077,0.2159916760275694,0.2159916760275694,0.279928025815182,0.06818181818181818,0.5607142857142857,246,780,10660,314,0.03989527374505997,329600,27.466666666666665,0.10500000000000001,0.0855,XGBoost
0.9088333333333334,0.6855519480519481,0.23976608187134502,0.4392857142857143,0.3102143757881463,0.7633390827922077,0.2159916760275694,0.2159916760275694,0.279928025815182,0.06818181818181818,0.5607142857142857,246,780,10660,314,0.03989527374505997,329600,27.466666666666665,0.115,0.0855,XGBoost
0.9088333333333334,0.6855519480519481,0.23976608187134502,0.4392857142857143,0.3102143757881463,0.7633390827922077,0.2159916760275694,0.2159916760275694,0.279928025815182,0.06818181818181818,0.5607142857142857,246,780,10660,314,0.03989527374505997,329600,27.466666666666665,0.125,0.0855,XGBoost
0.9151666666666667,0.6812312687312687,0.2542918454935622,0.4232142857142857,0.31769436997319034,0.7633390827922077,0.2159916760275694,0.2159916760275694,0.28564565397918934,0.06075174825174825,0.5767857142857142,237,695,10745,323,0.03989527374505997,336900,28.075,0.135,0.07766666666666666,XGBoost
0.9151666666666667,0.6812312687312687,0.2542918454935622,0.4232142857142857,0.31769436997319034,0.7633390827922077,0.2159916760275694,0.2159916760275694,0.28564565397918934,0.06075174825174825,0.5767857142857142,237,695,10745,323,0.03989527374505997,336900,28.075,0.14500000000000002,0.07766666666666666,XGBoost
0.9151666666666667,0.6812312687312687,0.2542918454935622,0.4232142857142857,0.31769436997319034,0.7633390827922077,0.2159916760275694,0.2159916760275694,0.28564565397918934,0.06075174825174825,0.5767857142857142,237,695,10745,323,0.03989527374505997,336900,28.075,0.155,0.07766666666666666,XGBoost
0.91525,0.681274975024975,0.2545649838882922,0.4232142857142857,0.317907444668008,0.7633390827922077,0.2159916760275694,0.2159916760275694,0.28585503167132126,0.06066433566433566,0.5767857142857142,237,694,10746,323,0.03989527374505997,336880,28.073333333333334,0.15789473056793213,0.07758333333333334,XGBoost
0.9213333333333333,0.6742757242757242,0.2697841726618705,0.4017857142857143,0.32281205164992827,0.7633390827922077,0.2159916760275694,0.2159916760275694,0.2890959986102926,0.053234265734265734,0.5982142857142857,225,609,10831,335,0.03989527374505997,347180,28.93166666666667,0.165,0.0695,XGBoost
0.92125,0.6716845654345655,0.2677925211097708,0.3964285714285714,0.3196544276457883,0.7633390827922077,0.2159916760275694,0.2159916760275694,0.28559130683979955,0.05305944055944056,0.6035714285714285,222,607,10833,338,0.03989527374505997,350140,29.178333333333335,0.17500000000000002,0.06908333333333333,XGBoost
0.9215833333333333,0.6710102397602398,0.26852976913730253,0.39464285714285713,0.31959508315256685,0.7633390827922077,0.2159916760275694,0.2159916760275694,0.28542801300397785,0.05262237762237762,0.6053571428571428,221,602,10838,339,0.03989527374505997,351040,29.253333333333334,0.17931035161018372,0.06858333333333333,XGBoost
0.9301666666666667,0.6636238761238762,0.2991329479768786,0.36964285714285716,0.3306709265175719,0.7633390827922077,0.2159916760275694,0.2159916760275694,0.29609955234627217,0.042395104895104896,0.6303571428571428,207,485,10955,353,0.03989527374505997,362700,30.225,0.185,0.057666666666666665,XGBoost
0.9305,0.6637987012987013,0.3008720930232558,0.36964285714285716,0.3317307692307692,0.7633390827922077,0.2159916760275694,0.2159916760275694,0.2972237834368345,0.042045454545454546,0.6303571428571428,207,481,10959,353,0.03989527374505997,362620,30.218333333333334,0.1944444477558136,0.05733333333333333,XGBoost
0.9375,0.6496378621378621,0.3309608540925267,0.33214285714285713,0.3315508021390374,0.7633390827922077,0.2159916760275694,0.2159916760275694,0.29876884787663965,0.032867132867132866,0.6678571428571428,186,376,11064,374,0.03989527374505997,381520,31.793333333333333,0.195,0.04683333333333333,XGBoost
0.9375,0.6496378621378621,0.3309608540925267,0.33214285714285713,0.3315508021390374,0.7633390827922077,0.2159916760275694,0.2159916760275694,0.29876884787663965,0.032867132867132866,0.6678571428571428,186,376,11064,374,0.03989527374505997,381520,31.793333333333333,0.20500000000000002,0.04683333333333333,XGBoost
0.9375,0.6496378621378621,0.3309608540925267,0.33214285714285713,0.3315508021390374,0.7633390827922077,0.2159916760275694,0.2159916760275694,0.29876884787663965,0.032867132867132866,0.6678571428571428,186,376,11064,374,0.03989527374505997,381520,31.793333333333333,0.215,0.04683333333333333,XGBoost
0.9375,0.6496378621378621,0.3309608540925267,0.33214285714285713,0.3315508021390374,0.7633390827922077,0.2159916760275694,0.2159916760275694,0.29876884787663965,0.032867132867132866,0.6678571428571428,186,376,11064,374,0.03989527374505997,381520,31.793333333333333,0.225,0.04683333333333333,XGBoost
0.9388333333333333,0.6426948051948052,0.3352272727272727,0.31607142857142856,0.32536764705882354,0.7633390827922077,0.2159916760275694,0.2159916760275694,0.2935003705411085,0.03068181818181818,0.6839285714285714,177,351,11089,383,0.03989527374505997,390020,32.501666666666665,0.23500000000000001,0.044,XGBoost
0.9419166666666666,0.6281780719280718,0.3487858719646799,0.28214285714285714,0.3119447186574531,0.7633390827922077,0.2159916760275694,0.2159916760275694,0.28370505371024685,0.025786713286713288,0.7178571428571429,158,295,11145,402,0.03989527374505997,407900,33.99166666666667,0.245,0.03775,XGBoost
0.9419166666666666,0.6281780719280718,0.3487858719646799,0.28214285714285714,0.3119447186574531,0.7633390827922077,0.2159916760275694,0.2159916760275694,0.28370505371024685,0.025786713286713288,0.7178571428571429,158,295,11145,402,0.03989527374505997,407900,33.99166666666667,0.255,0.03775,XGBoost
0.9419166666666666,0.6281780719280718,0.3487858719646799,0.28214285714285714,0.3119447186574531,0.7633390827922077,0.2159916760275694,0.2159916760275694,0.28370505371024685,0.025786713286713288,0.7178571428571429,158,295,11145,402,0.03989527374505997,407900,33.99166666666667,0.265,0.03775,XGBoost
0.9419166666666666,0.6281780719280718,0.3487858719646799,0.28214285714285714,0.3119447186574531,0.7633390827922077,0.2159916760275694,0.2159916760275694,0.28370505371024685,0.025786713286713288,0.7178571428571429,158,295,11145,402,0.03989527374505997,407900,33.99166666666667,0.275,0.03775,XGBoost
0.9419166666666666,0.6281780719280718,0.3487858719646799,0.28214285714285714,0.3119447186574531,0.7633390827922077,0.2159916760275694,0.2159916760275694,0.28370505371024685,0.025786713286713288,0.7178571428571429,158,295,11145,402,0.03989527374505997,407900,33.99166666666667,0.28500000000000003,0.03775,XGBoost
0.9419166666666666,0.6281780719280718,0.3487858719646799,0.28214285714285714,0.3119447186574531,0.7633390827922077,0.2159916760275694,0.2159916760275694,0.28370505371024685,0.025786713286713288,0.7178571428571429,158,295,11145,402,0.03989527374505997,407900,33.99166666666667,0.295,0.03775,XGBoost
0.9419166666666666,0.6281780719280718,0.3487858719646799,0.28214285714285714,0.3119447186574531,0.7633390827922077,0.2159916760275694,0.2159916760275694,0.28370505371024685,0.025786713286713288,0.7178571428571429,158,295,11145,402,0.03989527374505997,407900,33.99166666666667,0.29629629850387573,0.03775,XGBoost
0.94325,0.6093469030969031,0.3452685421994885,0.24107142857142858,0.28391167192429023,0.7633390827922077,0.2159916760275694,0.2159916760275694,0.25981111375400384,0.022377622377622378,0.7589285714285714,135,256,11184,425,0.03989527374505997,430120,35.843333333333334,0.305,0.03258333333333333,XGBoost
0.94325,0.6093469030969031,0.3452685421994885,0.24107142857142858,0.28391167192429023,0.7633390827922077,0.2159916760275694,0.2159916760275694,0.25981111375400384,0.022377622377622378,0.7589285714285714,135,256,11184,425,0.03989527374505997,430120,35.843333333333334,0.315,0.03258333333333333,XGBoost
0.94325,0.6093469030969031,0.3452685421994885,0.24107142857142858,0.28391167192429023,0.7633390827922077,0.2159916760275694,0.2159916760275694,0.25981111375400384,0.022377622377622378,0.7589285714285714,135,256,11184,425,0.03989527374505997,430120,35.843333333333334,0.325,0.03258333333333333,XGBoost
0.94325,0.6093469030969031,0.3452685421994885,0.24107142857142858,0.28391167192429023,0.7633390827922077,0.2159916760275694,0.2159916760275694,0.25981111375400384,0.022377622377622378,0.7589285714285714,135,256,11184,425,0.03989527374505997,430120,35.843333333333334,0.335,0.03258333333333333,XGBoost
0.94325,0.6093469030969031,0.3452685421994885,0.24107142857142858,0.28391167192429023,0.7633390827922077,0.2159916760275694,0.2159916760275694,0.25981111375400384,0.022377622377622378,0.7589285714285714,135,256,11184,425,0.03989527374505997,430120,35.843333333333334,0.34500000000000003,0.03258333333333333,XGBoost
0.94325,0.6093469030969031,0.3452685421994885,0.24107142857142858,0.28391167192429023,0.7633390827922077,0.2159916760275694,0.2159916760275694,0.25981111375400384,0.022377622377622378,0.7589285714285714,135,256,11184,425,0.03989527374505997,430120,35.843333333333334,0.35500000000000004,0.03258333333333333,XGBoost
0.9433333333333334,0.6093906093906094,0.34615384615384615,0.24107142857142858,0.28421052631578947,0.7633390827922077,0.2159916760275694,0.2159916760275694,0.2602367638685788,0.022290209790209792,0.7589285714285714,135,255,11185,425,0.03989527374505997,430100,35.84166666666667,0.3571428656578064,0.0325,XGBoost
0.9496666666666667,0.5541208791208792,0.375,0.11785714285714285,0.17934782608695649,0.7633390827922077,0.2159916760275694,0.2159916760275694,0.189916771768483,0.009615384615384616,0.8821428571428571,66,110,11330,494,0.03989527374505997,496200,41.35,0.365,0.014666666666666666,XGBoost
0.94975,0.5541645854145854,0.37714285714285717,0.11785714285714285,0.1795918367346939,0.7633390827922077,0.2159916760275694,0.2159916760275694,0.19060436655833937,0.009527972027972028,0.8821428571428571,66,109,11331,494,0.03989527374505997,496180,41.348333333333336,0.375,0.014583333333333334,XGBoost
0.9505,0.5477647352647352,0.38666666666666666,0.10357142857142858,0.16338028169014085,0.7633390827922077,0.2159916760275694,0.2159916760275694,0.181359200134534,0.008041958041958041,0.8964285714285715,58,92,11348,502,0.03989527374505997,503840,41.986666666666665,0.375000000372529,0.0125,XGBoost
0.9505833333333333,0.5478084415584416,0.38926174496644295,0.10357142857142858,0.16361071932299012,0.7633390827922077,0.2159916760275694,0.2159916760275694,0.18212559142554927,0.007954545454545454,0.8964285714285715,58,91,11349,502,0.03989527374505997,503820,41.985,0.385,0.012416666666666666,XGBoost
0.95275,0.5370566933066933,0.4631578947368421,0.07857142857142857,0.13435114503816792,0.7633390827922077,0.2159916760275694,0.2159916760275694,0.17639130855127425,0.004458041958041958,0.9214285714285714,44,51,11389,516,0.03989527374505997,517020,43.085,0.395,0.007916666666666667,XGBoost
0.9526666666666667,0.5353146853146853,0.45652173913043476,0.075,0.12883435582822084,0.7633390827922077,0.2159916760275694,0.2159916760275694,0.17079652698027276,0.004370629370629371,0.925,42,50,11390,518,0.03989527374505997,519000,43.25,0.405,0.007666666666666666,XGBoost
0.9526666666666667,0.5353146853146853,0.45652173913043476,0.075,0.12883435582822084,0.7633390827922077,0.2159916760275694,0.2159916760275694,0.17079652698027276,0.004370629370629371,0.925,42,50,11390,518,0.03989527374505997,519000,43.25,0.41500000000000004,0.007666666666666666,XGBoost
0.9526666666666667,0.5353146853146853,0.45652173913043476,0.075,0.12883435582822084,0.7633390827922077,0.2159916760275694,0.2159916760275694,0.17079652698027276,0.004370629370629371,0.925,42,50,11390,518,0.03989527374505997,519000,43.25,0.425,0.007666666666666666,XGBoost
0.9526666666666667,0.5353146853146853,0.45652173913043476,0.075,0.12883435582822084,0.7633390827922077,0.2159916760275694,0.2159916760275694,0.17079652698027276,0.004370629370629371,0.925,42,50,11390,518,0.03989527374505997,519000,43.25,0.435,0.007666666666666666,XGBoost
0.9526666666666667,0.5353146853146853,0.45652173913043476,0.075,0.12883435582822084,0.7633390827922077,0.2159916760275694,0.2159916760275694,0.17079652698027276,0.004370629370629371,0.925,42,50,11390,518,0.03989527374505997,519000,43.25,0.445,0.007666666666666666,XGBoost
0.9536666666666667,0.5146103896103896,0.5666666666666667,0.030357142857142857,0.0576271186440678,0.7633390827922077,0.2159916760275694,0.2159916760275694,0.12342158406591021,0.0011363636363636363,0.9696428571428571,17,13,11427,543,0.03989527374505997,543260,45.27166666666667,0.455,0.0025,XGBoost
0.9536666666666667,0.5146103896103896,0.5666666666666667,0.030357142857142857,0.0576271186440678,0.7633390827922077,0.2159916760275694,0.2159916760275694,0.12342158406591021,0.0011363636363636363,0.9696428571428571,17,13,11427,543,0.03989527374505997,543260,45.27166666666667,0.465,0.0025,XGBoost
0.9534166666666667,0.5025911588411589,0.6,0.005357142857142857,0.010619469026548672,0.7633390827922077,0.2159916760275694,0.2159916760275694,0.053560661195763234,0.00017482517482517483,0.9946428571428572,3,2,11438,557,0.03989527374505997,557040,46.42,0.47500000000000003,0.0004166666666666667,XGBoost
0.9535,0.5026348651348651,0.75,0.005357142857142857,0.010638297872340425,0.7633390827922077,0.2159916760275694,0.2159916760275694,0.06089017020274617,8.741258741258741e-05,0.9946428571428572,3,1,11439,557,0.03989527374505997,557020,46.41833333333334,0.485,0.0003333333333333333,XGBoost
0.9535,0.5026348651348651,0.75,0.005357142857142857,0.010638297872340425,0.7633390827922077,0.2159916760275694,0.2159916760275694,0.06089017020274617,8.741258741258741e-05,0.9946428571428572,3,1,11439,557,0.03989527374505997,557020,46.41833333333334,0.495,0.0003333333333333333,XGBoost
0.9535,0.5026348651348651,0.75,0.005357142857142857,0.010638297872340425,0.7633390827922077,0.2159916760275694,0.2159916760275694,0.06089017020274617,8.741258741258741e-05,0.9946428571428572,3,1,11439,557,0.03989527374505997,557020,46.41833333333334,0.505,0.0003333333333333333,XGBoost
0.9535,0.5026348651348651,0.75,0.005357142857142857,0.010638297872340425,0.7633390827922077,0.2159916760275694,0.2159916760275694,0.06089017020274617,8.741258741258741e-05,0.9946428571428572,3,1,11439,557,0.03989527374505997,557020,46.41833333333334,0.515,0.0003333333333333333,XGBoost
0.9535,0.5026348651348651,0.75,0.005357142857142857,0.010638297872340425,0.7633390827922077,0.2159916760275694,0.2159916760275694,0.06089017020274617,8.741258741258741e-05,0.9946428571428572,3,1,11439,557,0.03989527374505997,557020,46.41833333333334,0.525,0.0003333333333333333,XGBoost
0.9535,0.5026348651348651,0.75,0.005357142857142857,0.010638297872340425,0.7633390827922077,0.2159916760275694,0.2159916760275694,0.06089017020274617,8.741258741258741e-05,0.9946428571428572,3,1,11439,557,0.03989527374505997,557020,46.41833333333334,0.535,0.0003333333333333333,XGBoost
0.9535,0.5026348651348651,0.75,0.005357142857142857,0.010638297872340425,0.7633390827922077,0.2159916760275694,0.2159916760275694,0.06089017020274617,8.741258741258741e-05,0.9946428571428572,3,1,11439,557,0.03989527374505997,557020,46.41833333333334,0.545,0.0003333333333333333,XGBoost
0.9535,0.5026348651348651,0.75,0.005357142857142857,0.010638297872340425,0.7633390827922077,0.2159916760275694,0.2159916760275694,0.06089017020274617,8.741258741258741e-05,0.9946428571428572,3,1,11439,557,0.03989527374505997,557020,46.41833333333334,0.555,0.0003333333333333333,XGBoost
0.9535,0.5026348651348651,0.75,0.005357142857142857,0.010638297872340425,0.7633390827922077,0.2159916760275694,0.2159916760275694,0.06089017020274617,8.741258741258741e-05,0.9946428571428572,3,1,11439,557,0.03989527374505997,557020,46.41833333333334,0.5650000000000001,0.0003333333333333333,XGBoost
0.9535,0.5026348651348651,0.75,0.005357142857142857,0.010638297872340425,0.7633390827922077,0.2159916760275694,0.2159916760275694,0.06089017020274617,8.741258741258741e-05,0.9946428571428572,3,1,11439,557,0.03989527374505997,557020,46.41833333333334,0.5750000000000001,0.0003333333333333333,XGBoost
0.9534166666666667,0.501742007992008,0.6666666666666666,0.0035714285714285713,0.007104795737122558,0.7633390827922077,0.2159916760275694,0.2159916760275694,0.04648257810843555,8.741258741258741e-05,0.9964285714285714,2,1,11439,558,0.03989527374505997,558020,46.501666666666665,0.585,0.00025,XGBoost
0.9534166666666667,0.501742007992008,0.6666666666666666,0.0035714285714285713,0.007104795737122558,0.7633390827922077,0.2159916760275694,0.2159916760275694,0.04648257810843555,8.741258741258741e-05,0.9964285714285714,2,1,11439,558,0.03989527374505997,558020,46.501666666666665,0.595,0.00025,XGBoost
0.9534166666666667,0.501742007992008,0.6666666666666666,0.0035714285714285713,0.007104795737122558,0.7633390827922077,0.2159916760275694,0.2159916760275694,0.04648257810843555,8.741258741258741e-05,0.9964285714285714,2,1,11439,558,0.03989527374505997,558020,46.501666666666665,0.605,0.00025,XGBoost
0.9534166666666667,0.501742007992008,0.6666666666666666,0.0035714285714285713,0.007104795737122558,0.7633390827922077,0.2159916760275694,0.2159916760275694,0.04648257810843555,8.741258741258741e-05,0.9964285714285714,2,1,11439,558,0.03989527374505997,558020,46.501666666666665,0.615,0.00025,XGBoost
0.9534166666666667,0.501742007992008,0.6666666666666666,0.0035714285714285713,0.007104795737122558,0.7633390827922077,0.2159916760275694,0.2159916760275694,0.04648257810843555,8.741258741258741e-05,0.9964285714285714,2,1,11439,558,0.03989527374505997,558020,46.501666666666665,0.625,0.00025,XGBoost
0.9534166666666667,0.501742007992008,0.6666666666666666,0.0035714285714285713,0.007104795737122558,0.7633390827922077,0.2159916760275694,0.2159916760275694,0.04648257810843555,8.741258741258741e-05,0.9964285714285714,2,1,11439,558,0.03989527374505997,558020,46.501666666666665,0.635,0.00025,XGBoost
0.9534166666666667,0.501742007992008,0.6666666666666666,0.0035714285714285713,0.007104795737122558,0.7633390827922077,0.2159916760275694,0.2159916760275694,0.04648257810843555,8.741258741258741e-05,0.9964285714285714,2,1,11439,558,0.03989527374505997,558020,46.501666666666665,0.645,0.00025,XGBoost
0.9534166666666667,0.501742007992008,0.6666666666666666,0.0035714285714285713,0.007104795737122558,0.7633390827922077,0.2159916760275694,0.2159916760275694,0.04648257810843555,8.741258741258741e-05,0.9964285714285714,2,1,11439,558,0.03989527374505997,558020,46.501666666666665,0.655,0.00025,XGBoost
0.9534166666666667,0.501742007992008,0.6666666666666666,0.0035714285714285713,0.007104795737122558,0.7633390827922077,0.2159916760275694,0.2159916760275694,0.04648257810843555,8.741258741258741e-05,0.9964285714285714,2,1,11439,558,0.03989527374505997,558020,46.501666666666665,0.665,0.00025,XGBoost
0.9534166666666667,0.501742007992008,0.6666666666666666,0.0035714285714285713,0.007104795737122558,0.7633390827922077,0.2159916760275694,0.2159916760275694,0.04648257810843555,8.741258741258741e-05,0.9964285714285714,2,1,11439,558,0.03989527374505997,558020,46.501666666666665,0.6666666865348816,0.00025,XGBoost
0.9533333333333334,0.5,0.0,0.0,0.0,0.7633390827922077,0.2159916760275694,0.2159916760275694,0.0,0.0,1.0,0,0,11440,560,0.03989527374505997,560000,46.666666666666664,0.675,0.0,XGBoost
0.9533333333333334,0.5,0.0,0.0,0.0,0.7633390827922077,0.2159916760275694,0.2159916760275694,0.0,0.0,1.0,0,0,11440,560,0.03989527374505997,560000,46.666666666666664,0.685,0.0,XGBoost
0.9533333333333334,0.5,0.0,0.0,0.0,0.7633390827922077,0.2159916760275694,0.2159916760275694,0.0,0.0,1.0,0,0,11440,560,0.03989527374505997,560000,46.666666666666664,0.6950000000000001,0.0,XGBoost
0.9533333333333334,0.5,0.0,0.0,0.0,0.7633390827922077,0.2159916760275694,0.2159916760275694,0.0,0.0,1.0,0,0,11440,560,0.03989527374505997,560000,46.666666666666664,0.7050000000000001,0.0,XGBoost
0.9533333333333334,0.5,0.0,0.0,0.0,0.7633390827922077,0.2159916760275694,0.2159916760275694,0.0,0.0,1.0,0,0,11440,560,0.03989527374505997,560000,46.666666666666664,0.715,0.0,XGBoost
0.9533333333333334,0.5,0.0,0.0,0.0,0.7633390827922077,0.2159916760275694,0.2159916760275694,0.0,0.0,1.0,0,0,11440,560,0.03989527374505997,560000,46.666666666666664,0.725,0.0,XGBoost
0.9533333333333334,0.5,0.0,0.0,0.0,0.7633390827922077,0.2159916760275694,0.2159916760275694,0.0,0.0,1.0,0,0,11440,560,0.03989527374505997,560000,46.666666666666664,0.735,0.0,XGBoost
0.9533333333333334,0.5,0.0,0.0,0.0,0.7633390827922077,0.2159916760275694,0.2159916760275694,0.0,0.0,1.0,0,0,11440,560,0.03989527374505997,560000,46.666666666666664,0.745,0.0,XGBoost
0.9533333333333334,0.5,0.0,0.0,0.0,0.7633390827922077,0.2159916760275694,0.2159916760275694,0.0,0.0,1.0,0,0,11440,560,0.03989527374505997,560000,46.666666666666664,0.755,0.0,XGBoost
0.9533333333333334,0.5,0.0,0.0,0.0,0.7633390827922077,0.2159916760275694,0.2159916760275694,0.0,0.0,1.0,0,0,11440,560,0.03989527374505997,560000,46.666666666666664,0.765,0.0,XGBoost
0.9533333333333334,0.5,0.0,0.0,0.0,0.7633390827922077,0.2159916760275694,0.2159916760275694,0.0,0.0,1.0,0,0,11440,560,0.03989527374505997,560000,46.666666666666664,0.775,0.0,XGBoost
0.9533333333333334,0.5,0.0,0.0,0.0,0.7633390827922077,0.2159916760275694,0.2159916760275694,0.0,0.0,1.0,0,0,11440,560,0.03989527374505997,560000,46.666666666666664,0.785,0.0,XGBoost
0.9533333333333334,0.5,0.0,0.0,0.0,0.7633390827922077,0.2159916760275694,0.2159916760275694,0.0,0.0,1.0,0,0,11440,560,0.03989527374505997,560000,46.666666666666664,0.795,0.0,XGBoost
0.9533333333333334,0.5,0.0,0.0,0.0,0.7633390827922077,0.2159916760275694,0.2159916760275694,0.0,0.0,1.0,0,0,11440,560,0.03989527374505997,560000,46.666666666666664,0.805,0.0,XGBoost
0.9533333333333334,0.5,0.0,0.0,0.0,0.7633390827922077,0.2159916760275694,0.2159916760275694,0.0,0.0,1.0,0,0,11440,560,0.03989527374505997,560000,46.666666666666664,0.8150000000000001,0.0,XGBoost
0.9533333333333334,0.5,0.0,0.0,0.0,0.7633390827922077,0.2159916760275694,0.2159916760275694,0.0,0.0,1.0,0,0,11440,560,0.03989527374505997,560000,46.666666666666664,0.8250000000000001,0.0,XGBoost
0.9533333333333334,0.5,0.0,0.0,0.0,0.7633390827922077,0.2159916760275694,0.2159916760275694,0.0,0.0,1.0,0,0,11440,560,0.03989527374505997,560000,46.666666666666664,0.8350000000000001,0.0,XGBoost
0.9533333333333334,0.5,0.0,0.0,0.0,0.7633390827922077,0.2159916760275694,0.2159916760275694,0.0,0.0,1.0,0,0,11440,560,0.03989527374505997,560000,46.666666666666664,0.845,0.0,XGBoost
0.9533333333333334,0.5,0.0,0.0,0.0,0.7633390827922077,0.2159916760275694,0.2159916760275694,0.0,0.0,1.0,0,0,11440,560,0.03989527374505997,560000,46.666666666666664,0.855,0.0,XGBoost
0.9533333333333334,0.5,0.0,0.0,0.0,0.7633390827922077,0.2159916760275694,0.2159916760275694,0.0,0.0,1.0,0,0,11440,560,0.03989527374505997,560000,46.666666666666664,0.865,0.0,XGBoost
0.9533333333333334,0.5,0.0,0.0,0.0,0.7633390827922077,0.2159916760275694,0.2159916760275694,0.0,0.0,1.0,0,0,11440,560,0.03989527374505997,560000,46.666666666666664,0.875,0.0,XGBoost
0.9533333333333334,0.5,0.0,0.0,0.0,0.7633390827922077,0.2159916760275694,0.2159916760275694,0.0,0.0,1.0,0,0,11440,560,0.03989527374505997,560000,46.666666666666664,0.885,0.0,XGBoost
0.9533333333333334,0.5,0.0,0.0,0.0,0.7633390827922077,0.2159916760275694,0.2159916760275694,0.0,0.0,1.0,0,0,11440,560,0.03989527374505997,560000,46.666666666666664,0.895,0.0,XGBoost
0.9533333333333334,0.5,0.0,0.0,0.0,0.7633390827922077,0.2159916760275694,0.2159916760275694,0.0,0.0,1.0,0,0,11440,560,0.03989527374505997,560000,46.666666666666664,0.905,0.0,XGBoost
0.9533333333333334,0.5,0.0,0.0,0.0,0.7633390827922077,0.2159916760275694,0.2159916760275694,0.0,0.0,1.0,0,0,11440,560,0.03989527374505997,560000,46.666666666666664,0.915,0.0,XGBoost
0.9533333333333334,0.5,0.0,0.0,0.0,0.7633390827922077,0.2159916760275694,0.2159916760275694,0.0,0.0,1.0,0,0,11440,560,0.03989527374505997,560000,46.666666666666664,0.925,0.0,XGBoost
0.9533333333333334,0.5,0.0,0.0,0.0,0.7633390827922077,0.2159916760275694,0.2159916760275694,0.0,0.0,1.0,0,0,11440,560,0.03989527374505997,560000,46.666666666666664,0.935,0.0,XGBoost
0.9533333333333334,0.5,0.0,0.0,0.0,0.7633390827922077,0.2159916760275694,0.2159916760275694,0.0,0.0,1.0,0,0,11440,560,0.03989527374505997,560000,46.666666666666664,0.9450000000000001,0.0,XGBoost
0.9533333333333334,0.5,0.0,0.0,0.0,0.7633390827922077,0.2159916760275694,0.2159916760275694,0.0,0.0,1.0,0,0,11440,560,0.03989527374505997,560000,46.666666666666664,0.9550000000000001,0.0,XGBoost
0.9533333333333334,0.5,0.0,0.0,0.0,0.7633390827922077,0.2159916760275694,0.2159916760275694,0.0,0.0,1.0,0,0,11440,560,0.03989527374505997,560000,46.666666666666664,0.965,0.0,XGBoost
0.9533333333333334,0.5,0.0,0.0,0.0,0.7633390827922077,0.2159916760275694,0.2159916760275694,0.0,0.0,1.0,0,0,11440,560,0.03989527374505997,560000,46.666666666666664,0.975,0.0,XGBoost
0.9533333333333334,0.5,0.0,0.0,0.0,0.7633390827922077,0.2159916760275694,0.2159916760275694,0.0,0.0,1.0,0,0,11440,560,0.03989527374505997,560000,46.666666666666664,0.985,0.0,XGBoost
0.9533333333333334,0.5,0.0,0.0,0.0,0.7633390827922077,0.2159916760275694,0.2159916760275694,0.0,0.0,1.0,0,0,11440,560,0.03989527374505997,560000,46.666666666666664,0.995,0.0,XGBoost
0.9533333333333334,0.5,0.0,0.0,0.0,0.7633390827922077,0.2159916760275694,0.2159916760275694,0.0,0.0,1.0,0,0,11440,560,0.03989527374505997,560000,46.666666666666664,1.000001,0.0,XGBoost
0.04666666666666667,0.5,0.04666666666666667,1.0,0.089171974522293,0.7628969468031969,0.21566808974994792,0.21566808974994792,0.0,1.0,0.0,560,11440,0,0,0.04023585492140792,228800,19.066666666666666,0.0039041068184743313,1.0,LightGBM
0.04808333333333333,0.4998938561438562,0.04665720724480427,0.9982142857142857,0.08914759588549556,0.7628969468031969,0.21566808974994792,0.21566808974994792,-0.0011261819129669006,0.9984265734265734,0.0017857142857142857,559,11422,18,1,0.04023585492140792,229440,19.12,0.005,0.9984166666666666,LightGBM
0.058166666666666665,0.5009365634365635,0.04675105485232067,0.9892857142857143,0.08928283642224014,0.7628969468031969,0.21566808974994792,0.21566808974994792,0.003556062747735961,0.9874125874125874,0.010714285714285714,554,11296,144,6,0.04023585492140792,231920,19.326666666666668,0.008625386621714807,0.9875,LightGBM
0.0705,0.5065559440559441,0.04726495726495727,0.9875,0.09021207177814031,0.7628969468031969,0.21566808974994792,0.21566808974994792,0.017714084095070706,0.9743881118881119,0.0125,553,11147,293,7,0.04023585492140792,229940,19.161666666666665,0.009929868251855305,0.975,LightGBM
0.083,0.5131118881118881,0.04787878787878788,0.9875,0.09132947976878614,0.7628969468031969,0.21566808974994792,0.21566808974994792,0.029114209782743115,0.9612762237762238,0.0125,553,10997,443,7,0.04023585492140792,226940,18.911666666666665,0.010739595875885771,0.9625,LightGBM
0.09533333333333334,0.5187312687312687,0.04842105263157895,0.9857142857142858,0.09230769230769231,0.7628969468031969,0.21566808974994792,0.21566808974994792,0.03625568919060186,0.9482517482517483,0.014285714285714285,552,10848,592,8,0.04023585492140792,224960,18.746666666666666,0.011378881344552361,0.95,LightGBM
0.10733333333333334,0.5224775224775224,0.0488,0.9803571428571428,0.09297205757832346,0.7628969468031969,0.21566808974994792,0.21566808974994792,0.039172254651290296,0.9354020979020979,0.019642857142857142,549,10701,739,11,0.04023585492140792,225020,18.751666666666665,0.011840883486314239,0.9375,LightGBM
0.11966666666666667,0.528096903096903,0.04936936936936937,0.9785714285714285,0.09399656946826758,0.7628969468031969,0.21566808974994792,0.21566808974994792,0.045000022500016876,0.9223776223776223,0.02142857142857143,548,10552,888,12,0.04023585492140792,223040,18.586666666666666,0.012331321886825687,0.925,LightGBM
0.13183333333333333,0.5327797202797203,0.04986301369863014,0.975,0.094874022589053,0.7628969468031969,0.21566808974994792,0.21566808974994792,0.048937362092414005,0.9094405594405595,0.025,546,10404,1036,14,0.04023585492140792,222080,18.506666666666668,0.0128444424217555,0.9125,LightGBM
0.14383333333333334,0.536525974025974,0.050277777777777775,0.9696428571428571,0.09559859154929577,0.7628969468031969,0.21566808974994792,0.21566808974994792,0.05136133772583239,0.8965909090909091,0.030357142857142857,543,10257,1183,17,0.04023585492140792,222140,18.511666666666667,0.013248623049393267,0.9,LightGBM
0.1555,0.5383991008991009,0.05051643192488263,0.9607142857142857,0.095985727029438,0.7628969468031969,0.21566808974994792,0.21566808974994792,0.051264460219200676,0.8839160839160839,0.039285714285714285,538,10112,1328,22,0.04023585492140792,224240,18.686666666666667,0.013665590025673219,0.8875,LightGBM
0.167,0.5393356643356643,0.050666666666666665,0.95,0.09620253164556962,0.7628969468031969,0.21566808974994792,0.21566808974994792,0.050174520600425446,0.8713286713286713,0.05,532,9968,1472,28,0.04023585492140792,227360,18.946666666666665,0.01408271912980635,0.875,LightGBM
0.17916666666666667,0.5440184815184815,0.051207729468599035,0.9464285714285714,0.09715857011915674,0.7628969468031969,0.21566808974994792,0.21566808974994792,0.05392124749313897,0.8583916083916084,0.05357142857142857,530,9820,1620,30,0.04023585492140792,226400,18.866666666666667,0.014418697654489618,0.8625,LightGBM
0.19133333333333333,0.5487012987012987,0.05176470588235294,0.9428571428571428,0.09814126394052045,0.7628969468031969,0.21566808974994792,0.21566808974994792,0.057536206645215644,0.8454545454545455,0.05714285714285714,528,9672,1768,32,0.04023585492140792,225440,18.786666666666665,0.014797111203813705,0.85,LightGBM
0.19816666666666666,0.5505869130869131,0.052007118845165116,0.9392857142857143,0.09855724189619637,0.7628969468031969,0.21566808974994792,0.21566808974994792,0.05863310335011007,0.8381118881118881,0.060714285714285714,526,9588,1852,34,0.04023585492140792,225760,18.813333333333333,0.015,0.8428333333333333,LightGBM
0.2035,0.5533841158841158,0.052338308457711445,0.9392857142857143,0.09915174363807729,0.7628969468031969,0.21566808974994792,0.21566808974994792,0.06104480902785367,0.8325174825174825,0.060714285714285714,526,9524,1916,34,0.04023585492140792,224480,18.706666666666667,0.015189025239398603,0.8375,LightGBM
0.21583333333333332,0.5590034965034965,0.05303030303030303,0.9375,0.10038240917782028,0.7628969468031969,0.21566808974994792,0.21566808974994792,0.065506972011172,0.819493006993007,0.0625,525,9375,2065,35,0.04023585492140792,222500,18.541666666666668,0.01552067860086027,0.825,LightGBM
0.228,0.5636863136863137,0.053641025641025644,0.9339285714285714,0.101454898157129,0.7628969468031969,0.21566808974994792,0.21566808974994792,0.06883186962656045,0.8065559440559441,0.06607142857142857,523,9227,2213,37,0.04023585492140792,221540,18.461666666666666,0.015866453133213408,0.8125,LightGBM
0.24,0.5674325674325674,0.05416666666666667,0.9285714285714286,0.10236220472440945,0.7628969468031969,0.21566808974994792,0.21566808974994792,0.07111569838961408,0.7937062937062938,0.07142857142857142,520,9080,2360,40,0.04023585492140792,221600,18.466666666666665,0.016216769540128212,0.8,LightGBM
0.25233333333333335,0.573051948051948,0.05492063492063492,0.9267857142857143,0.1036963036963037,0.7628969468031969,0.21566808974994792,0.21566808974994792,0.07533257775780626,0.7806818181818181,0.07321428571428572,519,8931,2509,41,0.04023585492140792,219620,18.301666666666666,0.016584189548837516,0.7875,LightGBM
0.26466666666666666,0.5786713286713288,0.0556989247311828,0.925,0.10507099391480731,0.7628969468031969,0.21566808974994792,0.21566808974994792,0.07947492925936148,0.7676573426573426,0.075,518,8782,2658,42,0.04023585492140792,217640,18.136666666666667,0.016865663142432253,0.775,LightGBM
0.2771666666666667,0.5852272727272727,0.056612021857923495,0.925,0.1066941297631308,0.7628969468031969,0.21566808974994792,0.21566808974994792,0.08448558889282304,0.7545454545454545,0.075,518,8632,2808,42,0.04023585492140792,214640,17.886666666666667,0.017227903715006036,0.7625,LightGBM
0.2891666666666667,0.5889735264735264,0.05722222222222222,0.9196428571428571,0.10774058577405858,0.7628969468031969,0.21566808974994792,0.21566808974994792,0.08667940939646517,0.7416958041958042,0.08035714285714286,515,8485,2955,45,0.04023585492140792,214700,17.891666666666666,0.017563375140853023,0.75,LightGBM
0.30133333333333334,0.5936563436563437,0.057966101694915256,0.9160714285714285,0.10903294367693944,0.7628969468031969,0.21566808974994792,0.21566808974994792,0.08979399789584737,0.7287587412587413,0.08392857142857142,513,8337,3103,47,0.04023585492140792,213740,17.811666666666667,0.01788561332715605,0.7375,LightGBM
0.313,0.5955294705294705,0.05839080459770115,0.9071428571428571,0.10971922246220303,0.7628969468031969,0.21566808974994792,0.21566808974994792,0.09025219973007784,0.7160839160839161,0.09285714285714286,508,8192,3248,52,0.04023585492140792,215840,17.986666666666668,0.018222508415111357,0.725,LightGBM
0.3253333333333333,0.6011488511488512,0.059298245614035086,0.9053571428571429,0.11130625686059276,0.7628969468031969,0.21566808974994792,0.21566808974994792,0.09427691676433911,0.7030594405594406,0.09464285714285714,507,8043,3397,53,0.04023585492140792,213860,17.821666666666665,0.018526222916126843,0.7125,LightGBM
0.3375,0.6058316683316683,0.06011904761904762,0.9017857142857143,0.11272321428571429,0.7628969468031969,0.21566808974994792,0.21566808974994792,0.09742306089845577,0.6901223776223776,0.09821428571428571,505,7895,3545,55,0.04023585492140792,212900,17.741666666666667,0.018868003381787925,0.7,LightGBM
0.3496666666666667,0.6105144855144855,0.06096969696969697,0.8982142857142857,0.11418842224744609,0.7628969468031969,0.21566808974994792,0.21566808974994792,0.10058046045589539,0.6771853146853147,0.10178571428571428,503,7747,3693,57,0.04023585492140792,211940,17.661666666666665,0.019218726762796786,0.6875,LightGBM
0.36133333333333334,0.6123876123876124,0.061481481481481484,0.8892857142857142,0.11501154734411086,0.7628969468031969,0.21566808974994792,0.21566808974994792,0.1012233376861183,0.6645104895104895,0.11071428571428571,498,7602,3838,62,0.04023585492140792,214040,17.836666666666666,0.01953445261133978,0.675,LightGBM
0.37316666666666665,0.6151973026973027,0.062138364779874215,0.8821428571428571,0.11609870740305524,0.7628969468031969,0.21566808974994792,0.21566808974994792,0.1027704494431469,0.6517482517482518,0.11785714285714285,494,7456,3984,66,0.04023585492140792,215120,17.926666666666666,0.01985030596073373,0.6625,LightGBM
0.38566666666666666,0.6217532467532467,0.06333333333333334,0.8821428571428571,0.1181818181818182,0.7628969468031969,0.21566808974994792,0.21566808974994792,0.10768262306348701,0.6386363636363637,0.11785714285714285,494,7306,4134,66,0.04023585492140792,212120,17.676666666666666,0.020256851732188167,0.65,LightGBM
0.3975,0.6245629370629371,0.06405228758169934,0.875,0.11936662606577343,0.7628969468031969,0.21566808974994792,0.21566808974994792,0.10930763935417476,0.6258741258741258,0.125,490,7160,4280,70,0.04023585492140792,213200,17.766666666666666,0.020602441929132853,0.6375,LightGBM
0.4095,0.6283091908091908,0.06493333333333333,0.8696428571428572,0.12084367245657568,0.7628969468031969,0.21566808974994792,0.21566808974994792,0.11180414348389106,0.6130244755244755,0.13035714285714287,487,7013,4427,73,0.04023585492140792,213260,17.77166666666667,0.020968983775161168,0.625,LightGBM
0.42133333333333334,0.6311188811188811,0.06571428571428571,0.8625,0.12212389380530972,0.7628969468031969,0.21566808974994792,0.21566808974994792,0.11353561322765925,0.6002622377622377,0.1375,483,6867,4573,77,0.04023585492140792,214340,17.861666666666668,0.02135149669394746,0.6125,LightGBM
0.43333333333333335,0.6348651348651349,0.06666666666666667,0.8571428571428571,0.12371134020618557,0.7628969468031969,0.21566808974994792,0.21566808974994792,0.11613144917081455,0.5874125874125874,0.14285714285714285,480,6720,4720,80,0.04023585492140792,214400,17.866666666666667,0.0217684488059509,0.6,LightGBM
0.44466666666666665,0.6348651348651349,0.06709219858156028,0.8446428571428571,0.1243101182654402,0.7628969468031969,0.21566808974994792,0.21566808974994792,0.11556852075101659,0.5749125874125874,0.15535714285714286,473,6577,4863,87,0.04023585492140792,218540,18.211666666666666,0.022146745450125745,0.5875,LightGBM
0.45616666666666666,0.6358016983016983,0.06768115942028985,0.8339285714285715,0.12520107238605896,0.7628969468031969,0.21566808974994792,0.21566808974994792,0.11588643132046055,0.5623251748251749,0.16607142857142856,467,6433,5007,93,0.04023585492140792,221660,18.471666666666668,0.022565865446919426,0.575,LightGBM
0.4685,0.6414210789210789,0.06903703703703704,0.8321428571428572,0.12749658002735978,0.7628969468031969,0.21566808974994792,0.21566808974994792,0.12025956524863878,0.5493006993006992,0.16785714285714284,466,6284,5156,94,0.04023585492140792,219680,18.30666666666667,0.023007451571504214,0.5625,LightGBM
0.48,0.6423576423576424,0.0696969696969697,0.8214285714285714,0.12849162011173185,0.7628969468031969,0.21566808974994792,0.21566808974994792,0.12071158725888756,0.5367132867132867,0.17857142857142858,460,6140,5300,100,0.04023585492140792,222800,18.566666666666666,0.023511639384143173,0.55,LightGBM
0.49216666666666664,0.6470404595404595,0.07100775193798449,0.8178571428571428,0.13067047075606275,0.7628969468031969,0.21566808974994792,0.21566808974994792,0.12440777526771384,0.5237762237762238,0.18214285714285713,458,5992,5448,102,0.04023585492140792,221840,18.486666666666668,0.023945644631951035,0.5375,LightGBM
0.5043333333333333,0.6517232767232767,0.07238095238095238,0.8142857142857143,0.13294460641399417,0.7628969468031969,0.21566808974994792,0.21566808974994792,0.12816856806844523,0.5108391608391608,0.18571428571428572,456,5844,5596,104,0.04023585492140792,220880,18.406666666666666,0.024452177494313915,0.525,LightGBM
0.51625,0.6571241258741258,0.07392363931762795,0.8125,0.13551749813849592,0.7628969468031969,0.21566808974994792,0.21566808974994792,0.13260918611964487,0.4982517482517482,0.1875,455,5700,5740,105,0.04023585492140792,219000,18.25,0.025,0.5129166666666667,LightGBM
0.5166666666666667,0.6573426573426573,0.07398373983739838,0.8125,0.13561847988077497,0.7628969468031969,0.21566808974994792,0.21566808974994792,0.13279080727383916,0.4978146853146853,0.1875,455,5695,5745,105,0.04023585492140792,218900,18.241666666666667,0.02501956486264948,0.5125,LightGBM
0.5285,0.6601523476523476,0.07516666666666667,0.8053571428571429,0.1375,0.7628969468031969,0.21566808974994792,0.21566808974994792,0.13511982694026672,0.48505244755244753,0.19464285714285715,451,5549,5891,109,0.04023585492140792,219980,18.331666666666667,0.02563451996607588,0.5,LightGBM
0.5405,0.6638986013986015,0.07658119658119658,0.8,0.13978159126365056,0.7628969468031969,0.21566808974994792,0.21566808974994792,0.13832375757691578,0.4722027972027972,0.2,448,5402,6038,112,0.04023585492140792,220040,18.336666666666666,0.026192914037296452,0.4875,LightGBM
0.5523333333333333,0.6667082917082917,0.07789473684210527,0.7928571428571428,0.14185303514376998,0.7628969468031969,0.21566808974994792,0.21566808974994792,0.14082719207520525,0.45944055944055945,0.20714285714285716,444,5256,6184,116,0.04023585492140792,221120,18.426666666666666,0.026770129607193154,0.475,LightGBM
0.5643333333333334,0.6704545454545454,0.07945945945945945,0.7875,0.1443535188216039,0.7628969468031969,0.21566808974994792,0.21566808974994792,0.1442179305651205,0.4465909090909091,0.2125,441,5109,6331,119,0.04023585492140792,221180,18.43166666666667,0.027366406709268494,0.4625,LightGBM
0.5763333333333334,0.6742007992007992,0.0811111111111111,0.7821428571428571,0.14697986577181207,0.7628969468031969,0.21566808974994792,0.21566808974994792,0.14771286335627032,0.43374125874125874,0.21785714285714286,438,4962,6478,122,0.04023585492140792,221240,18.436666666666667,0.028012906129320263,0.45,LightGBM
0.588,0.6760739260739261,0.08247619047619048,0.7732142857142857,0.14905335628227195,0.7628969468031969,0.21566808974994792,0.21566808974994792,0.14972714083936484,0.4210664335664336,0.22678571428571428,433,4817,6623,127,0.04023585492140792,223340,18.611666666666668,0.02864339151862904,0.4375,LightGBM
0.5993333333333334,0.6760739260739261,0.08352941176470588,0.7607142857142857,0.15053003533568904,0.7628969468031969,0.21566808974994792,0.21566808974994792,0.15025275233273505,0.4085664335664336,0.2392857142857143,426,4674,6766,134,0.04023585492140792,227480,18.956666666666667,0.029364780136874657,0.425,LightGBM
0.6113333333333333,0.6798201798201798,0.08545454545454545,0.7553571428571428,0.15353901996370237,0.7628969468031969,0.21566808974994792,0.21566808974994792,0.15409136100135545,0.3957167832167832,0.24464285714285713,423,4527,6913,137,0.04023585492140792,227540,18.961666666666666,0.030042499931912967,0.4125,LightGBM
0.6228333333333333,0.6807567432567433,0.086875,0.7446428571428572,0.15559701492537312,0.7628969468031969,0.21566808974994792,0.21566808974994792,0.15564840062477228,0.38312937062937064,0.25535714285714284,417,4383,7057,143,0.04023585492140792,230660,19.221666666666668,0.03082958208437156,0.4,LightGBM
0.635,0.6854395604395604,0.08924731182795699,0.7410714285714286,0.15930902111324377,0.7628969468031969,0.21566808974994792,0.21566808974994792,0.16057179585054665,0.3701923076923077,0.25892857142857145,415,4235,7205,145,0.04023585492140792,229700,19.141666666666666,0.03157370326142865,0.3875,LightGBM
0.6466666666666666,0.6873126873126874,0.09111111111111111,0.7321428571428571,0.16205533596837943,0.7628969468031969,0.21566808974994792,0.21566808974994792,0.16321772771370957,0.3575174825174825,0.26785714285714285,410,4090,7350,150,0.04023585492140792,231800,19.316666666666666,0.032405547895937005,0.375,LightGBM
0.6588333333333334,0.6919955044955044,0.09379310344827586,0.7285714285714285,0.16619144602851324,0.7628969468031969,0.21566808974994792,0.21566808974994792,0.16848169975643476,0.3445804195804196,0.2714285714285714,408,3942,7498,152,0.04023585492140792,230840,19.236666666666668,0.03320489896071727,0.3625,LightGBM
0.6703333333333333,0.6929320679320679,0.09571428571428571,0.7178571428571429,0.16890756302521007,0.7628969468031969,0.21566808974994792,0.21566808974994792,0.17063554116214094,0.331993006993007,0.28214285714285714,402,3798,7642,158,0.04023585492140792,233960,19.496666666666666,0.03404361984343182,0.35,LightGBM
0.6821666666666667,0.6957417582417582,0.09827160493827161,0.7107142857142857,0.17266811279826466,0.7628969468031969,0.21566808974994792,0.21566808974994792,0.17462621084242033,0.3192307692307692,0.2892857142857143,398,3652,7788,162,0.04023585492140792,235040,19.586666666666666,0.03495123550669982,0.3375,LightGBM
0.6825833333333333,0.6959602897102897,0.09839307787391842,0.7107142857142857,0.1728555917480999,0.7628969468031969,0.21566808974994792,0.21566808974994792,0.1748741994167857,0.3187937062937063,0.2892857142857143,398,3647,7793,162,0.04023585492140792,234940,19.578333333333333,0.034999999999999996,0.33708333333333335,LightGBM
0.6938333333333333,0.6976148851148851,0.10076923076923076,0.7017857142857142,0.17623318385650225,0.7628969468031969,0.21566808974994792,0.21566808974994792,0.177984368764758,0.30655594405594405,0.2982142857142857,393,3507,7933,167,0.04023585492140792,237140,19.761666666666667,0.03597659989184869,0.325,LightGBM
0.7056666666666667,0.7004245754245755,0.10373333333333333,0.6946428571428571,0.1805104408352668,0.7628969468031969,0.21566808974994792,0.21566808974994792,0.18240863167425095,0.29379370629370627,0.3053571428571429,389,3361,8079,171,0.04023585492140792,238220,19.851666666666667,0.03714748893224896,0.3125,LightGBM
0.717,0.7004245754245755,0.10611111111111111,0.6821428571428572,0.18365384615384614,0.7628969468031969,0.21566808974994792,0.21566808974994792,0.1845003100200844,0.2812937062937063,0.31785714285714284,382,3218,8222,178,0.04023585492140792,242360,20.196666666666665,0.038155061066849696,0.3,LightGBM
0.7283333333333334,0.7004245754245755,0.10869565217391304,0.6696428571428571,0.18703241895261843,0.7628969468031969,0.21566808974994792,0.21566808974994792,0.18680796469970898,0.2687937062937063,0.33035714285714285,375,3075,8365,185,0.04023585492140792,246500,20.541666666666668,0.03941745456030729,0.2875,LightGBM
0.7403333333333333,0.7041708291708292,0.11272727272727273,0.6642857142857143,0.19274611398963734,0.7628969468031969,0.21566808974994792,0.21566808974994792,0.19289195628585265,0.25594405594405595,0.3357142857142857,372,2928,8512,188,0.04023585492140792,246560,20.546666666666667,0.040744658997164764,0.275,LightGBM
0.7515,0.7032342657342657,0.11555555555555555,0.65,0.19622641509433963,0.7628969468031969,0.21566808974994792,0.21566808974994792,0.1948529754339888,0.24353146853146854,0.35,364,2786,8654,196,0.04023585492140792,251720,20.976666666666667,0.042012613813673126,0.2625,LightGBM
0.7635,0.7069805194805194,0.12033333333333333,0.6446428571428572,0.20280898876404496,0.7628969468031969,0.21566808974994792,0.21566808974994792,0.20164367870125052,0.23068181818181818,0.35535714285714287,361,2639,8801,199,0.04023585492140792,251780,20.981666666666666,0.043814419651397686,0.25,LightGBM
0.7719166666666667,0.7054507992007992,0.12270363951473137,0.6321428571428571,0.2055152394775036,0.7628969468031969,0.21566808974994792,0.21566808974994792,0.20281198288736774,0.22124125874125875,0.3678571428571429,354,2531,8909,206,0.04023585492140792,256620,21.385,0.045,0.24041666666666667,LightGBM
0.7746666666666666,0.706043956043956,0.12385964912280702,0.6303571428571428,0.20703812316715545,0.7628969468031969,0.21566808974994792,0.21566808974994792,0.20425087424638536,0.21826923076923077,0.36964285714285716,353,2497,8943,207,0.04023585492140792,256940,21.411666666666665,0.04541060943898509,0.2375,LightGBM
0.7855,0.7032342657342657,0.12703703703703703,0.6125,0.21042944785276074,0.7628969468031969,0.21566808974994792,0.21566808974994792,0.20531023392001715,0.20603146853146853,0.3875,343,2357,9083,217,0.04023585492140792,264140,22.011666666666667,0.04770549165858711,0.225,LightGBM
0.7965,0.7013611388611389,0.13098039215686275,0.5964285714285714,0.2147909967845659,0.7628969468031969,0.21566808974994792,0.21566808974994792,0.20764748997344032,0.19370629370629372,0.4035714285714286,334,2216,9224,226,0.04023585492140792,270320,22.526666666666667,0.04979200650408803,0.2125,LightGBM
0.8071666666666667,0.6976148851148851,0.13458333333333333,0.5767857142857142,0.21824324324324326,0.7628969468031969,0.21566808974994792,0.21566808974994792,0.20840850500289682,0.18155594405594405,0.4232142857142857,323,2077,9363,237,0.04023585492140792,278540,23.211666666666666,0.0524725097486888,0.2,LightGBM
0.81625,0.6981331168831169,0.13941253836036827,0.5678571428571428,0.2238648363252376,0.7628969468031969,0.21566808974994792,0.21566808974994792,0.2130201368164152,0.1715909090909091,0.43214285714285716,318,1963,9477,242,0.04023585492140792,281260,23.438333333333333,0.055,0.19008333333333333,LightGBM
0.8186666666666667,0.6985514485514486,0.1408888888888889,0.5660714285714286,0.22562277580071177,0.7628969468031969,0.21566808974994792,0.21566808974994792,0.21459347589457078,0.16896853146853147,0.43392857142857144,317,1933,9507,243,0.04023585492140792,281660,23.471666666666668,0.05555868514579164,0.1875,LightGBM
0.83,0.6985514485514486,0.14761904761904762,0.5535714285714286,0.2330827067669173,0.7628969468031969,0.21566808974994792,0.21566808974994792,0.22043615978362646,0.15646853146853146,0.44642857142857145,310,1790,9650,250,0.04023585492140792,285800,23.816666666666666,0.05865683336548523,0.175,LightGBM
0.8416666666666667,0.7004245754245755,0.1564102564102564,0.5446428571428571,0.24302788844621512,0.7628969468031969,0.21566808974994792,0.21566808974994792,0.2291857742449243,0.1437937062937063,0.45535714285714285,305,1645,9795,255,0.04023585492140792,287900,23.991666666666667,0.06280705119150715,0.1625,LightGBM
0.8473333333333334,0.7008491508491508,0.16098081023454158,0.5392857142857143,0.24794745484400657,0.7628969468031969,0.21566808974994792,0.21566808974994792,0.23329989110927082,0.13758741258741258,0.4607142857142857,302,1574,9866,258,0.04023585492140792,289480,24.123333333333335,0.065,0.15633333333333332,LightGBM
0.852,0.6948051948051948,0.1622222222222222,0.5214285714285715,0.24745762711864408,0.7628969468031969,0.21566808974994792,0.21566808974994792,0.23014482658086258,0.1318181818181818,0.4785714285714286,292,1508,9932,268,0.04023585492140792,298160,24.846666666666668,0.0670332567762559,0.15,LightGBM
0.8631666666666666,0.6938686313686313,0.17212121212121212,0.5071428571428571,0.25701357466063346,0.7628969468031969,0.21566808974994792,0.21566808974994792,0.23748294108680357,0.11940559440559441,0.4928571428571429,284,1366,10074,276,0.04023585492140792,303320,25.276666666666667,0.07276059885028734,0.1375,LightGBM
0.867,0.6933316683316684,0.17584480600750937,0.5017857142857143,0.2604263206672845,0.7628969468031969,0.21566808974994792,0.21566808974994792,0.24004530042933558,0.11512237762237762,0.4982142857142857,281,1317,10123,279,0.04023585492140792,305340,25.445,0.07500000000000001,0.13316666666666666,LightGBM
0.8743333333333333,0.692932067932068,0.184,0.4928571428571429,0.2679611650485437,0.7628969468031969,0.21566808974994792,0.21566808974994792,0.24609407723065815,0.106993006993007,0.5071428571428571,276,1224,10216,284,0.04023585492140792,308480,25.706666666666667,0.07928844245520908,0.125,LightGBM
0.8823333333333333,0.6911838161838162,0.19352517985611511,0.48035714285714287,0.2758974358974359,0.7628969468031969,0.21566808974994792,0.21566808974994792,0.2520130645625602,0.09798951048951049,0.5196428571428572,269,1121,10319,291,0.04023585492140792,313420,26.118333333333332,0.085,0.11583333333333333,LightGBM
0.8851666666666667,0.6901223776223776,0.19703703703703704,0.475,0.27853403141361255,0.7628969468031969,0.21566808974994792,0.21566808974994792,0.253821595719457,0.09475524475524476,0.525,266,1084,10356,294,0.04023585492140792,315680,26.30666666666667,0.08714960640715656,0.1125,LightGBM
0.8960833333333333,0.6882055444555445,0.21398834304746045,0.4589285714285714,0.2918796138557638,0.7628969468031969,0.21566808974994792,0.21566808974994792,0.2645490221049458,0.08251748251748252,0.5410714285714285,257,944,10496,303,0.04023585492140792,321880,26.823333333333334,0.095,0.10008333333333333,LightGBM
0.8961666666666667,0.6882492507492507,0.21416666666666667,0.4589285714285714,0.29204545454545455,0.7628969468031969,0.21566808974994792,0.21566808974994792,0.2647084328946746,0.08243006993006993,0.5410714285714285,257,943,10497,303,0.04023585492140792,321860,26.821666666666665,0.09503116243437083,0.1,LightGBM
0.9073333333333333,0.6873126873126874,0.23714285714285716,0.4446428571428571,0.3093167701863354,0.7628969468031969,0.21566808974994792,0.21566808974994792,0.27964206909950856,0.07001748251748252,0.5553571428571429,249,801,10639,311,0.04023585492140792,327020,27.251666666666665,0.10493528177421839,0.0875,LightGBM
0.9074166666666666,0.6873563936063936,0.23736892278360344,0.4446428571428571,0.30950901180857676,0.7628969468031969,0.21566808974994792,0.21566808974994792,0.2798278308563217,0.06993006993006994,0.5553571428571429,249,800,10640,311,0.04023585492140792,327000,27.25,0.10500000000000001,0.08741666666666667,LightGBM
0.913,0.6809440559440559,0.24791666666666667,0.425,0.31315789473684214,0.7628969468031969,0.21566808974994792,0.21566808974994792,0.2813592445176175,0.06311188811188811,0.575,238,722,10718,322,0.04023585492140792,336440,28.036666666666665,0.115,0.08,LightGBM
0.9168333333333333,0.6770104895104895,0.25666666666666665,0.4125,0.3164383561643835,0.7628969468031969,0.21566808974994792,0.21566808974994792,0.2835001417501063,0.05847902097902098,0.5875,231,669,10771,329,0.04023585492140792,342380,28.531666666666666,0.12249895966214844,0.075,LightGBM
0.9180833333333334,0.677666083916084,0.26101694915254237,0.4125,0.3197231833910035,0.7628969468031969,0.21566808974994792,0.21566808974994792,0.2867577620401995,0.05716783216783217,0.5875,231,654,10786,329,0.04023585492140792,342080,28.506666666666668,0.125,0.07375,LightGBM
0.923,0.675999000999001,0.2769607843137255,0.4035714285714286,0.3284883720930233,0.7628969468031969,0.21566808974994792,0.21566808974994792,0.2949195519965523,0.051573426573426576,0.5964285714285714,226,590,10850,334,0.04023585492140792,345800,28.816666666666666,0.135,0.068,LightGBM
0.9268333333333333,0.6695179820179821,0.288,0.38571428571428573,0.3297709923664122,0.7628969468031969,0.21566808974994792,0.21566808974994792,0.29542408716181434,0.04667832167832168,0.6142857142857143,216,534,10906,344,0.04023585492140792,354680,29.55666666666667,0.14424557408893368,0.0625,LightGBM
0.927,0.6696053946053946,0.2887700534759358,0.38571428571428573,0.3302752293577982,0.7628969468031969,0.21566808974994792,0.21566808974994792,0.2959450105113197,0.04650349650349651,0.6142857142857143,216,532,10908,344,0.04023585492140792,354640,29.553333333333335,0.14500000000000002,0.06233333333333333,LightGBM
0.9309166666666666,0.6657155344655344,0.3042212518195051,0.3732142857142857,0.33520449077786685,0.7628969468031969,0.21566808974994792,0.21566808974994792,0.3009074782901012,0.04178321678321678,0.6267857142857143,209,478,10962,351,0.04023585492140792,360560,30.046666666666667,0.155,0.05725,LightGBM
0.9329166666666666,0.6565746753246753,0.3082942097026604,0.3517857142857143,0.32860717264386985,0.7628969468031969,0.21566808974994792,0.21566808974994792,0.2941709833231647,0.038636363636363635,0.6482142857142857,197,442,10998,363,0.04023585492140792,371840,30.986666666666668,0.165,0.05325,LightGBM
0.9353333333333333,0.6535964035964036,0.32,0.34285714285714286,0.33103448275862074,0.7628969468031969,0.21566808974994792,0.21566808974994792,0.29729665136293526,0.03566433566433566,0.6571428571428571,192,408,11032,368,0.04023585492140792,376160,31.346666666666668,0.172143710983199,0.05,LightGBM
0.9355833333333333,0.6494817682317682,0.3185689948892675,0.3339285714285714,0.3260680034873583,0.7628969468031969,0.21566808974994792,0.21566808974994792,0.2923521477121356,0.03496503496503497,0.6660714285714285,187,400,11040,373,0.04023585492140792,381000,31.75,0.17500000000000002,0.048916666666666664,LightGBM
0.9375833333333333,0.646284965034965,0.3291139240506329,0.325,0.32704402515723274,0.7628969468031969,0.21566808974994792,0.21566808974994792,0.2943257819950446,0.03243006993006993,0.675,182,371,11069,378,0.04023585492140792,385420,32.11833333333333,0.185,0.04608333333333333,LightGBM
0.9391666666666667,0.6403221778221778,0.3359073359073359,0.3107142857142857,0.3228200371057514,0.7628969468031969,0.21566808974994792,0.21566808974994792,0.2912659296026241,0.03006993006993007,0.6892857142857143,174,344,11096,386,0.04023585492140792,392880,32.74,0.195,0.043166666666666666,LightGBM
0.93975,0.6338349150849151,0.33535353535353535,0.29642857142857143,0.31469194312796206,0.7628969468031969,0.21566808974994792,0.21566808974994792,0.28389682668534183,0.02875874125874126,0.7035714285714286,166,329,11111,394,0.04023585492140792,400580,33.38166666666667,0.20500000000000002,0.04125,LightGBM
0.9408333333333333,0.6259115884115884,0.33766233766233766,0.2785714285714286,0.3052837573385519,0.7628969468031969,0.21566808974994792,0.21566808974994792,0.27606825429889614,0.02674825174825175,0.7214285714285714,156,306,11134,404,0.04023585492140792,410120,34.17666666666667,0.215,0.0385,LightGBM
0.9413333333333334,0.6236263736263736,0.34,0.2732142857142857,0.30297029702970296,0.7628969468031969,0.21566808974994792,0.21566808974994792,0.27450540652300653,0.025961538461538463,0.7267857142857143,153,297,11143,407,0.04023585492140792,412940,34.41166666666667,0.218820292860842,0.0375,LightGBM
0.9418333333333333,0.6196428571428572,0.34101382488479265,0.2642857142857143,0.2977867203219316,0.7628969468031969,0.21566808974994792,0.21566808974994792,0.2703257013035597,0.025,0.7357142857142858,148,286,11154,412,0.04023585492140792,417720,34.81,0.225,0.036166666666666666,LightGBM
0.9429166666666666,0.6168144355644356,0.3486682808716707,0.2571428571428571,0.2959917780061665,0.7628969468031969,0.21566808974994792,0.21566808974994792,0.27031678089313654,0.023513986013986014,0.7428571428571429,144,269,11171,416,0.04023585492140792,421380,35.115,0.23500000000000001,0.034416666666666665,LightGBM
0.9438333333333333,0.6113511488511488,0.35309278350515466,0.24464285714285713,0.2890295358649789,0.7628969468031969,0.21566808974994792,0.21566808974994792,0.2655598087396396,0.02194055944055944,0.7553571428571428,137,251,11189,423,0.04023585492140792,428020,35.66833333333334,0.245,0.03233333333333333,LightGBM
0.9444166666666667,0.6065621878121878,0.35501355013550134,0.23392857142857143,0.28202368137782563,0.7628969468031969,0.21566808974994792,0.21566808974994792,0.2603864848665897,0.020804195804195805,0.7660714285714286,131,238,11202,429,0.04023585492140792,433760,36.14666666666667,0.255,0.03075,LightGBM
0.9446666666666667,0.6024475524475524,0.3539325842696629,0.225,0.2751091703056769,0.7628969468031969,0.21566808974994792,0.21566808974994792,0.2547196863282938,0.020104895104895104,0.775,126,230,11210,434,0.04023585492140792,438600,36.55,0.265,0.029666666666666668,LightGBM
0.9450833333333334,0.5975711788211788,0.35398230088495575,0.21428571428571427,0.2669632925472747,0.7628969468031969,0.21566808974994792,0.21566808974994792,0.24842244202317912,0.019143356643356643,0.7857142857142857,120,219,11221,440,0.04023585492140792,444380,37.031666666666666,0.275,0.02825,LightGBM
0.9458333333333333,0.594567932067932,0.36024844720496896,0.20714285714285716,0.2630385487528345,0.7628969468031969,0.21566808974994792,0.21566808974994792,0.24687024181387962,0.018006993006993006,0.7928571428571428,116,206,11234,444,0.04023585492140792,448120,37.343333333333334,0.28500000000000003,0.026833333333333334,LightGBM
0.9463333333333334,0.5880369630369631,0.36,0.19285714285714287,0.2511627906976744,0.7628969468031969,0.21566808974994792,0.21566808974994792,0.23787484356237804,0.016783216783216783,0.8071428571428572,108,192,11248,452,0.04023585492140792,455840,37.986666666666665,0.29432785730878774,0.025,LightGBM
0.94625,0.5871441058941058,0.35785953177257523,0.19107142857142856,0.24912689173457506,0.7628969468031969,0.21566808974994792,0.21566808974994792,0.23584569643669084,0.016783216783216783,0.8089285714285714,107,192,11248,453,0.04023585492140792,456840,38.07,0.295,0.024916666666666667,LightGBM
0.9465,0.5821803196803197,0.35563380281690143,0.18035714285714285,0.23933649289099526,0.7628969468031969,0.21566808974994792,0.21566808974994792,0.228063610915557,0.015996503496503497,0.8196428571428571,101,183,11257,459,0.04023585492140792,462660,38.555,0.305,0.023666666666666666,LightGBM
0.94725,0.5800262237762238,0.3643122676579926,0.175,0.23642943305186973,0.7628969468031969,0.21566808974994792,0.21566808974994792,0.22804769564458197,0.014947552447552448,0.825,98,171,11269,462,0.04023585492140792,465420,38.785,0.315,0.022416666666666668,LightGBM
0.9478333333333333,0.5777847152847153,0.37109375,0.16964285714285715,0.23284313725490197,0.7628969468031969,0.21566808974994792,0.21566808974994792,0.2270927575240836,0.014073426573426574,0.8303571428571429,95,161,11279,465,0.04023585492140792,468220,39.01833333333333,0.325,0.021333333333333333,LightGBM
0.94775,0.5709478021978023,0.36099585062240663,0.15535714285714286,0.2172284644194757,0.7628969468031969,0.21566808974994792,0.21566808974994792,0.2133448930918231,0.013461538461538462,0.8446428571428571,87,154,11286,473,0.04023585492140792,476080,39.67333333333333,0.335,0.020083333333333335,LightGBM
0.9480833333333333,0.5668768731268731,0.36123348017621143,0.14642857142857144,0.20838627700127066,0.7628969468031969,0.21566808974994792,0.21566808974994792,0.20708873725722177,0.012674825174825174,0.8535714285714285,82,145,11295,478,0.04023585492140792,480900,40.075,0.34500000000000003,0.018916666666666665,LightGBM
0.9481666666666667,0.5643731268731269,0.35909090909090907,0.14107142857142857,0.20256410256410254,0.7628969468031969,0.21566808974994792,0.21566808974994792,0.20242196708578522,0.012325174825174826,0.8589285714285714,79,141,11299,481,0.04023585492140792,483820,40.318333333333335,0.35500000000000004,0.018333333333333333,LightGBM
0.9486666666666667,0.5603896103896104,0.3627450980392157,0.13214285714285715,0.19371727748691098,0.7628969468031969,0.21566808974994792,0.21566808974994792,0.19706830602449515,0.011363636363636364,0.8678571428571429,74,130,11310,486,0.04023585492140792,488600,40.71666666666667,0.365,0.017,LightGBM
0.9490833333333333,0.5580606893106893,0.36787564766839376,0.12678571428571428,0.18857901726427623,0.7628969468031969,0.21566808974994792,0.21566808974994792,0.19470216147766387,0.010664335664335665,0.8732142857142857,71,122,11318,489,0.04023585492140792,491440,40.95333333333333,0.375,0.016083333333333335,LightGBM
0.9495833333333333,0.5566246253746254,0.3770491803278688,0.12321428571428572,0.1857335127860027,0.7628969468031969,0.21566808974994792,0.21566808974994792,0.19492305102020485,0.009965034965034964,0.8767857142857143,69,114,11326,491,0.04023585492140792,493280,41.10666666666667,0.385,0.01525,LightGBM
0.9493333333333334,0.5505494505494506,0.36046511627906974,0.11071428571428571,0.16939890710382513,0.7628969468031969,0.21566808974994792,0.21566808974994792,0.17940460208777653,0.009615384615384616,0.8892857142857142,62,110,11330,498,0.04023585492140792,500200,41.68333333333333,0.395,0.014333333333333333,LightGBM
0.9496666666666667,0.5481768231768231,0.36419753086419754,0.10535714285714286,0.1634349030470914,0.7628969468031969,0.21566808974994792,0.21566808974994792,0.17610776487918303,0.009003496503496503,0.8946428571428572,59,103,11337,501,0.04023585492140792,503060,41.92166666666667,0.405,0.0135,LightGBM
0.95,0.544955044955045,0.36666666666666664,0.09821428571428571,0.15492957746478872,0.7628969468031969,0.21566808974994792,0.21566808974994792,0.1706910118913261,0.008304195804195804,0.9017857142857143,55,95,11345,505,0.04023585492140792,506900,42.24166666666667,0.41167128986556956,0.0125,LightGBM
0.95,0.5441058941058942,0.36486486486486486,0.09642857142857143,0.15254237288135594,0.7628969468031969,0.21566808974994792,0.21566808974994792,0.16858035836946464,0.008216783216783216,0.9035714285714286,54,94,11346,506,0.04023585492140792,507880,42.32333333333333,0.41500000000000004,0.012333333333333333,LightGBM
0.9505,0.5409715284715284,0.373134328358209,0.08928571428571429,0.1440922190201729,0.7628969468031969,0.21566808974994792,0.21566808974994792,0.16448057521947881,0.0073426573426573424,0.9107142857142857,50,84,11356,510,0.04023585492140792,511680,42.64,0.425,0.011166666666666667,LightGBM
0.9509166666666666,0.5369443056943057,0.37815126050420167,0.08035714285714286,0.1325478645066274,0.7628969468031969,0.21566808974994792,0.21566808974994792,0.1572840023263725,0.006468531468531468,0.9196428571428571,45,74,11366,515,0.04023585492140792,516480,43.04,0.435,0.009916666666666667,LightGBM
0.9510833333333333,0.5353334165834166,0.3805309734513274,0.07678571428571429,0.12778603268945024,0.7628969468031969,0.21566808974994792,0.21566808974994792,0.15432891471016513,0.006118881118881119,0.9232142857142858,43,70,11370,517,0.04023585492140792,518400,43.2,0.445,0.009416666666666667,LightGBM
0.9516666666666667,0.5339410589410589,0.4019607843137255,0.07321428571428572,0.12386706948640484,0.7628969468031969,0.21566808974994792,0.21566808974994792,0.1559643505594366,0.0053321678321678325,0.9267857142857143,41,61,11379,519,0.04023585492140792,520220,43.35166666666667,0.455,0.0085,LightGBM
0.9519166666666666,0.5315247252747253,0.40860215053763443,0.06785714285714285,0.11638591117917305,0.7628969468031969,0.21566808974994792,0.21566808974994792,0.1516511405255163,0.004807692307692308,0.9321428571428572,38,55,11385,522,0.04023585492140792,523100,43.59166666666667,0.465,0.00775,LightGBM
0.9525,0.5292832167832168,0.4375,0.0625,0.109375,0.7628969468031969,0.21566808974994792,0.21566808974994792,0.15180031850052286,0.003933566433566434,0.9375,35,45,11395,525,0.04023585492140792,525900,43.825,0.47500000000000003,0.006666666666666667,LightGBM
0.9525,0.5250374625374625,0.42857142857142855,0.05357142857142857,0.09523809523809523,0.7628969468031969,0.21566808974994792,0.21566808974994792,0.13869413363192715,0.0034965034965034965,0.9464285714285714,30,40,11400,530,0.04023585492140792,530800,44.233333333333334,0.485,0.005833333333333334,LightGBM
0.95225,0.5206605894105895,0.3968253968253968,0.044642857142857144,0.08025682182985554,0.7628969468031969,0.21566808974994792,0.21566808974994792,0.12060404019297134,0.003321678321678322,0.9553571428571429,25,38,11402,535,0.04023585492140792,535760,44.64666666666667,0.495,0.00525,LightGBM
0.9523333333333334,0.5181568431568432,0.39285714285714285,0.039285714285714285,0.07142857142857142,0.7628969468031969,0.21566808974994792,0.21566808974994792,0.11238502656827325,0.002972027972027972,0.9607142857142857,22,34,11406,538,0.04023585492140792,538680,44.89,0.505,0.004666666666666667,LightGBM
0.9526666666666667,0.5174825174825175,0.42,0.0375,0.06885245901639345,0.7628969468031969,0.21566808974994792,0.21566808974994792,0.1144911816755004,0.002534965034965035,0.9625,21,29,11411,539,0.04023585492140792,539580,44.965,0.515,0.004166666666666667,LightGBM
0.9528333333333333,0.5167207792207792,0.43478260869565216,0.03571428571428571,0.066006600660066,0.7628969468031969,0.21566808974994792,0.21566808974994792,0.11414528908826459,0.0022727272727272726,0.9642857142857143,20,26,11414,540,0.04023585492140792,540520,45.04333333333334,0.525,0.003833333333333333,LightGBM
0.95275,0.5124313186813186,0.40540540540540543,0.026785714285714284,0.05025125628140704,0.7628969468031969,0.21566808974994792,0.21566808974994792,0.09458740436835142,0.0019230769230769232,0.9732142857142857,15,22,11418,545,0.04023585492140792,545440,45.45333333333333,0.535,0.0030833333333333333,LightGBM
0.9529166666666666,0.5108204295704295,0.41935483870967744,0.023214285714285715,0.0439932318104907,0.7628969468031969,0.21566808974994792,0.21566808974994792,0.08992319799112387,0.0015734265734265735,0.9767857142857143,13,18,11422,547,0.04023585492140792,547360,45.61333333333334,0.545,0.0025833333333333333,LightGBM
0.953,0.5091658341658342,0.4230769230769231,0.019642857142857142,0.03754266211604096,0.7628969468031969,0.21566808974994792,0.21566808974994792,0.0831577472889634,0.0013111888111888112,0.9803571428571428,11,15,11425,549,0.04023585492140792,549300,45.775,0.555,0.0021666666666666666,LightGBM
0.953,0.5083166833166833,0.4166666666666667,0.017857142857142856,0.03424657534246575,0.7628969468031969,0.21566808974994792,0.21566808974994792,0.07852820520278299,0.0012237762237762239,0.9821428571428571,10,14,11426,550,0.04023585492140792,550280,45.85666666666667,0.5650000000000001,0.002,LightGBM
0.9531666666666667,0.507554945054945,0.45,0.01607142857142857,0.031034482758620686,0.7628969468031969,0.21566808974994792,0.21566808974994792,0.07813127738085617,0.0009615384615384616,0.9839285714285714,9,11,11429,551,0.04023585492140792,551220,45.935,0.5750000000000001,0.0016666666666666668,LightGBM
0.95325,0.5067495004995005,0.47058823529411764,0.014285714285714285,0.02772963604852686,0.7628969468031969,0.21566808974994792,0.21566808974994792,0.07570096485192691,0.0007867132867132868,0.9857142857142858,8,9,11431,552,0.04023585492140792,552180,46.015,0.585,0.0014166666666666668,LightGBM
0.953,0.5040709290709291,0.35714285714285715,0.008928571428571428,0.017421602787456445,0.7628969468031969,0.21566808974994792,0.21566808974994792,0.05030711387009395,0.0007867132867132868,0.9910714285714286,5,9,11431,555,0.04023585492140792,555180,46.265,0.595,0.0011666666666666668,LightGBM
0.953,0.5023726273726274,0.3,0.005357142857142857,0.010526315789473686,0.7628969468031969,0.21566808974994792,0.21566808974994792,0.03468621936219874,0.0006118881118881119,0.9946428571428572,3,7,11433,557,0.04023585492140792,557140,46.428333333333335,0.605,0.0008333333333333334,LightGBM
0.9530833333333333,0.5024163336663336,0.3333333333333333,0.005357142857142857,0.01054481546572935,0.7628969468031969,0.21566808974994792,0.21566808974994792,0.037234452308227334,0.0005244755244755245,0.9946428571428572,3,6,11434,557,0.04023585492140792,557120,46.42666666666667,0.615,0.00075,LightGBM
0.9531666666666667,0.5016108891108891,0.3333333333333333,0.0035714285714285713,0.007067137809187279,0.7628969468031969,0.21566808974994792,0.21566808974994792,0.030398000638164058,0.00034965034965034965,0.9964285714285714,2,4,11436,558,0.04023585492140792,558080,46.50666666666667,0.625,0.0005,LightGBM
0.9531666666666667,0.5016108891108891,0.3333333333333333,0.0035714285714285713,0.007067137809187279,0.7628969468031969,0.21566808974994792,0.21566808974994792,0.030398000638164058,0.00034965034965034965,0.9964285714285714,2,4,11436,558,0.04023585492140792,558080,46.50666666666667,0.635,0.0005,LightGBM
0.9531666666666667,0.5016108891108891,0.3333333333333333,0.0035714285714285713,0.007067137809187279,0.7628969468031969,0.21566808974994792,0.21566808974994792,0.030398000638164058,0.00034965034965034965,0.9964285714285714,2,4,11436,558,0.04023585492140792,558080,46.50666666666667,0.645,0.0005,LightGBM
0.9531666666666667,0.5016108891108891,0.3333333333333333,0.0035714285714285713,0.007067137809187279,0.7628969468031969,0.21566808974994792,0.21566808974994792,0.030398000638164058,0.00034965034965034965,0.9964285714285714,2,4,11436,558,0.04023585492140792,558080,46.50666666666667,0.655,0.0005,LightGBM
0.95325,0.5016545954045954,0.4,0.0035714285714285713,0.007079646017699115,0.7628969468031969,0.21566808974994792,0.21566808974994792,0.03420138606476448,0.00026223776223776224,0.9964285714285714,2,3,11437,558,0.04023585492140792,558060,46.505,0.665,0.0004166666666666667,LightGBM
0.9534166666666667,0.501742007992008,0.6666666666666666,0.0035714285714285713,0.007104795737122558,0.7628969468031969,0.21566808974994792,0.21566808974994792,0.04648257810843555,8.741258741258741e-05,0.9964285714285714,2,1,11439,558,0.04023585492140792,558020,46.501666666666665,0.675,0.00025,LightGBM
0.9534166666666667,0.501742007992008,0.6666666666666666,0.0035714285714285713,0.007104795737122558,0.7628969468031969,0.21566808974994792,0.21566808974994792,0.04648257810843555,8.741258741258741e-05,0.9964285714285714,2,1,11439,558,0.04023585492140792,558020,46.501666666666665,0.685,0.00025,LightGBM
0.9535,0.5017857142857143,1.0,0.0035714285714285713,0.0071174377224199285,0.7628969468031969,0.21566808974994792,0.21566808974994792,0.058355200793689756,0.0,0.9964285714285714,2,0,11440,558,0.04023585492140792,558000,46.5,0.6950000000000001,0.00016666666666666666,LightGBM
0.9535,0.5017857142857143,1.0,0.0035714285714285713,0.0071174377224199285,0.7628969468031969,0.21566808974994792,0.21566808974994792,0.058355200793689756,0.0,0.9964285714285714,2,0,11440,558,0.04023585492140792,558000,46.5,0.7050000000000001,0.00016666666666666666,LightGBM
0.9534166666666667,0.5008928571428571,1.0,0.0017857142857142857,0.0035650623885918,0.7628969468031969,0.21566808974994792,0.21566808974994792,0.04126163871301518,0.0,0.9982142857142857,1,0,11440,559,0.04023585492140792,559000,46.583333333333336,0.715,8.333333333333333e-05,LightGBM
0.9534166666666667,0.5008928571428571,1.0,0.0017857142857142857,0.0035650623885918,0.7628969468031969,0.21566808974994792,0.21566808974994792,0.04126163871301518,0.0,0.9982142857142857,1,0,11440,559,0.04023585492140792,559000,46.583333333333336,0.7186140238606754,8.333333333333333e-05,LightGBM
0.9533333333333334,0.5,0.0,0.0,0.0,0.7628969468031969,0.21566808974994792,0.21566808974994792,0.0,0.0,1.0,0,0,11440,560,0.04023585492140792,560000,46.666666666666664,0.725,0.0,LightGBM
0.9533333333333334,0.5,0.0,0.0,0.0,0.7628969468031969,0.21566808974994792,0.21566808974994792,0.0,0.0,1.0,0,0,11440,560,0.04023585492140792,560000,46.666666666666664,0.735,0.0,LightGBM
0.9533333333333334,0.5,0.0,0.0,0.0,0.7628969468031969,0.21566808974994792,0.21566808974994792,0.0,0.0,1.0,0,0,11440,560,0.04023585492140792,560000,46.666666666666664,0.745,0.0,LightGBM
0.9533333333333334,0.5,0.0,0.0,0.0,0.7628969468031969,0.21566808974994792,0.21566808974994792,0.0,0.0,1.0,0,0,11440,560,0.04023585492140792,560000,46.666666666666664,0.755,0.0,LightGBM
0.9533333333333334,0.5,0.0,0.0,0.0,0.7628969468031969,0.21566808974994792,0.21566808974994792,0.0,0.0,1.0,0,0,11440,560,0.04023585492140792,560000,46.666666666666664,0.765,0.0,LightGBM
0.9533333333333334,0.5,0.0,0.0,0.0,0.7628969468031969,0.21566808974994792,0.21566808974994792,0.0,0.0,1.0,0,0,11440,560,0.04023585492140792,560000,46.666666666666664,0.775,0.0,LightGBM
0.9533333333333334,0.5,0.0,0.0,0.0,0.7628969468031969,0.21566808974994792,0.21566808974994792,0.0,0.0,1.0,0,0,11440,560,0.04023585492140792,560000,46.666666666666664,0.785,0.0,LightGBM
0.9533333333333334,0.5,0.0,0.0,0.0,0.7628969468031969,0.21566808974994792,0.21566808974994792,0.0,0.0,1.0,0,0,11440,560,0.04023585492140792,560000,46.666666666666664,0.795,0.0,LightGBM
0.9533333333333334,0.5,0.0,0.0,0.0,0.7628969468031969,0.21566808974994792,0.21566808974994792,0.0,0.0,1.0,0,0,11440,560,0.04023585492140792,560000,46.666666666666664,0.805,0.0,LightGBM
0.9533333333333334,0.5,0.0,0.0,0.0,0.7628969468031969,0.21566808974994792,0.21566808974994792,0.0,0.0,1.0,0,0,11440,560,0.04023585492140792,560000,46.666666666666664,0.8150000000000001,0.0,LightGBM
0.9533333333333334,0.5,0.0,0.0,0.0,0.7628969468031969,0.21566808974994792,0.21566808974994792,0.0,0.0,1.0,0,0,11440,560,0.04023585492140792,560000,46.666666666666664,0.8250000000000001,0.0,LightGBM
0.9533333333333334,0.5,0.0,0.0,0.0,0.7628969468031969,0.21566808974994792,0.21566808974994792,0.0,0.0,1.0,0,0,11440,560,0.04023585492140792,560000,46.666666666666664,0.8350000000000001,0.0,LightGBM
0.9533333333333334,0.5,0.0,0.0,0.0,0.7628969468031969,0.21566808974994792,0.21566808974994792,0.0,0.0,1.0,0,0,11440,560,0.04023585492140792,560000,46.666666666666664,0.845,0.0,LightGBM
0.9533333333333334,0.5,0.0,0.0,0.0,0.7628969468031969,0.21566808974994792,0.21566808974994792,0.0,0.0,1.0,0,0,11440,560,0.04023585492140792,560000,46.666666666666664,0.855,0.0,LightGBM
0.9533333333333334,0.5,0.0,0.0,0.0,0.7628969468031969,0.21566808974994792,0.21566808974994792,0.0,0.0,1.0,0,0,11440,560,0.04023585492140792,560000,46.666666666666664,0.865,0.0,LightGBM
0.9533333333333334,0.5,0.0,0.0,0.0,0.7628969468031969,0.21566808974994792,0.21566808974994792,0.0,0.0,1.0,0,0,11440,560,0.04023585492140792,560000,46.666666666666664,0.875,0.0,LightGBM
0.9533333333333334,0.5,0.0,0.0,0.0,0.7628969468031969,0.21566808974994792,0.21566808974994792,0.0,0.0,1.0,0,0,11440,560,0.04023585492140792,560000,46.666666666666664,0.885,0.0,LightGBM
0.9533333333333334,0.5,0.0,0.0,0.0,0.7628969468031969,0.21566808974994792,0.21566808974994792,0.0,0.0,1.0,0,0,11440,560,0.04023585492140792,560000,46.666666666666664,0.895,0.0,LightGBM
0.9533333333333334,0.5,0.0,0.0,0.0,0.7628969468031969,0.21566808974994792,0.21566808974994792,0.0,0.0,1.0,0,0,11440,560,0.04023585492140792,560000,46.666666666666664,0.905,0.0,LightGBM
0.9533333333333334,0.5,0.0,0.0,0.0,0.7628969468031969,0.21566808974994792,0.21566808974994792,0.0,0.0,1.0,0,0,11440,560,0.04023585492140792,560000,46.666666666666664,0.915,0.0,LightGBM
0.9533333333333334,0.5,0.0,0.0,0.0,0.7628969468031969,0.21566808974994792,0.21566808974994792,0.0,0.0,1.0,0,0,11440,560,0.04023585492140792,560000,46.666666666666664,0.925,0.0,LightGBM
0.9533333333333334,0.5,0.0,0.0,0.0,0.7628969468031969,0.21566808974994792,0.21566808974994792,0.0,0.0,1.0,0,0,11440,560,0.04023585492140792,560000,46.666666666666664,0.935,0.0,LightGBM
0.9533333333333334,0.5,0.0,0.0,0.0,0.7628969468031969,0.21566808974994792,0.21566808974994792,0.0,0.0,1.0,0,0,11440,560,0.04023585492140792,560000,46.666666666666664,0.9450000000000001,0.0,LightGBM
0.9533333333333334,0.5,0.0,0.0,0.0,0.7628969468031969,0.21566808974994792,0.21566808974994792,0.0,0.0,1.0,0,0,11440,560,0.04023585492140792,560000,46.666666666666664,0.9550000000000001,0.0,LightGBM
0.9533333333333334,0.5,0.0,0.0,0.0,0.7628969468031969,0.21566808974994792,0.21566808974994792,0.0,0.0,1.0,0,0,11440,560,0.04023585492140792,560000,46.666666666666664,0.965,0.0,LightGBM
0.9533333333333334,0.5,0.0,0.0,0.0,0.7628969468031969,0.21566808974994792,0.21566808974994792,0.0,0.0,1.0,0,0,11440,560,0.04023585492140792,560000,46.666666666666664,0.975,0.0,LightGBM
0.9533333333333334,0.5,0.0,0.0,0.0,0.7628969468031969,0.21566808974994792,0.21566808974994792,0.0,0.0,1.0,0,0,11440,560,0.04023585492140792,560000,46.666666666666664,0.985,0.0,LightGBM
0.9533333333333334,0.5,0.0,0.0,0.0,0.7628969468031969,0.21566808974994792,0.21566808974994792,0.0,0.0,1.0,0,0,11440,560,0.04023585492140792,560000,46.666666666666664,0.995,0.0,LightGBM
0.9533333333333334,0.5,0.0,0.0,0.0,0.7628969468031969,0.21566808974994792,0.21566808974994792,0.0,0.0,1.0,0,0,11440,560,0.04023585492140792,560000,46.666666666666664,1.000001,0.0,LightGBM
0.04666666666666667,0.5,0.04666666666666667,1.0,0.089171974522293,0.5909360171078921,0.07763754060706769,0.07763754060706769,0.0,1.0,0.0,560,11440,0,0,0.04386721923947334,228800,19.066666666666666,0.005,1.0,RulesOnly
0.04666666666666667,0.5,0.04666666666666667,1.0,0.089171974522293,0.5909360171078921,0.07763754060706769,0.07763754060706769,0.0,1.0,0.0,560,11440,0,0,0.04386721923947334,228800,19.066666666666666,0.015,1.0,RulesOnly
0.04666666666666667,0.5,0.04666666666666667,1.0,0.089171974522293,0.5909360171078921,0.07763754060706769,0.07763754060706769,0.0,1.0,0.0,560,11440,0,0,0.04386721923947334,228800,19.066666666666666,0.025,1.0,RulesOnly
0.04666666666666667,0.5,0.04666666666666667,1.0,0.089171974522293,0.5909360171078921,0.07763754060706769,0.07763754060706769,0.0,1.0,0.0,560,11440,0,0,0.04386721923947334,228800,19.066666666666666,0.034999999999999996,1.0,RulesOnly
0.04666666666666667,0.5,0.04666666666666667,1.0,0.089171974522293,0.5909360171078921,0.07763754060706769,0.07763754060706769,0.0,1.0,0.0,560,11440,0,0,0.04386721923947334,228800,19.066666666666666,0.03722149506211281,1.0,RulesOnly
0.64725,0.5721341158841159,0.06491352760009476,0.48928571428571427,0.11462037230704873,0.5909360171078921,0.07763754060706769,0.07763754060706769,0.06372475475804215,0.34501748251748254,0.5107142857142857,274,3947,7493,286,0.04386721923947334,364940,30.411666666666665,0.045,0.35175,RulesOnly
0.64725,0.5721341158841159,0.06491352760009476,0.48928571428571427,0.11462037230704873,0.5909360171078921,0.07763754060706769,0.07763754060706769,0.06372475475804215,0.34501748251748254,0.5107142857142857,274,3947,7493,286,0.04386721923947334,364940,30.411666666666665,0.055,0.35175,RulesOnly
0.64725,0.5721341158841159,0.06491352760009476,0.48928571428571427,0.11462037230704873,0.5909360171078921,0.07763754060706769,0.07763754060706769,0.06372475475804215,0.34501748251748254,0.5107142857142857,274,3947,7493,286,0.04386721923947334,364940,30.411666666666665,0.0602230504155159,0.35175,RulesOnly
0.7506666666666667,0.5737262737262737,0.0742296918767507,0.37857142857142856,0.12412177985948478,0.5909360171078921,0.07763754060706769,0.07763754060706769,0.07303181526103819,0.23111888111888113,0.6214285714285714,212,2644,8796,348,0.04386721923947334,400880,33.406666666666666,0.060478199273347855,0.238,RulesOnly
0.7553333333333333,0.5676823176823177,0.07266187050359713,0.3607142857142857,0.12095808383233533,0.5909360171078921,0.07763754060706769,0.07763754060706769,0.06767439547546938,0.22534965034965035,0.6392857142857142,202,2578,8862,358,0.04386721923947334,409560,34.13,0.06047820299863815,0.23166666666666666,RulesOnly
0.9050833333333334,0.5621565934065934,0.13121019108280255,0.18392857142857144,0.15315985130111526,0.5909360171078921,0.07763754060706769,0.07763754060706769,0.10604489301413314,0.05961538461538462,0.8160714285714286,103,682,10758,457,0.04386721923947334,470640,39.22,0.065,0.06541666666666666,RulesOnly
0.9050833333333334,0.5621565934065934,0.13121019108280255,0.18392857142857144,0.15315985130111526,0.5909360171078921,0.07763754060706769,0.07763754060706769,0.10604489301413314,0.05961538461538462,0.8160714285714286,103,682,10758,457,0.04386721923947334,470640,39.22,0.07500000000000001,0.06541666666666666,RulesOnly
0.9050833333333334,0.5621565934065934,0.13121019108280255,0.18392857142857144,0.15315985130111526,0.5909360171078921,0.07763754060706769,0.07763754060706769,0.10604489301413314,0.05961538461538462,0.8160714285714286,103,682,10758,457,0.04386721923947334,470640,39.22,0.085,0.06541666666666666,RulesOnly
0.9050833333333334,0.5621565934065934,0.13121019108280255,0.18392857142857144,0.15315985130111526,0.5909360171078921,0.07763754060706769,0.07763754060706769,0.10604489301413314,0.05961538461538462,0.8160714285714286,103,682,10758,457,0.04386721923947334,470640,39.22,0.095,0.06541666666666666,RulesOnly
0.9050833333333334,0.5621565934065934,0.13121019108280255,0.18392857142857144,0.15315985130111526,0.5909360171078921,0.07763754060706769,0.07763754060706769,0.10604489301413314,0.05961538461538462,0.8160714285714286,103,682,10758,457,0.04386721923947334,470640,39.22,0.10500000000000001,0.06541666666666666,RulesOnly
0.9050833333333334,0.5621565934065934,0.13121019108280255,0.18392857142857144,0.15315985130111526,0.5909360171078921,0.07763754060706769,0.07763754060706769,0.10604489301413314,0.05961538461538462,0.8160714285714286,103,682,10758,457,0.04386721923947334,470640,39.22,0.115,0.06541666666666666,RulesOnly
0.9050833333333334,0.5621565934065934,0.13121019108280255,0.18392857142857144,0.15315985130111526,0.5909360171078921,0.07763754060706769,0.07763754060706769,0.10604489301413314,0.05961538461538462,0.8160714285714286,103,682,10758,457,0.04386721923947334,470640,39.22,0.125,0.06541666666666666,RulesOnly
0.9050833333333334,0.5621565934065934,0.13121019108280255,0.18392857142857144,0.15315985130111526,0.5909360171078921,0.07763754060706769,0.07763754060706769,0.10604489301413314,0.05961538461538462,0.8160714285714286,103,682,10758,457,0.04386721923947334,470640,39.22,0.1257861703634262,0.06541666666666666,RulesOnly
0.9159166666666667,0.5534028471528472,0.13848631239935588,0.15357142857142858,0.14563928873835733,0.5909360171078921,0.07763754060706769,0.07763754060706769,0.10169593286498205,0.046765734265734264,0.8464285714285714,86,535,10905,474,0.04386721923947334,484700,40.391666666666666,0.135,0.05175,RulesOnly
0.9159166666666667,0.5534028471528472,0.13848631239935588,0.15357142857142858,0.14563928873835733,0.5909360171078921,0.07763754060706769,0.07763754060706769,0.10169593286498205,0.046765734265734264,0.8464285714285714,86,535,10905,474,0.04386721923947334,484700,40.391666666666666,0.1376146823167801,0.05175,RulesOnly
0.92225,0.5516296203796204,0.150093808630394,0.14285714285714285,0.1463860933211345,0.5909360171078921,0.07763754060706769,0.07763754060706769,0.10571763583212064,0.0395979020979021,0.8571428571428571,80,453,10987,480,0.04386721923947334,489060,40.755,0.13861386477947235,0.04441666666666667,RulesOnly
0.9505833333333333,0.5180881618381619,0.2911392405063291,0.04107142857142857,0.07198748043818465,0.5909360171078921,0.07763754060706769,0.07763754060706769,0.0943542717162237,0.0048951048951048955,0.9589285714285715,23,56,11384,537,0.04386721923947334,538120,44.843333333333334,0.14500000000000002,0.006583333333333333,RulesOnly
0.9505833333333333,0.5180881618381619,0.2911392405063291,0.04107142857142857,0.07198748043818465,0.5909360171078921,0.07763754060706769,0.07763754060706769,0.0943542717162237,0.0048951048951048955,0.9589285714285715,23,56,11384,537,0.04386721923947334,538120,44.843333333333334,0.155,0.006583333333333333,RulesOnly
0.9505833333333333,0.5180881618381619,0.2911392405063291,0.04107142857142857,0.07198748043818465,0.5909360171078921,0.07763754060706769,0.07763754060706769,0.0943542717162237,0.0048951048951048955,0.9589285714285715,23,56,11384,537,0.04386721923947334,538120,44.843333333333334,0.165,0.006583333333333333,RulesOnly
0.9505833333333333,0.5180881618381619,0.2911392405063291,0.04107142857142857,0.07198748043818465,0.5909360171078921,0.07763754060706769,0.07763754060706769,0.0943542717162237,0.0048951048951048955,0.9589285714285715,23,56,11384,537,0.04386721923947334,538120,44.843333333333334,0.17500000000000002,0.006583333333333333,RulesOnly
0.9505833333333333,0.5180881618381619,0.2911392405063291,0.04107142857142857,0.07198748043818465,0.5909360171078921,0.07763754060706769,0.07763754060706769,0.0943542717162237,0.0048951048951048955,0.9589285714285715,23,56,11384,537,0.04386721923947334,538120,44.843333333333334,0.185,0.006583333333333333,RulesOnly
0.9505833333333333,0.5180881618381619,0.2911392405063291,0.04107142857142857,0.07198748043818465,0.5909360171078921,0.07763754060706769,0.07763754060706769,0.0943542717162237,0.0048951048951048955,0.9589285714285715,23,56,11384,537,0.04386721923947334,538120,44.843333333333334,0.195,0.006583333333333333,RulesOnly
0.9505833333333333,0.5180881618381619,0.2911392405063291,0.04107142857142857,0.07198748043818465,0.5909360171078921,0.07763754060706769,0.07763754060706769,0.0943542717162237,0.0048951048951048955,0.9589285714285715,23,56,11384,537,0.04386721923947334,538120,44.843333333333334,0.20500000000000002,0.006583333333333333,RulesOnly
0.9505833333333333,0.5180881618381619,0.2911392405063291,0.04107142857142857,0.07198748043818465,0.5909360171078921,0.07763754060706769,0.07763754060706769,0.0943542717162237,0.0048951048951048955,0.9589285714285715,23,56,11384,537,0.04386721923947334,538120,44.843333333333334,0.215,0.006583333333333333,RulesOnly
0.9505833333333333,0.5180881618381619,0.2911392405063291,0.04107142857142857,0.07198748043818465,0.5909360171078921,0.07763754060706769,0.07763754060706769,0.0943542717162237,0.0048951048951048955,0.9589285714285715,23,56,11384,537,0.04386721923947334,538120,44.843333333333334,0.225,0.006583333333333333,RulesOnly
0.9505833333333333,0.5180881618381619,0.2911392405063291,0.04107142857142857,0.07198748043818465,0.5909360171078921,0.07763754060706769,0.07763754060706769,0.0943542717162237,0.0048951048951048955,0.9589285714285715,23,56,11384,537,0.04386721923947334,538120,44.843333333333334,0.23500000000000001,0.006583333333333333,RulesOnly
0.9505833333333333,0.5180881618381619,0.2911392405063291,0.04107142857142857,0.07198748043818465,0.5909360171078921,0.07763754060706769,0.07763754060706769,0.0943542717162237,0.0048951048951048955,0.9589285714285715,23,56,11384,537,0.04386721923947334,538120,44.843333333333334,0.245,0.006583333333333333,RulesOnly
0.9505833333333333,0.5180881618381619,0.2911392405063291,0.04107142857142857,0.07198748043818465,0.5909360171078921,0.07763754060706769,0.07763754060706769,0.0943542717162237,0.0048951048951048955,0.9589285714285715,23,56,11384,537,0.04386721923947334,538120,44.843333333333334,0.255,0.006583333333333333,RulesOnly
0.9505833333333333,0.5180881618381619,0.2911392405063291,0.04107142857142857,0.07198748043818465,0.5909360171078921,0.07763754060706769,0.07763754060706769,0.0943542717162237,0.0048951048951048955,0.9589285714285715,23,56,11384,537,0.04386721923947334,538120,44.843333333333334,0.265,0.006583333333333333,RulesOnly
0.9505833333333333,0.5180881618381619,0.2911392405063291,0.04107142857142857,0.07198748043818465,0.5909360171078921,0.07763754060706769,0.07763754060706769,0.0943542717162237,0.0048951048951048955,0.9589285714285715,23,56,11384,537,0.04386721923947334,538120,44.843333333333334,0.275,0.006583333333333333,RulesOnly
0.9505833333333333,0.5180881618381619,0.2911392405063291,0.04107142857142857,0.07198748043818465,0.5909360171078921,0.07763754060706769,0.07763754060706769,0.0943542717162237,0.0048951048951048955,0.9589285714285715,23,56,11384,537,0.04386721923947334,538120,44.843333333333334,0.28500000000000003,0.006583333333333333,RulesOnly
0.9505833333333333,0.5180881618381619,0.2911392405063291,0.04107142857142857,0.07198748043818465,0.5909360171078921,0.07763754060706769,0.07763754060706769,0.0943542717162237,0.0048951048951048955,0.9589285714285715,23,56,11384,537,0.04386721923947334,538120,44.843333333333334,0.295,0.006583333333333333,RulesOnly
0.9505833333333333,0.5180881618381619,0.2911392405063291,0.04107142857142857,0.07198748043818465,0.5909360171078921,0.07763754060706769,0.07763754060706769,0.0943542717162237,0.0048951048951048955,0.9589285714285715,23,56,11384,537,0.04386721923947334,538120,44.843333333333334,0.305,0.006583333333333333,RulesOnly
0.9505833333333333,0.5180881618381619,0.2911392405063291,0.04107142857142857,0.07198748043818465,0.5909360171078921,0.07763754060706769,0.07763754060706769,0.0943542717162237,0.0048951048951048955,0.9589285714285715,23,56,11384,537,0.04386721923947334,538120,44.843333333333334,0.315,0.006583333333333333,RulesOnly
0.9505833333333333,0.5180881618381619,0.2911392405063291,0.04107142857142857,0.07198748043818465,0.5909360171078921,0.07763754060706769,0.07763754060706769,0.0943542717162237,0.0048951048951048955,0.9589285714285715,23,56,11384,537,0.04386721923947334,538120,44.843333333333334,0.325,0.006583333333333333,RulesOnly
0.9505833333333333,0.5180881618381619,0.2911392405063291,0.04107142857142857,0.07198748043818465,0.5909360171078921,0.07763754060706769,0.07763754060706769,0.0943542717162237,0.0048951048951048955,0.9589285714285715,23,56,11384,537,0.04386721923947334,538120,44.843333333333334,0.335,0.006583333333333333,RulesOnly
0.9505833333333333,0.5180881618381619,0.2911392405063291,0.04107142857142857,0.07198748043818465,0.5909360171078921,0.07763754060706769,0.07763754060706769,0.0943542717162237,0.0048951048951048955,0.9589285714285715,23,56,11384,537,0.04386721923947334,538120,44.843333333333334,0.34500000000000003,0.006583333333333333,RulesOnly
0.9505833333333333,0.5180881618381619,0.2911392405063291,0.04107142857142857,0.07198748043818465,0.5909360171078921,0.07763754060706769,0.07763754060706769,0.0943542717162237,0.0048951048951048955,0.9589285714285715,23,56,11384,537,0.04386721923947334,538120,44.843333333333334,0.35500000000000004,0.006583333333333333,RulesOnly
0.9505833333333333,0.5180881618381619,0.2911392405063291,0.04107142857142857,0.07198748043818465,0.5909360171078921,0.07763754060706769,0.07763754060706769,0.0943542717162237,0.0048951048951048955,0.9589285714285715,23,56,11384,537,0.04386721923947334,538120,44.843333333333334,0.365,0.006583333333333333,RulesOnly
0.95225,0.5045267232767233,0.24,0.010714285714285714,0.02051282051282051,0.5909360171078921,0.07763754060706769,0.07763754060706769,0.0418806296539156,0.001660839160839161,0.9892857142857143,6,19,11421,554,0.04386721923947334,554380,46.19833333333333,0.36974793672561646,0.0020833333333333333,RulesOnly
0.9533333333333334,0.5,0.0,0.0,0.0,0.5909360171078921,0.07763754060706769,0.07763754060706769,0.0,0.0,1.0,0,0,11440,560,0.04386721923947334,560000,46.666666666666664,0.375,0.0,RulesOnly
0.9533333333333334,0.5,0.0,0.0,0.0,0.5909360171078921,0.07763754060706769,0.07763754060706769,0.0,0.0,1.0,0,0,11440,560,0.04386721923947334,560000,46.666666666666664,0.385,0.0,RulesOnly
0.9533333333333334,0.5,0.0,0.0,0.0,0.5909360171078921,0.07763754060706769,0.07763754060706769,0.0,0.0,1.0,0,0,11440,560,0.04386721923947334,560000,46.666666666666664,0.395,0.0,RulesOnly
0.9533333333333334,0.5,0.0,0.0,0.0,0.5909360171078921,0.07763754060706769,0.07763754060706769,0.0,0.0,1.0,0,0,11440,560,0.04386721923947334,560000,46.666666666666664,0.405,0.0,RulesOnly
0.9533333333333334,0.5,0.0,0.0,0.0,0.5909360171078921,0.07763754060706769,0.07763754060706769,0.0,0.0,1.0,0,0,11440,560,0.04386721923947334,560000,46.666666666666664,0.41500000000000004,0.0,RulesOnly
0.9533333333333334,0.5,0.0,0.0,0.0,0.5909360171078921,0.07763754060706769,0.07763754060706769,0.0,0.0,1.0,0,0,11440,560,0.04386721923947334,560000,46.666666666666664,0.425,0.0,RulesOnly
0.9533333333333334,0.5,0.0,0.0,0.0,0.5909360171078921,0.07763754060706769,0.07763754060706769,0.0,0.0,1.0,0,0,11440,560,0.04386721923947334,560000,46.666666666666664,0.435,0.0,RulesOnly
0.9533333333333334,0.5,0.0,0.0,0.0,0.5909360171078921,0.07763754060706769,0.07763754060706769,0.0,0.0,1.0,0,0,11440,560,0.04386721923947334,560000,46.666666666666664,0.445,0.0,RulesOnly
0.9533333333333334,0.5,0.0,0.0,0.0,0.5909360171078921,0.07763754060706769,0.07763754060706769,0.0,0.0,1.0,0,0,11440,560,0.04386721923947334,560000,46.666666666666664,0.455,0.0,RulesOnly
0.9533333333333334,0.5,0.0,0.0,0.0,0.5909360171078921,0.07763754060706769,0.07763754060706769,0.0,0.0,1.0,0,0,11440,560,0.04386721923947334,560000,46.666666666666664,0.465,0.0,RulesOnly
0.9533333333333334,0.5,0.0,0.0,0.0,0.5909360171078921,0.07763754060706769,0.07763754060706769,0.0,0.0,1.0,0,0,11440,560,0.04386721923947334,560000,46.666666666666664,0.47500000000000003,0.0,RulesOnly
0.9533333333333334,0.5,0.0,0.0,0.0,0.5909360171078921,0.07763754060706769,0.07763754060706769,0.0,0.0,1.0,0,0,11440,560,0.04386721923947334,560000,46.666666666666664,0.485,0.0,RulesOnly
0.9533333333333334,0.5,0.0,0.0,0.0,0.5909360171078921,0.07763754060706769,0.07763754060706769,0.0,0.0,1.0,0,0,11440,560,0.04386721923947334,560000,46.666666666666664,0.495,0.0,RulesOnly
0.9533333333333334,0.5,0.0,0.0,0.0,0.5909360171078921,0.07763754060706769,0.07763754060706769,0.0,0.0,1.0,0,0,11440,560,0.04386721923947334,560000,46.666666666666664,0.505,0.0,RulesOnly
0.9533333333333334,0.5,0.0,0.0,0.0,0.5909360171078921,0.07763754060706769,0.07763754060706769,0.0,0.0,1.0,0,0,11440,560,0.04386721923947334,560000,46.666666666666664,0.515,0.0,RulesOnly
0.9533333333333334,0.5,0.0,0.0,0.0,0.5909360171078921,0.07763754060706769,0.07763754060706769,0.0,0.0,1.0,0,0,11440,560,0.04386721923947334,560000,46.666666666666664,0.525,0.0,RulesOnly
0.9533333333333334,0.5,0.0,0.0,0.0,0.5909360171078921,0.07763754060706769,0.07763754060706769,0.0,0.0,1.0,0,0,11440,560,0.04386721923947334,560000,46.666666666666664,0.535,0.0,RulesOnly
0.9533333333333334,0.5,0.0,0.0,0.0,0.5909360171078921,0.07763754060706769,0.07763754060706769,0.0,0.0,1.0,0,0,11440,560,0.04386721923947334,560000,46.666666666666664,0.545,0.0,RulesOnly
0.9533333333333334,0.5,0.0,0.0,0.0,0.5909360171078921,0.07763754060706769,0.07763754060706769,0.0,0.0,1.0,0,0,11440,560,0.04386721923947334,560000,46.666666666666664,0.555,0.0,RulesOnly
0.9533333333333334,0.5,0.0,0.0,0.0,0.5909360171078921,0.07763754060706769,0.07763754060706769,0.0,0.0,1.0,0,0,11440,560,0.04386721923947334,560000,46.666666666666664,0.5650000000000001,0.0,RulesOnly
0.9533333333333334,0.5,0.0,0.0,0.0,0.5909360171078921,0.07763754060706769,0.07763754060706769,0.0,0.0,1.0,0,0,11440,560,0.04386721923947334,560000,46.666666666666664,0.5750000000000001,0.0,RulesOnly
0.9533333333333334,0.5,0.0,0.0,0.0,0.5909360171078921,0.07763754060706769,0.07763754060706769,0.0,0.0,1.0,0,0,11440,560,0.04386721923947334,560000,46.666666666666664,0.585,0.0,RulesOnly
0.9533333333333334,0.5,0.0,0.0,0.0,0.5909360171078921,0.07763754060706769,0.07763754060706769,0.0,0.0,1.0,0,0,11440,560,0.04386721923947334,560000,46.666666666666664,0.595,0.0,RulesOnly
0.9533333333333334,0.5,0.0,0.0,0.0,0.5909360171078921,0.07763754060706769,0.07763754060706769,0.0,0.0,1.0,0,0,11440,560,0.04386721923947334,560000,46.666666666666664,0.605,0.0,RulesOnly
0.9533333333333334,0.5,0.0,0.0,0.0,0.5909360171078921,0.07763754060706769,0.07763754060706769,0.0,0.0,1.0,0,0,11440,560,0.04386721923947334,560000,46.666666666666664,0.615,0.0,RulesOnly
0.9533333333333334,0.5,0.0,0.0,0.0,0.5909360171078921,0.07763754060706769,0.07763754060706769,0.0,0.0,1.0,0,0,11440,560,0.04386721923947334,560000,46.666666666666664,0.625,0.0,RulesOnly
0.9533333333333334,0.5,0.0,0.0,0.0,0.5909360171078921,0.07763754060706769,0.07763754060706769,0.0,0.0,1.0,0,0,11440,560,0.04386721923947334,560000,46.666666666666664,0.635,0.0,RulesOnly
0.9533333333333334,0.5,0.0,0.0,0.0,0.5909360171078921,0.07763754060706769,0.07763754060706769,0.0,0.0,1.0,0,0,11440,560,0.04386721923947334,560000,46.666666666666664,0.645,0.0,RulesOnly
0.9533333333333334,0.5,0.0,0.0,0.0,0.5909360171078921,0.07763754060706769,0.07763754060706769,0.0,0.0,1.0,0,0,11440,560,0.04386721923947334,560000,46.666666666666664,0.655,0.0,RulesOnly
0.9533333333333334,0.5,0.0,0.0,0.0,0.5909360171078921,0.07763754060706769,0.07763754060706769,0.0,0.0,1.0,0,0,11440,560,0.04386721923947334,560000,46.666666666666664,0.665,0.0,RulesOnly
0.9533333333333334,0.5,0.0,0.0,0.0,0.5909360171078921,0.07763754060706769,0.07763754060706769,0.0,0.0,1.0,0,0,11440,560,0.04386721923947334,560000,46.666666666666664,0.675,0.0,RulesOnly
0.9533333333333334,0.5,0.0,0.0,0.0,0.5909360171078921,0.07763754060706769,0.07763754060706769,0.0,0.0,1.0,0,0,11440,560,0.04386721923947334,560000,46.666666666666664,0.685,0.0,RulesOnly
0.9533333333333334,0.5,0.0,0.0,0.0,0.5909360171078921,0.07763754060706769,0.07763754060706769,0.0,0.0,1.0,0,0,11440,560,0.04386721923947334,560000,46.666666666666664,0.6950000000000001,0.0,RulesOnly
0.9533333333333334,0.5,0.0,0.0,0.0,0.5909360171078921,0.07763754060706769,0.07763754060706769,0.0,0.0,1.0,0,0,11440,560,0.04386721923947334,560000,46.666666666666664,0.7050000000000001,0.0,RulesOnly
0.9533333333333334,0.5,0.0,0.0,0.0,0.5909360171078921,0.07763754060706769,0.07763754060706769,0.0,0.0,1.0,0,0,11440,560,0.04386721923947334,560000,46.666666666666664,0.715,0.0,RulesOnly
0.9533333333333334,0.5,0.0,0.0,0.0,0.5909360171078921,0.07763754060706769,0.07763754060706769,0.0,0.0,1.0,0,0,11440,560,0.04386721923947334,560000,46.666666666666664,0.725,0.0,RulesOnly
0.9533333333333334,0.5,0.0,0.0,0.0,0.5909360171078921,0.07763754060706769,0.07763754060706769,0.0,0.0,1.0,0,0,11440,560,0.04386721923947334,560000,46.666666666666664,0.735,0.0,RulesOnly
0.9533333333333334,0.5,0.0,0.0,0.0,0.5909360171078921,0.07763754060706769,0.07763754060706769,0.0,0.0,1.0,0,0,11440,560,0.04386721923947334,560000,46.666666666666664,0.745,0.0,RulesOnly
0.9533333333333334,0.5,0.0,0.0,0.0,0.5909360171078921,0.07763754060706769,0.07763754060706769,0.0,0.0,1.0,0,0,11440,560,0.04386721923947334,560000,46.666666666666664,0.755,0.0,RulesOnly
0.9533333333333334,0.5,0.0,0.0,0.0,0.5909360171078921,0.07763754060706769,0.07763754060706769,0.0,0.0,1.0,0,0,11440,560,0.04386721923947334,560000,46.666666666666664,0.765,0.0,RulesOnly
0.9533333333333334,0.5,0.0,0.0,0.0,0.5909360171078921,0.07763754060706769,0.07763754060706769,0.0,0.0,1.0,0,0,11440,560,0.04386721923947334,560000,46.666666666666664,0.775,0.0,RulesOnly
0.9533333333333334,0.5,0.0,0.0,0.0,0.5909360171078921,0.07763754060706769,0.07763754060706769,0.0,0.0,1.0,0,0,11440,560,0.04386721923947334,560000,46.666666666666664,0.785,0.0,RulesOnly
0.9533333333333334,0.5,0.0,0.0,0.0,0.5909360171078921,0.07763754060706769,0.07763754060706769,0.0,0.0,1.0,0,0,11440,560,0.04386721923947334,560000,46.666666666666664,0.795,0.0,RulesOnly
0.9533333333333334,0.5,0.0,0.0,0.0,0.5909360171078921,0.07763754060706769,0.07763754060706769,0.0,0.0,1.0,0,0,11440,560,0.04386721923947334,560000,46.666666666666664,0.805,0.0,RulesOnly
0.9533333333333334,0.5,0.0,0.0,0.0,0.5909360171078921,0.07763754060706769,0.07763754060706769,0.0,0.0,1.0,0,0,11440,560,0.04386721923947334,560000,46.666666666666664,0.8150000000000001,0.0,RulesOnly
0.9533333333333334,0.5,0.0,0.0,0.0,0.5909360171078921,0.07763754060706769,0.07763754060706769,0.0,0.0,1.0,0,0,11440,560,0.04386721923947334,560000,46.666666666666664,0.8250000000000001,0.0,RulesOnly
0.9533333333333334,0.5,0.0,0.0,0.0,0.5909360171078921,0.07763754060706769,0.07763754060706769,0.0,0.0,1.0,0,0,11440,560,0.04386721923947334,560000,46.666666666666664,0.8350000000000001,0.0,RulesOnly
0.9533333333333334,0.5,0.0,0.0,0.0,0.5909360171078921,0.07763754060706769,0.07763754060706769,0.0,0.0,1.0,0,0,11440,560,0.04386721923947334,560000,46.666666666666664,0.845,0.0,RulesOnly
0.9533333333333334,0.5,0.0,0.0,0.0,0.5909360171078921,0.07763754060706769,0.07763754060706769,0.0,0.0,1.0,0,0,11440,560,0.04386721923947334,560000,46.666666666666664,0.855,0.0,RulesOnly
0.9533333333333334,0.5,0.0,0.0,0.0,0.5909360171078921,0.07763754060706769,0.07763754060706769,0.0,0.0,1.0,0,0,11440,560,0.04386721923947334,560000,46.666666666666664,0.865,0.0,RulesOnly
0.9533333333333334,0.5,0.0,0.0,0.0,0.5909360171078921,0.07763754060706769,0.07763754060706769,0.0,0.0,1.0,0,0,11440,560,0.04386721923947334,560000,46.666666666666664,0.875,0.0,RulesOnly
0.9533333333333334,0.5,0.0,0.0,0.0,0.5909360171078921,0.07763754060706769,0.07763754060706769,0.0,0.0,1.0,0,0,11440,560,0.04386721923947334,560000,46.666666666666664,0.885,0.0,RulesOnly
0.9533333333333334,0.5,0.0,0.0,0.0,0.5909360171078921,0.07763754060706769,0.07763754060706769,0.0,0.0,1.0,0,0,11440,560,0.04386721923947334,560000,46.666666666666664,0.895,0.0,RulesOnly
0.9533333333333334,0.5,0.0,0.0,0.0,0.5909360171078921,0.07763754060706769,0.07763754060706769,0.0,0.0,1.0,0,0,11440,560,0.04386721923947334,560000,46.666666666666664,0.905,0.0,RulesOnly
0.9533333333333334,0.5,0.0,0.0,0.0,0.5909360171078921,0.07763754060706769,0.07763754060706769,0.0,0.0,1.0,0,0,11440,560,0.04386721923947334,560000,46.666666666666664,0.915,0.0,RulesOnly
0.9533333333333334,0.5,0.0,0.0,0.0,0.5909360171078921,0.07763754060706769,0.07763754060706769,0.0,0.0,1.0,0,0,11440,560,0.04386721923947334,560000,46.666666666666664,0.925,0.0,RulesOnly
0.9533333333333334,0.5,0.0,0.0,0.0,0.5909360171078921,0.07763754060706769,0.07763754060706769,0.0,0.0,1.0,0,0,11440,560,0.04386721923947334,560000,46.666666666666664,0.935,0.0,RulesOnly
0.9533333333333334,0.5,0.0,0.0,0.0,0.5909360171078921,0.07763754060706769,0.07763754060706769,0.0,0.0,1.0,0,0,11440,560,0.04386721923947334,560000,46.666666666666664,0.9450000000000001,0.0,RulesOnly
0.9533333333333334,0.5,0.0,0.0,0.0,0.5909360171078921,0.07763754060706769,0.07763754060706769,0.0,0.0,1.0,0,0,11440,560,0.04386721923947334,560000,46.666666666666664,0.9550000000000001,0.0,RulesOnly
0.9533333333333334,0.5,0.0,0.0,0.0,0.5909360171078921,0.07763754060706769,0.07763754060706769,0.0,0.0,1.0,0,0,11440,560,0.04386721923947334,560000,46.666666666666664,0.965,0.0,RulesOnly
0.9533333333333334,0.5,0.0,0.0,0.0,0.5909360171078921,0.07763754060706769,0.07763754060706769,0.0,0.0,1.0,0,0,11440,560,0.04386721923947334,560000,46.666666666666664,0.975,0.0,RulesOnly
0.9533333333333334,0.5,0.0,0.0,0.0,0.5909360171078921,0.07763754060706769,0.07763754060706769,0.0,0.0,1.0,0,0,11440,560,0.04386721923947334,560000,46.666666666666664,0.985,0.0,RulesOnly
0.9533333333333334,0.5,0.0,0.0,0.0,0.5909360171078921,0.07763754060706769,0.07763754060706769,0.0,0.0,1.0,0,0,11440,560,0.04386721923947334,560000,46.666666666666664,0.995,0.0,RulesOnly
0.9533333333333334,0.5,0.0,0.0,0.0,0.5909360171078921,0.07763754060706769,0.07763754060706769,0.0,0.0,1.0,0,0,11440,560,0.04386721923947334,560000,46.666666666666664,1.000001,0.0,RulesOnly
0.04666666666666667,0.5,0.04666666666666667,1.0,0.089171974522293,0.5820974338161837,0.07249898061570206,0.07249898061570206,0.0,1.0,0.0,560,11440,0,0,0.04428063597605495,228800,19.066666666666666,0.005,1.0,IsolationForest
0.04666666666666667,0.5,0.04666666666666667,1.0,0.089171974522293,0.5820974338161837,0.07249898061570206,0.07249898061570206,0.0,1.0,0.0,560,11440,0,0,0.04428063597605495,228800,19.066666666666666,0.012728582832757396,1.0,IsolationForest
0.04691666666666667,0.5001311188811188,0.04667833625072935,1.0,0.08919327864935893,0.5820974338161837,0.07249898061570206,0.07249898061570206,0.0034986886748284824,0.9997377622377622,0.0,560,11437,3,0,0.04428063597605495,228740,19.061666666666667,0.015,0.99975,IsolationForest
0.056666666666666664,0.5035464535464536,0.04698551700909397,0.9964285714285714,0.08973946606625925,0.5820974338161837,0.07249898061570206,0.07249898061570206,0.014793991332725472,0.9893356643356643,0.0035714285714285713,558,11318,122,2,0.04428063597605495,228360,19.03,0.025,0.9896666666666667,IsolationForest
0.058833333333333335,0.5046828171828172,0.04708860759493671,0.9964285714285714,0.08992747784045126,0.5820974338161837,0.07249898061570206,0.07249898061570206,0.017780313738679804,0.987062937062937,0.0035714285714285713,558,11292,148,2,0.04428063597605495,227840,18.986666666666668,0.025762316695533118,0.9875,IsolationForest
0.07083333333333333,0.508429070929071,0.047435897435897434,0.9910714285714286,0.09053833605220228,0.5820974338161837,0.07249898061570206,0.07249898061570206,0.022775250979376622,0.9742132867132867,0.008928571428571428,555,11145,295,5,0.04428063597605495,227900,18.991666666666667,0.028750204727978547,0.975,IsolationForest
0.08183333333333333,0.5065559440559441,0.04727272727272727,0.975,0.09017341040462429,0.5820974338161837,0.07249898061570206,0.07249898061570206,0.014557104891371558,0.9618881118881119,0.025,546,11004,436,14,0.04428063597605495,234080,19.506666666666668,0.03073315371277799,0.9625,IsolationForest
0.09366666666666666,0.5093656343656343,0.047543859649122805,0.9678571428571429,0.09063545150501673,0.5820974338161837,0.07249898061570206,0.07249898061570206,0.01812784459530093,0.9491258741258741,0.03214285714285714,542,10858,582,18,0.04428063597605495,235160,19.596666666666668,0.032451269600006764,0.95,IsolationForest
0.10583333333333333,0.5140484515484516,0.048,0.9642857142857143,0.09144792548687553,0.5820974338161837,0.07249898061570206,0.07249898061570206,0.024482659157056438,0.9361888111888111,0.03571428571428571,540,10710,730,20,0.04428063597605495,234200,19.516666666666666,0.03393241294084503,0.9375,IsolationForest
0.11716666666666667,0.5165959040959042,0.04826220061228165,0.9571428571428572,0.0918909651980113,0.5820974338161837,0.07249898061570206,0.07249898061570206,0.026661853877141768,0.923951048951049,0.04285714285714286,536,10570,870,24,0.04428063597605495,235400,19.616666666666667,0.034999999999999996,0.9255,IsolationForest
0.11766666666666667,0.5168581418581418,0.04828828828828829,0.9571428571428572,0.09193825042881645,0.5820974338161837,0.07249898061570206,0.07249898061570206,0.027000013500010127,0.9234265734265734,0.04285714285714286,536,10564,876,24,0.04428063597605495,235280,19.606666666666666,0.03504341660460697,0.925,IsolationForest
0.129,0.5168581418581418,0.048310502283105024,0.9446428571428571,0.09192006950477845,0.5820974338161837,0.07249898061570206,0.07249898061570206,0.02516778621895577,0.9109265734265735,0.055357142857142855,529,10421,1019,31,0.04428063597605495,239420,19.951666666666668,0.03594700995561875,0.9125,IsolationForest
0.14066666666666666,0.5187312687312687,0.048518518518518516,0.9357142857142857,0.09225352112676057,0.5820974338161837,0.07249898061570206,0.07249898061570206,0.02633914755170892,0.8982517482517482,0.06428571428571428,524,10276,1164,36,0.04428063597605495,241520,20.126666666666665,0.03683288351719868,0.9,IsolationForest
0.1525,0.5215409590409591,0.048826291079812206,0.9285714285714286,0.09277430865298841,0.5820974338161837,0.07249898061570206,0.07249898061570206,0.028758111830283307,0.8854895104895105,0.07142857142857142,520,10130,1310,40,0.04428063597605495,242600,20.216666666666665,0.037567704694903656,0.8875,IsolationForest
0.164,0.5224775224775224,0.048952380952380956,0.9178571428571428,0.09294755877034358,0.5820974338161837,0.07249898061570206,0.07249898061570206,0.02867115462881454,0.8729020979020979,0.08214285714285714,514,9986,1454,46,0.04428063597605495,245720,20.476666666666667,0.03835492381403434,0.875,IsolationForest
0.175,0.5206043956043956,0.048792270531400964,0.9017857142857143,0.09257561869844179,0.5820974338161837,0.07249898061570206,0.07249898061570206,0.02523973286912888,0.8605769230769231,0.09821428571428571,505,9845,1595,55,0.04428063597605495,251900,20.991666666666667,0.03891948008974367,0.8625,IsolationForest
0.187,0.5243506493506493,0.049215686274509805,0.8964285714285715,0.09330855018587361,0.5820974338161837,0.07249898061570206,0.07249898061570206,0.028768103322607822,0.8477272727272728,0.10357142857142858,502,9698,1742,58,0.04428063597605495,251960,20.996666666666666,0.03959216924477358,0.85,IsolationForest
0.19766666666666666,0.5206043956043956,0.048855721393034825,0.8767857142857143,0.09255419415645617,0.5820974338161837,0.07249898061570206,0.07249898061570206,0.023561154361627732,0.8355769230769231,0.12321428571428572,491,9559,1881,69,0.04428063597605495,260180,21.68166666666667,0.04032384084710138,0.8375,IsolationForest
0.20966666666666667,0.5243506493506493,0.04929292929292929,0.8714285714285714,0.09330783938814531,0.5820974338161837,0.07249898061570206,0.07249898061570206,0.027034623369690036,0.8227272727272728,0.12857142857142856,488,9412,2028,72,0.04428063597605495,260240,21.686666666666667,0.040984406644682475,0.825,IsolationForest
0.221,0.5243506493506493,0.04933333333333333,0.8589285714285714,0.0933074684772066,0.5820974338161837,0.07249898061570206,0.07249898061570206,0.026318067798390757,0.8102272727272727,0.14107142857142857,481,9269,2171,79,0.04428063597605495,264380,22.031666666666666,0.04159322035082251,0.8125,IsolationForest
0.2325,0.5252872127872128,0.049479166666666664,0.8482142857142857,0.09350393700787402,0.5820974338161837,0.07249898061570206,0.07249898061570206,0.02666838689610528,0.7976398601398601,0.15178571428571427,475,9125,2315,85,0.04428063597605495,267500,22.291666666666668,0.04215764328348864,0.8,IsolationForest
0.24316666666666667,0.5215409590409591,0.0491005291005291,0.8285714285714286,0.09270729270729272,0.5820974338161837,0.07249898061570206,0.07249898061570206,0.022213452415763384,0.7854895104895104,0.17142857142857143,464,8986,2454,96,0.04428063597605495,275720,22.976666666666667,0.042653301141568276,0.7875,IsolationForest
0.25483333333333336,0.5234140859140859,0.04935483870967742,0.8196428571428571,0.09310344827586207,0.5820974338161837,0.07249898061570206,0.07249898061570206,0.023653252755762345,0.7728146853146853,0.18035714285714285,459,8841,2599,101,0.04428063597605495,277820,23.151666666666667,0.043121913491578824,0.775,IsolationForest
0.266,0.5224775224775224,0.049289617486338796,0.8053571428571429,0.09289392378990732,0.5820974338161837,0.07249898061570206,0.07249898061570206,0.02228191355415113,0.7604020979020979,0.19464285714285715,451,8699,2741,109,0.04428063597605495,282980,23.581666666666667,0.04354409530848675,0.7625,IsolationForest
0.27808333333333335,0.5271166333666334,0.04988334629485613,0.8017857142857143,0.09392322978767911,0.5820974338161837,0.07249898061570206,0.07249898061570206,0.026420387128811517,0.7475524475524475,0.1982142857142857,449,8552,2888,111,0.04428063597605495,282040,23.503333333333334,0.043993232049272836,0.7500833333333333,IsolationForest
0.28925,0.5261800699300699,0.049824878544797196,0.7875,0.09372011475932418,0.5820974338161837,0.07249898061570206,0.07249898061570206,0.025102982479428125,0.7351398601398601,0.2125,441,8410,3030,119,0.04428063597605495,287200,23.933333333333334,0.044380376392773244,0.7375833333333334,IsolationForest
0.3001666666666667,0.5234140859140859,0.04954022988505747,0.7696428571428572,0.09308855291576675,0.5820974338161837,0.07249898061570206,0.07249898061570206,0.02212063718874457,0.7228146853146853,0.23035714285714284,431,8269,3171,129,0.04428063597605495,294380,24.531666666666666,0.04477796765124573,0.725,IsolationForest
0.30625,0.5240571928071928,0.04964621273634149,0.7642857142857142,0.09323603093344951,0.5820974338161837,0.07249898061570206,0.07249898061570206,0.022563634276871056,0.7161713286713287,0.2357142857142857,428,8193,3247,132,0.04428063597605495,295860,24.655,0.045,0.7184166666666667,IsolationForest
0.31133333333333335,0.5224775224775224,0.049473684210526316,0.7553571428571428,0.0928649835345774,0.5820974338161837,0.07249898061570206,0.07249898061570206,0.020950425947630913,0.7104020979020979,0.24464285714285713,423,8127,3313,137,0.04428063597605495,299540,24.961666666666666,0.04512187738723821,0.7125,IsolationForest
0.3225,0.5215409590409591,0.0494047619047619,0.7410714285714286,0.09263392857142856,0.5820974338161837,0.07249898061570206,0.07249898061570206,0.019829472572252062,0.6979895104895105,0.25892857142857145,415,7985,3455,145,0.04428063597605495,304700,25.391666666666666,0.0454493169282403,0.7,IsolationForest
0.33466666666666667,0.5270729270729271,0.05016965584100824,0.7392857142857143,0.09396277802995914,0.5820974338161837,0.07249898061570206,0.07249898061570206,0.024642957840016248,0.6851398601398602,0.26071428571428573,414,7838,3602,146,0.04428063597605495,302760,25.23,0.045776671182290736,0.6876666666666666,IsolationForest
0.3468333333333333,0.5309065934065934,0.05074074074074074,0.7339285714285714,0.094919168591224,0.5820974338161837,0.07249898061570206,0.07249898061570206,0.027836417863682534,0.6721153846153847,0.26607142857142857,411,7689,3751,149,0.04428063597605495,302780,25.231666666666666,0.04609326067119668,0.675,IsolationForest
0.359,0.5355894105894106,0.05144654088050314,0.7303571428571428,0.09612220916568741,0.5820974338161837,0.07249898061570206,0.07249898061570206,0.03175022015316733,0.6591783216783217,0.26964285714285713,409,7541,3899,151,0.04428063597605495,301820,25.151666666666667,0.0464174545607333,0.6625,IsolationForest
0.37116666666666664,0.5402722277722277,0.05217948717948718,0.7267857142857143,0.09736842105263159,0.5820974338161837,0.07249898061570206,0.07249898061570206,0.035618098397922626,0.6462412587412587,0.2732142857142857,407,7393,4047,153,0.04428063597605495,300860,25.071666666666665,0.046812473993528496,0.65,IsolationForest
0.38275,0.5421016483516483,0.05254215135276435,0.7178571428571429,0.09791742784070151,0.5820974338161837,0.07249898061570206,0.07249898061570206,0.03694726675256436,0.6336538461538461,0.28214285714285714,402,7249,4191,158,0.04428063597605495,302980,25.248333333333335,0.0471830233426779,0.6375833333333333,IsolationForest
0.39466666666666667,0.544955044955045,0.053066666666666665,0.7107142857142857,0.0987593052109181,0.5820974338161837,0.07249898061570206,0.07249898061570206,0.039172254651290296,0.6208041958041958,0.2892857142857143,398,7102,4338,162,0.04428063597605495,304040,25.336666666666666,0.04755699950498197,0.625,IsolationForest
0.4061666666666667,0.5458916083916083,0.05333333333333334,0.7,0.09911504424778762,0.5820974338161837,0.07249898061570206,0.07249898061570206,0.03973746462968074,0.6082167832167832,0.3,392,6958,4482,168,0.04428063597605495,307160,25.596666666666668,0.04794300616561206,0.6125,IsolationForest
0.41783333333333333,0.5477647352647352,0.05375,0.6910714285714286,0.09974226804123712,0.5820974338161837,0.07249898061570206,0.07249898061570206,0.04112988824799682,0.5955419580419581,0.30892857142857144,387,6813,4627,173,0.04428063597605495,309260,25.77166666666667,0.048272593712980115,0.6,IsolationForest
0.42966666666666664,0.5505744255744256,0.054326241134751777,0.6839285714285714,0.10065703022339029,0.5820974338161837,0.07249898061570206,0.07249898061570206,0.04333819528163122,0.5827797202797202,0.31607142857142856,383,6667,4773,177,0.04428063597605495,310340,25.861666666666668,0.04867719019241852,0.5875,IsolationForest
0.44166666666666665,0.5543206793206793,0.05507246376811594,0.6785714285714286,0.10187667560321717,0.5820974338161837,0.07249898061570206,0.07249898061570206,0.046354572528184215,0.5699300699300699,0.32142857142857145,380,6520,4920,180,0.04428063597605495,310400,25.866666666666667,0.04903407472189843,0.575,IsolationForest
0.4528333333333333,0.5533841158841158,0.05511111111111111,0.6642857142857143,0.10177838577291382,0.5820974338161837,0.07249898061570206,0.07249898061570206,0.04539599482895636,0.5575174825174826,0.3357142857142857,372,6378,5062,188,0.04428063597605495,315560,26.296666666666667,0.049453041623935476,0.5625,IsolationForest
0.4643333333333333,0.5543206793206793,0.05545454545454546,0.6535714285714286,0.10223463687150838,0.5820974338161837,0.07249898061570206,0.07249898061570206,0.04606100040141762,0.54493006993007,0.3464285714285714,366,6234,5206,194,0.04428063597605495,318680,26.55666666666667,0.049840994352122615,0.55,IsolationForest
0.4756666666666667,0.5543206793206794,0.055658914728682174,0.6410714285714286,0.10242510699001427,0.5820974338161837,0.07249898061570206,0.07249898061570206,0.04595956028998346,0.5324300699300699,0.35892857142857143,359,6091,5349,201,0.04428063597605495,322820,26.901666666666667,0.05019443427992114,0.5375,IsolationForest
0.4875,0.5571303696303695,0.05634920634920635,0.6339285714285714,0.10349854227405249,0.5820974338161837,0.07249898061570206,0.07249898061570206,0.04826100402577258,0.5196678321678322,0.36607142857142855,355,5945,5495,205,0.04428063597605495,323900,26.991666666666667,0.05065472089162524,0.525,IsolationForest
0.49966666666666665,0.5618131868131868,0.057398373983739835,0.6303571428571428,0.1052160953800298,0.5820974338161837,0.07249898061570206,0.07249898061570206,0.05216781714329396,0.5067307692307692,0.36964285714285716,353,5797,5643,207,0.04428063597605495,322940,26.911666666666665,0.051040801855965774,0.5125,IsolationForest
0.5119166666666667,0.5673888611388611,0.058656890518246955,0.6285714285714286,0.10730071635421429,0.5820974338161837,0.07249898061570206,0.07249898061570206,0.05685568469478115,0.4937937062937063,0.37142857142857144,352,5649,5791,208,0.04428063597605495,320980,26.748333333333335,0.05142644904502592,0.5000833333333333,IsolationForest
0.5225,0.5627497502497503,0.05811965811965812,0.6071428571428571,0.1060842433697348,0.5820974338161837,0.07249898061570206,0.07249898061570206,0.05295823861516205,0.48164335664335667,0.39285714285714285,340,5510,5930,220,0.04428063597605495,330200,27.516666666666666,0.051865302367479695,0.4875,IsolationForest
0.5338333333333334,0.5627497502497503,0.05842105263157895,0.5946428571428571,0.10638977635782748,0.5820974338161837,0.07249898061570206,0.07249898061570206,0.05300798802830759,0.46914335664335666,0.40535714285714286,333,5367,6073,227,0.04428063597605495,334340,27.861666666666668,0.05226377369166365,0.475,IsolationForest
0.5455,0.5646228771228772,0.0590990990990991,0.5857142857142857,0.10736497545008183,0.5820974338161837,0.07249898061570206,0.07249898061570206,0.054676028620842386,0.45646853146853145,0.4142857142857143,328,5222,6218,232,0.04428063597605495,336440,28.036666666666665,0.05275564051635394,0.4625,IsolationForest
0.5568333333333333,0.5646228771228772,0.059444444444444446,0.5732142857142857,0.10771812080536912,0.5820974338161837,0.07249898061570206,0.07249898061570206,0.05479670737410027,0.4439685314685315,0.42678571428571427,321,5079,6361,239,0.04428063597605495,340580,28.381666666666668,0.053208343381991235,0.45,IsolationForest
0.568,0.5636863136863137,0.05961904761904762,0.5589285714285714,0.10774526678141137,0.5820974338161837,0.07249898061570206,0.07249898061570206,0.05415662540998302,0.43155594405594405,0.44107142857142856,313,4937,6503,247,0.04428063597605495,345740,28.811666666666667,0.05363275439622585,0.4375,IsolationForest
0.5796666666666667,0.5655594405594406,0.0603921568627451,0.55,0.10883392226148408,0.5820974338161837,0.07249898061570206,0.07249898061570206,0.055945173740911985,0.4188811188811189,0.45,308,4792,6648,252,0.04428063597605495,347840,28.986666666666668,0.05403710854074899,0.425,IsolationForest
0.5906666666666667,0.5636863136863137,0.060404040404040404,0.5339285714285714,0.10852994555353904,0.5820974338161837,0.07249898061570206,0.07249898061570206,0.054574023687980054,0.40655594405594403,0.4660714285714286,299,4651,6789,261,0.04428063597605495,354020,29.501666666666665,0.05445498074992411,0.4125,IsolationForest
0.6023333333333334,0.5655594405594406,0.06125,0.525,0.10970149253731341,0.5820974338161837,0.07249898061570206,0.07249898061570206,0.05645278779136819,0.3938811188811189,0.475,294,4506,6934,266,0.04428063597605495,356120,29.676666666666666,0.05484823494487141,0.4,IsolationForest
0.6065833333333334,0.5660901598401599,0.06153846153846154,0.5214285714285715,0.11008482563619228,0.5820974338161837,0.07249898061570206,0.07249898061570206,0.05702128588550871,0.38924825174825173,0.4785714285714286,292,4453,6987,268,0.04428063597605495,357060,29.755,0.055,0.3954166666666667,IsolationForest
0.6138333333333333,0.566496003996004,0.06193548387096774,0.5142857142857142,0.11055662188099809,0.5820974338161837,0.07249898061570206,0.07249898061570206,0.05757877527974147,0.3812937062937063,0.4857142857142857,288,4362,7078,272,0.04428063597605495,359240,29.936666666666667,0.055340648219047904,0.3875,IsolationForest
0.6246666666666667,0.5636863136863137,0.06177777777777778,0.49642857142857144,0.10988142292490118,0.5820974338161837,0.07249898061570206,0.07249898061570206,0.055494027422661255,0.36905594405594405,0.5035714285714286,278,4222,7218,282,0.04428063597605495,366440,30.536666666666665,0.05581198868090616,0.375,IsolationForest
0.6363333333333333,0.5655594405594405,0.06275862068965517,0.4875,0.11120162932790223,0.5820974338161837,0.07249898061570206,0.07249898061570206,0.05753033650219724,0.3563811188811189,0.5125,273,4077,7363,287,0.04428063597605495,368540,30.711666666666666,0.056276174131491094,0.3625,IsolationForest
0.6473333333333333,0.5636863136863137,0.06285714285714286,0.4714285714285714,0.11092436974789918,0.5820974338161837,0.07249898061570206,0.07249898061570206,0.056326295140900894,0.34405594405594403,0.5285714285714286,264,3936,7504,296,0.04428063597605495,374720,31.226666666666667,0.056741659644334586,0.35,IsolationForest
0.6583333333333333,0.5618131868131868,0.06296296296296296,0.45535714285714285,0.1106290672451193,0.5820974338161837,0.07249898061570206,0.07249898061570206,0.05514511921339589,0.3317307692307692,0.5446428571428571,255,3795,7645,305,0.04428063597605495,380900,31.741666666666667,0.05718007677256428,0.3375,IsolationForest
0.6691666666666667,0.5590034965034965,0.06282051282051282,0.4375,0.10986547085201794,0.5820974338161837,0.07249898061570206,0.07249898061570206,0.05314225228521211,0.319493006993007,0.5625,245,3655,7785,315,0.04428063597605495,388100,32.34166666666667,0.05767409058917602,0.325,IsolationForest
0.6805,0.5590034965034965,0.06346666666666667,0.425,0.11044083526682136,0.5820974338161837,0.07249898061570206,0.07249898061570206,0.05369973736204584,0.30699300699300697,0.575,238,3512,7928,322,0.04428063597605495,392240,32.68666666666667,0.05811319940023083,0.3125,IsolationForest
0.692,0.5599400599400599,0.06444444444444444,0.4142857142857143,0.11153846153846153,0.5820974338161837,0.07249898061570206,0.07249898061570206,0.055177662809744864,0.2944055944055944,0.5857142857142857,232,3368,8072,328,0.04428063597605495,395360,32.946666666666665,0.05865563975718651,0.3,IsolationForest
0.7035833333333333,0.5617694805194805,0.06577803535207186,0.40535714285714286,0.11318873098977811,0.5820974338161837,0.07249898061570206,0.07249898061570206,0.05756795897230894,0.2818181818181818,0.5946428571428571,227,3224,8216,333,0.04428063597605495,397480,33.123333333333335,0.05921209551260649,0.28758333333333336,IsolationForest
0.7145,0.5590034965034965,0.06575757575757575,0.3875,0.11243523316062176,0.5820974338161837,0.07249898061570206,0.07249898061570206,0.05574400571563631,0.269493006993007,0.6125,217,3083,8357,343,0.04428063597605495,404660,33.721666666666664,0.05979212610791314,0.275,IsolationForest
0.7263333333333334,0.5618131868131868,0.06761904761904762,0.38035714285714284,0.11482479784366577,0.5820974338161837,0.07249898061570206,0.07249898061570206,0.059264038611259263,0.2567307692307692,0.6196428571428572,213,2937,8503,347,0.04428063597605495,405740,33.81166666666667,0.06030801349832103,0.2625,IsolationForest
0.738,0.5636863136863137,0.06933333333333333,0.37142857142857144,0.11685393258426965,0.5820974338161837,0.07249898061570206,0.07249898061570206,0.06204420883115401,0.24405594405594405,0.6285714285714286,208,2792,8648,352,0.04428063597605495,407840,33.986666666666665,0.060932858244334774,0.25,IsolationForest
0.7496666666666667,0.5655594405594405,0.0712280701754386,0.3625,0.11906158357771261,0.5820974338161837,0.07249898061570206,0.07249898061570206,0.0649889145329408,0.23138111888111887,0.6375,203,2647,8793,357,0.04428063597605495,409940,34.16166666666667,0.06160377791118473,0.2375,IsolationForest
0.7608333333333334,0.5646228771228772,0.07222222222222222,0.3482142857142857,0.1196319018404908,0.5820974338161837,0.07249898061570206,0.07249898061570206,0.06528297760590407,0.21896853146853146,0.6517857142857143,195,2505,8935,365,0.04428063597605495,415100,34.59166666666667,0.06231766072791876,0.225,IsolationForest
0.7713333333333333,0.5599400599400599,0.07176470588235294,0.3267857142857143,0.11768488745980707,0.5820974338161837,0.07249898061570206,0.07249898061570206,0.061811345852558985,0.20690559440559442,0.6732142857142858,183,2367,9073,377,0.04428063597605495,424340,35.361666666666665,0.06298365123994001,0.2125,IsolationForest
0.7821666666666667,0.5571303696303697,0.07208333333333333,0.30892857142857144,0.1168918918918919,0.5820974338161837,0.07249898061570206,0.07249898061570206,0.060250800024534146,0.19466783216783218,0.6910714285714286,173,2227,9213,387,0.04428063597605495,431540,35.961666666666666,0.06372321886076422,0.2,IsolationForest
0.7938333333333333,0.5590034965034965,0.07466666666666667,0.3,0.1195729537366548,0.5820974338161837,0.07249898061570206,0.07249898061570206,0.06377070274225453,0.181993006993007,0.7,168,2082,9358,392,0.04428063597605495,433640,36.13666666666666,0.06451383342738576,0.1875,IsolationForest
0.8000833333333334,0.5571865634365635,0.07489597780859916,0.2892857142857143,0.11898641204553799,0.5820974338161837,0.07249898061570206,0.07249898061570206,0.06275833670190581,0.17491258741258742,0.7107142857142857,162,2001,9439,398,0.04428063597605495,438020,36.501666666666665,0.065,0.18025,IsolationForest
0.8046666666666666,0.5561938061938062,0.07523809523809524,0.28214285714285714,0.11879699248120301,0.5820974338161837,0.07249898061570206,0.07249898061570206,0.06238759239159239,0.16975524475524476,0.7178571428571429,158,1942,9498,402,0.04428063597605495,440840,36.736666666666665,0.06539132088218802,0.175,IsolationForest
0.8148333333333333,0.5496378621378621,0.07384615384615385,0.2571428571428571,0.1147410358565737,0.5820974338161837,0.07249898061570206,0.07249898061570206,0.056760962780284994,0.15786713286713286,0.7428571428571429,144,1806,9634,416,0.04428063597605495,452120,37.67666666666667,0.06631549824405321,0.1625,IsolationForest
0.8253333333333334,0.544955044955045,0.07333333333333333,0.2357142857142857,0.11186440677966103,0.5820974338161837,0.07249898061570206,0.07249898061570206,0.053110344595583676,0.1458041958041958,0.7642857142857142,132,1668,9772,428,0.04428063597605495,461360,38.446666666666665,0.06736505858056699,0.15,IsolationForest
0.8366666666666667,0.544955044955045,0.07575757575757576,0.22321428571428573,0.11312217194570134,0.5820974338161837,0.07249898061570206,0.07249898061570206,0.055068508078099376,0.1333041958041958,0.7767857142857143,125,1525,9915,435,0.04428063597605495,465500,38.791666666666664,0.06833639733737129,0.1375,IsolationForest
0.8473333333333334,0.5412087912087912,0.076,0.20357142857142857,0.11067961165048544,0.5820974338161837,0.07249898061570206,0.07249898061570206,0.05256378348615999,0.12115384615384615,0.7964285714285714,114,1386,10054,446,0.04428063597605495,473720,39.47666666666667,0.06961432687585017,0.125,IsolationForest
0.8586666666666667,0.5412087912087913,0.07925925925925927,0.19107142857142856,0.11204188481675394,0.5820974338161837,0.07249898061570206,0.07249898061570206,0.05501551828402024,0.10865384615384616,0.8089285714285714,107,1243,10197,453,0.04428063597605495,477860,39.821666666666665,0.07082056536409399,0.1125,IsolationForest
0.8701666666666666,0.5421453546453546,0.08416666666666667,0.18035714285714285,0.11477272727272729,0.5820974338161837,0.07249898061570206,0.07249898061570206,0.059263081991345064,0.09606643356643357,0.8196428571428571,101,1099,10341,459,0.04428063597605495,480980,40.08166666666666,0.07211540022249689,0.1,IsolationForest
0.8803333333333333,0.5355894105894106,0.08285714285714285,0.15535714285714286,0.10807453416149068,0.5820974338161837,0.07249898061570206,0.07249898061570206,0.05313199312890663,0.08417832167832168,0.8446428571428571,87,963,10477,473,0.04428063597605495,492260,41.02166666666667,0.07350341843029308,0.0875,IsolationForest
0.8880833333333333,0.5311625874125874,0.08217716115261472,0.1375,0.10287241148964596,0.5820974338161837,0.07249898061570206,0.07249898061570206,0.04899641218215311,0.07517482517482517,0.8625,77,860,10580,483,0.04428063597605495,500200,41.68333333333333,0.07500000000000001,0.07808333333333334,IsolationForest
0.8908333333333334,0.5309065934065934,0.08333333333333333,0.13392857142857142,0.10273972602739724,0.5820974338161837,0.07249898061570206,0.07249898061570206,0.049500024750018565,0.07211538461538461,0.8660714285714286,75,825,10615,485,0.04428063597605495,501500,41.791666666666664,0.07550293324454407,0.075,IsolationForest
0.9015,0.5271603396603397,0.08533333333333333,0.11428571428571428,0.09770992366412214,0.5820974338161837,0.07249898061570206,0.07249898061570206,0.04733314103697578,0.05996503496503496,0.8857142857142857,64,686,10754,496,0.04428063597605495,509720,42.47666666666667,0.0774930497874964,0.0625,IsolationForest
0.9128333333333334,0.5271603396603397,0.095,0.10178571428571428,0.09827586206896552,0.5820974338161837,0.07249898061570206,0.07249898061570206,0.0525707493263727,0.047465034965034965,0.8982142857142857,57,543,10897,503,0.04428063597605495,513860,42.821666666666665,0.08048260809652437,0.05,IsolationForest
0.923,0.5206043956043956,0.09555555555555556,0.07678571428571429,0.08514851485148515,0.5820974338161837,0.07249898061570206,0.07249898061570206,0.045750901087167756,0.035576923076923075,0.9232142857142858,43,407,11033,517,0.04428063597605495,525140,43.76166666666666,0.08424951808031965,0.0375,IsolationForest
0.9246666666666666,0.5206293706293706,0.09813084112149532,0.075,0.08502024291497975,0.5820974338161837,0.07249898061570206,0.07249898061570206,0.046924202781706933,0.03374125874125874,0.925,42,386,11054,518,0.04428063597605495,525720,43.81,0.085,0.035666666666666666,IsolationForest
0.9343333333333333,0.5206043956043955,0.12,0.06428571428571428,0.08372093023255814,0.5820974338161837,0.07249898061570206,0.07249898061570206,0.055672835727365075,0.023076923076923078,0.9357142857142857,36,264,11176,524,0.04428063597605495,529280,44.10666666666667,0.08977289431077606,0.025,IsolationForest
0.94225,0.5188124375624376,0.1518324607329843,0.05178571428571429,0.07723035952063914,0.5820974338161837,0.07249898061570206,0.07249898061570206,0.06341015985167096,0.014160839160839161,0.9482142857142857,29,162,11278,531,0.04428063597605495,534240,44.52,0.095,0.015916666666666666,IsolationForest
0.9445,0.5140484515484516,0.14666666666666667,0.039285714285714285,0.06197183098591549,0.5820974338161837,0.07249898061570206,0.07249898061570206,0.05334094121603941,0.011188811188811189,0.9607142857142857,22,128,11312,538,0.04428063597605495,540560,45.04666666666667,0.09889045434424694,0.0125,IsolationForest
0.9478333333333333,0.5098526473526473,0.15625,0.026785714285714284,0.04573170731707317,0.5820974338161837,0.07249898061570206,0.07249898061570206,0.04665604106074122,0.007080419580419581,0.9732142857142857,15,81,11359,545,0.04428063597605495,546620,45.55166666666667,0.10500000000000001,0.008,IsolationForest
0.9505,0.5061563436563437,0.17307692307692307,0.01607142857142857,0.02941176470588235,0.5820974338161837,0.07249898061570206,0.07249898061570206,0.03953762677073976,0.003758741258741259,0.9839285714285714,9,43,11397,551,0.04428063597605495,551860,45.98833333333334,0.115,0.004333333333333333,IsolationForest
0.95125,0.5014547952047952,0.0967741935483871,0.005357142857142857,0.01015228426395939,0.5820974338161837,0.07249898061570206,0.07249898061570206,0.012090077975725252,0.0024475524475524478,0.9946428571428572,3,28,11412,557,0.04428063597605495,557560,46.46333333333333,0.125,0.0025833333333333333,IsolationForest
0.9524166666666667,0.5020666833166834,0.17647058823529413,0.005357142857142857,0.010398613518197574,0.5820974338161837,0.07249898061570206,0.07249898061570206,0.023179481374641823,0.0012237762237762239,0.9946428571428572,3,14,11426,557,0.04428063597605495,557280,46.44,0.135,0.0014166666666666668,IsolationForest
0.9528333333333333,0.501436063936064,0.2,0.0035714285714285713,0.007017543859649123,0.5820974338161837,0.07249898061570206,0.07249898061570206,0.020994290666593977,0.0006993006993006993,0.9964285714285714,2,8,11432,558,0.04428063597605495,558160,46.513333333333335,0.14500000000000002,0.0008333333333333334,IsolationForest
0.9531666666666667,0.5016108891108891,0.3333333333333333,0.0035714285714285713,0.007067137809187279,0.5820974338161837,0.07249898061570206,0.07249898061570206,0.030398000638164058,0.00034965034965034965,0.9964285714285714,2,4,11436,558,0.04428063597605495,558080,46.50666666666667,0.155,0.0005,IsolationForest
0.9533333333333334,0.5016983016983018,0.5,0.0035714285714285713,0.0070921985815602835,0.5820974338161837,0.07249898061570206,0.07249898061570206,0.039246744775229755,0.00017482517482517483,0.9964285714285714,2,2,11438,558,0.04428063597605495,558040,46.50333333333333,0.165,0.0003333333333333333,IsolationForest
0.9535,0.5017857142857143,1.0,0.0035714285714285713,0.0071174377224199285,0.5820974338161837,0.07249898061570206,0.07249898061570206,0.058355200793689756,0.0,0.9964285714285714,2,0,11440,558,0.04428063597605495,558000,46.5,0.17500000000000002,0.00016666666666666666,IsolationForest
0.9535,0.5017857142857143,1.0,0.0035714285714285713,0.0071174377224199285,0.5820974338161837,0.07249898061570206,0.07249898061570206,0.058355200793689756,0.0,0.9964285714285714,2,0,11440,558,0.04428063597605495,558000,46.5,0.185,0.00016666666666666666,IsolationForest
0.9535,0.5017857142857143,1.0,0.0035714285714285713,0.0071174377224199285,0.5820974338161837,0.07249898061570206,0.07249898061570206,0.058355200793689756,0.0,0.9964285714285714,2,0,11440,558,0.04428063597605495,558000,46.5,0.195,0.00016666666666666666,IsolationForest
0.9535,0.5017857142857143,1.0,0.0035714285714285713,0.0071174377224199285,0.5820974338161837,0.07249898061570206,0.07249898061570206,0.058355200793689756,0.0,0.9964285714285714,2,0,11440,558,0.04428063597605495,558000,46.5,0.20500000000000002,0.00016666666666666666,IsolationForest
0.9534166666666667,0.5008928571428571,1.0,0.0017857142857142857,0.0035650623885918,0.5820974338161837,0.07249898061570206,0.07249898061570206,0.04126163871301518,0.0,0.9982142857142857,1,0,11440,559,0.04428063597605495,559000,46.583333333333336,0.215,8.333333333333333e-05,IsolationForest
0.9534166666666667,0.5008928571428571,1.0,0.0017857142857142857,0.0035650623885918,0.5820974338161837,0.07249898061570206,0.07249898061570206,0.04126163871301518,0.0,0.9982142857142857,1,0,11440,559,0.04428063597605495,559000,46.583333333333336,0.225,8.333333333333333e-05,IsolationForest
0.9534166666666667,0.5008928571428571,1.0,0.0017857142857142857,0.0035650623885918,0.5820974338161837,0.07249898061570206,0.07249898061570206,0.04126163871301518,0.0,0.9982142857142857,1,0,11440,559,0.04428063597605495,559000,46.583333333333336,0.23000054043010568,8.333333333333333e-05,IsolationForest
0.9533333333333334,0.5,0.0,0.0,0.0,0.5820974338161837,0.07249898061570206,0.07249898061570206,0.0,0.0,1.0,0,0,11440,560,0.04428063597605495,560000,46.666666666666664,0.23500000000000001,0.0,IsolationForest
0.9533333333333334,0.5,0.0,0.0,0.0,0.5820974338161837,0.07249898061570206,0.07249898061570206,0.0,0.0,1.0,0,0,11440,560,0.04428063597605495,560000,46.666666666666664,0.245,0.0,IsolationForest
0.9533333333333334,0.5,0.0,0.0,0.0,0.5820974338161837,0.07249898061570206,0.07249898061570206,0.0,0.0,1.0,0,0,11440,560,0.04428063597605495,560000,46.666666666666664,0.255,0.0,IsolationForest
0.9533333333333334,0.5,0.0,0.0,0.0,0.5820974338161837,0.07249898061570206,0.07249898061570206,0.0,0.0,1.0,0,0,11440,560,0.04428063597605495,560000,46.666666666666664,0.265,0.0,IsolationForest
0.9533333333333334,0.5,0.0,0.0,0.0,0.5820974338161837,0.07249898061570206,0.07249898061570206,0.0,0.0,1.0,0,0,11440,560,0.04428063597605495,560000,46.666666666666664,0.275,0.0,IsolationForest
0.9533333333333334,0.5,0.0,0.0,0.0,0.5820974338161837,0.07249898061570206,0.07249898061570206,0.0,0.0,1.0,0,0,11440,560,0.04428063597605495,560000,46.666666666666664,0.28500000000000003,0.0,IsolationForest
0.9533333333333334,0.5,0.0,0.0,0.0,0.5820974338161837,0.07249898061570206,0.07249898061570206,0.0,0.0,1.0,0,0,11440,560,0.04428063597605495,560000,46.666666666666664,0.295,0.0,IsolationForest
0.9533333333333334,0.5,0.0,0.0,0.0,0.5820974338161837,0.07249898061570206,0.07249898061570206,0.0,0.0,1.0,0,0,11440,560,0.04428063597605495,560000,46.666666666666664,0.305,0.0,IsolationForest
0.9533333333333334,0.5,0.0,0.0,0.0,0.5820974338161837,0.07249898061570206,0.07249898061570206,0.0,0.0,1.0,0,0,11440,560,0.04428063597605495,560000,46.666666666666664,0.315,0.0,IsolationForest
0.9533333333333334,0.5,0.0,0.0,0.0,0.5820974338161837,0.07249898061570206,0.07249898061570206,0.0,0.0,1.0,0,0,11440,560,0.04428063597605495,560000,46.666666666666664,0.325,0.0,IsolationForest
0.9533333333333334,0.5,0.0,0.0,0.0,0.5820974338161837,0.07249898061570206,0.07249898061570206,0.0,0.0,1.0,0,0,11440,560,0.04428063597605495,560000,46.666666666666664,0.335,0.0,IsolationForest
0.9533333333333334,0.5,0.0,0.0,0.0,0.5820974338161837,0.07249898061570206,0.07249898061570206,0.0,0.0,1.0,0,0,11440,560,0.04428063597605495,560000,46.666666666666664,0.34500000000000003,0.0,IsolationForest
0.9533333333333334,0.5,0.0,0.0,0.0,0.5820974338161837,0.07249898061570206,0.07249898061570206,0.0,0.0,1.0,0,0,11440,560,0.04428063597605495,560000,46.666666666666664,0.35500000000000004,0.0,IsolationForest
0.9533333333333334,0.5,0.0,0.0,0.0,0.5820974338161837,0.07249898061570206,0.07249898061570206,0.0,0.0,1.0,0,0,11440,560,0.04428063597605495,560000,46.666666666666664,0.365,0.0,IsolationForest
0.9533333333333334,0.5,0.0,0.0,0.0,0.5820974338161837,0.07249898061570206,0.07249898061570206,0.0,0.0,1.0,0,0,11440,560,0.04428063597605495,560000,46.666666666666664,0.375,0.0,IsolationForest
0.9533333333333334,0.5,0.0,0.0,0.0,0.5820974338161837,0.07249898061570206,0.07249898061570206,0.0,0.0,1.0,0,0,11440,560,0.04428063597605495,560000,46.666666666666664,0.385,0.0,IsolationForest
0.9533333333333334,0.5,0.0,0.0,0.0,0.5820974338161837,0.07249898061570206,0.07249898061570206,0.0,0.0,1.0,0,0,11440,560,0.04428063597605495,560000,46.666666666666664,0.395,0.0,IsolationForest
0.9533333333333334,0.5,0.0,0.0,0.0,0.5820974338161837,0.07249898061570206,0.07249898061570206,0.0,0.0,1.0,0,0,11440,560,0.04428063597605495,560000,46.666666666666664,0.405,0.0,IsolationForest
0.9533333333333334,0.5,0.0,0.0,0.0,0.5820974338161837,0.07249898061570206,0.07249898061570206,0.0,0.0,1.0,0,0,11440,560,0.04428063597605495,560000,46.666666666666664,0.41500000000000004,0.0,IsolationForest
0.9533333333333334,0.5,0.0,0.0,0.0,0.5820974338161837,0.07249898061570206,0.07249898061570206,0.0,0.0,1.0,0,0,11440,560,0.04428063597605495,560000,46.666666666666664,0.425,0.0,IsolationForest
0.9533333333333334,0.5,0.0,0.0,0.0,0.5820974338161837,0.07249898061570206,0.07249898061570206,0.0,0.0,1.0,0,0,11440,560,0.04428063597605495,560000,46.666666666666664,0.435,0.0,IsolationForest
0.9533333333333334,0.5,0.0,0.0,0.0,0.5820974338161837,0.07249898061570206,0.07249898061570206,0.0,0.0,1.0,0,0,11440,560,0.04428063597605495,560000,46.666666666666664,0.445,0.0,IsolationForest
0.9533333333333334,0.5,0.0,0.0,0.0,0.5820974338161837,0.07249898061570206,0.07249898061570206,0.0,0.0,1.0,0,0,11440,560,0.04428063597605495,560000,46.666666666666664,0.455,0.0,IsolationForest
0.9533333333333334,0.5,0.0,0.0,0.0,0.5820974338161837,0.07249898061570206,0.07249898061570206,0.0,0.0,1.0,0,0,11440,560,0.04428063597605495,560000,46.666666666666664,0.465,0.0,IsolationForest
0.9533333333333334,0.5,0.0,0.0,0.0,0.5820974338161837,0.07249898061570206,0.07249898061570206,0.0,0.0,1.0,0,0,11440,560,0.04428063597605495,560000,46.666666666666664,0.47500000000000003,0.0,IsolationForest
0.9533333333333334,0.5,0.0,0.0,0.0,0.5820974338161837,0.07249898061570206,0.07249898061570206,0.0,0.0,1.0,0,0,11440,560,0.04428063597605495,560000,46.666666666666664,0.485,0.0,IsolationForest
0.9533333333333334,0.5,0.0,0.0,0.0,0.5820974338161837,0.07249898061570206,0.07249898061570206,0.0,0.0,1.0,0,0,11440,560,0.04428063597605495,560000,46.666666666666664,0.495,0.0,IsolationForest
0.9533333333333334,0.5,0.0,0.0,0.0,0.5820974338161837,0.07249898061570206,0.07249898061570206,0.0,0.0,1.0,0,0,11440,560,0.04428063597605495,560000,46.666666666666664,0.505,0.0,IsolationForest
0.9533333333333334,0.5,0.0,0.0,0.0,0.5820974338161837,0.07249898061570206,0.07249898061570206,0.0,0.0,1.0,0,0,11440,560,0.04428063597605495,560000,46.666666666666664,0.515,0.0,IsolationForest
0.9533333333333334,0.5,0.0,0.0,0.0,0.5820974338161837,0.07249898061570206,0.07249898061570206,0.0,0.0,1.0,0,0,11440,560,0.04428063597605495,560000,46.666666666666664,0.525,0.0,IsolationForest
0.9533333333333334,0.5,0.0,0.0,0.0,0.5820974338161837,0.07249898061570206,0.07249898061570206,0.0,0.0,1.0,0,0,11440,560,0.04428063597605495,560000,46.666666666666664,0.535,0.0,IsolationForest
0.9533333333333334,0.5,0.0,0.0,0.0,0.5820974338161837,0.07249898061570206,0.07249898061570206,0.0,0.0,1.0,0,0,11440,560,0.04428063597605495,560000,46.666666666666664,0.545,0.0,IsolationForest
0.9533333333333334,0.5,0.0,0.0,0.0,0.5820974338161837,0.07249898061570206,0.07249898061570206,0.0,0.0,1.0,0,0,11440,560,0.04428063597605495,560000,46.666666666666664,0.555,0.0,IsolationForest
0.9533333333333334,0.5,0.0,0.0,0.0,0.5820974338161837,0.07249898061570206,0.07249898061570206,0.0,0.0,1.0,0,0,11440,560,0.04428063597605495,560000,46.666666666666664,0.5650000000000001,0.0,IsolationForest
0.9533333333333334,0.5,0.0,0.0,0.0,0.5820974338161837,0.07249898061570206,0.07249898061570206,0.0,0.0,1.0,0,0,11440,560,0.04428063597605495,560000,46.666666666666664,0.5750000000000001,0.0,IsolationForest
0.9533333333333334,0.5,0.0,0.0,0.0,0.5820974338161837,0.07249898061570206,0.07249898061570206,0.0,0.0,1.0,0,0,11440,560,0.04428063597605495,560000,46.666666666666664,0.585,0.0,IsolationForest
0.9533333333333334,0.5,0.0,0.0,0.0,0.5820974338161837,0.07249898061570206,0.07249898061570206,0.0,0.0,1.0,0,0,11440,560,0.04428063597605495,560000,46.666666666666664,0.595,0.0,IsolationForest
0.9533333333333334,0.5,0.0,0.0,0.0,0.5820974338161837,0.07249898061570206,0.07249898061570206,0.0,0.0,1.0,0,0,11440,560,0.04428063597605495,560000,46.666666666666664,0.605,0.0,IsolationForest
0.9533333333333334,0.5,0.0,0.0,0.0,0.5820974338161837,0.07249898061570206,0.07249898061570206,0.0,0.0,1.0,0,0,11440,560,0.04428063597605495,560000,46.666666666666664,0.615,0.0,IsolationForest
0.9533333333333334,0.5,0.0,0.0,0.0,0.5820974338161837,0.07249898061570206,0.07249898061570206,0.0,0.0,1.0,0,0,11440,560,0.04428063597605495,560000,46.666666666666664,0.625,0.0,IsolationForest
0.9533333333333334,0.5,0.0,0.0,0.0,0.5820974338161837,0.07249898061570206,0.07249898061570206,0.0,0.0,1.0,0,0,11440,560,0.04428063597605495,560000,46.666666666666664,0.635,0.0,IsolationForest
0.9533333333333334,0.5,0.0,0.0,0.0,0.5820974338161837,0.07249898061570206,0.07249898061570206,0.0,0.0,1.0,0,0,11440,560,0.04428063597605495,560000,46.666666666666664,0.645,0.0,IsolationForest
0.9533333333333334,0.5,0.0,0.0,0.0,0.5820974338161837,0.07249898061570206,0.07249898061570206,0.0,0.0,1.0,0,0,11440,560,0.04428063597605495,560000,46.666666666666664,0.655,0.0,IsolationForest
0.9533333333333334,0.5,0.0,0.0,0.0,0.5820974338161837,0.07249898061570206,0.07249898061570206,0.0,0.0,1.0,0,0,11440,560,0.04428063597605495,560000,46.666666666666664,0.665,0.0,IsolationForest
0.9533333333333334,0.5,0.0,0.0,0.0,0.5820974338161837,0.07249898061570206,0.07249898061570206,0.0,0.0,1.0,0,0,11440,560,0.04428063597605495,560000,46.666666666666664,0.675,0.0,IsolationForest
0.9533333333333334,0.5,0.0,0.0,0.0,0.5820974338161837,0.07249898061570206,0.07249898061570206,0.0,0.0,1.0,0,0,11440,560,0.04428063597605495,560000,46.666666666666664,0.685,0.0,IsolationForest
0.9533333333333334,0.5,0.0,0.0,0.0,0.5820974338161837,0.07249898061570206,0.07249898061570206,0.0,0.0,1.0,0,0,11440,560,0.04428063597605495,560000,46.666666666666664,0.6950000000000001,0.0,IsolationForest
0.9533333333333334,0.5,0.0,0.0,0.0,0.5820974338161837,0.07249898061570206,0.07249898061570206,0.0,0.0,1.0,0,0,11440,560,0.04428063597605495,560000,46.666666666666664,0.7050000000000001,0.0,IsolationForest
0.9533333333333334,0.5,0.0,0.0,0.0,0.5820974338161837,0.07249898061570206,0.07249898061570206,0.0,0.0,1.0,0,0,11440,560,0.04428063597605495,560000,46.666666666666664,0.715,0.0,IsolationForest
0.9533333333333334,0.5,0.0,0.0,0.0,0.5820974338161837,0.07249898061570206,0.07249898061570206,0.0,0.0,1.0,0,0,11440,560,0.04428063597605495,560000,46.666666666666664,0.725,0.0,IsolationForest
0.9533333333333334,0.5,0.0,0.0,0.0,0.5820974338161837,0.07249898061570206,0.07249898061570206,0.0,0.0,1.0,0,0,11440,560,0.04428063597605495,560000,46.666666666666664,0.735,0.0,IsolationForest
0.9533333333333334,0.5,0.0,0.0,0.0,0.5820974338161837,0.07249898061570206,0.07249898061570206,0.0,0.0,1.0,0,0,11440,560,0.04428063597605495,560000,46.666666666666664,0.745,0.0,IsolationForest
0.9533333333333334,0.5,0.0,0.0,0.0,0.5820974338161837,0.07249898061570206,0.07249898061570206,0.0,0.0,1.0,0,0,11440,560,0.04428063597605495,560000,46.666666666666664,0.755,0.0,IsolationForest
0.9533333333333334,0.5,0.0,0.0,0.0,0.5820974338161837,0.07249898061570206,0.07249898061570206,0.0,0.0,1.0,0,0,11440,560,0.04428063597605495,560000,46.666666666666664,0.765,0.0,IsolationForest
0.9533333333333334,0.5,0.0,0.0,0.0,0.5820974338161837,0.07249898061570206,0.07249898061570206,0.0,0.0,1.0,0,0,11440,560,0.04428063597605495,560000,46.666666666666664,0.775,0.0,IsolationForest
0.9533333333333334,0.5,0.0,0.0,0.0,0.5820974338161837,0.07249898061570206,0.07249898061570206,0.0,0.0,1.0,0,0,11440,560,0.04428063597605495,560000,46.666666666666664,0.785,0.0,IsolationForest
0.9533333333333334,0.5,0.0,0.0,0.0,0.5820974338161837,0.07249898061570206,0.07249898061570206,0.0,0.0,1.0,0,0,11440,560,0.04428063597605495,560000,46.666666666666664,0.795,0.0,IsolationForest
0.9533333333333334,0.5,0.0,0.0,0.0,0.5820974338161837,0.07249898061570206,0.07249898061570206,0.0,0.0,1.0,0,0,11440,560,0.04428063597605495,560000,46.666666666666664,0.805,0.0,IsolationForest
0.9533333333333334,0.5,0.0,0.0,0.0,0.5820974338161837,0.07249898061570206,0.07249898061570206,0.0,0.0,1.0,0,0,11440,560,0.04428063597605495,560000,46.666666666666664,0.8150000000000001,0.0,IsolationForest
0.9533333333333334,0.5,0.0,0.0,0.0,0.5820974338161837,0.07249898061570206,0.07249898061570206,0.0,0.0,1.0,0,0,11440,560,0.04428063597605495,560000,46.666666666666664,0.8250000000000001,0.0,IsolationForest
0.9533333333333334,0.5,0.0,0.0,0.0,0.5820974338161837,0.07249898061570206,0.07249898061570206,0.0,0.0,1.0,0,0,11440,560,0.04428063597605495,560000,46.666666666666664,0.8350000000000001,0.0,IsolationForest
0.9533333333333334,0.5,0.0,0.0,0.0,0.5820974338161837,0.07249898061570206,0.07249898061570206,0.0,0.0,1.0,0,0,11440,560,0.04428063597605495,560000,46.666666666666664,0.845,0.0,IsolationForest
0.9533333333333334,0.5,0.0,0.0,0.0,0.5820974338161837,0.07249898061570206,0.07249898061570206,0.0,0.0,1.0,0,0,11440,560,0.04428063597605495,560000,46.666666666666664,0.855,0.0,IsolationForest
0.9533333333333334,0.5,0.0,0.0,0.0,0.5820974338161837,0.07249898061570206,0.07249898061570206,0.0,0.0,1.0,0,0,11440,560,0.04428063597605495,560000,46.666666666666664,0.865,0.0,IsolationForest
0.9533333333333334,0.5,0.0,0.0,0.0,0.5820974338161837,0.07249898061570206,0.07249898061570206,0.0,0.0,1.0,0,0,11440,560,0.04428063597605495,560000,46.666666666666664,0.875,0.0,IsolationForest
0.9533333333333334,0.5,0.0,0.0,0.0,0.5820974338161837,0.07249898061570206,0.07249898061570206,0.0,0.0,1.0,0,0,11440,560,0.04428063597605495,560000,46.666666666666664,0.885,0.0,IsolationForest
0.9533333333333334,0.5,0.0,0.0,0.0,0.5820974338161837,0.07249898061570206,0.07249898061570206,0.0,0.0,1.0,0,0,11440,560,0.04428063597605495,560000,46.666666666666664,0.895,0.0,IsolationForest
0.9533333333333334,0.5,0.0,0.0,0.0,0.5820974338161837,0.07249898061570206,0.07249898061570206,0.0,0.0,1.0,0,0,11440,560,0.04428063597605495,560000,46.666666666666664,0.905,0.0,IsolationForest
0.9533333333333334,0.5,0.0,0.0,0.0,0.5820974338161837,0.07249898061570206,0.07249898061570206,0.0,0.0,1.0,0,0,11440,560,0.04428063597605495,560000,46.666666666666664,0.915,0.0,IsolationForest
0.9533333333333334,0.5,0.0,0.0,0.0,0.5820974338161837,0.07249898061570206,0.07249898061570206,0.0,0.0,1.0,0,0,11440,560,0.04428063597605495,560000,46.666666666666664,0.925,0.0,IsolationForest
0.9533333333333334,0.5,0.0,0.0,0.0,0.5820974338161837,0.07249898061570206,0.07249898061570206,0.0,0.0,1.0,0,0,11440,560,0.04428063597605495,560000,46.666666666666664,0.935,0.0,IsolationForest
0.9533333333333334,0.5,0.0,0.0,0.0,0.5820974338161837,0.07249898061570206,0.07249898061570206,0.0,0.0,1.0,0,0,11440,560,0.04428063597605495,560000,46.666666666666664,0.9450000000000001,0.0,IsolationForest
0.9533333333333334,0.5,0.0,0.0,0.0,0.5820974338161837,0.07249898061570206,0.07249898061570206,0.0,0.0,1.0,0,0,11440,560,0.04428063597605495,560000,46.666666666666664,0.9550000000000001,0.0,IsolationForest
0.9533333333333334,0.5,0.0,0.0,0.0,0.5820974338161837,0.07249898061570206,0.07249898061570206,0.0,0.0,1.0,0,0,11440,560,0.04428063597605495,560000,46.666666666666664,0.965,0.0,IsolationForest
0.9533333333333334,0.5,0.0,0.0,0.0,0.5820974338161837,0.07249898061570206,0.07249898061570206,0.0,0.0,1.0,0,0,11440,560,0.04428063597605495,560000,46.666666666666664,0.975,0.0,IsolationForest
0.9533333333333334,0.5,0.0,0.0,0.0,0.5820974338161837,0.07249898061570206,0.07249898061570206,0.0,0.0,1.0,0,0,11440,560,0.04428063597605495,560000,46.666666666666664,0.985,0.0,IsolationForest
0.9533333333333334,0.5,0.0,0.0,0.0,0.5820974338161837,0.07249898061570206,0.07249898061570206,0.0,0.0,1.0,0,0,11440,560,0.04428063597605495,560000,46.666666666666664,0.995,0.0,IsolationForest
0.9533333333333334,0.5,0.0,0.0,0.0,0.5820974338161837,0.07249898061570206,0.07249898061570206,0.0,0.0,1.0,0,0,11440,560,0.04428063597605495,560000,46.666666666666664,1.000001,0.0,IsolationForest
0.04666666666666667,0.5,0.04666666666666667,1.0,0.089171974522293,0.7619891046453546,0.21086386230195384,0.21086386230195384,0.0,1.0,0.0,560,11440,0,0,0.03997574260521695,228800,19.066666666666666,0.0,1.0,Hybrid_RulesSupervised
0.05541666666666667,0.49949425574425577,0.04662122359673483,0.9892857142857143,0.08904604998794502,0.7619891046453546,0.21086386230195384,0.21086386230195384,-0.002171260845160061,0.9902972027972028,0.010714285714285714,554,11329,111,6,0.03997574260521695,232580,19.381666666666668,0.005,0.99025,Hybrid_RulesSupervised
0.05541666666666667,0.49949425574425577,0.04662122359673483,0.9892857142857143,0.08904604998794502,0.7619891046453546,0.21086386230195384,0.21086386230195384,-0.002171260845160061,0.9902972027972028,0.010714285714285714,554,11329,111,6,0.03997574260521695,232580,19.381666666666668,0.006593406593406593,0.99025,Hybrid_RulesSupervised
0.10575,0.5224962537462537,0.04879779966285157,0.9821428571428571,0.0929760797903812,0.7619891046453546,0.21086386230195384,0.21086386230195384,0.03972850606569545,0.9371503496503496,0.017857142857142856,550,10721,719,10,0.03997574260521695,224420,18.701666666666668,0.015,0.93925,Hybrid_RulesSupervised
0.10575,0.5224962537462537,0.04879779966285157,0.9821428571428571,0.0929760797903812,0.7619891046453546,0.21086386230195384,0.21086386230195384,0.03972850606569545,0.9371503496503496,0.017857142857142856,550,10721,719,10,0.03997574260521695,224420,18.701666666666668,0.0160857908847185,0.93925,Hybrid_RulesSupervised
0.24241666666666667,0.5703983516483516,0.05451697127937337,0.9321428571428572,0.10300937345831278,0.7619891046453546,0.21086386230195384,0.21086386230195384,0.07395614223357946,0.7913461538461538,0.06785714285714285,522,9053,2387,38,0.03997574260521695,219060,18.255,0.016877637130801686,0.7979166666666667,Hybrid_RulesSupervised
0.3275,0.6039835164835164,0.05968574108818011,0.9089285714285714,0.11201584507042253,0.7619891046453546,0.21086386230195384,0.21086386230195384,0.09673598707900338,0.7009615384615384,0.09107142857142857,509,8019,3421,51,0.03997574260521695,211380,17.615,0.02106084243369735,0.7106666666666667,Hybrid_RulesSupervised
0.426,0.6284715284715284,0.06550398242241143,0.8517857142857143,0.12165263963274676,0.7619891046453546,0.21086386230195384,0.21086386230195384,0.1109531424404958,0.5948426573426573,0.14821428571428572,477,6805,4635,83,0.03997574260521695,219100,18.258333333333333,0.02185792349726776,0.6068333333333333,Hybrid_RulesSupervised
0.4533333333333333,0.6368631368631369,0.06772334293948126,0.8392857142857143,0.12533333333333332,0.7619891046453546,0.21086386230195384,0.21086386230195384,0.11691453788852316,0.5655594405594405,0.16071428571428573,470,6470,4970,90,0.03997574260521695,219400,18.283333333333335,0.023622047244094488,0.5783333333333334,Hybrid_RulesSupervised
0.46308333333333335,0.637731018981019,0.06825187142228094,0.8303571428571429,0.126135901261359,0.7619891046453546,0.21086386230195384,0.21086386230195384,0.11728472759203343,0.5548951048951049,0.16964285714285715,465,6348,5092,95,0.03997574260521695,221960,18.496666666666666,0.025,0.56775,Hybrid_RulesSupervised
0.46308333333333335,0.637731018981019,0.06825187142228094,0.8303571428571429,0.126135901261359,0.7619891046453546,0.21086386230195384,0.21086386230195384,0.11728472759203343,0.5548951048951049,0.16964285714285715,465,6348,5092,95,0.03997574260521695,221960,18.496666666666666,0.02515177797051171,0.56775,Hybrid_RulesSupervised
0.56075,0.6685751748251748,0.07884856070087609,0.7875,0.14334470989761092,0.7619891046453546,0.21086386230195384,0.21086386230195384,0.14255447941889718,0.45034965034965035,0.2125,441,5152,6288,119,0.03997574260521695,222040,18.503333333333334,0.027317880794701987,0.46608333333333335,Hybrid_RulesSupervised
0.6525,0.6886738261738261,0.0921825576140985,0.7285714285714285,0.16365824308062574,0.7619891046453546,0.21086386230195384,0.21086386230195384,0.1649606362221379,0.3512237762237762,0.2714285714285714,408,4018,7422,152,0.03997574260521695,232360,19.363333333333333,0.027777777777777776,0.36883333333333335,Hybrid_RulesSupervised
0.7063333333333334,0.6999250749250749,0.10374331550802139,0.6928571428571428,0.18046511627906978,0.7619891046453546,0.21086386230195384,0.21086386230195384,0.18208680017323325,0.293006993006993,0.30714285714285716,388,3352,8088,172,0.03997574260521695,239040,19.92,0.03498542274052478,0.31166666666666665,Hybrid_RulesSupervised
0.727,0.6997252747252747,0.10819388343912291,0.6696428571428571,0.1862891207153502,0.7619891046453546,0.21086386230195384,0.21086386230195384,0.18590002584700996,0.2701923076923077,0.33035714285714285,375,3091,8349,185,0.03997574260521695,246820,20.56833333333333,0.034999999999999996,0.28883333333333333,Hybrid_RulesSupervised
0.7271666666666666,0.6998126873126873,0.10825635103926097,0.6696428571428571,0.1863817097415507,0.7619891046453546,0.21086386230195384,0.21086386230195384,0.18601327419776797,0.27001748251748253,0.33035714285714285,375,3089,8351,185,0.03997574260521695,246780,20.565,0.036585365853658534,0.2886666666666667,Hybrid_RulesSupervised
0.7461666666666666,0.7021353646353646,0.11373523927905531,0.6535714285714286,0.1937533086289042,0.7619891046453546,0.21086386230195384,0.21086386230195384,0.19248176278900755,0.2493006993006993,0.3464285714285714,366,2852,8588,194,0.03997574260521695,251040,20.92,0.04149377593360996,0.26816666666666666,Hybrid_RulesSupervised
0.7933333333333333,0.6988511488511489,0.12877030162412992,0.5946428571428571,0.21169739351557532,0.7619891046453546,0.21086386230195384,0.21086386230195384,0.20401578399145173,0.19694055944055944,0.40535714285714286,333,2253,9187,227,0.03997574260521695,272060,22.671666666666667,0.045,0.2155,Hybrid_RulesSupervised
0.7935,0.6989385614385615,0.12886996904024767,0.5946428571428571,0.21183206106870228,0.7619891046453546,0.21086386230195384,0.21086386230195384,0.2041627538061593,0.19676573426573427,0.40535714285714286,333,2251,9189,227,0.03997574260521695,272020,22.668333333333333,0.048,0.21533333333333332,Hybrid_RulesSupervised
0.8020833333333334,0.6991945554445554,0.13273978146499393,0.5857142857142857,0.2164302210491587,0.7619891046453546,0.21086386230195384,0.21086386230195384,0.20780426123812581,0.18732517482517483,0.4142857142857143,328,2143,9297,232,0.03997574260521695,274860,22.905,0.049800796812749,0.20591666666666666,Hybrid_RulesSupervised
0.8385,0.6987637362637362,0.153420523138833,0.5446428571428571,0.23940345368916796,0.7619891046453546,0.21086386230195384,0.21086386230195384,0.2255306453870927,0.14711538461538462,0.45535714285714285,305,1683,9757,255,0.03997574260521695,288660,24.055,0.055,0.16566666666666666,Hybrid_RulesSupervised
0.8385,0.6987637362637362,0.153420523138833,0.5446428571428571,0.23940345368916796,0.7619891046453546,0.21086386230195384,0.21086386230195384,0.2255306453870927,0.14711538461538462,0.45535714285714285,305,1683,9757,255,0.03997574260521695,288660,24.055,0.065,0.16566666666666666,Hybrid_RulesSupervised
0.8385,0.6987637362637362,0.153420523138833,0.5446428571428571,0.23940345368916796,0.7619891046453546,0.21086386230195384,0.21086386230195384,0.2255306453870927,0.14711538461538462,0.45535714285714285,305,1683,9757,255,0.03997574260521695,288660,24.055,0.06597938144329896,0.16566666666666666,Hybrid_RulesSupervised
0.8731666666666666,0.6906218781218781,0.1814569536423841,0.48928571428571427,0.26473429951690824,0.7619891046453546,0.21086386230195384,0.21086386230195384,0.2424563415814793,0.10804195804195804,0.5107142857142857,274,1236,10204,286,0.03997574260521695,310720,25.893333333333334,0.07500000000000001,0.12583333333333332,Hybrid_RulesSupervised
0.8733333333333333,0.6907092907092907,0.1816976127320955,0.48928571428571427,0.26499032882011603,0.7619891046453546,0.21086386230195384,0.21086386230195384,0.24270518844270503,0.10786713286713287,0.5107142857142857,274,1234,10206,286,0.03997574260521695,310680,25.89,0.085,0.12566666666666668,Hybrid_RulesSupervised
0.8734166666666666,0.690752997002997,0.18181818181818182,0.48928571428571427,0.26511852926947266,0.7619891046453546,0.21086386230195384,0.21086386230195384,0.24282977020609622,0.10777972027972028,0.5107142857142857,274,1233,10207,286,0.03997574260521695,310660,25.888333333333332,0.09235668789808917,0.12558333333333332,Hybrid_RulesSupervised
0.89425,0.6880931568431569,0.21061224489795918,0.4607142857142857,0.2890756302521008,0.7619891046453546,0.21086386230195384,0.21086386230195384,0.2620796699045223,0.08452797202797203,0.5392857142857143,258,967,10473,302,0.03997574260521695,321340,26.778333333333332,0.095,0.10208333333333333,Hybrid_RulesSupervised
0.8943333333333333,0.6881368631368632,0.2107843137254902,0.4607142857142857,0.289237668161435,0.7619891046453546,0.21086386230195384,0.21086386230195384,0.26223546137118176,0.08444055944055943,0.5392857142857143,258,966,10474,302,0.03997574260521695,321320,26.776666666666667,0.0962962962962963,0.102,Hybrid_RulesSupervised
0.9068333333333334,0.6862012987012986,0.23529411764705882,0.44285714285714284,0.30731102850061953,0.7619891046453546,0.21086386230195384,0.21086386230195384,0.27750556695178835,0.07045454545454545,0.5571428571428572,248,806,10634,312,0.03997574260521695,328120,27.343333333333334,0.1,0.08783333333333333,Hybrid_RulesSupervised
0.9073333333333333,0.6847652347652348,0.23563218390804597,0.4392857142857143,0.30673316708229426,0.7619891046453546,0.21086386230195384,0.21086386230195384,0.27655468396241234,0.06975524475524475,0.5607142857142857,246,798,10642,314,0.03997574260521695,329960,27.496666666666666,0.100418410041841,0.087,Hybrid_RulesSupervised
0.9218333333333333,0.6762362637362638,0.27283653846153844,0.40535714285714286,0.3261494252873563,0.7619891046453546,0.21086386230195384,0.21086386230195384,0.2926731842560967,0.052884615384615384,0.5946428571428571,227,605,10835,333,0.03997574260521695,345100,28.758333333333333,0.10500000000000001,0.06933333333333333,Hybrid_RulesSupervised
0.9225833333333333,0.6749313186813186,0.27472527472527475,0.4017857142857143,0.3263234227701233,0.7619891046453546,0.21086386230195384,0.21086386230195384,0.29263233774904435,0.051923076923076926,0.5982142857142857,225,594,10846,335,0.03997574260521695,346880,28.906666666666666,0.115,0.06825,Hybrid_RulesSupervised
0.9225833333333333,0.6749313186813186,0.27472527472527475,0.4017857142857143,0.3263234227701233,0.7619891046453546,0.21086386230195384,0.21086386230195384,0.29263233774904435,0.051923076923076926,0.5982142857142857,225,594,10846,335,0.03997574260521695,346880,28.906666666666666,0.125,0.06825,Hybrid_RulesSupervised
0.9226666666666666,0.674975024975025,0.27506112469437655,0.4017857142857143,0.3265602322206096,0.7619891046453546,0.21086386230195384,0.21086386230195384,0.2928712155754775,0.05183566433566433,0.5982142857142857,225,593,10847,335,0.03997574260521695,346860,28.905,0.135,0.06816666666666667,Hybrid_RulesSupervised
0.9226666666666666,0.674975024975025,0.27506112469437655,0.4017857142857143,0.3265602322206096,0.7619891046453546,0.21086386230195384,0.21086386230195384,0.2928712155754775,0.05183566433566433,0.5982142857142857,225,593,10847,335,0.03997574260521695,346860,28.905,0.14500000000000002,0.06816666666666667,Hybrid_RulesSupervised
0.9225833333333333,0.6740821678321678,0.2741738066095471,0.4,0.32534495279593323,0.7619891046453546,0.21086386230195384,0.21086386230195384,0.2915419920913235,0.05183566433566433,0.6,224,593,10847,336,0.03997574260521695,347860,28.988333333333333,0.155,0.06808333333333333,Hybrid_RulesSupervised
0.9225833333333333,0.6740821678321678,0.2741738066095471,0.4,0.32534495279593323,0.7619891046453546,0.21086386230195384,0.21086386230195384,0.2915419920913235,0.05183566433566433,0.6,224,593,10847,336,0.03997574260521695,347860,28.988333333333333,0.165,0.06808333333333333,Hybrid_RulesSupervised
0.9225833333333333,0.6740821678321678,0.2741738066095471,0.4,0.32534495279593323,0.7619891046453546,0.21086386230195384,0.21086386230195384,0.2915419920913235,0.05183566433566433,0.6,224,593,10847,336,0.03997574260521695,347860,28.988333333333333,0.1694915254237288,0.06808333333333333,Hybrid_RulesSupervised
0.9290833333333334,0.6673014485514486,0.2965034965034965,0.37857142857142856,0.3325490196078431,0.7619891046453546,0.21086386230195384,0.21086386230195384,0.29814869998283006,0.04396853146853147,0.6214285714285714,212,503,10937,348,0.03997574260521695,358060,29.838333333333335,0.17500000000000002,0.059583333333333335,Hybrid_RulesSupervised
0.9290833333333334,0.6673014485514486,0.2965034965034965,0.37857142857142856,0.3325490196078431,0.7619891046453546,0.21086386230195384,0.21086386230195384,0.29814869998283006,0.04396853146853147,0.6214285714285714,212,503,10937,348,0.03997574260521695,358060,29.838333333333335,0.185,0.059583333333333335,Hybrid_RulesSupervised
0.9290833333333334,0.6673014485514486,0.2965034965034965,0.37857142857142856,0.3325490196078431,0.7619891046453546,0.21086386230195384,0.21086386230195384,0.29814869998283006,0.04396853146853147,0.6214285714285714,212,503,10937,348,0.03997574260521695,358060,29.838333333333335,0.195,0.059583333333333335,Hybrid_RulesSupervised
0.9290833333333334,0.6673014485514486,0.2965034965034965,0.37857142857142856,0.3325490196078431,0.7619891046453546,0.21086386230195384,0.21086386230195384,0.29814869998283006,0.04396853146853147,0.6214285714285714,212,503,10937,348,0.03997574260521695,358060,29.838333333333335,0.20500000000000002,0.059583333333333335,Hybrid_RulesSupervised
0.9295833333333333,0.6633179320679321,0.296137339055794,0.36964285714285716,0.32883240667196184,0.7619891046453546,0.21086386230195384,0.21086386230195384,0.2941533971029619,0.043006993006993004,0.6303571428571428,207,492,10948,353,0.03997574260521695,362840,30.236666666666668,0.215,0.05825,Hybrid_RulesSupervised
0.9355,0.6553821178821179,0.3222591362126246,0.3464285714285714,0.3339070567986231,0.7619891046453546,0.21086386230195384,0.21086386230195384,0.3002793631378499,0.03566433566433566,0.6535714285714286,194,408,11032,366,0.03997574260521695,374160,31.18,0.225,0.050166666666666665,Hybrid_RulesSupervised
0.9355833333333333,0.6554258241758242,0.3227953410981697,0.3464285714285714,0.33419465977605506,0.7619891046453546,0.21086386230195384,0.21086386230195384,0.300600423110299,0.035576923076923075,0.6535714285714286,194,407,11033,366,0.03997574260521695,374140,31.178333333333335,0.23500000000000001,0.050083333333333334,Hybrid_RulesSupervised
0.9355833333333333,0.6554258241758242,0.3227953410981697,0.3464285714285714,0.33419465977605506,0.7619891046453546,0.21086386230195384,0.21086386230195384,0.300600423110299,0.035576923076923075,0.6535714285714286,194,407,11033,366,0.03997574260521695,374140,31.178333333333335,0.2361111111111111,0.050083333333333334,Hybrid_RulesSupervised
0.9405833333333333,0.6308753746253747,0.33962264150943394,0.2892857142857143,0.3124397299903568,0.7619891046453546,0.21086386230195384,0.21086386230195384,0.2825875269735352,0.027534965034965036,0.7107142857142857,162,315,11125,398,0.03997574260521695,404300,33.69166666666667,0.245,0.03975,Hybrid_RulesSupervised
0.9405,0.6299825174825175,0.3382352941176471,0.2875,0.3108108108108108,0.7619891046453546,0.21086386230195384,0.21086386230195384,0.2809421258190073,0.027534965034965036,0.7125,161,315,11125,399,0.03997574260521695,405300,33.775,0.255,0.03966666666666667,Hybrid_RulesSupervised
0.9405833333333333,0.6300262237762237,0.3389473684210526,0.2875,0.3111111111111111,0.7619891046453546,0.21086386230195384,0.21086386230195384,0.28132005878744865,0.027447552447552447,0.7125,161,314,11126,399,0.03997574260521695,405280,33.77333333333333,0.25882352941176473,0.03958333333333333,Hybrid_RulesSupervised
0.9434166666666667,0.6153783716283716,0.3523573200992556,0.25357142857142856,0.29491173416407057,0.7619891046453546,0.21086386230195384,0.21086386230195384,0.270169348230744,0.022814685314685314,0.7464285714285714,142,261,11179,418,0.03997574260521695,423220,35.26833333333333,0.265,0.03358333333333333,Hybrid_RulesSupervised
0.9434166666666667,0.6153783716283716,0.3523573200992556,0.25357142857142856,0.29491173416407057,0.7619891046453546,0.21086386230195384,0.21086386230195384,0.270169348230744,0.022814685314685314,0.7464285714285714,142,261,11179,418,0.03997574260521695,423220,35.26833333333333,0.275,0.03358333333333333,Hybrid_RulesSupervised
0.9434166666666667,0.6153783716283716,0.3523573200992556,0.25357142857142856,0.29491173416407057,0.7619891046453546,0.21086386230195384,0.21086386230195384,0.270169348230744,0.022814685314685314,0.7464285714285714,142,261,11179,418,0.03997574260521695,423220,35.26833333333333,0.28500000000000003,0.03358333333333333,Hybrid_RulesSupervised
0.9434166666666667,0.6153783716283716,0.3523573200992556,0.25357142857142856,0.29491173416407057,0.7619891046453546,0.21086386230195384,0.21086386230195384,0.270169348230744,0.022814685314685314,0.7464285714285714,142,261,11179,418,0.03997574260521695,423220,35.26833333333333,0.295,0.03358333333333333,Hybrid_RulesSupervised
0.9434166666666667,0.6153783716283716,0.3523573200992556,0.25357142857142856,0.29491173416407057,0.7619891046453546,0.21086386230195384,0.21086386230195384,0.270169348230744,0.022814685314685314,0.7464285714285714,142,261,11179,418,0.03997574260521695,423220,35.26833333333333,0.305,0.03358333333333333,Hybrid_RulesSupervised
0.9434166666666667,0.6153783716283716,0.3523573200992556,0.25357142857142856,0.29491173416407057,0.7619891046453546,0.21086386230195384,0.21086386230195384,0.270169348230744,0.022814685314685314,0.7464285714285714,142,261,11179,418,0.03997574260521695,423220,35.26833333333333,0.315,0.03358333333333333,Hybrid_RulesSupervised
0.9434166666666667,0.6153783716283716,0.3523573200992556,0.25357142857142856,0.29491173416407057,0.7619891046453546,0.21086386230195384,0.21086386230195384,0.270169348230744,0.022814685314685314,0.7464285714285714,142,261,11179,418,0.03997574260521695,423220,35.26833333333333,0.325,0.03358333333333333,Hybrid_RulesSupervised
0.94475,0.6084353146853146,0.3604336043360434,0.2375,0.2863293864370291,0.7619891046453546,0.21086386230195384,0.21086386230195384,0.26496350165102617,0.02062937062937063,0.7625,133,236,11204,427,0.03997574260521695,431720,35.97666666666667,0.335,0.03075,Hybrid_RulesSupervised
0.94475,0.6084353146853146,0.3604336043360434,0.2375,0.2863293864370291,0.7619891046453546,0.21086386230195384,0.21086386230195384,0.26496350165102617,0.02062937062937063,0.7625,133,236,11204,427,0.03997574260521695,431720,35.97666666666667,0.34285714285714286,0.03075,Hybrid_RulesSupervised
0.9501666666666667,0.5509865134865135,0.38271604938271603,0.11071428571428571,0.17174515235457063,0.7619891046453546,0.21086386230195384,0.21086386230195384,0.1863784354592287,0.008741258741258742,0.8892857142857142,62,100,11340,498,0.03997574260521695,500000,41.666666666666664,0.34500000000000003,0.0135,Hybrid_RulesSupervised
0.9501666666666667,0.5509865134865135,0.38271604938271603,0.11071428571428571,0.17174515235457063,0.7619891046453546,0.21086386230195384,0.21086386230195384,0.1863784354592287,0.008741258741258742,0.8892857142857142,62,100,11340,498,0.03997574260521695,500000,41.666666666666664,0.35500000000000004,0.0135,Hybrid_RulesSupervised
0.9501666666666667,0.5509865134865135,0.38271604938271603,0.11071428571428571,0.17174515235457063,0.7619891046453546,0.21086386230195384,0.21086386230195384,0.1863784354592287,0.008741258741258742,0.8892857142857142,62,100,11340,498,0.03997574260521695,500000,41.666666666666664,0.365,0.0135,Hybrid_RulesSupervised
0.9501666666666667,0.5509865134865135,0.38271604938271603,0.11071428571428571,0.17174515235457063,0.7619891046453546,0.21086386230195384,0.21086386230195384,0.1863784354592287,0.008741258741258742,0.8892857142857142,62,100,11340,498,0.03997574260521695,500000,41.666666666666664,0.375,0.0135,Hybrid_RulesSupervised
0.95025,0.5510302197802198,0.38509316770186336,0.11071428571428571,0.17198335644937587,0.7619891046453546,0.21086386230195384,0.21086386230195384,0.18710871314351238,0.008653846153846154,0.8892857142857142,62,99,11341,498,0.03997574260521695,499980,41.665,0.385,0.013416666666666667,Hybrid_RulesSupervised
0.95025,0.5510302197802198,0.38509316770186336,0.11071428571428571,0.17198335644937587,0.7619891046453546,0.21086386230195384,0.21086386230195384,0.18710871314351238,0.008653846153846154,0.8892857142857142,62,99,11341,498,0.03997574260521695,499980,41.665,0.395,0.013416666666666667,Hybrid_RulesSupervised
0.9503333333333334,0.551073926073926,0.3875,0.11071428571428571,0.17222222222222222,0.7619891046453546,0.21086386230195384,0.21086386230195384,0.18784533857237773,0.008566433566433567,0.8892857142857142,62,98,11342,498,0.03997574260521695,499960,41.663333333333334,0.405,0.013333333333333334,Hybrid_RulesSupervised
0.95025,0.5501810689310689,0.3836477987421384,0.10892857142857143,0.16968011126564672,0.7619891046453546,0.21086386230195384,0.21086386230195384,0.18513314413772736,0.008566433566433567,0.8910714285714286,61,98,11342,499,0.03997574260521695,500960,41.74666666666667,0.41500000000000004,0.01325,Hybrid_RulesSupervised
0.95025,0.5501810689310689,0.3836477987421384,0.10892857142857143,0.16968011126564672,0.7619891046453546,0.21086386230195384,0.21086386230195384,0.18513314413772736,0.008566433566433567,0.8910714285714286,61,98,11342,499,0.03997574260521695,500960,41.74666666666667,0.425,0.01325,Hybrid_RulesSupervised
0.95025,0.5501810689310689,0.3836477987421384,0.10892857142857143,0.16968011126564672,0.7619891046453546,0.21086386230195384,0.21086386230195384,0.18513314413772736,0.008566433566433567,0.8910714285714286,61,98,11342,499,0.03997574260521695,500960,41.74666666666667,0.42696629213483145,0.01325,Hybrid_RulesSupervised
0.9533333333333334,0.5118881118881119,0.5,0.025,0.047619047619047616,0.7619891046453546,0.21086386230195384,0.21086386230195384,0.10394115431432939,0.0012237762237762239,0.975,14,14,11426,546,0.03997574260521695,546280,45.52333333333333,0.435,0.0023333333333333335,Hybrid_RulesSupervised
0.9534166666666667,0.5119318181818182,0.5185185185185185,0.025,0.04770017035775128,0.7619891046453546,0.21086386230195384,0.21086386230195384,0.10623320276723244,0.0011363636363636363,0.975,14,13,11427,546,0.03997574260521695,546260,45.52166666666667,0.445,0.00225,Hybrid_RulesSupervised
0.9533333333333334,0.5110389610389611,0.5,0.023214285714285715,0.04436860068259386,0.7619891046453546,0.21086386230195384,0.21086386230195384,0.10015183733439188,0.0011363636363636363,0.9767857142857143,13,13,11427,547,0.03997574260521695,547260,45.605,0.455,0.0021666666666666666,Hybrid_RulesSupervised
0.9533333333333334,0.5110389610389611,0.5,0.023214285714285715,0.04436860068259386,0.7619891046453546,0.21086386230195384,0.21086386230195384,0.10015183733439188,0.0011363636363636363,0.9767857142857143,13,13,11427,547,0.03997574260521695,547260,45.605,0.465,0.0021666666666666666,Hybrid_RulesSupervised
0.9533333333333334,0.5110389610389611,0.5,0.023214285714285715,0.04436860068259386,0.7619891046453546,0.21086386230195384,0.21086386230195384,0.10015183733439188,0.0011363636363636363,0.9767857142857143,13,13,11427,547,0.03997574260521695,547260,45.605,0.47500000000000003,0.0021666666666666666,Hybrid_RulesSupervised
0.9533333333333334,0.5110389610389611,0.5,0.023214285714285715,0.04436860068259386,0.7619891046453546,0.21086386230195384,0.21086386230195384,0.10015183733439188,0.0011363636363636363,0.9767857142857143,13,13,11427,547,0.03997574260521695,547260,45.605,0.485,0.0021666666666666666,Hybrid_RulesSupervised
0.9534166666666667,0.5110826673326673,0.52,0.023214285714285715,0.04444444444444444,0.7619891046453546,0.21086386230195384,0.21086386230195384,0.1025353346699313,0.001048951048951049,0.9767857142857143,13,12,11428,547,0.03997574260521695,547240,45.60333333333333,0.495,0.0020833333333333333,Hybrid_RulesSupervised
0.9535833333333333,0.5111700799200799,0.5652173913043478,0.023214285714285715,0.044596912521440824,0.7619891046453546,0.21086386230195384,0.21086386230195384,0.10773463857539986,0.0008741258741258741,0.9767857142857143,13,10,11430,547,0.03997574260521695,547200,45.6,0.505,0.0019166666666666666,Hybrid_RulesSupervised
0.9535833333333333,0.5111700799200799,0.5652173913043478,0.023214285714285715,0.044596912521440824,0.7619891046453546,0.21086386230195384,0.21086386230195384,0.10773463857539986,0.0008741258741258741,0.9767857142857143,13,10,11430,547,0.03997574260521695,547200,45.6,0.515,0.0019166666666666666,Hybrid_RulesSupervised
0.9535833333333333,0.5111700799200799,0.5652173913043478,0.023214285714285715,0.044596912521440824,0.7619891046453546,0.21086386230195384,0.21086386230195384,0.10773463857539986,0.0008741258741258741,0.9767857142857143,13,10,11430,547,0.03997574260521695,547200,45.6,0.525,0.0019166666666666666,Hybrid_RulesSupervised
0.9535833333333333,0.5111700799200799,0.5652173913043478,0.023214285714285715,0.044596912521440824,0.7619891046453546,0.21086386230195384,0.21086386230195384,0.10773463857539986,0.0008741258741258741,0.9767857142857143,13,10,11430,547,0.03997574260521695,547200,45.6,0.535,0.0019166666666666666,Hybrid_RulesSupervised
0.9533333333333334,0.5008491508491508,0.5,0.0017857142857142857,0.0035587188612099642,0.7619891046453546,0.21086386230195384,0.21086386230195384,0.02774932625154478,8.741258741258741e-05,0.9982142857142857,1,1,11439,559,0.03997574260521695,559020,46.585,0.545,0.00016666666666666666,Hybrid_RulesSupervised
0.9533333333333334,0.5008491508491508,0.5,0.0017857142857142857,0.0035587188612099642,0.7619891046453546,0.21086386230195384,0.21086386230195384,0.02774932625154478,8.741258741258741e-05,0.9982142857142857,1,1,11439,559,0.03997574260521695,559020,46.585,0.555,0.00016666666666666666,Hybrid_RulesSupervised
0.9533333333333334,0.5008491508491508,0.5,0.0017857142857142857,0.0035587188612099642,0.7619891046453546,0.21086386230195384,0.21086386230195384,0.02774932625154478,8.741258741258741e-05,0.9982142857142857,1,1,11439,559,0.03997574260521695,559020,46.585,0.5650000000000001,0.00016666666666666666,Hybrid_RulesSupervised
0.9533333333333334,0.5008491508491508,0.5,0.0017857142857142857,0.0035587188612099642,0.7619891046453546,0.21086386230195384,0.21086386230195384,0.02774932625154478,8.741258741258741e-05,0.9982142857142857,1,1,11439,559,0.03997574260521695,559020,46.585,0.5750000000000001,0.00016666666666666666,Hybrid_RulesSupervised
0.9533333333333334,0.5008491508491508,0.5,0.0017857142857142857,0.0035587188612099642,0.7619891046453546,0.21086386230195384,0.21086386230195384,0.02774932625154478,8.741258741258741e-05,0.9982142857142857,1,1,11439,559,0.03997574260521695,559020,46.585,0.585,0.00016666666666666666,Hybrid_RulesSupervised
0.9533333333333334,0.5008491508491508,0.5,0.0017857142857142857,0.0035587188612099642,0.7619891046453546,0.21086386230195384,0.21086386230195384,0.02774932625154478,8.741258741258741e-05,0.9982142857142857,1,1,11439,559,0.03997574260521695,559020,46.585,0.595,0.00016666666666666666,Hybrid_RulesSupervised
0.9533333333333334,0.5008491508491508,0.5,0.0017857142857142857,0.0035587188612099642,0.7619891046453546,0.21086386230195384,0.21086386230195384,0.02774932625154478,8.741258741258741e-05,0.9982142857142857,1,1,11439,559,0.03997574260521695,559020,46.585,0.605,0.00016666666666666666,Hybrid_RulesSupervised
0.9533333333333334,0.5008491508491508,0.5,0.0017857142857142857,0.0035587188612099642,0.7619891046453546,0.21086386230195384,0.21086386230195384,0.02774932625154478,8.741258741258741e-05,0.9982142857142857,1,1,11439,559,0.03997574260521695,559020,46.585,0.615,0.00016666666666666666,Hybrid_RulesSupervised
0.9533333333333334,0.5008491508491508,0.5,0.0017857142857142857,0.0035587188612099642,0.7619891046453546,0.21086386230195384,0.21086386230195384,0.02774932625154478,8.741258741258741e-05,0.9982142857142857,1,1,11439,559,0.03997574260521695,559020,46.585,0.625,0.00016666666666666666,Hybrid_RulesSupervised
0.9533333333333334,0.5008491508491508,0.5,0.0017857142857142857,0.0035587188612099642,0.7619891046453546,0.21086386230195384,0.21086386230195384,0.02774932625154478,8.741258741258741e-05,0.9982142857142857,1,1,11439,559,0.03997574260521695,559020,46.585,0.635,0.00016666666666666666,Hybrid_RulesSupervised
0.9533333333333334,0.5008491508491508,0.5,0.0017857142857142857,0.0035587188612099642,0.7619891046453546,0.21086386230195384,0.21086386230195384,0.02774932625154478,8.741258741258741e-05,0.9982142857142857,1,1,11439,559,0.03997574260521695,559020,46.585,0.645,0.00016666666666666666,Hybrid_RulesSupervised
0.9533333333333334,0.5008491508491508,0.5,0.0017857142857142857,0.0035587188612099642,0.7619891046453546,0.21086386230195384,0.21086386230195384,0.02774932625154478,8.741258741258741e-05,0.9982142857142857,1,1,11439,559,0.03997574260521695,559020,46.585,0.655,0.00016666666666666666,Hybrid_RulesSupervised
0.9534166666666667,0.5008928571428571,1.0,0.0017857142857142857,0.0035650623885918,0.7619891046453546,0.21086386230195384,0.21086386230195384,0.04126163871301518,0.0,0.9982142857142857,1,0,11440,559,0.03997574260521695,559000,46.583333333333336,0.665,8.333333333333333e-05,Hybrid_RulesSupervised
0.9534166666666667,0.5008928571428571,1.0,0.0017857142857142857,0.0035650623885918,0.7619891046453546,0.21086386230195384,0.21086386230195384,0.04126163871301518,0.0,0.9982142857142857,1,0,11440,559,0.03997574260521695,559000,46.583333333333336,0.6666666666666666,8.333333333333333e-05,Hybrid_RulesSupervised
0.9533333333333334,0.5,0.0,0.0,0.0,0.7619891046453546,0.21086386230195384,0.21086386230195384,0.0,0.0,1.0,0,0,11440,560,0.03997574260521695,560000,46.666666666666664,0.675,0.0,Hybrid_RulesSupervised
0.9533333333333334,0.5,0.0,0.0,0.0,0.7619891046453546,0.21086386230195384,0.21086386230195384,0.0,0.0,1.0,0,0,11440,560,0.03997574260521695,560000,46.666666666666664,0.685,0.0,Hybrid_RulesSupervised
0.9533333333333334,0.5,0.0,0.0,0.0,0.7619891046453546,0.21086386230195384,0.21086386230195384,0.0,0.0,1.0,0,0,11440,560,0.03997574260521695,560000,46.666666666666664,0.6950000000000001,0.0,Hybrid_RulesSupervised
0.9533333333333334,0.5,0.0,0.0,0.0,0.7619891046453546,0.21086386230195384,0.21086386230195384,0.0,0.0,1.0,0,0,11440,560,0.03997574260521695,560000,46.666666666666664,0.7050000000000001,0.0,Hybrid_RulesSupervised
0.9533333333333334,0.5,0.0,0.0,0.0,0.7619891046453546,0.21086386230195384,0.21086386230195384,0.0,0.0,1.0,0,0,11440,560,0.03997574260521695,560000,46.666666666666664,0.715,0.0,Hybrid_RulesSupervised
0.9533333333333334,0.5,0.0,0.0,0.0,0.7619891046453546,0.21086386230195384,0.21086386230195384,0.0,0.0,1.0,0,0,11440,560,0.03997574260521695,560000,46.666666666666664,0.725,0.0,Hybrid_RulesSupervised
0.9533333333333334,0.5,0.0,0.0,0.0,0.7619891046453546,0.21086386230195384,0.21086386230195384,0.0,0.0,1.0,0,0,11440,560,0.03997574260521695,560000,46.666666666666664,0.735,0.0,Hybrid_RulesSupervised
0.9533333333333334,0.5,0.0,0.0,0.0,0.7619891046453546,0.21086386230195384,0.21086386230195384,0.0,0.0,1.0,0,0,11440,560,0.03997574260521695,560000,46.666666666666664,0.745,0.0,Hybrid_RulesSupervised
0.9533333333333334,0.5,0.0,0.0,0.0,0.7619891046453546,0.21086386230195384,0.21086386230195384,0.0,0.0,1.0,0,0,11440,560,0.03997574260521695,560000,46.666666666666664,0.755,0.0,Hybrid_RulesSupervised
0.9533333333333334,0.5,0.0,0.0,0.0,0.7619891046453546,0.21086386230195384,0.21086386230195384,0.0,0.0,1.0,0,0,11440,560,0.03997574260521695,560000,46.666666666666664,0.765,0.0,Hybrid_RulesSupervised
0.9533333333333334,0.5,0.0,0.0,0.0,0.7619891046453546,0.21086386230195384,0.21086386230195384,0.0,0.0,1.0,0,0,11440,560,0.03997574260521695,560000,46.666666666666664,0.775,0.0,Hybrid_RulesSupervised
0.9533333333333334,0.5,0.0,0.0,0.0,0.7619891046453546,0.21086386230195384,0.21086386230195384,0.0,0.0,1.0,0,0,11440,560,0.03997574260521695,560000,46.666666666666664,0.785,0.0,Hybrid_RulesSupervised
0.9533333333333334,0.5,0.0,0.0,0.0,0.7619891046453546,0.21086386230195384,0.21086386230195384,0.0,0.0,1.0,0,0,11440,560,0.03997574260521695,560000,46.666666666666664,0.795,0.0,Hybrid_RulesSupervised
0.9533333333333334,0.5,0.0,0.0,0.0,0.7619891046453546,0.21086386230195384,0.21086386230195384,0.0,0.0,1.0,0,0,11440,560,0.03997574260521695,560000,46.666666666666664,0.805,0.0,Hybrid_RulesSupervised
0.9533333333333334,0.5,0.0,0.0,0.0,0.7619891046453546,0.21086386230195384,0.21086386230195384,0.0,0.0,1.0,0,0,11440,560,0.03997574260521695,560000,46.666666666666664,0.8150000000000001,0.0,Hybrid_RulesSupervised
0.9533333333333334,0.5,0.0,0.0,0.0,0.7619891046453546,0.21086386230195384,0.21086386230195384,0.0,0.0,1.0,0,0,11440,560,0.03997574260521695,560000,46.666666666666664,0.8250000000000001,0.0,Hybrid_RulesSupervised
0.9533333333333334,0.5,0.0,0.0,0.0,0.7619891046453546,0.21086386230195384,0.21086386230195384,0.0,0.0,1.0,0,0,11440,560,0.03997574260521695,560000,46.666666666666664,0.8350000000000001,0.0,Hybrid_RulesSupervised
0.9533333333333334,0.5,0.0,0.0,0.0,0.7619891046453546,0.21086386230195384,0.21086386230195384,0.0,0.0,1.0,0,0,11440,560,0.03997574260521695,560000,46.666666666666664,0.845,0.0,Hybrid_RulesSupervised
0.9533333333333334,0.5,0.0,0.0,0.0,0.7619891046453546,0.21086386230195384,0.21086386230195384,0.0,0.0,1.0,0,0,11440,560,0.03997574260521695,560000,46.666666666666664,0.855,0.0,Hybrid_RulesSupervised
0.9533333333333334,0.5,0.0,0.0,0.0,0.7619891046453546,0.21086386230195384,0.21086386230195384,0.0,0.0,1.0,0,0,11440,560,0.03997574260521695,560000,46.666666666666664,0.865,0.0,Hybrid_RulesSupervised
0.9533333333333334,0.5,0.0,0.0,0.0,0.7619891046453546,0.21086386230195384,0.21086386230195384,0.0,0.0,1.0,0,0,11440,560,0.03997574260521695,560000,46.666666666666664,0.875,0.0,Hybrid_RulesSupervised
0.9533333333333334,0.5,0.0,0.0,0.0,0.7619891046453546,0.21086386230195384,0.21086386230195384,0.0,0.0,1.0,0,0,11440,560,0.03997574260521695,560000,46.666666666666664,0.885,0.0,Hybrid_RulesSupervised
0.9533333333333334,0.5,0.0,0.0,0.0,0.7619891046453546,0.21086386230195384,0.21086386230195384,0.0,0.0,1.0,0,0,11440,560,0.03997574260521695,560000,46.666666666666664,0.895,0.0,Hybrid_RulesSupervised
0.9533333333333334,0.5,0.0,0.0,0.0,0.7619891046453546,0.21086386230195384,0.21086386230195384,0.0,0.0,1.0,0,0,11440,560,0.03997574260521695,560000,46.666666666666664,0.905,0.0,Hybrid_RulesSupervised
0.9533333333333334,0.5,0.0,0.0,0.0,0.7619891046453546,0.21086386230195384,0.21086386230195384,0.0,0.0,1.0,0,0,11440,560,0.03997574260521695,560000,46.666666666666664,0.915,0.0,Hybrid_RulesSupervised
0.9533333333333334,0.5,0.0,0.0,0.0,0.7619891046453546,0.21086386230195384,0.21086386230195384,0.0,0.0,1.0,0,0,11440,560,0.03997574260521695,560000,46.666666666666664,0.925,0.0,Hybrid_RulesSupervised
0.9533333333333334,0.5,0.0,0.0,0.0,0.7619891046453546,0.21086386230195384,0.21086386230195384,0.0,0.0,1.0,0,0,11440,560,0.03997574260521695,560000,46.666666666666664,0.935,0.0,Hybrid_RulesSupervised
0.9533333333333334,0.5,0.0,0.0,0.0,0.7619891046453546,0.21086386230195384,0.21086386230195384,0.0,0.0,1.0,0,0,11440,560,0.03997574260521695,560000,46.666666666666664,0.9450000000000001,0.0,Hybrid_RulesSupervised
0.9533333333333334,0.5,0.0,0.0,0.0,0.7619891046453546,0.21086386230195384,0.21086386230195384,0.0,0.0,1.0,0,0,11440,560,0.03997574260521695,560000,46.666666666666664,0.9550000000000001,0.0,Hybrid_RulesSupervised
0.9533333333333334,0.5,0.0,0.0,0.0,0.7619891046453546,0.21086386230195384,0.21086386230195384,0.0,0.0,1.0,0,0,11440,560,0.03997574260521695,560000,46.666666666666664,0.965,0.0,Hybrid_RulesSupervised
0.9533333333333334,0.5,0.0,0.0,0.0,0.7619891046453546,0.21086386230195384,0.21086386230195384,0.0,0.0,1.0,0,0,11440,560,0.03997574260521695,560000,46.666666666666664,0.975,0.0,Hybrid_RulesSupervised
0.9533333333333334,0.5,0.0,0.0,0.0,0.7619891046453546,0.21086386230195384,0.21086386230195384,0.0,0.0,1.0,0,0,11440,560,0.03997574260521695,560000,46.666666666666664,0.985,0.0,Hybrid_RulesSupervised
0.9533333333333334,0.5,0.0,0.0,0.0,0.7619891046453546,0.21086386230195384,0.21086386230195384,0.0,0.0,1.0,0,0,11440,560,0.03997574260521695,560000,46.666666666666664,0.995,0.0,Hybrid_RulesSupervised
0.9533333333333334,0.5,0.0,0.0,0.0,0.7619891046453546,0.21086386230195384,0.21086386230195384,0.0,0.0,1.0,0,0,11440,560,0.03997574260521695,560000,46.666666666666664,1.000001,0.0,Hybrid_RulesSupervised
0.04666666666666667,0.5,0.04666666666666667,1.0,0.089171974522293,0.7602038586413588,0.20897513728320652,0.20897513728320652,0.0,1.0,0.0,560,11440,0,0,0.03995534719417558,228800,19.066666666666666,0.0,1.0,Hybrid_AddAnomaly
0.05683333333333333,0.5002372627372628,0.04668801618068431,0.9892857142857143,0.08916787381297278,0.7602038586413588,0.20897513728320652,0.20897513728320652,0.0009524934255318797,0.9888111888111888,0.010714285714285714,554,11312,128,6,0.03995534719417558,232240,19.35333333333333,0.005,0.9888333333333333,Hybrid_AddAnomaly
0.05683333333333333,0.5002372627372628,0.04668801618068431,0.9892857142857143,0.08916787381297278,0.7602038586413588,0.20897513728320652,0.20897513728320652,0.0009524934255318797,0.9888111888111888,0.010714285714285714,554,11312,128,6,0.03995534719417558,232240,19.35333333333333,0.011848341232227487,0.9888333333333333,Hybrid_AddAnomaly
0.10225,0.5206605894105893,0.04861663572880757,0.9821428571428571,0.09264718268339932,0.7602038586413588,0.20897513728320652,0.20897513728320652,0.03751564920922139,0.9408216783216783,0.017857142857142856,550,10763,677,10,0.03995534719417558,225260,18.77166666666667,0.013761467889908258,0.94275,Hybrid_AddAnomaly
0.12333333333333334,0.5291708291708291,0.04948434955672155,0.9767857142857143,0.09419665920440846,0.7602038586413588,0.20897513728320652,0.20897513728320652,0.045664688244575036,0.918444055944056,0.023214285714285715,547,10507,933,13,0.03995534719417558,223140,18.595,0.015,0.9211666666666667,Hybrid_AddAnomaly
0.12333333333333334,0.5291708291708291,0.04948434955672155,0.9767857142857143,0.09419665920440846,0.7602038586413588,0.20897513728320652,0.20897513728320652,0.045664688244575036,0.918444055944056,0.023214285714285715,547,10507,933,13,0.03995534719417558,223140,18.595,0.015094339622641508,0.9211666666666667,Hybrid_AddAnomaly
0.22133333333333333,0.5593406593406594,0.05311355311355311,0.9321428571428572,0.10050057758952637,0.7602038586413588,0.20897513728320652,0.20897513728320652,0.06501699671128099,0.8134615384615385,0.06785714285714285,522,9306,2134,38,0.03995534719417558,224120,18.676666666666666,0.017261219792865365,0.819,Hybrid_AddAnomaly
0.29641666666666666,0.5936251248751249,0.057879977565900166,0.9214285714285714,0.10891820580474934,0.7602038586413588,0.20897513728320652,0.20897513728320652,0.09037351485365021,0.7341783216783216,0.07857142857142857,516,8399,3041,44,0.03995534719417558,211980,17.665,0.019558359621451103,0.7429166666666667,Hybrid_AddAnomaly
0.42675,0.6263174325674326,0.06522636576303839,0.8464285714285714,0.12111920275967802,0.7602038586413588,0.20897513728320652,0.20897513728320652,0.10903212565021594,0.5937937062937063,0.15357142857142858,474,6793,4647,86,0.03995534719417558,221860,18.488333333333333,0.02445842068483578,0.6055833333333334,Hybrid_AddAnomaly
0.5440833333333334,0.6640796703296703,0.07685679820782354,0.7964285714285714,0.14018544711614017,0.7602038586413588,0.20897513728320652,0.20897513728320652,0.1385079695532092,0.46826923076923077,0.20357142857142857,446,5357,6083,114,0.03995534719417558,221140,18.428333333333335,0.025,0.4835833333333333,Hybrid_AddAnomaly
0.5441666666666667,0.6641233766233766,0.07687004481213375,0.7964285714285714,0.1402074819239233,0.7602038586413588,0.20897513728320652,0.20897513728320652,0.13854562515095017,0.4681818181818182,0.20357142857142857,446,5356,6084,114,0.03995534719417558,221120,18.426666666666666,0.025725593667546173,0.4835,Hybrid_AddAnomaly
0.6569166666666667,0.6867445054945055,0.09236763694705478,0.7196428571428571,0.16372130814543978,0.7602038586413588,0.20897513728320652,0.20897513728320652,0.16376868137636807,0.34615384615384615,0.28035714285714286,403,3960,7480,157,0.03995534719417558,236200,19.683333333333334,0.029609690444145357,0.3635833333333333,Hybrid_AddAnomaly
0.7100833333333333,0.7035901598401598,0.10543390105433902,0.6964285714285714,0.18314158253111057,0.7602038586413588,0.20897513728320652,0.20897513728320652,0.18598864573456267,0.28924825174825175,0.30357142857142855,390,3309,8131,170,0.03995534719417558,236180,19.68166666666667,0.030864197530864196,0.30825,Hybrid_AddAnomaly
0.7213333333333334,0.7026973026973027,0.1076662908680947,0.6821428571428572,0.18597857838364168,0.7602038586413588,0.20897513728320652,0.20897513728320652,0.18737577458823776,0.27674825174825174,0.31785714285714284,382,3166,8274,178,0.03995534719417558,241320,20.11,0.034999999999999996,0.2956666666666667,Hybrid_AddAnomaly
0.7213333333333334,0.7026973026973027,0.1076662908680947,0.6821428571428572,0.18597857838364168,0.7602038586413588,0.20897513728320652,0.20897513728320652,0.18737577458823776,0.27674825174825174,0.31785714285714284,382,3166,8274,178,0.03995534719417558,241320,20.11,0.040214477211796246,0.2956666666666667,Hybrid_AddAnomaly
0.7963333333333333,0.6987262737262737,0.13000785545954438,0.5910714285714286,0.21313586606567933,0.7602038586413588,0.20897513728320652,0.20897513728320652,0.20504789348062435,0.19361888111888112,0.4089285714285714,331,2215,9225,229,0.03995534719417558,273300,22.775,0.045,0.21216666666666667,Hybrid_AddAnomaly
0.805,0.6990259740259741,0.13404605263157895,0.5821428571428572,0.21791443850267378,0.7602038586413588,0.20897513728320652,0.20897513728320652,0.2088595850274492,0.18409090909090908,0.41785714285714287,326,2106,9334,234,0.03995534719417558,276120,23.01,0.05060728744939271,0.20266666666666666,Hybrid_AddAnomaly
0.8406666666666667,0.6973526473526473,0.15439672801635992,0.5392857142857143,0.24006359300476945,0.7602038586413588,0.20897513728320652,0.20897513728320652,0.22539392202983874,0.1445804195804196,0.4607142857142857,302,1654,9786,258,0.03995534719417558,291080,24.256666666666668,0.055,0.163,Hybrid_AddAnomaly
0.84075,0.6973963536463537,0.15447570332480817,0.5392857142857143,0.24015904572564611,0.7602038586413588,0.20897513728320652,0.20897513728320652,0.22549026448223985,0.144493006993007,0.4607142857142857,302,1653,9787,258,0.03995534719417558,291060,24.255,0.056338028169014086,0.16291666666666665,Hybrid_AddAnomaly
0.8451666666666666,0.6946178821178821,0.15661375661375662,0.5285714285714286,0.2416326530612245,0.7602038586413588,0.20897513728320652,0.20897513728320652,0.22537891491682335,0.13933566433566433,0.4714285714285714,296,1594,9846,264,0.03995534719417558,295880,24.656666666666666,0.065,0.1575,Hybrid_AddAnomaly
0.8451666666666666,0.6946178821178821,0.15661375661375662,0.5285714285714286,0.2416326530612245,0.7602038586413588,0.20897513728320652,0.20897513728320652,0.22537891491682335,0.13933566433566433,0.4714285714285714,296,1594,9846,264,0.03995534719417558,295880,24.656666666666666,0.0730593607305936,0.1575,Hybrid_AddAnomaly
0.8588333333333333,0.6907467532467533,0.16647058823529412,0.5053571428571428,0.2504424778761062,0.7602038586413588,0.20897513728320652,0.20897513728320652,0.23075499080964573,0.12386363636363637,0.49464285714285716,283,1417,10023,277,0.03995534719417558,305340,25.445,0.07500000000000001,0.14166666666666666,Hybrid_AddAnomaly
0.8588333333333333,0.6907467532467533,0.16647058823529412,0.5053571428571428,0.2504424778761062,0.7602038586413588,0.20897513728320652,0.20897513728320652,0.23075499080964573,0.12386363636363637,0.49464285714285716,283,1417,10023,277,0.03995534719417558,305340,25.445,0.07518796992481203,0.14166666666666666,Hybrid_AddAnomaly
0.87025,0.6899413086913087,0.1777634130575307,0.49107142857142855,0.2610346464167062,0.7602038586413588,0.20897513728320652,0.20897513728320652,0.23910618779442783,0.11118881118881119,0.5089285714285714,275,1272,10168,285,0.03995534719417558,310440,25.87,0.085,0.12891666666666668,Hybrid_AddAnomaly
0.87025,0.6899413086913087,0.1777634130575307,0.49107142857142855,0.2610346464167062,0.7602038586413588,0.20897513728320652,0.20897513728320652,0.23910618779442783,0.11118881118881119,0.5089285714285714,275,1272,10168,285,0.03995534719417558,310440,25.87,0.08661417322834646,0.12891666666666668,Hybrid_AddAnomaly
0.8978333333333334,0.6891233766233766,0.21779661016949153,0.4589285714285714,0.29540229885057473,0.7602038586413588,0.20897513728320652,0.20897513728320652,0.26793385984126494,0.08068181818181819,0.5410714285714285,257,923,10517,303,0.03995534719417558,321460,26.788333333333334,0.095,0.09833333333333333,Hybrid_AddAnomaly
0.8978333333333334,0.6891233766233766,0.21779661016949153,0.4589285714285714,0.29540229885057473,0.7602038586413588,0.20897513728320652,0.20897513728320652,0.26793385984126494,0.08068181818181819,0.5410714285714285,257,923,10517,303,0.03995534719417558,321460,26.788333333333334,0.09774436090225563,0.09833333333333333,Hybrid_AddAnomaly
0.9080833333333334,0.6834602897102897,0.23666343355965083,0.4357142857142857,0.30672532998114393,0.7602038586413588,0.20897513728320652,0.20897513728320652,0.27616347922626866,0.06879370629370629,0.5642857142857143,244,787,10653,316,0.03995534719417558,331740,27.645,0.09917355371900827,0.08591666666666667,Hybrid_AddAnomaly
0.9225833333333333,0.6749313186813186,0.27472527472527475,0.4017857142857143,0.3263234227701233,0.7602038586413588,0.20897513728320652,0.20897513728320652,0.29263233774904435,0.051923076923076926,0.5982142857142857,225,594,10846,335,0.03995534719417558,346880,28.906666666666666,0.10500000000000001,0.06825,Hybrid_AddAnomaly
0.9225833333333333,0.6749313186813186,0.27472527472527475,0.4017857142857143,0.3263234227701233,0.7602038586413588,0.20897513728320652,0.20897513728320652,0.29263233774904435,0.051923076923076926,0.5982142857142857,225,594,10846,335,0.03995534719417558,346880,28.906666666666666,0.115,0.06825,Hybrid_AddAnomaly
0.9225833333333333,0.6749313186813186,0.27472527472527475,0.4017857142857143,0.3263234227701233,0.7602038586413588,0.20897513728320652,0.20897513728320652,0.29263233774904435,0.051923076923076926,0.5982142857142857,225,594,10846,335,0.03995534719417558,346880,28.906666666666666,0.125,0.06825,Hybrid_AddAnomaly
0.9225833333333333,0.6749313186813186,0.27472527472527475,0.4017857142857143,0.3263234227701233,0.7602038586413588,0.20897513728320652,0.20897513728320652,0.29263233774904435,0.051923076923076926,0.5982142857142857,225,594,10846,335,0.03995534719417558,346880,28.906666666666666,0.135,0.06825,Hybrid_AddAnomaly
0.9225833333333333,0.6749313186813186,0.27472527472527475,0.4017857142857143,0.3263234227701233,0.7602038586413588,0.20897513728320652,0.20897513728320652,0.29263233774904435,0.051923076923076926,0.5982142857142857,225,594,10846,335,0.03995534719417558,346880,28.906666666666666,0.14500000000000002,0.06825,Hybrid_AddAnomaly
0.9225833333333333,0.6749313186813186,0.27472527472527475,0.4017857142857143,0.3263234227701233,0.7602038586413588,0.20897513728320652,0.20897513728320652,0.29263233774904435,0.051923076923076926,0.5982142857142857,225,594,10846,335,0.03995534719417558,346880,28.906666666666666,0.155,0.06825,Hybrid_AddAnomaly
0.9225833333333333,0.6749313186813186,0.27472527472527475,0.4017857142857143,0.3263234227701233,0.7602038586413588,0.20897513728320652,0.20897513728320652,0.29263233774904435,0.051923076923076926,0.5982142857142857,225,594,10846,335,0.03995534719417558,346880,28.906666666666666,0.165,0.06825,Hybrid_AddAnomaly
0.9225833333333333,0.6749313186813186,0.27472527472527475,0.4017857142857143,0.3263234227701233,0.7602038586413588,0.20897513728320652,0.20897513728320652,0.29263233774904435,0.051923076923076926,0.5982142857142857,225,594,10846,335,0.03995534719417558,346880,28.906666666666666,0.17500000000000002,0.06825,Hybrid_AddAnomaly
0.9263333333333333,0.6701048951048951,0.2862796833773087,0.3875,0.3292867981790592,0.7602038586413588,0.20897513728320652,0.20897513728320652,0.2949833066417342,0.04729020979020979,0.6125,217,541,10899,343,0.03995534719417558,353820,29.485,0.185,0.06316666666666666,Hybrid_AddAnomaly
0.9263333333333333,0.6701048951048951,0.2862796833773087,0.3875,0.3292867981790592,0.7602038586413588,0.20897513728320652,0.20897513728320652,0.2949833066417342,0.04729020979020979,0.6125,217,541,10899,343,0.03995534719417558,353820,29.485,0.195,0.06316666666666666,Hybrid_AddAnomaly
0.9266666666666666,0.6702797202797203,0.28779840848806365,0.3875,0.3302891933028919,0.7602038586413588,0.20897513728320652,0.20897513728320652,0.2960160348691972,0.04694055944055944,0.6125,217,537,10903,343,0.03995534719417558,353740,29.47833333333333,0.20500000000000002,0.06283333333333334,Hybrid_AddAnomaly
0.9266666666666666,0.6702797202797203,0.28779840848806365,0.3875,0.3302891933028919,0.7602038586413588,0.20897513728320652,0.20897513728320652,0.2960160348691972,0.04694055944055944,0.6125,217,537,10903,343,0.03995534719417558,353740,29.47833333333333,0.20634920634920634,0.06283333333333334,Hybrid_AddAnomaly
0.929,0.6604645354645354,0.2914285714285714,0.36428571428571427,0.32380952380952377,0.7602038586413588,0.20897513728320652,0.20897513728320652,0.28882038518143976,0.043356643356643354,0.6357142857142857,204,496,10944,356,0.03995534719417558,365920,30.493333333333332,0.20945945945945946,0.058333333333333334,Hybrid_AddAnomaly
0.9383333333333334,0.6492257742257742,0.33636363636363636,0.33035714285714285,0.3333333333333333,0.7602038586413588,0.20897513728320652,0.20897513728320652,0.3010209861176873,0.03190559440559441,0.6696428571428571,185,365,11075,375,0.03995534719417558,382300,31.858333333333334,0.215,0.04583333333333333,Hybrid_AddAnomaly
0.9383333333333334,0.6492257742257742,0.33636363636363636,0.33035714285714285,0.3333333333333333,0.7602038586413588,0.20897513728320652,0.20897513728320652,0.3010209861176873,0.03190559440559441,0.6696428571428571,185,365,11075,375,0.03995534719417558,382300,31.858333333333334,0.225,0.04583333333333333,Hybrid_AddAnomaly
0.9383333333333334,0.6492257742257742,0.33636363636363636,0.33035714285714285,0.3333333333333333,0.7602038586413588,0.20897513728320652,0.20897513728320652,0.3010209861176873,0.03190559440559441,0.6696428571428571,185,365,11075,375,0.03995534719417558,382300,31.858333333333334,0.23500000000000001,0.04583333333333333,Hybrid_AddAnomaly
0.9383333333333334,0.6492257742257742,0.33636363636363636,0.33035714285714285,0.3333333333333333,0.7602038586413588,0.20897513728320652,0.20897513728320652,0.3010209861176873,0.03190559440559441,0.6696428571428571,185,365,11075,375,0.03995534719417558,382300,31.858333333333334,0.245,0.04583333333333333,Hybrid_AddAnomaly
0.9383333333333334,0.6492257742257742,0.33636363636363636,0.33035714285714285,0.3333333333333333,0.7602038586413588,0.20897513728320652,0.20897513728320652,0.3010209861176873,0.03190559440559441,0.6696428571428571,185,365,11075,375,0.03995534719417558,382300,31.858333333333334,0.255,0.04583333333333333,Hybrid_AddAnomaly
0.9383333333333334,0.6492257742257742,0.33636363636363636,0.33035714285714285,0.3333333333333333,0.7602038586413588,0.20897513728320652,0.20897513728320652,0.3010209861176873,0.03190559440559441,0.6696428571428571,185,365,11075,375,0.03995534719417558,382300,31.858333333333334,0.265,0.04583333333333333,Hybrid_AddAnomaly
0.9383333333333334,0.6492257742257742,0.33636363636363636,0.33035714285714285,0.3333333333333333,0.7602038586413588,0.20897513728320652,0.20897513728320652,0.3010209861176873,0.03190559440559441,0.6696428571428571,185,365,11075,375,0.03995534719417558,382300,31.858333333333334,0.2714285714285714,0.04583333333333333,Hybrid_AddAnomaly
0.944,0.6122877122877123,0.3556701030927835,0.24642857142857144,0.2911392405063291,0.7602038586413588,0.20897513728320652,0.20897513728320652,0.26779340587493994,0.021853146853146852,0.7535714285714286,138,250,11190,422,0.03995534719417558,427000,35.583333333333336,0.275,0.03233333333333333,Hybrid_AddAnomaly
0.9440833333333334,0.6123314185814186,0.35658914728682173,0.24642857142857144,0.29144667370644145,0.7602038586413588,0.20897513728320652,0.20897513728320652,0.26823198855945574,0.021765734265734266,0.7535714285714286,138,249,11191,422,0.03995534719417558,426980,35.58166666666666,0.28500000000000003,0.03225,Hybrid_AddAnomaly
0.9440833333333334,0.6123314185814186,0.35658914728682173,0.24642857142857144,0.29144667370644145,0.7602038586413588,0.20897513728320652,0.20897513728320652,0.26823198855945574,0.021765734265734266,0.7535714285714286,138,249,11191,422,0.03995534719417558,426980,35.58166666666666,0.295,0.03225,Hybrid_AddAnomaly
0.9440833333333334,0.6123314185814186,0.35658914728682173,0.24642857142857144,0.29144667370644145,0.7602038586413588,0.20897513728320652,0.20897513728320652,0.26823198855945574,0.021765734265734266,0.7535714285714286,138,249,11191,422,0.03995534719417558,426980,35.58166666666666,0.305,0.03225,Hybrid_AddAnomaly
0.944,0.6114385614385615,0.3549222797927461,0.24464285714285713,0.28964059196617337,0.7602038586413588,0.20897513728320652,0.20897513728320652,0.26643296346407425,0.021765734265734266,0.7553571428571428,137,249,11191,423,0.03995534719417558,427980,35.665,0.315,0.03216666666666667,Hybrid_AddAnomaly
0.944,0.6114385614385615,0.3549222797927461,0.24464285714285713,0.28964059196617337,0.7602038586413588,0.20897513728320652,0.20897513728320652,0.26643296346407425,0.021765734265734266,0.7553571428571428,137,249,11191,423,0.03995534719417558,427980,35.665,0.325,0.03216666666666667,Hybrid_AddAnomaly
0.944,0.6114385614385615,0.3549222797927461,0.24464285714285713,0.28964059196617337,0.7602038586413588,0.20897513728320652,0.20897513728320652,0.26643296346407425,0.021765734265734266,0.7553571428571428,137,249,11191,423,0.03995534719417558,427980,35.665,0.335,0.03216666666666667,Hybrid_AddAnomaly
0.944,0.6114385614385615,0.3549222797927461,0.24464285714285713,0.28964059196617337,0.7602038586413588,0.20897513728320652,0.20897513728320652,0.26643296346407425,0.021765734265734266,0.7553571428571428,137,249,11191,423,0.03995534719417558,427980,35.665,0.34134615384615385,0.03216666666666667,Hybrid_AddAnomaly
0.9493333333333334,0.5564935064935065,0.3709677419354839,0.12321428571428572,0.18498659517426275,0.7602038586413588,0.20897513728320652,0.20897513728320652,0.19292148570762802,0.010227272727272727,0.8767857142857143,69,117,11323,491,0.03995534719417558,493340,41.111666666666665,0.34500000000000003,0.0155,Hybrid_AddAnomaly
0.9493333333333334,0.5564935064935065,0.3709677419354839,0.12321428571428572,0.18498659517426275,0.7602038586413588,0.20897513728320652,0.20897513728320652,0.19292148570762802,0.010227272727272727,0.8767857142857143,69,117,11323,491,0.03995534719417558,493340,41.111666666666665,0.35500000000000004,0.0155,Hybrid_AddAnomaly
0.9493333333333334,0.5564935064935065,0.3709677419354839,0.12321428571428572,0.18498659517426275,0.7602038586413588,0.20897513728320652,0.20897513728320652,0.19292148570762802,0.010227272727272727,0.8767857142857143,69,117,11323,491,0.03995534719417558,493340,41.111666666666665,0.365,0.0155,Hybrid_AddAnomaly
0.9493333333333334,0.5564935064935065,0.3709677419354839,0.12321428571428572,0.18498659517426275,0.7602038586413588,0.20897513728320652,0.20897513728320652,0.19292148570762802,0.010227272727272727,0.8767857142857143,69,117,11323,491,0.03995534719417558,493340,41.111666666666665,0.3684210526315789,0.0155,Hybrid_AddAnomaly
0.9503333333333334,0.545979020979021,0.3783783783783784,0.1,0.15819209039548024,0.7602038586413588,0.20897513728320652,0.20897513728320652,0.17573977336250532,0.008041958041958041,0.9,56,92,11348,504,0.03995534719417558,505840,42.153333333333336,0.375,0.012333333333333333,Hybrid_AddAnomaly
0.9503333333333334,0.545979020979021,0.3783783783783784,0.1,0.15819209039548024,0.7602038586413588,0.20897513728320652,0.20897513728320652,0.17573977336250532,0.008041958041958041,0.9,56,92,11348,504,0.03995534719417558,505840,42.153333333333336,0.385,0.012333333333333333,Hybrid_AddAnomaly
0.9503333333333334,0.545979020979021,0.3783783783783784,0.1,0.15819209039548024,0.7602038586413588,0.20897513728320652,0.20897513728320652,0.17573977336250532,0.008041958041958041,0.9,56,92,11348,504,0.03995534719417558,505840,42.153333333333336,0.395,0.012333333333333333,Hybrid_AddAnomaly
0.9503333333333334,0.545979020979021,0.3783783783783784,0.1,0.15819209039548024,0.7602038586413588,0.20897513728320652,0.20897513728320652,0.17573977336250532,0.008041958041958041,0.9,56,92,11348,504,0.03995534719417558,505840,42.153333333333336,0.405,0.012333333333333333,Hybrid_AddAnomaly
0.9503333333333334,0.545979020979021,0.3783783783783784,0.1,0.15819209039548024,0.7602038586413588,0.20897513728320652,0.20897513728320652,0.17573977336250532,0.008041958041958041,0.9,56,92,11348,504,0.03995534719417558,505840,42.153333333333336,0.41500000000000004,0.012333333333333333,Hybrid_AddAnomaly
0.9503333333333334,0.545979020979021,0.3783783783783784,0.1,0.15819209039548024,0.7602038586413588,0.20897513728320652,0.20897513728320652,0.17573977336250532,0.008041958041958041,0.9,56,92,11348,504,0.03995534719417558,505840,42.153333333333336,0.425,0.012333333333333333,Hybrid_AddAnomaly
0.9535833333333333,0.5128683816183816,0.5555555555555556,0.026785714285714284,0.05110732538330493,0.7602038586413588,0.20897513728320652,0.20897513728320652,0.11457175871442495,0.001048951048951049,0.9732142857142857,15,12,11428,545,0.03995534719417558,545240,45.43666666666667,0.435,0.00225,Hybrid_AddAnomaly
0.9535833333333333,0.5128683816183816,0.5555555555555556,0.026785714285714284,0.05110732538330493,0.7602038586413588,0.20897513728320652,0.20897513728320652,0.11457175871442495,0.001048951048951049,0.9732142857142857,15,12,11428,545,0.03995534719417558,545240,45.43666666666667,0.445,0.00225,Hybrid_AddAnomaly
0.9535833333333333,0.5128683816183816,0.5555555555555556,0.026785714285714284,0.05110732538330493,0.7602038586413588,0.20897513728320652,0.20897513728320652,0.11457175871442495,0.001048951048951049,0.9732142857142857,15,12,11428,545,0.03995534719417558,545240,45.43666666666667,0.455,0.00225,Hybrid_AddAnomaly
0.95375,0.5112574925074925,0.6190476190476191,0.023214285714285715,0.04475043029259897,0.7602038586413588,0.20897513728320652,0.20897513728320652,0.11362103947680917,0.0006993006993006993,0.9767857142857143,13,8,11432,547,0.03995534719417558,547160,45.596666666666664,0.465,0.00175,Hybrid_AddAnomaly
0.95375,0.5112574925074925,0.6190476190476191,0.023214285714285715,0.04475043029259897,0.7602038586413588,0.20897513728320652,0.20897513728320652,0.11362103947680917,0.0006993006993006993,0.9767857142857143,13,8,11432,547,0.03995534719417558,547160,45.596666666666664,0.47500000000000003,0.00175,Hybrid_AddAnomaly
0.95375,0.5112574925074925,0.6190476190476191,0.023214285714285715,0.04475043029259897,0.7602038586413588,0.20897513728320652,0.20897513728320652,0.11362103947680917,0.0006993006993006993,0.9767857142857143,13,8,11432,547,0.03995534719417558,547160,45.596666666666664,0.485,0.00175,Hybrid_AddAnomaly
0.95375,0.5112574925074925,0.6190476190476191,0.023214285714285715,0.04475043029259897,0.7602038586413588,0.20897513728320652,0.20897513728320652,0.11362103947680917,0.0006993006993006993,0.9767857142857143,13,8,11432,547,0.03995534719417558,547160,45.596666666666664,0.495,0.00175,Hybrid_AddAnomaly
0.95375,0.5112574925074925,0.6190476190476191,0.023214285714285715,0.04475043029259897,0.7602038586413588,0.20897513728320652,0.20897513728320652,0.11362103947680917,0.0006993006993006993,0.9767857142857143,13,8,11432,547,0.03995534719417558,547160,45.596666666666664,0.505,0.00175,Hybrid_AddAnomaly
0.95375,0.5112574925074925,0.6190476190476191,0.023214285714285715,0.04475043029259897,0.7602038586413588,0.20897513728320652,0.20897513728320652,0.11362103947680917,0.0006993006993006993,0.9767857142857143,13,8,11432,547,0.03995534719417558,547160,45.596666666666664,0.515,0.00175,Hybrid_AddAnomaly
0.95375,0.5112574925074925,0.6190476190476191,0.023214285714285715,0.04475043029259897,0.7602038586413588,0.20897513728320652,0.20897513728320652,0.11362103947680917,0.0006993006993006993,0.9767857142857143,13,8,11432,547,0.03995534719417558,547160,45.596666666666664,0.525,0.00175,Hybrid_AddAnomaly
0.95375,0.5112574925074925,0.6190476190476191,0.023214285714285715,0.04475043029259897,0.7602038586413588,0.20897513728320652,0.20897513728320652,0.11362103947680917,0.0006993006993006993,0.9767857142857143,13,8,11432,547,0.03995534719417558,547160,45.596666666666664,0.5263157894736842,0.00175,Hybrid_AddAnomaly
0.9533333333333334,0.5,0.0,0.0,0.0,0.7602038586413588,0.20897513728320652,0.20897513728320652,0.0,0.0,1.0,0,0,11440,560,0.03995534719417558,560000,46.666666666666664,0.535,0.0,Hybrid_AddAnomaly
0.9533333333333334,0.5,0.0,0.0,0.0,0.7602038586413588,0.20897513728320652,0.20897513728320652,0.0,0.0,1.0,0,0,11440,560,0.03995534719417558,560000,46.666666666666664,0.545,0.0,Hybrid_AddAnomaly
0.9533333333333334,0.5,0.0,0.0,0.0,0.7602038586413588,0.20897513728320652,0.20897513728320652,0.0,0.0,1.0,0,0,11440,560,0.03995534719417558,560000,46.666666666666664,0.555,0.0,Hybrid_AddAnomaly
0.9533333333333334,0.5,0.0,0.0,0.0,0.7602038586413588,0.20897513728320652,0.20897513728320652,0.0,0.0,1.0,0,0,11440,560,0.03995534719417558,560000,46.666666666666664,0.5650000000000001,0.0,Hybrid_AddAnomaly
0.9533333333333334,0.5,0.0,0.0,0.0,0.7602038586413588,0.20897513728320652,0.20897513728320652,0.0,0.0,1.0,0,0,11440,560,0.03995534719417558,560000,46.666666666666664,0.5750000000000001,0.0,Hybrid_AddAnomaly
0.9533333333333334,0.5,0.0,0.0,0.0,0.7602038586413588,0.20897513728320652,0.20897513728320652,0.0,0.0,1.0,0,0,11440,560,0.03995534719417558,560000,46.666666666666664,0.585,0.0,Hybrid_AddAnomaly
0.9533333333333334,0.5,0.0,0.0,0.0,0.7602038586413588,0.20897513728320652,0.20897513728320652,0.0,0.0,1.0,0,0,11440,560,0.03995534719417558,560000,46.666666666666664,0.595,0.0,Hybrid_AddAnomaly
0.9533333333333334,0.5,0.0,0.0,0.0,0.7602038586413588,0.20897513728320652,0.20897513728320652,0.0,0.0,1.0,0,0,11440,560,0.03995534719417558,560000,46.666666666666664,0.605,0.0,Hybrid_AddAnomaly
0.9533333333333334,0.5,0.0,0.0,0.0,0.7602038586413588,0.20897513728320652,0.20897513728320652,0.0,0.0,1.0,0,0,11440,560,0.03995534719417558,560000,46.666666666666664,0.615,0.0,Hybrid_AddAnomaly
0.9533333333333334,0.5,0.0,0.0,0.0,0.7602038586413588,0.20897513728320652,0.20897513728320652,0.0,0.0,1.0,0,0,11440,560,0.03995534719417558,560000,46.666666666666664,0.625,0.0,Hybrid_AddAnomaly
0.9533333333333334,0.5,0.0,0.0,0.0,0.7602038586413588,0.20897513728320652,0.20897513728320652,0.0,0.0,1.0,0,0,11440,560,0.03995534719417558,560000,46.666666666666664,0.635,0.0,Hybrid_AddAnomaly
0.9533333333333334,0.5,0.0,0.0,0.0,0.7602038586413588,0.20897513728320652,0.20897513728320652,0.0,0.0,1.0,0,0,11440,560,0.03995534719417558,560000,46.666666666666664,0.645,0.0,Hybrid_AddAnomaly
0.9533333333333334,0.5,0.0,0.0,0.0,0.7602038586413588,0.20897513728320652,0.20897513728320652,0.0,0.0,1.0,0,0,11440,560,0.03995534719417558,560000,46.666666666666664,0.655,0.0,Hybrid_AddAnomaly
0.9533333333333334,0.5,0.0,0.0,0.0,0.7602038586413588,0.20897513728320652,0.20897513728320652,0.0,0.0,1.0,0,0,11440,560,0.03995534719417558,560000,46.666666666666664,0.665,0.0,Hybrid_AddAnomaly
0.9533333333333334,0.5,0.0,0.0,0.0,0.7602038586413588,0.20897513728320652,0.20897513728320652,0.0,0.0,1.0,0,0,11440,560,0.03995534719417558,560000,46.666666666666664,0.675,0.0,Hybrid_AddAnomaly
0.9533333333333334,0.5,0.0,0.0,0.0,0.7602038586413588,0.20897513728320652,0.20897513728320652,0.0,0.0,1.0,0,0,11440,560,0.03995534719417558,560000,46.666666666666664,0.685,0.0,Hybrid_AddAnomaly
0.9533333333333334,0.5,0.0,0.0,0.0,0.7602038586413588,0.20897513728320652,0.20897513728320652,0.0,0.0,1.0,0,0,11440,560,0.03995534719417558,560000,46.666666666666664,0.6950000000000001,0.0,Hybrid_AddAnomaly
0.9533333333333334,0.5,0.0,0.0,0.0,0.7602038586413588,0.20897513728320652,0.20897513728320652,0.0,0.0,1.0,0,0,11440,560,0.03995534719417558,560000,46.666666666666664,0.7050000000000001,0.0,Hybrid_AddAnomaly
0.9533333333333334,0.5,0.0,0.0,0.0,0.7602038586413588,0.20897513728320652,0.20897513728320652,0.0,0.0,1.0,0,0,11440,560,0.03995534719417558,560000,46.666666666666664,0.715,0.0,Hybrid_AddAnomaly
0.9533333333333334,0.5,0.0,0.0,0.0,0.7602038586413588,0.20897513728320652,0.20897513728320652,0.0,0.0,1.0,0,0,11440,560,0.03995534719417558,560000,46.666666666666664,0.725,0.0,Hybrid_AddAnomaly
0.9533333333333334,0.5,0.0,0.0,0.0,0.7602038586413588,0.20897513728320652,0.20897513728320652,0.0,0.0,1.0,0,0,11440,560,0.03995534719417558,560000,46.666666666666664,0.735,0.0,Hybrid_AddAnomaly
0.9533333333333334,0.5,0.0,0.0,0.0,0.7602038586413588,0.20897513728320652,0.20897513728320652,0.0,0.0,1.0,0,0,11440,560,0.03995534719417558,560000,46.666666666666664,0.745,0.0,Hybrid_AddAnomaly
0.9533333333333334,0.5,0.0,0.0,0.0,0.7602038586413588,0.20897513728320652,0.20897513728320652,0.0,0.0,1.0,0,0,11440,560,0.03995534719417558,560000,46.666666666666664,0.755,0.0,Hybrid_AddAnomaly
0.9533333333333334,0.5,0.0,0.0,0.0,0.7602038586413588,0.20897513728320652,0.20897513728320652,0.0,0.0,1.0,0,0,11440,560,0.03995534719417558,560000,46.666666666666664,0.765,0.0,Hybrid_AddAnomaly
0.9533333333333334,0.5,0.0,0.0,0.0,0.7602038586413588,0.20897513728320652,0.20897513728320652,0.0,0.0,1.0,0,0,11440,560,0.03995534719417558,560000,46.666666666666664,0.775,0.0,Hybrid_AddAnomaly
0.9533333333333334,0.5,0.0,0.0,0.0,0.7602038586413588,0.20897513728320652,0.20897513728320652,0.0,0.0,1.0,0,0,11440,560,0.03995534719417558,560000,46.666666666666664,0.785,0.0,Hybrid_AddAnomaly
0.9533333333333334,0.5,0.0,0.0,0.0,0.7602038586413588,0.20897513728320652,0.20897513728320652,0.0,0.0,1.0,0,0,11440,560,0.03995534719417558,560000,46.666666666666664,0.795,0.0,Hybrid_AddAnomaly
0.9533333333333334,0.5,0.0,0.0,0.0,0.7602038586413588,0.20897513728320652,0.20897513728320652,0.0,0.0,1.0,0,0,11440,560,0.03995534719417558,560000,46.666666666666664,0.805,0.0,Hybrid_AddAnomaly
0.9533333333333334,0.5,0.0,0.0,0.0,0.7602038586413588,0.20897513728320652,0.20897513728320652,0.0,0.0,1.0,0,0,11440,560,0.03995534719417558,560000,46.666666666666664,0.8150000000000001,0.0,Hybrid_AddAnomaly
0.9533333333333334,0.5,0.0,0.0,0.0,0.7602038586413588,0.20897513728320652,0.20897513728320652,0.0,0.0,1.0,0,0,11440,560,0.03995534719417558,560000,46.666666666666664,0.8250000000000001,0.0,Hybrid_AddAnomaly
0.9533333333333334,0.5,0.0,0.0,0.0,0.7602038586413588,0.20897513728320652,0.20897513728320652,0.0,0.0,1.0,0,0,11440,560,0.03995534719417558,560000,46.666666666666664,0.8350000000000001,0.0,Hybrid_AddAnomaly
0.9533333333333334,0.5,0.0,0.0,0.0,0.7602038586413588,0.20897513728320652,0.20897513728320652,0.0,0.0,1.0,0,0,11440,560,0.03995534719417558,560000,46.666666666666664,0.845,0.0,Hybrid_AddAnomaly
0.9533333333333334,0.5,0.0,0.0,0.0,0.7602038586413588,0.20897513728320652,0.20897513728320652,0.0,0.0,1.0,0,0,11440,560,0.03995534719417558,560000,46.666666666666664,0.855,0.0,Hybrid_AddAnomaly
0.9533333333333334,0.5,0.0,0.0,0.0,0.7602038586413588,0.20897513728320652,0.20897513728320652,0.0,0.0,1.0,0,0,11440,560,0.03995534719417558,560000,46.666666666666664,0.865,0.0,Hybrid_AddAnomaly
0.9533333333333334,0.5,0.0,0.0,0.0,0.7602038586413588,0.20897513728320652,0.20897513728320652,0.0,0.0,1.0,0,0,11440,560,0.03995534719417558,560000,46.666666666666664,0.875,0.0,Hybrid_AddAnomaly
0.9533333333333334,0.5,0.0,0.0,0.0,0.7602038586413588,0.20897513728320652,0.20897513728320652,0.0,0.0,1.0,0,0,11440,560,0.03995534719417558,560000,46.666666666666664,0.885,0.0,Hybrid_AddAnomaly
0.9533333333333334,0.5,0.0,0.0,0.0,0.7602038586413588,0.20897513728320652,0.20897513728320652,0.0,0.0,1.0,0,0,11440,560,0.03995534719417558,560000,46.666666666666664,0.895,0.0,Hybrid_AddAnomaly
0.9533333333333334,0.5,0.0,0.0,0.0,0.7602038586413588,0.20897513728320652,0.20897513728320652,0.0,0.0,1.0,0,0,11440,560,0.03995534719417558,560000,46.666666666666664,0.905,0.0,Hybrid_AddAnomaly
0.9533333333333334,0.5,0.0,0.0,0.0,0.7602038586413588,0.20897513728320652,0.20897513728320652,0.0,0.0,1.0,0,0,11440,560,0.03995534719417558,560000,46.666666666666664,0.915,0.0,Hybrid_AddAnomaly
0.9533333333333334,0.5,0.0,0.0,0.0,0.7602038586413588,0.20897513728320652,0.20897513728320652,0.0,0.0,1.0,0,0,11440,560,0.03995534719417558,560000,46.666666666666664,0.925,0.0,Hybrid_AddAnomaly
0.9533333333333334,0.5,0.0,0.0,0.0,0.7602038586413588,0.20897513728320652,0.20897513728320652,0.0,0.0,1.0,0,0,11440,560,0.03995534719417558,560000,46.666666666666664,0.935,0.0,Hybrid_AddAnomaly
0.9533333333333334,0.5,0.0,0.0,0.0,0.7602038586413588,0.20897513728320652,0.20897513728320652,0.0,0.0,1.0,0,0,11440,560,0.03995534719417558,560000,46.666666666666664,0.9450000000000001,0.0,Hybrid_AddAnomaly
0.9533333333333334,0.5,0.0,0.0,0.0,0.7602038586413588,0.20897513728320652,0.20897513728320652,0.0,0.0,1.0,0,0,11440,560,0.03995534719417558,560000,46.666666666666664,0.9550000000000001,0.0,Hybrid_AddAnomaly
0.9533333333333334,0.5,0.0,0.0,0.0,0.7602038586413588,0.20897513728320652,0.20897513728320652,0.0,0.0,1.0,0,0,11440,560,0.03995534719417558,560000,46.666666666666664,0.965,0.0,Hybrid_AddAnomaly
0.9533333333333334,0.5,0.0,0.0,0.0,0.7602038586413588,0.20897513728320652,0.20897513728320652,0.0,0.0,1.0,0,0,11440,560,0.03995534719417558,560000,46.666666666666664,0.975,0.0,Hybrid_AddAnomaly
0.9533333333333334,0.5,0.0,0.0,0.0,0.7602038586413588,0.20897513728320652,0.20897513728320652,0.0,0.0,1.0,0,0,11440,560,0.03995534719417558,560000,46.666666666666664,0.985,0.0,Hybrid_AddAnomaly
0.9533333333333334,0.5,0.0,0.0,0.0,0.7602038586413588,0.20897513728320652,0.20897513728320652,0.0,0.0,1.0,0,0,11440,560,0.03995534719417558,560000,46.666666666666664,0.995,0.0,Hybrid_AddAnomaly
0.9533333333333334,0.5,0.0,0.0,0.0,0.7602038586413588,0.20897513728320652,0.20897513728320652,0.0,0.0,1.0,0,0,11440,560,0.03995534719417558,560000,46.666666666666664,1.000001,0.0,Hybrid_AddAnomaly
0.04666666666666667,0.5,0.04666666666666667,1.0,0.089171974522293,0.7591627903346654,0.20472922926456924,0.20472922926456924,0.0,1.0,0.0,560,11440,0,0,0.0400585282284669,228800,19.066666666666666,0.0,1.0,Hybrid_AddDeviceRecipient
0.05675,0.5010427072927073,0.04676046844721544,0.9910714285714286,0.08930726526671495,0.7591627903346654,0.20472922926456924,0.20472922926456924,0.004233082373176803,0.9889860139860139,0.008928571428571428,555,11314,126,5,0.0400585282284669,231280,19.273333333333333,0.005,0.9890833333333333,Hybrid_AddDeviceRecipient
0.05683333333333333,0.5010864135864136,0.0467644084934277,0.9910714285714286,0.08931445123913742,0.7591627903346654,0.20472922926456924,0.20472922926456924,0.004393963804917229,0.9888986013986014,0.008928571428571428,555,11313,127,5,0.0400585282284669,231260,19.27166666666667,0.011627906976744186,0.989,Hybrid_AddDeviceRecipient
0.06766666666666667,0.5059190809190809,0.04720518064076346,0.9892857142857143,0.09011060507482108,0.7591627903346654,0.20472922926456924,0.20472922926456924,0.017022732898671872,0.9774475524475524,0.010714285714285714,554,11182,258,6,0.0400585282284669,229640,19.136666666666667,0.012307692307692308,0.978,Hybrid_AddDeviceRecipient
0.10141666666666667,0.5202235264735264,0.04857369954958933,0.9821428571428571,0.09256921652781286,0.7591627903346654,0.20472922926456924,0.20472922926456924,0.03697590576126261,0.9416958041958042,0.017857142857142856,550,10773,667,10,0.0400585282284669,225460,18.788333333333334,0.0136986301369863,0.9435833333333333,Hybrid_AddDeviceRecipient
0.11516666666666667,0.5257367632367632,0.04913035682266451,0.9785714285714285,0.09356325764043025,0.7591627903346654,0.20472922926456924,0.20472922926456924,0.042412165467921155,0.9270979020979021,0.02142857142857143,548,10606,834,12,0.0400585282284669,224120,18.676666666666666,0.015,0.9295,Hybrid_AddDeviceRecipient
0.11516666666666667,0.5257367632367632,0.04913035682266451,0.9785714285714285,0.09356325764043025,0.7591627903346654,0.20472922926456924,0.20472922926456924,0.042412165467921155,0.9270979020979021,0.02142857142857143,548,10606,834,12,0.0400585282284669,224120,18.676666666666666,0.015414258188824663,0.9295,Hybrid_AddDeviceRecipient
0.21316666666666667,0.5567557442557443,0.05276938569989929,0.9357142857142857,0.09990467111534794,0.7591627903346654,0.20472922926456924,0.20472922926456924,0.06337048741294614,0.8222027972027972,0.06428571428571428,524,9406,2034,36,0.0400585282284669,224120,18.676666666666666,0.016320474777448073,0.8275,Hybrid_AddDeviceRecipient
0.27,0.5806193806193807,0.055988737275286984,0.9232142857142858,0.10557484173984072,0.7591627903346654,0.20472922926456924,0.20472922926456924,0.080752403162677,0.7619755244755245,0.07678571428571429,517,8717,2723,43,0.0400585282284669,217340,18.111666666666668,0.018337408312958436,0.7695,Hybrid_AddDeviceRecipient
0.4023333333333333,0.6203046953046953,0.06362196409714889,0.8607142857142858,0.11848574237954768,0.7591627903346654,0.20472922926456924,0.20472922926456924,0.1051942633623483,0.6201048951048951,0.1392857142857143,482,7094,4346,78,0.0400585282284669,219880,18.323333333333334,0.02408930669800235,0.6313333333333333,Hybrid_AddDeviceRecipient
0.5425833333333333,0.6632929570429571,0.07661913760522247,0.7964285714285714,0.1397900015671525,0.7591627903346654,0.20472922926456924,0.20472922926456924,0.13783089550069474,0.46984265734265734,0.20357142857142857,446,5375,6065,114,0.0400585282284669,221500,18.458333333333332,0.025,0.4850833333333333,Hybrid_AddDeviceRecipient
0.5425833333333333,0.6632929570429571,0.07661913760522247,0.7964285714285714,0.1397900015671525,0.7591627903346654,0.20472922926456924,0.20472922926456924,0.13783089550069474,0.46984265734265734,0.20357142857142857,446,5375,6065,114,0.0400585282284669,221500,18.458333333333332,0.02616464582003829,0.4850833333333333,Hybrid_AddDeviceRecipient
0.6560833333333334,0.6863074425574426,0.09215641436085067,0.7196428571428571,0.16338941820393268,0.7591627903346654,0.20472922926456924,0.20472922926456924,0.16330542561037423,0.34702797202797203,0.28035714285714286,403,3970,7470,157,0.0400585282284669,236400,19.7,0.029288702928870293,0.36441666666666667,Hybrid_AddDeviceRecipient
0.6931666666666667,0.6964160839160839,0.1003584229390681,0.7,0.17554858934169276,0.7591627903346654,0.20472922926456924,0.20472922926456924,0.17683423576971102,0.30716783216783217,0.3,392,3514,7926,168,0.0400585282284669,238280,19.856666666666666,0.030303030303030304,0.3255,Hybrid_AddDeviceRecipient
0.7131666666666666,0.7026598401598402,0.10585339168490153,0.6910714285714286,0.18358633776091085,0.7591627903346654,0.20472922926456924,0.20472922926456924,0.18574386403123458,0.28575174825174826,0.30892857142857144,387,3269,8171,173,0.0400585282284669,238380,19.865,0.03409090909090909,0.30466666666666664,Hybrid_AddDeviceRecipient
0.7189166666666666,0.7014298201798201,0.10679340229242382,0.6821428571428572,0.18467488518249936,0.7591627903346654,0.20472922926456924,0.20472922926456924,0.1857667212762851,0.27928321678321677,0.31785714285714284,382,3195,8245,178,0.0400585282284669,241900,20.158333333333335,0.034999999999999996,0.2980833333333333,Hybrid_AddDeviceRecipient
0.7189166666666666,0.7014298201798201,0.10679340229242382,0.6821428571428572,0.18467488518249936,0.7591627903346654,0.20472922926456924,0.20472922926456924,0.1857667212762851,0.27928321678321677,0.31785714285714284,382,3195,8245,178,0.0400585282284669,241900,20.158333333333335,0.03571428571428571,0.2980833333333333,Hybrid_AddDeviceRecipient
0.7289166666666667,0.6990322177822177,0.10846176214015703,0.6660714285714285,0.18654663665916482,0.7591627903346654,0.20472922926456924,0.20472922926456924,0.18568724265674474,0.268006993006993,0.3339285714285714,373,3066,8374,187,0.0400585282284669,248320,20.69333333333333,0.039,0.28658333333333336,Hybrid_AddDeviceRecipient
0.7964166666666667,0.69876998001998,0.1300589390962672,0.5910714285714286,0.2132045088566828,0.7591627903346654,0.20472922926456924,0.20472922926456924,0.2051224313027448,0.19353146853146852,0.4089285714285714,331,2214,9226,229,0.0400585282284669,273280,22.773333333333333,0.045,0.21208333333333335,Hybrid_AddDeviceRecipient
0.80175,0.700718031968032,0.13311819281968534,0.5892857142857143,0.21717670286278382,0.7591627903346654,0.20472922926456924,0.20472922926456924,0.20914325627414693,0.18784965034965034,0.4107142857142857,330,2149,9291,230,0.0400585282284669,272980,22.748333333333335,0.05158730158730158,0.20658333333333334,Hybrid_AddDeviceRecipient
0.8374166666666667,0.6981955544455545,0.15242378810594703,0.5446428571428571,0.23818820773135493,0.7591627903346654,0.20472922926456924,0.20472922926456924,0.22429991130974386,0.14825174825174825,0.45535714285714285,305,1696,9744,255,0.0400585282284669,288920,24.076666666666668,0.055,0.16675,Hybrid_AddDeviceRecipient
0.8373333333333334,0.6973026973026972,0.152,0.5428571428571428,0.2375,0.7591627903346654,0.20472922926456924,0.20472922926456924,0.22333410370590936,0.14825174825174825,0.45714285714285713,304,1696,9744,256,0.0400585282284669,289920,24.16,0.06451612903225806,0.16666666666666666,Hybrid_AddDeviceRecipient
0.84325,0.6961600899100899,0.15581031787389266,0.5339285714285714,0.24122630092779349,0.7591627903346654,0.20472922926456924,0.20472922926456924,0.22576591687567868,0.14160839160839161,0.4660714285714286,299,1620,9820,261,0.0400585282284669,293400,24.45,0.065,0.15991666666666668,Hybrid_AddDeviceRecipient
0.84325,0.6961600899100899,0.15581031787389266,0.5339285714285714,0.24122630092779349,0.7591627903346654,0.20472922926456924,0.20472922926456924,0.22576591687567868,0.14160839160839161,0.4660714285714286,299,1620,9820,261,0.0400585282284669,293400,24.45,0.06756756756756757,0.15991666666666668,Hybrid_AddDeviceRecipient
0.8528333333333333,0.6909965034965035,0.16123595505617977,0.5125,0.24529914529914532,0.7591627903346654,0.20472922926456924,0.20472922926456924,0.2266871953105429,0.130506993006993,0.4875,287,1493,9947,273,0.0400585282284669,302860,25.238333333333333,0.0736196319018405,0.14833333333333334,Hybrid_AddDeviceRecipient
0.8655,0.6891483516483516,0.1722636815920398,0.49464285714285716,0.25553505535055354,0.7591627903346654,0.20472922926456924,0.20472922926456924,0.23423241229144628,0.11634615384615385,0.5053571428571428,277,1331,10109,283,0.0400585282284669,309620,25.801666666666666,0.07500000000000001,0.134,Hybrid_AddDeviceRecipient
0.8680833333333333,0.688804945054945,0.17482517482517482,0.49107142857142855,0.2578527894983591,0.7591627903346654,0.20472922926456924,0.20472922926456924,0.23599692171598508,0.11346153846153846,0.5089285714285714,275,1298,10142,285,0.0400585282284669,310960,25.913333333333334,0.08375634517766498,0.13108333333333333,Hybrid_AddDeviceRecipient
0.89625,0.688292957042957,0.21434528773978315,0.4589285714285714,0.29221148379761225,0.7591627903346654,0.20472922926456924,0.20472922926456924,0.2648680185674875,0.08234265734265735,0.5410714285714285,257,942,10498,303,0.0400585282284669,321840,26.82,0.085,0.09991666666666667,Hybrid_AddDeviceRecipient
0.89625,0.688292957042957,0.21434528773978315,0.4589285714285714,0.29221148379761225,0.7591627903346654,0.20472922926456924,0.20472922926456924,0.2648680185674875,0.08234265734265735,0.5410714285714285,257,942,10498,303,0.0400585282284669,321840,26.82,0.095,0.09991666666666667,Hybrid_AddDeviceRecipient
0.89625,0.688292957042957,0.21434528773978315,0.4589285714285714,0.29221148379761225,0.7591627903346654,0.20472922926456924,0.20472922926456924,0.2648680185674875,0.08234265734265735,0.5410714285714285,257,942,10498,303,0.0400585282284669,321840,26.82,0.09821428571428571,0.09991666666666667,Hybrid_AddDeviceRecipient
0.9199166666666667,0.6769293206793207,0.26658905704307334,0.4089285714285714,0.3227625088090204,0.7591627903346654,0.20472922926456924,0.20472922926456924,0.28951972821129457,0.05506993006993007,0.5910714285714286,229,630,10810,331,0.0400585282284669,343600,28.633333333333333,0.10500000000000001,0.07158333333333333,Hybrid_AddDeviceRecipient
0.9199166666666667,0.6769293206793207,0.26658905704307334,0.4089285714285714,0.3227625088090204,0.7591627903346654,0.20472922926456924,0.20472922926456924,0.28951972821129457,0.05506993006993007,0.5910714285714286,229,630,10810,331,0.0400585282284669,343600,28.633333333333333,0.115,0.07158333333333333,Hybrid_AddDeviceRecipient
0.9199166666666667,0.6769293206793207,0.26658905704307334,0.4089285714285714,0.3227625088090204,0.7591627903346654,0.20472922926456924,0.20472922926456924,0.28951972821129457,0.05506993006993007,0.5910714285714286,229,630,10810,331,0.0400585282284669,343600,28.633333333333333,0.125,0.07158333333333333,Hybrid_AddDeviceRecipient
0.9199166666666667,0.6769293206793207,0.26658905704307334,0.4089285714285714,0.3227625088090204,0.7591627903346654,0.20472922926456924,0.20472922926456924,0.28951972821129457,0.05506993006993007,0.5910714285714286,229,630,10810,331,0.0400585282284669,343600,28.633333333333333,0.135,0.07158333333333333,Hybrid_AddDeviceRecipient
0.926,0.66993006993007,0.2847769028871391,0.3875,0.32829046898638425,0.7591627903346654,0.20472922926456924,0.20472922926456924,0.2939579824477695,0.047639860139860137,0.6125,217,545,10895,343,0.0400585282284669,353900,29.491666666666667,0.14500000000000002,0.0635,Hybrid_AddDeviceRecipient
0.926,0.66993006993007,0.2847769028871391,0.3875,0.32829046898638425,0.7591627903346654,0.20472922926456924,0.20472922926456924,0.2939579824477695,0.047639860139860137,0.6125,217,545,10895,343,0.0400585282284669,353900,29.491666666666667,0.155,0.0635,Hybrid_AddDeviceRecipient
0.926,0.66993006993007,0.2847769028871391,0.3875,0.32829046898638425,0.7591627903346654,0.20472922926456924,0.20472922926456924,0.2939579824477695,0.047639860139860137,0.6125,217,545,10895,343,0.0400585282284669,353900,29.491666666666667,0.165,0.0635,Hybrid_AddDeviceRecipient
0.926,0.66993006993007,0.2847769028871391,0.3875,0.32829046898638425,0.7591627903346654,0.20472922926456924,0.20472922926456924,0.2939579824477695,0.047639860139860137,0.6125,217,545,10895,343,0.0400585282284669,353900,29.491666666666667,0.17500000000000002,0.0635,Hybrid_AddDeviceRecipient
0.926,0.66993006993007,0.2847769028871391,0.3875,0.32829046898638425,0.7591627903346654,0.20472922926456924,0.20472922926456924,0.2939579824477695,0.047639860139860137,0.6125,217,545,10895,343,0.0400585282284669,353900,29.491666666666667,0.185,0.0635,Hybrid_AddDeviceRecipient
0.926,0.66993006993007,0.2847769028871391,0.3875,0.32829046898638425,0.7591627903346654,0.20472922926456924,0.20472922926456924,0.2939579824477695,0.047639860139860137,0.6125,217,545,10895,343,0.0400585282284669,353900,29.491666666666667,0.195,0.0635,Hybrid_AddDeviceRecipient
0.9260833333333334,0.6699737762237762,0.2851511169513798,0.3875,0.3285389856169569,0.7591627903346654,0.20472922926456924,0.20472922926456924,0.2942136246228217,0.04755244755244755,0.6125,217,544,10896,343,0.0400585282284669,353880,29.49,0.20500000000000002,0.06341666666666666,Hybrid_AddDeviceRecipient
0.9260833333333334,0.6699737762237762,0.2851511169513798,0.3875,0.3285389856169569,0.7591627903346654,0.20472922926456924,0.20472922926456924,0.2942136246228217,0.04755244755244755,0.6125,217,544,10896,343,0.0400585282284669,353880,29.49,0.20869565217391303,0.06341666666666666,Hybrid_AddDeviceRecipient
0.93275,0.6590347152847152,0.3091190108191654,0.35714285714285715,0.33140016570008285,0.7591627903346654,0.20472922926456924,0.20472922926456924,0.29704448792288735,0.03907342657342657,0.6428571428571429,200,447,10993,360,0.0400585282284669,368940,30.745,0.215,0.05391666666666667,Hybrid_AddDeviceRecipient
0.9329166666666666,0.6591221278721279,0.31007751937984496,0.35714285714285715,0.33195020746887965,0.7591627903346654,0.20472922926456924,0.20472922926456924,0.29764197154468897,0.0388986013986014,0.6428571428571429,200,445,10995,360,0.0400585282284669,368900,30.741666666666667,0.225,0.05375,Hybrid_AddDeviceRecipient
0.9329166666666666,0.6591221278721279,0.31007751937984496,0.35714285714285715,0.33195020746887965,0.7591627903346654,0.20472922926456924,0.20472922926456924,0.29764197154468897,0.0388986013986014,0.6428571428571429,200,445,10995,360,0.0400585282284669,368900,30.741666666666667,0.22580645161290322,0.05375,Hybrid_AddDeviceRecipient
0.9378333333333333,0.6506618381618382,0.3339285714285714,0.3339285714285714,0.3339285714285714,0.7591627903346654,0.20472922926456924,0.20472922926456924,0.30132367632367635,0.03260489510489511,0.6660714285714285,187,373,11067,373,0.0400585282284669,380460,31.705,0.23500000000000001,0.04666666666666667,Hybrid_AddDeviceRecipient
0.9378333333333333,0.6506618381618382,0.3339285714285714,0.3339285714285714,0.3339285714285714,0.7591627903346654,0.20472922926456924,0.20472922926456924,0.30132367632367635,0.03260489510489511,0.6660714285714285,187,373,11067,373,0.0400585282284669,380460,31.705,0.245,0.04666666666666667,Hybrid_AddDeviceRecipient
0.93775,0.6497689810189811,0.33273703041144903,0.33214285714285713,0.3324396782841823,0.7591627903346654,0.20472922926456924,0.20472922926456924,0.29979266282566885,0.03260489510489511,0.6678571428571428,186,373,11067,374,0.0400585282284669,381460,31.788333333333334,0.255,0.04658333333333333,Hybrid_AddDeviceRecipient
0.93775,0.6497689810189811,0.33273703041144903,0.33214285714285713,0.3324396782841823,0.7591627903346654,0.20472922926456924,0.20472922926456924,0.29979266282566885,0.03260489510489511,0.6678571428571428,186,373,11067,374,0.0400585282284669,381460,31.788333333333334,0.265,0.04658333333333333,Hybrid_AddDeviceRecipient
0.93775,0.6497689810189811,0.33273703041144903,0.33214285714285713,0.3324396782841823,0.7591627903346654,0.20472922926456924,0.20472922926456924,0.29979266282566885,0.03260489510489511,0.6678571428571428,186,373,11067,374,0.0400585282284669,381460,31.788333333333334,0.265625,0.04658333333333333,Hybrid_AddDeviceRecipient
0.9435,0.6094780219780219,0.3479381443298969,0.24107142857142858,0.28481012658227844,0.7591627903346654,0.20472922926456924,0.20472922926456924,0.261092614469039,0.022115384615384617,0.7589285714285714,135,253,11187,425,0.0400585282284669,430060,35.83833333333333,0.275,0.03233333333333333,Hybrid_AddDeviceRecipient
0.9435,0.6094780219780219,0.3479381443298969,0.24107142857142858,0.28481012658227844,0.7591627903346654,0.20472922926456924,0.20472922926456924,0.261092614469039,0.022115384615384617,0.7589285714285714,135,253,11187,425,0.0400585282284669,430060,35.83833333333333,0.28500000000000003,0.03233333333333333,Hybrid_AddDeviceRecipient
0.9435,0.6077797202797203,0.3463541666666667,0.2375,0.2817796610169492,0.7591627903346654,0.20472922926456924,0.20472922926456924,0.25833316195318146,0.02194055944055944,0.7625,133,251,11189,427,0.0400585282284669,432020,36.001666666666665,0.295,0.032,Hybrid_AddDeviceRecipient
0.9435833333333333,0.6078234265734266,0.3472584856396867,0.2375,0.28207847295864263,0.7591627903346654,0.20472922926456924,0.20472922926456924,0.2587639482901746,0.021853146853146852,0.7625,133,250,11190,427,0.0400585282284669,432000,36.0,0.305,0.03191666666666667,Hybrid_AddDeviceRecipient
0.9435833333333333,0.6078234265734266,0.3472584856396867,0.2375,0.28207847295864263,0.7591627903346654,0.20472922926456924,0.20472922926456924,0.2587639482901746,0.021853146853146852,0.7625,133,250,11190,427,0.0400585282284669,432000,36.0,0.315,0.03191666666666667,Hybrid_AddDeviceRecipient
0.9435833333333333,0.6078234265734266,0.3472584856396867,0.2375,0.28207847295864263,0.7591627903346654,0.20472922926456924,0.20472922926456924,0.2587639482901746,0.021853146853146852,0.7625,133,250,11190,427,0.0400585282284669,432000,36.0,0.325,0.03191666666666667,Hybrid_AddDeviceRecipient
0.9439166666666666,0.6054507992007993,0.3485254691689008,0.23214285714285715,0.27867095391211144,0.7591627903346654,0.20472922926456924,0.20472922926456924,0.25632953213010184,0.02124125874125874,0.7678571428571429,130,243,11197,430,0.0400585282284669,434860,36.23833333333334,0.335,0.031083333333333334,Hybrid_AddDeviceRecipient
0.9440833333333334,0.6055382117882118,0.3504043126684636,0.23214285714285715,0.2792696025778733,0.7591627903346654,0.20472922926456924,0.20472922926456924,0.25721045203873755,0.021066433566433566,0.7678571428571429,130,241,11199,430,0.0400585282284669,434820,36.235,0.34375,0.030916666666666665,Hybrid_AddDeviceRecipient
0.9503333333333334,0.5468281718281719,0.38,0.10178571428571428,0.16056338028169015,0.7591627903346654,0.20472922926456924,0.20472922926456924,0.17780313738679804,0.008129370629370629,0.8982142857142857,57,93,11347,503,0.0400585282284669,504860,42.071666666666665,0.3439414979750716,0.0125,Hybrid_AddDeviceRecipient
0.9503333333333334,0.5468281718281719,0.38,0.10178571428571428,0.16056338028169015,0.7591627903346654,0.20472922926456924,0.20472922926456924,0.17780313738679804,0.008129370629370629,0.8982142857142857,57,93,11347,503,0.0400585282284669,504860,42.071666666666665,0.34500000000000003,0.0125,Hybrid_AddDeviceRecipient
0.9503333333333334,0.5468281718281719,0.38,0.10178571428571428,0.16056338028169015,0.7591627903346654,0.20472922926456924,0.20472922926456924,0.17780313738679804,0.008129370629370629,0.8982142857142857,57,93,11347,503,0.0400585282284669,504860,42.071666666666665,0.35500000000000004,0.0125,Hybrid_AddDeviceRecipient
0.9519166666666666,0.5281281218781219,0.4,0.060714285714285714,0.10542635658914729,0.7591627903346654,0.20472922926456924,0.20472922926456924,0.14148854169095856,0.004458041958041958,0.9392857142857143,34,51,11389,526,0.0400585282284669,527020,43.91833333333334,0.365,0.007083333333333333,Hybrid_AddDeviceRecipient
0.9519166666666666,0.5281281218781219,0.4,0.060714285714285714,0.10542635658914729,0.7591627903346654,0.20472922926456924,0.20472922926456924,0.14148854169095856,0.004458041958041958,0.9392857142857143,34,51,11389,526,0.0400585282284669,527020,43.91833333333334,0.375,0.007083333333333333,Hybrid_AddDeviceRecipient
0.9519166666666666,0.5281281218781219,0.4,0.060714285714285714,0.10542635658914729,0.7591627903346654,0.20472922926456924,0.20472922926456924,0.14148854169095856,0.004458041958041958,0.9392857142857143,34,51,11389,526,0.0400585282284669,527020,43.91833333333334,0.385,0.007083333333333333,Hybrid_AddDeviceRecipient
0.952,0.5281718281718282,0.40476190476190477,0.060714285714285714,0.10559006211180125,0.7591627903346654,0.20472922926456924,0.20472922926456924,0.14254341588238237,0.004370629370629371,0.9392857142857143,34,50,11390,526,0.0400585282284669,527000,43.916666666666664,0.395,0.007,Hybrid_AddDeviceRecipient
0.952,0.5281718281718282,0.40476190476190477,0.060714285714285714,0.10559006211180125,0.7591627903346654,0.20472922926456924,0.20472922926456924,0.14254341588238237,0.004370629370629371,0.9392857142857143,34,50,11390,526,0.0400585282284669,527000,43.916666666666664,0.405,0.007,Hybrid_AddDeviceRecipient
0.952,0.5281718281718282,0.40476190476190477,0.060714285714285714,0.10559006211180125,0.7591627903346654,0.20472922926456924,0.20472922926456924,0.14254341588238237,0.004370629370629371,0.9392857142857143,34,50,11390,526,0.0400585282284669,527000,43.916666666666664,0.41500000000000004,0.007,Hybrid_AddDeviceRecipient
0.9519166666666666,0.527278971028971,0.39759036144578314,0.05892857142857143,0.1026438569206843,0.7591627903346654,0.20472922926456924,0.20472922926456924,0.1388489149025219,0.004370629370629371,0.9410714285714286,33,50,11390,527,0.0400585282284669,528000,44.0,0.425,0.0069166666666666664,Hybrid_AddDeviceRecipient
0.9519166666666666,0.527278971028971,0.39759036144578314,0.05892857142857143,0.1026438569206843,0.7591627903346654,0.20472922926456924,0.20472922926456924,0.1388489149025219,0.004370629370629371,0.9410714285714286,33,50,11390,527,0.0400585282284669,528000,44.0,0.435,0.0069166666666666664,Hybrid_AddDeviceRecipient
0.9519166666666666,0.527278971028971,0.39759036144578314,0.05892857142857143,0.1026438569206843,0.7591627903346654,0.20472922926456924,0.20472922926456924,0.1388489149025219,0.004370629370629371,0.9410714285714286,33,50,11390,527,0.0400585282284669,528000,44.0,0.445,0.0069166666666666664,Hybrid_AddDeviceRecipient
0.9519166666666666,0.527278971028971,0.39759036144578314,0.05892857142857143,0.1026438569206843,0.7591627903346654,0.20472922926456924,0.20472922926456924,0.1388489149025219,0.004370629370629371,0.9410714285714286,33,50,11390,527,0.0400585282284669,528000,44.0,0.455,0.0069166666666666664,Hybrid_AddDeviceRecipient
0.9530833333333333,0.511756993006993,0.45161290322580644,0.025,0.047377326565143825,0.7591627903346654,0.20472922926456924,0.20472922926456924,0.09770650999266373,0.001486013986013986,0.975,14,17,11423,546,0.0400585282284669,546340,45.528333333333336,0.465,0.0025833333333333333,Hybrid_AddDeviceRecipient
0.9531666666666667,0.5118006993006993,0.4666666666666667,0.025,0.04745762711864407,0.7591627903346654,0.20472922926456924,0.20472922926456924,0.09968666405323516,0.0013986013986013986,0.975,14,16,11424,546,0.0400585282284669,546320,45.526666666666664,0.47500000000000003,0.0025,Hybrid_AddDeviceRecipient
0.9531666666666667,0.5118006993006993,0.4666666666666667,0.025,0.04745762711864407,0.7591627903346654,0.20472922926456924,0.20472922926456924,0.09968666405323516,0.0013986013986013986,0.975,14,16,11424,546,0.0400585282284669,546320,45.526666666666664,0.485,0.0025,Hybrid_AddDeviceRecipient
0.9531666666666667,0.5118006993006993,0.4666666666666667,0.025,0.04745762711864407,0.7591627903346654,0.20472922926456924,0.20472922926456924,0.09968666405323516,0.0013986013986013986,0.975,14,16,11424,546,0.0400585282284669,546320,45.526666666666664,0.495,0.0025,Hybrid_AddDeviceRecipient
0.9531666666666667,0.5118006993006993,0.4666666666666667,0.025,0.04745762711864407,0.7591627903346654,0.20472922926456924,0.20472922926456924,0.09968666405323516,0.0013986013986013986,0.975,14,16,11424,546,0.0400585282284669,546320,45.526666666666664,0.505,0.0025,Hybrid_AddDeviceRecipient
0.9531666666666667,0.5118006993006993,0.4666666666666667,0.025,0.04745762711864407,0.7591627903346654,0.20472922926456924,0.20472922926456924,0.09968666405323516,0.0013986013986013986,0.975,14,16,11424,546,0.0400585282284669,546320,45.526666666666664,0.515,0.0025,Hybrid_AddDeviceRecipient
0.9531666666666667,0.5118006993006993,0.4666666666666667,0.025,0.04745762711864407,0.7591627903346654,0.20472922926456924,0.20472922926456924,0.09968666405323516,0.0013986013986013986,0.975,14,16,11424,546,0.0400585282284669,546320,45.526666666666664,0.525,0.0025,Hybrid_AddDeviceRecipient
0.9531666666666667,0.5118006993006993,0.4666666666666667,0.025,0.04745762711864407,0.7591627903346654,0.20472922926456924,0.20472922926456924,0.09968666405323516,0.0013986013986013986,0.975,14,16,11424,546,0.0400585282284669,546320,45.526666666666664,0.535,0.0025,Hybrid_AddDeviceRecipient
0.9531666666666667,0.5118006993006993,0.4666666666666667,0.025,0.04745762711864407,0.7591627903346654,0.20472922926456924,0.20472922926456924,0.09968666405323516,0.0013986013986013986,0.975,14,16,11424,546,0.0400585282284669,546320,45.526666666666664,0.545,0.0025,Hybrid_AddDeviceRecipient
0.9531666666666667,0.5118006993006993,0.4666666666666667,0.025,0.04745762711864407,0.7591627903346654,0.20472922926456924,0.20472922926456924,0.09968666405323516,0.0013986013986013986,0.975,14,16,11424,546,0.0400585282284669,546320,45.526666666666664,0.5471698113207547,0.0025,Hybrid_AddDeviceRecipient
0.9533333333333334,0.5,0.0,0.0,0.0,0.7591627903346654,0.20472922926456924,0.20472922926456924,0.0,0.0,1.0,0,0,11440,560,0.0400585282284669,560000,46.666666666666664,0.555,0.0,Hybrid_AddDeviceRecipient
0.9533333333333334,0.5,0.0,0.0,0.0,0.7591627903346654,0.20472922926456924,0.20472922926456924,0.0,0.0,1.0,0,0,11440,560,0.0400585282284669,560000,46.666666666666664,0.5650000000000001,0.0,Hybrid_AddDeviceRecipient
0.9533333333333334,0.5,0.0,0.0,0.0,0.7591627903346654,0.20472922926456924,0.20472922926456924,0.0,0.0,1.0,0,0,11440,560,0.0400585282284669,560000,46.666666666666664,0.5750000000000001,0.0,Hybrid_AddDeviceRecipient
0.9533333333333334,0.5,0.0,0.0,0.0,0.7591627903346654,0.20472922926456924,0.20472922926456924,0.0,0.0,1.0,0,0,11440,560,0.0400585282284669,560000,46.666666666666664,0.585,0.0,Hybrid_AddDeviceRecipient
0.9533333333333334,0.5,0.0,0.0,0.0,0.7591627903346654,0.20472922926456924,0.20472922926456924,0.0,0.0,1.0,0,0,11440,560,0.0400585282284669,560000,46.666666666666664,0.595,0.0,Hybrid_AddDeviceRecipient
0.9533333333333334,0.5,0.0,0.0,0.0,0.7591627903346654,0.20472922926456924,0.20472922926456924,0.0,0.0,1.0,0,0,11440,560,0.0400585282284669,560000,46.666666666666664,0.605,0.0,Hybrid_AddDeviceRecipient
0.9533333333333334,0.5,0.0,0.0,0.0,0.7591627903346654,0.20472922926456924,0.20472922926456924,0.0,0.0,1.0,0,0,11440,560,0.0400585282284669,560000,46.666666666666664,0.615,0.0,Hybrid_AddDeviceRecipient
0.9533333333333334,0.5,0.0,0.0,0.0,0.7591627903346654,0.20472922926456924,0.20472922926456924,0.0,0.0,1.0,0,0,11440,560,0.0400585282284669,560000,46.666666666666664,0.625,0.0,Hybrid_AddDeviceRecipient
0.9533333333333334,0.5,0.0,0.0,0.0,0.7591627903346654,0.20472922926456924,0.20472922926456924,0.0,0.0,1.0,0,0,11440,560,0.0400585282284669,560000,46.666666666666664,0.635,0.0,Hybrid_AddDeviceRecipient
0.9533333333333334,0.5,0.0,0.0,0.0,0.7591627903346654,0.20472922926456924,0.20472922926456924,0.0,0.0,1.0,0,0,11440,560,0.0400585282284669,560000,46.666666666666664,0.645,0.0,Hybrid_AddDeviceRecipient
0.9533333333333334,0.5,0.0,0.0,0.0,0.7591627903346654,0.20472922926456924,0.20472922926456924,0.0,0.0,1.0,0,0,11440,560,0.0400585282284669,560000,46.666666666666664,0.655,0.0,Hybrid_AddDeviceRecipient
0.9533333333333334,0.5,0.0,0.0,0.0,0.7591627903346654,0.20472922926456924,0.20472922926456924,0.0,0.0,1.0,0,0,11440,560,0.0400585282284669,560000,46.666666666666664,0.665,0.0,Hybrid_AddDeviceRecipient
0.9533333333333334,0.5,0.0,0.0,0.0,0.7591627903346654,0.20472922926456924,0.20472922926456924,0.0,0.0,1.0,0,0,11440,560,0.0400585282284669,560000,46.666666666666664,0.675,0.0,Hybrid_AddDeviceRecipient
0.9533333333333334,0.5,0.0,0.0,0.0,0.7591627903346654,0.20472922926456924,0.20472922926456924,0.0,0.0,1.0,0,0,11440,560,0.0400585282284669,560000,46.666666666666664,0.685,0.0,Hybrid_AddDeviceRecipient
0.9533333333333334,0.5,0.0,0.0,0.0,0.7591627903346654,0.20472922926456924,0.20472922926456924,0.0,0.0,1.0,0,0,11440,560,0.0400585282284669,560000,46.666666666666664,0.6950000000000001,0.0,Hybrid_AddDeviceRecipient
0.9533333333333334,0.5,0.0,0.0,0.0,0.7591627903346654,0.20472922926456924,0.20472922926456924,0.0,0.0,1.0,0,0,11440,560,0.0400585282284669,560000,46.666666666666664,0.7050000000000001,0.0,Hybrid_AddDeviceRecipient
0.9533333333333334,0.5,0.0,0.0,0.0,0.7591627903346654,0.20472922926456924,0.20472922926456924,0.0,0.0,1.0,0,0,11440,560,0.0400585282284669,560000,46.666666666666664,0.715,0.0,Hybrid_AddDeviceRecipient
0.9533333333333334,0.5,0.0,0.0,0.0,0.7591627903346654,0.20472922926456924,0.20472922926456924,0.0,0.0,1.0,0,0,11440,560,0.0400585282284669,560000,46.666666666666664,0.725,0.0,Hybrid_AddDeviceRecipient
0.9533333333333334,0.5,0.0,0.0,0.0,0.7591627903346654,0.20472922926456924,0.20472922926456924,0.0,0.0,1.0,0,0,11440,560,0.0400585282284669,560000,46.666666666666664,0.735,0.0,Hybrid_AddDeviceRecipient
0.9533333333333334,0.5,0.0,0.0,0.0,0.7591627903346654,0.20472922926456924,0.20472922926456924,0.0,0.0,1.0,0,0,11440,560,0.0400585282284669,560000,46.666666666666664,0.745,0.0,Hybrid_AddDeviceRecipient
0.9533333333333334,0.5,0.0,0.0,0.0,0.7591627903346654,0.20472922926456924,0.20472922926456924,0.0,0.0,1.0,0,0,11440,560,0.0400585282284669,560000,46.666666666666664,0.755,0.0,Hybrid_AddDeviceRecipient
0.9533333333333334,0.5,0.0,0.0,0.0,0.7591627903346654,0.20472922926456924,0.20472922926456924,0.0,0.0,1.0,0,0,11440,560,0.0400585282284669,560000,46.666666666666664,0.765,0.0,Hybrid_AddDeviceRecipient
0.9533333333333334,0.5,0.0,0.0,0.0,0.7591627903346654,0.20472922926456924,0.20472922926456924,0.0,0.0,1.0,0,0,11440,560,0.0400585282284669,560000,46.666666666666664,0.775,0.0,Hybrid_AddDeviceRecipient
0.9533333333333334,0.5,0.0,0.0,0.0,0.7591627903346654,0.20472922926456924,0.20472922926456924,0.0,0.0,1.0,0,0,11440,560,0.0400585282284669,560000,46.666666666666664,0.785,0.0,Hybrid_AddDeviceRecipient
0.9533333333333334,0.5,0.0,0.0,0.0,0.7591627903346654,0.20472922926456924,0.20472922926456924,0.0,0.0,1.0,0,0,11440,560,0.0400585282284669,560000,46.666666666666664,0.795,0.0,Hybrid_AddDeviceRecipient
0.9533333333333334,0.5,0.0,0.0,0.0,0.7591627903346654,0.20472922926456924,0.20472922926456924,0.0,0.0,1.0,0,0,11440,560,0.0400585282284669,560000,46.666666666666664,0.805,0.0,Hybrid_AddDeviceRecipient
0.9533333333333334,0.5,0.0,0.0,0.0,0.7591627903346654,0.20472922926456924,0.20472922926456924,0.0,0.0,1.0,0,0,11440,560,0.0400585282284669,560000,46.666666666666664,0.8150000000000001,0.0,Hybrid_AddDeviceRecipient
0.9533333333333334,0.5,0.0,0.0,0.0,0.7591627903346654,0.20472922926456924,0.20472922926456924,0.0,0.0,1.0,0,0,11440,560,0.0400585282284669,560000,46.666666666666664,0.8250000000000001,0.0,Hybrid_AddDeviceRecipient
0.9533333333333334,0.5,0.0,0.0,0.0,0.7591627903346654,0.20472922926456924,0.20472922926456924,0.0,0.0,1.0,0,0,11440,560,0.0400585282284669,560000,46.666666666666664,0.8350000000000001,0.0,Hybrid_AddDeviceRecipient
0.9533333333333334,0.5,0.0,0.0,0.0,0.7591627903346654,0.20472922926456924,0.20472922926456924,0.0,0.0,1.0,0,0,11440,560,0.0400585282284669,560000,46.666666666666664,0.845,0.0,Hybrid_AddDeviceRecipient
0.9533333333333334,0.5,0.0,0.0,0.0,0.7591627903346654,0.20472922926456924,0.20472922926456924,0.0,0.0,1.0,0,0,11440,560,0.0400585282284669,560000,46.666666666666664,0.855,0.0,Hybrid_AddDeviceRecipient
0.9533333333333334,0.5,0.0,0.0,0.0,0.7591627903346654,0.20472922926456924,0.20472922926456924,0.0,0.0,1.0,0,0,11440,560,0.0400585282284669,560000,46.666666666666664,0.865,0.0,Hybrid_AddDeviceRecipient
0.9533333333333334,0.5,0.0,0.0,0.0,0.7591627903346654,0.20472922926456924,0.20472922926456924,0.0,0.0,1.0,0,0,11440,560,0.0400585282284669,560000,46.666666666666664,0.875,0.0,Hybrid_AddDeviceRecipient
0.9533333333333334,0.5,0.0,0.0,0.0,0.7591627903346654,0.20472922926456924,0.20472922926456924,0.0,0.0,1.0,0,0,11440,560,0.0400585282284669,560000,46.666666666666664,0.885,0.0,Hybrid_AddDeviceRecipient
0.9533333333333334,0.5,0.0,0.0,0.0,0.7591627903346654,0.20472922926456924,0.20472922926456924,0.0,0.0,1.0,0,0,11440,560,0.0400585282284669,560000,46.666666666666664,0.895,0.0,Hybrid_AddDeviceRecipient
0.9533333333333334,0.5,0.0,0.0,0.0,0.7591627903346654,0.20472922926456924,0.20472922926456924,0.0,0.0,1.0,0,0,11440,560,0.0400585282284669,560000,46.666666666666664,0.905,0.0,Hybrid_AddDeviceRecipient
0.9533333333333334,0.5,0.0,0.0,0.0,0.7591627903346654,0.20472922926456924,0.20472922926456924,0.0,0.0,1.0,0,0,11440,560,0.0400585282284669,560000,46.666666666666664,0.915,0.0,Hybrid_AddDeviceRecipient
0.9533333333333334,0.5,0.0,0.0,0.0,0.7591627903346654,0.20472922926456924,0.20472922926456924,0.0,0.0,1.0,0,0,11440,560,0.0400585282284669,560000,46.666666666666664,0.925,0.0,Hybrid_AddDeviceRecipient
0.9533333333333334,0.5,0.0,0.0,0.0,0.7591627903346654,0.20472922926456924,0.20472922926456924,0.0,0.0,1.0,0,0,11440,560,0.0400585282284669,560000,46.666666666666664,0.935,0.0,Hybrid_AddDeviceRecipient
0.9533333333333334,0.5,0.0,0.0,0.0,0.7591627903346654,0.20472922926456924,0.20472922926456924,0.0,0.0,1.0,0,0,11440,560,0.0400585282284669,560000,46.666666666666664,0.9450000000000001,0.0,Hybrid_AddDeviceRecipient
0.9533333333333334,0.5,0.0,0.0,0.0,0.7591627903346654,0.20472922926456924,0.20472922926456924,0.0,0.0,1.0,0,0,11440,560,0.0400585282284669,560000,46.666666666666664,0.9550000000000001,0.0,Hybrid_AddDeviceRecipient
0.9533333333333334,0.5,0.0,0.0,0.0,0.7591627903346654,0.20472922926456924,0.20472922926456924,0.0,0.0,1.0,0,0,11440,560,0.0400585282284669,560000,46.666666666666664,0.965,0.0,Hybrid_AddDeviceRecipient
0.9533333333333334,0.5,0.0,0.0,0.0,0.7591627903346654,0.20472922926456924,0.20472922926456924,0.0,0.0,1.0,0,0,11440,560,0.0400585282284669,560000,46.666666666666664,0.975,0.0,Hybrid_AddDeviceRecipient
0.9533333333333334,0.5,0.0,0.0,0.0,0.7591627903346654,0.20472922926456924,0.20472922926456924,0.0,0.0,1.0,0,0,11440,560,0.0400585282284669,560000,46.666666666666664,0.985,0.0,Hybrid_AddDeviceRecipient
0.9533333333333334,0.5,0.0,0.0,0.0,0.7591627903346654,0.20472922926456924,0.20472922926456924,0.0,0.0,1.0,0,0,11440,560,0.0400585282284669,560000,46.666666666666664,0.995,0.0,Hybrid_AddDeviceRecipient
0.9533333333333334,0.5,0.0,0.0,0.0,0.7591627903346654,0.20472922926456924,0.20472922926456924,0.0,0.0,1.0,0,0,11440,560,0.0400585282284669,560000,46.666666666666664,1.000001,0.0,Hybrid_AddDeviceRecipient
0.04666666666666667,0.5,0.04666666666666667,1.0,0.089171974522293,0.7601422015484516,0.2112584607130886,0.2112584607130886,0.0,1.0,0.0,560,11440,0,0,0.040223331830458314,228800,19.066666666666666,0.0049982870239660025,1.0,FullHybrid
0.04675,0.5000437062937063,0.046670555879656635,1.0,0.08917907476709927,0.7601422015484516,0.2112584607130886,0.2112584607130886,0.0020198004964413025,0.9999125874125874,0.0,560,11439,1,0,0.040223331830458314,228780,19.065,0.005,0.9999166666666667,FullHybrid
0.058166666666666665,0.5009365634365635,0.04675105485232067,0.9892857142857143,0.08928283642224014,0.7601422015484516,0.2112584607130886,0.2112584607130886,0.003556062747735961,0.9874125874125874,0.010714285714285714,554,11296,144,6,0.040223331830458314,231920,19.326666666666668,0.007461448835467497,0.9875,FullHybrid
0.0705,0.5065559440559441,0.04726495726495727,0.9875,0.09021207177814031,0.7601422015484516,0.2112584607130886,0.2112584607130886,0.017714084095070706,0.9743881118881119,0.0125,553,11147,293,7,0.040223331830458314,229940,19.161666666666665,0.008335673180887584,0.975,FullHybrid
0.083,0.5131118881118881,0.04787878787878788,0.9875,0.09132947976878614,0.7601422015484516,0.2112584607130886,0.2112584607130886,0.029114209782743115,0.9612762237762238,0.0125,553,10997,443,7,0.040223331830458314,226940,18.911666666666665,0.008850558759422363,0.9625,FullHybrid
0.09533333333333334,0.5187312687312687,0.04842105263157895,0.9857142857142858,0.09230769230769231,0.7601422015484516,0.2112584607130886,0.2112584607130886,0.03625568919060186,0.9482517482517483,0.014285714285714285,552,10848,592,8,0.040223331830458314,224960,18.746666666666666,0.009262381655217922,0.95,FullHybrid
0.1075,0.5234140859140859,0.04888888888888889,0.9821428571428571,0.09314140558848434,0.7601422015484516,0.2112584607130886,0.2112584607130886,0.04080443192842739,0.9353146853146853,0.017857142857142856,550,10700,740,10,0.040223331830458314,224000,18.666666666666668,0.009590201909698464,0.9375,FullHybrid
0.11933333333333333,0.5262237762237763,0.049189189189189186,0.975,0.09365351629502572,0.7601422015484516,0.2112584607130886,0.2112584607130886,0.04200002100001575,0.9225524475524476,0.025,546,10554,886,14,0.040223331830458314,225080,18.756666666666668,0.009917119426199711,0.925,FullHybrid
0.1315,0.5309065934065934,0.049680365296803655,0.9714285714285714,0.0945264986967854,0.7601422015484516,0.2112584607130886,0.2112584607130886,0.04614094140141892,0.9096153846153846,0.02857142857142857,544,10406,1034,16,0.040223331830458314,224120,18.676666666666666,0.010265233372492504,0.9125,FullHybrid
0.143,0.5318431568431569,0.04981481481481481,0.9607142857142857,0.09471830985915491,0.7601422015484516,0.2112584607130886,0.2112584607130886,0.04477655083790516,0.897027972027972,0.039285714285714285,538,10262,1178,22,0.040223331830458314,227240,18.936666666666667,0.010542311881972922,0.9,FullHybrid
0.15516666666666667,0.536525974025974,0.05032863849765258,0.9571428571428572,0.09562890276538805,0.7601422015484516,0.2112584607130886,0.2112584607130886,0.0487637548426543,0.884090909090909,0.04285714285714286,536,10114,1326,24,0.040223331830458314,226280,18.856666666666666,0.010838804583615557,0.8875,FullHybrid
0.167,0.5393356643356643,0.050666666666666665,0.95,0.09620253164556962,0.7601422015484516,0.2112584607130886,0.2112584607130886,0.050174520600425446,0.8713286713286713,0.05,532,9968,1472,28,0.040223331830458314,227360,18.946666666666665,0.011082600991205827,0.875,FullHybrid
0.17933333333333334,0.5449550449550449,0.051304347826086956,0.9482142857142857,0.09734188817598534,0.7601422015484516,0.2112584607130886,0.2112584607130886,0.055068508078099376,0.8583041958041958,0.05178571428571429,531,9819,1621,29,0.040223331830458314,225380,18.781666666666666,0.011295605310459098,0.8625,FullHybrid
0.19133333333333333,0.5487012987012987,0.05176470588235294,0.9428571428571428,0.09814126394052045,0.7601422015484516,0.2112584607130886,0.2112584607130886,0.057536206645215644,0.8454545454545455,0.05714285714285714,528,9672,1768,32,0.040223331830458314,225440,18.786666666666665,0.011524236672346375,0.85,FullHybrid
0.20366666666666666,0.5543206793206793,0.05243781094527363,0.9410714285714286,0.09934024505183789,0.7601422015484516,0.2112584607130886,0.2112584607130886,0.062115770589745836,0.83243006993007,0.05892857142857143,527,9523,1917,33,0.040223331830458314,223460,18.621666666666666,0.011770247155865355,0.8375,FullHybrid
0.216,0.5599400599400599,0.05313131313131313,0.9392857142857143,0.1005736137667304,0.7601422015484516,0.2112584607130886,0.2112584607130886,0.06654676521769855,0.8194055944055944,0.060714285714285714,526,9374,2066,34,0.040223331830458314,221480,18.456666666666667,0.012036595125513552,0.825,FullHybrid
0.22816666666666666,0.5646228771228772,0.05374358974358975,0.9357142857142857,0.10164888457807954,0.7601422015484516,0.2112584607130886,0.2112584607130886,0.06984410300342163,0.8064685314685315,0.06428571428571428,524,9226,2214,36,0.040223331830458314,220520,18.376666666666665,0.012281200671818971,0.8125,FullHybrid
0.24033333333333334,0.5693056943056943,0.054375,0.9321428571428572,0.10275590551181102,0.7601422015484516,0.2112584607130886,0.2112584607130886,0.07309113445599225,0.7935314685314685,0.06785714285714285,522,9078,2362,38,0.040223331830458314,219560,18.296666666666667,0.012539578014413999,0.8,FullHybrid
0.25283333333333335,0.5758616383616384,0.05523809523809524,0.9321428571428572,0.1042957042957043,0.7601422015484516,0.2112584607130886,0.2112584607130886,0.07822998459464496,0.7804195804195804,0.06785714285714285,522,8928,2512,38,0.040223331830458314,216560,18.046666666666667,0.012776880673276758,0.7875,FullHybrid
0.26516666666666666,0.581481018981019,0.05602150537634409,0.9303571428571429,0.10567951318458418,0.7601422015484516,0.2112584607130886,0.2112584607130886,0.08231331959005296,0.7673951048951049,0.06964285714285715,521,8779,2661,39,0.040223331830458314,214580,17.881666666666668,0.012985589599610697,0.775,FullHybrid
0.2768333333333333,0.5833541458541458,0.05639344262295082,0.9214285714285714,0.1062821833161689,0.7601422015484516,0.2112584607130886,0.2112584607130886,0.08262876276331044,0.7547202797202798,0.07857142857142857,516,8634,2806,44,0.040223331830458314,216680,18.05666666666667,0.01323800934586505,0.7625,FullHybrid
0.2891666666666667,0.5889735264735264,0.05722222222222222,0.9196428571428571,0.10774058577405858,0.7601422015484516,0.2112584607130886,0.2112584607130886,0.08667940939646517,0.7416958041958042,0.08035714285714286,515,8485,2955,45,0.040223331830458314,214700,17.891666666666666,0.013488491314658093,0.75,FullHybrid
0.3011666666666667,0.5927197802197802,0.05785310734463277,0.9142857142857143,0.10882040382571731,0.7601422015484516,0.2112584607130886,0.2112584607130886,0.0888960579168889,0.7288461538461538,0.08571428571428572,512,8338,3102,48,0.040223331830458314,214760,17.89666666666667,0.013719325906339615,0.7375,FullHybrid
0.31333333333333335,0.5974025974025974,0.05862068965517241,0.9107142857142857,0.1101511879049676,0.7601422015484516,0.2112584607130886,0.2112584607130886,0.0920218507051774,0.7159090909090909,0.08928571428571429,510,8190,3250,50,0.040223331830458314,213800,17.816666666666666,0.014014863288762957,0.725,FullHybrid
0.3255,0.6020854145854146,0.059415204678362574,0.9071428571428571,0.11152579582875961,0.7601422015484516,0.2112584607130886,0.2112584607130886,0.09514985117882373,0.702972027972028,0.09285714285714286,508,8042,3398,52,0.040223331830458314,212840,17.736666666666668,0.014292544476351662,0.7125,FullHybrid
0.3368333333333333,0.6020854145854146,0.05964285714285714,0.8946428571428572,0.11183035714285715,0.7601422015484516,0.2112584607130886,0.2112584607130886,0.09397445697284673,0.690472027972028,0.10535714285714286,501,7899,3541,59,0.040223331830458314,216980,18.081666666666667,0.01453120501535491,0.7,FullHybrid
0.3486666666666667,0.6048951048951049,0.06024242424242424,0.8875,0.11282633371169126,0.7601422015484516,0.2112584607130886,0.2112584607130886,0.09546619975474815,0.6777097902097902,0.1125,497,7753,3687,63,0.040223331830458314,218060,18.171666666666667,0.014764216893920058,0.6875,FullHybrid
0.3596666666666667,0.6098151848151848,0.061113849186791525,0.8857142857142857,0.11433840479483633,0.7601422015484516,0.2112584607130886,0.2112584607130886,0.09901221778075345,0.666083916083916,0.11428571428571428,496,7620,3820,64,0.040223331830458314,216400,18.033333333333335,0.015,0.6763333333333333,FullHybrid
0.36083333333333334,0.609577922077922,0.06111111111111111,0.8839285714285714,0.11431870669745958,0.7601422015484516,0.2112584607130886,0.2112584607130886,0.09869275424396534,0.6647727272727273,0.11607142857142858,495,7605,3835,65,0.040223331830458314,217100,18.091666666666665,0.01502567169893461,0.675,FullHybrid
0.37283333333333335,0.6133241758241759,0.061886792452830186,0.8785714285714286,0.11562867215041128,0.7601422015484516,0.2112584607130886,0.2112584607130886,0.10109938522455914,0.6519230769230769,0.12142857142857143,492,7458,3982,68,0.040223331830458314,217160,18.096666666666668,0.015325558707490479,0.6625,FullHybrid
0.3845,0.6151973026973028,0.06243589743589743,0.8696428571428572,0.11650717703349284,0.7601422015484516,0.2112584607130886,0.2112584607130886,0.10188432797545309,0.6392482517482517,0.13035714285714287,487,7313,4127,73,0.040223331830458314,219260,18.27166666666667,0.015592831669652696,0.65,FullHybrid
0.3963333333333333,0.618006993006993,0.06313725490196079,0.8625,0.11766138855054811,0.7601422015484516,0.2112584607130886,0.2112584607130886,0.10355460570395503,0.626486013986014,0.1375,483,7167,4273,77,0.040223331830458314,220340,18.361666666666668,0.015912798782006316,0.6375,FullHybrid
0.4081666666666667,0.6208166833166833,0.06386666666666667,0.8553571428571428,0.11885856079404468,0.7601422015484516,0.2112584607130886,0.2112584607130886,0.10527543437534267,0.6137237762237763,0.14464285714285716,479,7021,4419,81,0.040223331830458314,221420,18.451666666666668,0.016222574530088223,0.625,FullHybrid
0.4201666666666667,0.6245629370629371,0.06476190476190476,0.85,0.12035398230088494,0.7601422015484516,0.2112584607130886,0.2112584607130886,0.10785883256627628,0.6008741258741259,0.15,476,6874,4566,84,0.040223331830458314,221480,18.456666666666667,0.01652791799386023,0.6125,FullHybrid
0.432,0.6273726273726273,0.06555555555555556,0.8428571428571429,0.12164948453608247,0.7601422015484516,0.2112584607130886,0.2112584607130886,0.1096797019946582,0.5881118881118881,0.15714285714285714,472,6728,4712,88,0.040223331830458314,222560,18.546666666666667,0.016849111333437458,0.6,FullHybrid
0.4445,0.6339285714285714,0.06695035460992908,0.8428571428571429,0.12404730617608412,0.7601422015484516,0.2112584607130886,0.2112584607130886,0.11476596157913453,0.575,0.15714285714285714,472,6578,4862,88,0.040223331830458314,219560,18.296666666666667,0.017205261317504363,0.5875,FullHybrid
0.456,0.6348651348651349,0.06753623188405797,0.8321428571428572,0.12493297587131366,0.7601422015484516,0.2112584607130886,0.2112584607130886,0.11508721455273323,0.5624125874125874,0.16785714285714284,466,6434,5006,94,0.040223331830458314,222680,18.55666666666667,0.017558443692750832,0.575,FullHybrid
0.4683333333333333,0.6404845154845156,0.06888888888888889,0.8303571428571429,0.12722298221614228,0.7601422015484516,0.2112584607130886,0.2112584607130886,0.11946314428672726,0.5493881118881119,0.16964285714285715,465,6285,5155,95,0.040223331830458314,220700,18.391666666666666,0.017975938698975125,0.5625,FullHybrid
0.4801666666666667,0.6432942057942057,0.06984848484848485,0.8232142857142857,0.1287709497206704,0.7601422015484516,0.2112584607130886,0.2112584607130886,0.12150574243822235,0.5366258741258741,0.1767857142857143,461,6139,5301,99,0.040223331830458314,221780,18.481666666666666,0.018378567400258356,0.55,FullHybrid
0.49216666666666664,0.6470404595404595,0.07100775193798449,0.8178571428571428,0.13067047075606275,0.7601422015484516,0.2112584607130886,0.2112584607130886,0.12440777526771384,0.5237762237762238,0.18214285714285713,458,5992,5448,102,0.040223331830458314,221840,18.486666666666668,0.018797644299613468,0.5375,FullHybrid
0.5038333333333334,0.6489135864135864,0.0719047619047619,0.8089285714285714,0.13206997084548106,0.7601422015484516,0.2112584607130886,0.2112584607130886,0.1257950760671777,0.5111013986013986,0.19107142857142856,453,5847,5593,107,0.040223331830458314,223940,18.661666666666665,0.019227657125425714,0.525,FullHybrid
0.5161666666666667,0.654532967032967,0.0734959349593496,0.8071428571428572,0.1347242921013413,0.7601422015484516,0.2112584607130886,0.2112584607130886,0.1304195428582349,0.4980769230769231,0.19285714285714287,452,5698,5742,108,0.040223331830458314,221960,18.496666666666666,0.019661383118139402,0.5125,FullHybrid
0.5281666666666667,0.6582792207792207,0.07483333333333334,0.8017857142857143,0.13689024390243903,0.7601422015484516,0.2112584607130886,0.2112584607130886,0.13353947808716418,0.48522727272727273,0.1982142857142857,449,5551,5889,111,0.040223331830458314,222020,18.501666666666665,0.020114960511259602,0.5,FullHybrid
0.5396666666666666,0.6592157842157842,0.07572649572649573,0.7910714285714285,0.13822152886115446,0.7601422015484516,0.2112584607130886,0.2112584607130886,0.13437165021757536,0.47263986013986015,0.20892857142857144,443,5407,6033,117,0.040223331830458314,225140,18.761666666666667,0.02067606998799968,0.4875,FullHybrid
0.5515,0.6620254745254746,0.07701754385964912,0.7839285714285714,0.14025559105431312,0.7601422015484516,0.2112584607130886,0.2112584607130886,0.13687137207309275,0.45987762237762236,0.21607142857142858,439,5261,6179,121,0.040223331830458314,226220,18.851666666666667,0.02123768346512793,0.475,FullHybrid
0.5636666666666666,0.6667082917082917,0.07873873873873874,0.7803571428571429,0.14304418985270048,0.7601422015484516,0.2112584607130886,0.2112584607130886,0.14104830571753543,0.44694055944055944,0.21964285714285714,437,5113,6327,123,0.040223331830458314,225260,18.77166666666667,0.02177920660384314,0.4625,FullHybrid
0.5758333333333333,0.6713911088911089,0.08055555555555556,0.7767857142857143,0.1459731543624161,0.7601422015484516,0.2112584607130886,0.2112584607130886,0.14533039781826596,0.4340034965034965,0.22321428571428573,435,4965,6475,125,0.040223331830458314,224300,18.691666666666666,0.02239562631912079,0.45,FullHybrid
0.5876666666666667,0.6742007992007992,0.0820952380952381,0.7696428571428572,0.14836488812392426,0.7601422015484516,0.2112584607130886,0.2112584607130886,0.1481342989155418,0.42124125874125873,0.23035714285714284,431,4819,6621,129,0.040223331830458314,225380,18.781666666666666,0.022968831852117025,0.4375,FullHybrid
0.5998333333333333,0.6788836163836164,0.08411764705882353,0.7660714285714286,0.15159010600706715,0.7601422015484516,0.2112584607130886,0.2112584607130886,0.152650402635917,0.4083041958041958,0.23392857142857143,429,4671,6769,131,0.040223331830458314,224420,18.701666666666668,0.023614900194281765,0.425,FullHybrid
0.6118333333333333,0.6826298701298701,0.08606060606060606,0.7607142857142857,0.15462794918330308,0.7601422015484516,0.2112584607130886,0.2112584607130886,0.15649903851700162,0.39545454545454545,0.2392857142857143,426,4524,6916,134,0.040223331830458314,224480,18.706666666666667,0.024259223178673465,0.4125,FullHybrid
0.6235,0.684502997002997,0.08770833333333333,0.7517857142857143,0.15708955223880597,0.7601422015484516,0.2112584607130886,0.2112584607130886,0.15887427421285047,0.3827797202797203,0.24821428571428572,421,4379,7061,139,0.040223331830458314,226580,18.881666666666668,0.024858961368731097,0.4,FullHybrid
0.625,0.6818931068931069,0.08734813573523251,0.7446428571428572,0.156355455568054,0.7601422015484516,0.2112584607130886,0.2112584607130886,0.15677004268513955,0.3808566433566434,0.25535714285714284,417,4357,7083,143,0.040223331830458314,230140,19.178333333333335,0.025,0.3978333333333333,FullHybrid
0.6343333333333333,0.6816933066933066,0.08838709677419355,0.7339285714285714,0.1577735124760077,0.7601422015484516,0.2112584607130886,0.2112584607130886,0.15732792118689923,0.37054195804195805,0.26607142857142857,411,4239,7201,149,0.040223331830458314,233780,19.481666666666666,0.025641171695879157,0.3875,FullHybrid
0.6463333333333333,0.6854395604395604,0.09066666666666667,0.7285714285714285,0.16126482213438736,0.7601422015484516,0.2112584607130886,0.2112584607130886,0.16158555043657247,0.3576923076923077,0.2714285714285714,408,4092,7348,152,0.040223331830458314,233840,19.486666666666668,0.026512135387177373,0.375,FullHybrid
0.6578333333333334,0.6863761238761239,0.09241379310344827,0.7178571428571429,0.16374745417515277,0.7601422015484516,0.2112584607130886,0.2112584607130886,0.16355052805624645,0.3451048951048951,0.28214285714285714,402,3948,7492,158,0.040223331830458314,236960,19.746666666666666,0.02742163523436411,0.3625,FullHybrid
0.6698333333333333,0.6901223776223777,0.095,0.7125,0.1676470588235294,0.7601422015484516,0.2112584607130886,0.2112584607130886,0.16815055755298355,0.33225524475524476,0.2875,399,3801,7639,161,0.040223331830458314,237020,19.751666666666665,0.02842638947628422,0.35,FullHybrid
0.682,0.6948051948051948,0.09802469135802469,0.7089285714285715,0.17223427331887203,0.7601422015484516,0.2112584607130886,0.2112584607130886,0.17379067873312645,0.31931818181818183,0.2910714285714286,397,3653,7787,163,0.040223331830458314,236060,19.671666666666667,0.029304832023016973,0.3375,FullHybrid
0.6938333333333333,0.6976148851148851,0.10076923076923076,0.7017857142857142,0.17623318385650225,0.7601422015484516,0.2112584607130886,0.2112584607130886,0.177984368764758,0.30655594405594405,0.2982142857142857,393,3507,7933,167,0.040223331830458314,237140,19.761666666666667,0.03041938824760629,0.325,FullHybrid
0.7051666666666667,0.6976148851148851,0.10293333333333334,0.6892857142857143,0.1791183294663573,0.7601422015484516,0.2112584607130886,0.2112584607130886,0.17985150132367733,0.29405594405594404,0.3107142857142857,386,3364,8076,174,0.040223331830458314,241280,20.106666666666666,0.03159372806465222,0.3125,FullHybrid
0.7173333333333334,0.7022977022977023,0.10666666666666667,0.6857142857142857,0.18461538461538463,0.7601422015484516,0.2112584607130886,0.2112584607130886,0.18622461198288892,0.2811188811188811,0.3142857142857143,384,3216,8224,176,0.040223331830458314,240320,20.026666666666667,0.032782436581049616,0.3,FullHybrid
0.729,0.7041708291708292,0.10985507246376812,0.6767857142857143,0.1890274314214464,0.7601422015484516,0.2112584607130886,0.2112584607130886,0.19029970235764745,0.26844405594405596,0.32321428571428573,379,3071,8369,181,0.040223331830458314,242420,20.201666666666668,0.034142871336739176,0.2875,FullHybrid
0.73525,0.7040521978021979,0.11137511137511137,0.6696428571428571,0.19098548510313218,0.7601422015484516,0.2112584607130886,0.2112584607130886,0.19159133764376668,0.26153846153846155,0.33035714285714285,375,2992,8448,185,0.040223331830458314,244840,20.403333333333332,0.034999999999999996,0.28058333333333335,FullHybrid
0.7406666666666667,0.706043956043956,0.11333333333333333,0.6678571428571428,0.19378238341968912,0.7601422015484516,0.2112584607130886,0.2112584607130886,0.19466160726095222,0.25576923076923075,0.33214285714285713,374,2926,8514,186,0.040223331830458314,244520,20.376666666666665,0.03564568096987933,0.275,FullHybrid
0.7518333333333334,0.7051073926073926,0.11619047619047619,0.6535714285714286,0.1973045822102426,0.7601422015484516,0.2112584607130886,0.2112584607130886,0.19664885539190574,0.24335664335664337,0.3464285714285714,366,2784,8656,194,0.040223331830458314,249680,20.80666666666667,0.037238833788078206,0.2625,FullHybrid
0.7631666666666667,0.7051073926073926,0.11966666666666667,0.6410714285714286,0.20168539325842696,0.7601422015484516,0.2112584607130886,0.2112584607130886,0.199818849029746,0.23085664335664335,0.35892857142857143,359,2641,8799,201,0.040223331830458314,253820,21.151666666666667,0.0394874803995027,0.25,FullHybrid
0.7746666666666666,0.706043956043956,0.12385964912280702,0.6303571428571428,0.20703812316715545,0.7601422015484516,0.2112584607130886,0.2112584607130886,0.20425087424638536,0.21826923076923077,0.36964285714285716,353,2497,8943,207,0.040223331830458314,256940,21.411666666666665,0.04162207407643296,0.2375,FullHybrid
0.7855,0.7032342657342657,0.12703703703703703,0.6125,0.21042944785276074,0.7601422015484516,0.2112584607130886,0.2112584607130886,0.20531023392001715,0.20603146853146853,0.3875,343,2357,9083,217,0.040223331830458314,264140,22.011666666666667,0.04399655734704607,0.225,FullHybrid
0.78925,0.7026535964035964,0.1283503208758022,0.6071428571428571,0.21190401994390773,0.7601422015484516,0.2112584607130886,0.2112584607130886,0.2061205673185489,0.20183566433566433,0.39285714285714285,340,2309,9131,220,0.040223331830458314,266180,22.18166666666667,0.045,0.22075,FullHybrid
0.7965,0.7013611388611389,0.13098039215686275,0.5964285714285714,0.2147909967845659,0.7601422015484516,0.2112584607130886,0.2112584607130886,0.20764748997344032,0.19370629370629372,0.4035714285714286,334,2216,9224,226,0.040223331830458314,270320,22.526666666666667,0.0467198513496068,0.2125,FullHybrid
0.8068333333333333,0.6957417582417582,0.13375,0.5732142857142857,0.2168918918918919,0.7601422015484516,0.2112584607130886,0.2112584607130886,0.20643306893651864,0.18173076923076922,0.42678571428571427,321,2079,9361,239,0.040223331830458314,280580,23.381666666666668,0.049891367333947514,0.2,FullHybrid
0.8181666666666667,0.6957417582417582,0.13955555555555554,0.5607142857142857,0.22348754448398575,0.7601422015484516,0.2112584607130886,0.2112584607130886,0.21155677576398724,0.16923076923076924,0.4392857142857143,314,1936,9504,246,0.040223331830458314,284720,23.726666666666667,0.05399270825910556,0.1875,FullHybrid
0.8215,0.6949425574425574,0.1411070780399274,0.5553571428571429,0.22503617945007237,0.7601422015484516,0.2112584607130886,0.2112584607130886,0.21237994174268893,0.16547202797202798,0.4446428571428571,311,1893,9547,249,0.040223331830458314,286860,23.905,0.055,0.18366666666666667,FullHybrid
0.8296666666666667,0.6966783216783217,0.14666666666666667,0.55,0.23157894736842105,0.7601422015484516,0.2112584607130886,0.2112584607130886,0.21835657337057338,0.15664335664335666,0.45,308,1792,9648,252,0.040223331830458314,287840,23.986666666666668,0.05829928971919222,0.175,FullHybrid
0.8413333333333334,0.6985514485514486,0.15538461538461537,0.5410714285714285,0.24143426294820716,0.7601422015484516,0.2112584607130886,0.2112584607130886,0.22704385112113998,0.14396853146853147,0.4589285714285714,303,1647,9793,257,0.040223331830458314,289940,24.161666666666665,0.0635190968760731,0.1625,FullHybrid
0.8439166666666666,0.697358891108891,0.15682174594877157,0.5357142857142857,0.24262029923170236,0.7601422015484516,0.2112584607130886,0.2112584607130886,0.22743391239630262,0.1409965034965035,0.4642857142857143,300,1613,9827,260,0.040223331830458314,292260,24.355,0.065,0.15941666666666668,FullHybrid
0.8516666666666667,0.692932067932068,0.16111111111111112,0.5178571428571429,0.2457627118644068,0.7601422015484516,0.2112584607130886,0.2112584607130886,0.2279318955560466,0.131993006993007,0.48214285714285715,290,1510,9930,270,0.040223331830458314,300200,25.016666666666666,0.069059467194743,0.15,FullHybrid
0.8595833333333334,0.6919892607392607,0.16774955699940933,0.5071428571428571,0.2521083000443853,0.7601422015484516,0.2112584607130886,0.2112584607130886,0.2326587233356381,0.12316433566433567,0.4928571428571429,284,1409,10031,276,0.040223331830458314,304180,25.348333333333333,0.07500000000000001,0.14108333333333334,FullHybrid
0.8623333333333333,0.6891858141858143,0.1690909090909091,0.4982142857142857,0.2524886877828054,0.7601422015484516,0.2112584607130886,0.2112584607130886,0.23174663816200153,0.11984265734265734,0.5017857142857143,279,1371,10069,281,0.040223331830458314,308420,25.701666666666668,0.07736604227325267,0.1375,FullHybrid
0.87325,0.6889672827172827,0.18073089700996678,0.4857142857142857,0.26343825665859566,0.7601422015484516,0.2112584607130886,0.2112584607130886,0.24069339242857915,0.10777972027972028,0.5142857142857142,272,1233,10207,288,0.040223331830458314,312660,26.055,0.085,0.12541666666666668,FullHybrid
0.8735,0.6882492507492507,0.18066666666666667,0.48392857142857143,0.2631067961165049,0.7601422015484516,0.2112584607130886,0.2112584607130886,0.2401209200163218,0.10743006993006993,0.5160714285714286,271,1229,10211,289,0.040223331830458314,313580,26.131666666666668,0.08536898333455302,0.125,FullHybrid
0.88375,0.687681068931069,0.1936903888481291,0.4714285714285714,0.2745709828393136,0.7601422015484516,0.2112584607130886,0.2112584607130886,0.24951690921609038,0.09606643356643357,0.5285714285714286,264,1099,10341,296,0.040223331830458314,317980,26.498333333333335,0.095,0.11358333333333333,FullHybrid
0.8846666666666667,0.6873126873126874,0.1948148148148148,0.46964285714285714,0.2753926701570681,0.7601422015484516,0.2112584607130886,0.2112584607130886,0.25007053765463744,0.09501748251748252,0.5303571428571429,263,1087,10353,297,0.040223331830458314,318740,26.561666666666667,0.09551056467156759,0.1125,FullHybrid
0.8929166666666667,0.6865447052947052,0.20742534301856336,0.4589285714285714,0.2857142857142857,0.7601422015484516,0.2112584607130886,0.2112584607130886,0.25861754186525526,0.08583916083916084,0.5410714285714285,257,982,10458,303,0.040223331830458314,322640,26.886666666666667,0.10500000000000001,0.10325,FullHybrid
0.896,0.6873126873126874,0.21333333333333335,0.45714285714285713,0.29090909090909095,0.7601422015484516,0.2112584607130886,0.2112584607130886,0.2633914755170892,0.08251748251748252,0.5428571428571428,256,944,10496,304,0.040223331830458314,322880,26.906666666666666,0.10826500228402276,0.1,FullHybrid
0.9020833333333333,0.6879557942057942,0.2256913470115968,0.4517857142857143,0.3010113027959548,0.7601422015484516,0.2112584607130886,0.2112584607130886,0.27245541584036104,0.07587412587412587,0.5482142857142858,253,868,10572,307,0.040223331830458314,324360,27.03,0.115,0.09341666666666666,FullHybrid
0.9071666666666667,0.6863761238761239,0.2361904761904762,0.44285714285714284,0.30807453416149067,0.7601422015484516,0.2112584607130886,0.2112584607130886,0.27824385875401103,0.0701048951048951,0.5571428571428572,248,802,10638,312,0.040223331830458314,328040,27.336666666666666,0.12225325143696923,0.0875,FullHybrid
0.908,0.6842657342657343,0.2369439071566731,0.4375,0.3074027603513174,0.7601422015484516,0.2112584607130886,0.2112584607130886,0.27701112645406795,0.06896853146853146,0.5625,245,789,10651,315,0.040223331830458314,330780,27.565,0.125,0.08616666666666667,FullHybrid
0.9133333333333333,0.6794205794205794,0.24789915966386555,0.42142857142857143,0.31216931216931215,0.7601422015484516,0.2112584607130886,0.2112584607130886,0.28005863598749625,0.06258741258741259,0.5785714285714286,236,716,10724,324,0.040223331830458314,338320,28.19333333333333,0.135,0.07933333333333334,FullHybrid
0.917,0.6779470529470529,0.2577777777777778,0.4142857142857143,0.3178082191780822,0.7601422015484516,0.2112584607130886,0.2112584607130886,0.28500014250010686,0.05839160839160839,0.5857142857142857,232,668,10772,328,0.040223331830458314,341360,28.446666666666665,0.14335063281208443,0.075,FullHybrid
0.9171666666666667,0.6780344655344656,0.2583518930957684,0.4142857142857143,0.31824417009602196,0.7601422015484516,0.2112584607130886,0.2112584607130886,0.28543178055117885,0.05821678321678322,0.5857142857142857,232,666,10774,328,0.040223331830458314,341320,28.44333333333333,0.14500000000000002,0.07483333333333334,FullHybrid
0.9206666666666666,0.6756243756243756,0.26832151300236406,0.40535714285714286,0.3229018492176387,0.7601422015484516,0.2112584607130886,0.2112584607130886,0.28941518444485353,0.05410839160839161,0.5946428571428571,227,619,10821,333,0.040223331830458314,345380,28.781666666666666,0.155,0.0705,FullHybrid
0.9241666666666667,0.6732142857142857,0.2795969773299748,0.3964285714285714,0.327917282127031,0.7601422015484516,0.2112584607130886,0.2112584607130886,0.2939579217986013,0.05,0.6035714285714285,222,572,10868,338,0.040223331830458314,349440,29.12,0.165,0.06616666666666667,FullHybrid
0.926,0.6648351648351648,0.2813333333333333,0.3767857142857143,0.32213740458015266,0.7601422015484516,0.2112584607130886,0.2112584607130886,0.2872632007761288,0.047115384615384615,0.6232142857142857,211,539,10901,349,0.040223331830458314,359780,29.981666666666666,0.17234125989946258,0.0625,FullHybrid
0.92625,0.6624188311688312,0.2807017543859649,0.37142857142857144,0.31975403535741737,0.7601422015484516,0.2112584607130886,0.2112584607130886,0.2846520977140141,0.04659090909090909,0.6285714285714286,208,533,10907,352,0.040223331830458314,362660,30.221666666666668,0.17500000000000002,0.06175,FullHybrid
0.9295833333333333,0.6607704795204795,0.2943722943722944,0.36428571428571427,0.32561851556264965,0.7601422015484516,0.2112584607130886,0.2112584607130886,0.2907388144083384,0.042744755244755246,0.6357142857142857,204,489,10951,356,0.040223331830458314,365780,30.481666666666666,0.185,0.05775,FullHybrid
0.9321666666666667,0.6587287712287713,0.3058103975535168,0.35714285714285715,0.3294892915980231,0.7601422015484516,0.2112584607130886,0.2112584607130886,0.29497309963596774,0.039685314685314686,0.6428571428571429,200,454,10986,360,0.040223331830458314,369080,30.756666666666668,0.195,0.0545,FullHybrid
0.93425,0.6521790709290709,0.31260229132569556,0.3410714285714286,0.32621690862510677,0.7601422015484516,0.2112584607130886,0.2112584607130886,0.2920307260173322,0.03671328671328671,0.6589285714285714,191,420,11020,369,0.040223331830458314,377400,31.45,0.20500000000000002,0.050916666666666666,FullHybrid
0.9348333333333333,0.6507867132867133,0.315,0.3375,0.3258620689655172,0.7601422015484516,0.2112584607130886,0.2112584607130886,0.291858297984345,0.035926573426573426,0.6625,189,411,11029,371,0.040223331830458314,379220,31.601666666666667,0.20841748737576848,0.05,FullHybrid
0.9358333333333333,0.6504620379620379,0.32081911262798635,0.3357142857142857,0.32809773123909247,0.7601422015484516,0.2112584607130886,0.2112584607130886,0.29450740511279433,0.03479020979020979,0.6642857142857143,188,398,11042,372,0.040223331830458314,379960,31.663333333333334,0.215,0.04883333333333333,FullHybrid
0.9378333333333333,0.6413211788211788,0.3271375464684015,0.3142857142857143,0.3205828779599272,0.7601422015484516,0.2112584607130886,0.2112584607130886,0.2880865169829041,0.03164335664335664,0.6857142857142857,176,362,11078,384,0.040223331830458314,391240,32.60333333333333,0.225,0.044833333333333336,FullHybrid
0.9395833333333333,0.6379932567432567,0.33727810650887574,0.3053571428571429,0.32052483598875353,0.7601422015484516,0.2112584607130886,0.2112584607130886,0.28938379173814927,0.02937062937062937,0.6946428571428571,171,336,11104,389,0.040223331830458314,395720,32.97666666666667,0.23500000000000001,0.04225,FullHybrid
0.9405833333333333,0.6334228271728272,0.3416149068322981,0.29464285714285715,0.31639501438159157,0.7601422015484516,0.2112584607130886,0.2112584607130886,0.28636762093773643,0.027797202797202797,0.7053571428571429,165,318,11122,395,0.040223331830458314,401360,33.446666666666665,0.245,0.04025,FullHybrid
0.9421666666666667,0.6283091908091908,0.3511111111111111,0.28214285714285714,0.3128712871287129,0.7601422015484516,0.2112584607130886,0.2112584607130886,0.28490333858827194,0.025524475524475523,0.7178571428571429,158,292,11148,402,0.040223331830458314,407840,33.986666666666665,0.2547664211964786,0.0375,FullHybrid
0.94225,0.6283528971028971,0.3518930957683742,0.28214285714285714,0.3131813676907829,0.7601422015484516,0.2112584607130886,0.2112584607130886,0.2853052311989973,0.025437062937062938,0.7178571428571429,158,291,11149,402,0.040223331830458314,407820,33.985,0.255,0.03741666666666667,FullHybrid
0.94275,0.6192744755244756,0.3491686460807601,0.2625,0.2996941896024465,0.7601422015484516,0.2112584607130886,0.2112584607130886,0.2734689115393364,0.02395104895104895,0.7375,147,274,11166,413,0.040223331830458314,418480,34.873333333333335,0.265,0.035083333333333334,FullHybrid
0.9429166666666666,0.6117195304695304,0.34413965087281795,0.24642857142857144,0.28720083246618106,0.7601422015484516,0.2112584607130886,0.2112584607130886,0.2622307775292717,0.02298951048951049,0.7535714285714286,138,263,11177,422,0.040223331830458314,427260,35.605,0.275,0.033416666666666664,FullHybrid
0.9444166666666667,0.6091096403596403,0.35733333333333334,0.2392857142857143,0.28663101604278074,0.7601422015484516,0.2112584607130886,0.2112584607130886,0.264537978820446,0.021066433566433566,0.7607142857142857,134,241,11199,426,0.040223331830458314,430820,35.901666666666664,0.28500000000000003,0.03125,FullHybrid
0.9445,0.6006618381618382,0.3502824858757062,0.22142857142857142,0.2713347921225383,0.7601422015484516,0.2112584607130886,0.2112584607130886,0.2509642464096826,0.020104895104895104,0.7785714285714286,124,230,11210,436,0.040223331830458314,440600,36.71666666666667,0.295,0.0295,FullHybrid
0.94425,0.5877934565434566,0.3333333333333333,0.19464285714285715,0.2457722660653889,0.7601422015484516,0.2112584607130886,0.2112584607130886,0.22747519731136143,0.019055944055944057,0.8053571428571429,109,218,11222,451,0.040223331830458314,455360,37.946666666666665,0.305,0.02725,FullHybrid
0.9450833333333334,0.5839847652347652,0.33876221498371334,0.18571428571428572,0.2399077277970012,0.7601422015484516,0.2112584607130886,0.2112584607130886,0.22439096763765606,0.017744755244755245,0.8142857142857143,104,203,11237,456,0.040223331830458314,460060,38.33833333333333,0.315,0.025583333333333333,FullHybrid
0.9453333333333334,0.5824175824175823,0.34,0.18214285714285713,0.2372093023255814,0.7601422015484516,0.2112584607130886,0.2112584607130886,0.2226913429094603,0.01730769230769231,0.8178571428571428,102,198,11242,458,0.040223331830458314,461960,38.49666666666667,0.3188861323674932,0.025,FullHybrid
0.9461666666666667,0.5752122877122877,0.34191176470588236,0.16607142857142856,0.22355769230769232,0.7601422015484516,0.2112584607130886,0.2112584607130886,0.2131716218614854,0.015646853146853146,0.8339285714285715,93,179,11261,467,0.040223331830458314,470580,39.215,0.325,0.02266666666666667,FullHybrid
0.9470833333333334,0.5731456043956045,0.35294117647058826,0.16071428571428573,0.22085889570552147,0.7601422015484516,0.2112584607130886,0.2112584607130886,0.213958060991505,0.014423076923076924,0.8392857142857143,90,165,11275,470,0.040223331830458314,473300,39.44166666666667,0.335,0.02125,FullHybrid
0.9475,0.5657217782217782,0.34913793103448276,0.14464285714285716,0.20454545454545456,0.7601422015484516,0.2112584607130886,0.2112584607130886,0.20134970823741605,0.0131993006993007,0.8553571428571428,81,151,11289,479,0.040223331830458314,482020,40.16833333333334,0.34500000000000003,0.019333333333333334,FullHybrid
0.9478333333333333,0.5599525474525475,0.34579439252336447,0.13214285714285715,0.19121447028423771,0.7601422015484516,0.2112584607130886,0.2112584607130886,0.19109730301695932,0.012237762237762238,0.8678571428571429,74,140,11300,486,0.040223331830458314,488800,40.733333333333334,0.35500000000000004,0.017833333333333333,FullHybrid
0.94875,0.5570367132867133,0.358974358974359,0.125,0.18543046357615894,0.7601422015484516,0.2112584607130886,0.2112584607130886,0.19030106183754175,0.010926573426573426,0.875,70,125,11315,490,0.040223331830458314,492500,41.041666666666664,0.365,0.01625,FullHybrid
0.9488333333333333,0.5519855144855145,0.3516483516483517,0.11428571428571428,0.1725067385444744,0.7601422015484516,0.2112584607130886,0.2112584607130886,0.17943686832852895,0.010314685314685315,0.8857142857142857,64,118,11322,496,0.040223331830458314,498360,41.53,0.375,0.015166666666666667,FullHybrid
0.9495833333333333,0.5489822677322678,0.36363636363636365,0.10714285714285714,0.16551724137931034,0.7601422015484516,0.2112584607130886,0.2112584607130886,0.1774392960907538,0.009178321678321678,0.8928571428571429,60,105,11335,500,0.040223331830458314,502100,41.84166666666667,0.385,0.01375,FullHybrid
0.9496666666666667,0.5430819180819181,0.35333333333333333,0.09464285714285714,0.14929577464788732,0.7601422015484516,0.2112584607130886,0.2112584607130886,0.1635788863958542,0.00847902097902098,0.9053571428571429,53,97,11343,507,0.040223331830458314,508940,42.41166666666667,0.39210981689511176,0.0125,FullHybrid
0.95,0.5415584415584416,0.3591549295774648,0.09107142857142857,0.14529914529914528,0.7601422015484516,0.2112584607130886,0.2112584607130886,0.16212365246388963,0.007954545454545454,0.9089285714285714,51,91,11349,509,0.040223331830458314,510820,42.568333333333335,0.395,0.011833333333333333,FullHybrid
0.9504166666666667,0.5358329170829171,0.35772357723577236,0.07857142857142857,0.12884333821376281,0.7601422015484516,0.2112584607130886,0.2112584607130886,0.15007669326400447,0.006905594405594405,0.9214285714285714,44,79,11361,516,0.040223331830458314,517580,43.13166666666667,0.405,0.01025,FullHybrid
0.95125,0.5320242257742258,0.3786407766990291,0.06964285714285715,0.11764705882352941,0.7601422015484516,0.2112584607130886,0.2112584607130886,0.14644627085741652,0.005594405594405594,0.9303571428571429,39,64,11376,521,0.040223331830458314,522280,43.52333333333333,0.41500000000000004,0.008583333333333333,FullHybrid
0.95175,0.5271915584415584,0.38823529411764707,0.05892857142857143,0.10232558139534882,0.7601422015484516,0.2112584607130886,0.2112584607130886,0.13677749146817414,0.004545454545454545,0.9410714285714286,33,52,11388,527,0.040223331830458314,528040,44.00333333333333,0.425,0.007083333333333333,FullHybrid
0.95225,0.5215097402597403,0.4,0.04642857142857143,0.0832,0.7601422015484516,0.2112584607130886,0.2112584607130886,0.12362442866778013,0.003409090909090909,0.9535714285714286,26,39,11401,534,0.040223331830458314,534780,44.565,0.435,0.005416666666666667,FullHybrid
0.9525,0.5156968031968032,0.3958333333333333,0.033928571428571426,0.0625,0.7601422015484516,0.2112584607130886,0.2112584607130886,0.10490768986433542,0.002534965034965035,0.9660714285714286,19,29,11411,541,0.040223331830458314,541580,45.13166666666667,0.445,0.004,FullHybrid
0.9531666666666667,0.5143481518481519,0.4722222222222222,0.030357142857142857,0.05704697986577181,0.7601422015484516,0.2112584607130886,0.2112584607130886,0.11067347159013717,0.001660839160839161,0.9696428571428571,17,19,11421,543,0.040223331830458314,543380,45.281666666666666,0.455,0.003,FullHybrid
0.9530833333333333,0.5100586913086913,0.4444444444444444,0.02142857142857143,0.04088586030664395,0.7601422015484516,0.2112584607130886,0.2112584607130886,0.08955609087284745,0.0013111888111888112,0.9785714285714285,12,15,11425,548,0.040223331830458314,548300,45.69166666666667,0.465,0.00225,FullHybrid
0.9531666666666667,0.5058566433566434,0.4375,0.0125,0.024305555555555556,0.7601422015484516,0.2112584607130886,0.2112584607130886,0.06770564942253977,0.0007867132867132868,0.9875,7,9,11431,553,0.040223331830458314,553180,46.098333333333336,0.47500000000000003,0.0013333333333333333,FullHybrid
0.9533333333333334,0.5042457542457542,0.5,0.008928571428571428,0.017543859649122806,0.7601422015484516,0.2112584607130886,0.2112584607130886,0.062070076753408275,0.00043706293706293706,0.9910714285714286,5,5,11435,555,0.040223331830458314,555100,46.25833333333333,0.485,0.0008333333333333334,FullHybrid
0.9534166666666667,0.5034403096903097,0.5714285714285714,0.007142857142857143,0.014109347442680775,0.7601422015484516,0.2112584607130886,0.2112584607130886,0.06010652539876919,0.00026223776223776224,0.9928571428571429,4,3,11437,556,0.040223331830458314,556060,46.33833333333333,0.495,0.0005833333333333334,FullHybrid
0.95325,0.5016545954045954,0.4,0.0035714285714285713,0.007079646017699115,0.7601422015484516,0.2112584607130886,0.2112584607130886,0.03420138606476448,0.00026223776223776224,0.9964285714285714,2,3,11437,558,0.040223331830458314,558060,46.505,0.505,0.0004166666666666667,FullHybrid
0.95325,0.5008054445554446,0.3333333333333333,0.0017857142857142857,0.003552397868561279,0.7601422015484516,0.2112584607130886,0.2112584607130886,0.021491944716803536,0.00017482517482517483,0.9982142857142857,1,2,11438,559,0.040223331830458314,559040,46.586666666666666,0.515,0.00025,FullHybrid
0.95325,0.4999562937062937,0.0,0.0,0.0,0.7601422015484516,0.2112584607130886,0.2112584607130886,-0.0020198004964413025,8.741258741258741e-05,1.0,0,1,11439,560,0.040223331830458314,560020,46.66833333333334,0.525,8.333333333333333e-05,FullHybrid
0.95325,0.4999562937062937,0.0,0.0,0.0,0.7601422015484516,0.2112584607130886,0.2112584607130886,-0.0020198004964413025,8.741258741258741e-05,1.0,0,1,11439,560,0.040223331830458314,560020,46.66833333333334,0.5250299116928534,8.333333333333333e-05,FullHybrid
0.9533333333333334,0.5,0.0,0.0,0.0,0.7601422015484516,0.2112584607130886,0.2112584607130886,0.0,0.0,1.0,0,0,11440,560,0.040223331830458314,560000,46.666666666666664,0.535,0.0,FullHybrid
0.9533333333333334,0.5,0.0,0.0,0.0,0.7601422015484516,0.2112584607130886,0.2112584607130886,0.0,0.0,1.0,0,0,11440,560,0.040223331830458314,560000,46.666666666666664,0.545,0.0,FullHybrid
0.9533333333333334,0.5,0.0,0.0,0.0,0.7601422015484516,0.2112584607130886,0.2112584607130886,0.0,0.0,1.0,0,0,11440,560,0.040223331830458314,560000,46.666666666666664,0.555,0.0,FullHybrid
0.9533333333333334,0.5,0.0,0.0,0.0,0.7601422015484516,0.2112584607130886,0.2112584607130886,0.0,0.0,1.0,0,0,11440,560,0.040223331830458314,560000,46.666666666666664,0.5650000000000001,0.0,FullHybrid
0.9533333333333334,0.5,0.0,0.0,0.0,0.7601422015484516,0.2112584607130886,0.2112584607130886,0.0,0.0,1.0,0,0,11440,560,0.040223331830458314,560000,46.666666666666664,0.5750000000000001,0.0,FullHybrid
0.9533333333333334,0.5,0.0,0.0,0.0,0.7601422015484516,0.2112584607130886,0.2112584607130886,0.0,0.0,1.0,0,0,11440,560,0.040223331830458314,560000,46.666666666666664,0.585,0.0,FullHybrid
0.9533333333333334,0.5,0.0,0.0,0.0,0.7601422015484516,0.2112584607130886,0.2112584607130886,0.0,0.0,1.0,0,0,11440,560,0.040223331830458314,560000,46.666666666666664,0.595,0.0,FullHybrid
0.9533333333333334,0.5,0.0,0.0,0.0,0.7601422015484516,0.2112584607130886,0.2112584607130886,0.0,0.0,1.0,0,0,11440,560,0.040223331830458314,560000,46.666666666666664,0.605,0.0,FullHybrid
0.9533333333333334,0.5,0.0,0.0,0.0,0.7601422015484516,0.2112584607130886,0.2112584607130886,0.0,0.0,1.0,0,0,11440,560,0.040223331830458314,560000,46.666666666666664,0.615,0.0,FullHybrid
0.9533333333333334,0.5,0.0,0.0,0.0,0.7601422015484516,0.2112584607130886,0.2112584607130886,0.0,0.0,1.0,0,0,11440,560,0.040223331830458314,560000,46.666666666666664,0.625,0.0,FullHybrid
0.9533333333333334,0.5,0.0,0.0,0.0,0.7601422015484516,0.2112584607130886,0.2112584607130886,0.0,0.0,1.0,0,0,11440,560,0.040223331830458314,560000,46.666666666666664,0.635,0.0,FullHybrid
0.9533333333333334,0.5,0.0,0.0,0.0,0.7601422015484516,0.2112584607130886,0.2112584607130886,0.0,0.0,1.0,0,0,11440,560,0.040223331830458314,560000,46.666666666666664,0.645,0.0,FullHybrid
0.9533333333333334,0.5,0.0,0.0,0.0,0.7601422015484516,0.2112584607130886,0.2112584607130886,0.0,0.0,1.0,0,0,11440,560,0.040223331830458314,560000,46.666666666666664,0.655,0.0,FullHybrid
0.9533333333333334,0.5,0.0,0.0,0.0,0.7601422015484516,0.2112584607130886,0.2112584607130886,0.0,0.0,1.0,0,0,11440,560,0.040223331830458314,560000,46.666666666666664,0.665,0.0,FullHybrid
0.9533333333333334,0.5,0.0,0.0,0.0,0.7601422015484516,0.2112584607130886,0.2112584607130886,0.0,0.0,1.0,0,0,11440,560,0.040223331830458314,560000,46.666666666666664,0.675,0.0,FullHybrid
0.9533333333333334,0.5,0.0,0.0,0.0,0.7601422015484516,0.2112584607130886,0.2112584607130886,0.0,0.0,1.0,0,0,11440,560,0.040223331830458314,560000,46.666666666666664,0.685,0.0,FullHybrid
0.9533333333333334,0.5,0.0,0.0,0.0,0.7601422015484516,0.2112584607130886,0.2112584607130886,0.0,0.0,1.0,0,0,11440,560,0.040223331830458314,560000,46.666666666666664,0.6950000000000001,0.0,FullHybrid
0.9533333333333334,0.5,0.0,0.0,0.0,0.7601422015484516,0.2112584607130886,0.2112584607130886,0.0,0.0,1.0,0,0,11440,560,0.040223331830458314,560000,46.666666666666664,0.7050000000000001,0.0,FullHybrid
0.9533333333333334,0.5,0.0,0.0,0.0,0.7601422015484516,0.2112584607130886,0.2112584607130886,0.0,0.0,1.0,0,0,11440,560,0.040223331830458314,560000,46.666666666666664,0.715,0.0,FullHybrid
0.9533333333333334,0.5,0.0,0.0,0.0,0.7601422015484516,0.2112584607130886,0.2112584607130886,0.0,0.0,1.0,0,0,11440,560,0.040223331830458314,560000,46.666666666666664,0.725,0.0,FullHybrid
0.9533333333333334,0.5,0.0,0.0,0.0,0.7601422015484516,0.2112584607130886,0.2112584607130886,0.0,0.0,1.0,0,0,11440,560,0.040223331830458314,560000,46.666666666666664,0.735,0.0,FullHybrid
0.9533333333333334,0.5,0.0,0.0,0.0,0.7601422015484516,0.2112584607130886,0.2112584607130886,0.0,0.0,1.0,0,0,11440,560,0.040223331830458314,560000,46.666666666666664,0.745,0.0,FullHybrid
0.9533333333333334,0.5,0.0,0.0,0.0,0.7601422015484516,0.2112584607130886,0.2112584607130886,0.0,0.0,1.0,0,0,11440,560,0.040223331830458314,560000,46.666666666666664,0.755,0.0,FullHybrid
0.9533333333333334,0.5,0.0,0.0,0.0,0.7601422015484516,0.2112584607130886,0.2112584607130886,0.0,0.0,1.0,0,0,11440,560,0.040223331830458314,560000,46.666666666666664,0.765,0.0,FullHybrid
0.9533333333333334,0.5,0.0,0.0,0.0,0.7601422015484516,0.2112584607130886,0.2112584607130886,0.0,0.0,1.0,0,0,11440,560,0.040223331830458314,560000,46.666666666666664,0.775,0.0,FullHybrid
0.9533333333333334,0.5,0.0,0.0,0.0,0.7601422015484516,0.2112584607130886,0.2112584607130886,0.0,0.0,1.0,0,0,11440,560,0.040223331830458314,560000,46.666666666666664,0.785,0.0,FullHybrid
0.9533333333333334,0.5,0.0,0.0,0.0,0.7601422015484516,0.2112584607130886,0.2112584607130886,0.0,0.0,1.0,0,0,11440,560,0.040223331830458314,560000,46.666666666666664,0.795,0.0,FullHybrid
0.9533333333333334,0.5,0.0,0.0,0.0,0.7601422015484516,0.2112584607130886,0.2112584607130886,0.0,0.0,1.0,0,0,11440,560,0.040223331830458314,560000,46.666666666666664,0.805,0.0,FullHybrid
0.9533333333333334,0.5,0.0,0.0,0.0,0.7601422015484516,0.2112584607130886,0.2112584607130886,0.0,0.0,1.0,0,0,11440,560,0.040223331830458314,560000,46.666666666666664,0.8150000000000001,0.0,FullHybrid
0.9533333333333334,0.5,0.0,0.0,0.0,0.7601422015484516,0.2112584607130886,0.2112584607130886,0.0,0.0,1.0,0,0,11440,560,0.040223331830458314,560000,46.666666666666664,0.8250000000000001,0.0,FullHybrid
0.9533333333333334,0.5,0.0,0.0,0.0,0.7601422015484516,0.2112584607130886,0.2112584607130886,0.0,0.0,1.0,0,0,11440,560,0.040223331830458314,560000,46.666666666666664,0.8350000000000001,0.0,FullHybrid
0.9533333333333334,0.5,0.0,0.0,0.0,0.7601422015484516,0.2112584607130886,0.2112584607130886,0.0,0.0,1.0,0,0,11440,560,0.040223331830458314,560000,46.666666666666664,0.845,0.0,FullHybrid
0.9533333333333334,0.5,0.0,0.0,0.0,0.7601422015484516,0.2112584607130886,0.2112584607130886,0.0,0.0,1.0,0,0,11440,560,0.040223331830458314,560000,46.666666666666664,0.855,0.0,FullHybrid
0.9533333333333334,0.5,0.0,0.0,0.0,0.7601422015484516,0.2112584607130886,0.2112584607130886,0.0,0.0,1.0,0,0,11440,560,0.040223331830458314,560000,46.666666666666664,0.865,0.0,FullHybrid
0.9533333333333334,0.5,0.0,0.0,0.0,0.7601422015484516,0.2112584607130886,0.2112584607130886,0.0,0.0,1.0,0,0,11440,560,0.040223331830458314,560000,46.666666666666664,0.875,0.0,FullHybrid
0.9533333333333334,0.5,0.0,0.0,0.0,0.7601422015484516,0.2112584607130886,0.2112584607130886,0.0,0.0,1.0,0,0,11440,560,0.040223331830458314,560000,46.666666666666664,0.885,0.0,FullHybrid
0.9533333333333334,0.5,0.0,0.0,0.0,0.7601422015484516,0.2112584607130886,0.2112584607130886,0.0,0.0,1.0,0,0,11440,560,0.040223331830458314,560000,46.666666666666664,0.895,0.0,FullHybrid
0.9533333333333334,0.5,0.0,0.0,0.0,0.7601422015484516,0.2112584607130886,0.2112584607130886,0.0,0.0,1.0,0,0,11440,560,0.040223331830458314,560000,46.666666666666664,0.905,0.0,FullHybrid
0.9533333333333334,0.5,0.0,0.0,0.0,0.7601422015484516,0.2112584607130886,0.2112584607130886,0.0,0.0,1.0,0,0,11440,560,0.040223331830458314,560000,46.666666666666664,0.915,0.0,FullHybrid
0.9533333333333334,0.5,0.0,0.0,0.0,0.7601422015484516,0.2112584607130886,0.2112584607130886,0.0,0.0,1.0,0,0,11440,560,0.040223331830458314,560000,46.666666666666664,0.925,0.0,FullHybrid
0.9533333333333334,0.5,0.0,0.0,0.0,0.7601422015484516,0.2112584607130886,0.2112584607130886,0.0,0.0,1.0,0,0,11440,560,0.040223331830458314,560000,46.666666666666664,0.935,0.0,FullHybrid
0.9533333333333334,0.5,0.0,0.0,0.0,0.7601422015484516,0.2112584607130886,0.2112584607130886,0.0,0.0,1.0,0,0,11440,560,0.040223331830458314,560000,46.666666666666664,0.9450000000000001,0.0,FullHybrid
0.9533333333333334,0.5,0.0,0.0,0.0,0.7601422015484516,0.2112584607130886,0.2112584607130886,0.0,0.0,1.0,0,0,11440,560,0.040223331830458314,560000,46.666666666666664,0.9550000000000001,0.0,FullHybrid
0.9533333333333334,0.5,0.0,0.0,0.0,0.7601422015484516,0.2112584607130886,0.2112584607130886,0.0,0.0,1.0,0,0,11440,560,0.040223331830458314,560000,46.666666666666664,0.965,0.0,FullHybrid
0.9533333333333334,0.5,0.0,0.0,0.0,0.7601422015484516,0.2112584607130886,0.2112584607130886,0.0,0.0,1.0,0,0,11440,560,0.040223331830458314,560000,46.666666666666664,0.975,0.0,FullHybrid
0.9533333333333334,0.5,0.0,0.0,0.0,0.7601422015484516,0.2112584607130886,0.2112584607130886,0.0,0.0,1.0,0,0,11440,560,0.040223331830458314,560000,46.666666666666664,0.985,0.0,FullHybrid
0.9533333333333334,0.5,0.0,0.0,0.0,0.7601422015484516,0.2112584607130886,0.2112584607130886,0.0,0.0,1.0,0,0,11440,560,0.040223331830458314,560000,46.666666666666664,0.995,0.0,FullHybrid
0.9533333333333334,0.5,0.0,0.0,0.0,0.7601422015484516,0.2112584607130886,0.2112584607130886,0.0,0.0,1.0,0,0,11440,560,0.040223331830458314,560000,46.666666666666664,1.000001,0.0,FullHybrid
0.04666666666666667,0.5,0.04666666666666667,1.0,0.089171974522293,0.76027253996004,0.21253858187764002,0.21253858187764002,0.0,1.0,0.0,560,11440,0,0,0.040214573414125813,228800,19.066666666666666,0.004965643088177782,1.0,Hybrid_WithoutAnomaly
0.04675,0.5000437062937063,0.046670555879656635,1.0,0.08917907476709927,0.76027253996004,0.21253858187764002,0.21253858187764002,0.0020198004964413025,0.9999125874125874,0.0,560,11439,1,0,0.040214573414125813,228780,19.065,0.005,0.9999166666666667,Hybrid_WithoutAnomaly
0.058166666666666665,0.5009365634365635,0.04675105485232067,0.9892857142857143,0.08928283642224014,0.76027253996004,0.21253858187764002,0.21253858187764002,0.003556062747735961,0.9874125874125874,0.010714285714285714,554,11296,144,6,0.040214573414125813,231920,19.326666666666668,0.007494699169207667,0.9875,Hybrid_WithoutAnomaly
0.0705,0.5065559440559441,0.04726495726495727,0.9875,0.09021207177814031,0.76027253996004,0.21253858187764002,0.21253858187764002,0.017714084095070706,0.9743881118881119,0.0125,553,11147,293,7,0.040214573414125813,229940,19.161666666666665,0.008290456520073701,0.975,Hybrid_WithoutAnomaly
0.083,0.5131118881118881,0.04787878787878788,0.9875,0.09132947976878614,0.76027253996004,0.21253858187764002,0.21253858187764002,0.029114209782743115,0.9612762237762238,0.0125,553,10997,443,7,0.040214573414125813,226940,18.911666666666665,0.008743125489819672,0.9625,Hybrid_WithoutAnomaly
0.09533333333333334,0.5187312687312687,0.04842105263157895,0.9857142857142858,0.09230769230769231,0.76027253996004,0.21253858187764002,0.21253858187764002,0.03625568919060186,0.9482517482517483,0.014285714285714285,552,10848,592,8,0.040214573414125813,224960,18.746666666666666,0.009172892232039131,0.95,Hybrid_WithoutAnomaly
0.10766666666666666,0.5243506493506493,0.04897777777777778,0.9839285714285714,0.09331075359864523,0.76027253996004,0.21253858187764002,0.21253858187764002,0.04243660920556449,0.9352272727272727,0.01607142857142857,551,10699,741,9,0.040214573414125813,222980,18.581666666666667,0.009520912606563433,0.9375,Hybrid_WithoutAnomaly
0.1195,0.5271603396603396,0.04927927927927928,0.9767857142857143,0.09382504288164667,0.76027253996004,0.21253858187764002,0.21253858187764002,0.04350002175001631,0.922465034965035,0.023214285714285715,547,10553,887,13,0.040214573414125813,224060,18.671666666666667,0.009840135731996097,0.925,Hybrid_WithoutAnomaly
0.131,0.5280969030969032,0.049406392694063925,0.9660714285714286,0.09400521285838402,0.76027253996004,0.21253858187764002,0.21253858187764002,0.04194631036492629,0.9098776223776224,0.033928571428571426,541,10409,1031,19,0.040214573414125813,227180,18.93166666666667,0.010150734903396233,0.9125,Hybrid_WithoutAnomaly
0.14316666666666666,0.5327797202797203,0.04990740740740741,0.9625,0.0948943661971831,0.76027253996004,0.21253858187764002,0.21253858187764002,0.0460935082154906,0.8969405594405594,0.0375,539,10261,1179,21,0.040214573414125813,226220,18.851666666666667,0.010412067141086473,0.9,Hybrid_WithoutAnomaly
0.15533333333333332,0.5374625374625375,0.050422535211267605,0.9589285714285715,0.09580731489741302,0.76027253996004,0.21253858187764002,0.21253858187764002,0.05001410753092749,0.8840034965034965,0.04107142857142857,537,10113,1327,23,0.040214573414125813,225260,18.77166666666667,0.010673311241316215,0.8875,Hybrid_WithoutAnomaly
0.16766666666666666,0.5430819180819181,0.05104761904761905,0.9571428571428572,0.0969258589511754,0.76027253996004,0.21253858187764002,0.21253858187764002,0.054953046371894534,0.870979020979021,0.04285714285714286,536,9964,1476,24,0.040214573414125813,223280,18.606666666666666,0.010951818349608235,0.875,Hybrid_WithoutAnomaly
0.17966666666666667,0.5468281718281718,0.051497584541062805,0.9517857142857142,0.09770852428964254,0.76027253996004,0.21253858187764002,0.21253858187764002,0.057363029248020184,0.8581293706293707,0.048214285714285716,533,9817,1623,27,0.040214573414125813,223340,18.611666666666668,0.011195141206834161,0.8625,Hybrid_WithoutAnomaly
0.19183333333333333,0.551510989010989,0.05205882352941176,0.9482142857142857,0.09869888475836432,0.76027253996004,0.21253858187764002,0.21253858187764002,0.06085560318243963,0.8451923076923077,0.05178571428571429,531,9669,1771,29,0.040214573414125813,222380,18.531666666666666,0.01143012858981836,0.85,Hybrid_WithoutAnomaly
0.2035,0.5533841158841158,0.052338308457711445,0.9392857142857143,0.09915174363807729,0.76027253996004,0.21253858187764002,0.21253858187764002,0.06104480902785367,0.8325174825174825,0.060714285714285714,526,9524,1916,34,0.040214573414125813,224480,18.706666666666667,0.011699803282424655,0.8375,Hybrid_WithoutAnomaly
0.21583333333333332,0.5590034965034965,0.05303030303030303,0.9375,0.10038240917782028,0.76027253996004,0.21253858187764002,0.21253858187764002,0.065506972011172,0.819493006993007,0.0625,525,9375,2065,35,0.040214573414125813,222500,18.541666666666668,0.011940638071485012,0.825,Hybrid_WithoutAnomaly
0.22816666666666666,0.5646228771228772,0.05374358974358975,0.9357142857142857,0.10164888457807954,0.76027253996004,0.21253858187764002,0.21253858187764002,0.06984410300342163,0.8064685314685315,0.06428571428571428,524,9226,2214,36,0.040214573414125813,220520,18.376666666666665,0.012212278704888424,0.8125,Hybrid_WithoutAnomaly
0.2405,0.5702422577422578,0.05447916666666667,0.9339285714285714,0.10295275590551183,0.76027253996004,0.21253858187764002,0.21253858187764002,0.07407885248918133,0.793444055944056,0.06607142857142857,523,9077,2363,37,0.040214573414125813,218540,18.211666666666666,0.012460243052601044,0.8,Hybrid_WithoutAnomaly
0.25283333333333335,0.5758616383616384,0.05523809523809524,0.9321428571428572,0.1042957042957043,0.76027253996004,0.21253858187764002,0.21253858187764002,0.07822998459464496,0.7804195804195804,0.06785714285714285,522,8928,2512,38,0.040214573414125813,216560,18.046666666666667,0.012708208685092601,0.7875,Hybrid_WithoutAnomaly
0.26466666666666666,0.5786713286713288,0.0556989247311828,0.925,0.10507099391480731,0.76027253996004,0.21253858187764002,0.21253858187764002,0.07947492925936148,0.7676573426573426,0.075,518,8782,2658,42,0.040214573414125813,217640,18.136666666666667,0.01292449203573982,0.775,Hybrid_WithoutAnomaly
0.2768333333333333,0.5833541458541458,0.05639344262295082,0.9214285714285714,0.1062821833161689,0.76027253996004,0.21253858187764002,0.21253858187764002,0.08262876276331044,0.7547202797202798,0.07857142857142857,516,8634,2806,44,0.040214573414125813,216680,18.05666666666667,0.013136570706293565,0.7625,Hybrid_WithoutAnomaly
0.28883333333333333,0.5871003996003996,0.057,0.9160714285714285,0.10732217573221757,0.76027253996004,0.21253858187764002,0.21253858187764002,0.08485457972496063,0.7418706293706294,0.08392857142857142,513,8487,2953,47,0.040214573414125813,216740,18.061666666666667,0.013406870311328742,0.75,Hybrid_WithoutAnomaly
0.3011666666666667,0.5927197802197802,0.05785310734463277,0.9142857142857143,0.10882040382571731,0.76027253996004,0.21253858187764002,0.21253858187764002,0.0888960579168889,0.7288461538461538,0.08571428571428572,512,8338,3102,48,0.040214573414125813,214760,17.89666666666667,0.013695519489121117,0.7375,Hybrid_WithoutAnomaly
0.31283333333333335,0.5945929070929071,0.05827586206896552,0.9053571428571429,0.10950323974082073,0.76027253996004,0.21253858187764002,0.21253858187764002,0.08936737424252805,0.7161713286713287,0.09464285714285714,507,8193,3247,53,0.040214573414125813,216860,18.071666666666665,0.013940321085649812,0.725,Hybrid_WithoutAnomaly
0.325,0.5992757242757243,0.05906432748538012,0.9017857142857143,0.11086717892425905,0.76027253996004,0.21253858187764002,0.21253858187764002,0.09253104793536987,0.7032342657342657,0.09821428571428571,505,8045,3395,55,0.040214573414125813,215900,17.991666666666667,0.014157083454413365,0.7125,Hybrid_WithoutAnomaly
0.337,0.6030219780219781,0.05976190476190476,0.8964285714285715,0.11205357142857142,0.76027253996004,0.21253858187764002,0.21253858187764002,0.09483660795424899,0.6903846153846154,0.10357142857142858,502,7898,3542,58,0.040214573414125813,215960,17.996666666666666,0.014440580740260028,0.7,Hybrid_WithoutAnomaly
0.3491666666666667,0.6077047952047953,0.06060606060606061,0.8928571428571429,0.11350737797956867,0.76027253996004,0.21253858187764002,0.21253858187764002,0.09802333010532177,0.6774475524475524,0.10714285714285714,500,7750,3690,60,0.040214573414125813,215000,17.916666666666668,0.014726897249637026,0.6875,Hybrid_WithoutAnomaly
0.36133333333333334,0.6123876123876124,0.061481481481481484,0.8892857142857142,0.11501154734411086,0.76027253996004,0.21253858187764002,0.21253858187764002,0.1012233376861183,0.6645104895104895,0.11071428571428571,498,7602,3838,62,0.040214573414125813,214040,17.836666666666666,0.014981416739526616,0.675,Hybrid_WithoutAnomaly
0.36241666666666666,0.6129557942057942,0.06158031408433288,0.8892857142857142,0.1151844570371227,0.76027253996004,0.21253858187764002,0.21253858187764002,0.10164754392357417,0.6633741258741259,0.11071428571428571,498,7589,3851,62,0.040214573414125813,213780,17.815,0.015,0.6739166666666667,Hybrid_WithoutAnomaly
0.3735,0.6170704295704296,0.06238993710691824,0.8857142857142857,0.11656874265569919,0.76027253996004,0.21253858187764002,0.21253858187764002,0.10444151366173464,0.6515734265734265,0.11428571428571428,496,7454,3986,64,0.040214573414125813,213080,17.756666666666668,0.01524000100612224,0.6625,Hybrid_WithoutAnomaly
0.38533333333333336,0.6198801198801198,0.06307692307692307,0.8785714285714286,0.11770334928229664,0.76027253996004,0.21253858187764002,0.21253858187764002,0.10602596732404874,0.6388111888111888,0.12142857142857143,492,7308,4132,68,0.040214573414125813,214160,17.846666666666668,0.015542154668750478,0.65,Hybrid_WithoutAnomaly
0.3968333333333333,0.6208166833166833,0.06352941176470588,0.8678571428571429,0.11839220462850182,0.76027253996004,0.21253858187764002,0.21253858187764002,0.1060201915540492,0.6262237762237762,0.13214285714285715,486,7164,4276,74,0.040214573414125813,217280,18.106666666666666,0.015831352270818427,0.6375,Hybrid_WithoutAnomaly
0.4083333333333333,0.6217532467532467,0.064,0.8571428571428571,0.11910669975186106,0.76027253996004,0.21253858187764002,0.21253858187764002,0.10609152301391123,0.6136363636363636,0.14285714285714285,480,7020,4420,80,0.040214573414125813,220400,18.366666666666667,0.0161697197211982,0.625,Hybrid_WithoutAnomaly
0.4205,0.6264360639360639,0.06503401360544217,0.8535714285714285,0.12085967130214917,0.76027253996004,0.21253858187764002,0.21253858187764002,0.10948076989809999,0.6006993006993007,0.14642857142857144,478,6872,4568,82,0.040214573414125813,219440,18.286666666666665,0.01648192690885594,0.6125,Hybrid_WithoutAnomaly
0.43233333333333335,0.6292457542457542,0.06583333333333333,0.8464285714285714,0.12216494845360824,0.76027253996004,0.21253858187764002,0.21253858187764002,0.11129263878869729,0.5879370629370629,0.15357142857142858,474,6726,4714,86,0.040214573414125813,220520,18.376666666666665,0.016849935873895994,0.6,Hybrid_WithoutAnomaly
0.444,0.6311188811188811,0.06652482269503546,0.8375,0.12325886990801575,0.76027253996004,0.21253858187764002,0.21253858187764002,0.11235828406348834,0.5752622377622377,0.1625,469,6581,4859,91,0.040214573414125813,222620,18.551666666666666,0.017202375383073582,0.5875,Hybrid_WithoutAnomaly
0.45616666666666666,0.6358016983016983,0.06768115942028985,0.8339285714285715,0.12520107238605896,0.76027253996004,0.21253858187764002,0.21253858187764002,0.11588643132046055,0.5623251748251749,0.16607142857142856,467,6433,5007,93,0.040214573414125813,221660,18.471666666666668,0.01757688736939926,0.575,Hybrid_WithoutAnomaly
0.4678333333333333,0.6376748251748252,0.06844444444444445,0.825,0.12640218878248974,0.76027253996004,0.21253858187764002,0.21253858187764002,0.1170738814009927,0.5496503496503496,0.175,462,6288,5152,98,0.040214573414125813,223760,18.64666666666667,0.018000845339486995,0.5625,Hybrid_WithoutAnomaly
0.47983333333333333,0.6414210789210789,0.06954545454545455,0.8196428571428571,0.1282122905027933,0.76027253996004,0.21253858187764002,0.21253858187764002,0.11991743207955277,0.5368006993006993,0.18035714285714285,459,6141,5299,101,0.040214573414125813,223820,18.651666666666667,0.018397483586425546,0.55,Hybrid_WithoutAnomaly
0.49233333333333335,0.647977022977023,0.07116279069767442,0.8196428571428571,0.13095577746077033,0.76027253996004,0.21253858187764002,0.21253858187764002,0.1252001814796101,0.5236888111888112,0.18035714285714285,459,5991,5449,101,0.040214573414125813,220820,18.401666666666667,0.018816169433930944,0.5375,Hybrid_WithoutAnomaly
0.5043333333333333,0.6517232767232767,0.07238095238095238,0.8142857142857143,0.13294460641399417,0.76027253996004,0.21253858187764002,0.21253858187764002,0.12816856806844523,0.5108391608391608,0.18571428571428572,456,5844,5596,104,0.040214573414125813,220880,18.406666666666666,0.01925613203146055,0.525,Hybrid_WithoutAnomaly
0.5163333333333333,0.6554695304695305,0.07365853658536585,0.8089285714285714,0.13502235469448584,0.76027253996004,0.21253858187764002,0.21253858187764002,0.13120996433010298,0.4979895104895105,0.19107142857142856,453,5697,5743,107,0.040214573414125813,220940,18.411666666666665,0.01970988813956795,0.5125,Hybrid_WithoutAnomaly
0.5278333333333334,0.656406093906094,0.0745,0.7982142857142858,0.13628048780487806,0.76027253996004,0.21253858187764002,0.21253858187764002,0.13195912923406167,0.48540209790209793,0.2017857142857143,447,5553,5887,113,0.040214573414125813,224060,18.671666666666667,0.020249514944981825,0.5,Hybrid_WithoutAnomaly
0.5398333333333334,0.6601523476523476,0.0758974358974359,0.7928571428571428,0.13853354134165366,0.76027253996004,0.21253858187764002,0.21253858187764002,0.13516207168944344,0.4725524475524476,0.20714285714285716,444,5406,6034,116,0.040214573414125813,224120,18.676666666666666,0.020833606390765758,0.4875,Hybrid_WithoutAnomaly
0.5516666666666666,0.662962037962038,0.07719298245614035,0.7857142857142857,0.14057507987220447,0.76027253996004,0.21253858187764002,0.21253858187764002,0.13766253607351522,0.4597902097902098,0.21428571428571427,440,5260,6180,120,0.040214573414125813,225200,18.766666666666666,0.02136120192672412,0.475,Hybrid_WithoutAnomaly
0.5638333333333333,0.6676448551448552,0.07891891891891892,0.7821428571428571,0.14337152209492635,0.76027253996004,0.21253858187764002,0.21253858187764002,0.1418407119294317,0.44685314685314687,0.21785714285714286,438,5112,6328,122,0.040214573414125813,224240,18.686666666666667,0.021868165430054976,0.4625,Hybrid_WithoutAnomaly
0.5755,0.669517982017982,0.08018518518518518,0.7732142857142857,0.1453020134228188,0.76027253996004,0.21253858187764002,0.21253858187764002,0.14374208745959638,0.43417832167832165,0.22678571428571428,433,4967,6473,127,0.040214573414125813,226340,18.861666666666668,0.022469629844338052,0.45,Hybrid_WithoutAnomaly
0.5876666666666667,0.6742007992007992,0.0820952380952381,0.7696428571428572,0.14836488812392426,0.76027253996004,0.21253858187764002,0.21253858187764002,0.1481342989155418,0.42124125874125873,0.23035714285714284,431,4819,6621,129,0.040214573414125813,225380,18.781666666666666,0.022988086415763,0.4375,Hybrid_WithoutAnomaly
0.5995,0.6770104895104895,0.08372549019607843,0.7625,0.1508833922261484,0.76027253996004,0.21253858187764002,0.21253858187764002,0.15105196910046237,0.408479020979021,0.2375,427,4673,6767,133,0.040214573414125813,226460,18.871666666666666,0.023679122848982857,0.425,Hybrid_WithoutAnomaly
0.6113333333333333,0.6798201798201798,0.08545454545454545,0.7553571428571428,0.15353901996370237,0.76027253996004,0.21253858187764002,0.21253858187764002,0.15409136100135545,0.3957167832167832,0.24464285714285713,423,4527,6913,137,0.040214573414125813,227540,18.961666666666666,0.024285901587792424,0.4125,Hybrid_WithoutAnomaly
0.62275,0.6824113386613386,0.08720083246618106,0.7482142857142857,0.15619757688723207,0.76027253996004,0.21253858187764002,0.21253858187764002,0.1570459556950531,0.3833916083916084,0.2517857142857143,419,4386,7054,141,0.040214573414125813,228720,19.06,0.025,0.40041666666666664,Hybrid_WithoutAnomaly
0.6231666666666666,0.6826298701298701,0.08729166666666667,0.7482142857142857,0.15634328358208957,0.76027253996004,0.21253858187764002,0.21253858187764002,0.15726133741881138,0.38295454545454544,0.2517857142857143,419,4381,7059,141,0.040214573414125813,228620,19.051666666666666,0.025021076293283893,0.4,Hybrid_WithoutAnomaly
0.635,0.6854395604395604,0.08924731182795699,0.7410714285714286,0.15930902111324377,0.76027253996004,0.21253858187764002,0.21253858187764002,0.16057179585054665,0.3701923076923077,0.25892857142857145,415,4235,7205,145,0.040214573414125813,229700,19.141666666666666,0.025790363234162346,0.3875,Hybrid_WithoutAnomaly
0.646,0.6835664335664335,0.09022222222222222,0.725,0.16047430830039525,0.76027253996004,0.21253858187764002,0.21253858187764002,0.1599533731594354,0.35786713286713284,0.275,406,4094,7346,154,0.040214573414125813,235880,19.656666666666666,0.02670329929449765,0.375,Hybrid_WithoutAnomaly
0.6578333333333334,0.6863761238761239,0.09241379310344827,0.7178571428571429,0.16374745417515277,0.76027253996004,0.21253858187764002,0.21253858187764002,0.16355052805624645,0.3451048951048951,0.28214285714285714,402,3948,7492,158,0.040214573414125813,236960,19.746666666666666,0.027458163155001533,0.3625,Hybrid_WithoutAnomaly
0.6701666666666667,0.6919955044955045,0.09547619047619048,0.7160714285714286,0.16848739495798318,0.76027253996004,0.21253858187764002,0.21253858187764002,0.16980721329242182,0.33208041958041956,0.2839285714285714,401,3799,7641,159,0.040214573414125813,234980,19.581666666666667,0.028350418257265284,0.35,Hybrid_WithoutAnomaly
0.6821666666666667,0.6957417582417582,0.09827160493827161,0.7107142857142857,0.17266811279826466,0.76027253996004,0.21253858187764002,0.21253858187764002,0.17462621084242033,0.3192307692307692,0.2892857142857143,398,3652,7788,162,0.040214573414125813,235040,19.586666666666666,0.02936802712327088,0.3375,Hybrid_WithoutAnomaly
0.6935,0.6957417582417582,0.10025641025641026,0.6982142857142857,0.17533632286995515,0.76027253996004,0.21253858187764002,0.21253858187764002,0.17629731313665603,0.30673076923076925,0.30178571428571427,391,3509,7931,169,0.040214573414125813,239180,19.93166666666667,0.030421014014294437,0.325,Hybrid_WithoutAnomaly
0.7051666666666667,0.6976148851148851,0.10293333333333334,0.6892857142857143,0.1791183294663573,0.76027253996004,0.21253858187764002,0.21253858187764002,0.17985150132367733,0.29405594405594404,0.3107142857142857,386,3364,8076,174,0.040214573414125813,241280,20.106666666666666,0.03154355624965607,0.3125,Hybrid_WithoutAnomaly
0.7168333333333333,0.699488011988012,0.10583333333333333,0.6803571428571429,0.18317307692307694,0.76027253996004,0.21253858187764002,0.21253858187764002,0.18363815903868214,0.2813811188811189,0.3196428571428571,381,3219,8221,179,0.040214573414125813,243380,20.281666666666666,0.03280634222853258,0.3,Hybrid_WithoutAnomaly
0.7285,0.7013611388611388,0.10898550724637682,0.6714285714285714,0.18753117206982545,0.76027253996004,0.21253858187764002,0.21253858187764002,0.1876808991141936,0.26870629370629373,0.32857142857142857,376,3074,8366,184,0.040214573414125813,245480,20.456666666666667,0.0341697610916024,0.2875,Hybrid_WithoutAnomaly
0.73525,0.7032030469530469,0.11114413075780089,0.6678571428571428,0.19057324840764334,0.76027253996004,0.21253858187764002,0.21253858187764002,0.1908286297772763,0.2614510489510489,0.33214285714285713,374,2991,8449,186,0.040214573414125813,245820,20.485,0.034999999999999996,0.28041666666666665,Hybrid_WithoutAnomaly
0.7403333333333333,0.7041708291708292,0.11272727272727273,0.6642857142857143,0.19274611398963734,0.76027253996004,0.21253858187764002,0.21253858187764002,0.19289195628585265,0.25594405594405595,0.3357142857142857,372,2928,8512,188,0.040214573414125813,246560,20.546666666666667,0.03567420978517508,0.275,Hybrid_WithoutAnomaly
0.7513333333333333,0.7022977022977024,0.11523809523809524,0.6482142857142857,0.19568733153638812,0.76027253996004,0.21253858187764002,0.21253858187764002,0.19395503545503032,0.2436188811188811,0.3517857142857143,363,2787,8653,197,0.040214573414125813,252740,21.061666666666667,0.03740493142496646,0.2625,Hybrid_WithoutAnomaly
0.7626666666666667,0.7022977022977023,0.11866666666666667,0.6357142857142857,0.19999999999999998,0.76027253996004,0.21253858187764002,0.21253858187764002,0.1970816045224892,0.23111888111888113,0.36428571428571427,356,2644,8796,204,0.040214573414125813,256880,21.406666666666666,0.03909371109668485,0.25,Hybrid_WithoutAnomaly
0.7741666666666667,0.7032342657342657,0.12280701754385964,0.625,0.20527859237536655,0.76027253996004,0.21253858187764002,0.21253858187764002,0.20146563505211648,0.21853146853146854,0.375,350,2500,8940,210,0.040214573414125813,260000,21.666666666666668,0.0411983295251897,0.2375,Hybrid_WithoutAnomaly
0.7861666666666667,0.7069805194805194,0.12851851851851853,0.6196428571428572,0.2128834355828221,0.76027253996004,0.21253858187764002,0.21253858187764002,0.2090947543609391,0.2056818181818182,0.38035714285714284,347,2353,9087,213,0.040214573414125813,260060,21.671666666666667,0.044008121417940145,0.225,Hybrid_WithoutAnomaly
0.79075,0.7051386113886113,0.12979127134724858,0.6107142857142858,0.2140845070422535,0.76027253996004,0.21253858187764002,0.21253858187764002,0.20904521551216093,0.20043706293706293,0.3892857142857143,342,2293,9147,218,0.040214573414125813,263860,21.988333333333333,0.045,0.21958333333333332,Hybrid_WithoutAnomaly
0.7966666666666666,0.7022977022977023,0.13137254901960785,0.5982142857142857,0.21543408360128619,0.76027253996004,0.21253858187764002,0.21253858187764002,0.20861329225238656,0.19361888111888112,0.4017857142857143,335,2215,9225,225,0.040214573414125813,269300,22.441666666666666,0.047034293145491894,0.2125,Hybrid_WithoutAnomaly
0.8071666666666667,0.6976148851148851,0.13458333333333333,0.5767857142857142,0.21824324324324326,0.76027253996004,0.21253858187764002,0.21253858187764002,0.20840850500289682,0.18155594405594405,0.4232142857142857,323,2077,9363,237,0.040214573414125813,278540,23.211666666666666,0.05001389225682951,0.2,Hybrid_WithoutAnomaly
0.8185,0.6976148851148851,0.14044444444444446,0.5642857142857143,0.22491103202846977,0.76027253996004,0.21253858187764002,0.21253858187764002,0.2135812425177096,0.16905594405594407,0.4357142857142857,316,1934,9506,244,0.040214573414125813,282680,23.55666666666667,0.05328051232929208,0.1875,Hybrid_WithoutAnomaly
0.8218333333333333,0.6968156843156843,0.14201451905626133,0.5589285714285714,0.2264833574529667,0.76027253996004,0.21253858187764002,0.21253858187764002,0.21442061762901288,0.1652972027972028,0.44107142857142856,313,1891,9549,247,0.040214573414125813,284820,23.735,0.055,0.18366666666666667,Hybrid_WithoutAnomaly
0.8296666666666667,0.6966783216783217,0.14666666666666667,0.55,0.23157894736842105,0.76027253996004,0.21253858187764002,0.21253858187764002,0.21835657337057338,0.15664335664335666,0.45,308,1792,9648,252,0.040214573414125813,287840,23.986666666666668,0.058499469216498165,0.175,Hybrid_WithoutAnomaly
0.841,0.6966783216783217,0.15435897435897436,0.5375,0.23984063745019918,0.76027253996004,0.21253858187764002,0.21253858187764002,0.22490192799735562,0.14414335664335665,0.4625,301,1649,9791,259,0.040214573414125813,291980,24.331666666666667,0.06353780699038797,0.1625,Hybrid_WithoutAnomaly
0.844,0.6957042957042957,0.15618448637316562,0.5321428571428571,0.2414910858995138,0.76027253996004,0.21253858187764002,0.21253858187764002,0.22576653822161455,0.14073426573426573,0.46785714285714286,298,1610,9830,262,0.040214573414125813,294200,24.516666666666666,0.065,0.159,Hybrid_WithoutAnomaly
0.8523333333333334,0.6966783216783217,0.16333333333333333,0.525,0.24915254237288137,0.76027253996004,0.21253858187764002,0.21253858187764002,0.2323577576056786,0.13164335664335663,0.475,294,1506,9934,266,0.040214573414125813,296120,24.676666666666666,0.06936209308081549,0.15,Hybrid_WithoutAnomaly
0.8586666666666667,0.6906593406593406,0.1662749706227967,0.5053571428571428,0.2502210433244916,0.76027253996004,0.21253858187764002,0.21253858187764002,0.23053607064218373,0.12403846153846154,0.49464285714285716,283,1419,10021,277,0.040214573414125813,305380,25.448333333333334,0.07500000000000001,0.14183333333333334,Hybrid_WithoutAnomaly
0.8623333333333333,0.6891858141858143,0.1690909090909091,0.4982142857142857,0.2524886877828054,0.76027253996004,0.21253858187764002,0.21253858187764002,0.23174663816200153,0.11984265734265734,0.5017857142857143,279,1371,10069,281,0.040214573414125813,308420,25.701666666666668,0.07722919754753964,0.1375,Hybrid_WithoutAnomaly
0.87275,0.6887050449550449,0.1800132362673726,0.4857142857142857,0.2626750362143892,0.76027253996004,0.21253858187764002,0.21253858187764002,0.23995027805613736,0.1083041958041958,0.5142857142857142,272,1239,10201,288,0.040214573414125813,312780,26.065,0.085,0.12591666666666668,Hybrid_WithoutAnomaly
0.8735,0.6882492507492507,0.18066666666666667,0.48392857142857143,0.2631067961165049,0.76027253996004,0.21253858187764002,0.21253858187764002,0.2401209200163218,0.10743006993006993,0.5160714285714286,271,1229,10211,289,0.040214573414125813,313580,26.131666666666668,0.0857641906933958,0.125,Hybrid_WithoutAnomaly
0.8836666666666667,0.6884865134865135,0.19399707174231332,0.4732142857142857,0.2751817237798546,0.76027253996004,0.21253858187764002,0.21253858187764002,0.25034771102431935,0.09624125874125875,0.5267857142857143,265,1101,10339,295,0.040214573414125813,317020,26.418333333333333,0.095,0.11383333333333333,Hybrid_WithoutAnomaly
0.8848333333333334,0.6882492507492508,0.19555555555555557,0.4714285714285714,0.2764397905759162,0.76027253996004,0.21253858187764002,0.21253858187764002,0.2513208903429106,0.09493006993006993,0.5285714285714286,264,1086,10354,296,0.040214573414125813,317720,26.476666666666667,0.09572036014506244,0.1125,Hybrid_WithoutAnomaly
0.8929166666666667,0.6865447052947052,0.20742534301856336,0.4589285714285714,0.2857142857142857,0.76027253996004,0.21253858187764002,0.21253858187764002,0.25861754186525526,0.08583916083916084,0.5410714285714285,257,982,10458,303,0.040214573414125813,322640,26.886666666666667,0.10500000000000001,0.10325,Hybrid_WithoutAnomaly
0.8961666666666667,0.6882492507492507,0.21416666666666667,0.4589285714285714,0.29204545454545455,0.76027253996004,0.21253858187764002,0.21253858187764002,0.2647084328946746,0.08243006993006993,0.5410714285714285,257,943,10497,303,0.040214573414125813,321860,26.821666666666665,0.10754424519267917,0.1,Hybrid_WithoutAnomaly
0.90175,0.6886301198801199,0.225377107364685,0.45357142857142857,0.3011262596324837,0.76027253996004,0.21253858187764002,0.21253858187764002,0.272779299709686,0.07631118881118881,0.5464285714285714,254,873,10567,306,0.040214573414125813,323460,26.955,0.115,0.09391666666666666,Hybrid_WithoutAnomaly
0.9068333333333334,0.684502997002997,0.2342857142857143,0.4392857142857143,0.30559006211180123,0.76027253996004,0.21253858187764002,0.21253858187764002,0.27544743806301597,0.07027972027972028,0.5607142857142857,246,804,10636,314,0.040214573414125813,330080,27.506666666666668,0.12259713028476968,0.0875,Hybrid_WithoutAnomaly
0.9078333333333334,0.6841783216783217,0.23648648648648649,0.4375,0.30701754385964913,0.76027253996004,0.21253858187764002,0.21253858187764002,0.27663755746989516,0.06914335664335665,0.5625,245,791,10649,315,0.040214573414125813,330820,27.56833333333333,0.125,0.08633333333333333,Hybrid_WithoutAnomaly
0.9128333333333334,0.6783091908091908,0.24581589958158995,0.41964285714285715,0.3100263852242744,0.76027253996004,0.21253858187764002,0.21253858187764002,0.2777912777569193,0.06302447552447553,0.5803571428571429,235,721,10719,325,0.040214573414125813,339420,28.285,0.135,0.07966666666666666,Hybrid_WithoutAnomaly
0.917,0.6779470529470529,0.2577777777777778,0.4142857142857143,0.3178082191780822,0.76027253996004,0.21253858187764002,0.21253858187764002,0.28500014250010686,0.05839160839160839,0.5857142857142857,232,668,10772,328,0.040214573414125813,341360,28.446666666666665,0.14346830563940124,0.075,Hybrid_WithoutAnomaly
0.9178333333333333,0.677534965034965,0.26013513513513514,0.4125,0.319060773480663,0.76027253996004,0.21253858187764002,0.21253858187764002,0.28610030519760404,0.05743006993006993,0.5875,231,657,10783,329,0.040214573414125813,342140,28.511666666666667,0.14500000000000002,0.074,Hybrid_WithoutAnomaly
0.9215833333333333,0.6761051448551448,0.2718562874251497,0.40535714285714286,0.32544802867383515,0.76027253996004,0.21253858187764002,0.21253858187764002,0.2919688127565924,0.05314685314685315,0.5946428571428571,227,608,10832,333,0.040214573414125813,345160,28.763333333333332,0.155,0.06958333333333333,Hybrid_WithoutAnomaly
0.92475,0.6718219280719281,0.280970625798212,0.39285714285714285,0.3276247207743857,0.76027253996004,0.21253858187764002,0.21253858187764002,0.2934920680983161,0.049213286713286716,0.6071428571428571,220,563,10877,340,0.040214573414125813,351260,29.27166666666667,0.165,0.06525,Hybrid_WithoutAnomaly
0.9265,0.667644855144855,0.2853333333333333,0.3821428571428571,0.3267175572519084,0.76027253996004,0.21253858187764002,0.21253858187764002,0.29215973260754013,0.04685314685314685,0.6178571428571429,214,536,10904,346,0.040214573414125813,356720,29.726666666666667,0.17229292804148594,0.0625,Hybrid_WithoutAnomaly
0.9271666666666667,0.6662962037962038,0.2872628726287263,0.37857142857142856,0.32665639445300465,0.76027253996004,0.21253858187764002,0.21253858187764002,0.2920003784062038,0.04597902097902098,0.6214285714285714,212,526,10914,348,0.040214573414125813,358520,29.876666666666665,0.17500000000000002,0.0615,Hybrid_WithoutAnomaly
0.9304166666666667,0.6603583916083916,0.29809104258443464,0.3625,0.3271555197421434,0.76027253996004,0.21253858187764002,0.21253858187764002,0.2923823329855471,0.04178321678321678,0.6375,203,478,10962,357,0.040214573414125813,366560,30.546666666666667,0.185,0.05675,Hybrid_WithoutAnomaly
0.9331666666666667,0.6584040959040959,0.3109375,0.35535714285714287,0.33166666666666667,0.76027253996004,0.21253858187764002,0.21253858187764002,0.29738857220147585,0.03854895104895105,0.6446428571428572,199,441,10999,361,0.040214573414125813,369820,30.81833333333333,0.195,0.05333333333333334,Hybrid_WithoutAnomaly
0.93475,0.6541396103896104,0.3169129720853859,0.34464285714285714,0.33019674935842597,0.76027253996004,0.21253858187764002,0.21253858187764002,0.29625228316136376,0.03636363636363636,0.6553571428571429,193,416,11024,367,0.040214573414125813,375320,31.276666666666667,0.20500000000000002,0.05075,Hybrid_WithoutAnomaly
0.935,0.6517232767232768,0.31666666666666665,0.3392857142857143,0.32758620689655177,0.76027253996004,0.21253858187764002,0.21253858187764002,0.2936710824438751,0.03583916083916084,0.6607142857142857,190,410,11030,370,0.040214573414125813,378200,31.516666666666666,0.20668583781888208,0.05,Hybrid_WithoutAnomaly
0.93625,0.6489822677322677,0.3223570190641248,0.33214285714285713,0.32717678100263853,0.76027253996004,0.21253858187764002,0.21253858187764002,0.2937606408949531,0.03417832167832168,0.6678571428571428,186,391,11049,374,0.040214573414125813,381820,31.81833333333333,0.215,0.04808333333333333,Hybrid_WithoutAnomaly
0.9378333333333333,0.6413211788211788,0.3271375464684015,0.3142857142857143,0.3205828779599272,0.76027253996004,0.21253858187764002,0.21253858187764002,0.2880865169829041,0.03164335664335664,0.6857142857142857,176,362,11078,384,0.040214573414125813,391240,32.60333333333333,0.225,0.044833333333333336,Hybrid_WithoutAnomaly
0.9390833333333334,0.6351835664335664,0.33136094674556216,0.3,0.31490159325210876,0.76027253996004,0.21253858187764002,0.21253858187764002,0.28349162820336954,0.029632867132867134,0.7,168,339,11101,392,0.040214573414125813,398780,33.23166666666667,0.23500000000000001,0.04225,Hybrid_WithoutAnomaly
0.94075,0.6309627872127872,0.3410526315789474,0.2892857142857143,0.3130434782608696,0.76027253996004,0.21253858187764002,0.21253858187764002,0.28334637373669797,0.02736013986013986,0.7107142857142857,162,313,11127,398,0.040214573414125813,404260,33.68833333333333,0.245,0.03958333333333333,Hybrid_WithoutAnomaly
0.94125,0.6235826673326673,0.3392461197339246,0.2732142857142857,0.30267062314540055,0.76027253996004,0.21253858187764002,0.21253858187764002,0.2741158349478562,0.02604895104895105,0.7267857142857143,153,298,11142,407,0.040214573414125813,412960,34.413333333333334,0.255,0.03758333333333334,Hybrid_WithoutAnomaly
0.9411666666666667,0.6226898101898102,0.3377777777777778,0.2714285714285714,0.300990099009901,0.76027253996004,0.21253858187764002,0.21253858187764002,0.2724258201099534,0.02604895104895105,0.7285714285714285,152,298,11142,408,0.040214573414125813,413960,34.49666666666667,0.25593793194019676,0.0375,Hybrid_WithoutAnomaly
0.9425,0.6191433566433566,0.3466981132075472,0.2625,0.29878048780487804,0.76027253996004,0.21253858187764002,0.21253858187764002,0.2722354423790236,0.024213286713286715,0.7375,147,277,11163,413,0.040214573414125813,418540,34.87833333333333,0.265,0.035333333333333335,Hybrid_WithoutAnomaly
0.9435,0.6137237762237762,0.35175879396984927,0.25,0.2922755741127349,0.76027253996004,0.21253858187764002,0.21253858187764002,0.2679046963942028,0.022552447552447553,0.75,140,258,11182,420,0.040214573414125813,425160,35.43,0.275,0.033166666666666664,Hybrid_WithoutAnomaly
0.9443333333333334,0.6082167832167832,0.35561497326203206,0.2375,0.284796573875803,0.76027253996004,0.21253858187764002,0.21253858187764002,0.26271246610821974,0.021066433566433566,0.7625,133,241,11199,427,0.040214573414125813,431820,35.985,0.28500000000000003,0.031166666666666665,Hybrid_WithoutAnomaly
0.9445833333333333,0.5990072427572428,0.3495702005730659,0.21785714285714286,0.2684268426842684,0.76027253996004,0.21253858187764002,0.21253858187764002,0.24854765662254885,0.019842657342657343,0.7821428571428571,122,227,11213,438,0.040214573414125813,442540,36.87833333333333,0.295,0.029083333333333333,Hybrid_WithoutAnomaly
0.9450833333333334,0.5933254245754246,0.3495440729483283,0.20535714285714285,0.2587176602924634,0.76027253996004,0.21253858187764002,0.21253858187764002,0.24109322827946222,0.018706293706293706,0.7946428571428571,115,214,11226,445,0.040214573414125813,449280,37.44,0.305,0.027416666666666666,Hybrid_WithoutAnomaly
0.9449166666666666,0.5830482017982018,0.3355048859934853,0.18392857142857144,0.23760092272203004,0.76027253996004,0.21253858187764002,0.21253858187764002,0.22188865218559686,0.01783216783216783,0.8160714285714286,103,204,11236,457,0.040214573414125813,461080,38.42333333333333,0.315,0.025583333333333333,Hybrid_WithoutAnomaly
0.9453333333333334,0.5824175824175823,0.34,0.18214285714285713,0.2372093023255814,0.76027253996004,0.21253858187764002,0.21253858187764002,0.2226913429094603,0.01730769230769231,0.8178571428571428,102,198,11242,458,0.040214573414125813,461960,38.49666666666667,0.31704455978358714,0.025,Hybrid_WithoutAnomaly
0.946,0.575974025974026,0.34057971014492755,0.16785714285714284,0.2248803827751196,0.76027253996004,0.21253858187764002,0.21253858187764002,0.2138009922264539,0.015909090909090907,0.8321428571428572,94,182,11258,466,0.040214573414125813,469640,39.13666666666666,0.325,0.023,Hybrid_WithoutAnomaly
0.9468333333333333,0.5721653346653346,0.34765625,0.15892857142857142,0.21813725490196076,0.76027253996004,0.21253858187764002,0.21253858187764002,0.21068695548750668,0.014597902097902097,0.8410714285714286,89,167,11273,471,0.040214573414125813,474340,39.528333333333336,0.335,0.021333333333333333,Hybrid_WithoutAnomaly
0.9473333333333334,0.5673326673326673,0.3487394957983193,0.14821428571428572,0.20802005012531327,0.76027253996004,0.21253858187764002,0.21253858187764002,0.20372005013845684,0.013548951048951048,0.8517857142857143,83,155,11285,477,0.040214573414125813,480100,40.00833333333333,0.34500000000000003,0.019833333333333335,Hybrid_WithoutAnomaly
0.948,0.5617382617382618,0.35185185185185186,0.1357142857142857,0.1958762886597938,0.76027253996004,0.21253858187764002,0.21253858187764002,0.1958926658681806,0.012237762237762238,0.8642857142857143,76,140,11300,484,0.040214573414125813,486800,40.56666666666667,0.35500000000000004,0.018,Hybrid_WithoutAnomaly
0.9485,0.5552072927072926,0.35051546391752575,0.12142857142857143,0.18037135278514588,0.76027253996004,0.21253858187764002,0.21253858187764002,0.18466356580688661,0.011013986013986014,0.8785714285714286,68,126,11314,492,0.040214573414125813,494520,41.21,0.365,0.016166666666666666,Hybrid_WithoutAnomaly
0.949,0.5529220779220779,0.35714285714285715,0.11607142857142858,0.17520215633423183,0.76027253996004,0.21253858187764002,0.21253858187764002,0.1826695767418462,0.010227272727272727,0.8839285714285714,65,117,11323,495,0.040214573414125813,497340,41.445,0.375,0.015166666666666667,Hybrid_WithoutAnomaly
0.9493333333333334,0.548001998001998,0.35542168674698793,0.10535714285714286,0.16253443526170797,0.76027253996004,0.21253858187764002,0.21253858187764002,0.17337102205041557,0.009353146853146853,0.8946428571428572,59,107,11333,501,0.040214573414125813,503140,41.928333333333335,0.385,0.013833333333333333,Hybrid_WithoutAnomaly
0.9503333333333334,0.5468281718281719,0.38,0.10178571428571428,0.16056338028169015,0.76027253996004,0.21253858187764002,0.21253858187764002,0.17780313738679804,0.008129370629370629,0.8982142857142857,57,93,11347,503,0.040214573414125813,504860,42.071666666666665,0.39110756538122504,0.0125,Hybrid_WithoutAnomaly
0.9505833333333333,0.5452609890109891,0.38461538461538464,0.09821428571428571,0.15647226173541964,0.76027253996004,0.21253858187764002,0.21253858187764002,0.17595662868900316,0.007692307692307693,0.9017857142857143,55,88,11352,505,0.040214573414125813,506760,42.23,0.395,0.011916666666666667,Hybrid_WithoutAnomaly
0.9508333333333333,0.5377497502497502,0.3770491803278688,0.08214285714285714,0.13489736070381234,0.76027253996004,0.21253858187764002,0.21253858187764002,0.15874480740998462,0.006643356643356644,0.9178571428571428,46,76,11364,514,0.040214573414125813,515520,42.96,0.405,0.010166666666666666,Hybrid_WithoutAnomaly
0.9514166666666667,0.5312624875124875,0.3838383838383838,0.06785714285714285,0.11532625189681335,0.76027253996004,0.21253858187764002,0.21253858187764002,0.145797886268362,0.0053321678321678325,0.9321428571428572,38,61,11379,522,0.040214573414125813,523220,43.60166666666667,0.41500000000000004,0.00825,Hybrid_WithoutAnomaly
0.9513333333333334,0.5235764235764235,0.35365853658536583,0.05178571428571429,0.09034267912772587,0.76027253996004,0.21253858187764002,0.21253858187764002,0.12072753411010788,0.004632867132867133,0.9482142857142857,29,53,11387,531,0.040214573414125813,532060,44.33833333333333,0.425,0.006833333333333334,Hybrid_WithoutAnomaly
0.952,0.5196803196803197,0.375,0.04285714285714286,0.07692307692307691,0.76027253996004,0.21253858187764002,0.21253858187764002,0.11398554446328597,0.0034965034965034965,0.9571428571428572,24,40,11400,536,0.040214573414125813,536800,44.733333333333334,0.435,0.005333333333333333,Hybrid_WithoutAnomaly
0.9524166666666667,0.5165022477522477,0.39215686274509803,0.03571428571428571,0.06546644844517184,0.76027253996004,0.21253858187764002,0.21253858187764002,0.10701120532493086,0.0027097902097902096,0.9642857142857143,20,31,11409,540,0.040214573414125813,540620,45.05166666666667,0.445,0.00425,Hybrid_WithoutAnomaly
0.9528333333333333,0.5133241758241758,0.42105263157894735,0.02857142857142857,0.05351170568561873,0.76027253996004,0.21253858187764002,0.21253858187764002,0.10004230259829555,0.0019230769230769232,0.9714285714285714,16,22,11418,544,0.040214573414125813,544440,45.37,0.455,0.0031666666666666666,Hybrid_WithoutAnomaly
0.9530833333333333,0.5100586913086913,0.4444444444444444,0.02142857142857143,0.04088586030664395,0.76027253996004,0.21253858187764002,0.21253858187764002,0.08955609087284745,0.0013111888111888112,0.9785714285714285,12,15,11425,548,0.040214573414125813,548300,45.69166666666667,0.465,0.00225,Hybrid_WithoutAnomaly
0.9533333333333334,0.5076423576423577,0.5,0.01607142857142857,0.03114186851211073,0.76027253996004,0.21253858187764002,0.21253858187764002,0.0833035422373795,0.0007867132867132868,0.9839285714285714,9,9,11431,551,0.040214573414125813,551180,45.931666666666665,0.47500000000000003,0.0015,Hybrid_WithoutAnomaly
0.95325,0.5042020479520479,0.45454545454545453,0.008928571428571428,0.01751313485113835,0.76027253996004,0.21253858187764002,0.21253858187764002,0.058574717512339766,0.0005244755244755245,0.9910714285714286,5,6,11434,555,0.040214573414125813,555120,46.26,0.485,0.0009166666666666666,Hybrid_WithoutAnomaly
0.9534166666666667,0.5034403096903097,0.5714285714285714,0.007142857142857143,0.014109347442680775,0.76027253996004,0.21253858187764002,0.21253858187764002,0.06010652539876919,0.00026223776223776224,0.9928571428571429,4,3,11437,556,0.040214573414125813,556060,46.33833333333333,0.495,0.0005833333333333334,Hybrid_WithoutAnomaly
0.95325,0.5016545954045954,0.4,0.0035714285714285713,0.007079646017699115,0.76027253996004,0.21253858187764002,0.21253858187764002,0.03420138606476448,0.00026223776223776224,0.9964285714285714,2,3,11437,558,0.040214573414125813,558060,46.505,0.505,0.0004166666666666667,Hybrid_WithoutAnomaly
0.9534166666666667,0.501742007992008,0.6666666666666666,0.0035714285714285713,0.007104795737122558,0.76027253996004,0.21253858187764002,0.21253858187764002,0.04648257810843555,8.741258741258741e-05,0.9964285714285714,2,1,11439,558,0.040214573414125813,558020,46.501666666666665,0.515,0.00025,Hybrid_WithoutAnomaly
0.9534166666666667,0.5008928571428571,1.0,0.0017857142857142857,0.0035650623885918,0.76027253996004,0.21253858187764002,0.21253858187764002,0.04126163871301518,0.0,0.9982142857142857,1,0,11440,559,0.040214573414125813,559000,46.583333333333336,0.5246728077385693,8.333333333333333e-05,Hybrid_WithoutAnomaly
0.9533333333333334,0.5,0.0,0.0,0.0,0.76027253996004,0.21253858187764002,0.21253858187764002,0.0,0.0,1.0,0,0,11440,560,0.040214573414125813,560000,46.666666666666664,0.525,0.0,Hybrid_WithoutAnomaly
0.9533333333333334,0.5,0.0,0.0,0.0,0.76027253996004,0.21253858187764002,0.21253858187764002,0.0,0.0,1.0,0,0,11440,560,0.040214573414125813,560000,46.666666666666664,0.535,0.0,Hybrid_WithoutAnomaly
0.9533333333333334,0.5,0.0,0.0,0.0,0.76027253996004,0.21253858187764002,0.21253858187764002,0.0,0.0,1.0,0,0,11440,560,0.040214573414125813,560000,46.666666666666664,0.545,0.0,Hybrid_WithoutAnomaly
0.9533333333333334,0.5,0.0,0.0,0.0,0.76027253996004,0.21253858187764002,0.21253858187764002,0.0,0.0,1.0,0,0,11440,560,0.040214573414125813,560000,46.666666666666664,0.555,0.0,Hybrid_WithoutAnomaly
0.9533333333333334,0.5,0.0,0.0,0.0,0.76027253996004,0.21253858187764002,0.21253858187764002,0.0,0.0,1.0,0,0,11440,560,0.040214573414125813,560000,46.666666666666664,0.5650000000000001,0.0,Hybrid_WithoutAnomaly
0.9533333333333334,0.5,0.0,0.0,0.0,0.76027253996004,0.21253858187764002,0.21253858187764002,0.0,0.0,1.0,0,0,11440,560,0.040214573414125813,560000,46.666666666666664,0.5750000000000001,0.0,Hybrid_WithoutAnomaly
0.9533333333333334,0.5,0.0,0.0,0.0,0.76027253996004,0.21253858187764002,0.21253858187764002,0.0,0.0,1.0,0,0,11440,560,0.040214573414125813,560000,46.666666666666664,0.585,0.0,Hybrid_WithoutAnomaly
0.9533333333333334,0.5,0.0,0.0,0.0,0.76027253996004,0.21253858187764002,0.21253858187764002,0.0,0.0,1.0,0,0,11440,560,0.040214573414125813,560000,46.666666666666664,0.595,0.0,Hybrid_WithoutAnomaly
0.9533333333333334,0.5,0.0,0.0,0.0,0.76027253996004,0.21253858187764002,0.21253858187764002,0.0,0.0,1.0,0,0,11440,560,0.040214573414125813,560000,46.666666666666664,0.605,0.0,Hybrid_WithoutAnomaly
0.9533333333333334,0.5,0.0,0.0,0.0,0.76027253996004,0.21253858187764002,0.21253858187764002,0.0,0.0,1.0,0,0,11440,560,0.040214573414125813,560000,46.666666666666664,0.615,0.0,Hybrid_WithoutAnomaly
0.9533333333333334,0.5,0.0,0.0,0.0,0.76027253996004,0.21253858187764002,0.21253858187764002,0.0,0.0,1.0,0,0,11440,560,0.040214573414125813,560000,46.666666666666664,0.625,0.0,Hybrid_WithoutAnomaly
0.9533333333333334,0.5,0.0,0.0,0.0,0.76027253996004,0.21253858187764002,0.21253858187764002,0.0,0.0,1.0,0,0,11440,560,0.040214573414125813,560000,46.666666666666664,0.635,0.0,Hybrid_WithoutAnomaly
0.9533333333333334,0.5,0.0,0.0,0.0,0.76027253996004,0.21253858187764002,0.21253858187764002,0.0,0.0,1.0,0,0,11440,560,0.040214573414125813,560000,46.666666666666664,0.645,0.0,Hybrid_WithoutAnomaly
0.9533333333333334,0.5,0.0,0.0,0.0,0.76027253996004,0.21253858187764002,0.21253858187764002,0.0,0.0,1.0,0,0,11440,560,0.040214573414125813,560000,46.666666666666664,0.655,0.0,Hybrid_WithoutAnomaly
0.9533333333333334,0.5,0.0,0.0,0.0,0.76027253996004,0.21253858187764002,0.21253858187764002,0.0,0.0,1.0,0,0,11440,560,0.040214573414125813,560000,46.666666666666664,0.665,0.0,Hybrid_WithoutAnomaly
0.9533333333333334,0.5,0.0,0.0,0.0,0.76027253996004,0.21253858187764002,0.21253858187764002,0.0,0.0,1.0,0,0,11440,560,0.040214573414125813,560000,46.666666666666664,0.675,0.0,Hybrid_WithoutAnomaly
0.9533333333333334,0.5,0.0,0.0,0.0,0.76027253996004,0.21253858187764002,0.21253858187764002,0.0,0.0,1.0,0,0,11440,560,0.040214573414125813,560000,46.666666666666664,0.685,0.0,Hybrid_WithoutAnomaly
0.9533333333333334,0.5,0.0,0.0,0.0,0.76027253996004,0.21253858187764002,0.21253858187764002,0.0,0.0,1.0,0,0,11440,560,0.040214573414125813,560000,46.666666666666664,0.6950000000000001,0.0,Hybrid_WithoutAnomaly
0.9533333333333334,0.5,0.0,0.0,0.0,0.76027253996004,0.21253858187764002,0.21253858187764002,0.0,0.0,1.0,0,0,11440,560,0.040214573414125813,560000,46.666666666666664,0.7050000000000001,0.0,Hybrid_WithoutAnomaly
0.9533333333333334,0.5,0.0,0.0,0.0,0.76027253996004,0.21253858187764002,0.21253858187764002,0.0,0.0,1.0,0,0,11440,560,0.040214573414125813,560000,46.666666666666664,0.715,0.0,Hybrid_WithoutAnomaly
0.9533333333333334,0.5,0.0,0.0,0.0,0.76027253996004,0.21253858187764002,0.21253858187764002,0.0,0.0,1.0,0,0,11440,560,0.040214573414125813,560000,46.666666666666664,0.725,0.0,Hybrid_WithoutAnomaly
0.9533333333333334,0.5,0.0,0.0,0.0,0.76027253996004,0.21253858187764002,0.21253858187764002,0.0,0.0,1.0,0,0,11440,560,0.040214573414125813,560000,46.666666666666664,0.735,0.0,Hybrid_WithoutAnomaly
0.9533333333333334,0.5,0.0,0.0,0.0,0.76027253996004,0.21253858187764002,0.21253858187764002,0.0,0.0,1.0,0,0,11440,560,0.040214573414125813,560000,46.666666666666664,0.745,0.0,Hybrid_WithoutAnomaly
0.9533333333333334,0.5,0.0,0.0,0.0,0.76027253996004,0.21253858187764002,0.21253858187764002,0.0,0.0,1.0,0,0,11440,560,0.040214573414125813,560000,46.666666666666664,0.755,0.0,Hybrid_WithoutAnomaly
0.9533333333333334,0.5,0.0,0.0,0.0,0.76027253996004,0.21253858187764002,0.21253858187764002,0.0,0.0,1.0,0,0,11440,560,0.040214573414125813,560000,46.666666666666664,0.765,0.0,Hybrid_WithoutAnomaly
0.9533333333333334,0.5,0.0,0.0,0.0,0.76027253996004,0.21253858187764002,0.21253858187764002,0.0,0.0,1.0,0,0,11440,560,0.040214573414125813,560000,46.666666666666664,0.775,0.0,Hybrid_WithoutAnomaly
0.9533333333333334,0.5,0.0,0.0,0.0,0.76027253996004,0.21253858187764002,0.21253858187764002,0.0,0.0,1.0,0,0,11440,560,0.040214573414125813,560000,46.666666666666664,0.785,0.0,Hybrid_WithoutAnomaly
0.9533333333333334,0.5,0.0,0.0,0.0,0.76027253996004,0.21253858187764002,0.21253858187764002,0.0,0.0,1.0,0,0,11440,560,0.040214573414125813,560000,46.666666666666664,0.795,0.0,Hybrid_WithoutAnomaly
0.9533333333333334,0.5,0.0,0.0,0.0,0.76027253996004,0.21253858187764002,0.21253858187764002,0.0,0.0,1.0,0,0,11440,560,0.040214573414125813,560000,46.666666666666664,0.805,0.0,Hybrid_WithoutAnomaly
0.9533333333333334,0.5,0.0,0.0,0.0,0.76027253996004,0.21253858187764002,0.21253858187764002,0.0,0.0,1.0,0,0,11440,560,0.040214573414125813,560000,46.666666666666664,0.8150000000000001,0.0,Hybrid_WithoutAnomaly
0.9533333333333334,0.5,0.0,0.0,0.0,0.76027253996004,0.21253858187764002,0.21253858187764002,0.0,0.0,1.0,0,0,11440,560,0.040214573414125813,560000,46.666666666666664,0.8250000000000001,0.0,Hybrid_WithoutAnomaly
0.9533333333333334,0.5,0.0,0.0,0.0,0.76027253996004,0.21253858187764002,0.21253858187764002,0.0,0.0,1.0,0,0,11440,560,0.040214573414125813,560000,46.666666666666664,0.8350000000000001,0.0,Hybrid_WithoutAnomaly
0.9533333333333334,0.5,0.0,0.0,0.0,0.76027253996004,0.21253858187764002,0.21253858187764002,0.0,0.0,1.0,0,0,11440,560,0.040214573414125813,560000,46.666666666666664,0.845,0.0,Hybrid_WithoutAnomaly
0.9533333333333334,0.5,0.0,0.0,0.0,0.76027253996004,0.21253858187764002,0.21253858187764002,0.0,0.0,1.0,0,0,11440,560,0.040214573414125813,560000,46.666666666666664,0.855,0.0,Hybrid_WithoutAnomaly
0.9533333333333334,0.5,0.0,0.0,0.0,0.76027253996004,0.21253858187764002,0.21253858187764002,0.0,0.0,1.0,0,0,11440,560,0.040214573414125813,560000,46.666666666666664,0.865,0.0,Hybrid_WithoutAnomaly
0.9533333333333334,0.5,0.0,0.0,0.0,0.76027253996004,0.21253858187764002,0.21253858187764002,0.0,0.0,1.0,0,0,11440,560,0.040214573414125813,560000,46.666666666666664,0.875,0.0,Hybrid_WithoutAnomaly
0.9533333333333334,0.5,0.0,0.0,0.0,0.76027253996004,0.21253858187764002,0.21253858187764002,0.0,0.0,1.0,0,0,11440,560,0.040214573414125813,560000,46.666666666666664,0.885,0.0,Hybrid_WithoutAnomaly
0.9533333333333334,0.5,0.0,0.0,0.0,0.76027253996004,0.21253858187764002,0.21253858187764002,0.0,0.0,1.0,0,0,11440,560,0.040214573414125813,560000,46.666666666666664,0.895,0.0,Hybrid_WithoutAnomaly
0.9533333333333334,0.5,0.0,0.0,0.0,0.76027253996004,0.21253858187764002,0.21253858187764002,0.0,0.0,1.0,0,0,11440,560,0.040214573414125813,560000,46.666666666666664,0.905,0.0,Hybrid_WithoutAnomaly
0.9533333333333334,0.5,0.0,0.0,0.0,0.76027253996004,0.21253858187764002,0.21253858187764002,0.0,0.0,1.0,0,0,11440,560,0.040214573414125813,560000,46.666666666666664,0.915,0.0,Hybrid_WithoutAnomaly
0.9533333333333334,0.5,0.0,0.0,0.0,0.76027253996004,0.21253858187764002,0.21253858187764002,0.0,0.0,1.0,0,0,11440,560,0.040214573414125813,560000,46.666666666666664,0.925,0.0,Hybrid_WithoutAnomaly
0.9533333333333334,0.5,0.0,0.0,0.0,0.76027253996004,0.21253858187764002,0.21253858187764002,0.0,0.0,1.0,0,0,11440,560,0.040214573414125813,560000,46.666666666666664,0.935,0.0,Hybrid_WithoutAnomaly
0.9533333333333334,0.5,0.0,0.0,0.0,0.76027253996004,0.21253858187764002,0.21253858187764002,0.0,0.0,1.0,0,0,11440,560,0.040214573414125813,560000,46.666666666666664,0.9450000000000001,0.0,Hybrid_WithoutAnomaly
0.9533333333333334,0.5,0.0,0.0,0.0,0.76027253996004,0.21253858187764002,0.21253858187764002,0.0,0.0,1.0,0,0,11440,560,0.040214573414125813,560000,46.666666666666664,0.9550000000000001,0.0,Hybrid_WithoutAnomaly
0.9533333333333334,0.5,0.0,0.0,0.0,0.76027253996004,0.21253858187764002,0.21253858187764002,0.0,0.0,1.0,0,0,11440,560,0.040214573414125813,560000,46.666666666666664,0.965,0.0,Hybrid_WithoutAnomaly
0.9533333333333334,0.5,0.0,0.0,0.0,0.76027253996004,0.21253858187764002,0.21253858187764002,0.0,0.0,1.0,0,0,11440,560,0.040214573414125813,560000,46.666666666666664,0.975,0.0,Hybrid_WithoutAnomaly
0.9533333333333334,0.5,0.0,0.0,0.0,0.76027253996004,0.21253858187764002,0.21253858187764002,0.0,0.0,1.0,0,0,11440,560,0.040214573414125813,560000,46.666666666666664,0.985,0.0,Hybrid_WithoutAnomaly
0.9533333333333334,0.5,0.0,0.0,0.0,0.76027253996004,0.21253858187764002,0.21253858187764002,0.0,0.0,1.0,0,0,11440,560,0.040214573414125813,560000,46.666666666666664,0.995,0.0,Hybrid_WithoutAnomaly
0.9533333333333334,0.5,0.0,0.0,0.0,0.76027253996004,0.21253858187764002,0.21253858187764002,0.0,0.0,1.0,0,0,11440,560,0.040214573414125813,560000,46.666666666666664,1.000001,0.0,Hybrid_WithoutAnomaly
0.04666666666666667,0.5,0.04666666666666667,1.0,0.089171974522293,0.7590243350399599,0.20604080701253327,0.20604080701253327,0.0,1.0,0.0,560,11440,0,0,0.040046111786337144,228800,19.066666666666666,0.0,1.0,Hybrid_WithoutGraph
0.05725,0.501304945054945,0.046784118688358765,0.9910714285714286,0.08935039845447959,0.7590243350399599,0.20604080701253327,0.20604080701253327,0.00518169323677792,0.9884615384615385,0.008928571428571428,555,11308,132,5,0.040046111786337144,231160,19.263333333333332,0.005,0.9885833333333334,Hybrid_WithoutGraph
0.05725,0.501304945054945,0.046784118688358765,0.9910714285714286,0.08935039845447959,0.7590243350399599,0.20604080701253327,0.20604080701253327,0.00518169323677792,0.9884615384615385,0.008928571428571428,555,11308,132,5,0.040046111786337144,231160,19.263333333333332,0.010869565217391304,0.9885833333333334,Hybrid_WithoutGraph
0.1065,0.5228896103896103,0.04883679630616231,0.9821428571428571,0.09304686178311622,0.7590243350399599,0.20604080701253327,0.20604080701253327,0.04019198720571987,0.9363636363636364,0.017857142857142856,550,10712,728,10,0.040046111786337144,224240,18.686666666666667,0.015,0.9385,Hybrid_WithoutGraph
0.1065,0.5228896103896103,0.04883679630616231,0.9821428571428571,0.09304686178311622,0.7590243350399599,0.20604080701253327,0.20604080701253327,0.04019198720571987,0.9363636363636364,0.017857142857142856,550,10712,728,10,0.040046111786337144,224240,18.686666666666667,0.016,0.9385,Hybrid_WithoutGraph
0.21158333333333335,0.5559253246753246,0.05266860991054377,0.9357142857142857,0.09972404605576173,0.7590243350399599,0.20604080701253327,0.20604080701253327,0.06267191856063274,0.8238636363636364,0.06428571428571428,524,9425,2015,36,0.040046111786337144,224500,18.708333333333332,0.0170316301703163,0.8290833333333333,Hybrid_WithoutGraph
0.28125,0.5856705794205794,0.05672199626250412,0.9214285714285714,0.106865486175831,0.7590243350399599,0.20604080701253327,0.20604080701253327,0.08439099556757028,0.7500874125874126,0.07857142857142857,516,8581,2859,44,0.040046111786337144,215620,17.968333333333334,0.01830065359477124,0.7580833333333333,Hybrid_WithoutGraph
0.40608333333333335,0.6222714785214786,0.06400212455185235,0.8607142857142858,0.11914472871091336,0.7590243350399599,0.20604080701253327,0.20604080701253327,0.10669171201701784,0.6161713286713286,0.1392857142857143,482,7049,4391,78,0.040046111786337144,218980,18.248333333333335,0.024322830292979547,0.6275833333333334,Hybrid_WithoutGraph
0.5545,0.6652972027972028,0.07780522230063515,0.7875,0.1416184971098266,0.7590243350399599,0.20604080701253327,0.20604080701253327,0.13967450853304786,0.4569055944055944,0.2125,441,5227,6213,119,0.040046111786337144,223540,18.628333333333334,0.025,0.4723333333333333,Hybrid_WithoutGraph
0.5545,0.6652972027972028,0.07780522230063515,0.7875,0.1416184971098266,0.7590243350399599,0.20604080701253327,0.20604080701253327,0.13967450853304786,0.4569055944055944,0.2125,441,5227,6213,119,0.040046111786337144,223540,18.628333333333334,0.02616279069767442,0.4723333333333333,Hybrid_WithoutGraph
0.6531666666666667,0.6847777222777223,0.09142468239564429,0.7196428571428571,0.16223832528180354,0.7590243350399599,0.20604080701253327,0.20604080701253327,0.16169170407185893,0.3500874125874126,0.28035714285714286,403,4005,7435,157,0.040046111786337144,237100,19.758333333333333,0.029644268774703556,0.36733333333333335,Hybrid_WithoutGraph
0.6915,0.695541958041958,0.09984717269485481,0.7,0.17476593847525634,0.7590243350399599,0.20604080701253327,0.20604080701253327,0.17581562176416865,0.30891608391608394,0.3,392,3534,7906,168,0.040046111786337144,238680,19.89,0.030303030303030304,0.32716666666666666,Hybrid_WithoutGraph
0.7281666666666666,0.7003371628371629,0.10863267670915411,0.6696428571428571,0.18693918245264204,0.7590243350399599,0.20604080701253327,0.20604080701253327,0.18669422758039964,0.26896853146853145,0.33035714285714285,375,3077,8363,185,0.040046111786337144,246540,20.545,0.034999999999999996,0.2876666666666667,Hybrid_WithoutGraph
0.7281666666666666,0.7003371628371629,0.10863267670915411,0.6696428571428571,0.18693918245264204,0.7590243350399599,0.20604080701253327,0.20604080701253327,0.18669422758039964,0.26896853146853145,0.33035714285714285,375,3077,8363,185,0.040046111786337144,246540,20.545,0.038461538461538464,0.2876666666666667,Hybrid_WithoutGraph
0.7293333333333333,0.7000999000999001,0.10884749708963912,0.6678571428571428,0.18718718718718716,0.7590243350399599,0.20604080701253327,0.20604080701253327,0.1867321021420386,0.26765734265734265,0.33214285714285713,374,3062,8378,186,0.040046111786337144,247240,20.60333333333333,0.03931451612903226,0.28633333333333333,Hybrid_WithoutGraph
0.8025833333333333,0.6977584915084916,0.1324664770418529,0.5821428571428572,0.21582257530619,0.7590243350399599,0.20604080701253327,0.20604080701253327,0.2066164668390209,0.1866258741258741,0.41785714285714287,326,2135,9305,234,0.040046111786337144,276700,23.058333333333334,0.045,0.20508333333333334,Hybrid_WithoutGraph
0.8025833333333333,0.6977584915084916,0.1324664770418529,0.5821428571428572,0.21582257530619,0.7590243350399599,0.20604080701253327,0.20604080701253327,0.2066164668390209,0.1866258741258741,0.41785714285714287,326,2135,9305,234,0.040046111786337144,276700,23.058333333333334,0.05333333333333334,0.20508333333333334,Hybrid_WithoutGraph
0.8385833333333333,0.6979582917082917,0.1531486146095718,0.5428571428571428,0.23889980353634574,0.7590243350399599,0.20604080701253327,0.20604080701253327,0.22475273556044678,0.14694055944055945,0.45714285714285713,304,1681,9759,256,0.040046111786337144,289620,24.135,0.055,0.16541666666666666,Hybrid_WithoutGraph
0.8394166666666667,0.6975462037962038,0.15357323872275722,0.5410714285714285,0.23924200552704303,0.7590243350399599,0.20604080701253327,0.20604080701253327,0.22483124203132532,0.145979020979021,0.4589285714285714,303,1670,9770,257,0.040046111786337144,290400,24.2,0.065,0.16441666666666666,Hybrid_WithoutGraph
0.8394166666666667,0.6975462037962038,0.15357323872275722,0.5410714285714285,0.23924200552704303,0.7590243350399599,0.20604080701253327,0.20604080701253327,0.22483124203132532,0.145979020979021,0.4589285714285714,303,1670,9770,257,0.040046111786337144,290400,24.2,0.06557377049180328,0.16441666666666666,Hybrid_WithoutGraph
0.856,0.6892607392607393,0.1632064590542099,0.5053571428571428,0.24673060156931123,0.7590243350399599,0.20604080701253327,0.20604080701253327,0.2270765968888256,0.12683566433566434,0.49464285714285716,283,1451,9989,277,0.040046111786337144,306020,25.501666666666665,0.07500000000000001,0.1445,Hybrid_WithoutGraph
0.856,0.6892607392607393,0.1632064590542099,0.5053571428571428,0.24673060156931123,0.7590243350399599,0.20604080701253327,0.20604080701253327,0.2270765968888256,0.12683566433566434,0.49464285714285716,283,1451,9989,277,0.040046111786337144,306020,25.501666666666665,0.07975460122699386,0.1445,Hybrid_WithoutGraph
0.8683333333333333,0.688086913086913,0.1747448979591837,0.48928571428571427,0.2575187969924812,0.7590243350399599,0.20604080701253327,0.20604080701253327,0.23541752081045844,0.11311188811188812,0.5107142857142857,274,1294,10146,286,0.040046111786337144,311880,25.99,0.085,0.13066666666666665,Hybrid_WithoutGraph
0.8683333333333333,0.688086913086913,0.1747448979591837,0.48928571428571427,0.2575187969924812,0.7590243350399599,0.20604080701253327,0.20604080701253327,0.23541752081045844,0.11311188811188812,0.5107142857142857,274,1294,10146,286,0.040046111786337144,311880,25.99,0.08505154639175258,0.13066666666666665,Hybrid_WithoutGraph
0.89725,0.6888174325674326,0.21651221566975568,0.4589285714285714,0.29421866056096163,0.7590243350399599,0.20604080701253327,0.20604080701253327,0.2667968197723544,0.08129370629370629,0.5410714285714285,257,930,10510,303,0.040046111786337144,321600,26.8,0.095,0.09891666666666667,Hybrid_WithoutGraph
0.8973333333333333,0.6888611388611389,0.2166947723440135,0.4589285714285714,0.2943871706758305,0.7590243350399599,0.20604080701253327,0.20604080701253327,0.26695871210861033,0.0812062937062937,0.5410714285714285,257,929,10511,303,0.040046111786337144,321580,26.798333333333332,0.09696969696969697,0.09883333333333333,Hybrid_WithoutGraph
0.9195833333333333,0.6776036463536463,0.2658959537572254,0.4107142857142857,0.3228070175438596,0.7590243350399599,0.20604080701253327,0.20604080701253327,0.28969148828198366,0.05550699300699301,0.5892857142857143,230,635,10805,330,0.040046111786337144,342700,28.558333333333334,0.10500000000000001,0.07208333333333333,Hybrid_WithoutGraph
0.9195833333333333,0.6776036463536463,0.2658959537572254,0.4107142857142857,0.3228070175438596,0.7590243350399599,0.20604080701253327,0.20604080701253327,0.28969148828198366,0.05550699300699301,0.5892857142857143,230,635,10805,330,0.040046111786337144,342700,28.558333333333334,0.115,0.07208333333333333,Hybrid_WithoutGraph
0.9195833333333333,0.6776036463536463,0.2658959537572254,0.4107142857142857,0.3228070175438596,0.7590243350399599,0.20604080701253327,0.20604080701253327,0.28969148828198366,0.05550699300699301,0.5892857142857143,230,635,10805,330,0.040046111786337144,342700,28.558333333333334,0.125,0.07208333333333333,Hybrid_WithoutGraph
0.9203333333333333,0.677997002997003,0.26869158878504673,0.4107142857142857,0.3248587570621469,0.7590243350399599,0.20604080701253327,0.20604080701253327,0.2917375136528067,0.05472027972027972,0.5892857142857143,230,626,10814,330,0.040046111786337144,342520,28.543333333333333,0.135,0.07133333333333333,Hybrid_WithoutGraph
0.9203333333333333,0.677997002997003,0.26869158878504673,0.4107142857142857,0.3248587570621469,0.7590243350399599,0.20604080701253327,0.20604080701253327,0.2917375136528067,0.05472027972027972,0.5892857142857143,230,626,10814,330,0.040046111786337144,342520,28.543333333333333,0.14500000000000002,0.07133333333333333,Hybrid_WithoutGraph
0.9204166666666667,0.6780407092907093,0.26900584795321636,0.4107142857142857,0.3250883392226148,0.7590243350399599,0.20604080701253327,0.20604080701253327,0.2919666476993061,0.054632867132867136,0.5892857142857143,230,625,10815,330,0.040046111786337144,342500,28.541666666666668,0.155,0.07125,Hybrid_WithoutGraph
0.9204166666666667,0.6780407092907093,0.26900584795321636,0.4107142857142857,0.3250883392226148,0.7590243350399599,0.20604080701253327,0.20604080701253327,0.2919666476993061,0.054632867132867136,0.5892857142857143,230,625,10815,330,0.040046111786337144,342500,28.541666666666668,0.16279069767441862,0.07125,Hybrid_WithoutGraph
0.9269166666666667,0.6636176323676324,0.28435374149659864,0.3732142857142857,0.3227799227799228,0.7590243350399599,0.20604080701253327,0.20604080701253327,0.28784444840554857,0.04597902097902098,0.6267857142857143,209,526,10914,351,0.040046111786337144,361520,30.126666666666665,0.165,0.06125,Hybrid_WithoutGraph
0.9269166666666667,0.6636176323676324,0.28435374149659864,0.3732142857142857,0.3227799227799228,0.7590243350399599,0.20604080701253327,0.20604080701253327,0.28784444840554857,0.04597902097902098,0.6267857142857143,209,526,10914,351,0.040046111786337144,361520,30.126666666666665,0.17500000000000002,0.06125,Hybrid_WithoutGraph
0.9269166666666667,0.6636176323676324,0.28435374149659864,0.3732142857142857,0.3227799227799228,0.7590243350399599,0.20604080701253327,0.20604080701253327,0.28784444840554857,0.04597902097902098,0.6267857142857143,209,526,10914,351,0.040046111786337144,361520,30.126666666666665,0.185,0.06125,Hybrid_WithoutGraph
0.9269166666666667,0.6636176323676324,0.28435374149659864,0.3732142857142857,0.3227799227799228,0.7590243350399599,0.20604080701253327,0.20604080701253327,0.28784444840554857,0.04597902097902098,0.6267857142857143,209,526,10914,351,0.040046111786337144,361520,30.126666666666665,0.195,0.06125,Hybrid_WithoutGraph
0.9325,0.6614510489510489,0.3094512195121951,0.3625,0.3338815789473684,0.7590243350399599,0.20604080701253327,0.20604080701253327,0.299600727620817,0.0395979020979021,0.6375,203,453,10987,357,0.040046111786337144,366060,30.505,0.20500000000000002,0.05466666666666667,Hybrid_WithoutGraph
0.9325,0.6614510489510489,0.3094512195121951,0.3625,0.3338815789473684,0.7590243350399599,0.20604080701253327,0.20604080701253327,0.299600727620817,0.0395979020979021,0.6375,203,453,10987,357,0.040046111786337144,366060,30.505,0.215,0.05466666666666667,Hybrid_WithoutGraph
0.9325,0.6614510489510489,0.3094512195121951,0.3625,0.3338815789473684,0.7590243350399599,0.20604080701253327,0.20604080701253327,0.299600727620817,0.0395979020979021,0.6375,203,453,10987,357,0.040046111786337144,366060,30.505,0.2235294117647059,0.05466666666666667,Hybrid_WithoutGraph
0.9375833333333333,0.6522290209790209,0.3333333333333333,0.3375,0.3354037267080745,0.7590243350399599,0.20604080701253327,0.20604080701253327,0.3026654475816016,0.033041958041958044,0.6625,189,378,11062,371,0.040046111786337144,378560,31.546666666666667,0.225,0.04725,Hybrid_WithoutGraph
0.9375833333333333,0.6522290209790209,0.3333333333333333,0.3375,0.3354037267080745,0.7590243350399599,0.20604080701253327,0.20604080701253327,0.3026654475816016,0.033041958041958044,0.6625,189,378,11062,371,0.040046111786337144,378560,31.546666666666667,0.23500000000000001,0.04725,Hybrid_WithoutGraph
0.9375,0.6513361638361638,0.3321554770318021,0.3357142857142857,0.3339253996447602,0.7590243350399599,0.20604080701253327,0.20604080701253327,0.30114276446117927,0.033041958041958044,0.6642857142857143,188,378,11062,372,0.040046111786337144,379560,31.63,0.245,0.04716666666666667,Hybrid_WithoutGraph
0.9375,0.6513361638361638,0.3321554770318021,0.3357142857142857,0.3339253996447602,0.7590243350399599,0.20604080701253327,0.20604080701253327,0.30114276446117927,0.033041958041958044,0.6642857142857143,188,378,11062,372,0.040046111786337144,379560,31.63,0.255,0.04716666666666667,Hybrid_WithoutGraph
0.9375,0.6513361638361638,0.3321554770318021,0.3357142857142857,0.3339253996447602,0.7590243350399599,0.20604080701253327,0.20604080701253327,0.30114276446117927,0.033041958041958044,0.6642857142857143,188,378,11062,372,0.040046111786337144,379560,31.63,0.25925925925925924,0.04716666666666667,Hybrid_WithoutGraph
0.9433333333333334,0.6204295704295705,0.3557692307692308,0.2642857142857143,0.30327868852459017,0.7590243350399599,0.20604080701253327,0.20604080701253327,0.2777117268047389,0.023426573426573425,0.7357142857142858,148,268,11172,412,0.040046111786337144,417360,34.78,0.265,0.034666666666666665,Hybrid_WithoutGraph
0.9434166666666667,0.6204732767232767,0.3566265060240964,0.2642857142857143,0.30358974358974355,0.7590243350399599,0.20604080701253327,0.20604080701253327,0.2781350215324731,0.02333916083916084,0.7357142857142858,148,267,11173,412,0.040046111786337144,417340,34.778333333333336,0.275,0.034583333333333334,Hybrid_WithoutGraph
0.944,0.608041958041958,0.35185185185185186,0.2375,0.2835820895522388,0.7590243350399599,0.20604080701253327,0.20604080701253327,0.26094148657745747,0.021416083916083916,0.7625,133,245,11195,427,0.040046111786337144,431900,35.99166666666667,0.28500000000000003,0.0315,Hybrid_WithoutGraph
0.944,0.608041958041958,0.35185185185185186,0.2375,0.2835820895522388,0.7590243350399599,0.20604080701253327,0.20604080701253327,0.26094148657745747,0.021416083916083916,0.7625,133,245,11195,427,0.040046111786337144,431900,35.99166666666667,0.295,0.0315,Hybrid_WithoutGraph
0.944,0.608041958041958,0.35185185185185186,0.2375,0.2835820895522388,0.7590243350399599,0.20604080701253327,0.20604080701253327,0.26094148657745747,0.021416083916083916,0.7625,133,245,11195,427,0.040046111786337144,431900,35.99166666666667,0.305,0.0315,Hybrid_WithoutGraph
0.944,0.608041958041958,0.35185185185185186,0.2375,0.2835820895522388,0.7590243350399599,0.20604080701253327,0.20604080701253327,0.26094148657745747,0.021416083916083916,0.7625,133,245,11195,427,0.040046111786337144,431900,35.99166666666667,0.315,0.0315,Hybrid_WithoutGraph
0.944,0.608041958041958,0.35185185185185186,0.2375,0.2835820895522388,0.7590243350399599,0.20604080701253327,0.20604080701253327,0.26094148657745747,0.021416083916083916,0.7625,133,245,11195,427,0.040046111786337144,431900,35.99166666666667,0.325,0.0315,Hybrid_WithoutGraph
0.944,0.608041958041958,0.35185185185185186,0.2375,0.2835820895522388,0.7590243350399599,0.20604080701253327,0.20604080701253327,0.26094148657745747,0.021416083916083916,0.7625,133,245,11195,427,0.040046111786337144,431900,35.99166666666667,0.335,0.0315,Hybrid_WithoutGraph
0.944,0.608041958041958,0.35185185185185186,0.2375,0.2835820895522388,0.7590243350399599,0.20604080701253327,0.20604080701253327,0.26094148657745747,0.021416083916083916,0.7625,133,245,11195,427,0.040046111786337144,431900,35.99166666666667,0.34375,0.0315,Hybrid_WithoutGraph
0.9505833333333333,0.5401660839160839,0.37404580152671757,0.0875,0.14182344428364688,0.7590243350399599,0.20604080701253327,0.20604080701253327,0.16306238866255313,0.007167832167832168,0.9125,49,82,11358,511,0.040046111786337144,512640,42.72,0.34500000000000003,0.010916666666666667,Hybrid_WithoutGraph
0.9505833333333333,0.5401660839160839,0.37404580152671757,0.0875,0.14182344428364688,0.7590243350399599,0.20604080701253327,0.20604080701253327,0.16306238866255313,0.007167832167832168,0.9125,49,82,11358,511,0.040046111786337144,512640,42.72,0.35500000000000004,0.010916666666666667,Hybrid_WithoutGraph
0.9506666666666667,0.5402097902097902,0.3769230769230769,0.0875,0.14202898550724638,0.7590243350399599,0.20604080701253327,0.20604080701253327,0.1638595632611828,0.007080419580419581,0.9125,49,81,11359,511,0.040046111786337144,512620,42.718333333333334,0.365,0.010833333333333334,Hybrid_WithoutGraph
0.9506666666666667,0.535964035964036,0.36666666666666664,0.07857142857142857,0.12941176470588234,0.7590243350399599,0.20604080701253327,0.20604080701253327,0.15247779443227902,0.006643356643356644,0.9214285714285714,44,76,11364,516,0.040046111786337144,517520,43.126666666666665,0.375,0.01,Hybrid_WithoutGraph
0.9509166666666666,0.5343968531468531,0.37168141592920356,0.075,0.12481426448736997,0.7590243350399599,0.20604080701253327,0.20604080701253327,0.15023820306384517,0.0062062937062937066,0.925,42,71,11369,518,0.040046111786337144,519420,43.285,0.385,0.009416666666666667,Hybrid_WithoutGraph
0.9509166666666666,0.5343968531468531,0.37168141592920356,0.075,0.12481426448736997,0.7590243350399599,0.20604080701253327,0.20604080701253327,0.15023820306384517,0.0062062937062937066,0.925,42,71,11369,518,0.040046111786337144,519420,43.285,0.395,0.009416666666666667,Hybrid_WithoutGraph
0.9509166666666666,0.5343968531468531,0.37168141592920356,0.075,0.12481426448736997,0.7590243350399599,0.20604080701253327,0.20604080701253327,0.15023820306384517,0.0062062937062937066,0.925,42,71,11369,518,0.040046111786337144,519420,43.285,0.405,0.009416666666666667,Hybrid_WithoutGraph
0.951,0.5344405594405595,0.375,0.075,0.12499999999999999,0.7590243350399599,0.20604080701253327,0.20604080701253327,0.15109281382961123,0.006118881118881119,0.925,42,70,11370,518,0.040046111786337144,519400,43.28333333333333,0.41500000000000004,0.009333333333333334,Hybrid_WithoutGraph
0.951,0.5344405594405595,0.375,0.075,0.12499999999999999,0.7590243350399599,0.20604080701253327,0.20604080701253327,0.15109281382961123,0.006118881118881119,0.925,42,70,11370,518,0.040046111786337144,519400,43.28333333333333,0.425,0.009333333333333334,Hybrid_WithoutGraph
0.951,0.5344405594405595,0.375,0.075,0.12499999999999999,0.7590243350399599,0.20604080701253327,0.20604080701253327,0.15109281382961123,0.006118881118881119,0.925,42,70,11370,518,0.040046111786337144,519400,43.28333333333333,0.435,0.009333333333333334,Hybrid_WithoutGraph
0.9534166666666667,0.5136301198801199,0.5161290322580645,0.02857142857142857,0.05414551607445008,0.7590243350399599,0.20604080701253327,0.20604080701253327,0.11327313399574346,0.0013111888111888112,0.9714285714285714,16,15,11425,544,0.040046111786337144,544300,45.358333333333334,0.445,0.0025833333333333333,Hybrid_WithoutGraph
0.9534166666666667,0.5136301198801199,0.5161290322580645,0.02857142857142857,0.05414551607445008,0.7590243350399599,0.20604080701253327,0.20604080701253327,0.11327313399574346,0.0013111888111888112,0.9714285714285714,16,15,11425,544,0.040046111786337144,544300,45.358333333333334,0.455,0.0025833333333333333,Hybrid_WithoutGraph
0.9534166666666667,0.5136301198801199,0.5161290322580645,0.02857142857142857,0.05414551607445008,0.7590243350399599,0.20604080701253327,0.20604080701253327,0.11327313399574346,0.0013111888111888112,0.9714285714285714,16,15,11425,544,0.040046111786337144,544300,45.358333333333334,0.465,0.0025833333333333333,Hybrid_WithoutGraph
0.9534166666666667,0.5136301198801199,0.5161290322580645,0.02857142857142857,0.05414551607445008,0.7590243350399599,0.20604080701253327,0.20604080701253327,0.11327313399574346,0.0013111888111888112,0.9714285714285714,16,15,11425,544,0.040046111786337144,544300,45.358333333333334,0.47500000000000003,0.0025833333333333333,Hybrid_WithoutGraph
0.9534166666666667,0.5136301198801199,0.5161290322580645,0.02857142857142857,0.05414551607445008,0.7590243350399599,0.20604080701253327,0.20604080701253327,0.11327313399574346,0.0013111888111888112,0.9714285714285714,16,15,11425,544,0.040046111786337144,544300,45.358333333333334,0.485,0.0025833333333333333,Hybrid_WithoutGraph
0.9535,0.5136738261738262,0.5333333333333333,0.02857142857142857,0.05423728813559322,0.7590243350399599,0.20604080701253327,0.20604080701253327,0.11550994406168519,0.0012237762237762239,0.9714285714285714,16,14,11426,544,0.040046111786337144,544280,45.35666666666667,0.495,0.0025,Hybrid_WithoutGraph
0.9535,0.5136738261738262,0.5333333333333333,0.02857142857142857,0.05423728813559322,0.7590243350399599,0.20604080701253327,0.20604080701253327,0.11550994406168519,0.0012237762237762239,0.9714285714285714,16,14,11426,544,0.040046111786337144,544280,45.35666666666667,0.505,0.0025,Hybrid_WithoutGraph
0.9535,0.5136738261738262,0.5333333333333333,0.02857142857142857,0.05423728813559322,0.7590243350399599,0.20604080701253327,0.20604080701253327,0.11550994406168519,0.0012237762237762239,0.9714285714285714,16,14,11426,544,0.040046111786337144,544280,45.35666666666667,0.515,0.0025,Hybrid_WithoutGraph
0.9535,0.5136738261738262,0.5333333333333333,0.02857142857142857,0.05423728813559322,0.7590243350399599,0.20604080701253327,0.20604080701253327,0.11550994406168519,0.0012237762237762239,0.9714285714285714,16,14,11426,544,0.040046111786337144,544280,45.35666666666667,0.525,0.0025,Hybrid_WithoutGraph
0.9535,0.5136738261738262,0.5333333333333333,0.02857142857142857,0.05423728813559322,0.7590243350399599,0.20604080701253327,0.20604080701253327,0.11550994406168519,0.0012237762237762239,0.9714285714285714,16,14,11426,544,0.040046111786337144,544280,45.35666666666667,0.535,0.0025,Hybrid_WithoutGraph
0.9535,0.5136738261738262,0.5333333333333333,0.02857142857142857,0.05423728813559322,0.7590243350399599,0.20604080701253327,0.20604080701253327,0.11550994406168519,0.0012237762237762239,0.9714285714285714,16,14,11426,544,0.040046111786337144,544280,45.35666666666667,0.545,0.0025,Hybrid_WithoutGraph
0.9535,0.5136738261738262,0.5333333333333333,0.02857142857142857,0.05423728813559322,0.7590243350399599,0.20604080701253327,0.20604080701253327,0.11550994406168519,0.0012237762237762239,0.9714285714285714,16,14,11426,544,0.040046111786337144,544280,45.35666666666667,0.5510204081632653,0.0025,Hybrid_WithoutGraph
0.9533333333333334,0.5,0.0,0.0,0.0,0.7590243350399599,0.20604080701253327,0.20604080701253327,0.0,0.0,1.0,0,0,11440,560,0.040046111786337144,560000,46.666666666666664,0.555,0.0,Hybrid_WithoutGraph
0.9533333333333334,0.5,0.0,0.0,0.0,0.7590243350399599,0.20604080701253327,0.20604080701253327,0.0,0.0,1.0,0,0,11440,560,0.040046111786337144,560000,46.666666666666664,0.5650000000000001,0.0,Hybrid_WithoutGraph
0.9533333333333334,0.5,0.0,0.0,0.0,0.7590243350399599,0.20604080701253327,0.20604080701253327,0.0,0.0,1.0,0,0,11440,560,0.040046111786337144,560000,46.666666666666664,0.5750000000000001,0.0,Hybrid_WithoutGraph
0.9533333333333334,0.5,0.0,0.0,0.0,0.7590243350399599,0.20604080701253327,0.20604080701253327,0.0,0.0,1.0,0,0,11440,560,0.040046111786337144,560000,46.666666666666664,0.585,0.0,Hybrid_WithoutGraph
0.9533333333333334,0.5,0.0,0.0,0.0,0.7590243350399599,0.20604080701253327,0.20604080701253327,0.0,0.0,1.0,0,0,11440,560,0.040046111786337144,560000,46.666666666666664,0.595,0.0,Hybrid_WithoutGraph
0.9533333333333334,0.5,0.0,0.0,0.0,0.7590243350399599,0.20604080701253327,0.20604080701253327,0.0,0.0,1.0,0,0,11440,560,0.040046111786337144,560000,46.666666666666664,0.605,0.0,Hybrid_WithoutGraph
0.9533333333333334,0.5,0.0,0.0,0.0,0.7590243350399599,0.20604080701253327,0.20604080701253327,0.0,0.0,1.0,0,0,11440,560,0.040046111786337144,560000,46.666666666666664,0.615,0.0,Hybrid_WithoutGraph
0.9533333333333334,0.5,0.0,0.0,0.0,0.7590243350399599,0.20604080701253327,0.20604080701253327,0.0,0.0,1.0,0,0,11440,560,0.040046111786337144,560000,46.666666666666664,0.625,0.0,Hybrid_WithoutGraph
0.9533333333333334,0.5,0.0,0.0,0.0,0.7590243350399599,0.20604080701253327,0.20604080701253327,0.0,0.0,1.0,0,0,11440,560,0.040046111786337144,560000,46.666666666666664,0.635,0.0,Hybrid_WithoutGraph
0.9533333333333334,0.5,0.0,0.0,0.0,0.7590243350399599,0.20604080701253327,0.20604080701253327,0.0,0.0,1.0,0,0,11440,560,0.040046111786337144,560000,46.666666666666664,0.645,0.0,Hybrid_WithoutGraph
0.9533333333333334,0.5,0.0,0.0,0.0,0.7590243350399599,0.20604080701253327,0.20604080701253327,0.0,0.0,1.0,0,0,11440,560,0.040046111786337144,560000,46.666666666666664,0.655,0.0,Hybrid_WithoutGraph
0.9533333333333334,0.5,0.0,0.0,0.0,0.7590243350399599,0.20604080701253327,0.20604080701253327,0.0,0.0,1.0,0,0,11440,560,0.040046111786337144,560000,46.666666666666664,0.665,0.0,Hybrid_WithoutGraph
0.9533333333333334,0.5,0.0,0.0,0.0,0.7590243350399599,0.20604080701253327,0.20604080701253327,0.0,0.0,1.0,0,0,11440,560,0.040046111786337144,560000,46.666666666666664,0.675,0.0,Hybrid_WithoutGraph
0.9533333333333334,0.5,0.0,0.0,0.0,0.7590243350399599,0.20604080701253327,0.20604080701253327,0.0,0.0,1.0,0,0,11440,560,0.040046111786337144,560000,46.666666666666664,0.685,0.0,Hybrid_WithoutGraph
0.9533333333333334,0.5,0.0,0.0,0.0,0.7590243350399599,0.20604080701253327,0.20604080701253327,0.0,0.0,1.0,0,0,11440,560,0.040046111786337144,560000,46.666666666666664,0.6950000000000001,0.0,Hybrid_WithoutGraph
0.9533333333333334,0.5,0.0,0.0,0.0,0.7590243350399599,0.20604080701253327,0.20604080701253327,0.0,0.0,1.0,0,0,11440,560,0.040046111786337144,560000,46.666666666666664,0.7050000000000001,0.0,Hybrid_WithoutGraph
0.9533333333333334,0.5,0.0,0.0,0.0,0.7590243350399599,0.20604080701253327,0.20604080701253327,0.0,0.0,1.0,0,0,11440,560,0.040046111786337144,560000,46.666666666666664,0.715,0.0,Hybrid_WithoutGraph
0.9533333333333334,0.5,0.0,0.0,0.0,0.7590243350399599,0.20604080701253327,0.20604080701253327,0.0,0.0,1.0,0,0,11440,560,0.040046111786337144,560000,46.666666666666664,0.725,0.0,Hybrid_WithoutGraph
0.9533333333333334,0.5,0.0,0.0,0.0,0.7590243350399599,0.20604080701253327,0.20604080701253327,0.0,0.0,1.0,0,0,11440,560,0.040046111786337144,560000,46.666666666666664,0.735,0.0,Hybrid_WithoutGraph
0.9533333333333334,0.5,0.0,0.0,0.0,0.7590243350399599,0.20604080701253327,0.20604080701253327,0.0,0.0,1.0,0,0,11440,560,0.040046111786337144,560000,46.666666666666664,0.745,0.0,Hybrid_WithoutGraph
0.9533333333333334,0.5,0.0,0.0,0.0,0.7590243350399599,0.20604080701253327,0.20604080701253327,0.0,0.0,1.0,0,0,11440,560,0.040046111786337144,560000,46.666666666666664,0.755,0.0,Hybrid_WithoutGraph
0.9533333333333334,0.5,0.0,0.0,0.0,0.7590243350399599,0.20604080701253327,0.20604080701253327,0.0,0.0,1.0,0,0,11440,560,0.040046111786337144,560000,46.666666666666664,0.765,0.0,Hybrid_WithoutGraph
0.9533333333333334,0.5,0.0,0.0,0.0,0.7590243350399599,0.20604080701253327,0.20604080701253327,0.0,0.0,1.0,0,0,11440,560,0.040046111786337144,560000,46.666666666666664,0.775,0.0,Hybrid_WithoutGraph
0.9533333333333334,0.5,0.0,0.0,0.0,0.7590243350399599,0.20604080701253327,0.20604080701253327,0.0,0.0,1.0,0,0,11440,560,0.040046111786337144,560000,46.666666666666664,0.785,0.0,Hybrid_WithoutGraph
0.9533333333333334,0.5,0.0,0.0,0.0,0.7590243350399599,0.20604080701253327,0.20604080701253327,0.0,0.0,1.0,0,0,11440,560,0.040046111786337144,560000,46.666666666666664,0.795,0.0,Hybrid_WithoutGraph
0.9533333333333334,0.5,0.0,0.0,0.0,0.7590243350399599,0.20604080701253327,0.20604080701253327,0.0,0.0,1.0,0,0,11440,560,0.040046111786337144,560000,46.666666666666664,0.805,0.0,Hybrid_WithoutGraph
0.9533333333333334,0.5,0.0,0.0,0.0,0.7590243350399599,0.20604080701253327,0.20604080701253327,0.0,0.0,1.0,0,0,11440,560,0.040046111786337144,560000,46.666666666666664,0.8150000000000001,0.0,Hybrid_WithoutGraph
0.9533333333333334,0.5,0.0,0.0,0.0,0.7590243350399599,0.20604080701253327,0.20604080701253327,0.0,0.0,1.0,0,0,11440,560,0.040046111786337144,560000,46.666666666666664,0.8250000000000001,0.0,Hybrid_WithoutGraph
0.9533333333333334,0.5,0.0,0.0,0.0,0.7590243350399599,0.20604080701253327,0.20604080701253327,0.0,0.0,1.0,0,0,11440,560,0.040046111786337144,560000,46.666666666666664,0.8350000000000001,0.0,Hybrid_WithoutGraph
0.9533333333333334,0.5,0.0,0.0,0.0,0.7590243350399599,0.20604080701253327,0.20604080701253327,0.0,0.0,1.0,0,0,11440,560,0.040046111786337144,560000,46.666666666666664,0.845,0.0,Hybrid_WithoutGraph
0.9533333333333334,0.5,0.0,0.0,0.0,0.7590243350399599,0.20604080701253327,0.20604080701253327,0.0,0.0,1.0,0,0,11440,560,0.040046111786337144,560000,46.666666666666664,0.855,0.0,Hybrid_WithoutGraph
0.9533333333333334,0.5,0.0,0.0,0.0,0.7590243350399599,0.20604080701253327,0.20604080701253327,0.0,0.0,1.0,0,0,11440,560,0.040046111786337144,560000,46.666666666666664,0.865,0.0,Hybrid_WithoutGraph
0.9533333333333334,0.5,0.0,0.0,0.0,0.7590243350399599,0.20604080701253327,0.20604080701253327,0.0,0.0,1.0,0,0,11440,560,0.040046111786337144,560000,46.666666666666664,0.875,0.0,Hybrid_WithoutGraph
0.9533333333333334,0.5,0.0,0.0,0.0,0.7590243350399599,0.20604080701253327,0.20604080701253327,0.0,0.0,1.0,0,0,11440,560,0.040046111786337144,560000,46.666666666666664,0.885,0.0,Hybrid_WithoutGraph
0.9533333333333334,0.5,0.0,0.0,0.0,0.7590243350399599,0.20604080701253327,0.20604080701253327,0.0,0.0,1.0,0,0,11440,560,0.040046111786337144,560000,46.666666666666664,0.895,0.0,Hybrid_WithoutGraph
0.9533333333333334,0.5,0.0,0.0,0.0,0.7590243350399599,0.20604080701253327,0.20604080701253327,0.0,0.0,1.0,0,0,11440,560,0.040046111786337144,560000,46.666666666666664,0.905,0.0,Hybrid_WithoutGraph
0.9533333333333334,0.5,0.0,0.0,0.0,0.7590243350399599,0.20604080701253327,0.20604080701253327,0.0,0.0,1.0,0,0,11440,560,0.040046111786337144,560000,46.666666666666664,0.915,0.0,Hybrid_WithoutGraph
0.9533333333333334,0.5,0.0,0.0,0.0,0.7590243350399599,0.20604080701253327,0.20604080701253327,0.0,0.0,1.0,0,0,11440,560,0.040046111786337144,560000,46.666666666666664,0.925,0.0,Hybrid_WithoutGraph
0.9533333333333334,0.5,0.0,0.0,0.0,0.7590243350399599,0.20604080701253327,0.20604080701253327,0.0,0.0,1.0,0,0,11440,560,0.040046111786337144,560000,46.666666666666664,0.935,0.0,Hybrid_WithoutGraph
0.9533333333333334,0.5,0.0,0.0,0.0,0.7590243350399599,0.20604080701253327,0.20604080701253327,0.0,0.0,1.0,0,0,11440,560,0.040046111786337144,560000,46.666666666666664,0.9450000000000001,0.0,Hybrid_WithoutGraph
0.9533333333333334,0.5,0.0,0.0,0.0,0.7590243350399599,0.20604080701253327,0.20604080701253327,0.0,0.0,1.0,0,0,11440,560,0.040046111786337144,560000,46.666666666666664,0.9550000000000001,0.0,Hybrid_WithoutGraph
0.9533333333333334,0.5,0.0,0.0,0.0,0.7590243350399599,0.20604080701253327,0.20604080701253327,0.0,0.0,1.0,0,0,11440,560,0.040046111786337144,560000,46.666666666666664,0.965,0.0,Hybrid_WithoutGraph
0.9533333333333334,0.5,0.0,0.0,0.0,0.7590243350399599,0.20604080701253327,0.20604080701253327,0.0,0.0,1.0,0,0,11440,560,0.040046111786337144,560000,46.666666666666664,0.975,0.0,Hybrid_WithoutGraph
0.9533333333333334,0.5,0.0,0.0,0.0,0.7590243350399599,0.20604080701253327,0.20604080701253327,0.0,0.0,1.0,0,0,11440,560,0.040046111786337144,560000,46.666666666666664,0.985,0.0,Hybrid_WithoutGraph
0.9533333333333334,0.5,0.0,0.0,0.0,0.7590243350399599,0.20604080701253327,0.20604080701253327,0.0,0.0,1.0,0,0,11440,560,0.040046111786337144,560000,46.666666666666664,0.995,0.0,Hybrid_WithoutGraph
0.9533333333333334,0.5,0.0,0.0,0.0,0.7590243350399599,0.20604080701253327,0.20604080701253327,0.0,0.0,1.0,0,0,11440,560,0.040046111786337144,560000,46.666666666666664,1.000001,0.0,Hybrid_WithoutGraph
0.04666666666666667,0.5,0.04666666666666667,1.0,0.089171974522293,0.7605889423076924,0.20279108911994306,0.20279108911994306,0.0,1.0,0.0,560,11440,0,0,0.04009668857696892,228800,19.066666666666666,0.0,1.0,Hybrid_WithoutSequence
0.058666666666666666,0.5011988011988012,0.04677473826409997,0.9892857142857143,0.08932602386326992,0.7605889423076924,0.20279108911994306,0.20279108911994306,0.004464498603244181,0.9868881118881119,0.010714285714285714,554,11290,150,6,0.04009668857696892,231800,19.316666666666666,0.005,0.987,Hybrid_WithoutSequence
0.05875,0.5012425074925075,0.04677868783247488,0.9892857142857143,0.08933322583245988,0.7605889423076924,0.20279108911994306,0.20279108911994306,0.004612701453710642,0.9868006993006992,0.010714285714285714,554,11289,151,6,0.04009668857696892,231780,19.315,0.013824884792626729,0.9869166666666667,Hybrid_WithoutSequence
0.10625,0.5227584915084915,0.048823790501553485,0.9821428571428571,0.09302325581395349,0.7605889423076924,0.20279108911994306,0.20279108911994306,0.040037894082740874,0.9366258741258742,0.017857142857142856,550,10715,725,10,0.04009668857696892,224300,18.691666666666666,0.014925373134328358,0.93875,Hybrid_WithoutSequence
0.11233333333333333,0.5250999000999,0.04906166219839142,0.9803571428571428,0.0934468085106383,0.7605889423076924,0.20279108911994306,0.20279108911994306,0.04220379080252931,0.9301573426573426,0.019642857142857142,549,10641,799,11,0.04009668857696892,223820,18.651666666666667,0.015,0.9325,Hybrid_WithoutSequence
0.11233333333333333,0.5250999000999,0.04906166219839142,0.9803571428571428,0.0934468085106383,0.7605889423076924,0.20279108911994306,0.20279108911994306,0.04220379080252931,0.9301573426573426,0.019642857142857142,549,10641,799,11,0.04009668857696892,223820,18.651666666666667,0.016150740242261104,0.9325,Hybrid_WithoutSequence
0.24616666666666667,0.5723651348651349,0.05477439664218258,0.9321428571428572,0.10346878097125867,0.7605889423076924,0.20279108911994306,0.20279108911994306,0.07550426256857307,0.7874125874125875,0.06785714285714285,522,9008,2432,38,0.04009668857696892,218160,18.18,0.017241379310344827,0.7941666666666667,Hybrid_WithoutSequence
0.27466666666666667,0.5830669330669331,0.05633035519721072,0.9232142857142858,0.10618196754980488,0.7605889423076924,0.20279108911994306,0.20279108911994306,0.08262522708204262,0.7570804195804196,0.07678571428571429,517,8661,2779,43,0.04009668857696892,216220,18.018333333333334,0.0196078431372549,0.7648333333333334,Hybrid_WithoutSequence
0.37066666666666664,0.6121878121878122,0.06168505516549649,0.8785714285714286,0.11527647610121836,0.7605889423076924,0.20279108911994306,0.20279108911994306,0.10024463560617607,0.6541958041958041,0.12142857142857143,492,7484,3956,68,0.04009668857696892,217680,18.14,0.02168021680216802,0.6646666666666666,Hybrid_WithoutSequence
0.39691666666666664,0.6183129370629371,0.06319508046578569,0.8625,0.11776179446543947,0.7605889423076924,0.20279108911994306,0.20279108911994306,0.10378714065984156,0.6258741258741258,0.1375,483,7160,4280,77,0.04009668857696892,220200,18.35,0.02269861286254729,0.6369166666666667,Hybrid_WithoutSequence
0.52925,0.6588474025974026,0.0749958242859529,0.8017857142857143,0.13716205895830152,0.7605889423076924,0.20279108911994306,0.20279108911994306,0.1340191651457371,0.48409090909090907,0.1982142857142857,449,5538,5902,111,0.04009668857696892,221760,18.48,0.02446043165467626,0.4989166666666667,Hybrid_WithoutSequence
0.6821666666666667,0.6948926073926074,0.09807312252964427,0.7089285714285715,0.17230902777777776,0.7605889423076924,0.20279108911994306,0.20279108911994306,0.173889736623135,0.31914335664335663,0.2910714285714286,397,3651,7789,163,0.04009668857696892,236020,19.668333333333333,0.025,0.3373333333333333,Hybrid_WithoutSequence
0.6821666666666667,0.6948926073926074,0.09807312252964427,0.7089285714285715,0.17230902777777776,0.7605889423076924,0.20279108911994306,0.20279108911994306,0.173889736623135,0.31914335664335663,0.2910714285714286,397,3651,7789,163,0.04009668857696892,236020,19.668333333333333,0.032467532467532464,0.3373333333333333,Hybrid_WithoutSequence
0.7035,0.6984390609390609,0.10280869104398516,0.6928571428571428,0.17904937701892015,0.7605889423076924,0.20279108911994306,0.20279108911994306,0.18028885645725196,0.29597902097902096,0.30714285714285716,388,3386,8054,172,0.04009668857696892,239720,19.976666666666667,0.034999999999999996,0.3145,Hybrid_WithoutSequence
0.7035,0.6984390609390609,0.10280869104398516,0.6928571428571428,0.17904937701892015,0.7605889423076924,0.20279108911994306,0.20279108911994306,0.18028885645725196,0.29597902097902096,0.30714285714285716,388,3386,8054,172,0.04009668857696892,239720,19.976666666666667,0.0375,0.3145,Hybrid_WithoutSequence
0.73925,0.7044517982017982,0.11251885369532429,0.6660714285714285,0.19251612903225807,0.7605889423076924,0.20279108911994306,0.20279108911994306,0.19288625374472854,0.2571678321678322,0.3339285714285714,373,2942,8498,187,0.04009668857696892,245840,20.486666666666668,0.03771661569826707,0.27625,Hybrid_WithoutSequence
0.807,0.700924075924076,0.13568464730290455,0.5839285714285715,0.22020202020202018,0.7605889423076924,0.20279108911994306,0.20279108911994306,0.21156858242113194,0.18208041958041957,0.4160714285714286,327,2083,9357,233,0.04009668857696892,274660,22.888333333333332,0.045,0.20083333333333334,Hybrid_WithoutSequence
0.8070833333333334,0.7009677822177822,0.1357409713574097,0.5839285714285715,0.22027618726844056,0.7605889423076924,0.20279108911994306,0.20279108911994306,0.21164748677510004,0.181993006993007,0.4160714285714286,327,2082,9358,233,0.04009668857696892,274640,22.886666666666667,0.055,0.20075,Hybrid_WithoutSequence
0.8070833333333334,0.7009677822177822,0.1357409713574097,0.5839285714285715,0.22027618726844056,0.7605889423076924,0.20279108911994306,0.20279108911994306,0.21164748677510004,0.181993006993007,0.4160714285714286,327,2082,9358,233,0.04009668857696892,274640,22.886666666666667,0.05533596837944664,0.20075,Hybrid_WithoutSequence
0.8481666666666666,0.6936438561438562,0.15854978354978355,0.5232142857142857,0.24335548172757476,0.7605889423076924,0.20279108911994306,0.20279108911994306,0.22631532109904096,0.13592657342657344,0.4767857142857143,293,1555,9885,267,0.04009668857696892,298100,24.841666666666665,0.065,0.154,Hybrid_WithoutSequence
0.8481666666666666,0.6936438561438562,0.15854978354978355,0.5232142857142857,0.24335548172757476,0.7605889423076924,0.20279108911994306,0.20279108911994306,0.22631532109904096,0.13592657342657344,0.4767857142857143,293,1555,9885,267,0.04009668857696892,298100,24.841666666666665,0.07500000000000001,0.154,Hybrid_WithoutSequence
0.8481666666666666,0.6936438561438562,0.15854978354978355,0.5232142857142857,0.24335548172757476,0.7605889423076924,0.20279108911994306,0.20279108911994306,0.22631532109904096,0.13592657342657344,0.4767857142857143,293,1555,9885,267,0.04009668857696892,298100,24.841666666666665,0.0794392523364486,0.154,Hybrid_WithoutSequence
0.8620833333333333,0.6907529970029971,0.1695835847917924,0.5017857142857143,0.2534957149300857,0.7605889423076924,0.20279108911994306,0.20279108911994306,0.23325119365599525,0.12027972027972028,0.4982142857142857,281,1376,10064,279,0.04009668857696892,306520,25.543333333333333,0.08009153318077804,0.13808333333333334,Hybrid_WithoutSequence
0.894,0.6862637362637363,0.20915032679738563,0.45714285714285713,0.28699551569506726,0.7605889423076924,0.20279108911994306,0.20279108911994306,0.25962459457138903,0.08461538461538462,0.5428571428571428,256,968,10472,304,0.04009668857696892,323360,26.946666666666665,0.085,0.102,Hybrid_WithoutSequence
0.894,0.6862637362637363,0.20915032679738563,0.45714285714285713,0.28699551569506726,0.7605889423076924,0.20279108911994306,0.20279108911994306,0.25962459457138903,0.08461538461538462,0.5428571428571428,256,968,10472,304,0.04009668857696892,323360,26.946666666666665,0.095,0.102,Hybrid_WithoutSequence
0.894,0.6862637362637363,0.20915032679738563,0.45714285714285713,0.28699551569506726,0.7605889423076924,0.20279108911994306,0.20279108911994306,0.25962459457138903,0.08461538461538462,0.5428571428571428,256,968,10472,304,0.04009668857696892,323360,26.946666666666665,0.09943181818181818,0.102,Hybrid_WithoutSequence
0.9198333333333333,0.6760364635364635,0.26573426573426573,0.40714285714285714,0.3215796897038082,0.7605889423076924,0.20279108911994306,0.20279108911994306,0.28821357714962886,0.05506993006993007,0.5928571428571429,228,630,10810,332,0.04009668857696892,344600,28.716666666666665,0.10500000000000001,0.0715,Hybrid_WithoutSequence
0.9198333333333333,0.6760364635364635,0.26573426573426573,0.40714285714285714,0.3215796897038082,0.7605889423076924,0.20279108911994306,0.20279108911994306,0.28821357714962886,0.05506993006993007,0.5928571428571429,228,630,10810,332,0.04009668857696892,344600,28.716666666666665,0.115,0.0715,Hybrid_WithoutSequence
0.9198333333333333,0.6760364635364635,0.26573426573426573,0.40714285714285714,0.3215796897038082,0.7605889423076924,0.20279108911994306,0.20279108911994306,0.28821357714962886,0.05506993006993007,0.5928571428571429,228,630,10810,332,0.04009668857696892,344600,28.716666666666665,0.125,0.0715,Hybrid_WithoutSequence
0.9236666666666666,0.6712537462537462,0.27638190954773867,0.39285714285714285,0.32448377581120946,0.7605889423076924,0.20279108911994306,0.20279108911994306,0.29029129855802865,0.05034965034965035,0.6071428571428571,220,576,10864,340,0.04009668857696892,351520,29.293333333333333,0.135,0.06633333333333333,Hybrid_WithoutSequence
0.9236666666666666,0.6712537462537462,0.27638190954773867,0.39285714285714285,0.32448377581120946,0.7605889423076924,0.20279108911994306,0.20279108911994306,0.29029129855802865,0.05034965034965035,0.6071428571428571,220,576,10864,340,0.04009668857696892,351520,29.293333333333333,0.14500000000000002,0.06633333333333333,Hybrid_WithoutSequence
0.9236666666666666,0.6712537462537462,0.27638190954773867,0.39285714285714285,0.32448377581120946,0.7605889423076924,0.20279108911994306,0.20279108911994306,0.29029129855802865,0.05034965034965035,0.6071428571428571,220,576,10864,340,0.04009668857696892,351520,29.293333333333333,0.155,0.06633333333333333,Hybrid_WithoutSequence
0.9236666666666666,0.6712537462537462,0.27638190954773867,0.39285714285714285,0.32448377581120946,0.7605889423076924,0.20279108911994306,0.20279108911994306,0.29029129855802865,0.05034965034965035,0.6071428571428571,220,576,10864,340,0.04009668857696892,351520,29.293333333333333,0.165,0.06633333333333333,Hybrid_WithoutSequence
0.9239166666666667,0.6713848651348652,0.27742749054224464,0.39285714285714285,0.3252032520325203,0.7605889423076924,0.20279108911994306,0.20279108911994306,0.29102360009988965,0.05008741258741259,0.6071428571428571,220,573,10867,340,0.04009668857696892,351460,29.288333333333334,0.17500000000000002,0.06608333333333333,Hybrid_WithoutSequence
0.9239166666666667,0.6713848651348652,0.27742749054224464,0.39285714285714285,0.3252032520325203,0.7605889423076924,0.20279108911994306,0.20279108911994306,0.29102360009988965,0.05008741258741259,0.6071428571428571,220,573,10867,340,0.04009668857696892,351460,29.288333333333334,0.185,0.06608333333333333,Hybrid_WithoutSequence
0.9239166666666667,0.6713848651348652,0.27742749054224464,0.39285714285714285,0.3252032520325203,0.7605889423076924,0.20279108911994306,0.20279108911994306,0.29102360009988965,0.05008741258741259,0.6071428571428571,220,573,10867,340,0.04009668857696892,351460,29.288333333333334,0.1902439024390244,0.06608333333333333,Hybrid_WithoutSequence
0.9356666666666666,0.6512237762237763,0.32033898305084746,0.3375,0.32869565217391306,0.7605889423076924,0.20279108911994306,0.20279108911994306,0.2950450086962657,0.03505244755244755,0.6625,189,401,11039,371,0.04009668857696892,379020,31.585,0.195,0.049166666666666664,Hybrid_WithoutSequence
0.9356666666666666,0.6512237762237763,0.32033898305084746,0.3375,0.32869565217391306,0.7605889423076924,0.20279108911994306,0.20279108911994306,0.2950450086962657,0.03505244755244755,0.6625,189,401,11039,371,0.04009668857696892,379020,31.585,0.20500000000000002,0.049166666666666664,Hybrid_WithoutSequence
0.9356666666666666,0.6512237762237763,0.32033898305084746,0.3375,0.32869565217391306,0.7605889423076924,0.20279108911994306,0.20279108911994306,0.2950450086962657,0.03505244755244755,0.6625,189,401,11039,371,0.04009668857696892,379020,31.585,0.215,0.049166666666666664,Hybrid_WithoutSequence
0.9356666666666666,0.6512237762237763,0.32033898305084746,0.3375,0.32869565217391306,0.7605889423076924,0.20279108911994306,0.20279108911994306,0.2950450086962657,0.03505244755244755,0.6625,189,401,11039,371,0.04009668857696892,379020,31.585,0.225,0.049166666666666664,Hybrid_WithoutSequence
0.9356666666666666,0.6512237762237763,0.32033898305084746,0.3375,0.32869565217391306,0.7605889423076924,0.20279108911994306,0.20279108911994306,0.2950450086962657,0.03505244755244755,0.6625,189,401,11039,371,0.04009668857696892,379020,31.585,0.23500000000000001,0.049166666666666664,Hybrid_WithoutSequence
0.9356666666666666,0.6512237762237763,0.32033898305084746,0.3375,0.32869565217391306,0.7605889423076924,0.20279108911994306,0.20279108911994306,0.2950450086962657,0.03505244755244755,0.6625,189,401,11039,371,0.04009668857696892,379020,31.585,0.245,0.049166666666666664,Hybrid_WithoutSequence
0.9356666666666666,0.6512237762237763,0.32033898305084746,0.3375,0.32869565217391306,0.7605889423076924,0.20279108911994306,0.20279108911994306,0.2950450086962657,0.03505244755244755,0.6625,189,401,11039,371,0.04009668857696892,379020,31.585,0.255,0.049166666666666664,Hybrid_WithoutSequence
0.9356666666666666,0.6512237762237763,0.32033898305084746,0.3375,0.32869565217391306,0.7605889423076924,0.20279108911994306,0.20279108911994306,0.2950450086962657,0.03505244755244755,0.6625,189,401,11039,371,0.04009668857696892,379020,31.585,0.265,0.049166666666666664,Hybrid_WithoutSequence
0.9356666666666666,0.6512237762237763,0.32033898305084746,0.3375,0.32869565217391306,0.7605889423076924,0.20279108911994306,0.20279108911994306,0.2950450086962657,0.03505244755244755,0.6625,189,401,11039,371,0.04009668857696892,379020,31.585,0.275,0.049166666666666664,Hybrid_WithoutSequence
0.9356666666666666,0.6512237762237763,0.32033898305084746,0.3375,0.32869565217391306,0.7605889423076924,0.20279108911994306,0.20279108911994306,0.2950450086962657,0.03505244755244755,0.6625,189,401,11039,371,0.04009668857696892,379020,31.585,0.27692307692307694,0.049166666666666664,Hybrid_WithoutSequence
0.94375,0.6096091408591409,0.35064935064935066,0.24107142857142858,0.28571428571428575,0.7605889423076924,0.20279108911994306,0.20279108911994306,0.26238791180196785,0.021853146853146852,0.7589285714285714,135,250,11190,425,0.04009668857696892,430000,35.833333333333336,0.28500000000000003,0.03208333333333333,Hybrid_WithoutSequence
0.94375,0.6096091408591409,0.35064935064935066,0.24107142857142858,0.28571428571428575,0.7605889423076924,0.20279108911994306,0.20279108911994306,0.26238791180196785,0.021853146853146852,0.7589285714285714,135,250,11190,425,0.04009668857696892,430000,35.833333333333336,0.295,0.03208333333333333,Hybrid_WithoutSequence
0.94375,0.6096091408591409,0.35064935064935066,0.24107142857142858,0.28571428571428575,0.7605889423076924,0.20279108911994306,0.20279108911994306,0.26238791180196785,0.021853146853146852,0.7589285714285714,135,250,11190,425,0.04009668857696892,430000,35.833333333333336,0.305,0.03208333333333333,Hybrid_WithoutSequence
0.94375,0.6096091408591409,0.35064935064935066,0.24107142857142858,0.28571428571428575,0.7605889423076924,0.20279108911994306,0.20279108911994306,0.26238791180196785,0.021853146853146852,0.7589285714285714,135,250,11190,425,0.04009668857696892,430000,35.833333333333336,0.315,0.03208333333333333,Hybrid_WithoutSequence
0.94375,0.6096091408591409,0.35064935064935066,0.24107142857142858,0.28571428571428575,0.7605889423076924,0.20279108911994306,0.20279108911994306,0.26238791180196785,0.021853146853146852,0.7589285714285714,135,250,11190,425,0.04009668857696892,430000,35.833333333333336,0.325,0.03208333333333333,Hybrid_WithoutSequence
0.94375,0.6096091408591409,0.35064935064935066,0.24107142857142858,0.28571428571428575,0.7605889423076924,0.20279108911994306,0.20279108911994306,0.26238791180196785,0.021853146853146852,0.7589285714285714,135,250,11190,425,0.04009668857696892,430000,35.833333333333336,0.33043478260869563,0.03208333333333333,Hybrid_WithoutSequence
0.9491666666666667,0.5513111888111888,0.35795454545454547,0.1125,0.17119565217391305,0.7605889423076924,0.20279108911994306,0.20279108911994306,0.18005722547224198,0.009877622377622377,0.8875,63,113,11327,497,0.04009668857696892,499260,41.605,0.335,0.014666666666666666,Hybrid_WithoutSequence
0.9491666666666667,0.5513111888111888,0.35795454545454547,0.1125,0.17119565217391305,0.7605889423076924,0.20279108911994306,0.20279108911994306,0.18005722547224198,0.009877622377622377,0.8875,63,113,11327,497,0.04009668857696892,499260,41.605,0.34500000000000003,0.014666666666666666,Hybrid_WithoutSequence
0.9491666666666667,0.5513111888111888,0.35795454545454547,0.1125,0.17119565217391305,0.7605889423076924,0.20279108911994306,0.20279108911994306,0.18005722547224198,0.009877622377622377,0.8875,63,113,11327,497,0.04009668857696892,499260,41.605,0.35500000000000004,0.014666666666666666,Hybrid_WithoutSequence
0.9491666666666667,0.5513111888111888,0.35795454545454547,0.1125,0.17119565217391305,0.7605889423076924,0.20279108911994306,0.20279108911994306,0.18005722547224198,0.009877622377622377,0.8875,63,113,11327,497,0.04009668857696892,499260,41.605,0.365,0.014666666666666666,Hybrid_WithoutSequence
0.94925,0.5513548951048951,0.36,0.1125,0.17142857142857143,0.7605889423076924,0.20279108911994306,0.20279108911994306,0.18071710835070218,0.009790209790209791,0.8875,63,112,11328,497,0.04009668857696892,499240,41.60333333333333,0.375,0.014583333333333334,Hybrid_WithoutSequence
0.94925,0.5513548951048951,0.36,0.1125,0.17142857142857143,0.7605889423076924,0.20279108911994306,0.20279108911994306,0.18071710835070218,0.009790209790209791,0.8875,63,112,11328,497,0.04009668857696892,499240,41.60333333333333,0.385,0.014583333333333334,Hybrid_WithoutSequence
0.94925,0.5513548951048951,0.36,0.1125,0.17142857142857143,0.7605889423076924,0.20279108911994306,0.20279108911994306,0.18071710835070218,0.009790209790209791,0.8875,63,112,11328,497,0.04009668857696892,499240,41.60333333333333,0.3917525773195876,0.014583333333333334,Hybrid_WithoutSequence
0.9515833333333333,0.5288024475524475,0.38461538461538464,0.0625,0.10752688172043011,0.7605889423076924,0.20279108911994306,0.20279108911994306,0.14005804890951798,0.0048951048951048955,0.9375,35,56,11384,525,0.04009668857696892,526120,43.843333333333334,0.395,0.007583333333333333,Hybrid_WithoutSequence
0.9515833333333333,0.5288024475524475,0.38461538461538464,0.0625,0.10752688172043011,0.7605889423076924,0.20279108911994306,0.20279108911994306,0.14005804890951798,0.0048951048951048955,0.9375,35,56,11384,525,0.04009668857696892,526120,43.843333333333334,0.405,0.007583333333333333,Hybrid_WithoutSequence
0.9516666666666667,0.5288461538461539,0.3888888888888889,0.0625,0.1076923076923077,0.7605889423076924,0.20279108911994306,0.20279108911994306,0.1410417868429732,0.004807692307692308,0.9375,35,55,11385,525,0.04009668857696892,526100,43.84166666666667,0.41500000000000004,0.0075,Hybrid_WithoutSequence
0.9533333333333334,0.5110389610389611,0.5,0.023214285714285715,0.04436860068259386,0.7605889423076924,0.20279108911994306,0.20279108911994306,0.10015183733439188,0.0011363636363636363,0.9767857142857143,13,13,11427,547,0.04009668857696892,547260,45.605,0.425,0.0021666666666666666,Hybrid_WithoutSequence
0.9533333333333334,0.5110389610389611,0.5,0.023214285714285715,0.04436860068259386,0.7605889423076924,0.20279108911994306,0.20279108911994306,0.10015183733439188,0.0011363636363636363,0.9767857142857143,13,13,11427,547,0.04009668857696892,547260,45.605,0.435,0.0021666666666666666,Hybrid_WithoutSequence
0.9531666666666667,0.507554945054945,0.45,0.01607142857142857,0.031034482758620686,0.7605889423076924,0.20279108911994306,0.20279108911994306,0.07813127738085617,0.0009615384615384616,0.9839285714285714,9,11,11429,551,0.04009668857696892,551220,45.935,0.445,0.0016666666666666668,Hybrid_WithoutSequence
0.9531666666666667,0.507554945054945,0.45,0.01607142857142857,0.031034482758620686,0.7605889423076924,0.20279108911994306,0.20279108911994306,0.07813127738085617,0.0009615384615384616,0.9839285714285714,9,11,11429,551,0.04009668857696892,551220,45.935,0.455,0.0016666666666666668,Hybrid_WithoutSequence
0.9531666666666667,0.507554945054945,0.45,0.01607142857142857,0.031034482758620686,0.7605889423076924,0.20279108911994306,0.20279108911994306,0.07813127738085617,0.0009615384615384616,0.9839285714285714,9,11,11429,551,0.04009668857696892,551220,45.935,0.465,0.0016666666666666668,Hybrid_WithoutSequence
0.9531666666666667,0.507554945054945,0.45,0.01607142857142857,0.031034482758620686,0.7605889423076924,0.20279108911994306,0.20279108911994306,0.07813127738085617,0.0009615384615384616,0.9839285714285714,9,11,11429,551,0.04009668857696892,551220,45.935,0.47500000000000003,0.0016666666666666668,Hybrid_WithoutSequence
0.9531666666666667,0.507554945054945,0.45,0.01607142857142857,0.031034482758620686,0.7605889423076924,0.20279108911994306,0.20279108911994306,0.07813127738085617,0.0009615384615384616,0.9839285714285714,9,11,11429,551,0.04009668857696892,551220,45.935,0.485,0.0016666666666666668,Hybrid_WithoutSequence
0.9531666666666667,0.507554945054945,0.45,0.01607142857142857,0.031034482758620686,0.7605889423076924,0.20279108911994306,0.20279108911994306,0.07813127738085617,0.0009615384615384616,0.9839285714285714,9,11,11429,551,0.04009668857696892,551220,45.935,0.495,0.0016666666666666668,Hybrid_WithoutSequence
0.9533333333333334,0.505944055944056,0.5,0.0125,0.02439024390243903,0.7605889423076924,0.20279108911994306,0.20279108911994306,0.07345455890234577,0.0006118881118881119,0.9875,7,7,11433,553,0.04009668857696892,553140,46.095,0.505,0.0011666666666666668,Hybrid_WithoutSequence
0.95325,0.5050511988011989,0.46153846153846156,0.010714285714285714,0.020942408376963352,0.7605889423076924,0.20279108911994306,0.20279108911994306,0.06477457229859863,0.0006118881118881119,0.9892857142857143,6,7,11433,554,0.04009668857696892,554140,46.178333333333335,0.515,0.0010833333333333333,Hybrid_WithoutSequence
0.95325,0.5050511988011989,0.46153846153846156,0.010714285714285714,0.020942408376963352,0.7605889423076924,0.20279108911994306,0.20279108911994306,0.06477457229859863,0.0006118881118881119,0.9892857142857143,6,7,11433,554,0.04009668857696892,554140,46.178333333333335,0.525,0.0010833333333333333,Hybrid_WithoutSequence
0.95325,0.5050511988011989,0.46153846153846156,0.010714285714285714,0.020942408376963352,0.7605889423076924,0.20279108911994306,0.20279108911994306,0.06477457229859863,0.0006118881118881119,0.9892857142857143,6,7,11433,554,0.04009668857696892,554140,46.178333333333335,0.535,0.0010833333333333333,Hybrid_WithoutSequence
0.95325,0.5050511988011989,0.46153846153846156,0.010714285714285714,0.020942408376963352,0.7605889423076924,0.20279108911994306,0.20279108911994306,0.06477457229859863,0.0006118881118881119,0.9892857142857143,6,7,11433,554,0.04009668857696892,554140,46.178333333333335,0.545,0.0010833333333333333,Hybrid_WithoutSequence
0.9534166666666667,0.5042894605394606,0.5555555555555556,0.008928571428571428,0.017574692442882248,0.7605889423076924,0.20279108911994306,0.20279108911994306,0.06609836882623302,0.00034965034965034965,0.9910714285714286,5,4,11436,555,0.04009668857696892,555080,46.25666666666667,0.555,0.00075,Hybrid_WithoutSequence
0.9534166666666667,0.5042894605394606,0.5555555555555556,0.008928571428571428,0.017574692442882248,0.7605889423076924,0.20279108911994306,0.20279108911994306,0.06609836882623302,0.00034965034965034965,0.9910714285714286,5,4,11436,555,0.04009668857696892,555080,46.25666666666667,0.5650000000000001,0.00075,Hybrid_WithoutSequence
0.9534166666666667,0.5042894605394606,0.5555555555555556,0.008928571428571428,0.017574692442882248,0.7605889423076924,0.20279108911994306,0.20279108911994306,0.06609836882623302,0.00034965034965034965,0.9910714285714286,5,4,11436,555,0.04009668857696892,555080,46.25666666666667,0.5750000000000001,0.00075,Hybrid_WithoutSequence
0.9534166666666667,0.5042894605394606,0.5555555555555556,0.008928571428571428,0.017574692442882248,0.7605889423076924,0.20279108911994306,0.20279108911994306,0.06609836882623302,0.00034965034965034965,0.9910714285714286,5,4,11436,555,0.04009668857696892,555080,46.25666666666667,0.585,0.00075,Hybrid_WithoutSequence
0.9534166666666667,0.5042894605394606,0.5555555555555556,0.008928571428571428,0.017574692442882248,0.7605889423076924,0.20279108911994306,0.20279108911994306,0.06609836882623302,0.00034965034965034965,0.9910714285714286,5,4,11436,555,0.04009668857696892,555080,46.25666666666667,0.595,0.00075,Hybrid_WithoutSequence
0.9534166666666667,0.5042894605394606,0.5555555555555556,0.008928571428571428,0.017574692442882248,0.7605889423076924,0.20279108911994306,0.20279108911994306,0.06609836882623302,0.00034965034965034965,0.9910714285714286,5,4,11436,555,0.04009668857696892,555080,46.25666666666667,0.605,0.00075,Hybrid_WithoutSequence
0.9534166666666667,0.5042894605394606,0.5555555555555556,0.008928571428571428,0.017574692442882248,0.7605889423076924,0.20279108911994306,0.20279108911994306,0.06609836882623302,0.00034965034965034965,0.9910714285714286,5,4,11436,555,0.04009668857696892,555080,46.25666666666667,0.6086956521739131,0.00075,Hybrid_WithoutSequence
0.9533333333333334,0.5,0.0,0.0,0.0,0.7605889423076924,0.20279108911994306,0.20279108911994306,0.0,0.0,1.0,0,0,11440,560,0.04009668857696892,560000,46.666666666666664,0.615,0.0,Hybrid_WithoutSequence
0.9533333333333334,0.5,0.0,0.0,0.0,0.7605889423076924,0.20279108911994306,0.20279108911994306,0.0,0.0,1.0,0,0,11440,560,0.04009668857696892,560000,46.666666666666664,0.625,0.0,Hybrid_WithoutSequence
0.9533333333333334,0.5,0.0,0.0,0.0,0.7605889423076924,0.20279108911994306,0.20279108911994306,0.0,0.0,1.0,0,0,11440,560,0.04009668857696892,560000,46.666666666666664,0.635,0.0,Hybrid_WithoutSequence
0.9533333333333334,0.5,0.0,0.0,0.0,0.7605889423076924,0.20279108911994306,0.20279108911994306,0.0,0.0,1.0,0,0,11440,560,0.04009668857696892,560000,46.666666666666664,0.645,0.0,Hybrid_WithoutSequence
0.9533333333333334,0.5,0.0,0.0,0.0,0.7605889423076924,0.20279108911994306,0.20279108911994306,0.0,0.0,1.0,0,0,11440,560,0.04009668857696892,560000,46.666666666666664,0.655,0.0,Hybrid_WithoutSequence
0.9533333333333334,0.5,0.0,0.0,0.0,0.7605889423076924,0.20279108911994306,0.20279108911994306,0.0,0.0,1.0,0,0,11440,560,0.04009668857696892,560000,46.666666666666664,0.665,0.0,Hybrid_WithoutSequence
0.9533333333333334,0.5,0.0,0.0,0.0,0.7605889423076924,0.20279108911994306,0.20279108911994306,0.0,0.0,1.0,0,0,11440,560,0.04009668857696892,560000,46.666666666666664,0.675,0.0,Hybrid_WithoutSequence
0.9533333333333334,0.5,0.0,0.0,0.0,0.7605889423076924,0.20279108911994306,0.20279108911994306,0.0,0.0,1.0,0,0,11440,560,0.04009668857696892,560000,46.666666666666664,0.685,0.0,Hybrid_WithoutSequence
0.9533333333333334,0.5,0.0,0.0,0.0,0.7605889423076924,0.20279108911994306,0.20279108911994306,0.0,0.0,1.0,0,0,11440,560,0.04009668857696892,560000,46.666666666666664,0.6950000000000001,0.0,Hybrid_WithoutSequence
0.9533333333333334,0.5,0.0,0.0,0.0,0.7605889423076924,0.20279108911994306,0.20279108911994306,0.0,0.0,1.0,0,0,11440,560,0.04009668857696892,560000,46.666666666666664,0.7050000000000001,0.0,Hybrid_WithoutSequence
0.9533333333333334,0.5,0.0,0.0,0.0,0.7605889423076924,0.20279108911994306,0.20279108911994306,0.0,0.0,1.0,0,0,11440,560,0.04009668857696892,560000,46.666666666666664,0.715,0.0,Hybrid_WithoutSequence
0.9533333333333334,0.5,0.0,0.0,0.0,0.7605889423076924,0.20279108911994306,0.20279108911994306,0.0,0.0,1.0,0,0,11440,560,0.04009668857696892,560000,46.666666666666664,0.725,0.0,Hybrid_WithoutSequence
0.9533333333333334,0.5,0.0,0.0,0.0,0.7605889423076924,0.20279108911994306,0.20279108911994306,0.0,0.0,1.0,0,0,11440,560,0.04009668857696892,560000,46.666666666666664,0.735,0.0,Hybrid_WithoutSequence
0.9533333333333334,0.5,0.0,0.0,0.0,0.7605889423076924,0.20279108911994306,0.20279108911994306,0.0,0.0,1.0,0,0,11440,560,0.04009668857696892,560000,46.666666666666664,0.745,0.0,Hybrid_WithoutSequence
0.9533333333333334,0.5,0.0,0.0,0.0,0.7605889423076924,0.20279108911994306,0.20279108911994306,0.0,0.0,1.0,0,0,11440,560,0.04009668857696892,560000,46.666666666666664,0.755,0.0,Hybrid_WithoutSequence
0.9533333333333334,0.5,0.0,0.0,0.0,0.7605889423076924,0.20279108911994306,0.20279108911994306,0.0,0.0,1.0,0,0,11440,560,0.04009668857696892,560000,46.666666666666664,0.765,0.0,Hybrid_WithoutSequence
0.9533333333333334,0.5,0.0,0.0,0.0,0.7605889423076924,0.20279108911994306,0.20279108911994306,0.0,0.0,1.0,0,0,11440,560,0.04009668857696892,560000,46.666666666666664,0.775,0.0,Hybrid_WithoutSequence
0.9533333333333334,0.5,0.0,0.0,0.0,0.7605889423076924,0.20279108911994306,0.20279108911994306,0.0,0.0,1.0,0,0,11440,560,0.04009668857696892,560000,46.666666666666664,0.785,0.0,Hybrid_WithoutSequence
0.9533333333333334,0.5,0.0,0.0,0.0,0.7605889423076924,0.20279108911994306,0.20279108911994306,0.0,0.0,1.0,0,0,11440,560,0.04009668857696892,560000,46.666666666666664,0.795,0.0,Hybrid_WithoutSequence
0.9533333333333334,0.5,0.0,0.0,0.0,0.7605889423076924,0.20279108911994306,0.20279108911994306,0.0,0.0,1.0,0,0,11440,560,0.04009668857696892,560000,46.666666666666664,0.805,0.0,Hybrid_WithoutSequence
0.9533333333333334,0.5,0.0,0.0,0.0,0.7605889423076924,0.20279108911994306,0.20279108911994306,0.0,0.0,1.0,0,0,11440,560,0.04009668857696892,560000,46.666666666666664,0.8150000000000001,0.0,Hybrid_WithoutSequence
0.9533333333333334,0.5,0.0,0.0,0.0,0.7605889423076924,0.20279108911994306,0.20279108911994306,0.0,0.0,1.0,0,0,11440,560,0.04009668857696892,560000,46.666666666666664,0.8250000000000001,0.0,Hybrid_WithoutSequence
0.9533333333333334,0.5,0.0,0.0,0.0,0.7605889423076924,0.20279108911994306,0.20279108911994306,0.0,0.0,1.0,0,0,11440,560,0.04009668857696892,560000,46.666666666666664,0.8350000000000001,0.0,Hybrid_WithoutSequence
0.9533333333333334,0.5,0.0,0.0,0.0,0.7605889423076924,0.20279108911994306,0.20279108911994306,0.0,0.0,1.0,0,0,11440,560,0.04009668857696892,560000,46.666666666666664,0.845,0.0,Hybrid_WithoutSequence
0.9533333333333334,0.5,0.0,0.0,0.0,0.7605889423076924,0.20279108911994306,0.20279108911994306,0.0,0.0,1.0,0,0,11440,560,0.04009668857696892,560000,46.666666666666664,0.855,0.0,Hybrid_WithoutSequence
0.9533333333333334,0.5,0.0,0.0,0.0,0.7605889423076924,0.20279108911994306,0.20279108911994306,0.0,0.0,1.0,0,0,11440,560,0.04009668857696892,560000,46.666666666666664,0.865,0.0,Hybrid_WithoutSequence
0.9533333333333334,0.5,0.0,0.0,0.0,0.7605889423076924,0.20279108911994306,0.20279108911994306,0.0,0.0,1.0,0,0,11440,560,0.04009668857696892,560000,46.666666666666664,0.875,0.0,Hybrid_WithoutSequence
0.9533333333333334,0.5,0.0,0.0,0.0,0.7605889423076924,0.20279108911994306,0.20279108911994306,0.0,0.0,1.0,0,0,11440,560,0.04009668857696892,560000,46.666666666666664,0.885,0.0,Hybrid_WithoutSequence
0.9533333333333334,0.5,0.0,0.0,0.0,0.7605889423076924,0.20279108911994306,0.20279108911994306,0.0,0.0,1.0,0,0,11440,560,0.04009668857696892,560000,46.666666666666664,0.895,0.0,Hybrid_WithoutSequence
0.9533333333333334,0.5,0.0,0.0,0.0,0.7605889423076924,0.20279108911994306,0.20279108911994306,0.0,0.0,1.0,0,0,11440,560,0.04009668857696892,560000,46.666666666666664,0.905,0.0,Hybrid_WithoutSequence
0.9533333333333334,0.5,0.0,0.0,0.0,0.7605889423076924,0.20279108911994306,0.20279108911994306,0.0,0.0,1.0,0,0,11440,560,0.04009668857696892,560000,46.666666666666664,0.915,0.0,Hybrid_WithoutSequence
0.9533333333333334,0.5,0.0,0.0,0.0,0.7605889423076924,0.20279108911994306,0.20279108911994306,0.0,0.0,1.0,0,0,11440,560,0.04009668857696892,560000,46.666666666666664,0.925,0.0,Hybrid_WithoutSequence
0.9533333333333334,0.5,0.0,0.0,0.0,0.7605889423076924,0.20279108911994306,0.20279108911994306,0.0,0.0,1.0,0,0,11440,560,0.04009668857696892,560000,46.666666666666664,0.935,0.0,Hybrid_WithoutSequence
0.9533333333333334,0.5,0.0,0.0,0.0,0.7605889423076924,0.20279108911994306,0.20279108911994306,0.0,0.0,1.0,0,0,11440,560,0.04009668857696892,560000,46.666666666666664,0.9450000000000001,0.0,Hybrid_WithoutSequence
0.9533333333333334,0.5,0.0,0.0,0.0,0.7605889423076924,0.20279108911994306,0.20279108911994306,0.0,0.0,1.0,0,0,11440,560,0.04009668857696892,560000,46.666666666666664,0.9550000000000001,0.0,Hybrid_WithoutSequence
0.9533333333333334,0.5,0.0,0.0,0.0,0.7605889423076924,0.20279108911994306,0.20279108911994306,0.0,0.0,1.0,0,0,11440,560,0.04009668857696892,560000,46.666666666666664,0.965,0.0,Hybrid_WithoutSequence
0.9533333333333334,0.5,0.0,0.0,0.0,0.7605889423076924,0.20279108911994306,0.20279108911994306,0.0,0.0,1.0,0,0,11440,560,0.04009668857696892,560000,46.666666666666664,0.975,0.0,Hybrid_WithoutSequence
0.9533333333333334,0.5,0.0,0.0,0.0,0.7605889423076924,0.20279108911994306,0.20279108911994306,0.0,0.0,1.0,0,0,11440,560,0.04009668857696892,560000,46.666666666666664,0.985,0.0,Hybrid_WithoutSequence
0.9533333333333334,0.5,0.0,0.0,0.0,0.7605889423076924,0.20279108911994306,0.20279108911994306,0.0,0.0,1.0,0,0,11440,560,0.04009668857696892,560000,46.666666666666664,0.995,0.0,Hybrid_WithoutSequence
0.9533333333333334,0.5,0.0,0.0,0.0,0.7605889423076924,0.20279108911994306,0.20279108911994306,0.0,0.0,1.0,0,0,11440,560,0.04009668857696892,560000,46.666666666666664,1.000001,0.0,Hybrid_WithoutSequence
0.04666666666666667,0.5,0.04666666666666667,1.0,0.089171974522293,0.7621288086913088,0.22422753984081592,0.22422753984081592,0.0,1.0,0.0,560,11440,0,0,0.040039967896642076,228800,19.066666666666666,0.005,1.0,WithoutGraphFeatures
0.04666666666666667,0.5,0.04666666666666667,1.0,0.089171974522293,0.7621288086913088,0.22422753984081592,0.22422753984081592,0.0,1.0,0.0,560,11440,0,0,0.040039967896642076,228800,19.066666666666666,0.006211059066568808,1.0,WithoutGraphFeatures
0.059166666666666666,0.5065559440559441,0.04725738396624472,1.0,0.09024979854955681,0.7621288086913088,0.22422753984081592,0.22422753984081592,0.024892439234151725,0.9868881118881119,0.0,560,11290,150,0,0.040039967896642076,225800,18.816666666666666,0.009643944089081055,0.9875,WithoutGraphFeatures
0.07166666666666667,0.5131118881118881,0.04786324786324787,1.0,0.09135399673735727,0.7621288086913088,0.22422753984081592,0.22422753984081592,0.03542816819014141,0.9737762237762237,0.0,560,11140,300,0,0.040039967896642076,222800,18.566666666666666,0.010619377546717624,0.975,WithoutGraphFeatures
0.08383333333333333,0.5177947052947053,0.04831168831168831,0.9964285714285714,0.09215524360033031,0.7621288086913088,0.22422753984081592,0.22422753984081592,0.03951214184800851,0.9608391608391609,0.0035714285714285713,558,10992,448,2,0.040039967896642076,221840,18.486666666666668,0.011263960306952162,0.9625,WithoutGraphFeatures
0.096,0.5224775224775224,0.048771929824561404,0.9928571428571429,0.09297658862876254,0.7621288086913088,0.22422753984081592,0.22422753984081592,0.04350682702872224,0.9479020979020979,0.007142857142857143,556,10844,596,4,0.040039967896642076,220880,18.406666666666666,0.011810367296256034,0.95,WithoutGraphFeatures
0.108,0.5262237762237763,0.049155555555555557,0.9875,0.09364944961896697,0.7621288086913088,0.22422753984081592,0.22422753984081592,0.04570096375983868,0.9350524475524475,0.0125,553,10697,743,7,0.040039967896642076,220940,18.411666666666665,0.012264437981013367,0.9375,WithoutGraphFeatures
0.12,0.52997002997003,0.04954954954954955,0.9821428571428571,0.09433962264150943,0.7621288086913088,0.22422753984081592,0.22422753984081592,0.048000024000018,0.9222027972027972,0.017857142857142856,550,10550,890,10,0.040039967896642076,221000,18.416666666666668,0.012699985110517995,0.925,WithoutGraphFeatures
0.132,0.5337162837162837,0.04995433789954338,0.9767857142857143,0.0950477845351868,0.7621288086913088,0.22422753984081592,0.22422753984081592,0.05033557243791154,0.9093531468531468,0.023214285714285715,547,10403,1037,13,0.040039967896642076,221060,18.421666666666667,0.013194984372451373,0.9125,WithoutGraphFeatures
0.14383333333333334,0.536525974025974,0.050277777777777775,0.9696428571428571,0.09559859154929577,0.7621288086913088,0.22422753984081592,0.22422753984081592,0.05136133772583239,0.8965909090909091,0.030357142857142857,543,10257,1183,17,0.040039967896642076,222140,18.511666666666667,0.013614483855291102,0.9,WithoutGraphFeatures
0.156,0.5412087912087912,0.0507981220657277,0.9660714285714286,0.09652096342551293,0.7621288086913088,0.22422753984081592,0.22422753984081592,0.05501551828402024,0.8836538461538461,0.033928571428571426,541,10109,1331,19,0.040039967896642076,221180,18.43166666666667,0.013979013218276047,0.8875,WithoutGraphFeatures
0.168,0.544955044955045,0.051238095238095235,0.9607142857142857,0.0972875226039783,0.7621288086913088,0.22422753984081592,0.22422753984081592,0.05734230925762908,0.8708041958041958,0.039285714285714285,538,9962,1478,22,0.040039967896642076,221240,18.436666666666667,0.014377444809193002,0.875,WithoutGraphFeatures
0.17966666666666667,0.5468281718281718,0.051497584541062805,0.9517857142857142,0.09770852428964254,0.7621288086913088,0.22422753984081592,0.22422753984081592,0.057363029248020184,0.8581293706293707,0.048214285714285716,533,9817,1623,27,0.040039967896642076,223340,18.611666666666668,0.014706062771591593,0.8625,WithoutGraphFeatures
0.18991666666666668,0.5513548951048951,0.052029339853300736,0.95,0.09865554010199352,0.7621288086913088,0.22422753984081592,0.22422753984081592,0.06102222386922688,0.8472902097902097,0.05,532,9693,1747,28,0.040039967896642076,221860,18.488333333333333,0.015,0.8520833333333333,WithoutGraphFeatures
0.192,0.5524475524475524,0.05215686274509804,0.95,0.09888475836431225,0.7621288086913088,0.22422753984081592,0.22422753984081592,0.06196206869484762,0.8451048951048951,0.05,532,9668,1772,28,0.040039967896642076,221360,18.446666666666665,0.015074345264760302,0.85,WithoutGraphFeatures
0.20366666666666666,0.5543206793206793,0.05243781094527363,0.9410714285714286,0.09934024505183789,0.7621288086913088,0.22422753984081592,0.22422753984081592,0.062115770589745836,0.83243006993007,0.05892857142857143,527,9523,1917,33,0.040039967896642076,223460,18.621666666666666,0.015440754388515983,0.8375,WithoutGraphFeatures
0.216,0.5599400599400599,0.05313131313131313,0.9392857142857143,0.1005736137667304,0.7621288086913088,0.22422753984081592,0.22422753984081592,0.06654676521769855,0.8194055944055944,0.060714285714285714,526,9374,2066,34,0.040039967896642076,221480,18.456666666666667,0.015830748357365976,0.825,WithoutGraphFeatures
0.22833333333333333,0.5655594405594405,0.05384615384615385,0.9375,0.10184287099903007,0.7621288086913088,0.22422753984081592,0.22422753984081592,0.07085633638028281,0.8063811188811189,0.0625,525,9225,2215,35,0.040039967896642076,219500,18.291666666666668,0.016130379287436943,0.8125,WithoutGraphFeatures
0.2405,0.5702422577422578,0.05447916666666667,0.9339285714285714,0.10295275590551183,0.7621288086913088,0.22422753984081592,0.22422753984081592,0.07407885248918133,0.793444055944056,0.06607142857142857,523,9077,2363,37,0.040039967896642076,218540,18.211666666666666,0.01643952959633708,0.8,WithoutGraphFeatures
0.25266666666666665,0.5749250749250749,0.05513227513227513,0.9303571428571429,0.1040959040959041,0.7621288086913088,0.22422753984081592,0.22422753984081592,0.07726418231569873,0.780506993006993,0.06964285714285715,521,8929,2511,39,0.040039967896642076,217580,18.131666666666668,0.016805676950425237,0.7875,WithoutGraphFeatures
0.26466666666666666,0.5786713286713288,0.0556989247311828,0.925,0.10507099391480731,0.7621288086913088,0.22422753984081592,0.22422753984081592,0.07947492925936148,0.7676573426573426,0.075,518,8782,2658,42,0.040039967896642076,217640,18.136666666666667,0.017141729774793214,0.775,WithoutGraphFeatures
0.27666666666666667,0.5824175824175823,0.05628415300546448,0.9196428571428571,0.10607621009268794,0.7621288086913088,0.22422753984081592,0.22422753984081592,0.08170034969855415,0.7548076923076923,0.08035714285714286,515,8635,2805,45,0.040039967896642076,217700,18.141666666666666,0.017465428121253308,0.7625,WithoutGraphFeatures
0.289,0.5880369630369631,0.05711111111111111,0.9178571428571428,0.10753138075313808,0.7621288086913088,0.22422753984081592,0.22422753984081592,0.08576699456071289,0.7417832167832168,0.08214285714285714,514,8486,2954,46,0.040039967896642076,215720,17.976666666666667,0.01778690450678158,0.75,WithoutGraphFeatures
0.3006666666666667,0.58991008991009,0.05751412429378531,0.9089285714285714,0.108182784272051,0.7621288086913088,0.22422753984081592,0.22422753984081592,0.08620223798001347,0.7291083916083916,0.09107142857142857,509,8341,3099,51,0.040039967896642076,217820,18.151666666666667,0.01807933435383298,0.7375,WithoutGraphFeatures
0.31266666666666665,0.5936563436563437,0.05816091954022989,0.9035714285714286,0.10928725701943845,0.7621288086913088,0.22422753984081592,0.22422753984081592,0.08848254875497828,0.7162587412587412,0.09642857142857143,506,8194,3246,54,0.040039967896642076,217880,18.156666666666666,0.01842197863861538,0.725,WithoutGraphFeatures
0.3245,0.5964660339660339,0.05871345029239766,0.8964285714285715,0.1102085620197585,0.7621288086913088,0.22422753984081592,0.22422753984081592,0.089912244691916,0.7034965034965035,0.10357142857142858,502,8048,3392,58,0.040039967896642076,218960,18.246666666666666,0.018715716617955017,0.7125,WithoutGraphFeatures
0.33666666666666667,0.6011488511488512,0.05952380952380952,0.8928571428571429,0.11160714285714285,0.7621288086913088,0.22422753984081592,0.22422753984081592,0.09311230599144446,0.6905594405594405,0.10714285714285714,500,7900,3540,60,0.040039967896642076,218000,18.166666666666668,0.019045570158908058,0.7,WithoutGraphFeatures
0.3486666666666667,0.6048951048951049,0.06024242424242424,0.8875,0.11282633371169126,0.7621288086913088,0.22422753984081592,0.22422753984081592,0.09546619975474815,0.6777097902097902,0.1125,497,7753,3687,63,0.040039967896642076,218060,18.171666666666667,0.019390933004425837,0.6875,WithoutGraphFeatures
0.36083333333333334,0.609577922077922,0.06111111111111111,0.8839285714285714,0.11431870669745958,0.7621288086913088,0.22422753984081592,0.22422753984081592,0.09869275424396534,0.6647727272727273,0.11607142857142858,495,7605,3835,65,0.040039967896642076,217100,18.091666666666665,0.019713579548808216,0.675,WithoutGraphFeatures
0.37283333333333335,0.6133241758241759,0.061886792452830186,0.8785714285714286,0.11562867215041128,0.7621288086913088,0.22422753984081592,0.22422753984081592,0.10109938522455914,0.6519230769230769,0.12142857142857143,492,7458,3982,68,0.040039967896642076,217160,18.096666666666668,0.02004329378903357,0.6625,WithoutGraphFeatures
0.385,0.618006993006993,0.06282051282051282,0.875,0.11722488038277512,0.7621288086913088,0.22422753984081592,0.22422753984081592,0.10436931158461049,0.638986013986014,0.125,490,7310,4130,70,0.040039967896642076,216200,18.016666666666666,0.02035244074142663,0.65,WithoutGraphFeatures
0.3975,0.6245629370629371,0.06405228758169934,0.875,0.11936662606577343,0.7621288086913088,0.22422753984081592,0.22422753984081592,0.10930763935417476,0.6258741258741258,0.125,490,7160,4280,70,0.040039967896642076,213200,17.766666666666666,0.020732045590536385,0.6375,WithoutGraphFeatures
0.4088333333333333,0.6245629370629371,0.0644,0.8625,0.11985111662531017,0.7621288086913088,0.22422753984081592,0.22422753984081592,0.10853978892961687,0.6133741258741259,0.1375,483,7017,4423,77,0.040039967896642076,217340,18.111666666666668,0.021087380541052306,0.625,WithoutGraphFeatures
0.4205,0.6264360639360639,0.06503401360544217,0.8535714285714285,0.12085967130214917,0.7621288086913088,0.22422753984081592,0.22422753984081592,0.10948076989809999,0.6006993006993007,0.14642857142857144,478,6872,4568,82,0.040039967896642076,219440,18.286666666666665,0.021483617792005253,0.6125,WithoutGraphFeatures
0.43233333333333335,0.6292457542457542,0.06583333333333333,0.8464285714285714,0.12216494845360824,0.7621288086913088,0.22422753984081592,0.22422753984081592,0.11129263878869729,0.5879370629370629,0.15357142857142858,474,6726,4714,86,0.040039967896642076,220520,18.376666666666665,0.02189292171135544,0.6,WithoutGraphFeatures
0.444,0.6311188811188811,0.06652482269503546,0.8375,0.12325886990801575,0.7621288086913088,0.22422753984081592,0.22422753984081592,0.11235828406348834,0.5752622377622377,0.1625,469,6581,4859,91,0.040039967896642076,222620,18.551666666666666,0.022261611522612083,0.5875,WithoutGraphFeatures
0.4558333333333333,0.6339285714285714,0.06739130434782609,0.8303571428571429,0.12466487935656836,0.7621288086913088,0.22422753984081592,0.22422753984081592,0.11428799778500592,0.5625,0.16964285714285715,465,6435,5005,95,0.040039967896642076,223700,18.641666666666666,0.022675479172557366,0.575,WithoutGraphFeatures
0.4678333333333333,0.6376748251748252,0.06844444444444445,0.825,0.12640218878248974,0.7621288086913088,0.22422753984081592,0.22422753984081592,0.1170738814009927,0.5496503496503496,0.175,462,6288,5152,98,0.040039967896642076,223760,18.64666666666667,0.023158441013264405,0.5625,WithoutGraphFeatures
0.48,0.6423576423576424,0.0696969696969697,0.8214285714285714,0.12849162011173185,0.7621288086913088,0.22422753984081592,0.22422753984081592,0.12071158725888756,0.5367132867132867,0.17857142857142858,460,6140,5300,100,0.040039967896642076,222800,18.566666666666666,0.02360505963875711,0.55,WithoutGraphFeatures
0.49183333333333334,0.6451673326673326,0.07069767441860465,0.8142857142857143,0.13009985734664764,0.7621288086913088,0.22422753984081592,0.22422753984081592,0.1228229628439213,0.5239510489510489,0.18571428571428572,456,5994,5446,104,0.040039967896642076,223880,18.656666666666666,0.024114276093214995,0.5375,WithoutGraphFeatures
0.5036666666666667,0.647977022977023,0.07174603174603175,0.8071428571428572,0.1317784256559767,0.7621288086913088,0.22422753984081592,0.22422753984081592,0.1250039120667552,0.5111888111888112,0.19285714285714287,452,5848,5592,108,0.040039967896642076,224960,18.746666666666666,0.024651859633562645,0.525,WithoutGraphFeatures
0.5115833333333333,0.6504308191808192,0.07256894049346879,0.8035714285714286,0.13311640289897944,0.7621288086913088,0.22422753984081592,0.22422753984081592,0.12698909315075796,0.5027097902097902,0.19642857142857142,450,5751,5689,110,0.040039967896642076,225020,18.751666666666665,0.025,0.51675,WithoutGraphFeatures
0.5156666666666667,0.6517232767232768,0.07300813008130082,0.8017857142857143,0.13383010432190762,0.7621288086913088,0.22422753984081592,0.22422753984081592,0.12804827844263061,0.49833916083916086,0.1982142857142857,449,5701,5739,111,0.040039967896642076,225020,18.751666666666665,0.025225959572943633,0.5125,WithoutGraphFeatures
0.5276666666666666,0.6554695304695304,0.07433333333333333,0.7964285714285714,0.13597560975609754,0.7621288086913088,0.22422753984081592,0.22422753984081592,0.1311689548075104,0.4854895104895105,0.20357142857142857,446,5554,5886,114,0.040039967896642076,225080,18.756666666666668,0.02569689130342547,0.5,WithoutGraphFeatures
0.5393333333333333,0.6573426573426573,0.07538461538461538,0.7875,0.137597503900156,0.7621288086913088,0.22422753984081592,0.22422753984081592,0.13279080727383916,0.4728146853146853,0.2125,441,5409,6031,119,0.040039967896642076,227180,18.93166666666667,0.026221628345363665,0.4875,WithoutGraphFeatures
0.5511666666666667,0.6601523476523476,0.07666666666666666,0.7803571428571429,0.13961661341853035,0.7621288086913088,0.22422753984081592,0.22422753984081592,0.13528904407224773,0.46005244755244756,0.21964285714285714,437,5263,6177,123,0.040039967896642076,228260,19.02166666666667,0.02682028528733949,0.475,WithoutGraphFeatures
0.5633333333333334,0.6648351648351649,0.07837837837837838,0.7767857142857143,0.14238952536824878,0.7621288086913088,0.22422753984081592,0.22422753984081592,0.13946349329374289,0.44711538461538464,0.22321428571428573,435,5115,6325,125,0.040039967896642076,227300,18.941666666666666,0.027380139250537328,0.4625,WithoutGraphFeatures
0.5748333333333333,0.6657717282717284,0.07944444444444444,0.7660714285714286,0.14395973154362415,0.7621288086913088,0.22422753984081592,0.22422753984081592,0.14056546674225723,0.43452797202797205,0.23392857142857143,429,4971,6469,131,0.040039967896642076,230420,19.201666666666668,0.027939946229387797,0.45,WithoutGraphFeatures
0.5868333333333333,0.669517982017982,0.08114285714285714,0.7607142857142857,0.14664371772805507,0.7621288086913088,0.22422753984081592,0.22422753984081592,0.14415219410598423,0.4216783216783217,0.2392857142857143,426,4824,6616,134,0.040039967896642076,230480,19.206666666666667,0.028628202350367817,0.4375,WithoutGraphFeatures
0.5988333333333333,0.6732642357642358,0.08294117647058824,0.7553571428571428,0.14946996466431095,0.7621288086913088,0.22422753984081592,0.22422753984081592,0.1478551020295531,0.40882867132867134,0.24464285714285713,423,4677,6763,137,0.040039967896642076,230540,19.211666666666666,0.029406875115706787,0.425,WithoutGraphFeatures
0.6106666666666667,0.6760739260739261,0.08464646464646465,0.7482142857142857,0.15208711433756808,0.7621288086913088,0.22422753984081592,0.22422753984081592,0.15088112431382722,0.39606643356643356,0.2517857142857143,419,4531,6909,141,0.040039967896642076,231620,19.301666666666666,0.03012401706679535,0.4125,WithoutGraphFeatures
0.6223333333333333,0.677947052947053,0.08625,0.7392857142857143,0.15447761194029852,0.7621288086913088,0.22422753984081592,0.22422753984081592,0.15322899543371366,0.3833916083916084,0.26071428571428573,414,4386,7054,146,0.040039967896642076,233720,19.476666666666667,0.030840650562716235,0.4,WithoutGraphFeatures
0.6348333333333334,0.684502997002997,0.08903225806451613,0.7392857142857143,0.15892514395393476,0.7621288086913088,0.22422753984081592,0.22422753984081592,0.1597608271846348,0.3702797202797203,0.26071428571428573,414,4236,7204,146,0.040039967896642076,230720,19.226666666666667,0.03154849268557619,0.3875,WithoutGraphFeatures
0.6468333333333334,0.6882492507492507,0.09133333333333334,0.7339285714285714,0.1624505928853755,0.7621288086913088,0.22422753984081592,0.22422753984081592,0.16403381635227812,0.3574300699300699,0.26607142857142857,411,4089,7351,149,0.040039967896642076,230780,19.231666666666666,0.03233092971732065,0.375,WithoutGraphFeatures
0.6586666666666666,0.6910589410589411,0.0935632183908046,0.7267857142857143,0.16578411405295318,0.7621288086913088,0.22422753984081592,0.22422753984081592,0.1676598378064034,0.34466783216783214,0.2732142857142857,407,3943,7497,153,0.040039967896642076,231860,19.321666666666665,0.03312459775816339,0.3625,WithoutGraphFeatures
0.6705,0.6938686313686313,0.09595238095238096,0.7196428571428571,0.169327731092437,0.7621288086913088,0.22422753984081592,0.22422753984081592,0.1714638690318601,0.3319055944055944,0.28035714285714286,403,3797,7643,157,0.040039967896642076,232940,19.411666666666665,0.03389232561735759,0.35,WithoutGraphFeatures
0.6821666666666667,0.6957417582417582,0.09827160493827161,0.7107142857142857,0.17266811279826466,0.7621288086913088,0.22422753984081592,0.22422753984081592,0.17462621084242033,0.3192307692307692,0.2892857142857143,398,3652,7788,162,0.040039967896642076,235040,19.586666666666666,0.034866648580979355,0.3375,WithoutGraphFeatures
0.6844166666666667,0.6960726773226773,0.09873165879134543,0.7089285714285715,0.1733246016153678,0.7621288086913088,0.22422753984081592,0.22422753984081592,0.17523176338958574,0.3167832167832168,0.2910714285714286,397,3624,7816,163,0.040039967896642076,235480,19.623333333333335,0.034999999999999996,0.33508333333333334,WithoutGraphFeatures
0.6941666666666667,0.699488011988012,0.10128205128205128,0.7053571428571429,0.17713004484304934,0.7621288086913088,0.22422753984081592,0.22422753984081592,0.17967142439286,0.3063811188811189,0.29464285714285715,395,3505,7935,165,0.040039967896642076,235100,19.591666666666665,0.03574490545932449,0.325,WithoutGraphFeatures
0.7061666666666667,0.7032342657342657,0.10453333333333334,0.7,0.1819025522041763,0.7621288086913088,0.22422753984081592,0.22422753984081592,0.18496576202482456,0.29353146853146855,0.3,392,3358,8082,168,0.040039967896642076,235160,19.596666666666668,0.03675001064758516,0.3125,WithoutGraphFeatures
0.7178333333333333,0.7051073926073925,0.1075,0.6910714285714286,0.18605769230769229,0.7621288086913088,0.22422753984081592,0.22422753984081592,0.1888110649270957,0.28085664335664334,0.30892857142857144,387,3213,8227,173,0.040039967896642076,237260,19.77166666666667,0.03780470907869507,0.3,WithoutGraphFeatures
0.7285,0.7013611388611388,0.10898550724637682,0.6714285714285714,0.18753117206982545,0.7621288086913088,0.22422753984081592,0.22422753984081592,0.1876808991141936,0.26870629370629373,0.32857142857142857,376,3074,8366,184,0.040039967896642076,245480,20.456666666666667,0.038969529914929205,0.2875,WithoutGraphFeatures
0.7401666666666666,0.7032342657342657,0.11242424242424243,0.6625,0.1922279792746114,0.7621288086913088,0.22422753984081592,0.22422753984081592,0.19200713079830287,0.2560314685314685,0.3375,371,2929,8511,189,0.040039967896642076,247580,20.631666666666668,0.04018948933568988,0.275,WithoutGraphFeatures
0.7518333333333334,0.7051073926073926,0.11619047619047619,0.6535714285714286,0.1973045822102426,0.7621288086913088,0.22422753984081592,0.22422753984081592,0.19664885539190574,0.24335664335664337,0.3464285714285714,366,2784,8656,194,0.040039967896642076,249680,20.80666666666667,0.04165403809396311,0.2625,WithoutGraphFeatures
0.7635,0.7069805194805194,0.12033333333333333,0.6446428571428572,0.20280898876404496,0.7621288086913088,0.22422753984081592,0.22422753984081592,0.20164367870125052,0.23068181818181818,0.35535714285714287,361,2639,8801,199,0.040039967896642076,251780,20.981666666666666,0.042984473672675785,0.25,WithoutGraphFeatures
0.7745,0.7051073926073925,0.12350877192982457,0.6285714285714286,0.2064516129032258,0.7621288086913088,0.22422753984081592,0.22422753984081592,0.20332246118162906,0.21835664335664334,0.37142857142857144,352,2498,8942,208,0.040039967896642076,257960,21.496666666666666,0.04474816230398194,0.2375,WithoutGraphFeatures
0.776,0.7050449550449551,0.12402826855123675,0.6267857142857143,0.20707964601769913,0.7621288086913088,0.22422753984081592,0.22422753984081592,0.20375497621156835,0.2166958041958042,0.3732142857142857,351,2479,8961,209,0.040039967896642076,258580,21.548333333333332,0.045,0.23583333333333334,WithoutGraphFeatures
0.7851666666666667,0.7013611388611388,0.1262962962962963,0.6089285714285714,0.20920245398773005,0.7621288086913088,0.22422753984081592,0.22422753984081592,0.20341797369955616,0.2062062937062937,0.39107142857142857,341,2359,9081,219,0.040039967896642076,266180,22.18166666666667,0.046746639147344976,0.225,WithoutGraphFeatures
0.7963333333333333,0.7004245754245755,0.13058823529411764,0.5946428571428571,0.21414790996784566,0.7621288086913088,0.22422753984081592,0.22422753984081592,0.2066816876944941,0.1937937062937063,0.40535714285714286,333,2217,9223,227,0.040039967896642076,271340,22.611666666666668,0.04925695412438797,0.2125,WithoutGraphFeatures
0.8073333333333333,0.6985514485514486,0.135,0.5785714285714286,0.21891891891891896,0.7621288086913088,0.22422753984081592,0.22422753984081592,0.2093962230360859,0.18146853146853148,0.42142857142857143,324,2076,9364,236,0.040039967896642076,277520,23.126666666666665,0.05178227952855122,0.2,WithoutGraphFeatures
0.819,0.7004245754245755,0.14177777777777778,0.5696428571428571,0.22704626334519573,0.7621288086913088,0.22422753984081592,0.22422753984081592,0.21661794264829315,0.1687937062937063,0.4303571428571429,319,1931,9509,241,0.040039967896642076,279620,23.301666666666666,0.05498513258276706,0.1875,WithoutGraphFeatures
0.819,0.7004245754245755,0.14177777777777778,0.5696428571428571,0.22704626334519573,0.7621288086913088,0.22422753984081592,0.22422753984081592,0.21661794264829315,0.1687937062937063,0.4303571428571429,319,1931,9509,241,0.040039967896642076,279620,23.301666666666666,0.055,0.1875,WithoutGraphFeatures
0.8303333333333334,0.7004245754245755,0.14857142857142858,0.5571428571428572,0.23458646616541354,0.7621288086913088,0.22422753984081592,0.22422753984081592,0.22251574619667952,0.15629370629370629,0.44285714285714284,312,1788,9652,248,0.040039967896642076,283760,23.64666666666667,0.05837027043267706,0.175,WithoutGraphFeatures
0.8413333333333334,0.6985514485514486,0.15538461538461537,0.5410714285714285,0.24143426294820716,0.7621288086913088,0.22422753984081592,0.22422753984081592,0.22704385112113998,0.14396853146853147,0.4589285714285714,303,1647,9793,257,0.040039967896642076,289940,24.161666666666665,0.06204223714950992,0.1625,WithoutGraphFeatures
0.8478333333333333,0.6943181818181818,0.15857605177993528,0.525,0.24357912178956093,0.7621288086913088,0.22422753984081592,0.22422753984081592,0.22680267147573463,0.13636363636363635,0.475,294,1560,9880,266,0.040039967896642076,297200,24.766666666666666,0.065,0.1545,WithoutGraphFeatures
0.8521666666666666,0.6957417582417582,0.16277777777777777,0.5232142857142857,0.2483050847457627,0.7621288086913088,0.22422753984081592,0.22422753984081592,0.23125129209327058,0.13173076923076923,0.4767857142857143,293,1507,9933,267,0.040039967896642076,297140,24.761666666666667,0.06656597644854668,0.15,WithoutGraphFeatures
0.8641666666666666,0.699488011988012,0.17575757575757575,0.5178571428571429,0.26244343891402716,0.7621288086913088,0.22422753984081592,0.22422753984081592,0.24436650459656598,0.11888111888111888,0.48214285714285715,290,1360,10080,270,0.040039967896642076,297200,24.766666666666666,0.07222368420764144,0.1375,WithoutGraphFeatures
0.8690833333333333,0.6978209290709291,0.18026565464895636,0.5089285714285714,0.2662307333021952,0.7621288086913088,0.22422753984081592,0.22422753984081592,0.24673474148009772,0.11328671328671329,0.49107142857142855,285,1296,10144,275,0.040039967896642076,300920,25.076666666666668,0.07500000000000001,0.13175,WithoutGraphFeatures
0.8755,0.699488011988012,0.18866666666666668,0.5053571428571428,0.27475728155339807,0.7621288086913088,0.22422753984081592,0.22422753984081592,0.25445649733072906,0.10638111888111888,0.49464285714285716,283,1217,10223,277,0.040039967896642076,301340,25.111666666666668,0.07898845041347706,0.125,WithoutGraphFeatures
0.8845833333333334,0.6949113386613387,0.19868517165814464,0.4857142857142857,0.2820114048729912,0.7621288086913088,0.22422753984081592,0.22422753984081592,0.25863383676565355,0.09589160839160839,0.5142857142857142,272,1097,10343,288,0.040039967896642076,309940,25.828333333333333,0.085,0.11408333333333333,WithoutGraphFeatures
0.8858333333333334,0.6938686313686314,0.2,0.48214285714285715,0.28272251308900526,0.7621288086913088,0.22422753984081592,0.22422753984081592,0.25882300647254974,0.0944055944055944,0.5178571428571429,270,1080,10360,290,0.040039967896642076,311600,25.966666666666665,0.08585347433611383,0.1125,WithoutGraphFeatures
0.8961666666666667,0.6882492507492507,0.21416666666666667,0.4589285714285714,0.29204545454545455,0.7621288086913088,0.22422753984081592,0.22422753984081592,0.2647084328946746,0.08243006993006993,0.5410714285714285,257,943,10497,303,0.040039967896642076,321860,26.821666666666665,0.09386345353422941,0.1,WithoutGraphFeatures
0.8975833333333333,0.6881431068931069,0.21676545300592717,0.45714285714285713,0.29408385985066055,0.7621288086913088,0.22422753984081592,0.22422753984081592,0.26644453912146876,0.08085664335664336,0.5428571428571428,256,925,10515,304,0.040039967896642076,322500,26.875,0.095,0.09841666666666667,WithoutGraphFeatures
0.9068333333333334,0.684502997002997,0.2342857142857143,0.4392857142857143,0.30559006211180123,0.7621288086913088,0.22422753984081592,0.22422753984081592,0.27544743806301597,0.07027972027972028,0.5607142857142857,246,804,10636,314,0.040039967896642076,330080,27.506666666666668,0.10489026431855804,0.0875,WithoutGraphFeatures
0.90675,0.6836101398601399,0.23355576739752146,0.4375,0.3045369794903667,0.7621288086913088,0.22422753984081592,0.22422753984081592,0.2742325797977756,0.07027972027972028,0.5625,245,804,10636,315,0.040039967896642076,331080,27.59,0.10500000000000001,0.08741666666666667,WithoutGraphFeatures
0.9135,0.6803571428571429,0.24894957983193278,0.4232142857142857,0.3134920634920635,0.7621288086913088,0.22422753984081592,0.22422753984081592,0.2815205233551927,0.0625,0.5767857142857142,237,715,10725,323,0.040039967896642076,337300,28.108333333333334,0.115,0.07933333333333334,WithoutGraphFeatures
0.9173333333333333,0.6798201798201798,0.26,0.41785714285714287,0.32054794520547947,0.7621288086913088,0.22422753984081592,0.22422753984081592,0.288000144000108,0.05821678321678322,0.5821428571428572,234,666,10774,326,0.040039967896642076,339320,28.276666666666667,0.12208778925315007,0.075,WithoutGraphFeatures
0.9188333333333333,0.6797577422577422,0.26477272727272727,0.4160714285714286,0.3236111111111111,0.7621288086913088,0.22422753984081592,0.22422753984081592,0.2908914097890901,0.05655594405594406,0.5839285714285715,233,647,10793,327,0.040039967896642076,339940,28.328333333333333,0.125,0.07333333333333333,WithoutGraphFeatures
0.9226666666666666,0.6724275724275725,0.2733990147783251,0.3964285714285714,0.3236151603498542,0.7621288086913088,0.22422753984081592,0.22422753984081592,0.2895939547946771,0.051573426573426576,0.6035714285714285,222,590,10850,338,0.040039967896642076,349800,29.15,0.135,0.06766666666666667,WithoutGraphFeatures
0.9266666666666666,0.6685814185814186,0.2866666666666667,0.38392857142857145,0.3282442748091603,0.7621288086913088,0.22422753984081592,0.22422753984081592,0.29379190988467724,0.046765734265734264,0.6160714285714286,215,535,10905,345,0.040039967896642076,355700,29.641666666666666,0.14395301064650898,0.0625,WithoutGraphFeatures
0.9273333333333333,0.6689310689310689,0.28975741239892183,0.38392857142857145,0.3302611367127496,0.7621288086913088,0.22422753984081592,0.22422753984081592,0.29587888724106814,0.046066433566433564,0.6160714285714286,215,527,10913,345,0.040039967896642076,355540,29.628333333333334,0.14500000000000002,0.06183333333333333,WithoutGraphFeatures
0.9308333333333333,0.6631243756243757,0.3020527859237537,0.3678571428571429,0.3317230273752013,0.7621288086913088,0.22422753984081592,0.22422753984081592,0.29722056242032197,0.04160839160839161,0.6321428571428571,206,476,10964,354,0.040039967896642076,363520,30.293333333333333,0.155,0.05683333333333333,WithoutGraphFeatures
0.933,0.6506743256743257,0.30448717948717946,0.3392857142857143,0.32094594594594594,0.7621288086913088,0.22422753984081592,0.22422753984081592,0.2862788021521799,0.037937062937062935,0.6607142857142857,190,434,11006,370,0.040039967896642076,378680,31.55666666666667,0.165,0.052,WithoutGraphFeatures
0.9346666666666666,0.6498501498501499,0.31333333333333335,0.3357142857142857,0.32413793103448274,0.7621288086913088,0.22422753984081592,0.22422753984081592,0.2900455135248149,0.03601398601398601,0.6642857142857143,188,412,11028,372,0.040039967896642076,380240,31.686666666666667,0.1689329583994432,0.05,WithoutGraphFeatures
0.9361666666666667,0.6497877122877123,0.32241379310344825,0.3339285714285714,0.32807017543859646,0.7621288086913088,0.22422753984081592,0.22422753984081592,0.2946226696806562,0.03435314685314685,0.6660714285714285,187,393,11047,373,0.040039967896642076,380860,31.738333333333333,0.17500000000000002,0.04833333333333333,WithoutGraphFeatures
0.9375,0.6453921078921079,0.3278985507246377,0.32321428571428573,0.32553956834532377,0.7621288086913088,0.22422753984081592,0.22422753984081592,0.2927814148397945,0.03243006993006993,0.6767857142857143,181,371,11069,379,0.040039967896642076,386420,32.20166666666667,0.185,0.046,WithoutGraphFeatures
0.9390833333333334,0.637731018981019,0.3333333333333333,0.3053571428571429,0.3187325256290774,0.7621288086913088,0.22422753984081592,0.22422753984081592,0.28721478266687633,0.029895104895104895,0.6946428571428571,171,342,11098,389,0.040039967896642076,395840,32.986666666666665,0.195,0.04275,WithoutGraphFeatures
0.94025,0.6349463036963037,0.34012219959266804,0.2982142857142857,0.31779257849666986,0.7621288086913088,0.22422753984081592,0.22422753984081592,0.28736804513315023,0.028321678321678322,0.7017857142857142,167,324,11116,393,0.040039967896642076,399480,33.29,0.20500000000000002,0.040916666666666664,WithoutGraphFeatures
0.9421666666666667,0.6317057942057942,0.3537117903930131,0.2892857142857143,0.3182711198428291,0.7621288086913088,0.22422753984081592,0.22422753984081592,0.28998038955460614,0.025874125874125874,0.7107142857142857,162,296,11144,398,0.040039967896642076,403920,33.66,0.215,0.03816666666666667,WithoutGraphFeatures
0.9426666666666667,0.631118881118881,0.35777777777777775,0.2875,0.3188118811881188,0.7621288086913088,0.22422753984081592,0.22422753984081592,0.29114209782743117,0.025262237762237762,0.7125,161,289,11151,399,0.040039967896642076,404780,33.73166666666667,0.21854892568136447,0.0375,WithoutGraphFeatures
0.9435,0.6273101898101898,0.3627906976744186,0.2785714285714286,0.3151515151515151,0.7621288086913088,0.22422753984081592,0.22422753984081592,0.28893441899118205,0.02395104895104895,0.7214285714285714,156,274,11166,404,0.040039967896642076,409480,34.123333333333335,0.225,0.035833333333333335,WithoutGraphFeatures
0.94375,0.6197989510489511,0.3594132029339853,0.2625,0.30340557275541796,0.7621288086913088,0.22422753984081592,0.22422753984081592,0.2785274030604158,0.022902097902097903,0.7375,147,262,11178,413,0.040039967896642076,418240,34.85333333333333,0.23500000000000001,0.034083333333333334,WithoutGraphFeatures
0.9443333333333334,0.6167082917082918,0.3629441624365482,0.25535714285714284,0.29979035639413,0.7621288086913088,0.22422753984081592,0.22422753984081592,0.27627993145489294,0.02194055944055944,0.7446428571428572,143,251,11189,417,0.040039967896642076,422020,35.16833333333334,0.245,0.03283333333333333,WithoutGraphFeatures
0.9444166666666667,0.6108079420579421,0.35883905013192613,0.24285714285714285,0.2896698615548456,0.7621288086913088,0.22422753984081592,0.22422753984081592,0.2672800568392204,0.02124125874125874,0.7571428571428571,136,243,11197,424,0.040039967896642076,428860,35.73833333333334,0.255,0.03158333333333333,WithoutGraphFeatures
0.9443333333333334,0.6005744255744256,0.34831460674157305,0.22142857142857142,0.2707423580786026,0.7621288086913088,0.22422753984081592,0.22422753984081592,0.2500624516928423,0.02027972027972028,0.7785714285714286,124,232,11208,436,0.040039967896642076,440640,36.72,0.265,0.029666666666666668,WithoutGraphFeatures
0.945,0.5975274725274725,0.35294117647058826,0.21428571428571427,0.26666666666666666,0.7621288086913088,0.22422753984081592,0.22422753984081592,0.24795636273296295,0.019230769230769232,0.7857142857142857,120,220,11220,440,0.040039967896642076,444400,37.03333333333333,0.275,0.028333333333333332,WithoutGraphFeatures
0.9455833333333333,0.5961351148851148,0.3586626139817629,0.21071428571428572,0.265466816647919,0.7621288086913088,0.22422753984081592,0.22422753984081592,0.24835167162767643,0.018444055944055945,0.7892857142857143,118,211,11229,442,0.040039967896642076,446220,37.185,0.28500000000000003,0.027416666666666666,WithoutGraphFeatures
0.946,0.5912587412587412,0.358974358974359,0.2,0.25688073394495414,0.7621288086913088,0.22422753984081592,0.22422753984081592,0.24191572380452048,0.017482517482517484,0.8,112,200,11240,448,0.040039967896642076,452000,37.666666666666664,0.295,0.026,WithoutGraphFeatures
0.9461666666666667,0.5871003996003996,0.3566666666666667,0.19107142857142856,0.24883720930232558,0.7621288086913088,0.22422753984081592,0.22422753984081592,0.23534426012022508,0.01687062937062937,0.8089285714285714,107,193,11247,453,0.040039967896642076,456860,38.071666666666665,0.3038747457251327,0.025,WithoutGraphFeatures
0.9463333333333334,0.5871878121878122,0.35906040268456374,0.19107142857142856,0.2494172494172494,0.7621288086913088,0.22422753984081592,0.22422753984081592,0.23634946440395202,0.016695804195804197,0.8089285714285714,107,191,11249,453,0.040039967896642076,456820,38.068333333333335,0.305,0.024833333333333332,WithoutGraphFeatures
0.947,0.5832917082917083,0.36428571428571427,0.18214285714285713,0.24285714285714285,0.7621288086913088,0.22422753984081592,0.22422753984081592,0.2327533654698931,0.015559440559440559,0.8178571428571428,102,178,11262,458,0.040039967896642076,461560,38.46333333333333,0.315,0.023333333333333334,WithoutGraphFeatures
0.9470833333333334,0.5799388111888112,0.36162361623616235,0.175,0.23586040914560766,0.7621288086913088,0.22422753984081592,0.22422753984081592,0.226975806627976,0.015122377622377623,0.825,98,173,11267,462,0.040039967896642076,465460,38.788333333333334,0.325,0.022583333333333334,WithoutGraphFeatures
0.94775,0.5751935564435564,0.3665338645418327,0.16428571428571428,0.22688039457459927,0.7621288086913088,0.22422753984081592,0.22422753984081592,0.22165643039123728,0.013898601398601398,0.8357142857142857,92,159,11281,468,0.040039967896642076,471180,39.265,0.335,0.020916666666666667,WithoutGraphFeatures
0.9486666666666667,0.573976023976024,0.3813559322033898,0.16071428571428573,0.22613065326633167,0.7621288086913088,0.22422753984081592,0.22422753984081592,0.2247473074146404,0.012762237762237762,0.8392857142857143,90,146,11294,470,0.040039967896642076,472920,39.41,0.34500000000000003,0.019666666666666666,WithoutGraphFeatures
0.949,0.5716033966033967,0.38495575221238937,0.15535714285714286,0.22137404580152675,0.7621288086913088,0.22422753984081592,0.22422753984081592,0.22220529835373348,0.01215034965034965,0.8446428571428571,87,139,11301,473,0.040039967896642076,475780,39.64833333333333,0.35500000000000004,0.018833333333333334,WithoutGraphFeatures
0.9490833333333333,0.5665521978021978,0.38028169014084506,0.14464285714285716,0.20957309184993533,0.7621288086913088,0.22422753984081592,0.22422753984081592,0.2126218927910437,0.011538461538461539,0.8553571428571428,81,132,11308,479,0.040039967896642076,481640,40.13666666666666,0.365,0.01775,WithoutGraphFeatures
0.9494166666666667,0.5641795704295705,0.3842364532019704,0.1392857142857143,0.20445609436435128,0.7621288086913088,0.22422753984081592,0.22422753984081592,0.20994233282172986,0.010926573426573426,0.8607142857142858,78,125,11315,482,0.040039967896642076,484500,40.375,0.375,0.016916666666666667,WithoutGraphFeatures
0.9498333333333333,0.5610014985014985,0.3894736842105263,0.13214285714285715,0.19733333333333333,0.7621288086913088,0.22422753984081592,0.22422753984081592,0.206146409832637,0.01013986013986014,0.8678571428571429,74,116,11324,486,0.040039967896642076,488320,40.693333333333335,0.385,0.015833333333333335,WithoutGraphFeatures
0.9504166666666667,0.5579108391608392,0.4,0.125,0.19047619047619047,0.7621288086913088,0.22422753984081592,0.22422753984081592,0.20378737750185563,0.009178321678321678,0.875,70,105,11335,490,0.040039967896642076,492100,41.00833333333333,0.395,0.014583333333333334,WithoutGraphFeatures
0.95075,0.5538399100899101,0.40372670807453415,0.11607142857142858,0.18030513176144244,0.7621288086913088,0.22422753984081592,0.22422753984081592,0.19741079572207354,0.008391608391608392,0.8839285714285714,65,96,11344,495,0.040039967896642076,496920,41.41,0.405,0.013416666666666667,WithoutGraphFeatures
0.9509166666666666,0.5522290209790209,0.4064516129032258,0.1125,0.17622377622377622,0.7621288086913088,0.22422753984081592,0.22422753984081592,0.19512617214940367,0.008041958041958041,0.8875,63,92,11348,497,0.040039967896642076,498840,41.57,0.41500000000000004,0.012916666666666667,WithoutGraphFeatures
0.951,0.5505744255744256,0.4066666666666667,0.10892857142857143,0.17183098591549298,0.7621288086913088,0.22422753984081592,0.22422753984081592,0.1920273883777419,0.0077797202797202794,0.8910714285714286,61,89,11351,499,0.040039967896642076,500780,41.73166666666667,0.4197886877311301,0.0125,WithoutGraphFeatures
0.95125,0.5498563936063936,0.41379310344827586,0.10714285714285714,0.17021276595744678,0.7621288086913088,0.22422753984081592,0.22422753984081592,0.19249661699348583,0.00743006993006993,0.8928571428571429,60,85,11355,500,0.040039967896642076,501700,41.80833333333333,0.425,0.012083333333333333,WithoutGraphFeatures
0.9515833333333333,0.5483329170829171,0.4233576642335766,0.10357142857142858,0.16642754662840747,0.7621288086913088,0.22422753984081592,0.22422753984081592,0.19192099208563582,0.006905594405594405,0.8964285714285715,58,79,11361,502,0.040039967896642076,503580,41.965,0.435,0.011416666666666667,WithoutGraphFeatures
0.9520833333333333,0.5451985514485514,0.43902439024390244,0.09642857142857143,0.1581259150805271,0.7621288086913088,0.22422753984081592,0.22422753984081592,0.18930217503713684,0.006031468531468531,0.9035714285714286,54,69,11371,506,0.040039967896642076,507380,42.281666666666666,0.445,0.01025,WithoutGraphFeatures
0.9520833333333333,0.5409527972027972,0.4336283185840708,0.0875,0.14561664190193163,0.7621288086913088,0.22422753984081592,0.22422753984081592,0.17887318458808502,0.005594405594405594,0.9125,49,64,11376,511,0.040039967896642076,512280,42.69,0.455,0.009416666666666667,WithoutGraphFeatures
0.9521666666666667,0.5333541458541459,0.425531914893617,0.07142857142857142,0.12232415902140671,0.7621288086913088,0.22422753984081592,0.22422753984081592,0.15960260628721423,0.00472027972027972,0.9285714285714286,40,54,11386,520,0.040039967896642076,521080,43.42333333333333,0.465,0.007833333333333333,WithoutGraphFeatures
0.95225,0.5291520979020978,0.42168674698795183,0.0625,0.1088646967340591,0.7621288086913088,0.22422753984081592,0.22422753984081592,0.14838305875025745,0.004195804195804196,0.9375,35,48,11392,525,0.040039967896642076,525960,43.83,0.47500000000000003,0.0069166666666666664,WithoutGraphFeatures
0.9525833333333333,0.5259303196803197,0.43661971830985913,0.055357142857142855,0.098256735340729,0.7621288086913088,0.22422753984081592,0.22422753984081592,0.14263092499539343,0.0034965034965034965,0.9446428571428571,31,40,11400,529,0.040039967896642076,529800,44.15,0.485,0.005916666666666666,WithoutGraphFeatures
0.9526666666666667,0.5242757242757242,0.4393939393939394,0.05178571428571429,0.09265175718849841,0.7621288086913088,0.22422753984081592,0.22422753984081592,0.13846634640426128,0.003234265734265734,0.9482142857142857,29,37,11403,531,0.040039967896642076,531740,44.31166666666667,0.495,0.0055,WithoutGraphFeatures
0.9528333333333333,0.5218156843156844,0.4482758620689655,0.04642857142857143,0.08414239482200647,0.7621288086913088,0.22422753984081592,0.22422753984081592,0.13269462507594124,0.002797202797202797,0.9535714285714286,26,32,11408,534,0.040039967896642076,534640,44.553333333333335,0.505,0.004833333333333334,WithoutGraphFeatures
0.95325,0.5203359140859141,0.4897959183673469,0.04285714285714286,0.0788177339901478,0.7621288086913088,0.22422753984081592,0.22422753984081592,0.1345242429272486,0.0021853146853146855,0.9571428571428572,24,25,11415,536,0.040039967896642076,536500,44.708333333333336,0.515,0.004083333333333333,WithoutGraphFeatures
0.9535833333333333,0.5196615884115884,0.5348837209302325,0.04107142857142857,0.07628524046434496,0.7621288086913088,0.22422753984081592,0.22422753984081592,0.13880665208642096,0.0017482517482517483,0.9589285714285715,23,20,11420,537,0.040039967896642076,537400,44.78333333333333,0.525,0.0035833333333333333,WithoutGraphFeatures
0.9535833333333333,0.5188124375624376,0.5365853658536586,0.039285714285714285,0.07321131447587355,0.7621288086913088,0.22422753984081592,0.22422753984081592,0.1360011972652517,0.001660839160839161,0.9607142857142857,22,19,11421,538,0.040039967896642076,538380,44.865,0.535,0.003416666666666667,WithoutGraphFeatures
0.9535,0.5153721278721279,0.5294117647058824,0.03214285714285714,0.0606060606060606,0.7621288086913088,0.22422753984081592,0.22422753984081592,0.12199921945291413,0.0013986013986013986,0.9678571428571429,18,16,11424,542,0.040039967896642076,542320,45.193333333333335,0.545,0.0028333333333333335,WithoutGraphFeatures
0.9535,0.5136738261738262,0.5333333333333333,0.02857142857142857,0.05423728813559322,0.7621288086913088,0.22422753984081592,0.22422753984081592,0.11550994406168519,0.0012237762237762239,0.9714285714285714,16,14,11426,544,0.040039967896642076,544280,45.35666666666667,0.555,0.0025,WithoutGraphFeatures
0.9535,0.5119755244755244,0.5384615384615384,0.025,0.04778156996587031,0.7621288086913088,0.22422753984081592,0.22422753984081592,0.10864888235710612,0.001048951048951049,0.975,14,12,11428,546,0.040039967896642076,546240,45.52,0.5650000000000001,0.0021666666666666666,WithoutGraphFeatures
0.9531666666666667,0.5084040959040959,0.45454545454545453,0.017857142857142856,0.034364261168384876,0.7621288086913088,0.22422753984081592,0.22422753984081592,0.08287518795506202,0.001048951048951049,0.9821428571428571,10,12,11428,550,0.040039967896642076,550240,45.85333333333333,0.5750000000000001,0.0018333333333333333,WithoutGraphFeatures
0.9531666666666667,0.507554945054945,0.45,0.01607142857142857,0.031034482758620686,0.7621288086913088,0.22422753984081592,0.22422753984081592,0.07813127738085617,0.0009615384615384616,0.9839285714285714,9,11,11429,551,0.040039967896642076,551220,45.935,0.585,0.0016666666666666668,WithoutGraphFeatures
0.9531666666666667,0.5067057942057942,0.4444444444444444,0.014285714285714285,0.027681660899653977,0.7621288086913088,0.22422753984081592,0.22422753984081592,0.07309477480632809,0.0008741258741258741,0.9857142857142858,8,10,11430,552,0.040039967896642076,552200,46.016666666666666,0.595,0.0015,WithoutGraphFeatures
0.95325,0.5059003496503497,0.4666666666666667,0.0125,0.02434782608695652,0.7621288086913088,0.22422753984081592,0.22422753984081592,0.07044499149923908,0.0006993006993006993,0.9875,7,8,11432,553,0.040039967896642076,553160,46.096666666666664,0.605,0.00125,WithoutGraphFeatures
0.95325,0.5050511988011989,0.46153846153846156,0.010714285714285714,0.020942408376963352,0.7621288086913088,0.22422753984081592,0.22422753984081592,0.06477457229859863,0.0006118881118881119,0.9892857142857143,6,7,11433,554,0.040039967896642076,554140,46.178333333333335,0.615,0.0010833333333333333,WithoutGraphFeatures
0.9534166666666667,0.5042894605394606,0.5555555555555556,0.008928571428571428,0.017574692442882248,0.7621288086913088,0.22422753984081592,0.22422753984081592,0.06609836882623302,0.00034965034965034965,0.9910714285714286,5,4,11436,555,0.040039967896642076,555080,46.25666666666667,0.625,0.00075,WithoutGraphFeatures
0.9535,0.503484015984016,0.6666666666666666,0.007142857142857143,0.014134275618374558,0.7621288086913088,0.22422753984081592,0.22422753984081592,0.06574451300812227,0.00017482517482517483,0.9928571428571429,4,2,11438,556,0.040039967896642076,556040,46.336666666666666,0.635,0.0005,WithoutGraphFeatures
0.9533333333333334,0.5016983016983018,0.5,0.0035714285714285713,0.0070921985815602835,0.7621288086913088,0.22422753984081592,0.22422753984081592,0.039246744775229755,0.00017482517482517483,0.9964285714285714,2,2,11438,558,0.040039967896642076,558040,46.50333333333333,0.645,0.0003333333333333333,WithoutGraphFeatures
0.9534166666666667,0.501742007992008,0.6666666666666666,0.0035714285714285713,0.007104795737122558,0.7621288086913088,0.22422753984081592,0.22422753984081592,0.04648257810843555,8.741258741258741e-05,0.9964285714285714,2,1,11439,558,0.040039967896642076,558020,46.501666666666665,0.655,0.00025,WithoutGraphFeatures
0.9535,0.5017857142857143,1.0,0.0035714285714285713,0.0071174377224199285,0.7621288086913088,0.22422753984081592,0.22422753984081592,0.058355200793689756,0.0,0.9964285714285714,2,0,11440,558,0.040039967896642076,558000,46.5,0.665,0.00016666666666666666,WithoutGraphFeatures
0.9535,0.5017857142857143,1.0,0.0035714285714285713,0.0071174377224199285,0.7621288086913088,0.22422753984081592,0.22422753984081592,0.058355200793689756,0.0,0.9964285714285714,2,0,11440,558,0.040039967896642076,558000,46.5,0.675,0.00016666666666666666,WithoutGraphFeatures
0.9534166666666667,0.5008928571428571,1.0,0.0017857142857142857,0.0035650623885918,0.7621288086913088,0.22422753984081592,0.22422753984081592,0.04126163871301518,0.0,0.9982142857142857,1,0,11440,559,0.040039967896642076,559000,46.583333333333336,0.685,8.333333333333333e-05,WithoutGraphFeatures
0.9534166666666667,0.5008928571428571,1.0,0.0017857142857142857,0.0035650623885918,0.7621288086913088,0.22422753984081592,0.22422753984081592,0.04126163871301518,0.0,0.9982142857142857,1,0,11440,559,0.040039967896642076,559000,46.583333333333336,0.6950000000000001,8.333333333333333e-05,WithoutGraphFeatures
0.9534166666666667,0.5008928571428571,1.0,0.0017857142857142857,0.0035650623885918,0.7621288086913088,0.22422753984081592,0.22422753984081592,0.04126163871301518,0.0,0.9982142857142857,1,0,11440,559,0.040039967896642076,559000,46.583333333333336,0.7050000000000001,8.333333333333333e-05,WithoutGraphFeatures
0.9534166666666667,0.5008928571428571,1.0,0.0017857142857142857,0.0035650623885918,0.7621288086913088,0.22422753984081592,0.22422753984081592,0.04126163871301518,0.0,0.9982142857142857,1,0,11440,559,0.040039967896642076,559000,46.583333333333336,0.715,8.333333333333333e-05,WithoutGraphFeatures
0.9534166666666667,0.5008928571428571,1.0,0.0017857142857142857,0.0035650623885918,0.7621288086913088,0.22422753984081592,0.22422753984081592,0.04126163871301518,0.0,0.9982142857142857,1,0,11440,559,0.040039967896642076,559000,46.583333333333336,0.7231910096361409,8.333333333333333e-05,WithoutGraphFeatures
0.9533333333333334,0.5,0.0,0.0,0.0,0.7621288086913088,0.22422753984081592,0.22422753984081592,0.0,0.0,1.0,0,0,11440,560,0.040039967896642076,560000,46.666666666666664,0.725,0.0,WithoutGraphFeatures
0.9533333333333334,0.5,0.0,0.0,0.0,0.7621288086913088,0.22422753984081592,0.22422753984081592,0.0,0.0,1.0,0,0,11440,560,0.040039967896642076,560000,46.666666666666664,0.735,0.0,WithoutGraphFeatures
0.9533333333333334,0.5,0.0,0.0,0.0,0.7621288086913088,0.22422753984081592,0.22422753984081592,0.0,0.0,1.0,0,0,11440,560,0.040039967896642076,560000,46.666666666666664,0.745,0.0,WithoutGraphFeatures
0.9533333333333334,0.5,0.0,0.0,0.0,0.7621288086913088,0.22422753984081592,0.22422753984081592,0.0,0.0,1.0,0,0,11440,560,0.040039967896642076,560000,46.666666666666664,0.755,0.0,WithoutGraphFeatures
0.9533333333333334,0.5,0.0,0.0,0.0,0.7621288086913088,0.22422753984081592,0.22422753984081592,0.0,0.0,1.0,0,0,11440,560,0.040039967896642076,560000,46.666666666666664,0.765,0.0,WithoutGraphFeatures
0.9533333333333334,0.5,0.0,0.0,0.0,0.7621288086913088,0.22422753984081592,0.22422753984081592,0.0,0.0,1.0,0,0,11440,560,0.040039967896642076,560000,46.666666666666664,0.775,0.0,WithoutGraphFeatures
0.9533333333333334,0.5,0.0,0.0,0.0,0.7621288086913088,0.22422753984081592,0.22422753984081592,0.0,0.0,1.0,0,0,11440,560,0.040039967896642076,560000,46.666666666666664,0.785,0.0,WithoutGraphFeatures
0.9533333333333334,0.5,0.0,0.0,0.0,0.7621288086913088,0.22422753984081592,0.22422753984081592,0.0,0.0,1.0,0,0,11440,560,0.040039967896642076,560000,46.666666666666664,0.795,0.0,WithoutGraphFeatures
0.9533333333333334,0.5,0.0,0.0,0.0,0.7621288086913088,0.22422753984081592,0.22422753984081592,0.0,0.0,1.0,0,0,11440,560,0.040039967896642076,560000,46.666666666666664,0.805,0.0,WithoutGraphFeatures
0.9533333333333334,0.5,0.0,0.0,0.0,0.7621288086913088,0.22422753984081592,0.22422753984081592,0.0,0.0,1.0,0,0,11440,560,0.040039967896642076,560000,46.666666666666664,0.8150000000000001,0.0,WithoutGraphFeatures
0.9533333333333334,0.5,0.0,0.0,0.0,0.7621288086913088,0.22422753984081592,0.22422753984081592,0.0,0.0,1.0,0,0,11440,560,0.040039967896642076,560000,46.666666666666664,0.8250000000000001,0.0,WithoutGraphFeatures
0.9533333333333334,0.5,0.0,0.0,0.0,0.7621288086913088,0.22422753984081592,0.22422753984081592,0.0,0.0,1.0,0,0,11440,560,0.040039967896642076,560000,46.666666666666664,0.8350000000000001,0.0,WithoutGraphFeatures
0.9533333333333334,0.5,0.0,0.0,0.0,0.7621288086913088,0.22422753984081592,0.22422753984081592,0.0,0.0,1.0,0,0,11440,560,0.040039967896642076,560000,46.666666666666664,0.845,0.0,WithoutGraphFeatures
0.9533333333333334,0.5,0.0,0.0,0.0,0.7621288086913088,0.22422753984081592,0.22422753984081592,0.0,0.0,1.0,0,0,11440,560,0.040039967896642076,560000,46.666666666666664,0.855,0.0,WithoutGraphFeatures
0.9533333333333334,0.5,0.0,0.0,0.0,0.7621288086913088,0.22422753984081592,0.22422753984081592,0.0,0.0,1.0,0,0,11440,560,0.040039967896642076,560000,46.666666666666664,0.865,0.0,WithoutGraphFeatures
0.9533333333333334,0.5,0.0,0.0,0.0,0.7621288086913088,0.22422753984081592,0.22422753984081592,0.0,0.0,1.0,0,0,11440,560,0.040039967896642076,560000,46.666666666666664,0.875,0.0,WithoutGraphFeatures
0.9533333333333334,0.5,0.0,0.0,0.0,0.7621288086913088,0.22422753984081592,0.22422753984081592,0.0,0.0,1.0,0,0,11440,560,0.040039967896642076,560000,46.666666666666664,0.885,0.0,WithoutGraphFeatures
0.9533333333333334,0.5,0.0,0.0,0.0,0.7621288086913088,0.22422753984081592,0.22422753984081592,0.0,0.0,1.0,0,0,11440,560,0.040039967896642076,560000,46.666666666666664,0.895,0.0,WithoutGraphFeatures
0.9533333333333334,0.5,0.0,0.0,0.0,0.7621288086913088,0.22422753984081592,0.22422753984081592,0.0,0.0,1.0,0,0,11440,560,0.040039967896642076,560000,46.666666666666664,0.905,0.0,WithoutGraphFeatures
0.9533333333333334,0.5,0.0,0.0,0.0,0.7621288086913088,0.22422753984081592,0.22422753984081592,0.0,0.0,1.0,0,0,11440,560,0.040039967896642076,560000,46.666666666666664,0.915,0.0,WithoutGraphFeatures
0.9533333333333334,0.5,0.0,0.0,0.0,0.7621288086913088,0.22422753984081592,0.22422753984081592,0.0,0.0,1.0,0,0,11440,560,0.040039967896642076,560000,46.666666666666664,0.925,0.0,WithoutGraphFeatures
0.9533333333333334,0.5,0.0,0.0,0.0,0.7621288086913088,0.22422753984081592,0.22422753984081592,0.0,0.0,1.0,0,0,11440,560,0.040039967896642076,560000,46.666666666666664,0.935,0.0,WithoutGraphFeatures
0.9533333333333334,0.5,0.0,0.0,0.0,0.7621288086913088,0.22422753984081592,0.22422753984081592,0.0,0.0,1.0,0,0,11440,560,0.040039967896642076,560000,46.666666666666664,0.9450000000000001,0.0,WithoutGraphFeatures
0.9533333333333334,0.5,0.0,0.0,0.0,0.7621288086913088,0.22422753984081592,0.22422753984081592,0.0,0.0,1.0,0,0,11440,560,0.040039967896642076,560000,46.666666666666664,0.9550000000000001,0.0,WithoutGraphFeatures
0.9533333333333334,0.5,0.0,0.0,0.0,0.7621288086913088,0.22422753984081592,0.22422753984081592,0.0,0.0,1.0,0,0,11440,560,0.040039967896642076,560000,46.666666666666664,0.965,0.0,WithoutGraphFeatures
0.9533333333333334,0.5,0.0,0.0,0.0,0.7621288086913088,0.22422753984081592,0.22422753984081592,0.0,0.0,1.0,0,0,11440,560,0.040039967896642076,560000,46.666666666666664,0.975,0.0,WithoutGraphFeatures
0.9533333333333334,0.5,0.0,0.0,0.0,0.7621288086913088,0.22422753984081592,0.22422753984081592,0.0,0.0,1.0,0,0,11440,560,0.040039967896642076,560000,46.666666666666664,0.985,0.0,WithoutGraphFeatures
0.9533333333333334,0.5,0.0,0.0,0.0,0.7621288086913088,0.22422753984081592,0.22422753984081592,0.0,0.0,1.0,0,0,11440,560,0.040039967896642076,560000,46.666666666666664,0.995,0.0,WithoutGraphFeatures
0.9533333333333334,0.5,0.0,0.0,0.0,0.7621288086913088,0.22422753984081592,0.22422753984081592,0.0,0.0,1.0,0,0,11440,560,0.040039967896642076,560000,46.666666666666664,1.000001,0.0,WithoutGraphFeatures
0.04666666666666667,0.5,0.04666666666666667,1.0,0.089171974522293,0.760691496003996,0.21671774309057784,0.21671774309057784,0.0,1.0,0.0,560,11440,0,0,0.04028550406657306,228800,19.066666666666666,0.0036849717839886266,1.0,WithoutSequenceFeatures
0.04733333333333333,0.49865134865134864,0.046546546546546545,0.9964285714285714,0.08893847625119541,0.760691496003996,0.21671774309057784,0.21671774309057784,-0.01800000900000675,0.9991258741258742,0.0035714285714285713,558,11430,10,2,0.04028550406657306,230600,19.216666666666665,0.005,0.999,WithoutSequenceFeatures
0.058166666666666665,0.5009365634365635,0.04675105485232067,0.9892857142857143,0.08928283642224014,0.760691496003996,0.21671774309057784,0.21671774309057784,0.003556062747735961,0.9874125874125874,0.010714285714285714,554,11296,144,6,0.04028550406657306,231920,19.326666666666668,0.008843847121879718,0.9875,WithoutSequenceFeatures
0.0705,0.5065559440559441,0.04726495726495727,0.9875,0.09021207177814031,0.760691496003996,0.21671774309057784,0.21671774309057784,0.017714084095070706,0.9743881118881119,0.0125,553,11147,293,7,0.04028550406657306,229940,19.161666666666665,0.010058164747576512,0.975,WithoutSequenceFeatures
0.083,0.5131118881118881,0.04787878787878788,0.9875,0.09132947976878614,0.760691496003996,0.21671774309057784,0.21671774309057784,0.029114209782743115,0.9612762237762238,0.0125,553,10997,443,7,0.04028550406657306,226940,18.911666666666665,0.010792194197126667,0.9625,WithoutSequenceFeatures
0.09516666666666666,0.5177947052947053,0.04833333333333333,0.9839285714285714,0.09214046822742476,0.760691496003996,0.21671774309057784,0.21671774309057784,0.03444290473107177,0.9483391608391608,0.01607142857142857,551,10849,591,9,0.04028550406657306,225980,18.831666666666667,0.0114813016677741,0.95,WithoutSequenceFeatures
0.1075,0.5234140859140859,0.04888888888888889,0.9821428571428571,0.09314140558848434,0.760691496003996,0.21671774309057784,0.21671774309057784,0.04080443192842739,0.9353146853146853,0.017857142857142856,550,10700,740,10,0.04028550406657306,224000,18.666666666666668,0.012100000040496946,0.9375,WithoutSequenceFeatures
0.12,0.52997002997003,0.04954954954954955,0.9821428571428571,0.09433962264150943,0.760691496003996,0.21671774309057784,0.21671774309057784,0.048000024000018,0.9222027972027972,0.017857142857142856,550,10550,890,10,0.04028550406657306,221000,18.416666666666668,0.012579085694413,0.925,WithoutSequenceFeatures
0.13233333333333333,0.5355894105894106,0.05013698630136986,0.9803571428571428,0.09539530842745439,0.760691496003996,0.21671774309057784,0.21671774309057784,0.05313199312890663,0.9091783216783217,0.019642857142857142,549,10401,1039,11,0.04028550406657306,219020,18.251666666666665,0.012995484918410686,0.9125,WithoutSequenceFeatures
0.14433333333333334,0.5393356643356644,0.050555555555555555,0.975,0.09612676056338028,0.760691496003996,0.21671774309057784,0.21671774309057784,0.05531220985858873,0.8963286713286713,0.025,546,10254,1186,14,0.04028550406657306,219080,18.256666666666668,0.013452302510592677,0.9,WithoutSequenceFeatures
0.15633333333333332,0.5430819180819181,0.050985915492957744,0.9696428571428571,0.09687778768956289,0.760691496003996,0.21671774309057784,0.21671774309057784,0.057516223660566614,0.883479020979021,0.030357142857142857,543,10107,1333,17,0.04028550406657306,219140,18.261666666666667,0.013863404439150509,0.8875,WithoutSequenceFeatures
0.16816666666666666,0.5458916083916084,0.051333333333333335,0.9625,0.09746835443037975,0.760691496003996,0.21671774309057784,0.21671774309057784,0.05853694070049635,0.8707167832167833,0.0375,539,9961,1479,21,0.04028550406657306,220220,18.351666666666667,0.01430579363343312,0.875,WithoutSequenceFeatures
0.18016666666666667,0.5496378621378621,0.05178743961352657,0.9571428571428572,0.0982584784601283,0.760691496003996,0.21671774309057784,0.21671774309057784,0.060804811002901395,0.8578671328671329,0.04285714285714286,536,9814,1626,24,0.04028550406657306,220280,18.356666666666666,0.014715699497635877,0.8625,WithoutSequenceFeatures
0.18975,0.5529657842157842,0.052194311406509625,0.9535714285714286,0.09897136502641089,0.760691496003996,0.21671774309057784,0.21671774309057784,0.06302450878751689,0.8476398601398601,0.04642857142857143,534,9697,1743,26,0.04028550406657306,219940,18.328333333333333,0.015,0.8525833333333334,WithoutSequenceFeatures
0.19233333333333333,0.5543206793206793,0.05235294117647059,0.9535714285714286,0.09925650557620819,0.760691496003996,0.21671774309057784,0.21671774309057784,0.0641749997196636,0.8449300699300699,0.04642857142857143,534,9666,1774,26,0.04028550406657306,219320,18.276666666666667,0.015095443347503288,0.85,WithoutSequenceFeatures
0.20433333333333334,0.558066933066933,0.05283582089552239,0.9482142857142857,0.1000942507068803,0.760691496003996,0.21671774309057784,0.21671774309057784,0.06639961683731452,0.8320804195804196,0.05178571428571429,531,9519,1921,29,0.04028550406657306,219380,18.281666666666666,0.015458837318540251,0.8375,WithoutSequenceFeatures
0.216,0.5599400599400599,0.05313131313131313,0.9392857142857143,0.1005736137667304,0.760691496003996,0.21671774309057784,0.21671774309057784,0.06654676521769855,0.8194055944055944,0.060714285714285714,526,9374,2066,34,0.04028550406657306,221480,18.456666666666667,0.015833015356092453,0.825,WithoutSequenceFeatures
0.2285,0.566496003996004,0.05394871794871795,0.9392857142857143,0.10203685741998061,0.760691496003996,0.21671774309057784,0.21671774309057784,0.071868569757144,0.8062937062937063,0.060714285714285714,526,9224,2216,34,0.04028550406657306,218480,18.206666666666667,0.016200935976210636,0.8125,WithoutSequenceFeatures
0.24066666666666667,0.5711788211788211,0.05458333333333333,0.9357142857142857,0.10314960629921259,0.760691496003996,0.21671774309057784,0.21671774309057784,0.07506657052237041,0.7933566433566434,0.06428571428571428,524,9076,2364,36,0.04028550406657306,217520,18.126666666666665,0.01655920568951996,0.8,WithoutSequenceFeatures
0.25283333333333335,0.5758616383616384,0.05523809523809524,0.9321428571428572,0.1042957042957043,0.760691496003996,0.21671774309057784,0.21671774309057784,0.07822998459464496,0.7804195804195804,0.06785714285714285,522,8928,2512,38,0.04028550406657306,216560,18.046666666666667,0.01687568884233548,0.7875,WithoutSequenceFeatures
0.26516666666666666,0.581481018981019,0.05602150537634409,0.9303571428571429,0.10567951318458418,0.760691496003996,0.21671774309057784,0.21671774309057784,0.08231331959005296,0.7673951048951049,0.06964285714285715,521,8779,2661,39,0.04028550406657306,214580,17.881666666666668,0.017213461259014285,0.775,WithoutSequenceFeatures
0.277,0.5842907092907093,0.056502732240437156,0.9232142857142858,0.10648815653964985,0.760691496003996,0.21671774309057784,0.21671774309057784,0.08355717582806674,0.7546328671328671,0.07678571428571429,517,8633,2807,43,0.04028550406657306,215660,17.971666666666668,0.01755076526470373,0.7625,WithoutSequenceFeatures
0.289,0.5880369630369631,0.05711111111111111,0.9178571428571428,0.10753138075313808,0.760691496003996,0.21671774309057784,0.21671774309057784,0.08576699456071289,0.7417832167832168,0.08214285714285714,514,8486,2954,46,0.04028550406657306,215720,17.976666666666667,0.017832007909436773,0.75,WithoutSequenceFeatures
0.30033333333333334,0.5880369630369631,0.05728813559322034,0.9053571428571429,0.1077577045696068,0.760691496003996,0.21671774309057784,0.21671774309057784,0.08440635802209653,0.7292832167832168,0.09464285714285714,507,8343,3097,53,0.04028550406657306,219860,18.321666666666665,0.01817133426885624,0.7375,WithoutSequenceFeatures
0.3125,0.5927197802197802,0.058045977011494256,0.9017857142857143,0.10907127429805616,0.760691496003996,0.21671774309057784,0.21671774309057784,0.0875977232674285,0.7163461538461539,0.09821428571428571,505,8195,3245,55,0.04028550406657306,218900,18.241666666666667,0.01851197015441644,0.725,WithoutSequenceFeatures
0.32466666666666666,0.5974025974025974,0.05883040935672515,0.8982142857142857,0.11042810098792537,0.760691496003996,0.21671774309057784,0.21671774309057784,0.09078517910640062,0.7034090909090909,0.10178571428571428,503,8047,3393,57,0.04028550406657306,217940,18.161666666666665,0.01889287703952403,0.7125,WithoutSequenceFeatures
0.3363333333333333,0.5992757242757243,0.05928571428571429,0.8892857142857142,0.11116071428571428,0.760691496003996,0.21671774309057784,0.21671774309057784,0.09138800402863993,0.6907342657342658,0.11071428571428571,498,7902,3538,62,0.04028550406657306,220040,18.336666666666666,0.019270360445815392,0.7,WithoutSequenceFeatures
0.3481666666666667,0.6020854145854145,0.05987878787878788,0.8821428571428571,0.11214528944381384,0.760691496003996,0.21671774309057784,0.21671774309057784,0.09290906940417455,0.6779720279720279,0.11785714285714285,494,7756,3684,66,0.04028550406657306,221120,18.426666666666666,0.019628305036892005,0.6875,WithoutSequenceFeatures
0.3606666666666667,0.6086413586413586,0.060987654320987655,0.8821428571428571,0.11408775981524251,0.760691496003996,0.21671774309057784,0.21671774309057784,0.09784922642991437,0.6648601398601398,0.11785714285714285,494,7606,3834,66,0.04028550406657306,218120,18.176666666666666,0.01995324735170882,0.675,WithoutSequenceFeatures
0.37233333333333335,0.6105144855144855,0.06150943396226415,0.8732142857142857,0.11492361927144536,0.760691496003996,0.21671774309057784,0.21671774309057784,0.09859278889667751,0.6521853146853147,0.12678571428571428,489,7461,3979,71,0.04028550406657306,220220,18.351666666666667,0.02029948820666679,0.6625,WithoutSequenceFeatures
0.3845,0.6151973026973028,0.06243589743589743,0.8696428571428572,0.11650717703349284,0.760691496003996,0.21671774309057784,0.21671774309057784,0.10188432797545309,0.6392482517482517,0.13035714285714287,487,7313,4127,73,0.04028550406657306,219260,18.27166666666667,0.02066735980513386,0.65,WithoutSequenceFeatures
0.39666666666666667,0.6198801198801199,0.06339869281045751,0.8660714285714286,0.11814859926918392,0.760691496003996,0.21671774309057784,0.21671774309057784,0.10519832960401782,0.6263111888111889,0.13392857142857142,485,7165,4275,75,0.04028550406657306,218300,18.191666666666666,0.021076377350917674,0.6375,WithoutSequenceFeatures
0.4088333333333333,0.6245629370629371,0.0644,0.8625,0.11985111662531017,0.760691496003996,0.21671774309057784,0.21671774309057784,0.10853978892961687,0.6133741258741259,0.1375,483,7017,4423,77,0.04028550406657306,217340,18.111666666666668,0.021469281193879194,0.625,WithoutSequenceFeatures
0.421,0.6292457542457542,0.0654421768707483,0.8589285714285714,0.1216182048040455,0.760691496003996,0.21671774309057784,0.21671774309057784,0.11191367589583555,0.6004370629370629,0.14107142857142857,481,6869,4571,79,0.04028550406657306,216380,18.031666666666666,0.02189727756814941,0.6125,WithoutSequenceFeatures
0.433,0.6329920079920079,0.06638888888888889,0.8535714285714285,0.12319587628865979,0.760691496003996,0.21671774309057784,0.21671774309057784,0.11451851237677546,0.5875874125874125,0.14642857142857144,478,6722,4718,82,0.04028550406657306,216440,18.036666666666665,0.0222999882754233,0.6,WithoutSequenceFeatures
0.44483333333333336,0.6358016983016983,0.06723404255319149,0.8464285714285714,0.12457293035479632,0.760691496003996,0.21671774309057784,0.21671774309057784,0.11637107992289865,0.5748251748251748,0.15357142857142858,474,6576,4864,86,0.04028550406657306,217520,18.126666666666665,0.022642544338919074,0.5875,WithoutSequenceFeatures
0.45666666666666667,0.6386113886113887,0.06811594202898551,0.8392857142857143,0.1260053619302949,0.760691496003996,0.21671774309057784,0.21671774309057784,0.11828408162364248,0.5620629370629371,0.16071428571428573,470,6430,5010,90,0.04028550406657306,218600,18.216666666666665,0.023084771400235553,0.575,WithoutSequenceFeatures
0.469,0.6442307692307693,0.06948148148148148,0.8375,0.1283173734610123,0.760691496003996,0.21671774309057784,0.21671774309057784,0.12264882813437332,0.5490384615384616,0.1625,469,6281,5159,91,0.04028550406657306,216620,18.051666666666666,0.023581063322364277,0.5625,WithoutSequenceFeatures
0.481,0.647977022977023,0.0706060606060606,0.8321428571428572,0.13016759776536313,0.760691496003996,0.21671774309057784,0.21671774309057784,0.1254765183348963,0.5361888111888112,0.16785714285714284,466,6134,5306,94,0.04028550406657306,216680,18.05666666666667,0.02409808730180917,0.55,WithoutSequenceFeatures
0.49333333333333335,0.6535964035964036,0.07209302325581396,0.8303571428571429,0.1326676176890157,0.760691496003996,0.21671774309057784,0.21671774309057784,0.1299546187509877,0.5231643356643356,0.16964285714285715,465,5985,5455,95,0.04028550406657306,214700,17.891666666666666,0.02460630388629041,0.5375,WithoutSequenceFeatures
0.501,0.6550699300699301,0.07273299748110831,0.825,0.13368055555555555,0.760691496003996,0.21671774309057784,0.21671774309057784,0.1310575435848285,0.5148601398601399,0.175,462,5890,5550,98,0.04028550406657306,215800,17.983333333333334,0.025,0.5293333333333333,WithoutSequenceFeatures
0.5048333333333334,0.654532967032967,0.07285714285714286,0.8196428571428571,0.1338192419825073,0.760691496003996,0.21671774309057784,0.21671774309057784,0.13054206006971272,0.510576923076923,0.18035714285714285,459,5841,5599,101,0.04028550406657306,217820,18.151666666666667,0.025147571230696834,0.525,WithoutSequenceFeatures
0.5168333333333334,0.6582792207792207,0.07414634146341463,0.8142857142857143,0.13591654247391952,0.760691496003996,0.21671774309057784,0.21671774309057784,0.13358122874570724,0.49772727272727274,0.18571428571428572,456,5694,5746,104,0.04028550406657306,217880,18.156666666666666,0.025651596890608502,0.5125,WithoutSequenceFeatures
0.5285,0.6601523476523476,0.07516666666666667,0.8053571428571429,0.1375,0.760691496003996,0.21671774309057784,0.21671774309057784,0.13511982694026672,0.48505244755244753,0.19464285714285715,451,5549,5891,109,0.04028550406657306,219980,18.331666666666667,0.02622463482091878,0.5,WithoutSequenceFeatures
0.5403333333333333,0.662962037962038,0.07641025641025641,0.7982142857142858,0.13946957878315133,0.760691496003996,0.21671774309057784,0.21671774309057784,0.1375333361050477,0.4722902097902098,0.2017857142857143,447,5403,6037,113,0.04028550406657306,221060,18.421666666666667,0.026775100642321737,0.4875,WithoutSequenceFeatures
0.5523333333333333,0.6667082917082917,0.07789473684210527,0.7928571428571428,0.14185303514376998,0.760691496003996,0.21671774309057784,0.21671774309057784,0.14082719207520525,0.45944055944055945,0.20714285714285716,444,5256,6184,116,0.04028550406657306,221120,18.426666666666666,0.02731750289631358,0.475,WithoutSequenceFeatures
0.5643333333333334,0.6704545454545454,0.07945945945945945,0.7875,0.1443535188216039,0.760691496003996,0.21671774309057784,0.21671774309057784,0.1442179305651205,0.4465909090909091,0.2125,441,5109,6331,119,0.04028550406657306,221180,18.43166666666667,0.027938695232002018,0.4625,WithoutSequenceFeatures
0.5761666666666667,0.6732642357642358,0.08092592592592593,0.7803571428571429,0.14664429530201342,0.760691496003996,0.21671774309057784,0.21671774309057784,0.14691870817693553,0.4338286713286713,0.21964285714285714,437,4963,6477,123,0.04028550406657306,222260,18.52166666666667,0.028661571236843864,0.45,WithoutSequenceFeatures
0.5878333333333333,0.6751373626373627,0.08228571428571428,0.7714285714285715,0.14870912220309812,0.760691496003996,0.21671774309057784,0.21671774309057784,0.14893071987745332,0.42115384615384616,0.22857142857142856,432,4818,6622,128,0.04028550406657306,224360,18.696666666666665,0.029279674533139285,0.4375,WithoutSequenceFeatures
0.5991666666666666,0.6751373626373627,0.08333333333333333,0.7589285714285714,0.15017667844522967,0.760691496003996,0.21671774309057784,0.21671774309057784,0.14945353556500773,0.40865384615384615,0.24107142857142858,425,4675,6765,135,0.04028550406657306,228500,19.041666666666668,0.029910347365873325,0.425,WithoutSequenceFeatures
0.6108333333333333,0.6770104895104896,0.08484848484848485,0.75,0.15245009074410165,0.760691496003996,0.21671774309057784,0.21671774309057784,0.15168368348570926,0.395979020979021,0.25,420,4530,6910,140,0.04028550406657306,230600,19.216666666666665,0.030698729747896107,0.4125,WithoutSequenceFeatures
0.6225,0.6788836163836164,0.08645833333333333,0.7410714285714286,0.15485074626865672,0.760691496003996,0.21671774309057784,0.21671774309057784,0.1540354638307332,0.3833041958041958,0.25892857142857145,415,4385,7055,145,0.04028550406657306,232700,19.391666666666666,0.03149660263890327,0.4,WithoutSequenceFeatures
0.6345,0.6826298701298701,0.08860215053763441,0.7357142857142858,0.15815738963531673,0.760691496003996,0.21671774309057784,0.21671774309057784,0.1581388898528111,0.3704545454545455,0.2642857142857143,412,4238,7202,148,0.04028550406657306,232760,19.39666666666667,0.03227064579640529,0.3875,WithoutSequenceFeatures
0.6458333333333334,0.6826298701298701,0.09,0.7232142857142857,0.1600790513833992,0.760691496003996,0.21671774309057784,0.21671774309057784,0.15913728452086684,0.35795454545454547,0.2767857142857143,405,4095,7345,155,0.04028550406657306,236900,19.741666666666667,0.032959549119653535,0.375,WithoutSequenceFeatures
0.658,0.6873126873126874,0.09264367816091953,0.7196428571428571,0.16415478615071283,0.760691496003996,0.21671774309057784,0.21671774309057784,0.16437239000627782,0.34501748251748254,0.28035714285714286,403,3947,7493,157,0.04028550406657306,235940,19.661666666666665,0.03375729125815441,0.3625,WithoutSequenceFeatures
0.6696666666666666,0.6891858141858143,0.09476190476190476,0.7107142857142857,0.16722689075630254,0.760691496003996,0.21671774309057784,0.21671774309057784,0.16732222968326443,0.33234265734265733,0.2892857142857143,398,3802,7638,162,0.04028550406657306,238040,19.836666666666666,0.03473236335912415,0.35,WithoutSequenceFeatures
0.6728333333333333,0.6882992007992008,0.09504331087584215,0.7053571428571429,0.16751484308736217,0.760691496003996,0.21671774309057784,0.21671774309057784,0.16694712182232394,0.32875874125874127,0.29464285714285715,395,3761,7679,165,0.04028550406657306,240220,20.018333333333334,0.034999999999999996,0.3463333333333333,WithoutSequenceFeatures
0.6815,0.6919955044955045,0.09728395061728395,0.7035714285714286,0.17093275488069415,0.760691496003996,0.21671774309057784,0.21671774309057784,0.17128408240524481,0.3195804195804196,0.29642857142857143,394,3656,7784,166,0.04028550406657306,239120,19.926666666666666,0.035570944309118106,0.3375,WithoutSequenceFeatures
0.693,0.6929320679320679,0.09948717948717949,0.6928571428571428,0.17399103139013453,0.760691496003996,0.21671774309057784,0.21671774309057784,0.17376672969450307,0.30699300699300697,0.30714285714285716,388,3512,7928,172,0.04028550406657306,242240,20.186666666666667,0.03657240928881506,0.325,WithoutSequenceFeatures
0.7046666666666667,0.6948051948051948,0.10213333333333334,0.6839285714285714,0.17772621809744782,0.760691496003996,0.21671774309057784,0.21671774309057784,0.17729437097310372,0.2943181818181818,0.31607142857142856,383,3367,8073,177,0.04028550406657306,244340,20.361666666666668,0.0376913968054885,0.3125,WithoutSequenceFeatures
0.716,0.6948051948051948,0.10444444444444445,0.6714285714285714,0.18076923076923077,0.760691496003996,0.21671774309057784,0.21671774309057784,0.1793274041316708,0.2818181818181818,0.32857142857142857,376,3224,8216,184,0.04028550406657306,248480,20.706666666666667,0.03870623891042141,0.3,WithoutSequenceFeatures
0.7273333333333334,0.6948051948051948,0.10695652173913044,0.6589285714285714,0.18403990024937655,0.760691496003996,0.21671774309057784,0.21671774309057784,0.18157035821280124,0.26931818181818185,0.3410714285714286,369,3081,8359,191,0.04028550406657306,252620,21.051666666666666,0.039957486710995326,0.2875,WithoutSequenceFeatures
0.7388333333333333,0.6957417582417582,0.11,0.6482142857142857,0.18808290155440416,0.760691496003996,0.21671774309057784,0.21671774309057784,0.1849285268979046,0.2567307692307692,0.3517857142857143,363,2937,8503,197,0.04028550406657306,255740,21.311666666666667,0.041391260784873776,0.275,WithoutSequenceFeatures
0.7503333333333333,0.6966783216783217,0.11333333333333333,0.6375,0.19245283018867926,0.760691496003996,0.21671774309057784,0.21671774309057784,0.1885673955812795,0.24414335664335665,0.3625,357,2793,8647,203,0.04028550406657306,258860,21.571666666666665,0.042846716418854874,0.2625,WithoutSequenceFeatures
0.7621666666666667,0.699488011988012,0.11766666666666667,0.6303571428571428,0.19831460674157303,0.760691496003996,0.21671774309057784,0.21671774309057784,0.19434436001523242,0.23138111888111887,0.36964285714285716,353,2647,8793,207,0.04028550406657306,259940,21.661666666666665,0.044448549356899195,0.25,WithoutSequenceFeatures
0.7665,0.6992132867132868,0.11896668932698844,0.625,0.19988577955454026,0.760691496003996,0.21671774309057784,0.21671774309057784,0.19535198555640232,0.22657342657342658,0.375,350,2592,8848,210,0.04028550406657306,261840,21.82,0.045,0.24516666666666667,WithoutSequenceFeatures
0.7736666666666666,0.7004245754245755,0.12175438596491228,0.6196428571428572,0.20351906158357772,0.760691496003996,0.21671774309057784,0.21671774309057784,0.19868039585784758,0.21879370629370629,0.38035714285714284,347,2503,8937,213,0.04028550406657306,263060,21.921666666666667,0.046078562236147216,0.2375,WithoutSequenceFeatures
0.7848333333333334,0.699488011988012,0.12555555555555556,0.6053571428571428,0.2079754601226994,0.760691496003996,0.21671774309057784,0.21671774309057784,0.20152571347909518,0.20638111888111887,0.39464285714285713,339,2361,9079,221,0.04028550406657306,268220,22.351666666666667,0.04819881290008545,0.225,WithoutSequenceFeatures
0.7958333333333333,0.6976148851148851,0.12941176470588237,0.5892857142857143,0.2122186495176849,0.760691496003996,0.21671774309057784,0.21671774309057784,0.2037842808576554,0.19405594405594406,0.4107142857142857,330,2220,9220,230,0.04028550406657306,274400,22.866666666666667,0.05035027770335906,0.2125,WithoutSequenceFeatures
0.8075,0.699488011988012,0.13541666666666666,0.5803571428571429,0.2195945945945946,0.760691496003996,0.21671774309057784,0.21671774309057784,0.21038394106927497,0.18138111888111888,0.41964285714285715,325,2075,9365,235,0.04028550406657306,276500,23.041666666666668,0.05276750789148165,0.2,WithoutSequenceFeatures
0.8165833333333333,0.6991570929070929,0.13997367266344887,0.5696428571428571,0.22472701655512503,0.760691496003996,0.21671774309057784,0.21671774309057784,0.21419294666882907,0.17132867132867133,0.4303571428571429,319,1960,9480,241,0.04028550406657306,280200,23.35,0.055,0.18991666666666668,WithoutSequenceFeatures
0.8188333333333333,0.699488011988012,0.14133333333333334,0.5678571428571428,0.22633451957295375,0.760691496003996,0.21671774309057784,0.21671774309057784,0.21560570927143197,0.16888111888111887,0.43214285714285716,318,1932,9508,242,0.04028550406657306,280640,23.386666666666667,0.05567022814164995,0.1875,WithoutSequenceFeatures
0.8301666666666667,0.699488011988012,0.14809523809523809,0.5553571428571429,0.23383458646616542,0.760691496003996,0.21671774309057784,0.21671774309057784,0.221475952990153,0.15638111888111889,0.4446428571428571,311,1789,9651,249,0.04028550406657306,284780,23.731666666666666,0.05864877271620935,0.175,WithoutSequenceFeatures
0.8413333333333334,0.6985514485514486,0.15538461538461537,0.5410714285714285,0.24143426294820716,0.760691496003996,0.21671774309057784,0.21671774309057784,0.22704385112113998,0.14396853146853147,0.4589285714285714,303,1647,9793,257,0.04028550406657306,289940,24.161666666666665,0.062488127502172176,0.1625,WithoutSequenceFeatures
0.8489166666666667,0.6991321178821179,0.1615343057806591,0.5339285714285714,0.24802986312733308,0.760691496003996,0.21671774309057784,0.21671774309057784,0.2325752510917015,0.13566433566433567,0.4660714285714286,299,1552,9888,261,0.04028550406657306,292040,24.336666666666666,0.065,0.15425,WithoutSequenceFeatures
0.8526666666666667,0.6985514485514486,0.16444444444444445,0.5285714285714286,0.25084745762711863,0.760691496003996,0.21671774309057784,0.21671774309057784,0.23457068863049457,0.13146853146853146,0.4714285714285714,296,1504,9936,264,0.04028550406657306,294080,24.506666666666668,0.06652066521754238,0.15,WithoutSequenceFeatures
0.864,0.6985514485514486,0.17515151515151514,0.5160714285714286,0.26153846153846155,0.760691496003996,0.21671774309057784,0.21671774309057784,0.24321924401160558,0.11896853146853147,0.48392857142857143,289,1361,10079,271,0.04028550406657306,298220,24.851666666666667,0.07120099575459174,0.1375,WithoutSequenceFeatures
0.8721666666666666,0.6977397602397603,0.18376623376623377,0.5053571428571428,0.2695238095238095,0.760691496003996,0.21671774309057784,0.21671774309057784,0.24940480825338593,0.10987762237762237,0.49464285714285716,283,1257,10183,277,0.04028550406657306,302140,25.178333333333335,0.07500000000000001,0.12833333333333333,WithoutSequenceFeatures
0.8746666666666667,0.6948051948051948,0.18533333333333332,0.49642857142857144,0.2699029126213592,0.760691496003996,0.21671774309057784,0.21671774309057784,0.2484833401163927,0.10681818181818181,0.5035714285714286,278,1222,10218,282,0.04028550406657306,306440,25.536666666666665,0.07647268344056064,0.125,WithoutSequenceFeatures
0.8856666666666667,0.692932067932068,0.19925925925925925,0.48035714285714287,0.281675392670157,0.760691496003996,0.21671774309057784,0.21671774309057784,0.2575726537842766,0.09449300699300699,0.5196428571428572,269,1081,10359,291,0.04028550406657306,312620,26.051666666666666,0.08441308271770183,0.1125,WithoutSequenceFeatures
0.8864166666666666,0.6933254245754246,0.20059656972408652,0.48035714285714287,0.283008942661757,0.760691496003996,0.21671774309057784,0.21671774309057784,0.2588531021352947,0.0937062937062937,0.5196428571428572,269,1072,10368,291,0.04028550406657306,312440,26.036666666666665,0.085,0.11175,WithoutSequenceFeatures
0.8956666666666667,0.6854395604395604,0.21166666666666667,0.45357142857142857,0.2886363636363637,0.760691496003996,0.21671774309057784,0.21671774309057784,0.2607575607619183,0.08269230769230769,0.5464285714285714,254,946,10494,306,0.04028550406657306,324920,27.076666666666668,0.09213006124954946,0.1,WithoutSequenceFeatures
0.89825,0.6816995504495504,0.2143474503025065,0.44285714285714284,0.28887594641817127,0.760691496003996,0.21671774309057784,0.21671774309057784,0.25968655545910907,0.07945804195804196,0.5571428571428572,248,909,10531,312,0.04028550406657306,330180,27.515,0.095,0.09641666666666666,WithoutSequenceFeatures
0.9058333333333334,0.6788836163836164,0.22857142857142856,0.42857142857142855,0.2981366459627329,0.760691496003996,0.21671774309057784,0.21671774309057784,0.2670581759900307,0.07080419580419581,0.5714285714285714,240,810,10630,320,0.04028550406657306,336200,28.016666666666666,0.10430840879193222,0.0875,WithoutSequenceFeatures
0.9065,0.6792332667332667,0.23032629558541268,0.42857142857142855,0.299625468164794,0.760691496003996,0.21671774309057784,0.21671774309057784,0.26850732271269756,0.0701048951048951,0.5714285714285714,240,802,10638,320,0.04028550406657306,336040,28.003333333333334,0.10500000000000001,0.08683333333333333,WithoutSequenceFeatures
0.9131666666666667,0.6742382617382617,0.24416135881104034,0.4107142857142857,0.30625832223701727,0.760691496003996,0.21671774309057784,0.21671774309057784,0.2732856368514803,0.062237762237762236,0.5892857142857143,230,712,10728,330,0.04028550406657306,344240,28.686666666666667,0.115,0.0785,WithoutSequenceFeatures
0.9156666666666666,0.6704545454545454,0.24888888888888888,0.4,0.3068493150684932,0.760691496003996,0.21671774309057784,0.21671774309057784,0.2730001365001024,0.05909090909090909,0.6,224,676,10764,336,0.04028550406657306,349520,29.126666666666665,0.11933914816571364,0.075,WithoutSequenceFeatures
0.9186666666666666,0.6677822177822178,0.25644028103044497,0.39107142857142857,0.30975954738330974,0.760691496003996,0.21671774309057784,0.21671774309057784,0.275292574573388,0.05550699300699301,0.6089285714285714,219,635,10805,341,0.04028550406657306,353700,29.475,0.125,0.07116666666666667,WithoutSequenceFeatures
0.9236666666666666,0.6661588411588412,0.2729591836734694,0.3821428571428571,0.31845238095238093,0.760691496003996,0.21671774309057784,0.21671774309057784,0.2836504287660439,0.049825174825174824,0.6178571428571429,214,570,10870,346,0.04028550406657306,357400,29.783333333333335,0.135,0.06533333333333333,WithoutSequenceFeatures
0.9263333333333333,0.6667082917082917,0.284,0.38035714285714284,0.32519083969465645,0.760691496003996,0.21671774309057784,0.21671774309057784,0.29052755533040303,0.04694055944055944,0.6196428571428572,213,537,10903,347,0.04028550406657306,357740,29.811666666666667,0.14104106247220066,0.0625,WithoutSequenceFeatures
0.92725,0.6663399100899101,0.2876526458616011,0.37857142857142856,0.32690824980724753,0.760691496003996,0.21671774309057784,0.21671774309057784,0.2922622327717175,0.04589160839160839,0.6214285714285714,212,525,10915,348,0.04028550406657306,358500,29.875,0.14500000000000002,0.06141666666666667,WithoutSequenceFeatures
0.9305833333333333,0.6587475024975025,0.29777777777777775,0.35892857142857143,0.3255060728744939,0.760691496003996,0.21671774309057784,0.21671774309057784,0.2906517425920804,0.04143356643356643,0.6410714285714286,201,474,10966,359,0.04028550406657306,368480,30.706666666666667,0.155,0.05625,WithoutSequenceFeatures
0.9328333333333333,0.6505869130869131,0.3035143769968051,0.3392857142857143,0.3204047217537943,0.760691496003996,0.21671774309057784,0.21671774309057784,0.2856804185839134,0.03811188811188811,0.6607142857142857,190,436,11004,370,0.04028550406657306,378720,31.56,0.165,0.05216666666666667,WithoutSequenceFeatures
0.9338333333333333,0.6451673326673326,0.305,0.3267857142857143,0.31551724137931036,0.760691496003996,0.21671774309057784,0.21671774309057784,0.28098159122716443,0.03645104895104895,0.6732142857142858,183,417,11023,377,0.04028550406657306,385340,32.111666666666665,0.17111660399584006,0.05,WithoutSequenceFeatures
0.9349166666666666,0.6448863636363636,0.3111111111111111,0.325,0.3179039301310044,0.760691496003996,0.21671774309057784,0.21671774309057784,0.28382369067609864,0.035227272727272725,0.675,182,403,11037,378,0.04028550406657306,386060,32.17166666666667,0.17500000000000002,0.04875,WithoutSequenceFeatures
0.9366666666666666,0.639010989010989,0.3175182481751825,0.3107142857142857,0.3140794223826715,0.760691496003996,0.21671774309057784,0.21671774309057784,0.28090224210697395,0.032692307692307694,0.6892857142857143,174,374,11066,386,0.04028550406657306,393480,32.79,0.185,0.04566666666666667,WithoutSequenceFeatures
0.9378333333333333,0.6311313686313686,0.31906614785992216,0.29285714285714287,0.30540037243947854,0.760691496003996,0.21671774309057784,0.21671774309057784,0.27319808445238297,0.030594405594405596,0.7071428571428572,164,350,11090,396,0.04028550406657306,403000,33.583333333333336,0.195,0.042833333333333334,WithoutSequenceFeatures
0.94025,0.6290022477522477,0.33542976939203356,0.2857142857142857,0.30858244937319196,0.760691496003996,0.21671774309057784,0.21671774309057784,0.27854305113306665,0.02770979020979021,0.7142857142857143,160,317,11123,400,0.04028550406657306,406340,33.861666666666665,0.20500000000000002,0.03975,WithoutSequenceFeatures
0.941,0.6217532467532467,0.33555555555555555,0.26964285714285713,0.299009900990099,0.760691496003996,0.21671774309057784,0.21671774309057784,0.27034623369690036,0.026136363636363635,0.7303571428571428,151,299,11141,409,0.04028550406657306,414980,34.58166666666666,0.21336289740707726,0.0375,WithoutSequenceFeatures
0.9414166666666667,0.6219717782217782,0.3393258426966292,0.26964285714285713,0.3004975124378109,0.760691496003996,0.21671774309057784,0.21671774309057784,0.2722898147263833,0.0256993006993007,0.7303571428571428,151,294,11146,409,0.04028550406657306,414880,34.57333333333333,0.215,0.037083333333333336,WithoutSequenceFeatures
0.9426666666666667,0.6183816183816184,0.3476190476190476,0.26071428571428573,0.29795918367346935,0.760691496003996,0.21671774309057784,0.21671774309057784,0.27173299113729865,0.02395104895104895,0.7392857142857143,146,274,11166,414,0.04028550406657306,419480,34.95666666666666,0.225,0.035,WithoutSequenceFeatures
0.94275,0.6099338161838161,0.3408521303258145,0.24285714285714285,0.28362877997914493,0.760691496003996,0.21671774309057784,0.21671774309057784,0.2586629130404702,0.02298951048951049,0.7571428571428571,136,263,11177,424,0.04028550406657306,429260,35.77166666666667,0.23500000000000001,0.03325,WithoutSequenceFeatures
0.94325,0.6034028471528472,0.3395225464190981,0.22857142857142856,0.2732123799359658,0.760691496003996,0.21671774309057784,0.21671774309057784,0.25005740759173234,0.021765734265734266,0.7714285714285715,128,249,11191,432,0.04028550406657306,436980,36.415,0.245,0.03141666666666667,WithoutSequenceFeatures
0.9438333333333333,0.6020104895104895,0.3442622950819672,0.225,0.27213822894168466,0.760691496003996,0.21671774309057784,0.21671774309057784,0.25025155257958365,0.02097902097902098,0.775,126,240,11200,434,0.04028550406657306,438800,36.56666666666667,0.255,0.0305,WithoutSequenceFeatures
0.9446666666666667,0.6007492507492507,0.3522727272727273,0.22142857142857142,0.2719298245614035,0.760691496003996,0.21671774309057784,0.21671774309057784,0.25187312687312685,0.01993006993006993,0.7785714285714286,124,228,11212,436,0.04028550406657306,440560,36.71333333333333,0.265,0.029333333333333333,WithoutSequenceFeatures
0.94525,0.5976585914085913,0.3560830860534125,0.21428571428571427,0.26755852842809363,0.760691496003996,0.21671774309057784,0.21671774309057784,0.24936034437088148,0.018968531468531467,0.7857142857142857,120,217,11223,440,0.04028550406657306,444340,37.028333333333336,0.275,0.02808333333333333,WithoutSequenceFeatures
0.9458333333333333,0.594567932067932,0.36024844720496896,0.20714285714285716,0.2630385487528345,0.760691496003996,0.21671774309057784,0.21671774309057784,0.24687024181387962,0.018006993006993006,0.7928571428571428,116,206,11234,444,0.04028550406657306,448120,37.343333333333334,0.28500000000000003,0.026833333333333334,WithoutSequenceFeatures
0.9455833333333333,0.5876436063936065,0.34951456310679613,0.19285714285714287,0.24856156501726123,0.760691496003996,0.21671774309057784,0.21671774309057784,0.23342759267441235,0.01756993006993007,0.8071428571428572,108,201,11239,452,0.04028550406657306,456020,38.001666666666665,0.295,0.02575,WithoutSequenceFeatures
0.946,0.5861638361638362,0.35333333333333333,0.18928571428571428,0.24651162790697675,0.760691496003996,0.21671774309057784,0.21671774309057784,0.23281367667807212,0.01695804195804196,0.8107142857142857,106,194,11246,454,0.04028550406657306,457880,38.156666666666666,0.29899864625808975,0.025,WithoutSequenceFeatures
0.9466666666666667,0.5848151848151848,0.3611111111111111,0.18571428571428572,0.2452830188679245,0.760691496003996,0.21671774309057784,0.21671774309057784,0.23377542672991408,0.016083916083916083,0.8142857142857143,104,184,11256,456,0.04028550406657306,459680,38.306666666666665,0.305,0.024,WithoutSequenceFeatures
0.9468333333333333,0.5806568431568432,0.358695652173913,0.1767857142857143,0.23684210526315794,0.760691496003996,0.21671774309057784,0.21671774309057784,0.22697906127394243,0.015472027972027971,0.8232142857142857,99,177,11263,461,0.04028550406657306,464540,38.711666666666666,0.315,0.023,WithoutSequenceFeatures
0.9469166666666666,0.5764547952047953,0.35471698113207545,0.16785714285714284,0.22787878787878788,0.760691496003996,0.21671774309057784,0.21671774309057784,0.21947106282124149,0.014947552447552448,0.8321428571428572,94,171,11269,466,0.04028550406657306,469420,39.11833333333333,0.325,0.022083333333333333,WithoutSequenceFeatures
0.9475833333333333,0.5717095404595405,0.35918367346938773,0.15714285714285714,0.2186335403726708,0.760691496003996,0.21671774309057784,0.21671774309057784,0.21390434277020687,0.013723776223776223,0.8428571428571429,88,157,11283,472,0.04028550406657306,475140,39.595,0.335,0.020416666666666666,WithoutSequenceFeatures
0.9478333333333333,0.5633491508491508,0.35135135135135137,0.1392857142857143,0.19948849104859337,0.760691496003996,0.21671774309057784,0.21671774309057784,0.1983195631086269,0.012587412587412588,0.8607142857142858,78,144,11296,482,0.04028550406657306,484880,40.406666666666666,0.34500000000000003,0.0185,WithoutSequenceFeatures
0.9478333333333333,0.5599525474525475,0.34579439252336447,0.13214285714285715,0.19121447028423771,0.760691496003996,0.21671774309057784,0.21671774309057784,0.19109730301695932,0.012237762237762238,0.8678571428571429,74,140,11300,486,0.04028550406657306,488800,40.733333333333334,0.35500000000000004,0.017833333333333333,WithoutSequenceFeatures
0.9483333333333334,0.5585164835164835,0.35294117647058826,0.12857142857142856,0.18848167539267013,0.760691496003996,0.21671774309057784,0.21671774309057784,0.19095576551505053,0.011538461538461539,0.8714285714285714,72,132,11308,488,0.04028550406657306,490640,40.88666666666666,0.365,0.017,WithoutSequenceFeatures
0.9495,0.5574300699300699,0.3763440860215054,0.125,0.1876675603217158,0.760691496003996,0.21671774309057784,0.21671774309057784,0.1961197862001285,0.01013986013986014,0.875,70,116,11324,490,0.04028550406657306,492320,41.026666666666664,0.375,0.0155,WithoutSequenceFeatures
0.9500833333333333,0.5560377122877123,0.38857142857142857,0.12142857142857143,0.18503401360544217,0.760691496003996,0.21671774309057784,0.21671774309057784,0.1971958720300975,0.009353146853146853,0.8785714285714286,68,107,11333,492,0.04028550406657306,494140,41.178333333333335,0.385,0.014583333333333334,WithoutSequenceFeatures
0.9504166666666667,0.5528159340659341,0.39263803680981596,0.11428571428571428,0.17704011065006917,0.760691496003996,0.21671774309057784,0.21671774309057784,0.19248077570016767,0.008653846153846154,0.8857142857142857,64,99,11341,496,0.04028550406657306,497980,41.498333333333335,0.395,0.013583333333333333,WithoutSequenceFeatures
0.9509166666666666,0.5513798701298701,0.40522875816993464,0.11071428571428571,0.1739130434782609,0.760691496003996,0.21671774309057784,0.21671774309057784,0.1931879855511773,0.007954545454545454,0.8892857142857142,62,91,11349,498,0.04028550406657306,499820,41.651666666666664,0.405,0.01275,WithoutSequenceFeatures
0.951,0.5505744255744256,0.4066666666666667,0.10892857142857143,0.17183098591549298,0.760691496003996,0.21671774309057784,0.21671774309057784,0.1920273883777419,0.0077797202797202794,0.8910714285714286,61,89,11351,499,0.04028550406657306,500780,41.73166666666667,0.40641220707607356,0.0125,WithoutSequenceFeatures
0.951,0.5463286713286714,0.4,0.1,0.16000000000000003,0.760691496003996,0.21671774309057784,0.21671774309057784,0.18200382037091,0.0073426573426573424,0.9,56,84,11356,504,0.04028550406657306,505680,42.14,0.41500000000000004,0.011666666666666667,WithoutSequenceFeatures
0.9513333333333334,0.5448051948051948,0.4090909090909091,0.09642857142857143,0.15606936416184972,0.760691496003996,0.21671774309057784,0.21671774309057784,0.18121312795451747,0.006818181818181818,0.9035714285714286,54,78,11362,506,0.04028550406657306,507560,42.29666666666667,0.425,0.011,WithoutSequenceFeatures
0.9518333333333333,0.54251998001998,0.425,0.09107142857142857,0.15,0.760691496003996,0.21671774309057784,0.21671774309057784,0.18027322570899657,0.006031468531468531,0.9089285714285714,51,69,11371,509,0.04028550406657306,510380,42.531666666666666,0.435,0.01,WithoutSequenceFeatures
0.9518333333333333,0.5357267732267732,0.41346153846153844,0.07678571428571429,0.12951807228915663,0.760691496003996,0.21671774309057784,0.21671774309057784,0.1625974264168661,0.0053321678321678325,0.9232142857142858,43,61,11379,517,0.04028550406657306,518220,43.185,0.445,0.008666666666666666,WithoutSequenceFeatures
0.95225,0.5333978521478522,0.43010752688172044,0.07142857142857142,0.12251148545176109,0.760691496003996,0.21671774309057784,0.21671774309057784,0.1606619034800924,0.004632867132867133,0.9285714285714286,40,53,11387,520,0.04028550406657306,521060,43.42166666666667,0.455,0.00775,WithoutSequenceFeatures
0.9526666666666667,0.531068931068931,0.45121951219512196,0.06607142857142857,0.11526479750778815,0.760691496003996,0.21671774309057784,0.21671774309057784,0.15909433520442182,0.003933566433566434,0.9339285714285714,37,45,11395,523,0.04028550406657306,523900,43.65833333333333,0.465,0.006833333333333334,WithoutSequenceFeatures
0.9526666666666667,0.5293706293706294,0.44871794871794873,0.0625,0.10971786833855801,0.760691496003996,0.21671774309057784,0.21671774309057784,0.15418013238473133,0.003758741258741259,0.9375,35,43,11397,525,0.04028550406657306,525860,43.821666666666665,0.47500000000000003,0.0065,WithoutSequenceFeatures
0.9528333333333333,0.5252122877122877,0.45454545454545453,0.05357142857142857,0.09584664536741214,0.760691496003996,0.21671774309057784,0.21671774309057784,0.14380841223775903,0.003146853146853147,0.9464285714285714,30,36,11404,530,0.04028550406657306,530720,44.22666666666667,0.485,0.0055,WithoutSequenceFeatures
0.9528333333333333,0.5226648351648352,0.45,0.048214285714285716,0.08709677419354839,0.760691496003996,0.21671774309057784,0.21671774309057784,0.13555383151782485,0.0028846153846153848,0.9517857142857142,27,33,11407,533,0.04028550406657306,533660,44.471666666666664,0.495,0.005,WithoutSequenceFeatures
0.9528333333333333,0.5209665334665334,0.44642857142857145,0.044642857142857144,0.08116883116883118,0.760691496003996,0.21671774309057784,0.21671774309057784,0.12977610702072268,0.0027097902097902096,0.9553571428571429,25,31,11409,535,0.04028550406657306,535620,44.635,0.505,0.004666666666666667,WithoutSequenceFeatures
0.9529166666666666,0.5167644855144855,0.4444444444444444,0.03571428571428571,0.06611570247933884,0.760691496003996,0.21671774309057784,0.21671774309057784,0.11570342213687015,0.0021853146853146855,0.9642857142857143,20,25,11415,540,0.04028550406657306,540500,45.041666666666664,0.515,0.00375,WithoutSequenceFeatures
0.9529166666666666,0.5142170329670329,0.4358974358974359,0.030357142857142857,0.056761268781302165,0.760691496003996,0.21671774309057784,0.21671774309057784,0.10537314520311798,0.0019230769230769232,0.9696428571428571,17,22,11418,543,0.04028550406657306,543440,45.28666666666667,0.525,0.00325,WithoutSequenceFeatures
0.9530833333333333,0.5134552947052947,0.45714285714285713,0.02857142857142857,0.05378151260504201,0.760691496003996,0.21671774309057784,0.21671774309057784,0.10525430359039256,0.001660839160839161,0.9714285714285714,16,19,11421,544,0.04028550406657306,544380,45.365,0.535,0.002916666666666667,WithoutSequenceFeatures
0.9531666666666667,0.5118006993006993,0.4666666666666667,0.025,0.04745762711864407,0.760691496003996,0.21671774309057784,0.21671774309057784,0.09968666405323516,0.0013986013986013986,0.975,14,16,11424,546,0.04028550406657306,546320,45.526666666666664,0.545,0.0025,WithoutSequenceFeatures
0.9530833333333333,0.5109078421578421,0.4482758620689655,0.023214285714285715,0.044142614601018676,0.760691496003996,0.21671774309057784,0.21671774309057784,0.09371554861190663,0.0013986013986013986,0.9767857142857143,13,16,11424,547,0.04028550406657306,547320,45.61,0.555,0.002416666666666667,WithoutSequenceFeatures
0.9533333333333334,0.5101898101898101,0.5,0.02142857142857143,0.0410958904109589,0.760691496003996,0.21671774309057784,0.21671774309057784,0.0962147379061125,0.001048951048951049,0.9785714285714285,12,12,11428,548,0.04028550406657306,548240,45.68666666666667,0.5650000000000001,0.002,WithoutSequenceFeatures
0.9533333333333334,0.5084915084915085,0.5,0.017857142857142856,0.03448275862068965,0.760691496003996,0.21671774309057784,0.21671774309057784,0.0878169729239375,0.0008741258741258741,0.9821428571428571,10,10,11430,550,0.04028550406657306,550200,45.85,0.5750000000000001,0.0016666666666666668,WithoutSequenceFeatures
0.9531666666666667,0.5058566433566434,0.4375,0.0125,0.024305555555555556,0.760691496003996,0.21671774309057784,0.21671774309057784,0.06770564942253977,0.0007867132867132868,0.9875,7,9,11431,553,0.04028550406657306,553180,46.098333333333336,0.585,0.0013333333333333333,WithoutSequenceFeatures
0.95325,0.5059003496503497,0.4666666666666667,0.0125,0.02434782608695652,0.760691496003996,0.21671774309057784,0.21671774309057784,0.07044499149923908,0.0006993006993006993,0.9875,7,8,11432,553,0.04028550406657306,553160,46.096666666666664,0.595,0.00125,WithoutSequenceFeatures
0.9531666666666667,0.5050074925074926,0.42857142857142855,0.010714285714285714,0.020905923344947733,0.760691496003996,0.21671774309057784,0.21671774309057784,0.061880836386219856,0.0006993006993006993,0.9892857142857143,6,8,11432,554,0.04028550406657306,554160,46.18,0.605,0.0011666666666666668,WithoutSequenceFeatures
0.9531666666666667,0.5033091908091908,0.4,0.007142857142857143,0.014035087719298246,0.760691496003996,0.21671774309057784,0.21671774309057784,0.04837814805780351,0.0005244755244755245,0.9928571428571429,4,6,11434,556,0.04028550406657306,556120,46.343333333333334,0.615,0.0008333333333333334,WithoutSequenceFeatures
0.9533333333333334,0.5033966033966034,0.5,0.007142857142857143,0.014084507042253521,0.760691496003996,0.21671774309057784,0.21671774309057784,0.05551253468594805,0.00034965034965034965,0.9928571428571429,4,4,11436,556,0.04028550406657306,556080,46.34,0.625,0.0006666666666666666,WithoutSequenceFeatures
0.9534166666666667,0.5034403096903097,0.5714285714285714,0.007142857142857143,0.014109347442680775,0.760691496003996,0.21671774309057784,0.21671774309057784,0.06010652539876919,0.00026223776223776224,0.9928571428571429,4,3,11437,556,0.04028550406657306,556060,46.33833333333333,0.635,0.0005833333333333334,WithoutSequenceFeatures
0.9534166666666667,0.5025911588411589,0.6,0.005357142857142857,0.010619469026548672,0.760691496003996,0.21671774309057784,0.21671774309057784,0.053560661195763234,0.00017482517482517483,0.9946428571428572,3,2,11438,557,0.04028550406657306,557040,46.42,0.645,0.0004166666666666667,WithoutSequenceFeatures
0.9534166666666667,0.501742007992008,0.6666666666666666,0.0035714285714285713,0.007104795737122558,0.760691496003996,0.21671774309057784,0.21671774309057784,0.04648257810843555,8.741258741258741e-05,0.9964285714285714,2,1,11439,558,0.04028550406657306,558020,46.501666666666665,0.655,0.00025,WithoutSequenceFeatures
0.9535,0.5017857142857143,1.0,0.0035714285714285713,0.0071174377224199285,0.760691496003996,0.21671774309057784,0.21671774309057784,0.058355200793689756,0.0,0.9964285714285714,2,0,11440,558,0.04028550406657306,558000,46.5,0.665,0.00016666666666666666,WithoutSequenceFeatures
0.9535,0.5017857142857143,1.0,0.0035714285714285713,0.0071174377224199285,0.760691496003996,0.21671774309057784,0.21671774309057784,0.058355200793689756,0.0,0.9964285714285714,2,0,11440,558,0.04028550406657306,558000,46.5,0.675,0.00016666666666666666,WithoutSequenceFeatures
0.9535,0.5017857142857143,1.0,0.0035714285714285713,0.0071174377224199285,0.760691496003996,0.21671774309057784,0.21671774309057784,0.058355200793689756,0.0,0.9964285714285714,2,0,11440,558,0.04028550406657306,558000,46.5,0.685,0.00016666666666666666,WithoutSequenceFeatures
0.9535,0.5017857142857143,1.0,0.0035714285714285713,0.0071174377224199285,0.760691496003996,0.21671774309057784,0.21671774309057784,0.058355200793689756,0.0,0.9964285714285714,2,0,11440,558,0.04028550406657306,558000,46.5,0.6950000000000001,0.00016666666666666666,WithoutSequenceFeatures
0.9535,0.5017857142857143,1.0,0.0035714285714285713,0.0071174377224199285,0.760691496003996,0.21671774309057784,0.21671774309057784,0.058355200793689756,0.0,0.9964285714285714,2,0,11440,558,0.04028550406657306,558000,46.5,0.7050000000000001,0.00016666666666666666,WithoutSequenceFeatures
0.9534166666666667,0.5008928571428571,1.0,0.0017857142857142857,0.0035650623885918,0.760691496003996,0.21671774309057784,0.21671774309057784,0.04126163871301518,0.0,0.9982142857142857,1,0,11440,559,0.04028550406657306,559000,46.583333333333336,0.715,8.333333333333333e-05,WithoutSequenceFeatures
0.9534166666666667,0.5008928571428571,1.0,0.0017857142857142857,0.0035650623885918,0.760691496003996,0.21671774309057784,0.21671774309057784,0.04126163871301518,0.0,0.9982142857142857,1,0,11440,559,0.04028550406657306,559000,46.583333333333336,0.7193881449612572,8.333333333333333e-05,WithoutSequenceFeatures
0.9533333333333334,0.5,0.0,0.0,0.0,0.760691496003996,0.21671774309057784,0.21671774309057784,0.0,0.0,1.0,0,0,11440,560,0.04028550406657306,560000,46.666666666666664,0.725,0.0,WithoutSequenceFeatures
0.9533333333333334,0.5,0.0,0.0,0.0,0.760691496003996,0.21671774309057784,0.21671774309057784,0.0,0.0,1.0,0,0,11440,560,0.04028550406657306,560000,46.666666666666664,0.735,0.0,WithoutSequenceFeatures
0.9533333333333334,0.5,0.0,0.0,0.0,0.760691496003996,0.21671774309057784,0.21671774309057784,0.0,0.0,1.0,0,0,11440,560,0.04028550406657306,560000,46.666666666666664,0.745,0.0,WithoutSequenceFeatures
0.9533333333333334,0.5,0.0,0.0,0.0,0.760691496003996,0.21671774309057784,0.21671774309057784,0.0,0.0,1.0,0,0,11440,560,0.04028550406657306,560000,46.666666666666664,0.755,0.0,WithoutSequenceFeatures
0.9533333333333334,0.5,0.0,0.0,0.0,0.760691496003996,0.21671774309057784,0.21671774309057784,0.0,0.0,1.0,0,0,11440,560,0.04028550406657306,560000,46.666666666666664,0.765,0.0,WithoutSequenceFeatures
0.9533333333333334,0.5,0.0,0.0,0.0,0.760691496003996,0.21671774309057784,0.21671774309057784,0.0,0.0,1.0,0,0,11440,560,0.04028550406657306,560000,46.666666666666664,0.775,0.0,WithoutSequenceFeatures
0.9533333333333334,0.5,0.0,0.0,0.0,0.760691496003996,0.21671774309057784,0.21671774309057784,0.0,0.0,1.0,0,0,11440,560,0.04028550406657306,560000,46.666666666666664,0.785,0.0,WithoutSequenceFeatures
0.9533333333333334,0.5,0.0,0.0,0.0,0.760691496003996,0.21671774309057784,0.21671774309057784,0.0,0.0,1.0,0,0,11440,560,0.04028550406657306,560000,46.666666666666664,0.795,0.0,WithoutSequenceFeatures
0.9533333333333334,0.5,0.0,0.0,0.0,0.760691496003996,0.21671774309057784,0.21671774309057784,0.0,0.0,1.0,0,0,11440,560,0.04028550406657306,560000,46.666666666666664,0.805,0.0,WithoutSequenceFeatures
0.9533333333333334,0.5,0.0,0.0,0.0,0.760691496003996,0.21671774309057784,0.21671774309057784,0.0,0.0,1.0,0,0,11440,560,0.04028550406657306,560000,46.666666666666664,0.8150000000000001,0.0,WithoutSequenceFeatures
0.9533333333333334,0.5,0.0,0.0,0.0,0.760691496003996,0.21671774309057784,0.21671774309057784,0.0,0.0,1.0,0,0,11440,560,0.04028550406657306,560000,46.666666666666664,0.8250000000000001,0.0,WithoutSequenceFeatures
0.9533333333333334,0.5,0.0,0.0,0.0,0.760691496003996,0.21671774309057784,0.21671774309057784,0.0,0.0,1.0,0,0,11440,560,0.04028550406657306,560000,46.666666666666664,0.8350000000000001,0.0,WithoutSequenceFeatures
0.9533333333333334,0.5,0.0,0.0,0.0,0.760691496003996,0.21671774309057784,0.21671774309057784,0.0,0.0,1.0,0,0,11440,560,0.04028550406657306,560000,46.666666666666664,0.845,0.0,WithoutSequenceFeatures
0.9533333333333334,0.5,0.0,0.0,0.0,0.760691496003996,0.21671774309057784,0.21671774309057784,0.0,0.0,1.0,0,0,11440,560,0.04028550406657306,560000,46.666666666666664,0.855,0.0,WithoutSequenceFeatures
0.9533333333333334,0.5,0.0,0.0,0.0,0.760691496003996,0.21671774309057784,0.21671774309057784,0.0,0.0,1.0,0,0,11440,560,0.04028550406657306,560000,46.666666666666664,0.865,0.0,WithoutSequenceFeatures
0.9533333333333334,0.5,0.0,0.0,0.0,0.760691496003996,0.21671774309057784,0.21671774309057784,0.0,0.0,1.0,0,0,11440,560,0.04028550406657306,560000,46.666666666666664,0.875,0.0,WithoutSequenceFeatures
0.9533333333333334,0.5,0.0,0.0,0.0,0.760691496003996,0.21671774309057784,0.21671774309057784,0.0,0.0,1.0,0,0,11440,560,0.04028550406657306,560000,46.666666666666664,0.885,0.0,WithoutSequenceFeatures
0.9533333333333334,0.5,0.0,0.0,0.0,0.760691496003996,0.21671774309057784,0.21671774309057784,0.0,0.0,1.0,0,0,11440,560,0.04028550406657306,560000,46.666666666666664,0.895,0.0,WithoutSequenceFeatures
0.9533333333333334,0.5,0.0,0.0,0.0,0.760691496003996,0.21671774309057784,0.21671774309057784,0.0,0.0,1.0,0,0,11440,560,0.04028550406657306,560000,46.666666666666664,0.905,0.0,WithoutSequenceFeatures
0.9533333333333334,0.5,0.0,0.0,0.0,0.760691496003996,0.21671774309057784,0.21671774309057784,0.0,0.0,1.0,0,0,11440,560,0.04028550406657306,560000,46.666666666666664,0.915,0.0,WithoutSequenceFeatures
0.9533333333333334,0.5,0.0,0.0,0.0,0.760691496003996,0.21671774309057784,0.21671774309057784,0.0,0.0,1.0,0,0,11440,560,0.04028550406657306,560000,46.666666666666664,0.925,0.0,WithoutSequenceFeatures
0.9533333333333334,0.5,0.0,0.0,0.0,0.760691496003996,0.21671774309057784,0.21671774309057784,0.0,0.0,1.0,0,0,11440,560,0.04028550406657306,560000,46.666666666666664,0.935,0.0,WithoutSequenceFeatures
0.9533333333333334,0.5,0.0,0.0,0.0,0.760691496003996,0.21671774309057784,0.21671774309057784,0.0,0.0,1.0,0,0,11440,560,0.04028550406657306,560000,46.666666666666664,0.9450000000000001,0.0,WithoutSequenceFeatures
0.9533333333333334,0.5,0.0,0.0,0.0,0.760691496003996,0.21671774309057784,0.21671774309057784,0.0,0.0,1.0,0,0,11440,560,0.04028550406657306,560000,46.666666666666664,0.9550000000000001,0.0,WithoutSequenceFeatures
0.9533333333333334,0.5,0.0,0.0,0.0,0.760691496003996,0.21671774309057784,0.21671774309057784,0.0,0.0,1.0,0,0,11440,560,0.04028550406657306,560000,46.666666666666664,0.965,0.0,WithoutSequenceFeatures
0.9533333333333334,0.5,0.0,0.0,0.0,0.760691496003996,0.21671774309057784,0.21671774309057784,0.0,0.0,1.0,0,0,11440,560,0.04028550406657306,560000,46.666666666666664,0.975,0.0,WithoutSequenceFeatures
0.9533333333333334,0.5,0.0,0.0,0.0,0.760691496003996,0.21671774309057784,0.21671774309057784,0.0,0.0,1.0,0,0,11440,560,0.04028550406657306,560000,46.666666666666664,0.985,0.0,WithoutSequenceFeatures
0.9533333333333334,0.5,0.0,0.0,0.0,0.760691496003996,0.21671774309057784,0.21671774309057784,0.0,0.0,1.0,0,0,11440,560,0.04028550406657306,560000,46.666666666666664,0.995,0.0,WithoutSequenceFeatures
0.9533333333333334,0.5,0.0,0.0,0.0,0.760691496003996,0.21671774309057784,0.21671774309057784,0.0,0.0,1.0,0,0,11440,560,0.04028550406657306,560000,46.666666666666664,1.000001,0.0,WithoutSequenceFeatures
